frame,x,y,z,rx,ry,rz
frame_000000.png,0.0,0.0,0.0,0.0,0.0,0.0
frame_000001.png,0.06287399679422379,-0.01438901573419571,0.12462827563285828,-0.009966800920665264,0.01329689659178257,-0.027547910809516907
frame_000002.png,0.11640018969774246,-0.016783133149147034,0.3540762662887573,-0.025760404765605927,0.027747567743062973,-0.0663839727640152
frame_000003.png,0.16301356256008148,-0.018822617828845978,0.6524841785430908,-0.045145705342292786,0.042680371552705765,-0.11124152690172195
frame_000004.png,0.2074562907218933,-0.02670518308877945,0.9952634572982788,-0.06467556208372116,0.06075045466423035,-0.15694543719291687
frame_000005.png,0.2502064108848572,-0.03815266862511635,1.3702483177185059,-0.07860548049211502,0.0779065191745758,-0.20402689278125763
frame_000006.png,0.3004593849182129,-0.0453917533159256,1.7529067993164062,-0.09584555774927139,0.09470720589160919,-0.25251495838165283
frame_000007.png,0.37679579854011536,-0.03756671026349068,2.1359663009643555,-0.11470891535282135,0.11598901450634003,-0.2978065013885498
frame_000008.png,0.4648062586784363,-0.020348042249679565,2.540825605392456,-0.14253491163253784,0.13257279992103577,-0.340878963470459
frame_000009.png,0.555216372013092,-0.006012920290231705,2.9766128063201904,-0.16909417510032654,0.15356770157814026,-0.39214643836021423
frame_000010.png,0.6659865379333496,0.004737567156553268,3.439711809158325,-0.1835191696882248,0.17916801571846008,-0.4400348961353302
frame_000011.png,0.7973659634590149,0.012407105416059494,3.905757188796997,-0.17451755702495575,0.19784487783908844,-0.4683990180492401
frame_000012.png,0.9533577561378479,0.018618419766426086,4.373904705047607,-0.17097492516040802,0.21775363385677338,-0.47952765226364136
frame_000013.png,1.1328978538513184,0.04045727103948593,4.7952656745910645,-0.15963254868984222,0.2408129721879959,-0.4879707992076874
frame_000014.png,1.3486883640289307,0.0717286691069603,5.1709418296813965,-0.147817924618721,0.2571078836917877,-0.47337833046913147
frame_000015.png,1.5856432914733887,0.11469531059265137,5.515913963317871,-0.13543947041034698,0.27698516845703125,-0.41757142543792725
frame_000016.png,1.824668049812317,0.16975057125091553,5.869250774383545,-0.12636904418468475,0.3064882755279541,-0.361400842666626
frame_000017.png,2.059204339981079,0.22589817643165588,6.231683254241943,-0.14368437230587006,0.341858446598053,-0.3059386610984802
frame_000018.png,2.2922136783599854,0.28202342987060547,6.6039018630981445,-0.16673222184181213,0.3792136311531067,-0.23394879698753357
frame_000019.png,2.5280120372772217,0.3268144130706787,6.96995210647583,-0.17111507058143616,0.4105069935321808,-0.13273124396800995
frame_000020.png,2.7658350467681885,0.37279680371284485,7.330626964569092,-0.16976860165596008,0.4376990497112274,-0.03544805943965912
frame_000021.png,2.9924936294555664,0.42494431138038635,7.694826126098633,-0.1805807501077652,0.45794257521629333,0.042664140462875366
frame_000022.png,3.207334280014038,0.4797893166542053,8.056869506835938,-0.19983412325382233,0.47236165404319763,0.09926019608974457
frame_000023.png,3.411525249481201,0.5334897637367249,8.418107032775879,-0.22079241275787354,0.48443230986595154,0.13631199300289154
frame_000024.png,3.6105897426605225,0.583165168762207,8.780759811401367,-0.24147650599479675,0.4976208209991455,0.16086611151695251
frame_000025.png,3.8049070835113525,0.6268311142921448,9.137168884277344,-0.2579324543476105,0.511319100856781,0.18534249067306519
frame_000026.png,4.003185272216797,0.672458291053772,9.496053695678711,-0.26571178436279297,0.5301876664161682,0.21431347727775574
frame_000027.png,4.192391395568848,0.7254047393798828,9.85344409942627,-0.26892179250717163,0.5516824126243591,0.2368311882019043
frame_000028.png,4.374643325805664,0.7816433310508728,10.200329780578613,-0.26687300205230713,0.5797700881958008,0.2457769513130188
frame_000029.png,4.550734996795654,0.8358632326126099,10.539785385131836,-0.2816501259803772,0.6099383234977722,0.2471131831407547
frame_000030.png,4.714938640594482,0.8984416723251343,10.888838768005371,-0.3096156418323517,0.6389495134353638,0.2370542734861374
frame_000031.png,4.871587753295898,0.9591990113258362,11.232254981994629,-0.33478087186813354,0.6696786880493164,0.2101524919271469
frame_000032.png,5.03547477722168,1.0204554796218872,11.559767723083496,-0.3487735986709595,0.7003232836723328,0.17578379809856415
frame_000033.png,5.206301212310791,1.0810731649398804,11.883017539978027,-0.3602967858314514,0.7290917634963989,0.1479138433933258
frame_000034.png,5.376685619354248,1.142438530921936,12.211799621582031,-0.3754896819591522,0.7563267946243286,0.12191108614206314
frame_000035.png,5.5333571434021,1.1962491273880005,12.55472469329834,-0.3990743160247803,0.7813077569007874,0.0995602160692215
frame_000036.png,5.665987014770508,1.2309054136276245,12.924546241760254,-0.42715704441070557,0.8048297166824341,0.08167670667171478
frame_000037.png,5.771215915679932,1.2389488220214844,13.332590103149414,-0.45800191164016724,0.8312580585479736,0.06585989892482758
frame_000038.png,5.854145526885986,1.2246886491775513,13.769691467285156,-0.4831490218639374,0.8587857484817505,0.052196796983480453
frame_000039.png,5.923470497131348,1.1956952810287476,14.222241401672363,-0.5010493397712708,0.8844332098960876,0.03886815533041954
frame_000040.png,5.987262725830078,1.1594771146774292,14.681148529052734,-0.512849748134613,0.906882107257843,0.02474541962146759
frame_000041.png,6.0447845458984375,1.1214258670806885,15.145201683044434,-0.5201224088668823,0.9282050132751465,0.0016724951565265656
frame_000042.png,6.100368022918701,1.0862154960632324,15.612495422363281,-0.5247092843055725,0.9487438201904297,-0.027932599186897278
frame_000043.png,6.154816150665283,1.0540281534194946,16.079465866088867,-0.529371976852417,0.9681963324546814,-0.06167861074209213
frame_000044.png,6.2113938331604,1.0287092924118042,16.531997680664062,-0.5345636010169983,0.9856685400009155,-0.09914771467447281
frame_000045.png,6.280559539794922,1.0129342079162598,16.9679012298584,-0.5380635261535645,1.0038739442825317,-0.13716164231300354
frame_000046.png,6.366670608520508,1.0078204870224,17.37852668762207,-0.5398088097572327,1.0225167274475098,-0.17990410327911377
frame_000047.png,6.478813648223877,1.0147387981414795,17.75832748413086,-0.5431709289550781,1.0414808988571167,-0.229828342795372
frame_000048.png,6.6099748611450195,1.0324106216430664,18.112911224365234,-0.5517667531967163,1.0600107908248901,-0.28684306144714355
frame_000049.png,6.754953384399414,1.0578917264938354,18.447458267211914,-0.5628349184989929,1.0780699253082275,-0.34614676237106323
frame_000050.png,6.9086737632751465,1.0890989303588867,18.767969131469727,-0.5737190246582031,1.0960559844970703,-0.4051496982574463
frame_000051.png,7.067682266235352,1.1247175931930542,19.07879638671875,-0.5832935571670532,1.114836573600769,-0.4636596441268921
frame_000052.png,7.228554725646973,1.1631757020950317,19.38453483581543,-0.5921475887298584,1.133586049079895,-0.5236987471580505
frame_000053.png,7.390847682952881,1.205300211906433,19.688535690307617,-0.600715696811676,1.1520111560821533,-0.5855451822280884
frame_000054.png,7.554637908935547,1.2498658895492554,19.992719650268555,-0.6099831461906433,1.1692286729812622,-0.6499805450439453
frame_000055.png,7.72153377532959,1.296939730644226,20.298206329345703,-0.6193252801895142,1.1872354745864868,-0.7163231372833252
frame_000056.png,7.8933186531066895,1.3467333316802979,20.603919982910156,-0.6286669969558716,1.2060434818267822,-0.785152792930603
frame_000057.png,8.068855285644531,1.3997559547424316,20.911476135253906,-0.6381524801254272,1.2248849868774414,-0.8575195670127869
frame_000058.png,8.244087219238281,1.4518488645553589,21.21974754333496,-0.6500713229179382,1.2428501844406128,-0.9299533367156982
frame_000059.png,8.417455673217773,1.5028163194656372,21.53074073791504,-0.6614589691162109,1.2599375247955322,-1.0036076307296753
frame_000060.png,8.588725090026855,1.552277684211731,21.841928482055664,-0.6724223494529724,1.2765432596206665,-1.075049638748169
frame_000061.png,8.75835132598877,1.6001770496368408,22.155868530273438,-0.6842634677886963,1.293757677078247,-1.1448396444320679
frame_000062.png,8.9234619140625,1.6452196836471558,22.47149085998535,-0.6989325881004333,1.3119415044784546,-1.2147290706634521
frame_000063.png,9.08538818359375,1.6852976083755493,22.78765106201172,-0.7175462245941162,1.3314294815063477,-1.2827430963516235
frame_000064.png,9.244585037231445,1.7224466800689697,23.10806655883789,-0.7428804636001587,1.3522388935089111,-1.349329948425293
frame_000065.png,9.3992919921875,1.7560726404190063,23.42837905883789,-0.7739375829696655,1.3731694221496582,-1.41265869140625
frame_000066.png,9.543807983398438,1.785918951034546,23.751522064208984,-0.80904620885849,1.3923466205596924,-1.4743468761444092
frame_000067.png,9.679316520690918,1.8132342100143433,24.07709503173828,-0.846910834312439,1.412775993347168,-1.5373414754867554
frame_000068.png,9.811711311340332,1.8378686904907227,24.405427932739258,-0.8826462626457214,1.434923529624939,-1.5982304811477661
frame_000069.png,9.940710067749023,1.8608009815216064,24.733551025390625,-0.9146835207939148,1.4598056077957153,-1.6576483249664307
frame_000070.png,10.064586639404297,1.8803882598876953,25.06572723388672,-0.9466517567634583,1.4872223138809204,-1.7189816236495972
frame_000071.png,10.17944622039795,1.8963658809661865,25.40536117553711,-0.9782584309577942,1.5167380571365356,-1.7790836095809937
frame_000072.png,10.285652160644531,1.9089802503585815,25.754379272460938,-1.007960319519043,1.5479202270507812,-1.835775375366211
frame_000073.png,10.377363204956055,1.9163084030151367,26.117237091064453,-1.0399681329727173,1.5799204111099243,-1.8881016969680786
frame_000074.png,10.458597183227539,1.9195818901062012,26.49030113220215,-1.074904441833496,1.6125500202178955,-1.9360390901565552
frame_000075.png,10.531726837158203,1.9187419414520264,26.87520408630371,-1.1123411655426025,1.6461299657821655,-1.9759728908538818
frame_000076.png,10.599411964416504,1.9134751558303833,27.269901275634766,-1.1507536172866821,1.68014657497406,-2.0113563537597656
frame_000077.png,10.663154602050781,1.9080872535705566,27.66846466064453,-1.1883738040924072,1.7151321172714233,-2.0424535274505615
frame_000078.png,10.727829933166504,1.905860185623169,28.060327529907227,-1.2276158332824707,1.750727891921997,-2.072667121887207
frame_000079.png,10.799966812133789,1.910172939300537,28.43961524963379,-1.266283392906189,1.7857340574264526,-2.103943347930908
frame_000080.png,10.882397651672363,1.9217283725738525,28.805923461914062,-1.299405574798584,1.82004976272583,-2.1357884407043457
frame_000081.png,10.992344856262207,1.9420863389968872,29.156450271606445,-1.3229695558547974,1.8576509952545166,-2.1674015522003174
frame_000082.png,11.12265682220459,1.9667754173278809,29.504213333129883,-1.341856837272644,1.897517442703247,-2.198470115661621
frame_000083.png,11.265579223632812,1.993909478187561,29.849451065063477,-1.3605570793151855,1.936956524848938,-2.2319626808166504
frame_000084.png,11.42437744140625,2.0242555141448975,30.181184768676758,-1.375522494316101,1.9699623584747314,-2.2693068981170654
frame_000085.png,11.590272903442383,2.053598403930664,30.49344253540039,-1.3813625574111938,1.9909871816635132,-2.3069305419921875
frame_000086.png,11.750563621520996,2.0806379318237305,30.794498443603516,-1.3808941841125488,1.9995664358139038,-2.347598075866699
frame_000087.png,11.903829574584961,2.103090286254883,31.088472366333008,-1.3716325759887695,2.0006589889526367,-2.3895602226257324
frame_000088.png,12.04561996459961,2.1208555698394775,31.384410858154297,-1.3578630685806274,2.001429557800293,-2.4339568614959717
frame_000089.png,12.181829452514648,2.138531446456909,31.681507110595703,-1.3445647954940796,2.0067906379699707,-2.478043556213379
frame_000090.png,12.320509910583496,2.1586058139801025,31.97850227355957,-1.334731101989746,2.017022132873535,-2.5258750915527344
frame_000091.png,12.460315704345703,2.184582233428955,32.277828216552734,-1.3290659189224243,2.0290005207061768,-2.578768253326416
frame_000092.png,12.605449676513672,2.2158091068267822,32.58429718017578,-1.3243249654769897,2.043156147003174,-2.6375670433044434
frame_000093.png,12.760673522949219,2.253114700317383,32.90227127075195,-1.3163275718688965,2.058469295501709,-2.6975181102752686
frame_000094.png,12.922491073608398,2.2923495769500732,33.229148864746094,-1.3099080324172974,2.075007677078247,-2.7571091651916504
frame_000095.png,13.099458694458008,2.3340229988098145,33.563682556152344,-1.3001205921173096,2.0915942192077637,-2.813836097717285
frame_000096.png,13.284669876098633,2.3729517459869385,33.914512634277344,-1.2931008338928223,2.1070802211761475,-2.865847587585449
frame_000097.png,13.471868515014648,2.4039103984832764,34.267608642578125,-1.2898576259613037,2.123042106628418,-2.9119434356689453
frame_000098.png,13.657342910766602,2.4318933486938477,34.63102340698242,-1.2881669998168945,2.141981840133667,-2.9652624130249023
frame_000099.png,13.8453369140625,2.4625046253204346,34.991458892822266,-1.2868388891220093,2.158993721008301,-3.0196757316589355
frame_000100.png,14.035966873168945,2.5000479221343994,35.34687042236328,-1.2850027084350586,2.173642873764038,-3.07399845123291
frame_000101.png,14.226275444030762,2.546875238418579,35.69242477416992,-1.2811440229415894,2.1867241859436035,-3.1282708644866943
frame_000102.png,14.41794204711914,2.6020896434783936,36.024681091308594,-1.2730200290679932,2.1988046169281006,-3.17734432220459
frame_000103.png,14.606669425964355,2.6643590927124023,36.355831146240234,-1.2663918733596802,2.2118842601776123,-3.227527618408203
frame_000104.png,14.792081832885742,2.7317283153533936,36.68578338623047,-1.2588244676589966,2.2252931594848633,-3.271498203277588
frame_000105.png,14.972668647766113,2.8032960891723633,37.01814651489258,-1.2478766441345215,2.240239143371582,-3.3107380867004395
frame_000106.png,15.148463249206543,2.876133918762207,37.35356903076172,-1.2370052337646484,2.257594585418701,-3.3490474224090576
frame_000107.png,15.323112487792969,2.945913791656494,37.684322357177734,-1.2242114543914795,2.275479793548584,-3.383887529373169
frame_000108.png,15.499120712280273,3.0160937309265137,38.00913619995117,-1.2098100185394287,2.2925214767456055,-3.417743444442749
frame_000109.png,15.670463562011719,3.085216760635376,38.33259201049805,-1.1960965394973755,2.3104100227355957,-3.4511961936950684
frame_000110.png,15.843836784362793,3.153385639190674,38.65582275390625,-1.183984398841858,2.3269097805023193,-3.481299877166748
frame_000111.png,16.018699645996094,3.219660997390747,38.97938537597656,-1.1702028512954712,2.3428282737731934,-3.5104684829711914
frame_000112.png,16.195749282836914,3.2849788665771484,39.29918670654297,-1.1578874588012695,2.355573892593384,-3.5365447998046875
frame_000113.png,16.374839782714844,3.3508150577545166,39.61492156982422,-1.1430305242538452,2.3659651279449463,-3.556260347366333
frame_000114.png,16.558509826660156,3.418069362640381,39.924068450927734,-1.127604603767395,2.374476909637451,-3.5623316764831543
frame_000115.png,16.750417709350586,3.4880404472351074,40.22437286376953,-1.107534646987915,2.3839640617370605,-3.559833526611328
frame_000116.png,16.942928314208984,3.562483549118042,40.53139114379883,-1.0851647853851318,2.395747661590576,-3.540865421295166
frame_000117.png,17.143049240112305,3.6471498012542725,40.864376068115234,-1.0710723400115967,2.4108080863952637,-3.499758243560791
frame_000118.png,17.352245330810547,3.7277638912200928,41.20485305786133,-1.063631296157837,2.4237892627716064,-3.4173264503479004
frame_000119.png,17.586925506591797,3.8047988414764404,41.52992248535156,-1.0499541759490967,2.426168203353882,-3.295539617538452
frame_000120.png,17.847766876220703,3.881025552749634,41.792049407958984,-1.0420621633529663,2.4269018173217773,-3.1618783473968506
frame_000121.png,18.134552001953125,3.9685018062591553,42.023101806640625,-1.0340979099273682,2.4376466274261475,-3.046748161315918
frame_000122.png,18.41603660583496,4.065255641937256,42.273136138916016,-1.0263209342956543,2.446237087249756,-2.939779043197632
frame_000123.png,18.67096710205078,4.153275012969971,42.55118942260742,-1.0683341026306152,2.449615001678467,-2.821580410003662
frame_000124.png,18.944955825805664,4.254370212554932,42.81168746948242,-1.1116293668746948,2.4530158042907715,-2.710253953933716
frame_000125.png,19.194835662841797,4.34067440032959,43.027523040771484,-1.149774193763733,2.4669241905212402,-2.5902392864227295
frame_000126.png,19.40924644470215,4.417529106140137,43.26778030395508,-1.2207040786743164,2.487431287765503,-2.455353021621704
frame_000127.png,19.61971664428711,4.503419876098633,43.477142333984375,-1.2760082483291626,2.5073678493499756,-2.338728189468384
frame_000128.png,19.804758071899414,4.574092864990234,43.64748001098633,-1.3542861938476562,2.526841402053833,-2.2250771522521973
frame_000129.png,19.979541778564453,4.628958702087402,43.75049591064453,-1.4194082021713257,2.551450252532959,-2.1043660640716553
frame_000130.png,20.17414093017578,4.6672749519348145,43.80051040649414,-1.486741304397583,2.5764687061309814,-1.964510440826416
frame_000131.png,20.364511489868164,4.691170692443848,43.81732940673828,-1.5701026916503906,2.602572202682495,-1.8201905488967896
frame_000132.png,20.57761573791504,4.722183704376221,43.832122802734375,-1.6323820352554321,2.632040023803711,-1.6798471212387085
frame_000133.png,20.812837600708008,4.760054111480713,43.832218170166016,-1.6912847757339478,2.658257484436035,-1.5480141639709473
frame_000134.png,21.062788009643555,4.804050922393799,43.82114028930664,-1.7517589330673218,2.678936004638672,-1.4191480875015259
frame_000135.png,21.306610107421875,4.854644298553467,43.828819274902344,-1.8077454566955566,2.6969990730285645,-1.2921969890594482
frame_000136.png,21.559415817260742,4.910542964935303,43.85554122924805,-1.8728094100952148,2.7214252948760986,-1.1744493246078491
frame_000137.png,21.82088851928711,4.983709812164307,43.89609909057617,-1.9479260444641113,2.748391628265381,-1.0730663537979126
frame_000138.png,22.096784591674805,5.0632758140563965,43.9716682434082,-2.0153419971466064,2.771354913711548,-0.9620934128761292
frame_000139.png,22.352401733398438,5.161984443664551,44.06656265258789,-2.067153215408325,2.782550573348999,-0.8726767897605896
frame_000140.png,22.599069595336914,5.281099796295166,44.21162414550781,-2.117539167404175,2.7850492000579834,-0.7917337417602539
frame_000141.png,22.86192512512207,5.402256488800049,44.34355163574219,-2.144680976867676,2.7759077548980713,-0.709522008895874
frame_000142.png,23.134654998779297,5.5282135009765625,44.442440032958984,-2.1625163555145264,2.7619974613189697,-0.615379810333252
frame_000143.png,23.403854370117188,5.655071258544922,44.5681266784668,-2.1652188301086426,2.7463810443878174,-0.5074775218963623
frame_000144.png,23.665712356567383,5.781907558441162,44.70448684692383,-2.149503707885742,2.7424511909484863,-0.38676100969314575
frame_000145.png,23.95175552368164,5.902676582336426,44.840179443359375,-2.121265172958374,2.7382190227508545,-0.29662445187568665
frame_000146.png,24.25005531311035,6.039306640625,45.037635803222656,-2.1399693489074707,2.741257667541504,-0.2523375153541565
frame_000147.png,24.498374938964844,6.161777973175049,45.31573486328125,-2.173255443572998,2.7394320964813232,-0.2365759313106537
frame_000148.png,24.743181228637695,6.2876973152160645,45.63142013549805,-2.207336187362671,2.738312244415283,-0.21189101040363312
frame_000149.png,24.973268508911133,6.399634838104248,45.966548919677734,-2.239168405532837,2.7415761947631836,-0.19194285571575165
frame_000150.png,25.19571876525879,6.497869491577148,46.31256866455078,-2.2645349502563477,2.749206781387329,-0.17812533676624298
frame_000151.png,25.423559188842773,6.584563732147217,46.65648651123047,-2.2744994163513184,2.7533721923828125,-0.1666010469198227
frame_000152.png,25.667091369628906,6.659734725952148,46.97672653198242,-2.2710883617401123,2.7539193630218506,-0.1492801308631897
frame_000153.png,25.91504669189453,6.736087322235107,47.28144073486328,-2.259281873703003,2.752805471420288,-0.13443337380886078
frame_000154.png,26.164094924926758,6.8166399002075195,47.57353973388672,-2.2468044757843018,2.7502706050872803,-0.1181323379278183
frame_000155.png,26.401199340820312,6.911949157714844,47.86954116821289,-2.266089916229248,2.743823289871216,-0.10537151247262955
frame_000156.png,26.627466201782227,7.013567924499512,48.1802864074707,-2.3045732975006104,2.737269401550293,-0.08953918516635895
frame_000157.png,26.83492660522461,7.122490882873535,48.528968811035156,-2.352271556854248,2.733367919921875,-0.07928173989057541
frame_000158.png,27.009830474853516,7.234142780303955,48.889530181884766,-2.4122798442840576,2.728140115737915,-0.08167711645364761
frame_000159.png,27.205636978149414,7.3470234870910645,49.215328216552734,-2.4653756618499756,2.733386278152466,-0.07151749730110168
frame_000160.png,27.424814224243164,7.450370788574219,49.48271560668945,-2.4847424030303955,2.743054151535034,-0.02289140224456787
frame_000161.png,27.645856857299805,7.548505783081055,49.72064971923828,-2.4833521842956543,2.7488455772399902,0.03469057381153107
frame_000162.png,27.8690242767334,7.655141830444336,49.95152282714844,-2.4830002784729004,2.7488865852355957,0.11254194378852844
frame_000163.png,28.08742904663086,7.775781631469727,50.23954391479492,-2.4669549465179443,2.759319305419922,0.16865989565849304
frame_000164.png,28.2946834564209,7.889519214630127,50.56211853027344,-2.463263750076294,2.77443528175354,0.21178939938545227
frame_000165.png,28.490358352661133,7.999093532562256,50.89688491821289,-2.4479856491088867,2.7894067764282227,0.27707356214523315
frame_000166.png,28.70417022705078,8.105644226074219,51.239410400390625,-2.4312314987182617,2.793379545211792,0.350797563791275
frame_000167.png,28.93001937866211,8.20847225189209,51.579933166503906,-2.408524513244629,2.7822539806365967,0.41759178042411804
frame_000168.png,29.16791343688965,8.313769340515137,51.91099166870117,-2.3985793590545654,2.7641727924346924,0.48341935873031616
frame_000169.png,29.431041717529297,8.414939880371094,52.220252990722656,-2.384521007537842,2.745872735977173,0.5533197522163391
frame_000170.png,29.713909149169922,8.51060962677002,52.49580764770508,-2.370105266571045,2.7291812896728516,0.6309636235237122
frame_000171.png,30.009380340576172,8.602645874023438,52.74390411376953,-2.358851432800293,2.714676856994629,0.7157450318336487
frame_000172.png,30.310503005981445,8.691888809204102,52.97264862060547,-2.3486480712890625,2.700103282928467,0.8000359535217285
frame_000173.png,30.608091354370117,8.780363082885742,53.18779373168945,-2.3353071212768555,2.68019962310791,0.880363941192627
frame_000174.png,30.895065307617188,8.869744300842285,53.39529037475586,-2.3209853172302246,2.652963161468506,0.9565684795379639
frame_000175.png,31.17144012451172,8.963225364685059,53.593143463134766,-2.3140757083892822,2.6207709312438965,1.0298025608062744
frame_000176.png,31.447208404541016,9.065706253051758,53.786827087402344,-2.3086931705474854,2.5919196605682373,1.1155943870544434
frame_000177.png,31.683902740478516,9.175308227539062,53.97924041748047,-2.299670457839966,2.5727856159210205,1.1990010738372803
frame_000178.png,31.883962631225586,9.28603744506836,54.171573638916016,-2.2801947593688965,2.5632307529449463,1.2663060426712036
frame_000179.png,32.06752014160156,9.395126342773438,54.361568450927734,-2.2544448375701904,2.5568323135375977,1.3165204524993896
frame_000180.png,32.24203109741211,9.510558128356934,54.55536651611328,-2.2240192890167236,2.5554091930389404,1.351393699645996
frame_000181.png,32.41234588623047,9.614760398864746,54.742671966552734,-2.1956348419189453,2.558209180831909,1.3875044584274292
frame_000182.png,32.593055725097656,9.709918975830078,54.923831939697266,-2.183748245239258,2.559410810470581,1.4176031351089478
frame_000183.png,32.7905387878418,9.787432670593262,55.0877571105957,-2.170830011367798,2.5627262592315674,1.4603235721588135
frame_000184.png,32.99423599243164,9.848393440246582,55.27722930908203,-2.150669574737549,2.580259323120117,1.4968974590301514
frame_000185.png,33.198917388916016,9.907381057739258,55.48033905029297,-2.1285057067871094,2.6061911582946777,1.5261735916137695
frame_000186.png,33.39939880371094,9.974284172058105,55.69023132324219,-2.1078734397888184,2.6338047981262207,1.5554627180099487
frame_000187.png,33.595462799072266,10.051711082458496,55.909515380859375,-2.0875473022460938,2.6607766151428223,1.5796488523483276
frame_000188.png,33.78011703491211,10.134480476379395,56.15079116821289,-2.0681657791137695,2.6865673065185547,1.5944130420684814
frame_000189.png,33.9559440612793,10.217117309570312,56.4146614074707,-2.047546148300171,2.709916114807129,1.601119041442871
frame_000190.png,34.12404251098633,10.300530433654785,56.69576644897461,-2.023996353149414,2.732335329055786,1.6057608127593994
frame_000191.png,34.28053665161133,10.382993698120117,56.99311447143555,-1.9989585876464844,2.7529149055480957,1.6107765436172485
frame_000192.png,34.44487380981445,10.46012020111084,57.29645919799805,-1.9701474905014038,2.770681619644165,1.628167986869812
frame_000193.png,34.616233825683594,10.534534454345703,57.615108489990234,-1.9335190057754517,2.781705617904663,1.632873296737671
frame_000194.png,34.772396087646484,10.593774795532227,57.993812561035156,-1.8927875757217407,2.7979626655578613,1.6495647430419922
frame_000195.png,34.93446350097656,10.659951210021973,58.363704681396484,-1.8512717485427856,2.811640977859497,1.64310622215271
frame_000196.png,35.072025299072266,10.732029914855957,58.71494674682617,-1.8065721988677979,2.813383102416992,1.6701061725616455
frame_000197.png,35.235107421875,10.795334815979004,59.06289291381836,-1.767720341682434,2.807297945022583,1.7205945253372192
frame_000198.png,35.406734466552734,10.85773754119873,59.39091873168945,-1.737233281135559,2.8048317432403564,1.7606321573257446
frame_000199.png,35.58671188354492,10.917154312133789,59.698822021484375,-1.706502079963684,2.803644895553589,1.7764147520065308
frame_000200.png,35.78312683105469,10.960457801818848,59.99467086791992,-1.6898728609085083,2.803837299346924,1.7828483581542969
frame_000201.png,35.98965835571289,10.996222496032715,60.29196548461914,-1.6828093528747559,2.805361032485962,1.7757670879364014
frame_000202.png,36.19326400756836,11.0318021774292,60.58610153198242,-1.680287480354309,2.8062222003936768,1.7524559497833252
frame_000203.png,36.390159606933594,11.066873550415039,60.87944793701172,-1.6807066202163696,2.805091142654419,1.7237790822982788
frame_000204.png,36.57905578613281,11.103865623474121,61.17438507080078,-1.6814334392547607,2.8036611080169678,1.6910291910171509
frame_000205.png,36.769161224365234,11.141161918640137,61.462371826171875,-1.6728034019470215,2.800795555114746,1.6639773845672607
frame_000206.png,36.961856842041016,11.178025245666504,61.761165618896484,-1.6531764268875122,2.799410104751587,1.637873888015747
frame_000207.png,37.16051483154297,11.232147216796875,62.056148529052734,-1.6186085939407349,2.7957510948181152,1.625085473060608
frame_000208.png,37.367862701416016,11.30285358428955,62.34866714477539,-1.57204270362854,2.793966770172119,1.613627314567566
frame_000209.png,37.56850814819336,11.386469841003418,62.63396453857422,-1.5166163444519043,2.800476551055908,1.6012465953826904
frame_000210.png,37.75474548339844,11.470402717590332,62.90200424194336,-1.4570798873901367,2.8045096397399902,1.6037662029266357
frame_000211.png,37.924842834472656,11.561728477478027,63.1573371887207,-1.4098984003067017,2.805262804031372,1.6120917797088623
frame_000212.png,38.08738327026367,11.656597137451172,63.38252639770508,-1.3592448234558105,2.8080363273620605,1.6033943891525269
frame_000213.png,38.252262115478516,11.750200271606445,63.607120513916016,-1.3266648054122925,2.8045482635498047,1.5983974933624268
frame_000214.png,38.411109924316406,11.837913513183594,63.83598709106445,-1.3059989213943481,2.800896167755127,1.5977011919021606
frame_000215.png,38.57366180419922,11.921198844909668,64.06757354736328,-1.2933518886566162,2.808062791824341,1.5908194780349731
frame_000216.png,38.735843658447266,11.99934196472168,64.30475616455078,-1.2806488275527954,2.8221805095672607,1.5905462503433228
frame_000217.png,38.90248107910156,12.077831268310547,64.54206085205078,-1.266728401184082,2.842028856277466,1.5880361795425415
frame_000218.png,39.0646858215332,12.16319465637207,64.77816772460938,-1.2541226148605347,2.8601059913635254,1.5823957920074463
frame_000219.png,39.2222900390625,12.256196022033691,65.01612091064453,-1.2452985048294067,2.87703275680542,1.5783456563949585
frame_000220.png,39.37600326538086,12.356291770935059,65.25699615478516,-1.241195797920227,2.894531011581421,1.5777766704559326
frame_000221.png,39.526161193847656,12.4622220993042,65.49903869628906,-1.2422949075698853,2.9099438190460205,1.5794625282287598
frame_000222.png,39.6748046875,12.570709228515625,65.74226379394531,-1.2487984895706177,2.9257054328918457,1.5834417343139648
frame_000223.png,39.818790435791016,12.682544708251953,65.99003601074219,-1.2641595602035522,2.9414303302764893,1.588008165359497
frame_000224.png,39.96152114868164,12.79672622680664,66.24161529541016,-1.2854565382003784,2.960282802581787,1.5950578451156616
frame_000225.png,40.10440444946289,12.907187461853027,66.50064849853516,-1.3115296363830566,2.9853382110595703,1.6049386262893677
frame_000226.png,40.246944427490234,13.011007308959961,66.76995086669922,-1.3408918380737305,3.0206449031829834,1.6211903095245361
frame_000227.png,40.398780822753906,13.10966682434082,67.03282928466797,-1.3696331977844238,3.063704252243042,1.6530438661575317
frame_000228.png,40.5629997253418,13.212983131408691,67.30055236816406,-1.4031555652618408,3.1112735271453857,1.702497124671936
frame_000229.png,40.725223541259766,13.307151794433594,67.59234619140625,-1.4588737487792969,3.174748182296753,1.7755427360534668
frame_000230.png,40.87871551513672,13.391477584838867,67.90412139892578,-1.5344932079315186,3.246079206466675,1.8558810949325562
frame_000231.png,41.03032302856445,13.479269027709961,68.24327850341797,-1.597771406173706,3.3153533935546875,1.916625738143921
frame_000232.png,41.18886947631836,13.561389923095703,68.60282135009766,-1.6364933252334595,3.389042615890503,1.9707516431808472
frame_000233.png,41.36929702758789,13.639076232910156,68.9581069946289,-1.6564314365386963,3.4670534133911133,2.0214099884033203
frame_000234.png,41.56779861450195,13.717506408691406,69.29207611083984,-1.6535428762435913,3.5419692993164062,2.0633368492126465
frame_000235.png,41.79292297363281,13.795366287231445,69.60514831542969,-1.624145269393921,3.6125903129577637,2.1160967350006104
frame_000236.png,42.03843688964844,13.870589256286621,69.88482666015625,-1.5844675302505493,3.673931121826172,2.180281400680542
frame_000237.png,42.29664993286133,13.947099685668945,70.13971710205078,-1.550535798072815,3.7251169681549072,2.2435379028320312
frame_000238.png,42.569515228271484,14.025664329528809,70.37721252441406,-1.5229308605194092,3.770181179046631,2.3040995597839355
frame_000239.png,42.85757827758789,14.108501434326172,70.59619903564453,-1.497806191444397,3.8127105236053467,2.3611233234405518
frame_000240.png,43.155670166015625,14.19444751739502,70.80213928222656,-1.4733449220657349,3.8529462814331055,2.414628744125366
frame_000241.png,43.47156524658203,14.284563064575195,70.98225402832031,-1.445440411567688,3.8919975757598877,2.4722535610198975
frame_000242.png,43.8090934753418,14.379900932312012,71.13109588623047,-1.4165347814559937,3.928682565689087,2.5344982147216797
frame_000243.png,44.16929244995117,14.478042602539062,71.25154113769531,-1.3811373710632324,3.9625449180603027,2.6022064685821533
frame_000244.png,44.54612350463867,14.576390266418457,71.35191345214844,-1.338491439819336,3.993464469909668,2.675049304962158
frame_000245.png,44.93247604370117,14.674351692199707,71.43692779541016,-1.2905454635620117,4.019524097442627,2.7506909370422363
frame_000246.png,45.323856353759766,14.772198677062988,71.50830078125,-1.24227774143219,4.036829471588135,2.828493595123291
frame_000247.png,45.716495513916016,14.871044158935547,71.5709228515625,-1.1946200132369995,4.046392440795898,2.9089555740356445
frame_000248.png,46.107418060302734,14.971871376037598,71.62488555908203,-1.1482740640640259,4.051480293273926,2.991485118865967
frame_000249.png,46.49348068237305,15.074901580810547,71.67587280273438,-1.1014115810394287,4.054584980010986,3.0760884284973145
frame_000250.png,46.87317657470703,15.181458473205566,71.72626495361328,-1.0542502403259277,4.057876110076904,3.162208080291748
frame_000251.png,47.24723815917969,15.290538787841797,71.77696228027344,-1.0073835849761963,4.062910079956055,3.2481260299682617
frame_000252.png,47.614173889160156,15.402167320251465,71.82943725585938,-0.9601045846939087,4.06934118270874,3.336358070373535
frame_000253.png,47.9680290222168,15.516282081604004,71.88186645507812,-0.9135381579399109,4.077439785003662,3.420445203781128
frame_000254.png,48.291019439697266,15.632905006408691,71.96023559570312,-0.8788949847221375,4.088241100311279,3.486780881881714
frame_000255.png,48.57079315185547,15.753504753112793,72.10211181640625,-0.86333829164505,4.097990036010742,3.532585620880127
frame_000256.png,48.80406951904297,15.874916076660156,72.31746673583984,-0.8696655631065369,4.10170316696167,3.5610275268554688
frame_000257.png,49.0059700012207,15.998455047607422,72.5897445678711,-0.8951062560081482,4.100202560424805,3.5707266330718994
frame_000258.png,49.19524383544922,16.12158966064453,72.89753723144531,-0.9291406273841858,4.096027374267578,3.570960283279419
frame_000259.png,49.37116622924805,16.24333381652832,73.23314666748047,-0.9699430465698242,4.09220552444458,3.5747599601745605
frame_000260.png,49.542381286621094,16.366418838500977,73.58452606201172,-1.0164146423339844,4.093051910400391,3.588576555252075
frame_000261.png,49.714717864990234,16.49001693725586,73.95358276367188,-1.0614045858383179,4.101458549499512,3.612877130508423
frame_000262.png,49.88414764404297,16.612823486328125,74.34119415283203,-1.103386402130127,4.114986896514893,3.6501717567443848
frame_000263.png,50.05290222167969,16.736331939697266,74.73908996582031,-1.1401097774505615,4.127635478973389,3.6910524368286133
frame_000264.png,50.21183776855469,16.857484817504883,75.14453125,-1.169642686843872,4.142329692840576,3.739152669906616
frame_000265.png,50.36476135253906,16.97511863708496,75.54904174804688,-1.1973426342010498,4.157673358917236,3.79606556892395
frame_000266.png,50.5121955871582,17.086088180541992,75.94233703613281,-1.2336844205856323,4.174236297607422,3.853698492050171
frame_000267.png,50.656002044677734,17.18901252746582,76.3222885131836,-1.2771227359771729,4.19180154800415,3.910554885864258
frame_000268.png,50.798641204833984,17.283720016479492,76.68806457519531,-1.326467514038086,4.209763050079346,3.966273307800293
frame_000269.png,50.9424934387207,17.375564575195312,77.04437255859375,-1.3800779581069946,4.227555274963379,4.019565582275391
frame_000270.png,51.08742141723633,17.46663475036621,77.39254760742188,-1.435516595840454,4.243438720703125,4.064786911010742
frame_000271.png,51.23589324951172,17.56265640258789,77.73871612548828,-1.49649178981781,4.256155490875244,4.093811511993408
frame_000272.png,51.39903259277344,17.65692901611328,78.07848358154297,-1.5558325052261353,4.267874240875244,4.109217643737793
frame_000273.png,51.59428024291992,17.748769760131836,78.4061279296875,-1.6051009893417358,4.287596225738525,4.118467330932617
frame_000274.png,51.80742263793945,17.835386276245117,78.7074203491211,-1.643088936805725,4.314183235168457,4.12601375579834
frame_000275.png,52.026214599609375,17.93122100830078,79.01077270507812,-1.6881903409957886,4.344390869140625,4.1281418800354
frame_000276.png,52.23634338378906,18.031583786010742,79.31346130371094,-1.7261375188827515,4.381378650665283,4.1208014488220215
frame_000277.png,52.43204116821289,18.119611740112305,79.61031341552734,-1.7558822631835938,4.420612335205078,4.122203826904297
frame_000278.png,52.627845764160156,18.211809158325195,79.88546752929688,-1.7816411256790161,4.4661335945129395,4.126214027404785
frame_000279.png,52.8177604675293,18.30899429321289,80.16117858886719,-1.8298699855804443,4.515380859375,4.137185096740723
frame_000280.png,53.00434112548828,18.406375885009766,80.45020294189453,-1.8955327272415161,4.567761421203613,4.135823726654053
frame_000281.png,53.18280029296875,18.504453659057617,80.7614974975586,-1.9594242572784424,4.609346389770508,4.119231224060059
frame_000282.png,53.34483337402344,18.609867095947266,81.05486297607422,-2.020362377166748,4.642721176147461,4.110876083374023
frame_000283.png,53.495887756347656,18.723155975341797,81.36194610595703,-2.063169479370117,4.663769721984863,4.117371082305908
frame_000284.png,53.64652633666992,18.81533432006836,81.71855163574219,-2.097515106201172,4.691673278808594,4.137962818145752
frame_000285.png,53.78486633300781,18.90449333190918,82.07828521728516,-2.1426312923431396,4.718159198760986,4.180951118469238
frame_000286.png,53.95036315917969,18.988372802734375,82.38977813720703,-2.168470621109009,4.736964225769043,4.241600513458252
frame_000287.png,54.12099075317383,19.071334838867188,82.60895538330078,-2.1617538928985596,4.752652645111084,4.317498683929443
frame_000288.png,54.30093765258789,19.151926040649414,82.7977294921875,-2.1452395915985107,4.775145530700684,4.367678165435791
frame_000289.png,54.480010986328125,19.219478607177734,82.9959945678711,-2.1514289379119873,4.802595615386963,4.389395236968994
frame_000290.png,54.6529426574707,19.274608612060547,83.2012710571289,-2.16880202293396,4.836917877197266,4.382200241088867
frame_000291.png,54.81985092163086,19.31501007080078,83.41060638427734,-2.1975927352905273,4.871935844421387,4.363106727600098
frame_000292.png,54.993770599365234,19.357221603393555,83.62330627441406,-2.2257063388824463,4.907233238220215,4.334365367889404
frame_000293.png,55.17398452758789,19.402645111083984,83.84591674804688,-2.251661777496338,4.943418025970459,4.294042587280273
frame_000294.png,55.35275650024414,19.4439640045166,84.09930419921875,-2.2746057510375977,4.982184410095215,4.249178409576416
frame_000295.png,55.52301025390625,19.477373123168945,84.38888549804688,-2.3007750511169434,5.0215229988098145,4.204344272613525
frame_000296.png,55.68537139892578,19.50480079650879,84.69683074951172,-2.3231453895568848,5.0590105056762695,4.154694557189941
frame_000297.png,55.83761978149414,19.527912139892578,85.01644134521484,-2.3439106941223145,5.092853546142578,4.102888584136963
frame_000298.png,56.00310134887695,19.547100067138672,85.33306884765625,-2.365349054336548,5.1215667724609375,4.057278633117676
frame_000299.png,56.18492126464844,19.56194496154785,85.64803314208984,-2.38657546043396,5.143965244293213,4.022929668426514
frame_000300.png,56.36733627319336,19.579792022705078,85.9679183959961,-2.4177863597869873,5.168582439422607,3.9816908836364746
frame_000301.png,56.548866271972656,19.601430892944336,86.2881851196289,-2.446870803833008,5.188893795013428,3.9431185722351074
frame_000302.png,56.72731018066406,19.631134033203125,86.60342407226562,-2.4619741439819336,5.207041263580322,3.879225254058838
frame_000303.png,56.921875,19.665122985839844,86.93243408203125,-2.482447624206543,5.231357097625732,3.8206801414489746
frame_000304.png,57.08012390136719,19.687274932861328,87.26775360107422,-2.5065817832946777,5.251433849334717,3.764139175415039
frame_000305.png,57.261959075927734,19.73623275756836,87.61854553222656,-2.5288138389587402,5.264876842498779,3.7500195503234863
frame_000306.png,57.46873092651367,19.779306411743164,87.96923828125,-2.5391199588775635,5.28068733215332,3.757141590118408
frame_000307.png,57.67694091796875,19.849102020263672,88.32525634765625,-2.529437780380249,5.296864032745361,3.7747299671173096
frame_000308.png,57.90512466430664,19.937570571899414,88.6849365234375,-2.5346009731292725,5.3199357986450195,3.807833194732666
frame_000309.png,58.15629196166992,20.031330108642578,89.03238677978516,-2.5521113872528076,5.33021879196167,3.8893580436706543
frame_000310.png,58.38861846923828,20.13514518737793,89.39432525634766,-2.568251132965088,5.333644390106201,3.9782302379608154
frame_000311.png,58.63393020629883,20.241397857666016,89.75050354003906,-2.593867540359497,5.334601879119873,4.067596912384033
frame_000312.png,58.88800048828125,20.351852416992188,90.10950469970703,-2.603227376937866,5.341495990753174,4.161740779876709
frame_000313.png,59.14559555053711,20.4674072265625,90.45832061767578,-2.5858750343322754,5.349075794219971,4.257734775543213
frame_000314.png,59.41086196899414,20.581235885620117,90.79484558105469,-2.5790202617645264,5.352645397186279,4.358145713806152
frame_000315.png,59.675636291503906,20.684736251831055,91.1279296875,-2.5721209049224854,5.356359481811523,4.451898097991943
frame_000316.png,59.94507598876953,20.788028717041016,91.44912719726562,-2.5636210441589355,5.357555389404297,4.551704406738281
frame_000317.png,60.205535888671875,20.897275924682617,91.75889587402344,-2.5737040042877197,5.3478474617004395,4.645106792449951
frame_000318.png,60.47951889038086,21.005495071411133,92.0659408569336,-2.5810604095458984,5.338607311248779,4.741024971008301
frame_000319.png,60.74152755737305,21.120798110961914,92.39892578125,-2.582435131072998,5.329721450805664,4.812954902648926
frame_000320.png,61.01536178588867,21.227602005004883,92.73002624511719,-2.575190544128418,5.315219402313232,4.89210319519043
frame_000321.png,61.277896881103516,21.309711456298828,93.02933502197266,-2.5611233711242676,5.307978630065918,4.960810661315918
frame_000322.png,61.52248764038086,21.377059936523438,93.30571746826172,-2.5361225605010986,5.30302619934082,5.004703044891357
frame_000323.png,61.78777313232422,21.438335418701172,93.57353973388672,-2.4981162548065186,5.311981201171875,5.046762466430664
frame_000324.png,62.02018737792969,21.502382278442383,93.85063934326172,-2.4783554077148438,5.322976112365723,5.042044162750244
frame_000325.png,62.242835998535156,21.564783096313477,94.14579010009766,-2.4620602130889893,5.337785243988037,5.029179573059082
frame_000326.png,62.43363571166992,21.614608764648438,94.44892120361328,-2.4602930545806885,5.346104621887207,4.987504482269287
frame_000327.png,62.6159782409668,21.65987205505371,94.77669525146484,-2.4782791137695312,5.367164134979248,4.954941749572754
frame_000328.png,62.8002815246582,21.68865203857422,95.08164978027344,-2.491692304611206,5.391017913818359,4.933249473571777
frame_000329.png,62.97001647949219,21.716657638549805,95.41881561279297,-2.517148971557617,5.424567699432373,4.903492450714111
frame_000330.png,63.08675765991211,21.742080688476562,95.7774658203125,-2.5379040241241455,5.455204963684082,4.8581366539001465
frame_000331.png,63.17821502685547,21.75652503967285,96.17050170898438,-2.5764667987823486,5.484894275665283,4.8152689933776855
frame_000332.png,63.24625778198242,21.7759952545166,96.5699691772461,-2.615591287612915,5.511523723602295,4.779685020446777
frame_000333.png,63.31455612182617,21.793169021606445,96.96771240234375,-2.6501693725585938,5.533737659454346,4.753461837768555
frame_000334.png,63.42471694946289,21.816064834594727,97.34858703613281,-2.682967185974121,5.554817199707031,4.736250400543213
frame_000335.png,63.567596435546875,21.84238624572754,97.71730041503906,-2.7163095474243164,5.571802616119385,4.725038051605225
frame_000336.png,63.72608947753906,21.87972068786621,98.0738296508789,-2.749105215072632,5.582860469818115,4.70481014251709
frame_000337.png,63.90547561645508,21.922161102294922,98.41223907470703,-2.75985050201416,5.588837146759033,4.689634323120117
frame_000338.png,64.09398651123047,21.972091674804688,98.73481750488281,-2.755725145339966,5.588119029998779,4.676275253295898
frame_000339.png,64.29074096679688,22.024620056152344,99.04496002197266,-2.7383012771606445,5.582305431365967,4.662617206573486
frame_000340.png,64.49353790283203,22.078250885009766,99.34944915771484,-2.717240571975708,5.575048923492432,4.643939018249512
frame_000341.png,64.69920349121094,22.130996704101562,99.65328979492188,-2.693491220474243,5.567074775695801,4.621253490447998
frame_000342.png,64.90536499023438,22.182937622070312,99.95642852783203,-2.669227123260498,5.558503150939941,4.593442440032959
frame_000343.png,65.1104965209961,22.236427307128906,100.2619400024414,-2.6452643871307373,5.550068378448486,4.560165882110596
frame_000344.png,65.31507110595703,22.290929794311523,100.5699462890625,-2.6256837844848633,5.5425872802734375,4.524073600769043
frame_000345.png,65.52159118652344,22.343740463256836,100.88497161865234,-2.609701633453369,5.539045333862305,4.485827445983887
frame_000346.png,65.72705078125,22.3956298828125,101.20301818847656,-2.594942331314087,5.539155006408691,4.4434428215026855
frame_000347.png,65.93346405029297,22.442716598510742,101.52578735351562,-2.5830864906311035,5.541620254516602,4.399731159210205
frame_000348.png,66.13422393798828,22.48103904724121,101.86329650878906,-2.5705199241638184,5.5490593910217285,4.357858657836914
frame_000349.png,66.3283462524414,22.51276969909668,102.21244812011719,-2.55240797996521,5.559268474578857,4.316943645477295
frame_000350.png,66.51934814453125,22.536161422729492,102.56739044189453,-2.531140089035034,5.570729732513428,4.281589508056641
frame_000351.png,66.70191955566406,22.553773880004883,102.93140411376953,-2.5055980682373047,5.58251428604126,4.253695487976074
frame_000352.png,66.88347625732422,22.56992530822754,103.30301666259766,-2.4770472049713135,5.596658229827881,4.227330684661865
frame_000353.png,67.07142639160156,22.58663558959961,103.6654281616211,-2.4461934566497803,5.610861778259277,4.2021565437316895
frame_000354.png,67.26692962646484,22.605018615722656,104.02275085449219,-2.4184165000915527,5.6246137619018555,4.176649570465088
frame_000355.png,67.46532440185547,22.623281478881836,104.37545013427734,-2.394627332687378,5.637381553649902,4.1492919921875
frame_000356.png,67.66374969482422,22.635868072509766,104.73397827148438,-2.3736042976379395,5.651334285736084,4.122166633605957
frame_000357.png,67.85704803466797,22.645307540893555,105.10517883300781,-2.354679584503174,5.666616916656494,4.094044208526611
frame_000358.png,68.04515075683594,22.654582977294922,105.48353576660156,-2.336843252182007,5.681786060333252,4.0660271644592285
frame_000359.png,68.23040008544922,22.665346145629883,105.86893463134766,-2.3193764686584473,5.696755886077881,4.036180019378662
frame_000360.png,68.41316986083984,22.675796508789062,106.2562026977539,-2.3000316619873047,5.712334156036377,4.005011558532715
frame_000361.png,68.59312438964844,22.685928344726562,106.64566040039062,-2.2801928520202637,5.727121829986572,3.9722304344177246
frame_000362.png,68.7701416015625,22.694313049316406,107.03480529785156,-2.2582130432128906,5.741480350494385,3.9395456314086914
frame_000363.png,68.94351196289062,22.701618194580078,107.4232177734375,-2.2346928119659424,5.757017612457275,3.905860185623169
frame_000364.png,69.1105728149414,22.70465087890625,107.81852722167969,-2.213651657104492,5.7745866775512695,3.870184898376465
frame_000365.png,69.27236938476562,22.702730178833008,108.2210922241211,-2.192242383956909,5.795085430145264,3.836376190185547
frame_000366.png,69.42847442626953,22.696630477905273,108.62628173828125,-2.170835018157959,5.815759658813477,3.7997701168060303
frame_000367.png,69.57970428466797,22.688358306884766,109.02970123291016,-2.1513547897338867,5.836062431335449,3.7614800930023193
frame_000368.png,69.72478485107422,22.68010711669922,109.43297576904297,-2.1328253746032715,5.85671329498291,3.7225446701049805
frame_000369.png,69.86102294921875,22.673616409301758,109.83650207519531,-2.116300106048584,5.876492500305176,3.683443784713745
frame_000370.png,69.98428344726562,22.66516876220703,110.2467041015625,-2.099271535873413,5.897706985473633,3.6455578804016113
frame_000371.png,70.09690856933594,22.655162811279297,110.6565933227539,-2.0786571502685547,5.918055057525635,3.6088788509368896
frame_000372.png,70.19975280761719,22.643922805786133,111.06700897216797,-2.0584726333618164,5.936853885650635,3.5737102031707764
frame_000373.png,70.2934341430664,22.6297607421875,111.47660064697266,-2.0383498668670654,5.9552741050720215,3.542754888534546
frame_000374.png,70.37853240966797,22.611263275146484,111.8866195678711,-2.017296075820923,5.972965240478516,3.5165369510650635
frame_000375.png,70.45416259765625,22.589447021484375,112.30118560791016,-1.9956735372543335,5.990581035614014,3.49678635597229
frame_000376.png,70.52576446533203,22.56626319885254,112.7236099243164,-1.9757661819458008,6.008630275726318,3.4792983531951904
frame_000377.png,70.60177612304688,22.542438507080078,113.14594268798828,-1.9548234939575195,6.027174949645996,3.461906909942627
frame_000378.png,70.6835708618164,22.519569396972656,113.56534576416016,-1.9340952634811401,6.046838283538818,3.4436609745025635
frame_000379.png,70.77340698242188,22.499439239501953,113.97383117675781,-1.9079241752624512,6.06427526473999,3.425520896911621
frame_000380.png,70.87657928466797,22.482627868652344,114.3712158203125,-1.8757401704788208,6.08116340637207,3.4093689918518066
frame_000381.png,70.99510955810547,22.469392776489258,114.74896240234375,-1.8378993272781372,6.095304489135742,3.3973309993743896
frame_000382.png,71.13740539550781,22.461137771606445,115.10094451904297,-1.7919617891311646,6.104658126831055,3.390454053878784
frame_000383.png,71.30609893798828,22.458410263061523,115.42781829833984,-1.7359397411346436,6.107857704162598,3.3890445232391357
frame_000384.png,71.4947738647461,22.459787368774414,115.73388671875,-1.674858570098877,6.1055989265441895,3.387831211090088
frame_000385.png,71.69841766357422,22.470476150512695,116.02250671386719,-1.6107863187789917,6.0981245040893555,3.3818042278289795
frame_000386.png,71.91685485839844,22.489078521728516,116.29678344726562,-1.5470210313796997,6.085464000701904,3.373697519302368
frame_000387.png,72.14409637451172,22.515913009643555,116.5690689086914,-1.487362265586853,6.0708489418029785,3.364567518234253
frame_000388.png,72.37397766113281,22.545669555664062,116.8451156616211,-1.4316554069519043,6.057524681091309,3.356266498565674
frame_000389.png,72.6043472290039,22.576797485351562,117.13529205322266,-1.3800355195999146,6.045763969421387,3.3516464233398438
frame_000390.png,72.83319091796875,22.605485916137695,117.43755340576172,-1.3345330953598022,6.0370917320251465,3.3502628803253174
frame_000391.png,73.05693817138672,22.63412094116211,117.75145721435547,-1.2970410585403442,6.029119491577148,3.350461721420288
frame_000392.png,73.27363586425781,22.665739059448242,118.07896423339844,-1.2671440839767456,6.023775577545166,3.3524656295776367
frame_000393.png,73.48313903808594,22.699199676513672,118.41648864746094,-1.2411514520645142,6.020428657531738,3.3565170764923096
frame_000394.png,73.69171142578125,22.73918342590332,118.75093078613281,-1.2173898220062256,6.017303943634033,3.363677501678467
frame_000395.png,73.89472961425781,22.78053855895996,119.08802795410156,-1.1997162103652954,6.015408515930176,3.3726563453674316
frame_000396.png,74.09410095214844,22.82377052307129,119.42327117919922,-1.1868737936019897,6.012711524963379,3.3802711963653564
frame_000397.png,74.28949737548828,22.874223709106445,119.74437713623047,-1.1780593395233154,6.007892608642578,3.3824987411499023
frame_000398.png,74.48114776611328,22.92789077758789,120.0542984008789,-1.172684907913208,6.0036773681640625,3.3799774646759033
frame_000399.png,74.67230987548828,22.981647491455078,120.34955596923828,-1.1688884496688843,5.997997760772705,3.378866672515869
frame_000400.png,74.86238098144531,23.033967971801758,120.63257598876953,-1.1655017137527466,5.990789890289307,3.3793370723724365
frame_000401.png,75.04988861083984,23.084463119506836,120.90901184082031,-1.1665067672729492,5.983099460601807,3.37837815284729
frame_000402.png,75.23582458496094,23.130712509155273,121.1807632446289,-1.1673314571380615,5.976188659667969,3.378174304962158
frame_000403.png,75.42256927490234,23.17079734802246,121.44957733154297,-1.1652613878250122,5.97232723236084,3.3790526390075684
frame_000404.png,75.60893249511719,23.20246124267578,121.71502685546875,-1.159607172012329,5.971704483032227,3.380000591278076
frame_000405.png,75.78978729248047,23.231733322143555,121.98492431640625,-1.1535569429397583,5.972937107086182,3.377654790878296
frame_000406.png,75.9658203125,23.260623931884766,122.26062774658203,-1.1475142240524292,5.975667953491211,3.373584508895874
frame_000407.png,76.13929748535156,23.2879581451416,122.54507446289062,-1.1413445472717285,5.9797868728637695,3.3694875240325928
frame_000408.png,76.30924987792969,23.31329917907715,122.84033966064453,-1.1383914947509766,5.985734939575195,3.3639087677001953
frame_000409.png,76.4783935546875,23.339550018310547,123.14209747314453,-1.1368972063064575,5.992823123931885,3.357189416885376
frame_000410.png,76.6479263305664,23.36873435974121,123.44532775878906,-1.1360833644866943,5.999504566192627,3.3499419689178467
frame_000411.png,76.81936645507812,23.398799896240234,123.74272155761719,-1.1344988346099854,6.0034356117248535,3.343512773513794
frame_000412.png,76.99358367919922,23.429933547973633,124.0337905883789,-1.1326642036437988,6.005050182342529,3.3388776779174805
frame_000413.png,77.17206573486328,23.462797164916992,124.3127670288086,-1.1274206638336182,6.003631591796875,3.338411331176758
frame_000414.png,77.35430908203125,23.499731063842773,124.58165740966797,-1.1207741498947144,6.000365257263184,3.3395988941192627
frame_000415.png,77.54546356201172,23.54083251953125,124.83784484863281,-1.1108163595199585,5.995337963104248,3.3406519889831543
frame_000416.png,77.74469757080078,23.58621597290039,125.08722686767578,-1.10139799118042,5.987053871154785,3.341231107711792
frame_000417.png,77.94839477539062,23.633384704589844,125.32942962646484,-1.0905978679656982,5.975848197937012,3.3426010608673096
frame_000418.png,78.1534194946289,23.682369232177734,125.5693588256836,-1.0798038244247437,5.962264060974121,3.344592571258545
frame_000419.png,78.362548828125,23.735929489135742,125.81024169921875,-1.071372151374817,5.946677207946777,3.348297595977783
frame_000420.png,78.58223724365234,23.792423248291016,126.0484390258789,-1.0583324432373047,5.929605007171631,3.359670400619507
frame_000421.png,78.81141662597656,23.851449966430664,126.27993774414062,-1.0386080741882324,5.911871910095215,3.3847298622131348
frame_000422.png,79.05134582519531,23.91640281677246,126.5058364868164,-1.011033296585083,5.893731594085693,3.4134862422943115
frame_000423.png,79.29800415039062,23.98910903930664,126.72496795654297,-0.9762201905250549,5.873033046722412,3.437208652496338
frame_000424.png,79.5495834350586,24.064144134521484,126.93734741210938,-0.9372571110725403,5.852482795715332,3.4544315338134766
frame_000425.png,79.8028793334961,24.14422607421875,127.15184783935547,-0.9012244939804077,5.83217191696167,3.4645895957946777
frame_000426.png,80.05850982666016,24.2285099029541,127.37614440917969,-0.872317373752594,5.812972545623779,3.4723968505859375
frame_000427.png,80.3130874633789,24.31688117980957,127.61707305908203,-0.8495891690254211,5.795170783996582,3.479548931121826
frame_000428.png,80.56134796142578,24.409645080566406,127.87348175048828,-0.8300732374191284,5.7806243896484375,3.4849772453308105
frame_000429.png,80.80294036865234,24.5053768157959,128.14013671875,-0.8112644553184509,5.768897533416748,3.4889307022094727
frame_000430.png,81.03778839111328,24.602876663208008,128.4166717529297,-0.7936393022537231,5.760123252868652,3.4947662353515625
frame_000431.png,81.26686096191406,24.699323654174805,128.7013397216797,-0.7777562737464905,5.752911567687988,3.503187417984009
frame_000432.png,81.4887466430664,24.793107986450195,128.99253845214844,-0.7654972672462463,5.746426105499268,3.514204502105713
frame_000433.png,81.703369140625,24.88347053527832,129.287109375,-0.7563565969467163,5.739896774291992,3.5284101963043213
frame_000434.png,81.91020965576172,24.971485137939453,129.579833984375,-0.7494115233421326,5.732435703277588,3.5447652339935303
frame_000435.png,82.10771179199219,25.060016632080078,129.8522491455078,-0.7413386702537537,5.724759101867676,3.561986207962036
frame_000436.png,82.30502319335938,25.148447036743164,130.09075927734375,-0.7254256010055542,5.717632293701172,3.58034348487854
frame_000437.png,82.51715087890625,25.23784637451172,130.29986572265625,-0.6977967619895935,5.710471153259277,3.600717306137085
frame_000438.png,82.74803161621094,25.325349807739258,130.48934936523438,-0.6671552658081055,5.701949119567871,3.626147747039795
frame_000439.png,83.00068664550781,25.41517448425293,130.65476989746094,-0.6309978365898132,5.697847843170166,3.6572227478027344
frame_000440.png,83.26727294921875,25.504711151123047,130.80189514160156,-0.5875783562660217,5.696314334869385,3.6932947635650635
frame_000441.png,83.54257202148438,25.596284866333008,130.93820190429688,-0.5444880723953247,5.6960577964782715,3.7294554710388184
frame_000442.png,83.8183364868164,25.687419891357422,131.06991577148438,-0.5053233504295349,5.698907852172852,3.7615280151367188
frame_000443.png,84.08782958984375,25.77555274963379,131.20217895507812,-0.4739394187927246,5.704165458679199,3.7882046699523926
frame_000444.png,84.34981536865234,25.860116958618164,131.3321533203125,-0.4461572766304016,5.709995746612549,3.8091304302215576
frame_000445.png,84.60811614990234,25.944345474243164,131.46014404296875,-0.41989246010780334,5.716749668121338,3.8297524452209473
frame_000446.png,84.86784362792969,26.03070068359375,131.59197998046875,-0.39551016688346863,5.726240158081055,3.8582983016967773
frame_000447.png,85.13008117675781,26.119585037231445,131.7272491455078,-0.37857168912887573,5.738100528717041,3.894935369491577
frame_000448.png,85.39576721191406,26.211381912231445,131.86582946777344,-0.3671953082084656,5.75227165222168,3.9395370483398438
frame_000449.png,85.67035675048828,26.304100036621094,132.00799560546875,-0.3634585440158844,5.7686872482299805,3.9890623092651367
frame_000450.png,85.94679260253906,26.397607803344727,132.15618896484375,-0.35984086990356445,5.784905433654785,4.042299747467041
frame_000451.png,86.22478485107422,26.48988914489746,132.30364990234375,-0.3564550280570984,5.800436496734619,4.103053092956543
frame_000452.png,86.49999237060547,26.581510543823242,132.4543914794922,-0.35190150141716003,5.815963268280029,4.171462059020996
frame_000453.png,86.76897430419922,26.678110122680664,132.60714721679688,-0.34465423226356506,5.827312469482422,4.241082668304443
frame_000454.png,87.03175354003906,26.776569366455078,132.7483367919922,-0.33681681752204895,5.833686351776123,4.308253765106201
frame_000455.png,87.2931137084961,26.879505157470703,132.87428283691406,-0.32896628975868225,5.8346099853515625,4.365597724914551
frame_000456.png,87.55411529541016,26.98604393005371,132.98519897460938,-0.32261255383491516,5.829753875732422,4.4130024909973145
frame_000457.png,87.81641387939453,27.093961715698242,133.0857391357422,-0.31748655438423157,5.818931579589844,4.450517177581787
frame_000458.png,88.07996368408203,27.19944953918457,133.1755828857422,-0.3103257417678833,5.804012775421143,4.481287479400635
frame_000459.png,88.35050964355469,27.304651260375977,133.26173400878906,-0.30286142230033875,5.789248943328857,4.513113021850586
frame_000460.png,88.62567901611328,27.40943145751953,133.35267639160156,-0.2966668903827667,5.777038097381592,4.548546314239502
frame_000461.png,88.89688110351562,27.51727294921875,133.4575958251953,-0.2887102961540222,5.768353462219238,4.586888790130615
frame_000462.png,89.15823364257812,27.624114990234375,133.56089782714844,-0.2821064889431,5.754143714904785,4.6243720054626465
frame_000463.png,89.39453125,27.72948455810547,133.6571807861328,-0.2752992808818817,5.741302013397217,4.655914306640625
frame_000464.png,89.65801239013672,27.82636070251465,133.75294494628906,-0.2560195326805115,5.738771915435791,4.705643177032471
frame_000465.png,89.96106719970703,27.916444778442383,133.8329315185547,-0.21624451875686646,5.747500896453857,4.775038719177246
frame_000466.png,90.2810287475586,27.99671745300293,133.91726684570312,-0.1766333281993866,5.759768009185791,4.862852096557617
frame_000467.png,90.56415557861328,28.055824279785156,134.02403259277344,-0.1717710942029953,5.778096675872803,4.961370468139648
frame_000468.png,90.84856414794922,28.1127986907959,134.142578125,-0.1840917021036148,5.8012285232543945,5.046550273895264
frame_000469.png,91.1048812866211,28.17525863647461,134.2959747314453,-0.2052432894706726,5.819313049316406,5.117117881774902
frame_000470.png,91.33363342285156,28.23834228515625,134.4936981201172,-0.2285667359828949,5.8381266593933105,5.168233394622803
frame_000471.png,91.54670715332031,28.292919158935547,134.71597290039062,-0.2517835199832916,5.857344150543213,5.215358257293701
frame_000472.png,91.74368286132812,28.338279724121094,134.95037841796875,-0.27872711420059204,5.875635623931885,5.250978946685791
frame_000473.png,91.931396484375,28.378978729248047,135.18789672851562,-0.3164345324039459,5.896007061004639,5.276514530181885
frame_000474.png,92.11226654052734,28.420801162719727,135.43527221679688,-0.36345237493515015,5.9183030128479,5.303356170654297
frame_000475.png,92.32383728027344,28.462615966796875,135.641357421875,-0.3801032304763794,5.93132209777832,5.342152118682861
frame_000476.png,92.56136322021484,28.509231567382812,135.822265625,-0.39833223819732666,5.939735412597656,5.397703170776367
frame_000477.png,92.81697082519531,28.575082778930664,135.9817657470703,-0.4017244577407837,5.939895153045654,5.468161106109619
frame_000478.png,93.07617950439453,28.66567039489746,136.13912963867188,-0.4058036804199219,5.932362079620361,5.500854969024658
frame_000479.png,93.32536315917969,28.77215576171875,136.30580139160156,-0.4221905767917633,5.9112982749938965,5.505343914031982
frame_000480.png,93.58279418945312,28.902652740478516,136.48086547851562,-0.42554131150245667,5.888845443725586,5.505470275878906
frame_000481.png,93.90104675292969,29.06060028076172,136.62832641601562,-0.39648687839508057,5.876298904418945,5.547274112701416
frame_000482.png,94.2923812866211,29.2100772857666,136.71800231933594,-0.30788952112197876,5.879874229431152,5.6505842208862305
frame_000483.png,94.70272064208984,29.33910369873047,136.78558349609375,-0.2245887964963913,5.890141487121582,5.766086101531982
frame_000484.png,95.10002136230469,29.457477569580078,136.88282775878906,-0.15218564867973328,5.903777122497559,5.890048027038574
frame_000485.png,95.47708129882812,29.567548751831055,137.03244018554688,-0.0863707959651947,5.919923782348633,6.015143871307373
frame_000486.png,95.84970092773438,29.661327362060547,137.20797729492188,-0.02783476561307907,5.9365763664245605,6.143486976623535
frame_000487.png,96.22637176513672,29.744474411010742,137.38746643066406,0.02667452022433281,5.946745872497559,6.268503189086914
frame_000488.png,96.60872650146484,29.82099151611328,137.55941772460938,0.07848037034273148,5.952633857727051,6.385894775390625
frame_000489.png,96.99456024169922,29.894773483276367,137.7159881591797,0.1307940036058426,5.956392765045166,6.492566108703613
frame_000490.png,97.37754821777344,29.96836280822754,137.85385131835938,0.1786089539527893,5.960391998291016,6.580832004547119
frame_000491.png,97.76262664794922,30.042034149169922,137.98147583007812,0.227195143699646,5.969696521759033,6.6505022048950195
frame_000492.png,98.1549072265625,30.12217140197754,138.07594299316406,0.27482450008392334,5.981818199157715,6.714773178100586
frame_000493.png,98.5516357421875,30.19600486755371,138.1247100830078,0.32184576988220215,5.990591049194336,6.802235126495361
frame_000494.png,98.96532440185547,30.288713455200195,138.1588897705078,0.37399178743362427,5.996106147766113,6.895461559295654
frame_000495.png,99.37703704833984,30.39830780029297,138.17068481445312,0.428859680891037,5.995772838592529,6.977347373962402
frame_000496.png,99.75733184814453,30.510236740112305,138.22714233398438,0.46627041697502136,5.994650840759277,7.05525541305542
frame_000497.png,100.11741638183594,30.61785316467285,138.32151794433594,0.4821687638759613,5.993971347808838,7.134643077850342
frame_000498.png,100.4533462524414,30.73170280456543,138.4749298095703,0.4812130630016327,5.992340564727783,7.197418689727783
frame_000499.png,100.73954010009766,30.825584411621094,138.6779022216797,0.47634613513946533,5.992063999176025,7.248403072357178
frame_000500.png,100.99406433105469,30.88596534729004,138.88951110839844,0.514629602432251,5.994551658630371,7.28999137878418
frame_000501.png,101.2266845703125,30.930118560791016,139.07691955566406,0.5609956979751587,5.997226238250732,7.314086437225342
frame_000502.png,101.43907165527344,30.982059478759766,139.2579803466797,0.5987599492073059,5.987863540649414,7.297934532165527
frame_000503.png,101.64242553710938,31.029006958007812,139.41310119628906,0.6270735263824463,5.978033542633057,7.325770854949951
frame_000504.png,101.84325408935547,31.069534301757812,139.57994079589844,0.6616159081459045,5.973812580108643,7.374337673187256
frame_000505.png,102.03589630126953,31.10860824584961,139.7763671875,0.6795268058776855,5.978036880493164,7.423521041870117
frame_000506.png,102.22611999511719,31.135610580444336,139.99655151367188,0.6731755137443542,5.994602203369141,7.453792572021484
frame_000507.png,102.41510772705078,31.160263061523438,140.23904418945312,0.6538543701171875,6.017066955566406,7.464110374450684
frame_000508.png,102.6002197265625,31.176801681518555,140.49227905273438,0.6299554705619812,6.037161827087402,7.467325687408447
frame_000509.png,102.77284240722656,31.188446044921875,140.7703857421875,0.593306303024292,6.060782432556152,7.4567437171936035
frame_000510.png,102.9306411743164,31.19791603088379,141.06809997558594,0.5452407002449036,6.088075160980225,7.437661647796631
frame_000511.png,103.0822525024414,31.213510513305664,141.3634796142578,0.48920002579689026,6.117024898529053,7.419795513153076
frame_000512.png,103.23287963867188,31.236286163330078,141.65858459472656,0.43036046624183655,6.144644737243652,7.408090591430664
frame_000513.png,103.38353729248047,31.258893966674805,141.97499084472656,0.3751767575740814,6.166628837585449,7.401424884796143
frame_000514.png,103.53987884521484,31.27246856689453,142.29795837402344,0.3358875513076782,6.1842241287231445,7.396239757537842
frame_000515.png,103.69691467285156,31.292388916015625,142.58326721191406,0.3206307888031006,6.196971416473389,7.393859386444092
frame_000516.png,103.86597442626953,31.32514190673828,142.824951171875,0.31405434012413025,6.203128337860107,7.400002956390381
frame_000517.png,104.05973052978516,31.373083114624023,143.05072021484375,0.31305065751075745,6.202446937561035,7.3962860107421875
frame_000518.png,104.27100372314453,31.437471389770508,143.27003479003906,0.32906192541122437,6.195587158203125,7.38322114944458
frame_000519.png,104.48900604248047,31.512624740600586,143.50363159179688,0.3437655568122864,6.185537338256836,7.360543727874756
frame_000520.png,104.71776580810547,31.594030380249023,143.76622009277344,0.3562328815460205,6.177794456481934,7.3321380615234375
frame_000521.png,104.95535278320312,31.676958084106445,144.07272338867188,0.3696296513080597,6.171713829040527,7.314900875091553
frame_000522.png,105.19503021240234,31.754531860351562,144.42425537109375,0.3791610598564148,6.172138690948486,7.314336776733398
frame_000523.png,105.43700408935547,31.830102920532227,144.80224609375,0.38702210783958435,6.174494743347168,7.3274736404418945
frame_000524.png,105.6819076538086,31.90451431274414,145.19247436523438,0.3950793147087097,6.175865650177002,7.3488240242004395
frame_000525.png,105.92938995361328,31.977882385253906,145.5876922607422,0.4086981415748596,6.176470756530762,7.373827934265137
frame_000526.png,106.17771911621094,32.0473747253418,145.98248291015625,0.4274093508720398,6.176153659820557,7.39998197555542
frame_000527.png,106.4231185913086,32.110294342041016,146.37265014648438,0.4521114230155945,6.174941539764404,7.431055068969727
frame_000528.png,106.65502166748047,32.17073440551758,146.76089477539062,0.47366759181022644,6.173415184020996,7.467005729675293
frame_000529.png,106.86520385742188,32.2227668762207,147.1393585205078,0.5017303824424744,6.174779415130615,7.496755123138428
frame_000530.png,107.05870056152344,32.259864807128906,147.49407958984375,0.5358883738517761,6.1797285079956055,7.508111953735352
frame_000531.png,107.2266845703125,32.290531158447266,147.84011840820312,0.5678080320358276,6.1818952560424805,7.476589679718018
frame_000532.png,107.37684631347656,32.31285095214844,148.17848205566406,0.6021729707717896,6.188567161560059,7.470351696014404
frame_000533.png,107.53634643554688,32.31488800048828,148.49105834960938,0.6275423169136047,6.1990580558776855,7.491160869598389
frame_000534.png,107.69317626953125,32.323116302490234,148.81658935546875,0.666469156742096,6.214817047119141,7.500795364379883
frame_000535.png,107.86152648925781,32.34400939941406,149.1614227294922,0.682216227054596,6.234591007232666,7.466169834136963
frame_000536.png,108.01828002929688,32.36333084106445,149.5114288330078,0.6746630668640137,6.261066436767578,7.439346790313721
frame_000537.png,108.17512512207031,32.38391876220703,149.84182739257812,0.6783517599105835,6.2913432121276855,7.406644344329834
frame_000538.png,108.34150695800781,32.396602630615234,150.1668701171875,0.6804518699645996,6.322005748748779,7.364665508270264
frame_000539.png,108.5118179321289,32.40618133544922,150.48765563964844,0.6706264615058899,6.348395347595215,7.319612503051758
frame_000540.png,108.68476867675781,32.41826629638672,150.80667114257812,0.659270167350769,6.373219013214111,7.277942657470703
frame_000541.png,108.86141967773438,32.431541442871094,151.12088012695312,0.6470706462860107,6.397212982177734,7.242586135864258
frame_000542.png,109.03641510009766,32.43896484375,151.440185546875,0.6179485321044922,6.420840740203857,7.191033840179443
frame_000543.png,109.1980209350586,32.448333740234375,151.7774200439453,0.5923053622245789,6.443127155303955,7.14755916595459
frame_000544.png,109.36758422851562,32.452632904052734,152.11087036132812,0.5505619049072266,6.461142063140869,7.122206211090088
frame_000545.png,109.5513916015625,32.460662841796875,152.453125,0.5069112777709961,6.483458042144775,7.09433126449585
frame_000546.png,109.74938201904297,32.47151184082031,152.78280639648438,0.4883660078048706,6.495205402374268,7.0893425941467285
frame_000547.png,109.94670104980469,32.49049377441406,153.11488342285156,0.4689567983150482,6.504908561706543,7.065353870391846
frame_000548.png,110.14085388183594,32.5203742980957,153.43020629882812,0.46119752526283264,6.509851455688477,7.029266834259033
frame_000549.png,110.33636474609375,32.56017303466797,153.72036743164062,0.4713870882987976,6.503444671630859,6.988931655883789
frame_000550.png,110.53339385986328,32.61280822753906,154.00076293945312,0.48074445128440857,6.491913795471191,6.959325790405273
frame_000551.png,110.73919677734375,32.663429260253906,154.270263671875,0.49268874526023865,6.479531764984131,6.947848320007324
frame_000552.png,110.9551773071289,32.7148323059082,154.52391052246094,0.5109204649925232,6.464207649230957,6.944434642791748
frame_000553.png,111.17688751220703,32.770233154296875,154.75677490234375,0.5381271243095398,6.447179794311523,6.941238880157471
frame_000554.png,111.39435577392578,32.825286865234375,154.96458435058594,0.5737372636795044,6.430487632751465,6.938668727874756
frame_000555.png,111.60684967041016,32.88348388671875,155.16357421875,0.6169896125793457,6.414966106414795,6.939213752746582
frame_000556.png,111.82685852050781,32.942325592041016,155.36602783203125,0.6620818376541138,6.401779651641846,6.940951824188232
frame_000557.png,112.06270599365234,33.00973129272461,155.590576171875,0.7067053318023682,6.399487495422363,6.9378437995910645
frame_000558.png,112.3009262084961,33.08082580566406,155.8424835205078,0.7399807572364807,6.400081157684326,6.948726177215576
frame_000559.png,112.53646087646484,33.173240661621094,156.06771850585938,0.7938137054443359,6.398698806762695,6.956570625305176
frame_000560.png,112.80827331542969,33.26091003417969,156.2806854248047,0.8655839562416077,6.404503345489502,6.976696014404297
frame_000561.png,113.08389282226562,33.35415267944336,156.4935760498047,0.9254436492919922,6.4088006019592285,7.01821756362915
frame_000562.png,113.3781967163086,33.43776321411133,156.70281982421875,0.9542167782783508,6.406932353973389,7.070840358734131
frame_000563.png,113.69315338134766,33.51921463012695,156.97080993652344,0.9783908724784851,6.408585548400879,7.156010627746582
frame_000564.png,114.0063247680664,33.60533142089844,157.2686004638672,0.9649762511253357,6.409702777862549,7.251148223876953
frame_000565.png,114.30152130126953,33.688419342041016,157.56072998046875,0.9734050035476685,6.404201984405518,7.357419967651367
frame_000566.png,114.56356811523438,33.7774658203125,157.8926544189453,0.9516332149505615,6.4032135009765625,7.453986644744873
frame_000567.png,114.83031463623047,33.861061096191406,158.21719360351562,0.9414218664169312,6.403391361236572,7.5549774169921875
frame_000568.png,115.10430908203125,33.931884765625,158.52378845214844,0.9369723200798035,6.403042793273926,7.658825397491455
frame_000569.png,115.36672973632812,34.00703430175781,158.8346405029297,0.9217560887336731,6.399081707000732,7.748993396759033
frame_000570.png,115.6313705444336,34.088558197021484,159.12112426757812,0.9063044786453247,6.393229007720947,7.843460559844971
frame_000571.png,115.89479064941406,34.17362594604492,159.37765502929688,0.9072597026824951,6.385643005371094,7.952577114105225
frame_000572.png,116.14550018310547,34.257755279541016,159.6349334716797,0.8929534554481506,6.379179954528809,8.044017791748047
frame_000573.png,116.3948974609375,34.34709548950195,159.8553466796875,0.8854315280914307,6.364957332611084,8.121506690979004
frame_000574.png,116.6688003540039,34.448387145996094,160.07369995117188,0.869252622127533,6.356847763061523,8.203310012817383
frame_000575.png,116.96748352050781,34.54420852661133,160.27127075195312,0.8764346837997437,6.353370666503906,8.308082580566406
frame_000576.png,117.29620361328125,34.621307373046875,160.4386444091797,0.8940272331237793,6.358259677886963,8.439231872558594
frame_000577.png,117.58934783935547,34.69316864013672,160.62657165527344,0.8664766550064087,6.35553503036499,8.541241645812988
frame_000578.png,117.86933135986328,34.758392333984375,160.81585693359375,0.8417816162109375,6.351943492889404,8.613791465759277
frame_000579.png,118.15141296386719,34.81003189086914,160.99322509765625,0.8286154270172119,6.342040538787842,8.688641548156738
frame_000580.png,118.43535614013672,34.85059356689453,161.148193359375,0.8274174928665161,6.333102703094482,8.755325317382812
frame_000581.png,118.71038818359375,34.88386154174805,161.29705810546875,0.8390207886695862,6.330252647399902,8.804137229919434
frame_000582.png,118.97329711914062,34.9119873046875,161.44334411621094,0.85280442237854,6.33270263671875,8.839972496032715
frame_000583.png,119.23417663574219,34.93803405761719,161.581298828125,0.8685166835784912,6.338813304901123,8.8685941696167
frame_000584.png,119.49126434326172,34.9641227722168,161.71868896484375,0.8809630870819092,6.341711044311523,8.891104698181152
frame_000585.png,119.73503112792969,34.990108489990234,161.8716583251953,0.8883350491523743,6.33705997467041,8.902558326721191
frame_000586.png,119.96217346191406,35.030128479003906,162.0577850341797,0.879244327545166,6.335870742797852,8.895586967468262
frame_000587.png,120.18305206298828,35.0766487121582,162.26458740234375,0.853028416633606,6.338953018188477,8.899828910827637
frame_000588.png,120.41419982910156,35.13396072387695,162.4769744873047,0.8422251343727112,6.345527172088623,8.904300689697266
frame_000589.png,120.64823913574219,35.17831802368164,162.67884826660156,0.814268171787262,6.358637809753418,8.949959754943848
frame_000590.png,120.85757446289062,35.21696853637695,162.90194702148438,0.80660080909729,6.373906135559082,9.02846622467041
frame_000591.png,121.04969024658203,35.266807556152344,163.1493682861328,0.7942388653755188,6.404502868652344,9.08427906036377
frame_000592.png,121.25706481933594,35.30341339111328,163.41287231445312,0.7632977366447449,6.439390182495117,9.156046867370605
frame_000593.png,121.48506164550781,35.3267936706543,163.63731384277344,0.7542376518249512,6.468530654907227,9.2174654006958
frame_000594.png,121.70819091796875,35.34112548828125,163.83338928222656,0.7567989230155945,6.4879560470581055,9.26058578491211
frame_000595.png,121.93840789794922,35.35350799560547,164.00204467773438,0.7751617431640625,6.502679347991943,9.289737701416016
frame_000596.png,122.17259979248047,35.363643646240234,164.16090393066406,0.797082245349884,6.514526844024658,9.308661460876465
frame_000597.png,122.39427185058594,35.369503021240234,164.35885620117188,0.8052465319633484,6.530770778656006,9.305485725402832
frame_000598.png,122.54481506347656,35.37471389770508,164.62255859375,0.831290602684021,6.5578413009643555,9.293923377990723
frame_000599.png,122.69242095947266,35.37742614746094,164.90084838867188,0.8472396731376648,6.577609539031982,9.274487495422363
frame_000600.png,122.7947998046875,35.374324798583984,165.2330322265625,0.842449426651001,6.5991129875183105,9.27006721496582
frame_000601.png,122.90380096435547,35.370052337646484,165.5558624267578,0.8395398259162903,6.616429328918457,9.269416809082031
frame_000602.png,123.0512466430664,35.38575744628906,165.8949737548828,0.8270074725151062,6.637187957763672,9.260112762451172
frame_000603.png,123.21599578857422,35.40335464477539,166.23460388183594,0.778468906879425,6.662338733673096,9.227612495422363
frame_000604.png,123.41008758544922,35.427059173583984,166.5648651123047,0.7624256014823914,6.682865619659424,9.219263076782227
frame_000605.png,123.61024475097656,35.484989166259766,166.86691284179688,0.7800639271736145,6.678526878356934,9.197011947631836
frame_000606.png,123.7931137084961,35.548519134521484,167.14141845703125,0.8158991932868958,6.664540767669678,9.165609359741211
frame_000607.png,123.96588134765625,35.62263870239258,167.44007873535156,0.8412120342254639,6.655689716339111,9.132721900939941
frame_000608.png,124.12716674804688,35.687286376953125,167.77191162109375,0.8738367557525635,6.6490654945373535,9.106986045837402
frame_000609.png,124.27584838867188,35.74113845825195,168.12501525878906,0.9092063307762146,6.648308753967285,9.076455116271973
frame_000610.png,124.41288757324219,35.783973693847656,168.50543212890625,0.9453555941581726,6.652368068695068,9.042461395263672
frame_000611.png,124.53982543945312,35.81740188598633,168.9020233154297,0.9828113317489624,6.661886692047119,9.007928848266602
frame_000612.png,124.6612777709961,35.846927642822266,169.30374145507812,1.0212239027023315,6.674989700317383,8.967266082763672
frame_000613.png,124.78020477294922,35.87868118286133,169.70266723632812,1.063543438911438,6.6868391036987305,8.922428131103516
frame_000614.png,124.90989685058594,35.90802001953125,170.11436462402344,1.1137380599975586,6.702223777770996,8.874711036682129
frame_000615.png,125.03662109375,35.938053131103516,170.5285186767578,1.1585980653762817,6.714537143707275,8.836254119873047
frame_000616.png,125.1613540649414,35.9696159362793,170.9200897216797,1.2070739269256592,6.716439247131348,8.816574096679688
frame_000617.png,125.30188751220703,36.02342987060547,171.26043701171875,1.2617511749267578,6.705193042755127,8.804081916809082
frame_000618.png,125.46232604980469,36.094234466552734,171.55496215820312,1.3124275207519531,6.687632083892822,8.78303050994873
frame_000619.png,125.63805389404297,36.17649841308594,171.84112548828125,1.3584882020950317,6.675724506378174,8.74191665649414
frame_000620.png,125.81754302978516,36.261104583740234,172.1269073486328,1.401155710220337,6.670105457305908,8.69599723815918
frame_000621.png,125.99767303466797,36.33755111694336,172.4056854248047,1.437586784362793,6.673244953155518,8.646187782287598
frame_000622.png,126.1778564453125,36.4046516418457,172.68519592285156,1.470482587814331,6.684305191040039,8.600123405456543
frame_000623.png,126.3543472290039,36.46091842651367,172.9692840576172,1.4955663681030273,6.699577331542969,8.554597854614258
frame_000624.png,126.52803039550781,36.51252746582031,173.25306701660156,1.5197170972824097,6.7146687507629395,8.509710311889648
frame_000625.png,126.70223999023438,36.56765365600586,173.5310516357422,1.5467039346694946,6.725255966186523,8.46558666229248
frame_000626.png,126.88114929199219,36.62989807128906,173.8032989501953,1.5793887376785278,6.726865768432617,8.417065620422363
frame_000627.png,127.06348419189453,36.69532012939453,174.0717315673828,1.6221318244934082,6.719937801361084,8.364094734191895
frame_000628.png,127.23775482177734,36.76724624633789,174.34298706054688,1.6730014085769653,6.705254077911377,8.314560890197754
frame_000629.png,127.39142608642578,36.8513069152832,174.6409912109375,1.7109731435775757,6.69251012802124,8.25971508026123
frame_000630.png,127.53238677978516,36.93756866455078,174.97496032714844,1.759149193763733,6.682416915893555,8.223308563232422
frame_000631.png,127.67333984375,37.021263122558594,175.3260498046875,1.7923951148986816,6.675865650177002,8.200722694396973
frame_000632.png,127.80081176757812,37.098236083984375,175.67587280273438,1.8168103694915771,6.6673583984375,8.194291114807129
frame_000633.png,127.94609832763672,37.17331314086914,176.02362060546875,1.8422048091888428,6.6651997566223145,8.201851844787598
frame_000634.png,128.086181640625,37.24988555908203,176.3513641357422,1.8520060777664185,6.664026737213135,8.205347061157227
frame_000635.png,128.25335693359375,37.331336975097656,176.67503356933594,1.8358471393585205,6.670400142669678,8.228342056274414
frame_000636.png,128.4480743408203,37.41899490356445,177.0113983154297,1.8081470727920532,6.689305782318115,8.266159057617188
frame_000637.png,128.64181518554688,37.50944900512695,177.37356567382812,1.7658611536026,6.719008922576904,8.30170726776123
frame_000638.png,128.83509826660156,37.59992980957031,177.75607299804688,1.7298134565353394,6.754889011383057,8.32002067565918
frame_000639.png,129.0337677001953,37.686561584472656,178.14254760742188,1.699889063835144,6.794504642486572,8.329702377319336
frame_000640.png,129.2361602783203,37.77134323120117,178.52877807617188,1.6728956699371338,6.835394859313965,8.32646656036377
frame_000641.png,129.4348602294922,37.85411834716797,178.90342712402344,1.642073154449463,6.87761116027832,8.320561408996582
frame_000642.png,129.63218688964844,37.937034606933594,179.26596069335938,1.6087831258773804,6.917336463928223,8.334639549255371
frame_000643.png,129.81385803222656,38.00830841064453,179.58738708496094,1.599760890007019,6.939062118530273,8.34001636505127
frame_000644.png,129.97509765625,38.055198669433594,179.92514038085938,1.6348687410354614,6.9589996337890625,8.355253219604492
frame_000645.png,130.10833740234375,38.1046028137207,180.23419189453125,1.684977650642395,6.972934246063232,8.37157154083252
frame_000646.png,130.2755889892578,38.17639923095703,180.52182006835938,1.764115810394287,6.9788312911987305,8.359435081481934
frame_000647.png,130.4546661376953,38.24795913696289,180.7935791015625,1.8271918296813965,6.979136943817139,8.320694923400879
frame_000648.png,130.6632843017578,38.31828689575195,181.061279296875,1.887152910232544,6.980806350708008,8.28013801574707
frame_000649.png,130.8531951904297,38.37671661376953,181.33897399902344,1.925410270690918,6.993248462677002,8.266091346740723
frame_000650.png,131.04713439941406,38.41825866699219,181.6529083251953,1.9317677021026611,7.010600566864014,8.238512992858887
frame_000651.png,131.23927307128906,38.4492073059082,181.98736572265625,1.9251973628997803,7.0352559089660645,8.212102890014648
frame_000652.png,131.43080139160156,38.47520446777344,182.30673217773438,1.9419001340866089,7.058022499084473,8.184075355529785
frame_000653.png,131.62103271484375,38.48469161987305,182.63499450683594,1.9403650760650635,7.079388618469238,8.160897254943848
frame_000654.png,131.8278350830078,38.49310302734375,182.961669921875,1.941616177558899,7.092523574829102,8.145184516906738
frame_000655.png,132.05145263671875,38.499725341796875,183.2758331298828,1.9488275051116943,7.097574710845947,8.145716667175293
frame_000656.png,132.283203125,38.51142883300781,183.5963897705078,1.9477941989898682,7.106135368347168,8.149584770202637
frame_000657.png,132.50888061523438,38.521583557128906,183.9163360595703,1.944889783859253,7.115167617797852,8.163026809692383
frame_000658.png,132.7377471923828,38.525489807128906,184.23046875,1.9446067810058594,7.125770092010498,8.179718971252441
frame_000659.png,132.9669189453125,38.527809143066406,184.54100036621094,1.939443588256836,7.137447357177734,8.19433879852295
frame_000660.png,133.1872100830078,38.524818420410156,184.8531036376953,1.9291515350341797,7.150753498077393,8.202094078063965
frame_000661.png,133.39984130859375,38.51763916015625,185.17160034179688,1.9131410121917725,7.165834903717041,8.204970359802246
frame_000662.png,133.6126708984375,38.512508392333984,185.48794555664062,1.8984496593475342,7.176382541656494,8.216294288635254
frame_000663.png,133.82827758789062,38.50870132446289,185.79837036132812,1.8805278539657593,7.189001083374023,8.235150337219238
frame_000664.png,134.05404663085938,38.505821228027344,186.094482421875,1.8794691562652588,7.199720859527588,8.255070686340332
frame_000665.png,134.2796630859375,38.51153564453125,186.38172912597656,1.891202449798584,7.21439790725708,8.2724609375
frame_000666.png,134.46864318847656,38.520633697509766,186.71665954589844,1.8594269752502441,7.244061470031738,8.247942924499512
frame_000667.png,134.64015197753906,38.52454376220703,187.0491180419922,1.8304420709609985,7.27557373046875,8.221792221069336
frame_000668.png,134.83546447753906,38.53679656982422,187.4005889892578,1.8303956985473633,7.3117780685424805,8.190847396850586
frame_000669.png,135.0432891845703,38.53654479980469,187.77572631835938,1.8659182786941528,7.349175453186035,8.172496795654297
frame_000670.png,135.23757934570312,38.53083038330078,188.1508026123047,1.9253281354904175,7.37945032119751,8.163275718688965
frame_000671.png,135.42007446289062,38.525272369384766,188.52374267578125,2.002371072769165,7.406432151794434,8.135724067687988
frame_000672.png,135.5858917236328,38.522552490234375,188.8981170654297,2.0799002647399902,7.4344987869262695,8.084493637084961
frame_000673.png,135.74501037597656,38.51914596557617,189.26531982421875,2.161372423171997,7.461197853088379,8.0285062789917
frame_000674.png,135.902099609375,38.5141487121582,189.6284942626953,2.2446165084838867,7.4884138107299805,7.971599578857422
frame_000675.png,136.0570831298828,38.51004409790039,189.98736572265625,2.328449249267578,7.5162553787231445,7.915236949920654
frame_000676.png,136.21478271484375,38.5046501159668,190.338134765625,2.4164130687713623,7.5427703857421875,7.8609747886657715
frame_000677.png,136.37681579589844,38.4963264465332,190.68568420410156,2.500469207763672,7.569695949554443,7.813158988952637
frame_000678.png,136.5384063720703,38.48369598388672,191.03982543945312,2.5777249336242676,7.598946571350098,7.757721900939941
frame_000679.png,136.68435668945312,38.467308044433594,191.4209747314453,2.6354124546051025,7.635250568389893,7.691747188568115
frame_000680.png,136.81649780273438,38.44937515258789,191.82708740234375,2.6721155643463135,7.675631523132324,7.635421276092529
frame_000681.png,136.94813537597656,38.42596435546875,192.2378387451172,2.6995108127593994,7.718985080718994,7.590939521789551
frame_000682.png,137.09634399414062,38.39195251464844,192.65118408203125,2.731593608856201,7.755788326263428,7.538714408874512
frame_000683.png,137.2369842529297,38.36152267456055,193.08035278320312,2.7434988021850586,7.794646263122559,7.483358383178711
frame_000684.png,137.36158752441406,38.32607650756836,193.51625061035156,2.736844062805176,7.84124231338501,7.428732395172119
frame_000685.png,137.46969604492188,38.28117752075195,193.9627685546875,2.7241017818450928,7.884790420532227,7.374821186065674
frame_000686.png,137.57217407226562,38.22688293457031,194.4148406982422,2.6974973678588867,7.931490421295166,7.327573299407959
frame_000687.png,137.6848907470703,38.16881561279297,194.8642578125,2.6679611206054688,7.975860118865967,7.291194438934326
frame_000688.png,137.81329345703125,38.11368942260742,195.3108367919922,2.639002561569214,8.01595401763916,7.261337757110596
frame_000689.png,137.9616241455078,38.068359375,195.7379913330078,2.616976499557495,8.049724578857422,7.236027717590332
frame_000690.png,138.13522338867188,38.03458786010742,196.13961791992188,2.600879669189453,8.076199531555176,7.214409828186035
frame_000691.png,138.32785034179688,38.01219940185547,196.51158142089844,2.5861215591430664,8.096590995788574,7.19398307800293
frame_000692.png,138.53489685058594,37.9986572265625,196.85646057128906,2.573676109313965,8.112224578857422,7.172144889831543
frame_000693.png,138.74392700195312,37.98996353149414,197.1940460205078,2.5553696155548096,8.12829875946045,7.142969131469727
frame_000694.png,138.92710876464844,37.96928405761719,197.55838012695312,2.522308588027954,8.155197143554688,7.111011028289795
frame_000695.png,139.07533264160156,37.94197463989258,197.9505157470703,2.4743897914886475,8.190850257873535,7.069190979003906
frame_000696.png,139.2168426513672,37.91890335083008,198.34861755371094,2.43349027633667,8.231322288513184,7.0178704261779785
frame_000697.png,139.377197265625,37.89957046508789,198.75157165527344,2.3992438316345215,8.270916938781738,6.964117527008057
frame_000698.png,139.5483856201172,37.877925872802734,199.19607543945312,2.384718179702759,8.316537857055664,6.914815902709961
frame_000699.png,139.70997619628906,37.8519401550293,199.64549255371094,2.3842973709106445,8.359517097473145,6.881740093231201
frame_000700.png,139.85459899902344,37.8223762512207,200.08970642089844,2.401309013366699,8.399721145629883,6.860279560089111
frame_000701.png,139.99380493164062,37.80241775512695,200.5536346435547,2.4280834197998047,8.440383911132812,6.825164318084717
frame_000702.png,140.13006591796875,37.78864669799805,201.0102081298828,2.4550323486328125,8.477824211120605,6.787720680236816
frame_000703.png,140.26358032226562,37.777183532714844,201.460693359375,2.475785970687866,8.513139724731445,6.747228145599365
frame_000704.png,140.39022827148438,37.76396942138672,201.91307067871094,2.4887044429779053,8.546235084533691,6.706118583679199
frame_000705.png,140.51405334472656,37.74940490722656,202.36709594726562,2.5071299076080322,8.579303741455078,6.666068077087402
frame_000706.png,140.64105224609375,37.735347747802734,202.82369995117188,2.5291366577148438,8.613350868225098,6.6251325607299805
frame_000707.png,140.77040100097656,37.72064208984375,203.2713623046875,2.5537662506103516,8.650687217712402,6.586659908294678
frame_000708.png,140.90283203125,37.694332122802734,203.70811462402344,2.573333740234375,8.685698509216309,6.532456874847412
frame_000709.png,141.03225708007812,37.666866302490234,204.15940856933594,2.580044984817505,8.725778579711914,6.480339527130127
frame_000710.png,141.15713500976562,37.642635345458984,204.61170959472656,2.5808887481689453,8.761877059936523,6.437851428985596
frame_000711.png,141.2861328125,37.610816955566406,205.062744140625,2.5853805541992188,8.80109977722168,6.399706840515137
frame_000712.png,141.40997314453125,37.57719802856445,205.5151824951172,2.581082344055176,8.841085433959961,6.36066198348999
frame_000713.png,141.54859924316406,37.554813385009766,205.9501953125,2.5779967308044434,8.868767738342285,6.337916851043701
frame_000714.png,141.6763153076172,37.53139877319336,206.369384765625,2.574340581893921,8.888141632080078,6.321380138397217
frame_000715.png,141.8120880126953,37.506507873535156,206.76556396484375,2.572929859161377,8.90632152557373,6.308489799499512
frame_000716.png,141.9192352294922,37.48208236694336,207.1625518798828,2.5765624046325684,8.930269241333008,6.316961765289307
frame_000717.png,141.98439025878906,37.46601486206055,207.56417846679688,2.5619704723358154,8.958956718444824,6.3175368309021
frame_000718.png,141.9938201904297,37.45024871826172,207.96658325195312,2.5266127586364746,8.972892761230469,6.29599142074585
frame_000719.png,141.96310424804688,37.456417083740234,208.39344787597656,2.4647371768951416,8.982590675354004,6.269265174865723
frame_000720.png,141.9121856689453,37.48453903198242,208.78671264648438,2.423414945602417,8.964157104492188,6.251009941101074
frame_000721.png,141.83718872070312,37.52354431152344,209.1754608154297,2.3627431392669678,8.943974494934082,6.216998100280762
frame_000722.png,141.7703094482422,37.56589889526367,209.554931640625,2.2889404296875,8.93152141571045,6.181821346282959
frame_000723.png,141.7191162109375,37.597869873046875,209.9229736328125,2.2377772331237793,8.924259185791016,6.167673587799072
frame_000724.png,141.6733856201172,37.62162399291992,210.29913330078125,2.2008090019226074,8.925786018371582,6.160789966583252
frame_000725.png,141.6210479736328,37.635040283203125,210.6897430419922,2.1629624366760254,8.930949211120605,6.157416820526123
frame_000726.png,141.55108642578125,37.63908004760742,211.08860778808594,2.1187589168548584,8.937541007995605,6.13338041305542
frame_000727.png,141.46603393554688,37.63500213623047,211.4866943359375,2.0702240467071533,8.945655822753906,6.098083019256592
frame_000728.png,141.3653564453125,37.61923599243164,211.88255310058594,2.023604393005371,8.958307266235352,6.066982746124268
frame_000729.png,141.24343872070312,37.58867645263672,212.24057006835938,1.996127963066101,8.966913223266602,6.025968074798584
frame_000730.png,141.0811004638672,37.550559997558594,212.5817413330078,1.9720053672790527,8.963563919067383,5.989354133605957
frame_000731.png,140.93234252929688,37.517784118652344,212.92550659179688,1.9421523809432983,8.968602180480957,5.9924211502075195
frame_000732.png,140.8498992919922,37.52604675292969,213.31394958496094,1.8720146417617798,8.95916748046875,6.018499851226807
frame_000733.png,140.84591674804688,37.54656982421875,213.7063751220703,1.814107894897461,8.941892623901367,6.0701494216918945
frame_000734.png,140.90269470214844,37.5838623046875,214.08216857910156,1.8000351190567017,8.931675910949707,6.1274189949035645
frame_000735.png,141.0226287841797,37.62800598144531,214.43849182128906,1.791186809539795,8.909882545471191,6.160049915313721
frame_000736.png,141.2017822265625,37.685264587402344,214.7753448486328,1.7953457832336426,8.880230903625488,6.17157506942749
frame_000737.png,141.41160583496094,37.74564743041992,215.1034698486328,1.799268364906311,8.84922981262207,6.16229248046875
frame_000738.png,141.63873291015625,37.81419372558594,215.41650390625,1.8104337453842163,8.81985092163086,6.144402980804443
frame_000739.png,141.86904907226562,37.88226318359375,215.7250213623047,1.8237152099609375,8.792832374572754,6.117117881774902
frame_000740.png,142.10284423828125,37.94635772705078,216.02198791503906,1.8357956409454346,8.772971153259277,6.099972248077393
frame_000741.png,142.3346405029297,38.025421142578125,216.30059814453125,1.8486226797103882,8.745539665222168,6.08650541305542
frame_000742.png,142.55642700195312,38.107791900634766,216.59429931640625,1.8124347925186157,8.708086967468262,6.057967185974121
frame_000743.png,142.75816345214844,38.204532623291016,216.9123992919922,1.7581998109817505,8.661276817321777,6.0510759353637695
frame_000744.png,142.94593811035156,38.31869125366211,217.2497100830078,1.6832274198532104,8.62884521484375,6.062180995941162
frame_000745.png,143.1125030517578,38.44736862182617,217.56800842285156,1.5992683172225952,8.60386848449707,6.056521892547607
frame_000746.png,143.23812866210938,38.5557861328125,217.88719177246094,1.5357122421264648,8.597028732299805,6.104872226715088
frame_000747.png,143.33883666992188,38.65376281738281,218.2085723876953,1.4814739227294922,8.598180770874023,6.147802829742432
frame_000748.png,143.41824340820312,38.75144577026367,218.5253448486328,1.423529863357544,8.599696159362793,6.166027545928955
frame_000749.png,143.45108032226562,38.85990524291992,218.84249877929688,1.3714021444320679,8.605847358703613,6.166360855102539
frame_000750.png,143.4768524169922,38.96388244628906,219.1387939453125,1.3504059314727783,8.619662284851074,6.175991535186768
frame_000751.png,143.50930786132812,39.05140686035156,219.41250610351562,1.3561866283416748,8.634357452392578,6.203322887420654
frame_000752.png,143.5433349609375,39.124061584472656,219.68838500976562,1.3618929386138916,8.639740943908691,6.240981101989746
frame_000753.png,143.5790252685547,39.19060516357422,219.94512939453125,1.35952627658844,8.647859573364258,6.278046607971191
frame_000754.png,143.593994140625,39.24184036254883,220.20623779296875,1.3485037088394165,8.65981674194336,6.312442779541016
frame_000755.png,143.5885772705078,39.277870178222656,220.4755096435547,1.3274011611938477,8.673616409301758,6.340992450714111
frame_000756.png,143.5806121826172,39.30220413208008,220.7416229248047,1.2992117404937744,8.687499046325684,6.359928131103516
frame_000757.png,143.59591674804688,39.321128845214844,221.00743103027344,1.2761013507843018,8.706223487854004,6.38762092590332
frame_000758.png,143.63653564453125,39.35382080078125,221.2689971923828,1.2665112018585205,8.729798316955566,6.422614097595215
frame_000759.png,143.69590759277344,39.397315979003906,221.53240966796875,1.2317755222320557,8.752730369567871,6.454498291015625
frame_000760.png,143.77621459960938,39.46003341674805,221.79637145996094,1.1885637044906616,8.773343086242676,6.456862449645996
frame_000761.png,143.87289428710938,39.53007125854492,222.065185546875,1.1369266510009766,8.78045654296875,6.451199054718018
frame_000762.png,143.97189331054688,39.588748931884766,222.34532165527344,1.0874791145324707,8.789202690124512,6.418917655944824
frame_000763.png,144.06642150878906,39.65473937988281,222.66062927246094,1.064620018005371,8.795404434204102,6.392120838165283
frame_000764.png,144.17031860351562,39.69965744018555,222.9976043701172,1.0367199182510376,8.781641006469727,6.345470428466797
frame_000765.png,144.31854248046875,39.74550247192383,223.34576416015625,1.0061229467391968,8.776094436645508,6.284731388092041
frame_000766.png,144.48326110839844,39.78413009643555,223.69210815429688,0.9522210359573364,8.772324562072754,6.213298797607422
frame_000767.png,144.6556854248047,39.81963348388672,224.03880310058594,0.8952407836914062,8.775554656982422,6.131551265716553
frame_000768.png,144.84060668945312,39.85084915161133,224.38693237304688,0.8507947325706482,8.78998851776123,6.048240661621094
frame_000769.png,145.02537536621094,39.878013610839844,224.74606323242188,0.8277953267097473,8.812948226928711,5.96870231628418
frame_000770.png,145.20252990722656,39.89482879638672,225.11251831054688,0.8154584765434265,8.832528114318848,5.904083728790283
frame_000771.png,145.38272094726562,39.89318084716797,225.50059509277344,0.8067669868469238,8.849841117858887,5.857964992523193
frame_000772.png,145.57424926757812,39.878910064697266,225.8779754638672,0.8008077144622803,8.86036491394043,5.830774307250977
frame_000773.png,145.7633819580078,39.86379623413086,226.2433319091797,0.8032763004302979,8.857931137084961,5.8291401863098145
frame_000774.png,145.9517059326172,39.85196304321289,226.61228942871094,0.791068434715271,8.851977348327637,5.860568046569824
frame_000775.png,146.14068603515625,39.84161376953125,226.9726104736328,0.7412343621253967,8.841764450073242,5.900918006896973
frame_000776.png,146.36000061035156,39.869728088378906,227.3222198486328,0.7203142642974854,8.832873344421387,5.9709343910217285
frame_000777.png,146.58270263671875,39.93669128417969,227.66348266601562,0.7041078805923462,8.849623680114746,6.0409321784973145
frame_000778.png,146.80609130859375,40.013004302978516,228.0243682861328,0.6637830138206482,8.86380672454834,6.081111907958984
frame_000779.png,147.0100860595703,40.08858871459961,228.38136291503906,0.6255573034286499,8.898673057556152,6.079838752746582
frame_000780.png,147.15328979492188,40.15492248535156,228.72792053222656,0.5936760902404785,8.94052791595459,6.063943862915039
frame_000781.png,147.23663330078125,40.23503875732422,229.10491943359375,0.5502102971076965,8.960640907287598,6.0412774085998535
frame_000782.png,147.3101348876953,40.3189697265625,229.45022583007812,0.5062244534492493,8.977429389953613,6.015438556671143
frame_000783.png,147.3731231689453,40.410179138183594,229.80616760253906,0.41313520073890686,9.001544952392578,5.988899230957031
frame_000784.png,147.39727783203125,40.507137298583984,230.1503143310547,0.3229544162750244,9.012269973754883,5.968713283538818
frame_000785.png,147.41937255859375,40.610172271728516,230.49539184570312,0.22678887844085693,9.025369644165039,5.951883792877197
frame_000786.png,147.4320831298828,40.711181640625,230.84275817871094,0.1435546576976776,9.040721893310547,5.93960428237915
frame_000787.png,147.4380340576172,40.81168746948242,231.1851348876953,0.07863853871822357,9.05667495727539,5.919723033905029
frame_000788.png,147.43502807617188,40.91642379760742,231.51312255859375,0.03689122200012207,9.069087028503418,5.889341354370117
frame_000789.png,147.42977905273438,41.02037811279297,231.8326873779297,0.0015326961874961853,9.078912734985352,5.844655990600586
frame_000790.png,147.40802001953125,41.120548248291016,232.17088317871094,-0.04120098799467087,9.089327812194824,5.7790913581848145
frame_000791.png,147.38162231445312,41.21739959716797,232.527587890625,-0.08049158751964569,9.09986400604248,5.7029266357421875
frame_000792.png,147.38430786132812,41.29924011230469,232.91629028320312,-0.1461104303598404,9.107699394226074,5.626579284667969
frame_000793.png,147.38217163085938,41.34457015991211,233.34698486328125,-0.21468840539455414,9.118433952331543,5.548270225524902
frame_000794.png,147.42311096191406,41.396209716796875,233.7784881591797,-0.273642897605896,9.130928993225098,5.477144718170166
frame_000795.png,147.56175231933594,41.467952728271484,234.19485473632812,-0.2835959196090698,9.140331268310547,5.447821617126465
frame_000796.png,147.76954650878906,41.540611267089844,234.5880126953125,-0.27494463324546814,9.148294448852539,5.449060440063477
frame_000797.png,147.97955322265625,41.61949920654297,234.9832305908203,-0.29433679580688477,9.167984962463379,5.415177345275879
frame_000798.png,148.2122039794922,41.700347900390625,235.37744140625,-0.3114584684371948,9.18603229522705,5.382448196411133
frame_000799.png,148.44744873046875,41.77007293701172,235.7830047607422,-0.3356996774673462,9.198110580444336,5.3632426261901855
frame_000800.png,148.68655395507812,41.83643341064453,236.20008850097656,-0.33932608366012573,9.212072372436523,5.36322546005249
frame_000801.png,148.92672729492188,41.898109436035156,236.6248321533203,-0.3353573977947235,9.227971076965332,5.382373332977295
frame_000802.png,149.15802001953125,41.94465637207031,237.0677947998047,-0.3381579518318176,9.246848106384277,5.412596225738525
frame_000803.png,149.37490844726562,41.97738265991211,237.5292510986328,-0.34262216091156006,9.264280319213867,5.4413604736328125
frame_000804.png,149.5908966064453,42.02177810668945,237.98350524902344,-0.35497942566871643,9.276302337646484,5.464311122894287
frame_000805.png,149.8038330078125,42.085784912109375,238.40672302246094,-0.3701775372028351,9.287033081054688,5.463711261749268
frame_000806.png,150.02316284179688,42.1577033996582,238.8014373779297,-0.38115713000297546,9.299308776855469,5.476574420928955
frame_000807.png,150.25375366210938,42.232398986816406,239.16571044921875,-0.3628699779510498,9.312237739562988,5.517785549163818
frame_000808.png,150.47390747070312,42.317115783691406,239.53550720214844,-0.3607240319252014,9.318013191223145,5.548489093780518
frame_000809.png,150.6750946044922,42.401634216308594,239.88502502441406,-0.3629774749279022,9.32424259185791,5.566489219665527
frame_000810.png,150.90403747558594,42.48429489135742,240.2013702392578,-0.3583158552646637,9.336342811584473,5.601919651031494
frame_000811.png,151.1355743408203,42.5653076171875,240.5310821533203,-0.3545958995819092,9.348694801330566,5.687711715698242
frame_000812.png,151.38876342773438,42.65703201293945,240.8697509765625,-0.33599838614463806,9.345744132995605,5.806269645690918
frame_000813.png,151.6402130126953,42.75212097167969,241.1902618408203,-0.29938840866088867,9.324423789978027,5.922919273376465
frame_000814.png,151.85028076171875,42.845523834228516,241.50262451171875,-0.2664753794670105,9.302757263183594,6.008366584777832
frame_000815.png,152.05514526367188,42.93556594848633,241.7760772705078,-0.2339695394039154,9.280781745910645,6.064244270324707
frame_000816.png,152.24148559570312,43.0324821472168,242.02606201171875,-0.20825719833374023,9.257392883300781,6.093023300170898
frame_000817.png,152.43650817871094,43.129432678222656,242.2523651123047,-0.18198740482330322,9.235236167907715,6.132458209991455
frame_000818.png,152.6438446044922,43.2286262512207,242.446533203125,-0.15166231989860535,9.21844482421875,6.178997993469238
frame_000819.png,152.8668975830078,43.332359313964844,242.6198272705078,-0.13390184938907623,9.208305358886719,6.23516321182251
frame_000820.png,153.10826110839844,43.44055938720703,242.78271484375,-0.1329253911972046,9.202544212341309,6.305126190185547
frame_000821.png,153.3739013671875,43.55123519897461,242.93878173828125,-0.11832014471292496,9.197674751281738,6.388671398162842
frame_000822.png,153.6602020263672,43.66110610961914,243.10765075683594,-0.09585058689117432,9.202115058898926,6.485142230987549
frame_000823.png,153.93690490722656,43.761478424072266,243.29005432128906,-0.07923011481761932,9.208946228027344,6.593553066253662
frame_000824.png,154.18983459472656,43.84992218017578,243.50759887695312,-0.05867543816566467,9.218534469604492,6.699618339538574
frame_000825.png,154.41993713378906,43.926246643066406,243.7209014892578,-0.041030220687389374,9.23742389678955,6.793147563934326
frame_000826.png,154.64527893066406,44.00166702270508,243.9568328857422,-0.05236709862947464,9.268669128417969,6.876246929168701
frame_000827.png,154.86961364746094,44.08026123046875,244.2015380859375,-0.06792452931404114,9.311702728271484,6.951881408691406
frame_000828.png,155.10223388671875,44.173736572265625,244.45742797851562,-0.08353209495544434,9.351441383361816,7.037671089172363
frame_000829.png,155.32325744628906,44.272193908691406,244.70193481445312,-0.11585070192813873,9.388436317443848,7.109866619110107
frame_000830.png,155.55770874023438,44.378562927246094,244.8965606689453,-0.15698212385177612,9.424819946289062,7.17755651473999
frame_000831.png,155.81800842285156,44.48883056640625,245.05995178222656,-0.1833053082227707,9.457731246948242,7.268735885620117
frame_000832.png,156.08860778808594,44.596153259277344,245.21730041503906,-0.20810803771018982,9.48405933380127,7.371922492980957
frame_000833.png,156.36297607421875,44.697959899902344,245.33944702148438,-0.21557030081748962,9.500751495361328,7.462182998657227
frame_000834.png,156.63815307617188,44.810665130615234,245.45477294921875,-0.21477945148944855,9.519585609436035,7.534261226654053
frame_000835.png,156.901611328125,44.921478271484375,245.5526885986328,-0.18652859330177307,9.534003257751465,7.580318450927734
frame_000836.png,157.2025909423828,45.02996063232422,245.6200408935547,-0.1524544507265091,9.545740127563477,7.631438732147217
frame_000837.png,157.51185607910156,45.13941192626953,245.72938537597656,-0.13166141510009766,9.560944557189941,7.689439296722412
frame_000838.png,157.82371520996094,45.2490234375,245.8866424560547,-0.12289652228355408,9.584559440612793,7.750789642333984
frame_000839.png,158.1145782470703,45.36811828613281,246.06954956054688,-0.12673266232013702,9.609153747558594,7.798524856567383
frame_000840.png,158.39279174804688,45.48851776123047,246.23609924316406,-0.1375640332698822,9.629655838012695,7.861095428466797
frame_000841.png,158.6664581298828,45.6092414855957,246.3822479248047,-0.16034196317195892,9.649503707885742,7.929068565368652
frame_000842.png,158.92242431640625,45.72425842285156,246.53012084960938,-0.18897724151611328,9.668966293334961,7.987782955169678
frame_000843.png,159.15426635742188,45.8312873840332,246.68972778320312,-0.22127209603786469,9.68677043914795,8.025678634643555
frame_000844.png,159.36553955078125,45.93205642700195,246.86322021484375,-0.2508276700973511,9.701004028320312,8.044376373291016
frame_000845.png,159.5695037841797,46.02932357788086,247.03919982910156,-0.2714194655418396,9.711508750915527,8.05483627319336
frame_000846.png,159.77713012695312,46.128238677978516,247.20907592773438,-0.2848860025405884,9.717704772949219,8.063109397888184
frame_000847.png,159.9794158935547,46.229034423828125,247.3815460205078,-0.2952181100845337,9.716466903686523,8.068282127380371
frame_000848.png,160.20997619628906,46.33031463623047,247.53076171875,-0.29546698927879333,9.710858345031738,8.103217124938965
frame_000849.png,160.47015380859375,46.44064712524414,247.66261291503906,-0.28228580951690674,9.704930305480957,8.178609848022461
frame_000850.png,160.7235565185547,46.5524787902832,247.7964630126953,-0.2704187333583832,9.703951835632324,8.255956649780273
frame_000851.png,160.9955291748047,46.67499923706055,247.91310119628906,-0.281023234128952,9.70572280883789,8.333183288574219
frame_000852.png,161.27825927734375,46.81013107299805,248.011962890625,-0.29441019892692566,9.707398414611816,8.380804061889648
frame_000853.png,161.5836639404297,46.94900894165039,248.1025848388672,-0.3008078932762146,9.714990615844727,8.43309497833252
frame_000854.png,161.89260864257812,47.08864974975586,248.17803955078125,-0.2900426983833313,9.726495742797852,8.51308536529541
frame_000855.png,162.17018127441406,47.225589752197266,248.2534637451172,-0.28428179025650024,9.738016128540039,8.613869667053223
frame_000856.png,162.4279022216797,47.35954666137695,248.34661865234375,-0.2955836057662964,9.749658584594727,8.727834701538086
frame_000857.png,162.6508331298828,47.4860725402832,248.47877502441406,-0.32046446204185486,9.76066780090332,8.837681770324707
frame_000858.png,162.8597869873047,47.610958099365234,248.64071655273438,-0.3538994789123535,9.777749061584473,8.950556755065918
frame_000859.png,163.06597900390625,47.730533599853516,248.81216430664062,-0.390445739030838,9.800384521484375,9.068106651306152
frame_000860.png,163.2710723876953,47.846195220947266,248.98780822753906,-0.4288918673992157,9.827019691467285,9.189728736877441
frame_000861.png,163.48233032226562,47.96836853027344,249.1613311767578,-0.47192442417144775,9.853962898254395,9.306580543518066
frame_000862.png,163.6923828125,48.095184326171875,249.3434600830078,-0.5162239074707031,9.883010864257812,9.400296211242676
frame_000863.png,163.87098693847656,48.21559524536133,249.54537963867188,-0.5823990106582642,9.914765357971191,9.476997375488281
frame_000864.png,164.03915405273438,48.33926773071289,249.77093505859375,-0.6829688549041748,9.957818031311035,9.54378890991211
frame_000865.png,164.179931640625,48.45510482788086,250.02215576171875,-0.8027096390724182,10.000916481018066,9.61648178100586
frame_000866.png,164.30364990234375,48.56441116333008,250.28915405273438,-0.9268001317977905,10.040681838989258,9.700663566589355
frame_000867.png,164.4166717529297,48.67103576660156,250.5775604248047,-1.0535885095596313,10.072709083557129,9.79813289642334
frame_000868.png,164.51829528808594,48.78410339355469,250.8943634033203,-1.1783148050308228,10.107675552368164,9.878397941589355
frame_000869.png,164.62088012695312,48.905704498291016,251.20326232910156,-1.2957828044891357,10.137140274047852,9.964024543762207
frame_000870.png,164.74771118164062,49.03409957885742,251.485595703125,-1.3882044553756714,10.154973983764648,10.040740013122559
frame_000871.png,164.92303466796875,49.16139602661133,251.7082061767578,-1.4746274948120117,10.167596817016602,10.105732917785645
frame_000872.png,165.1340789794922,49.29144287109375,251.88653564453125,-1.5428507328033447,10.178593635559082,10.180059432983398
frame_000873.png,165.37144470214844,49.42522048950195,252.048095703125,-1.5872385501861572,10.186460494995117,10.269481658935547
frame_000874.png,165.62301635742188,49.55824279785156,252.201416015625,-1.6138323545455933,10.192596435546875,10.373697280883789
frame_000875.png,165.8844451904297,49.6879997253418,252.348388671875,-1.6287223100662231,10.199408531188965,10.487138748168945
frame_000876.png,166.15264892578125,49.81333923339844,252.48878479003906,-1.6395599842071533,10.207413673400879,10.60788345336914
frame_000877.png,166.42767333984375,49.93843078613281,252.61988830566406,-1.6482610702514648,10.215315818786621,10.728976249694824
frame_000878.png,166.7148895263672,50.07023239135742,252.74423217773438,-1.6578272581100464,10.223755836486816,10.843786239624023
frame_000879.png,167.01870727539062,50.20558547973633,252.87144470214844,-1.667412281036377,10.230396270751953,10.95881462097168
frame_000880.png,167.3217010498047,50.34567642211914,252.9976043701172,-1.6859253644943237,10.227261543273926,11.082521438598633
frame_000881.png,167.607177734375,50.487937927246094,253.13616943359375,-1.711661458015442,10.222504615783691,11.20112419128418
frame_000882.png,167.89370727539062,50.6308479309082,253.267578125,-1.7627094984054565,10.222685813903809,11.310086250305176
frame_000883.png,168.19593811035156,50.77682876586914,253.371337890625,-1.8178293704986572,10.225128173828125,11.391083717346191
frame_000884.png,168.51873779296875,50.92185592651367,253.4527130126953,-1.8481364250183105,10.233353614807129,11.463441848754883
frame_000885.png,168.8538818359375,51.059242248535156,253.51986694335938,-1.8741014003753662,10.244462013244629,11.537225723266602
frame_000886.png,169.17710876464844,51.195003509521484,253.58657836914062,-1.8885242938995361,10.255205154418945,11.633681297302246
frame_000887.png,169.49224853515625,51.327877044677734,253.6585235595703,-1.9056189060211182,10.256607055664062,11.749048233032227
frame_000888.png,169.81646728515625,51.46405792236328,253.7308349609375,-1.905651330947876,10.255754470825195,11.879820823669434
frame_000889.png,170.13153076171875,51.60601043701172,253.84046936035156,-1.9053696393966675,10.25792407989502,12.005341529846191
frame_000890.png,170.44471740722656,51.753013610839844,253.9673309326172,-1.9098470211029053,10.268889427185059,12.129444122314453
frame_000891.png,170.7606964111328,51.900856018066406,254.0873260498047,-1.922194480895996,10.283842086791992,12.258845329284668
frame_000892.png,171.07688903808594,52.04780578613281,254.20263671875,-1.9438515901565552,10.302484512329102,12.395822525024414
frame_000893.png,171.39480590820312,52.186485290527344,254.3232421875,-1.9722371101379395,10.327113151550293,12.535307884216309
frame_000894.png,171.70962524414062,52.31578826904297,254.4534454345703,-1.9986708164215088,10.352643013000488,12.672147750854492
frame_000895.png,172.01942443847656,52.44132614135742,254.5850830078125,-2.0301451683044434,10.375452995300293,12.79837703704834
frame_000896.png,172.32203674316406,52.569984436035156,254.73814392089844,-2.0740106105804443,10.397994995117188,12.909683227539062
frame_000897.png,172.61605834960938,52.7005729675293,254.9107208251953,-2.121337652206421,10.419772148132324,13.002915382385254
frame_000898.png,172.90695190429688,52.829078674316406,255.08883666992188,-2.161773681640625,10.442730903625488,13.088052749633789
frame_000899.png,173.18765258789062,52.95716857910156,255.2801055908203,-2.196011781692505,10.468146324157715,13.16740608215332
frame_000900.png,173.4671630859375,53.08073806762695,255.46624755859375,-2.225058078765869,10.497775077819824,13.25322151184082
frame_000901.png,173.7449493408203,53.199501037597656,255.64134216308594,-2.248704671859741,10.530522346496582,13.346887588500977
frame_000902.png,174.0334930419922,53.31310272216797,255.80123901367188,-2.2647924423217773,10.567296028137207,13.445796012878418
frame_000903.png,174.3216552734375,53.42231369018555,255.9496307373047,-2.2737932205200195,10.602670669555664,13.549845695495605
frame_000904.png,174.5955810546875,53.52742004394531,256.09503173828125,-2.2814197540283203,10.637422561645508,13.649889945983887
frame_000905.png,174.84292602539062,53.64059829711914,256.269287109375,-2.300896644592285,10.669445991516113,13.73150634765625
frame_000906.png,175.07254028320312,53.760074615478516,256.4637451171875,-2.3204853534698486,10.700244903564453,13.799067497253418
frame_000907.png,175.28402709960938,53.887088775634766,256.6866149902344,-2.3479814529418945,10.725736618041992,13.84556770324707
frame_000908.png,175.5161590576172,54.00603485107422,256.9124450683594,-2.3779284954071045,10.738086700439453,13.916069030761719
frame_000909.png,175.75697326660156,54.10663604736328,257.11029052734375,-2.3986802101135254,10.743905067443848,14.013669967651367
frame_000910.png,175.99412536621094,54.19921875,257.33245849609375,-2.422139883041382,10.746326446533203,14.138389587402344
frame_000911.png,176.22854614257812,54.28639221191406,257.5571594238281,-2.4447035789489746,10.74609661102295,14.27204418182373
frame_000912.png,176.48472595214844,54.384029388427734,257.7948913574219,-2.4626712799072266,10.747446060180664,14.421595573425293
frame_000913.png,176.7420196533203,54.494388580322266,258.0474853515625,-2.482048511505127,10.748188972473145,14.574506759643555
frame_000914.png,176.97799682617188,54.60554122924805,258.31414794921875,-2.483018398284912,10.742838859558105,14.719498634338379
frame_000915.png,177.1936798095703,54.72337341308594,258.599853515625,-2.492543935775757,10.738117218017578,14.840607643127441
frame_000916.png,177.40147399902344,54.84123229980469,258.8867492675781,-2.5153379440307617,10.731500625610352,14.962666511535645
frame_000917.png,177.61952209472656,54.95055389404297,259.16766357421875,-2.5280661582946777,10.721922874450684,15.095433235168457
frame_000918.png,177.87893676757812,55.05888748168945,259.42376708984375,-2.5293431282043457,10.712394714355469,15.238746643066406
frame_000919.png,178.15541076660156,55.16908264160156,259.65972900390625,-2.5252435207366943,10.697075843811035,15.379142761230469
frame_000920.png,178.44427490234375,55.27717971801758,259.874267578125,-2.517561674118042,10.673493385314941,15.523937225341797
frame_000921.png,178.74319458007812,55.38407897949219,260.0785827636719,-2.503545045852661,10.646748542785645,15.67485237121582
frame_000922.png,179.04458618164062,55.482879638671875,260.29803466796875,-2.472357988357544,10.618073463439941,15.832371711730957
frame_000923.png,179.3263702392578,55.56938552856445,260.5452880859375,-2.4373514652252197,10.584758758544922,15.991073608398438
frame_000924.png,179.5907745361328,55.6632194519043,260.8271484375,-2.4270529747009277,10.556053161621094,16.137208938598633
frame_000925.png,179.85121154785156,55.780189514160156,261.137451171875,-2.4406826496124268,10.542922019958496,16.286718368530273
frame_000926.png,180.11497497558594,55.88523483276367,261.42791748046875,-2.438636064529419,10.53292179107666,16.442869186401367
frame_000927.png,180.38742065429688,56.008270263671875,261.7103271484375,-2.4614791870117188,10.530516624450684,16.568708419799805
frame_000928.png,180.64862060546875,56.13862609863281,261.9800109863281,-2.4741947650909424,10.520233154296875,16.66499137878418
frame_000929.png,180.8915252685547,56.261539459228516,262.2052307128906,-2.4867196083068848,10.511244773864746,16.763959884643555
frame_000930.png,181.0995635986328,56.37653350830078,262.4582214355469,-2.507075548171997,10.510671615600586,16.855432510375977
frame_000931.png,181.2993927001953,56.49870681762695,262.7309875488281,-2.545532703399658,10.513195991516113,16.936296463012695
frame_000932.png,181.48095703125,56.626468658447266,263.03680419921875,-2.5728979110717773,10.535136222839355,17.02403450012207
frame_000933.png,181.68556213378906,56.736045837402344,263.3063049316406,-2.6039533615112305,10.557659149169922,17.131868362426758
frame_000934.png,181.92800903320312,56.842533111572266,263.5297546386719,-2.635050058364868,10.577095985412598,17.254283905029297
frame_000935.png,182.17298889160156,56.9530029296875,263.77978515625,-2.6657230854034424,10.604270935058594,17.380327224731445
frame_000936.png,182.4184112548828,57.07103729248047,264.0367736816406,-2.7041304111480713,10.635174751281738,17.50106430053711
frame_000937.png,182.67868041992188,57.188926696777344,264.2609558105469,-2.749227285385132,10.662091255187988,17.60674476623535
frame_000938.png,182.9570770263672,57.30767059326172,264.4351501464844,-2.7976512908935547,10.680421829223633,17.720489501953125
frame_000939.png,183.2409210205078,57.42555236816406,264.5692138671875,-2.837911367416382,10.692266464233398,17.833309173583984
frame_000940.png,183.52174377441406,57.54156494140625,264.6852111816406,-2.877424955368042,10.7017183303833,17.946508407592773
frame_000941.png,183.80548095703125,57.65958786010742,264.7957458496094,-2.9118993282318115,10.708938598632812,18.056007385253906
frame_000942.png,184.0943145751953,57.782466888427734,264.90155029296875,-2.9316627979278564,10.714803695678711,18.163761138916016
frame_000943.png,184.38735961914062,57.91041564941406,265.0005187988281,-2.943586826324463,10.721657752990723,18.265592575073242
frame_000944.png,184.6831512451172,58.041404724121094,265.0928649902344,-2.95064115524292,10.730714797973633,18.36313247680664
frame_000945.png,184.97891235351562,58.172828674316406,265.17840576171875,-2.957099437713623,10.741459846496582,18.459468841552734
frame_000946.png,185.27244567871094,58.301509857177734,265.258056640625,-2.9648759365081787,10.75301742553711,18.55681037902832
frame_000947.png,185.56381225585938,58.428688049316406,265.3306884765625,-2.972569704055786,10.7639741897583,18.65576934814453
frame_000948.png,185.8540496826172,58.55656051635742,265.3982849121094,-2.977043390274048,10.774075508117676,18.75575828552246
frame_000949.png,186.14544677734375,58.685813903808594,265.4629821777344,-2.9798502922058105,10.783288955688477,18.85675048828125
frame_000950.png,186.44406127929688,58.81410217285156,265.5244445800781,-2.982027530670166,10.790133476257324,18.964153289794922
frame_000951.png,186.75648498535156,58.94515609741211,265.58636474609375,-2.9882495403289795,10.79434871673584,19.078271865844727
frame_000952.png,187.0788116455078,59.07496643066406,265.649658203125,-2.9970383644104004,10.799838066101074,19.196186065673828
frame_000953.png,187.41909790039062,59.20275115966797,265.7101745605469,-3.013916015625,10.80783462524414,19.313573837280273
frame_000954.png,187.7962646484375,59.34081268310547,265.7764587402344,-3.0323758125305176,10.81553840637207,19.41969871520996
frame_000955.png,188.1979522705078,59.487876892089844,265.8653259277344,-3.0524649620056152,10.821745872497559,19.52896499633789
frame_000956.png,188.5706329345703,59.62709426879883,265.95989990234375,-3.070773124694824,10.829686164855957,19.62364959716797
frame_000957.png,188.93487548828125,59.764312744140625,266.0544738769531,-3.0995121002197266,10.836984634399414,19.726036071777344
frame_000958.png,189.293212890625,59.89700698852539,266.1524353027344,-3.124439239501953,10.851855278015137,19.850595474243164
frame_000959.png,189.58761596679688,60.017940521240234,266.2506408691406,-3.142357110977173,10.863930702209473,19.966651916503906
frame_000960.png,189.81625366210938,60.13920211791992,266.4086608886719,-3.158921241760254,10.884838104248047,20.06402587890625
frame_000961.png,190.03988647460938,60.255096435546875,266.6046142578125,-3.175546884536743,10.916747093200684,20.152036666870117
frame_000962.png,190.28016662597656,60.35133743286133,266.81817626953125,-3.1910409927368164,10.946645736694336,20.26243782043457
frame_000963.png,190.53201293945312,60.43137741088867,267.0238037109375,-3.1983907222747803,10.97992992401123,20.368383407592773
frame_000964.png,190.76690673828125,60.502906799316406,267.241943359375,-3.212662696838379,11.010466575622559,20.477970123291016
frame_000965.png,191.01783752441406,60.58534240722656,267.4634704589844,-3.2227492332458496,11.039868354797363,20.590787887573242
frame_000966.png,191.27020263671875,60.666080474853516,267.69158935546875,-3.223526954650879,11.07107925415039,20.70404052734375
frame_000967.png,191.5068359375,60.744354248046875,267.9337158203125,-3.223419666290283,11.101644515991211,20.822053909301758
frame_000968.png,191.73089599609375,60.82402420043945,268.1936340332031,-3.2397005558013916,11.135828018188477,20.92713165283203
frame_000969.png,191.949462890625,60.900230407714844,268.4634704589844,-3.263702630996704,11.174256324768066,21.027057647705078
frame_000970.png,192.16468811035156,60.976318359375,268.74212646484375,-3.2825632095336914,11.21432876586914,21.13203239440918
frame_000971.png,192.3908233642578,61.05309295654297,269.0140686035156,-3.292390823364258,11.252019882202148,21.24293327331543
frame_000972.png,192.62220764160156,61.132232666015625,269.2815856933594,-3.2991416454315186,11.287162780761719,21.35357093811035
frame_000973.png,192.8496551513672,61.20738220214844,269.5379333496094,-3.312136173248291,11.323873519897461,21.465662002563477
frame_000974.png,193.07432556152344,61.2780647277832,269.7891540527344,-3.3330399990081787,11.360997200012207,21.563928604125977
frame_000975.png,193.30543518066406,61.33803939819336,270.0401916503906,-3.3659186363220215,11.400793075561523,21.65332794189453
frame_000976.png,193.535400390625,61.38699722290039,270.2880554199219,-3.404876232147217,11.43863582611084,21.751834869384766
frame_000977.png,193.76861572265625,61.435176849365234,270.5354919433594,-3.4508845806121826,11.46778392791748,21.853431701660156
frame_000978.png,193.99429321289062,61.48092269897461,270.78314208984375,-3.4948232173919678,11.487068176269531,21.971696853637695
frame_000979.png,194.22677612304688,61.533512115478516,271.0320129394531,-3.5255985260009766,11.505136489868164,22.09679412841797
frame_000980.png,194.4606475830078,61.580318450927734,271.258544921875,-3.5428481101989746,11.52397346496582,22.215269088745117
frame_000981.png,194.6906280517578,61.63770294189453,271.4606628417969,-3.5444672107696533,11.541768074035645,22.315689086914062
frame_000982.png,194.92599487304688,61.717308044433594,271.6593933105469,-3.5464184284210205,11.558974266052246,22.400861740112305
frame_000983.png,195.15692138671875,61.8105354309082,271.85894775390625,-3.5620923042297363,11.572813034057617,22.492582321166992
frame_000984.png,195.4007110595703,61.91256332397461,272.06085205078125,-3.5720462799072266,11.583250045776367,22.591270446777344
frame_000985.png,195.68714904785156,62.011566162109375,272.2077331542969,-3.570272207260132,11.593430519104004,22.708301544189453
frame_000986.png,196.0243682861328,62.118534088134766,272.3077087402344,-3.571183443069458,11.604567527770996,22.827394485473633
frame_000987.png,196.3935546875,62.233707427978516,272.38116455078125,-3.5875802040100098,11.609010696411133,22.9488525390625
frame_000988.png,196.77105712890625,62.34719467163086,272.45721435546875,-3.617194652557373,11.608480453491211,23.077369689941406
frame_000989.png,197.13949584960938,62.466793060302734,272.5539245605469,-3.673184633255005,11.614402770996094,23.194047927856445
frame_000990.png,197.46826171875,62.59166717529297,272.67584228515625,-3.7674612998962402,11.621156692504883,23.310117721557617
frame_000991.png,197.7776336669922,62.71446990966797,272.79925537109375,-3.8954522609710693,11.628209114074707,23.44465446472168
frame_000992.png,198.08187866210938,62.844417572021484,272.9017333984375,-4.0311360359191895,11.64173412322998,23.55426788330078
frame_000993.png,198.3460235595703,62.971858978271484,272.9859924316406,-4.162064075469971,11.658411026000977,23.649810791015625
frame_000994.png,198.58139038085938,63.10385513305664,273.0821228027344,-4.29889440536499,11.671608924865723,23.730117797851562
frame_000995.png,198.8172607421875,63.23670959472656,273.1746520996094,-4.4225287437438965,11.685371398925781,23.813426971435547
frame_000996.png,199.04434204101562,63.37039566040039,273.2921447753906,-4.530497074127197,11.702149391174316,23.88257598876953
frame_000997.png,199.25933837890625,63.486751556396484,273.4190673828125,-4.660580635070801,11.723732948303223,23.962482452392578
frame_000998.png,199.48410034179688,63.578758239746094,273.497802734375,-4.770412445068359,11.752138137817383,24.053972244262695
frame_000999.png,199.69776916503906,63.6630744934082,273.5796203613281,-4.901801586151123,11.799915313720703,24.138015747070312
frame_001000.png,199.90916442871094,63.75916290283203,273.66058349609375,-5.060153007507324,11.86365795135498,24.207212448120117
frame_001001.png,200.10177612304688,63.84797668457031,273.7560119628906,-5.211287498474121,11.935890197753906,24.28087615966797
frame_001002.png,200.29205322265625,63.93736267089844,273.8772277832031,-5.334776878356934,12.013266563415527,24.368488311767578
frame_001003.png,200.4716033935547,64.0216293334961,273.9990234375,-5.452927589416504,12.089706420898438,24.460092544555664
frame_001004.png,200.64404296875,64.10762023925781,274.159423828125,-5.573174953460693,12.15209674835205,24.573644638061523
frame_001005.png,200.8284912109375,64.19679260253906,274.3393859863281,-5.682689189910889,12.200422286987305,24.686603546142578
frame_001006.png,201.01869201660156,64.27809143066406,274.5467224121094,-5.755452632904053,12.24230670928955,24.805988311767578
frame_001007.png,201.2248992919922,64.34989929199219,274.7673645019531,-5.805603981018066,12.288287162780762,24.93233871459961
frame_001008.png,201.42141723632812,64.43814086914062,275.0081787109375,-5.843316078186035,12.323480606079102,25.042034149169922
frame_001009.png,201.6099090576172,64.54782104492188,275.2721862792969,-5.880582809448242,12.343709945678711,25.13300895690918
frame_001010.png,201.7901153564453,64.66669464111328,275.55682373046875,-5.917956829071045,12.362310409545898,25.219036102294922
frame_001011.png,201.97378540039062,64.77630615234375,275.82403564453125,-5.956812858581543,12.381647109985352,25.313413619995117
frame_001012.png,202.1566925048828,64.88578033447266,276.0787658691406,-6.004265785217285,12.392083168029785,25.410463333129883
frame_001013.png,202.3433837890625,65.00438690185547,276.3277587890625,-6.053193092346191,12.394465446472168,25.503076553344727
frame_001014.png,202.52273559570312,65.12838745117188,276.5799255371094,-6.097635746002197,12.394172668457031,25.594303131103516
frame_001015.png,202.7005615234375,65.25502014160156,276.837158203125,-6.136988639831543,12.391629219055176,25.690916061401367
frame_001016.png,202.8790740966797,65.37870788574219,277.0986633300781,-6.174688816070557,12.385805130004883,25.792734146118164
frame_001017.png,203.06402587890625,65.50059509277344,277.36383056640625,-6.20973014831543,12.377161026000977,25.900386810302734
frame_001018.png,203.25485229492188,65.6213150024414,277.6311950683594,-6.242122650146484,12.366004943847656,26.011837005615234
frame_001019.png,203.44900512695312,65.74319458007812,277.9029541015625,-6.273380279541016,12.353280067443848,26.124876022338867
frame_001020.png,203.64547729492188,65.86669921875,278.1764831542969,-6.303390979766846,12.339341163635254,26.241846084594727
frame_001021.png,203.84451293945312,65.99079132080078,278.45135498046875,-6.333427906036377,12.325848579406738,26.36141014099121
frame_001022.png,204.0448760986328,66.11463928222656,278.729248046875,-6.36370325088501,12.314457893371582,26.48322296142578
frame_001023.png,204.24253845214844,66.23570251464844,279.0130615234375,-6.3943400382995605,12.306801795959473,26.602733612060547
frame_001024.png,204.43939208984375,66.3538818359375,279.2996826171875,-6.4240803718566895,12.303131103515625,26.71902847290039
frame_001025.png,204.63607788085938,66.46943664550781,279.5848388671875,-6.453291893005371,12.302188873291016,26.833667755126953
frame_001026.png,204.82998657226562,66.58271789550781,279.86865234375,-6.48159122467041,12.301534652709961,26.948789596557617
frame_001027.png,205.02053833007812,66.69406127929688,280.151611328125,-6.510153293609619,12.29987907409668,27.066556930541992
frame_001028.png,205.21107482910156,66.80753326416016,280.43414306640625,-6.537473678588867,12.296757698059082,27.189746856689453
frame_001029.png,205.39804077148438,66.9236068725586,280.7163391113281,-6.567176342010498,12.29265308380127,27.32209014892578
frame_001030.png,205.5817413330078,67.04181671142578,281.00567626953125,-6.599636077880859,12.288307189941406,27.462234497070312
frame_001031.png,205.7636260986328,67.16240692138672,281.302978515625,-6.634300708770752,12.283833503723145,27.60262680053711
frame_001032.png,205.94845581054688,67.28619384765625,281.6150207519531,-6.673319339752197,12.28219985961914,27.73687171936035
frame_001033.png,206.1358642578125,67.41080474853516,281.9405517578125,-6.721713542938232,12.281179428100586,27.868213653564453
frame_001034.png,206.3236083984375,67.53750610351562,282.26983642578125,-6.776185512542725,12.274373054504395,27.995044708251953
frame_001035.png,206.5071258544922,67.66883850097656,282.5987243652344,-6.83223819732666,12.266119956970215,28.111438751220703
frame_001036.png,206.68028259277344,67.80358123779297,282.9202880859375,-6.883946418762207,12.256769180297852,28.222543716430664
frame_001037.png,206.8519287109375,67.94258880615234,283.236572265625,-6.931999683380127,12.24958610534668,28.332183837890625
frame_001038.png,207.022216796875,68.08487701416016,283.553466796875,-6.9784464836120605,12.244685173034668,28.437292098999023
frame_001039.png,207.19610595703125,68.23068237304688,283.87066650390625,-7.029584884643555,12.237927436828613,28.542320251464844
frame_001040.png,207.38955688476562,68.38092041015625,284.18505859375,-7.080275058746338,12.228128433227539,28.653799057006836
frame_001041.png,207.60072326660156,68.5345687866211,284.4876403808594,-7.131080150604248,12.2177152633667,28.75657844543457
frame_001042.png,207.82489013671875,68.6888198852539,284.772216796875,-7.185965538024902,12.213411331176758,28.852514266967773
frame_001043.png,208.07708740234375,68.83517456054688,285.033935546875,-7.225322246551514,12.211409568786621,28.952728271484375
frame_001044.png,208.36322021484375,68.99042510986328,285.24664306640625,-7.254636764526367,12.20169734954834,29.0537052154541
frame_001045.png,208.64019775390625,69.13932037353516,285.45343017578125,-7.26784610748291,12.184178352355957,29.16761589050293
frame_001046.png,208.90621948242188,69.2673110961914,285.6548156738281,-7.288137912750244,12.172600746154785,29.2730712890625
frame_001047.png,209.1670684814453,69.37376403808594,285.8502197265625,-7.305972576141357,12.166979789733887,29.35833740234375
frame_001048.png,209.42393493652344,69.46186065673828,286.067138671875,-7.323774337768555,12.175485610961914,29.441577911376953
frame_001049.png,209.6968231201172,69.5379638671875,286.2873840332031,-7.340279579162598,12.18431568145752,29.524497985839844
frame_001050.png,209.9719696044922,69.60147857666016,286.5036926269531,-7.365670204162598,12.178766250610352,29.614229202270508
frame_001051.png,210.23947143554688,69.66184997558594,286.7290954589844,-7.400444030761719,12.172248840332031,29.707258224487305
frame_001052.png,210.50311279296875,69.7186508178711,286.9677734375,-7.437345027923584,12.176657676696777,29.78030776977539
frame_001053.png,210.76112365722656,69.77217102050781,287.220703125,-7.466867923736572,12.188213348388672,29.82027816772461
frame_001054.png,211.00836181640625,69.82266235351562,287.4828796386719,-7.500450611114502,12.204599380493164,29.829879760742188
frame_001055.png,211.24334716796875,69.86994934082031,287.7549133300781,-7.546270847320557,12.223325729370117,29.81804084777832
frame_001056.png,211.4674072265625,69.91495513916016,288.0409240722656,-7.600655555725098,12.244495391845703,29.79081153869629
frame_001057.png,211.6812286376953,69.9579086303711,288.3455505371094,-7.659737586975098,12.267630577087402,29.756662368774414
frame_001058.png,211.88404846191406,70.00357055664062,288.6641540527344,-7.723067283630371,12.294049263000488,29.71450424194336
frame_001059.png,212.0730438232422,70.051513671875,288.9938659667969,-7.788333892822266,12.3243408203125,29.665605545043945
frame_001060.png,212.2471160888672,70.09825134277344,289.3304138183594,-7.849404335021973,12.357902526855469,29.60968780517578
frame_001061.png,212.3927001953125,70.1314697265625,289.68902587890625,-7.897192001342773,12.390803337097168,29.556570053100586
frame_001062.png,212.512939453125,70.14632415771484,290.0820007324219,-7.933819770812988,12.428414344787598,29.50634765625
frame_001063.png,212.6076202392578,70.14356231689453,290.511474609375,-7.956912517547607,12.469706535339355,29.463809967041016
frame_001064.png,212.68460083007812,70.12825012207031,290.96856689453125,-7.968749046325684,12.51305866241455,29.42693519592285
frame_001065.png,212.7454071044922,70.10198211669922,291.4436950683594,-7.975390911102295,12.554472923278809,29.395904541015625
frame_001066.png,212.80140686035156,70.0659408569336,291.9258728027344,-7.981182098388672,12.592432022094727,29.37350845336914
frame_001067.png,212.858642578125,70.0227279663086,292.41131591796875,-7.988529205322266,12.628015518188477,29.35458755493164
frame_001068.png,212.9208984375,69.97466278076172,292.8968811035156,-7.9988908767700195,12.661510467529297,29.335037231445312
frame_001069.png,212.98887634277344,69.9244155883789,293.3814392089844,-8.010952949523926,12.69295597076416,29.31189727783203
frame_001070.png,213.0631103515625,69.87471771240234,293.8655700683594,-8.024322509765625,12.723098754882812,29.285282135009766
frame_001071.png,213.13998413085938,69.8245620727539,294.35015869140625,-8.040962219238281,12.75281810760498,29.25468635559082
frame_001072.png,213.22019958496094,69.77460479736328,294.83721923828125,-8.063810348510742,12.784501075744629,29.218536376953125
frame_001073.png,213.30865478515625,69.726806640625,295.3157958984375,-8.090156555175781,12.82071304321289,29.180320739746094
frame_001074.png,213.4136962890625,69.68779754638672,295.77203369140625,-8.124850273132324,12.860074043273926,29.132400512695312
frame_001075.png,213.5417938232422,69.67164611816406,296.1841735839844,-8.170433044433594,12.900017738342285,29.068450927734375
frame_001076.png,213.68992614746094,69.6736831665039,296.5710144042969,-8.223261833190918,12.941652297973633,29.00572967529297
frame_001077.png,213.8532257080078,69.68490600585938,296.93927001953125,-8.283879280090332,12.980081558227539,28.952077865600586
frame_001078.png,214.02931213378906,69.70438385009766,297.2887268066406,-8.347626686096191,13.015869140625,28.901018142700195
frame_001079.png,214.2186737060547,69.73125457763672,297.6275329589844,-8.402926445007324,13.048360824584961,28.851943969726562
frame_001080.png,214.41702270507812,69.76016235351562,297.96185302734375,-8.447713851928711,13.077259063720703,28.816272735595703
frame_001081.png,214.6299285888672,69.786376953125,298.2787170410156,-8.476861953735352,13.09981918334961,28.798473358154297
frame_001082.png,214.84390258789062,69.80879974365234,298.58184814453125,-8.499153137207031,13.119656562805176,28.79150390625
frame_001083.png,215.04815673828125,69.82997131347656,298.8779296875,-8.517794609069824,13.139386177062988,28.793670654296875
frame_001084.png,215.24786376953125,69.8485107421875,299.16717529296875,-8.530763626098633,13.156493186950684,28.79986000061035
frame_001085.png,215.4404296875,69.86316680908203,299.4494934082031,-8.542938232421875,13.172447204589844,28.81270408630371
frame_001086.png,215.63046264648438,69.8753890991211,299.7291564941406,-8.554364204406738,13.187854766845703,28.831029891967773
frame_001087.png,215.82408142089844,69.8858871459961,300.0081481933594,-8.56380558013916,13.204448699951172,28.84965705871582
frame_001088.png,216.0150604248047,69.89344024658203,300.2879333496094,-8.572041511535645,13.221627235412598,28.870357513427734
frame_001089.png,216.20726013183594,69.89932250976562,300.5705871582031,-8.582784652709961,13.238801956176758,28.89240074157715
frame_001090.png,216.40870666503906,69.90281677246094,300.854248046875,-8.60109806060791,13.256103515625,28.911897659301758
frame_001091.png,216.61911010742188,69.90576171875,301.1410827636719,-8.619083404541016,13.274919509887695,28.932191848754883
frame_001092.png,216.82388305664062,69.91230773925781,301.4408264160156,-8.641755104064941,13.292679786682129,28.936262130737305
frame_001093.png,217.01812744140625,69.92353057861328,301.765380859375,-8.66888427734375,13.311968803405762,28.930282592773438
frame_001094.png,217.20372009277344,69.94453430175781,302.1104736328125,-8.701379776000977,13.335021018981934,28.920692443847656
frame_001095.png,217.40170288085938,69.97531127929688,302.4735412597656,-8.728852272033691,13.35576057434082,28.91069793701172
frame_001096.png,217.60313415527344,70.01387023925781,302.84478759765625,-8.762255668640137,13.376505851745605,28.908998489379883
frame_001097.png,217.8039093017578,70.05689239501953,303.22113037109375,-8.797462463378906,13.402225494384766,28.912187576293945
frame_001098.png,218.00416564941406,70.09558868408203,303.5959777832031,-8.824979782104492,13.418702125549316,28.919343948364258
frame_001099.png,218.20321655273438,70.13019561767578,303.97216796875,-8.84522533416748,13.427030563354492,28.933208465576172
frame_001100.png,218.40162658691406,70.15288543701172,304.3605651855469,-8.858792304992676,13.432169914245605,28.95641326904297
frame_001101.png,218.5950927734375,70.170166015625,304.7577209472656,-8.873186111450195,13.43608570098877,28.98493194580078
frame_001102.png,218.7874755859375,70.19075012207031,305.1678466796875,-8.895308494567871,13.441474914550781,29.011110305786133
frame_001103.png,218.99801635742188,70.22175598144531,305.5832214355469,-8.928862571716309,13.451966285705566,29.035764694213867
frame_001104.png,219.22509765625,70.25565338134766,305.9931945800781,-8.96596622467041,13.465968132019043,29.066896438598633
frame_001105.png,219.4593963623047,70.28694152832031,306.3777770996094,-8.99511432647705,13.473550796508789,29.11564826965332
frame_001106.png,219.72210693359375,70.30996704101562,306.71490478515625,-9.014938354492188,13.475322723388672,29.19404411315918
frame_001107.png,219.98793029785156,70.34268188476562,307.0323486328125,-9.025760650634766,13.474361419677734,29.302446365356445
frame_001108.png,220.2296905517578,70.39274597167969,307.3083190917969,-9.036358833312988,13.469341278076172,29.392093658447266
frame_001109.png,220.45587158203125,70.46984100341797,307.56005859375,-9.066500663757324,13.45958423614502,29.441007614135742
frame_001110.png,220.6867218017578,70.5591812133789,307.7610778808594,-9.092060089111328,13.437054634094238,29.462438583374023
frame_001111.png,220.92189025878906,70.6584701538086,307.9136047363281,-9.11472225189209,13.417221069335938,29.46896743774414
frame_001112.png,221.1161346435547,70.77315521240234,308.0585021972656,-9.13998794555664,13.397723197937012,29.460100173950195
frame_001113.png,221.27842712402344,70.89533996582031,308.2057189941406,-9.160810470581055,13.381043434143066,29.434921264648438
frame_001114.png,221.4268035888672,71.00685119628906,308.3723449707031,-9.17950439453125,13.370467185974121,29.415510177612305
frame_001115.png,221.57098388671875,71.1093521118164,308.5597229003906,-9.198882102966309,13.362312316894531,29.405309677124023
frame_001116.png,221.7220001220703,71.21247100830078,308.7414245605469,-9.216415405273438,13.351661682128906,29.4097843170166
frame_001117.png,221.88143920898438,71.31758880615234,308.8855285644531,-9.240367889404297,13.339292526245117,29.42582130432129
frame_001118.png,222.0500946044922,71.426513671875,308.9978942871094,-9.275120735168457,13.322300910949707,29.444108963012695
frame_001119.png,222.22312927246094,71.53864288330078,309.0923767089844,-9.318305015563965,13.302790641784668,29.46533966064453
frame_001120.png,222.380859375,71.65538024902344,309.16436767578125,-9.365729331970215,13.28277587890625,29.505903244018555
frame_001121.png,222.52638244628906,71.77445220947266,309.24884033203125,-9.42801284790039,13.263001441955566,29.557161331176758
frame_001122.png,222.65185546875,71.89539337158203,309.34368896484375,-9.523604393005371,13.246452331542969,29.61650848388672
frame_001123.png,222.78672790527344,72.01399230957031,309.4334716796875,-9.63345718383789,13.23715591430664,29.673290252685547
frame_001124.png,222.94406127929688,72.12741088867188,309.5203552246094,-9.75233268737793,13.244359970092773,29.745315551757812
frame_001125.png,223.13330078125,72.22865295410156,309.5830383300781,-9.868422508239746,13.273993492126465,29.822650909423828
frame_001126.png,223.34536743164062,72.32197570800781,309.6483154296875,-9.990275382995605,13.318076133728027,29.901037216186523
frame_001127.png,223.5708465576172,72.40733337402344,309.71783447265625,-10.131701469421387,13.36674690246582,29.9749755859375
frame_001128.png,223.81317138671875,72.48384094238281,309.8017272949219,-10.269865036010742,13.42164134979248,30.067184448242188
frame_001129.png,224.0360565185547,72.547607421875,309.9175109863281,-10.394479751586914,13.482782363891602,30.17770004272461
frame_001130.png,224.2579345703125,72.61992645263672,310.072509765625,-10.50477123260498,13.540148735046387,30.296586990356445
frame_001131.png,224.4566192626953,72.68093872070312,310.2654724121094,-10.605278968811035,13.598814964294434,30.441484451293945
frame_001132.png,224.6208038330078,72.73809051513672,310.4934387207031,-10.695298194885254,13.654529571533203,30.587295532226562
frame_001133.png,224.7731170654297,72.79330444335938,310.750244140625,-10.76850414276123,13.70849609375,30.731815338134766
frame_001134.png,224.91729736328125,72.84516143798828,311.0278015136719,-10.834543228149414,13.758051872253418,30.868886947631836
frame_001135.png,225.05751037597656,72.88910675048828,311.3053894042969,-10.896135330200195,13.80673885345459,31.00130271911621
frame_001136.png,225.20217895507812,72.93043518066406,311.57464599609375,-10.95297622680664,13.850399017333984,31.121421813964844
frame_001137.png,225.35421752929688,72.96871948242188,311.8387451171875,-11.0059232711792,13.891603469848633,31.237154006958008
frame_001138.png,225.513671875,73.00135803222656,312.0828552246094,-11.062143325805664,13.933615684509277,31.35356330871582
frame_001139.png,225.67617797851562,73.03804779052734,312.3157958984375,-11.126481056213379,13.971537590026855,31.45934295654297
frame_001140.png,225.86090087890625,73.07660675048828,312.52423095703125,-11.208818435668945,14.011768341064453,31.55788803100586
frame_001141.png,226.06996154785156,73.11897277832031,312.703125,-11.293540954589844,14.054060935974121,31.646188735961914
frame_001142.png,226.2858428955078,73.16663360595703,312.8692321777344,-11.379997253417969,14.094451904296875,31.728227615356445
frame_001143.png,226.5052490234375,73.2200698852539,313.0279846191406,-11.4666748046875,14.138200759887695,31.814023971557617
frame_001144.png,226.72279357910156,73.2770767211914,313.1784973144531,-11.549975395202637,14.186120986938477,31.900367736816406
frame_001145.png,226.93675231933594,73.33744049072266,313.3247985839844,-11.635525703430176,14.235311508178711,31.986007690429688
frame_001146.png,227.14816284179688,73.40298461914062,313.46954345703125,-11.723749160766602,14.284050941467285,32.06687927246094
frame_001147.png,227.36154174804688,73.47271728515625,313.6143493652344,-11.817832946777344,14.333820343017578,32.14985275268555
frame_001148.png,227.5773162841797,73.5436019897461,313.75775146484375,-11.917778015136719,14.38266372680664,32.23843002319336
frame_001149.png,227.80810546875,73.61510467529297,313.9071350097656,-12.022916793823242,14.436826705932617,32.33384323120117
frame_001150.png,228.02365112304688,73.67916870117188,314.06353759765625,-12.136709213256836,14.495253562927246,32.429344177246094
frame_001151.png,228.21669006347656,73.7440414428711,314.25439453125,-12.246806144714355,14.548809051513672,32.533836364746094
frame_001152.png,228.4171905517578,73.82111358642578,314.46905517578125,-12.352458000183105,14.5975341796875,32.6463737487793
frame_001153.png,228.60580444335938,73.90052795410156,314.70037841796875,-12.456768035888672,14.64407730102539,32.77229690551758
frame_001154.png,228.77659606933594,73.99018859863281,314.9410400390625,-12.545284271240234,14.686932563781738,32.89637756347656
frame_001155.png,228.94700622558594,74.08536529541016,315.19036865234375,-12.624676704406738,14.730047225952148,33.01994323730469
frame_001156.png,229.1299591064453,74.19365692138672,315.42919921875,-12.685807228088379,14.769357681274414,33.13471221923828
frame_001157.png,229.32504272460938,74.31251525878906,315.6559753417969,-12.731149673461914,14.800446510314941,33.244503021240234
frame_001158.png,229.53158569335938,74.4338607788086,315.8673400878906,-12.762136459350586,14.823751449584961,33.34959030151367
frame_001159.png,229.75001525878906,74.55731964111328,316.0670471191406,-12.780800819396973,14.841358184814453,33.449920654296875
frame_001160.png,229.97921752929688,74.68276977539062,316.2599182128906,-12.79362678527832,14.854907989501953,33.543914794921875
frame_001161.png,230.22024536132812,74.81369018554688,316.447021484375,-12.804963111877441,14.865906715393066,33.632869720458984
frame_001162.png,230.46693420410156,74.94957733154297,316.63226318359375,-12.810233116149902,14.875203132629395,33.717063903808594
frame_001163.png,230.71395874023438,75.09317779541016,316.8268127441406,-12.823380470275879,14.884316444396973,33.78826141357422
frame_001164.png,230.95999145507812,75.2253189086914,317.03619384765625,-12.852449417114258,14.90615463256836,33.867061614990234
frame_001165.png,231.1866912841797,75.33255004882812,317.2470703125,-12.918363571166992,14.94734001159668,33.968658447265625
frame_001166.png,231.43093872070312,75.4276123046875,317.4328918457031,-12.989133834838867,14.996801376342773,34.07815170288086
frame_001167.png,231.7052764892578,75.5135498046875,317.5882568359375,-13.075278282165527,15.061066627502441,34.172821044921875
frame_001168.png,232.0172119140625,75.60079193115234,317.7339782714844,-13.167193412780762,15.125667572021484,34.23781204223633
frame_001169.png,232.35499572753906,75.69032287597656,317.87945556640625,-13.238109588623047,15.185577392578125,34.292266845703125
frame_001170.png,232.6899871826172,75.78072357177734,318.0144958496094,-13.302109718322754,15.232195854187012,34.35254669189453
frame_001171.png,232.9968719482422,75.87481689453125,318.1371154785156,-13.361699104309082,15.266983032226562,34.41608810424805
frame_001172.png,233.27769470214844,75.98152923583984,318.2514953613281,-13.40455436706543,15.291739463806152,34.47282791137695
frame_001173.png,233.5436553955078,76.10234832763672,318.3642272949219,-13.43489933013916,15.311720848083496,34.535091400146484
frame_001174.png,233.78842163085938,76.22431945800781,318.4845886230469,-13.478038787841797,15.328304290771484,34.589839935302734
frame_001175.png,234.01327514648438,76.34976959228516,318.6161193847656,-13.526951789855957,15.34023666381836,34.628421783447266
frame_001176.png,234.2353057861328,76.48236083984375,318.7476806640625,-13.56355094909668,15.345203399658203,34.65193176269531
frame_001177.png,234.45651245117188,76.619140625,318.87982177734375,-13.591017723083496,15.344087600708008,34.6673698425293
frame_001178.png,234.67494201660156,76.75577545166016,319.0096130371094,-13.613831520080566,15.339600563049316,34.67829895019531
frame_001179.png,234.89212036132812,76.89033508300781,319.1268310546875,-13.635871887207031,15.33403205871582,34.6866569519043
frame_001180.png,235.1185760498047,77.0241928100586,319.22723388671875,-13.658084869384766,15.329477310180664,34.69458770751953
frame_001181.png,235.3507537841797,77.15623474121094,319.3143615722656,-13.682920455932617,15.325019836425781,34.699832916259766
frame_001182.png,235.5882568359375,77.28652954101562,319.3895568847656,-13.709115982055664,15.32082462310791,34.70278549194336
frame_001183.png,235.82952880859375,77.41285705566406,319.45758056640625,-13.738202095031738,15.3170747756958,34.708621978759766
frame_001184.png,236.0657958984375,77.53269958496094,319.52239990234375,-13.763407707214355,15.313028335571289,34.72017288208008
frame_001185.png,236.29354858398438,77.6464614868164,319.5880432128906,-13.785622596740723,15.310590744018555,34.73385238647461
frame_001186.png,236.52081298828125,77.75838470458984,319.65203857421875,-13.804937362670898,15.309603691101074,34.744815826416016
frame_001187.png,236.75588989257812,77.86986541748047,319.6995849609375,-13.821866989135742,15.310702323913574,34.75566101074219
frame_001188.png,236.99813842773438,77.98466491699219,319.73193359375,-13.844869613647461,15.31176471710205,34.7691650390625
frame_001189.png,237.24903869628906,78.10511016845703,319.7430114746094,-13.872100830078125,15.313522338867188,34.783599853515625
frame_001190.png,237.5015869140625,78.23281860351562,319.7362976074219,-13.903033256530762,15.313401222229004,34.792911529541016
frame_001191.png,237.73779296875,78.36770629882812,319.727783203125,-13.932141304016113,15.31477165222168,34.789588928222656
frame_001192.png,237.94520568847656,78.50687408447266,319.7327575683594,-13.965653419494629,15.31208610534668,34.77542495727539
frame_001193.png,238.12576293945312,78.63938903808594,319.76141357421875,-14.006362915039062,15.303882598876953,34.75290298461914
frame_001194.png,238.29014587402344,78.75897979736328,319.8204650878906,-14.038840293884277,15.289276123046875,34.74217224121094
frame_001195.png,238.44076538085938,78.86939239501953,319.90179443359375,-14.074716567993164,15.263263702392578,34.75640106201172
frame_001196.png,238.59515380859375,78.96684265136719,319.9840087890625,-14.112597465515137,15.231868743896484,34.78288650512695
frame_001197.png,238.7599334716797,79.05671691894531,320.0726013183594,-14.15298080444336,15.198267936706543,34.81888961791992
frame_001198.png,238.92990112304688,79.15007019042969,320.1688232421875,-14.196579933166504,15.166794776916504,34.85364532470703
frame_001199.png,239.09127807617188,79.24620819091797,320.2726135253906,-14.247787475585938,15.135565757751465,34.89420700073242
frame_001200.png,239.24661254882812,79.3428955078125,320.37994384765625,-14.299802780151367,15.106240272521973,34.9327507019043
frame_001201.png,239.39474487304688,79.44093322753906,320.48382568359375,-14.35423755645752,15.076126098632812,34.965999603271484
frame_001202.png,239.5326690673828,79.54059600830078,320.5817565917969,-14.410696983337402,15.045443534851074,34.9937744140625
frame_001203.png,239.65463256835938,79.6415786743164,320.6764831542969,-14.4698486328125,15.015327453613281,35.02235794067383
frame_001204.png,239.76736450195312,79.74504852294922,320.7708435058594,-14.52900218963623,14.985356330871582,35.04862594604492
frame_001205.png,239.86997985839844,79.85082244873047,320.8626708984375,-14.587364196777344,14.955957412719727,35.07699203491211
frame_001206.png,239.96334838867188,79.9587631225586,320.9598693847656,-14.64389419555664,14.929139137268066,35.10445022583008
frame_001207.png,240.05137634277344,80.06842041015625,321.0587463378906,-14.697754859924316,14.90584945678711,35.13650894165039
frame_001208.png,240.13519287109375,80.17939758300781,321.16033935546875,-14.74953556060791,14.883915901184082,35.18019104003906
frame_001209.png,240.21424865722656,80.29047393798828,321.258056640625,-14.797304153442383,14.865511894226074,35.22502136230469
frame_001210.png,240.29205322265625,80.3991470336914,321.3443603515625,-14.83983325958252,14.851008415222168,35.27412796020508
frame_001211.png,240.36932373046875,80.50445556640625,321.4259948730469,-14.87956714630127,14.840654373168945,35.322410583496094
frame_001212.png,240.44578552246094,80.609375,321.5050964355469,-14.914639472961426,14.831716537475586,35.36810302734375
frame_001213.png,240.52003479003906,80.71312713623047,321.5828857421875,-14.948077201843262,14.824275016784668,35.40911102294922
frame_001214.png,240.59033203125,80.81739044189453,321.66278076171875,-14.98104476928711,14.81741714477539,35.445098876953125
frame_001215.png,240.6577911376953,80.92073059082031,321.7457275390625,-15.010979652404785,14.809637069702148,35.47954177856445
frame_001216.png,240.72152709960938,81.02339172363281,321.83056640625,-15.03463363647461,14.800713539123535,35.51397705078125
frame_001217.png,240.78048706054688,81.12620544433594,321.9175109863281,-15.04832649230957,14.790130615234375,35.55867004394531
frame_001218.png,240.8430633544922,81.22863006591797,322.005126953125,-15.051929473876953,14.787355422973633,35.597511291503906
frame_001219.png,240.90440368652344,81.33439636230469,322.10284423828125,-15.054794311523438,14.78250503540039,35.63423156738281
frame_001220.png,240.97581481933594,81.44213104248047,322.2153015136719,-15.063318252563477,14.774770736694336,35.65446853637695
frame_001221.png,241.0481719970703,81.53633880615234,322.3831787109375,-15.069955825805664,14.7645845413208,35.65659713745117
frame_001222.png,241.12631225585938,81.63287353515625,322.5610656738281,-15.078792572021484,14.74677848815918,35.63395309448242
frame_001223.png,241.19107055664062,81.73320007324219,322.72357177734375,-15.095419883728027,14.714646339416504,35.61450958251953
frame_001224.png,241.24972534179688,81.81314086914062,322.8429870605469,-15.099161148071289,14.67480182647705,35.635719299316406
frame_001225.png,241.31658935546875,81.89784240722656,322.9566955566406,-15.086870193481445,14.641300201416016,35.680442810058594
frame_001226.png,241.39529418945312,81.96990966796875,323.08099365234375,-15.090201377868652,14.615056037902832,35.735389709472656
frame_001227.png,241.47616577148438,82.02345275878906,323.2237548828125,-15.112953186035156,14.595367431640625,35.79027557373047
frame_001228.png,241.5792694091797,82.07139587402344,323.3753356933594,-15.134319305419922,14.58940601348877,35.83279800415039
frame_001229.png,241.68917846679688,82.11149597167969,323.5553894042969,-15.158037185668945,14.591821670532227,35.866207122802734
frame_001230.png,241.8094482421875,82.15811157226562,323.756103515625,-15.17834758758545,14.598788261413574,35.894737243652344
frame_001231.png,241.93955993652344,82.22087860107422,323.9691162109375,-15.20497989654541,14.605084419250488,35.911563873291016
frame_001232.png,242.06704711914062,82.2928466796875,324.17840576171875,-15.249128341674805,14.6102933883667,35.92392349243164
frame_001233.png,242.20298767089844,82.36660766601562,324.3767395019531,-15.290741920471191,14.613937377929688,35.94011306762695
frame_001234.png,242.322021484375,82.42822265625,324.5528869628906,-15.324420928955078,14.613190650939941,35.9743766784668
frame_001235.png,242.43133544921875,82.47447204589844,324.7349853515625,-15.350772857666016,14.60744857788086,36.03129577636719
frame_001236.png,242.5368194580078,82.52913665771484,324.893310546875,-15.345797538757324,14.59781551361084,36.08973693847656
frame_001237.png,242.63238525390625,82.57989501953125,324.99114990234375,-15.366011619567871,14.579544067382812,36.15243911743164
frame_001238.png,242.74362182617188,82.64828491210938,325.04638671875,-15.39794635772705,14.568397521972656,36.221534729003906
frame_001239.png,242.83026123046875,82.70462036132812,325.1177978515625,-15.460190773010254,14.55390739440918,36.290382385253906
frame_001240.png,242.90933227539062,82.78010559082031,325.2341003417969,-15.526992797851562,14.54489517211914,36.36125183105469
frame_001241.png,242.98825073242188,82.86339569091797,325.33453369140625,-15.594087600708008,14.541653633117676,36.4305534362793
frame_001242.png,243.06227111816406,82.9444808959961,325.42755126953125,-15.650300979614258,14.540634155273438,36.49690246582031
frame_001243.png,243.14395141601562,83.04147338867188,325.52734375,-15.723039627075195,14.53823184967041,36.524658203125
frame_001244.png,243.23550415039062,83.15003967285156,325.6129455566406,-15.832112312316895,14.544278144836426,36.54155349731445
frame_001245.png,243.3505401611328,83.24937438964844,325.67193603515625,-15.943827629089355,14.549342155456543,36.56740951538086
frame_001246.png,243.47711181640625,83.34909057617188,325.7351379394531,-16.017925262451172,14.555678367614746,36.60647201538086
frame_001247.png,243.59512329101562,83.45138549804688,325.8219909667969,-16.069299697875977,14.56907844543457,36.65370559692383
frame_001248.png,243.7259063720703,83.54582977294922,325.9241027832031,-16.098230361938477,14.592692375183105,36.70742416381836
frame_001249.png,243.8695526123047,83.63484954833984,326.040771484375,-16.112104415893555,14.624842643737793,36.756832122802734
frame_001250.png,244.0160369873047,83.72449493408203,326.17193603515625,-16.123579025268555,14.659372329711914,36.808250427246094
frame_001251.png,244.1681671142578,83.82366943359375,326.3020324707031,-16.139211654663086,14.69007682800293,36.870933532714844
frame_001252.png,244.30638122558594,83.92613983154297,326.42529296875,-16.168254852294922,14.715041160583496,36.94667434692383
frame_001253.png,244.46022033691406,84.04381561279297,326.54351806640625,-16.21367835998535,14.738134384155273,37.005916595458984
frame_001254.png,244.58840942382812,84.17056274414062,326.680908203125,-16.272993087768555,14.74881649017334,37.0417594909668
frame_001255.png,244.6816864013672,84.29811096191406,326.8562927246094,-16.371606826782227,14.753305435180664,37.03745651245117
frame_001256.png,244.7667694091797,84.42674255371094,327.02142333984375,-16.467756271362305,14.754032135009766,37.02831268310547
frame_001257.png,244.86300659179688,84.54487609863281,327.153076171875,-16.529029846191406,14.752151489257812,37.034183502197266
frame_001258.png,244.95265197753906,84.66654968261719,327.2541809082031,-16.59069061279297,14.752032279968262,37.05675506591797
frame_001259.png,245.03875732421875,84.79602813720703,327.3430480957031,-16.654834747314453,14.752121925354004,37.096431732177734
frame_001260.png,245.12049865722656,84.93550872802734,327.43359375,-16.688905715942383,14.746803283691406,37.13498306274414
frame_001261.png,245.19618225097656,85.07290649414062,327.5338439941406,-16.718618392944336,14.742274284362793,37.18248748779297
frame_001262.png,245.2574920654297,85.20175170898438,327.64599609375,-16.74747657775879,14.73828125,37.233612060546875
frame_001263.png,245.28573608398438,85.309814453125,327.7635803222656,-16.762102127075195,14.73806381225586,37.2793083190918
frame_001264.png,245.26815795898438,85.38925170898438,327.8927001953125,-16.74920082092285,14.742308616638184,37.31169128417969
frame_001265.png,245.21043395996094,85.43828582763672,328.0401306152344,-16.739301681518555,14.747005462646484,37.35563278198242
frame_001266.png,245.0930633544922,85.4787368774414,328.2044677734375,-16.725662231445312,14.742276191711426,37.399417877197266
frame_001267.png,244.99624633789062,85.51183319091797,328.3878173828125,-16.734024047851562,14.742183685302734,37.47788619995117
frame_001268.png,244.8932647705078,85.55821228027344,328.5588684082031,-16.76070785522461,14.744422912597656,37.53357696533203
frame_001269.png,244.7996063232422,85.59637451171875,328.71588134765625,-16.838401794433594,14.75133228302002,37.632774353027344
frame_001270.png,244.6878204345703,85.62909698486328,328.88702392578125,-16.92362403869629,14.76031494140625,37.711814880371094
frame_001271.png,244.65855407714844,85.67425537109375,329.04022216796875,-17.00365447998047,14.780477523803711,37.80893325805664
frame_001272.png,244.66964721679688,85.7181625366211,329.2072448730469,-17.103391647338867,14.795753479003906,37.91947555541992
frame_001273.png,244.72076416015625,85.78248596191406,329.414794921875,-17.160133361816406,14.808850288391113,38.05095672607422
frame_001274.png,244.8433380126953,85.86573028564453,329.6199645996094,-17.16696548461914,14.814764976501465,38.17704391479492
frame_001275.png,245.03912353515625,85.95537567138672,329.7728576660156,-17.157123565673828,14.815349578857422,38.296234130859375
frame_001276.png,245.2886962890625,86.03585815429688,329.8981018066406,-17.1385555267334,14.817926406860352,38.428470611572266
frame_001277.png,245.58297729492188,86.09636688232422,329.9908447265625,-17.12183380126953,14.82451057434082,38.577327728271484
frame_001278.png,245.89144897460938,86.14979553222656,330.0943908691406,-17.108104705810547,14.829950332641602,38.722171783447266
frame_001279.png,246.20364379882812,86.20038604736328,330.2158203125,-17.0885009765625,14.834432601928711,38.863555908203125
frame_001280.png,246.5181884765625,86.25363159179688,330.3534240722656,-17.06711769104004,14.8388032913208,38.998199462890625
frame_001281.png,246.84323120117188,86.31083679199219,330.5046081542969,-17.04535484313965,14.842700958251953,39.13603973388672
frame_001282.png,247.18614196777344,86.37229919433594,330.65478515625,-17.023128509521484,14.846527099609375,39.28376007080078
frame_001283.png,247.51353454589844,86.43242645263672,330.7884826660156,-16.994876861572266,14.845979690551758,39.43980407714844
frame_001284.png,247.837158203125,86.50961303710938,330.9222412109375,-16.953535079956055,14.847145080566406,39.59196472167969
frame_001285.png,248.157470703125,86.59430694580078,331.0549621582031,-16.91582679748535,14.875129699707031,39.7069091796875
frame_001286.png,248.44044494628906,86.6633529663086,331.23590087890625,-16.946142196655273,14.925803184509277,39.80980682373047
frame_001287.png,248.70252990722656,86.73420715332031,331.40802001953125,-16.964069366455078,14.981466293334961,39.895931243896484
frame_001288.png,248.98318481445312,86.80712127685547,331.56683349609375,-17.021055221557617,15.035640716552734,39.967002868652344
frame_001289.png,249.24029541015625,86.88689422607422,331.7335510253906,-17.07338523864746,15.097236633300781,40.04033279418945
frame_001290.png,249.44412231445312,86.96510314941406,331.9295959472656,-17.16168785095215,15.15948486328125,40.097171783447266
frame_001291.png,249.5980682373047,87.0330581665039,332.1380310058594,-17.241830825805664,15.211029052734375,40.17076873779297
frame_001292.png,249.7152557373047,87.09275817871094,332.3573303222656,-17.304393768310547,15.257378578186035,40.25870132446289
frame_001293.png,249.8124237060547,87.1445083618164,332.58721923828125,-17.352460861206055,15.300332069396973,40.34444808959961
frame_001294.png,249.8872528076172,87.19171905517578,332.8277587890625,-17.395828247070312,15.34117317199707,40.431827545166016
frame_001295.png,249.93603515625,87.23030090332031,333.0879211425781,-17.44264030456543,15.382457733154297,40.52238464355469
frame_001296.png,249.963134765625,87.27387237548828,333.3493957519531,-17.4939022064209,15.431611061096191,40.607032775878906
frame_001297.png,249.97659301757812,87.3254623413086,333.60430908203125,-17.588085174560547,15.476113319396973,40.67481994628906
frame_001298.png,250.03375244140625,87.37653350830078,333.81329345703125,-17.684049606323242,15.519745826721191,40.7679557800293
frame_001299.png,250.15777587890625,87.43050384521484,334.0278625488281,-17.770435333251953,15.566248893737793,40.84928512573242
frame_001300.png,250.3075714111328,87.47265625,334.26904296875,-17.85072135925293,15.620915412902832,40.967674255371094
frame_001301.png,250.4939422607422,87.5307388305664,334.527587890625,-17.89806365966797,15.6671781539917,41.094078063964844
frame_001302.png,250.70729064941406,87.61222839355469,334.75714111328125,-17.904685974121094,15.699943542480469,41.23667526245117
frame_001303.png,250.9849090576172,87.69791412353516,334.9546813964844,-17.882930755615234,15.712137222290039,41.382808685302734
frame_001304.png,251.28565979003906,87.76179504394531,335.11492919921875,-17.852188110351562,15.726229667663574,41.549400329589844
frame_001305.png,251.6070098876953,87.8149642944336,335.26275634765625,-17.817916870117188,15.732449531555176,41.72564697265625
frame_001306.png,251.96051025390625,87.86457824707031,335.3907775878906,-17.773540496826172,15.748702049255371,41.87089538574219
frame_001307.png,252.3190155029297,87.91683197021484,335.52117919921875,-17.7209415435791,15.76184368133545,41.99892044067383
frame_001308.png,252.6634521484375,87.97203063964844,335.664794921875,-17.669422149658203,15.769999504089355,42.115440368652344
frame_001309.png,253.0004119873047,88.02578735351562,335.82244873046875,-17.616662979125977,15.772777557373047,42.23179626464844
frame_001310.png,253.33267211914062,88.08259582519531,335.99346923828125,-17.56446647644043,15.771082878112793,42.34553146362305
frame_001311.png,253.66529846191406,88.14298248291016,336.1758728027344,-17.5155029296875,15.765961647033691,42.4593505859375
frame_001312.png,253.99575805664062,88.20249938964844,336.3621520996094,-17.470237731933594,15.760608673095703,42.575904846191406
frame_001313.png,254.32337951660156,88.2584228515625,336.5513610839844,-17.425296783447266,15.758808135986328,42.69099807739258
frame_001314.png,254.6468048095703,88.31280517578125,336.7471923828125,-17.384424209594727,15.757460594177246,42.80958557128906
frame_001315.png,254.97044372558594,88.36644744873047,336.94122314453125,-17.345752716064453,15.758988380432129,42.92729568481445
frame_001316.png,255.26805114746094,88.42960357666016,337.1351623535156,-17.309465408325195,15.75390338897705,43.053955078125
frame_001317.png,255.54074096679688,88.50096893310547,337.3299255371094,-17.268354415893555,15.747027397155762,43.183860778808594
frame_001318.png,255.80430603027344,88.57689666748047,337.5224914550781,-17.231304168701172,15.737852096557617,43.321407318115234
frame_001319.png,256.0694580078125,88.64936065673828,337.7013854980469,-17.19571304321289,15.723993301391602,43.470947265625
frame_001320.png,256.3426818847656,88.7205581665039,337.8791198730469,-17.156620025634766,15.71174430847168,43.62468338012695
frame_001321.png,256.6380615234375,88.79094696044922,338.0544128417969,-17.11656379699707,15.704710960388184,43.7864990234375
frame_001322.png,256.9493408203125,88.85816192626953,338.2276916503906,-17.0773983001709,15.705516815185547,43.9500732421875
frame_001323.png,257.2669372558594,88.9241943359375,338.40264892578125,-17.036531448364258,15.708681106567383,44.112060546875
frame_001324.png,257.5859680175781,88.9897689819336,338.576904296875,-16.99292755126953,15.709293365478516,44.2731819152832
frame_001325.png,257.91259765625,89.05238342285156,338.7492980957031,-16.95150375366211,15.707720756530762,44.42719650268555
frame_001326.png,258.2492980957031,89.11272430419922,338.9192810058594,-16.912372589111328,15.705704689025879,44.574405670166016
frame_001327.png,258.5884704589844,89.17239379882812,339.089111328125,-16.878110885620117,15.702640533447266,44.7129020690918
frame_001328.png,258.9195556640625,89.23165130615234,339.26055908203125,-16.85251235961914,15.697832107543945,44.84267044067383
frame_001329.png,259.2380065917969,89.29376220703125,339.43359375,-16.833532333374023,15.688663482666016,44.97040557861328
frame_001330.png,259.5467529296875,89.36133575439453,339.6064453125,-16.822811126708984,15.678143501281738,45.09349822998047
frame_001331.png,259.85430908203125,89.4351806640625,339.7724609375,-16.814775466918945,15.668025970458984,45.208984375
frame_001332.png,260.1707458496094,89.51380920410156,339.93377685546875,-16.80385398864746,15.657155990600586,45.31689453125
frame_001333.png,260.4731750488281,89.59170532226562,340.0823669433594,-16.786697387695312,15.636028289794922,45.4246940612793
frame_001334.png,260.7818603515625,89.66730499267578,340.2146911621094,-16.768049240112305,15.606785774230957,45.53672409057617
frame_001335.png,261.0948181152344,89.7472152709961,340.33184814453125,-16.750530242919922,15.574294090270996,45.664798736572266
frame_001336.png,261.3917236328125,89.83784484863281,340.45941162109375,-16.750085830688477,15.560992240905762,45.79930114746094
frame_001337.png,261.683349609375,89.92194366455078,340.6049499511719,-16.764406204223633,15.565553665161133,45.92344284057617
frame_001338.png,261.98138427734375,90.01631927490234,340.77984619140625,-16.78923797607422,15.587965965270996,46.04679489135742
frame_001339.png,262.26025390625,90.10171508789062,340.9761047363281,-16.83342933654785,15.616009712219238,46.15894317626953
frame_001340.png,262.5343017578125,90.18932342529297,341.179443359375,-16.906293869018555,15.646533966064453,46.2813835144043
frame_001341.png,262.8496398925781,90.29271697998047,341.3225402832031,-16.953533172607422,15.6806001663208,46.402679443359375
frame_001342.png,263.19195556640625,90.42315673828125,341.4360656738281,-16.94657325744629,15.709880828857422,46.48768615722656
frame_001343.png,263.52789306640625,90.57738494873047,341.5231628417969,-16.954177856445312,15.71558952331543,46.558860778808594
frame_001344.png,263.8277587890625,90.75769805908203,341.6221008300781,-16.961835861206055,15.70337963104248,46.5859375
frame_001345.png,264.0753479003906,90.92316436767578,341.747314453125,-16.98256492614746,15.679656982421875,46.60197448730469
frame_001346.png,264.29022216796875,91.06599426269531,341.88299560546875,-17.02112579345703,15.657562255859375,46.65553283691406
frame_001347.png,264.4933776855469,91.20063781738281,341.9971618652344,-17.05320167541504,15.637568473815918,46.71417236328125
frame_001348.png,264.68328857421875,91.3183822631836,342.1400451660156,-17.105588912963867,15.623860359191895,46.763885498046875
frame_001349.png,264.8731994628906,91.41999816894531,342.3157958984375,-17.15443229675293,15.611087799072266,46.799861907958984
frame_001350.png,265.0633850097656,91.50879669189453,342.5038757324219,-17.18740463256836,15.593817710876465,46.82548522949219
frame_001351.png,265.2345275878906,91.59504699707031,342.6797180175781,-17.191463470458984,15.57075309753418,46.84888458251953
frame_001352.png,265.404052734375,91.68431091308594,342.8272399902344,-17.173051834106445,15.546558380126953,46.88103485107422
frame_001353.png,265.5784912109375,91.78339385986328,342.95025634765625,-17.152482986450195,15.520736694335938,46.923030853271484
frame_001354.png,265.750244140625,91.88656616210938,343.04412841796875,-17.12810707092285,15.493511199951172,46.97679138183594
frame_001355.png,265.9141540527344,91.9921875,343.1053161621094,-17.092451095581055,15.466322898864746,47.036659240722656
frame_001356.png,266.0724792480469,92.09638977050781,343.1396179199219,-17.04685401916504,15.441381454467773,47.10285186767578
frame_001357.png,266.2209167480469,92.2021255493164,343.1581115722656,-16.99898910522461,15.418274879455566,47.16841125488281
frame_001358.png,266.35833740234375,92.30550384521484,343.17718505859375,-16.951908111572266,15.396466255187988,47.234458923339844
frame_001359.png,266.48577880859375,92.40303039550781,343.19384765625,-16.901830673217773,15.377074241638184,47.29655075073242
frame_001360.png,266.6044616699219,92.4931411743164,343.2071838378906,-16.845577239990234,15.359414100646973,47.34878158569336
frame_001361.png,266.7132263183594,92.5706558227539,343.2133483886719,-16.781679153442383,15.345783233642578,47.39223098754883
frame_001362.png,266.79888916015625,92.62919616699219,343.21173095703125,-16.703493118286133,15.334844589233398,47.422054290771484
frame_001363.png,266.864990234375,92.6656494140625,343.2079162597656,-16.61751365661621,15.326279640197754,47.44232940673828
frame_001364.png,266.9081115722656,92.68537139892578,343.21661376953125,-16.532033920288086,15.319570541381836,47.46440505981445
frame_001365.png,266.9210205078125,92.6887435913086,343.2453308105469,-16.44367027282715,15.311965942382812,47.48383331298828
frame_001366.png,266.92694091796875,92.69389343261719,343.29730224609375,-16.364303588867188,15.303083419799805,47.515472412109375
frame_001367.png,266.9356384277344,92.70755767822266,343.3803405761719,-16.307235717773438,15.290367126464844,47.537593841552734
frame_001368.png,266.959716796875,92.74308776855469,343.46234130859375,-16.269718170166016,15.265482902526855,47.576751708984375
frame_001369.png,266.9783630371094,92.78423309326172,343.5469665527344,-16.253755569458008,15.233338356018066,47.62224197387695
frame_001370.png,266.9835205078125,92.82090759277344,343.64508056640625,-16.256975173950195,15.20002269744873,47.66145324707031
frame_001371.png,266.9697265625,92.8498306274414,343.74896240234375,-16.256319046020508,15.17425537109375,47.68213653564453
frame_001372.png,266.9418640136719,92.880615234375,343.841796875,-16.23828887939453,15.152935028076172,47.68252944946289
frame_001373.png,266.91546630859375,92.92387390136719,343.9270935058594,-16.217437744140625,15.128281593322754,47.678016662597656
frame_001374.png,266.88592529296875,92.9676513671875,344.02093505859375,-16.194412231445312,15.103547096252441,47.66758728027344
frame_001375.png,266.8522033691406,93.00775146484375,344.12664794921875,-16.171310424804688,15.079461097717285,47.66588592529297
frame_001376.png,266.822998046875,93.04449462890625,344.2306213378906,-16.143600463867188,15.052531242370605,47.67076873779297
frame_001377.png,266.7897033691406,93.07502746582031,344.3286437988281,-16.11968421936035,15.022506713867188,47.678401947021484
frame_001378.png,266.7383728027344,93.10147857666016,344.4342346191406,-16.10578727722168,14.993446350097656,47.6928825378418
frame_001379.png,266.69293212890625,93.11453247070312,344.5438537597656,-16.07452964782715,14.964740753173828,47.728153228759766
frame_001380.png,266.64013671875,93.13287353515625,344.68463134765625,-16.023714065551758,14.948405265808105,47.76231384277344
frame_001381.png,266.614501953125,93.18379974365234,344.822021484375,-15.97901725769043,14.945556640625,47.795265197753906
frame_001382.png,266.6294250488281,93.25276184082031,344.98590087890625,-15.958369255065918,14.94108772277832,47.86564254760742
frame_001383.png,266.6940002441406,93.33155059814453,345.15008544921875,-15.932339668273926,14.939859390258789,47.961856842041016
frame_001384.png,266.7704162597656,93.42454528808594,345.29315185546875,-15.907679557800293,14.944647789001465,48.04228973388672
frame_001385.png,266.8313293457031,93.50312805175781,345.44610595703125,-15.903697967529297,14.940812110900879,48.13863754272461
frame_001386.png,266.92352294921875,93.58184051513672,345.5882873535156,-15.927056312561035,14.950241088867188,48.20836639404297
frame_001387.png,267.0425109863281,93.68279266357422,345.77557373046875,-15.98568058013916,14.9500093460083,48.260581970214844
frame_001388.png,267.1953125,93.77989196777344,345.9401550292969,-16.07610511779785,14.948507308959961,48.30683517456055
frame_001389.png,267.3650207519531,93.89227294921875,346.075439453125,-16.155309677124023,14.944554328918457,48.35660934448242
frame_001390.png,267.536865234375,94.02204895019531,346.1795349121094,-16.238445281982422,14.93602180480957,48.392879486083984
frame_001391.png,267.73443603515625,94.16670227050781,346.2287902832031,-16.321931838989258,14.942129135131836,48.408912658691406
frame_001392.png,267.9488525390625,94.30421447753906,346.26531982421875,-16.44129180908203,14.962613105773926,48.444541931152344
frame_001393.png,268.16796875,94.42195129394531,346.3125305175781,-16.5673828125,14.989477157592773,48.51143264770508
frame_001394.png,268.40576171875,94.52738189697266,346.4042663574219,-16.700855255126953,15.027467727661133,48.58003616333008
frame_001395.png,268.6591491699219,94.63226318359375,346.5473937988281,-16.810773849487305,15.072595596313477,48.6689567565918
frame_001396.png,268.90576171875,94.72332000732422,346.7198181152344,-16.898962020874023,15.122933387756348,48.7679328918457
frame_001397.png,269.1352233886719,94.79690551757812,346.896240234375,-16.99085235595703,15.176862716674805,48.877437591552734
frame_001398.png,269.3462829589844,94.861572265625,347.0675354003906,-17.102645874023438,15.227591514587402,48.997894287109375
frame_001399.png,269.5653076171875,94.91409301757812,347.21417236328125,-17.214595794677734,15.283381462097168,49.1195068359375
frame_001400.png,269.8036193847656,94.95162963867188,347.344482421875,-17.31203842163086,15.339348793029785,49.25446319580078
frame_001401.png,270.0536804199219,94.98141479492188,347.48248291015625,-17.386442184448242,15.388166427612305,49.38837814331055
frame_001402.png,270.3167419433594,95.01429748535156,347.6296081542969,-17.436504364013672,15.425274848937988,49.51728820800781
frame_001403.png,270.5932922363281,95.05195617675781,347.791015625,-17.468547821044922,15.451321601867676,49.6435661315918
frame_001404.png,270.8781433105469,95.0909423828125,347.9618835449219,-17.49237060546875,15.472700119018555,49.77438735961914
frame_001405.png,271.172607421875,95.13160705566406,348.1309814453125,-17.511672973632812,15.492842674255371,49.91065216064453
frame_001406.png,271.4669494628906,95.1749267578125,348.3081359863281,-17.527009963989258,15.510229110717773,50.047916412353516
frame_001407.png,271.75665283203125,95.22405242919922,348.5108947753906,-17.53792381286621,15.523427963256836,50.18474578857422
frame_001408.png,272.0482177734375,95.27661895751953,348.7290344238281,-17.5434513092041,15.53127384185791,50.328006744384766
frame_001409.png,272.33966064453125,95.3339614868164,348.9518737792969,-17.543323516845703,15.536739349365234,50.47768783569336
frame_001410.png,272.63092041015625,95.38938903808594,349.16778564453125,-17.53675651550293,15.538045883178711,50.63694381713867
frame_001411.png,272.9149169921875,95.44007110595703,349.3783874511719,-17.523469924926758,15.535184860229492,50.80689239501953
frame_001412.png,273.1869201660156,95.49600982666016,349.597412109375,-17.507265090942383,15.524099349975586,50.98057556152344
frame_001413.png,273.43218994140625,95.55519104003906,349.8252258300781,-17.503128051757812,15.502129554748535,51.153846740722656
frame_001414.png,273.6650085449219,95.60730743408203,350.04962158203125,-17.500349044799805,15.486442565917969,51.33147048950195
frame_001415.png,273.9059143066406,95.659423828125,350.2475891113281,-17.483121871948242,15.477869987487793,51.51668930053711
frame_001416.png,274.1602478027344,95.71194458007812,350.41143798828125,-17.461265563964844,15.472912788391113,51.70048522949219
frame_001417.png,274.4210510253906,95.76746368408203,350.5625915527344,-17.440673828125,15.468181610107422,51.86822509765625
frame_001418.png,274.68206787109375,95.8318099975586,350.7040100097656,-17.428430557250977,15.466658592224121,52.007835388183594
frame_001419.png,274.9372253417969,95.9107437133789,350.8741455078125,-17.440505981445312,15.470691680908203,52.106842041015625
frame_001420.png,275.1988525390625,95.99698638916016,351.06646728515625,-17.467605590820312,15.479352951049805,52.189022064208984
frame_001421.png,275.47216796875,96.08392333984375,351.2669372558594,-17.503278732299805,15.490213394165039,52.26878356933594
frame_001422.png,275.751953125,96.1695327758789,351.47503662109375,-17.54342269897461,15.500813484191895,52.350799560546875
frame_001423.png,276.0334167480469,96.25174713134766,351.6873779296875,-17.59078598022461,15.511825561523438,52.43587112426758
frame_001424.png,276.3193359375,96.31922149658203,351.8883972167969,-17.635698318481445,15.518489837646484,52.54628372192383
frame_001425.png,276.59814453125,96.38489532470703,352.0854797363281,-17.67431640625,15.519192695617676,52.67355728149414
frame_001426.png,276.8669128417969,96.45292663574219,352.2761535644531,-17.695819854736328,15.511948585510254,52.81431198120117
frame_001427.png,277.1165466308594,96.5192642211914,352.4980163574219,-17.70166778564453,15.48912239074707,52.97487258911133
frame_001428.png,277.3667297363281,96.59093475341797,352.7315979003906,-17.702165603637695,15.463729858398438,53.13865280151367
frame_001429.png,277.62945556640625,96.65443420410156,352.96099853515625,-17.709800720214844,15.439055442810059,53.30343246459961
frame_001430.png,277.9228820800781,96.70925903320312,353.1598815917969,-17.71160316467285,15.414478302001953,53.46567916870117
frame_001431.png,278.2164306640625,96.77374267578125,353.36505126953125,-17.718412399291992,15.389012336730957,53.6207160949707
frame_001432.png,278.5130310058594,96.85795593261719,353.6141052246094,-17.716493606567383,15.374434471130371,53.75967788696289
frame_001433.png,278.7945556640625,96.95101928710938,353.87335205078125,-17.714313507080078,15.365157127380371,53.8924674987793
frame_001434.png,279.0550537109375,97.04308319091797,354.12310791015625,-17.71865463256836,15.356366157531738,54.035099029541016
frame_001435.png,279.2947998046875,97.12643432617188,354.36138916015625,-17.731525421142578,15.346322059631348,54.19009017944336
frame_001436.png,279.5137023925781,97.1985855102539,354.5982971191406,-17.7507266998291,15.340266227722168,54.342472076416016
frame_001437.png,279.70758056640625,97.26290893554688,354.85546875,-17.779644012451172,15.340655326843262,54.48090362548828
frame_001438.png,279.88055419921875,97.3213882446289,355.138427734375,-17.814239501953125,15.346583366394043,54.61209487915039
frame_001439.png,280.0510559082031,97.37801361083984,355.4410095214844,-17.847633361816406,15.356311798095703,54.746089935302734
frame_001440.png,280.2281799316406,97.43830871582031,355.76446533203125,-17.88075065612793,15.366928100585938,54.883766174316406
frame_001441.png,280.40911865234375,97.50765991210938,356.1176452636719,-17.913829803466797,15.381695747375488,55.017967224121094
frame_001442.png,280.5993957519531,97.58538055419922,356.51031494140625,-17.944679260253906,15.399900436401367,55.15680694580078
frame_001443.png,280.7637634277344,97.6628189086914,356.9220275878906,-17.97298240661621,15.406210899353027,55.31148147583008
frame_001444.png,280.9312438964844,97.73101806640625,357.3028869628906,-17.99588966369629,15.39735221862793,55.467037200927734
frame_001445.png,281.11474609375,97.7952880859375,357.63671875,-18.009334564208984,15.375143051147461,55.61647415161133
frame_001446.png,281.2812194824219,97.83214569091797,357.9478759765625,-18.037141799926758,15.357667922973633,55.770442962646484
frame_001447.png,281.45697021484375,97.86892700195312,358.2420654296875,-18.0350399017334,15.340951919555664,55.91823196411133
frame_001448.png,281.6467590332031,97.90209197998047,358.5075378417969,-18.02320098876953,15.325374603271484,56.087650299072266
frame_001449.png,281.8502502441406,97.93447875976562,358.7441101074219,-18.018686294555664,15.318952560424805,56.24277877807617
frame_001450.png,282.07220458984375,97.97172546386719,358.9745788574219,-18.01776695251465,15.321906089782715,56.382652282714844
frame_001451.png,282.30694580078125,98.01345825195312,359.2051086425781,-18.026277542114258,15.327387809753418,56.51588439941406
frame_001452.png,282.5436706542969,98.06072235107422,359.4422607421875,-18.037446975708008,15.327885627746582,56.65182113647461
frame_001453.png,282.76953125,98.11677551269531,359.6951904296875,-18.03070068359375,15.317076683044434,56.79983139038086
frame_001454.png,282.9757385253906,98.18063354492188,359.95660400390625,-18.010784149169922,15.302868843078613,56.935401916503906
frame_001455.png,283.1801452636719,98.23644256591797,360.2272033691406,-17.983322143554688,15.289382934570312,57.0788688659668
frame_001456.png,283.3956604003906,98.2884292602539,360.4942932128906,-17.97125244140625,15.278182983398438,57.23478317260742
frame_001457.png,283.65118408203125,98.36465454101562,360.7655334472656,-17.98709487915039,15.270990371704102,57.38128662109375
frame_001458.png,283.9771728515625,98.45369720458984,360.9765930175781,-18.005626678466797,15.274864196777344,57.520015716552734
frame_001459.png,284.29449462890625,98.52993774414062,361.16290283203125,-18.041841506958008,15.283031463623047,57.671451568603516
frame_001460.png,284.57220458984375,98.59449768066406,361.35491943359375,-18.13275146484375,15.30331039428711,57.8289680480957
frame_001461.png,284.7999267578125,98.67675018310547,361.583251953125,-18.24462127685547,15.348569869995117,57.96937561035156
frame_001462.png,285.0235290527344,98.76763153076172,361.8165588378906,-18.33407974243164,15.396771430969238,58.08969497680664
frame_001463.png,285.279296875,98.86153411865234,362.0228271484375,-18.445688247680664,15.43394660949707,58.19880676269531
frame_001464.png,285.5611877441406,98.9710464477539,362.1827087402344,-18.529312133789062,15.463216781616211,58.30565643310547
frame_001465.png,285.8753967285156,99.11572265625,362.2957763671875,-18.588619232177734,15.46753215789795,58.374671936035156
frame_001466.png,286.1803283691406,99.27487182617188,362.3999328613281,-18.63507080078125,15.453474998474121,58.42457962036133
frame_001467.png,286.4811096191406,99.43315887451172,362.489990234375,-18.675067901611328,15.442571640014648,58.464847564697266
frame_001468.png,286.79052734375,99.59423828125,362.582275390625,-18.712228775024414,15.442472457885742,58.50642013549805
frame_001469.png,287.0987548828125,99.75117492675781,362.6841735839844,-18.7423152923584,15.45047664642334,58.55876159667969
frame_001470.png,287.40460205078125,99.90119934082031,362.7911071777344,-18.770553588867188,15.463315963745117,58.612937927246094
frame_001471.png,287.7100524902344,100.04232788085938,362.89727783203125,-18.792264938354492,15.475762367248535,58.6607666015625
frame_001472.png,288.01812744140625,100.18290710449219,362.99737548828125,-18.810569763183594,15.484097480773926,58.71474075317383
frame_001473.png,288.34698486328125,100.32471466064453,363.07708740234375,-18.819807052612305,15.489720344543457,58.7728271484375
frame_001474.png,288.69207763671875,100.46391296386719,363.1397399902344,-18.82112693786621,15.4893217086792,58.83161544799805
frame_001475.png,289.0491638183594,100.60697174072266,363.1964416503906,-18.819808959960938,15.492851257324219,58.87581253051758
frame_001476.png,289.4000244140625,100.75626373291016,363.25274658203125,-18.826168060302734,15.492047309875488,58.90451431274414
frame_001477.png,289.7411193847656,100.90950012207031,363.3108825683594,-18.853662490844727,15.494220733642578,58.91618728637695
frame_001478.png,290.06829833984375,101.06146240234375,363.3707275390625,-18.889734268188477,15.501282691955566,58.91982650756836
frame_001479.png,290.3821716308594,101.21269989013672,363.4325256347656,-18.928979873657227,15.511409759521484,58.917076110839844
frame_001480.png,290.6929626464844,101.3637924194336,363.5019836425781,-18.964000701904297,15.519989013671875,58.90492630004883
frame_001481.png,291.0303955078125,101.517578125,363.5627136230469,-18.9820613861084,15.520121574401855,58.90700149536133
frame_001482.png,291.3758544921875,101.66980743408203,363.6011962890625,-18.996429443359375,15.515698432922363,58.935752868652344
frame_001483.png,291.71240234375,101.81198120117188,363.6405944824219,-19.022382736206055,15.524128913879395,58.9891357421875
frame_001484.png,291.978515625,101.9357681274414,363.69525146484375,-19.07469367980957,15.518780708312988,59.07830047607422
frame_001485.png,292.2160949707031,102.05152130126953,363.76068115234375,-19.123172760009766,15.510937690734863,59.14779281616211
frame_001486.png,292.4253234863281,102.18132019042969,363.85699462890625,-19.176023483276367,15.50289249420166,59.20750045776367
frame_001487.png,292.60662841796875,102.305419921875,364.0212707519531,-19.237258911132812,15.493157386779785,59.271018981933594
frame_001488.png,292.753662109375,102.40343475341797,364.2120361328125,-19.293352127075195,15.485006332397461,59.35417175292969
frame_001489.png,292.8751525878906,102.470703125,364.39959716796875,-19.34354591369629,15.472423553466797,59.45087432861328
frame_001490.png,292.9649353027344,102.52133178710938,364.5736389160156,-19.39089012145996,15.461652755737305,59.548439025878906
frame_001491.png,293.08306884765625,102.58219146728516,364.70654296875,-19.41771697998047,15.457876205444336,59.64031982421875
frame_001492.png,293.24285888671875,102.63796997070312,364.8099365234375,-19.41447639465332,15.466971397399902,59.731388092041016
frame_001493.png,293.39227294921875,102.68477630615234,364.92864990234375,-19.39288330078125,15.479724884033203,59.82503128051758
frame_001494.png,293.51654052734375,102.71633911132812,365.032470703125,-19.352867126464844,15.487480163574219,59.919925689697266
frame_001495.png,293.6160888671875,102.73648071289062,365.1055603027344,-19.29612922668457,15.495734214782715,59.999908447265625
frame_001496.png,293.68255615234375,102.7450942993164,365.1626892089844,-19.21501922607422,15.50590991973877,60.05824279785156
frame_001497.png,293.72796630859375,102.7475357055664,365.2034912109375,-19.130212783813477,15.516558647155762,60.11247253417969
frame_001498.png,293.7610778808594,102.74884796142578,365.2334899902344,-19.03852653503418,15.524344444274902,60.15573501586914
frame_001499.png,293.7803955078125,102.74874114990234,365.25811767578125,-18.941238403320312,15.530576705932617,60.19501876831055
frame_001500.png,293.7809753417969,102.74873352050781,365.30169677734375,-18.84979820251465,15.538479804992676,60.24300765991211
frame_001501.png,293.77447509765625,102.75115203857422,365.357177734375,-18.77841567993164,15.5503568649292,60.30278778076172
frame_001502.png,293.78033447265625,102.75627899169922,365.4083557128906,-18.739118576049805,15.562649726867676,60.369293212890625
frame_001503.png,293.8065185546875,102.76860809326172,365.4277648925781,-18.707164764404297,15.578089714050293,60.436798095703125
frame_001504.png,293.8425598144531,102.78133392333984,365.4359436035156,-18.683313369750977,15.592894554138184,60.505615234375
frame_001505.png,293.8682556152344,102.79242706298828,365.4639587402344,-18.670330047607422,15.611302375793457,60.57247543334961
frame_001506.png,293.870361328125,102.801513671875,365.53485107421875,-18.66798973083496,15.634666442871094,60.63728332519531
frame_001507.png,293.87152099609375,102.80960845947266,365.6373291015625,-18.676774978637695,15.6538724899292,60.697975158691406
frame_001508.png,293.88568115234375,102.82044219970703,365.76654052734375,-18.689664840698242,15.668827056884766,60.763248443603516
frame_001509.png,293.9084777832031,102.82693481445312,365.92022705078125,-18.69756507873535,15.681659698486328,60.83360290527344
frame_001510.png,293.93060302734375,102.82644653320312,366.0738220214844,-18.69215202331543,15.695152282714844,60.89727783203125
frame_001511.png,293.94921875,102.81832122802734,366.2149963378906,-18.67217254638672,15.709928512573242,60.962013244628906
frame_001512.png,293.9708251953125,102.81131744384766,366.3221740722656,-18.621435165405273,15.72209644317627,61.02085876464844
frame_001513.png,294.00341796875,102.8191146850586,366.41204833984375,-18.546518325805664,15.740466117858887,61.07305908203125
frame_001514.png,294.0332336425781,102.8299331665039,366.4820556640625,-18.471607208251953,15.766033172607422,61.131431579589844
frame_001515.png,294.0391845703125,102.84503936767578,366.5702819824219,-18.424209594726562,15.793593406677246,61.22393798828125
frame_001516.png,294.0380859375,102.86526489257812,366.6431884765625,-18.376371383666992,15.81894588470459,61.34109115600586
frame_001517.png,294.02056884765625,102.88969421386719,366.7038879394531,-18.331037521362305,15.842052459716797,61.43702697753906
frame_001518.png,293.995849609375,102.90156555175781,366.76385498046875,-18.297592163085938,15.861530303955078,61.52749252319336
frame_001519.png,293.95245361328125,102.89617156982422,366.8403015136719,-18.303726196289062,15.87890625,61.616634368896484
frame_001520.png,293.8909606933594,102.88563537597656,366.9396057128906,-18.342735290527344,15.895981788635254,61.695858001708984
frame_001521.png,293.8177490234375,102.87739562988281,367.06353759765625,-18.39070701599121,15.912591934204102,61.76586151123047
frame_001522.png,293.7401123046875,102.86962890625,367.20819091796875,-18.440330505371094,15.930624961853027,61.83007049560547
frame_001523.png,293.65716552734375,102.86600494384766,367.3624267578125,-18.476991653442383,15.947968482971191,61.88003158569336
frame_001524.png,293.58892822265625,102.866943359375,367.51031494140625,-18.500974655151367,15.971976280212402,61.9156608581543
frame_001525.png,293.5318603515625,102.8677978515625,367.6242370605469,-18.496665954589844,15.999518394470215,61.971595764160156
frame_001526.png,293.4657287597656,102.86406707763672,367.7203369140625,-18.482091903686523,16.024194717407227,62.06903076171875
frame_001527.png,293.3755798339844,102.84587097167969,367.8719787597656,-18.479551315307617,16.05267333984375,62.176902770996094
frame_001528.png,293.3509826660156,102.85356903076172,368.0214538574219,-18.488788604736328,16.085630416870117,62.2680778503418
frame_001529.png,293.37139892578125,102.87945556640625,368.17059326171875,-18.490314483642578,16.121265411376953,62.3651123046875
frame_001530.png,293.3985595703125,102.89746856689453,368.3528137207031,-18.51112174987793,16.15044403076172,62.5147590637207
frame_001531.png,293.46636962890625,102.932373046875,368.5503845214844,-18.54787826538086,16.160865783691406,62.66495132446289
frame_001532.png,293.5371398925781,102.97479248046875,368.75543212890625,-18.580158233642578,16.15841293334961,62.805545806884766
frame_001533.png,293.607177734375,103.0257568359375,368.9786682128906,-18.603416442871094,16.152530670166016,62.94168472290039
frame_001534.png,293.6881103515625,103.06200408935547,369.2120361328125,-18.63189125061035,16.13545036315918,63.08963394165039
frame_001535.png,293.7907409667969,103.09335327148438,369.42425537109375,-18.651521682739258,16.113414764404297,63.22160720825195
frame_001536.png,293.8775634765625,103.12942504882812,369.641845703125,-18.683931350708008,16.089702606201172,63.3234977722168
frame_001537.png,293.97235107421875,103.18013000488281,369.8503112792969,-18.724714279174805,16.068565368652344,63.37010192871094
frame_001538.png,294.0870056152344,103.25736236572266,370.0384521484375,-18.754898071289062,16.05521011352539,63.404666900634766
frame_001539.png,294.224853515625,103.35637664794922,370.2081604003906,-18.78148651123047,16.04922103881836,63.44430160522461
frame_001540.png,294.3742980957031,103.46353912353516,370.3711853027344,-18.804290771484375,16.03902816772461,63.50418472290039
frame_001541.png,294.5457458496094,103.57012176513672,370.5484619140625,-18.818628311157227,16.029029846191406,63.56885528564453
frame_001542.png,294.7295227050781,103.6908187866211,370.7148132324219,-18.816940307617188,16.020530700683594,63.62211990356445
frame_001543.png,294.9067687988281,103.82916259765625,370.8712158203125,-18.82728385925293,16.01566505432129,63.65583419799805
frame_001544.png,295.0939636230469,103.98030090332031,370.9968566894531,-18.85312271118164,16.01625633239746,63.6673698425293
frame_001545.png,295.29852294921875,104.13713073730469,371.09454345703125,-18.90070915222168,16.019397735595703,63.661163330078125
frame_001546.png,295.5040588378906,104.2955322265625,371.171875,-18.95351219177246,16.022321701049805,63.65217590332031
frame_001547.png,295.7088623046875,104.4609603881836,371.25262451171875,-19.011627197265625,16.020593643188477,63.65853500366211
frame_001548.png,295.90521240234375,104.61881256103516,371.3359680175781,-19.07567024230957,16.01692008972168,63.694244384765625
frame_001549.png,296.0905456542969,104.75914764404297,371.42767333984375,-19.15387535095215,16.016754150390625,63.74418258666992
frame_001550.png,296.26904296875,104.8913803100586,371.54412841796875,-19.223358154296875,16.01441192626953,63.78047561645508
frame_001551.png,296.4378967285156,105.01139831542969,371.6830749511719,-19.282739639282227,16.011280059814453,63.80382537841797
frame_001552.png,296.615478515625,105.12437438964844,371.8368835449219,-19.320968627929688,16.010072708129883,63.839263916015625
frame_001553.png,296.7950134277344,105.23202514648438,371.9971923828125,-19.32434844970703,16.013294219970703,63.885128021240234
frame_001554.png,296.9923400878906,105.33853149414062,372.1515197753906,-19.309106826782227,16.018457412719727,63.943626403808594
frame_001555.png,297.20941162109375,105.4537353515625,372.3031311035156,-19.289764404296875,16.024213790893555,64.02313232421875
frame_001556.png,297.4318542480469,105.5739974975586,372.47076416015625,-19.282913208007812,16.029504776000977,64.11241912841797
frame_001557.png,297.67218017578125,105.67855834960938,372.6613464355469,-19.31650733947754,16.034547805786133,64.21247863769531
frame_001558.png,297.9079284667969,105.77607727050781,372.8683776855469,-19.365278244018555,16.03243064880371,64.3257827758789
frame_001559.png,298.144775390625,105.87667846679688,373.08270263671875,-19.414518356323242,16.036624908447266,64.43936157226562
frame_001560.png,298.3567810058594,105.98275756835938,373.3320617675781,-19.484527587890625,16.04265022277832,64.54380798339844
frame_001561.png,298.5523986816406,106.09463500976562,373.6385803222656,-19.550785064697266,16.059297561645508,64.63903045654297
frame_001562.png,298.7550048828125,106.20416259765625,373.9725646972656,-19.61735725402832,16.077611923217773,64.72526550292969
frame_001563.png,298.9613952636719,106.31436157226562,374.3075866699219,-19.674978256225586,16.090736389160156,64.79927825927734
frame_001564.png,299.1652526855469,106.42301177978516,374.633544921875,-19.718229293823242,16.102733612060547,64.8762435913086
frame_001565.png,299.3720703125,106.5255355834961,374.9420471191406,-19.74679946899414,16.11886978149414,64.95777130126953
frame_001566.png,299.5883483886719,106.62425231933594,375.2462158203125,-19.766695022583008,16.137313842773438,65.03719329833984
frame_001567.png,299.8161926269531,106.7123031616211,375.54095458984375,-19.77621078491211,16.152219772338867,65.1158218383789
frame_001568.png,300.0568542480469,106.79635620117188,375.82073974609375,-19.784055709838867,16.161365509033203,65.18115997314453
frame_001569.png,300.302978515625,106.88024139404297,376.0806884765625,-19.794111251831055,16.167146682739258,65.23619842529297
frame_001570.png,300.550048828125,106.9676284790039,376.32513427734375,-19.808330535888672,16.170991897583008,65.283935546875
frame_001571.png,300.7980651855469,107.05645751953125,376.55938720703125,-19.8258113861084,16.17436981201172,65.32981872558594
frame_001572.png,301.04693603515625,107.14781188964844,376.78741455078125,-19.848318099975586,16.179603576660156,65.37195587158203
frame_001573.png,301.2915344238281,107.24070739746094,377.0143127441406,-19.869945526123047,16.1881103515625,65.41211700439453
frame_001574.png,301.5285949707031,107.3384017944336,377.2474060058594,-19.884706497192383,16.19951057434082,65.44902801513672
frame_001575.png,301.76611328125,107.44151306152344,377.4838562011719,-19.891319274902344,16.213102340698242,65.48357391357422
frame_001576.png,302.00787353515625,107.55036926269531,377.7204284667969,-19.886667251586914,16.22780990600586,65.5175552368164
frame_001577.png,302.24871826171875,107.66211700439453,377.9559631347656,-19.876157760620117,16.240921020507812,65.54944610595703
frame_001578.png,302.4943542480469,107.77616882324219,378.1882019042969,-19.867321014404297,16.253067016601562,65.57858276367188
frame_001579.png,302.7294006347656,107.8952865600586,378.43951416015625,-19.8742733001709,16.263662338256836,65.6043930053711
frame_001580.png,302.953857421875,108.01313781738281,378.72314453125,-19.893657684326172,16.275482177734375,65.6338882446289
frame_001581.png,303.16632080078125,108.12275695800781,379.039306640625,-19.919248580932617,16.29081153869629,65.66507720947266
frame_001582.png,303.3745422363281,108.22402954101562,379.3741760253906,-19.951623916625977,16.304903030395508,65.700927734375
frame_001583.png,303.5848693847656,108.31900024414062,379.7196960449219,-19.993640899658203,16.317415237426758,65.73838806152344
frame_001584.png,303.7939453125,108.40713500976562,380.0736083984375,-20.040931701660156,16.328720092773438,65.77711486816406
frame_001585.png,303.9974365234375,108.48978424072266,380.4308166503906,-20.090927124023438,16.337125778198242,65.81565856933594
frame_001586.png,304.1971740722656,108.5700454711914,380.7921447753906,-20.141876220703125,16.344511032104492,65.85380554199219
frame_001587.png,304.3945007324219,108.64869689941406,381.15399169921875,-20.190765380859375,16.35157585144043,65.89363098144531
frame_001588.png,304.5945739746094,108.72977447509766,381.5213623046875,-20.23381805419922,16.359678268432617,65.93766784667969
frame_001589.png,304.79278564453125,108.81013488769531,381.8916931152344,-20.270193099975586,16.36712074279785,65.98382568359375
frame_001590.png,304.9883117675781,108.89256286621094,382.261962890625,-20.29486846923828,16.376916885375977,66.03295135498047
frame_001591.png,305.19061279296875,108.97342681884766,382.6352844238281,-20.30617904663086,16.39148712158203,66.08756256103516
frame_001592.png,305.4001770019531,109.05387878417969,383.0069580078125,-20.308307647705078,16.410791397094727,66.14137268066406
frame_001593.png,305.6208190917969,109.13087463378906,383.36480712890625,-20.298845291137695,16.433609008789062,66.19056701660156
frame_001594.png,305.8504943847656,109.20548248291016,383.7021484375,-20.28184700012207,16.45893096923828,66.23258972167969
frame_001595.png,306.0758056640625,109.27637481689453,384.0288391113281,-20.25944709777832,16.485610961914062,66.26615142822266
frame_001596.png,306.2958984375,109.34485626220703,384.3492431640625,-20.234033584594727,16.513214111328125,66.29288482666016
frame_001597.png,306.509033203125,109.4133529663086,384.668701171875,-20.208829879760742,16.537574768066406,66.31904602050781
frame_001598.png,306.7153625488281,109.48773956298828,384.99920654296875,-20.184412002563477,16.556236267089844,66.3491439819336
frame_001599.png,306.9262390136719,109.5720443725586,385.3584899902344,-20.16703224182129,16.56975555419922,66.38594055175781
frame_001600.png,307.14617919921875,109.65473175048828,385.705322265625,-20.168777465820312,16.580890655517578,66.42869567871094
frame_001601.png,307.3525085449219,109.73673248291016,386.06988525390625,-20.191143035888672,16.577865600585938,66.46417999267578
frame_001602.png,307.5614318847656,109.82181549072266,386.4568176269531,-20.254581451416016,16.568716049194336,66.49012756347656
frame_001603.png,307.81103515625,109.90975952148438,386.80633544921875,-20.300119400024414,16.562376022338867,66.57705688476562
frame_001604.png,308.0792541503906,110.01544189453125,387.11138916015625,-20.323686599731445,16.549327850341797,66.68010711669922
frame_001605.png,308.34075927734375,110.12127685546875,387.3935241699219,-20.332134246826172,16.550064086914062,66.78118896484375
frame_001606.png,308.5848388671875,110.25532531738281,387.6969299316406,-20.33843231201172,16.55316925048828,66.83500671386719
frame_001607.png,308.8268737792969,110.39380645751953,387.9790954589844,-20.36115264892578,16.553741455078125,66.89417266845703
frame_001608.png,309.0483703613281,110.54071044921875,388.23101806640625,-20.405683517456055,16.5412654876709,66.93701171875
frame_001609.png,309.290771484375,110.69523620605469,388.4469909667969,-20.431045532226562,16.527387619018555,66.97264862060547
frame_001610.png,309.5666198730469,110.86316680908203,388.62677001953125,-20.422956466674805,16.50920867919922,67.04386901855469
frame_001611.png,309.85906982421875,111.02206420898438,388.77166748046875,-20.416156768798828,16.488481521606445,67.14498901367188
frame_001612.png,310.11187744140625,111.17109680175781,388.94049072265625,-20.42906379699707,16.473562240600586,67.25505828857422
frame_001613.png,310.3417663574219,111.31644439697266,389.1288146972656,-20.46257781982422,16.463661193847656,67.34242248535156
frame_001614.png,310.5477600097656,111.46471405029297,389.3419494628906,-20.51038360595703,16.458820343017578,67.38534545898438
frame_001615.png,310.73931884765625,111.61224365234375,389.56475830078125,-20.5598087310791,16.455036163330078,67.4026107788086
frame_001616.png,310.9258117675781,111.75870513916016,389.7933654785156,-20.61162757873535,16.450498580932617,67.41826629638672
frame_001617.png,311.1484069824219,111.8998794555664,389.99505615234375,-20.646644592285156,16.442657470703125,67.45404052734375
frame_001618.png,311.3997802734375,112.0355224609375,390.1717529296875,-20.65162467956543,16.42287254333496,67.52676391601562
frame_001619.png,311.6679382324219,112.17529296875,390.329345703125,-20.64137077331543,16.400726318359375,67.61691284179688
frame_001620.png,311.9378662109375,112.31690979003906,390.46075439453125,-20.64170265197754,16.3724365234375,67.69994354248047
frame_001621.png,312.19415283203125,112.45985412597656,390.5760498046875,-20.658308029174805,16.344072341918945,67.7579116821289
frame_001622.png,312.4447937011719,112.60014343261719,390.67156982421875,-20.696699142456055,16.32588768005371,67.82445526123047
frame_001623.png,312.6965026855469,112.73374938964844,390.7705078125,-20.742544174194336,16.31311798095703,67.90474700927734
frame_001624.png,312.96966552734375,112.85979461669922,390.8906555175781,-20.783100128173828,16.316112518310547,67.99185180664062
frame_001625.png,313.2413635253906,112.97733306884766,391.0331115722656,-20.800491333007812,16.32745361328125,68.0810317993164
frame_001626.png,313.5086975097656,113.09102630615234,391.1984558105469,-20.798818588256836,16.338212966918945,68.1731185913086
frame_001627.png,313.7705078125,113.19766235351562,391.36785888671875,-20.786130905151367,16.349313735961914,68.25788879394531
frame_001628.png,314.0190734863281,113.29830932617188,391.5311584472656,-20.764663696289062,16.358488082885742,68.33355712890625
frame_001629.png,314.2589111328125,113.39472198486328,391.6856994628906,-20.741209030151367,16.363313674926758,68.404541015625
frame_001630.png,314.5073547363281,113.49378204345703,391.84344482421875,-20.719032287597656,16.368698120117188,68.4772720336914
frame_001631.png,314.7749938964844,113.59879302978516,392.0154724121094,-20.709205627441406,16.37500762939453,68.55487823486328
frame_001632.png,315.0561218261719,113.71484375,392.1943664550781,-20.726335525512695,16.37259292602539,68.630615234375
frame_001633.png,315.34503173828125,113.83489990234375,392.371826171875,-20.734811782836914,16.366106033325195,68.70413970947266
frame_001634.png,315.66668701171875,113.96273803710938,392.52117919921875,-20.74365234375,16.3631649017334,68.77306365966797
frame_001635.png,316.0175476074219,114.10498046875,392.6495361328125,-20.734821319580078,16.359560012817383,68.87006378173828
frame_001636.png,316.3680419921875,114.23473358154297,392.7594909667969,-20.7196044921875,16.348922729492188,68.98994445800781
frame_001637.png,316.7185974121094,114.36376190185547,392.88775634765625,-20.71015167236328,16.342594146728516,69.13741302490234
frame_001638.png,316.99993896484375,114.49884033203125,393.0387878417969,-20.724790573120117,16.33810043334961,69.25308227539062
frame_001639.png,317.2336120605469,114.60269927978516,393.1899108886719,-20.724952697753906,16.33104705810547,69.36170196533203
frame_001640.png,317.4319152832031,114.70307159423828,393.3424377441406,-20.712448120117188,16.319580078125,69.46165466308594
frame_001641.png,317.5951232910156,114.81214904785156,393.5201416015625,-20.732486724853516,16.297138214111328,69.51998901367188
frame_001642.png,317.7866516113281,114.91854095458984,393.6924133300781,-20.76141929626465,16.273439407348633,69.5860366821289
frame_001643.png,318.0057067871094,115.03056335449219,393.8653564453125,-20.78424644470215,16.25739860534668,69.64907836914062
frame_001644.png,318.2264099121094,115.15563201904297,394.0434265136719,-20.799592971801758,16.237098693847656,69.71170806884766
frame_001645.png,318.4415588378906,115.2900390625,394.2283020019531,-20.804670333862305,16.211957931518555,69.77985382080078
frame_001646.png,318.65277099609375,115.42777252197266,394.41741943359375,-20.804475784301758,16.184650421142578,69.85564422607422
frame_001647.png,318.8587951660156,115.56451416015625,394.61199951171875,-20.807018280029297,16.153915405273438,69.94244384765625
frame_001648.png,319.06134033203125,115.69873809814453,394.8092956542969,-20.807519912719727,16.119901657104492,70.03407287597656
frame_001649.png,319.2635192871094,115.83039855957031,395.0087585449219,-20.808616638183594,16.084157943725586,70.12883758544922
frame_001650.png,319.4617919921875,115.95710754394531,395.210205078125,-20.80744171142578,16.046279907226562,70.2280044555664
frame_001651.png,319.659912109375,116.07838439941406,395.4150695800781,-20.805015563964844,16.010000228881836,70.3331298828125
frame_001652.png,319.8508605957031,116.19378662109375,395.6266174316406,-20.80402946472168,15.977500915527344,70.44535064697266
frame_001653.png,320.01904296875,116.30648803710938,395.85638427734375,-20.808475494384766,15.944633483886719,70.54803466796875
frame_001654.png,320.1739807128906,116.41622924804688,396.09521484375,-20.81523895263672,15.915460586547852,70.6493911743164
frame_001655.png,320.316162109375,116.52196502685547,396.3533935546875,-20.820579528808594,15.892223358154297,70.74230194091797
frame_001656.png,320.435546875,116.62866973876953,396.63055419921875,-20.826017379760742,15.867502212524414,70.82593536376953
frame_001657.png,320.5647888183594,116.73028564453125,396.8818054199219,-20.813461303710938,15.84532356262207,70.902099609375
frame_001658.png,320.68878173828125,116.82504272460938,397.1015930175781,-20.789310455322266,15.817061424255371,70.95234680175781
frame_001659.png,320.81219482421875,116.93597412109375,397.30615234375,-20.754154205322266,15.777665138244629,70.99408721923828
frame_001660.png,320.920166015625,117.05799102783203,397.4997863769531,-20.711029052734375,15.741279602050781,71.04918670654297
frame_001661.png,320.9991760253906,117.16858673095703,397.6940612792969,-20.67293357849121,15.710168838500977,71.1299819946289
frame_001662.png,321.0833740234375,117.27603912353516,397.8821105957031,-20.626680374145508,15.684865951538086,71.20332336425781
frame_001663.png,321.1972351074219,117.39079284667969,398.08154296875,-20.615137100219727,15.652400016784668,71.26029205322266
frame_001664.png,321.3154602050781,117.53377532958984,398.32470703125,-20.650794982910156,15.61548137664795,71.30889129638672
frame_001665.png,321.4262390136719,117.68425750732422,398.5813903808594,-20.682832717895508,15.587889671325684,71.36277770996094
frame_001666.png,321.5565490722656,117.83303833007812,398.8329772949219,-20.688077926635742,15.564997673034668,71.39214324951172
frame_001667.png,321.6899108886719,117.97420501708984,399.0768127441406,-20.683631896972656,15.536172866821289,71.41302490234375
frame_001668.png,321.82763671875,118.10371398925781,399.3207702636719,-20.68173599243164,15.498795509338379,71.43553924560547
frame_001669.png,321.9627685546875,118.22398376464844,399.571044921875,-20.674192428588867,15.458185195922852,71.45390319824219
frame_001670.png,322.0897521972656,118.34062957763672,399.8252868652344,-20.66128921508789,15.413383483886719,71.46019744873047
frame_001671.png,322.2123718261719,118.45410919189453,400.078369140625,-20.650737762451172,15.366602897644043,71.45777130126953
frame_001672.png,322.3310241699219,118.56745910644531,400.3384094238281,-20.646617889404297,15.320491790771484,71.44436645507812
frame_001673.png,322.463623046875,118.67872619628906,400.6008605957031,-20.636432647705078,15.277203559875488,71.43376922607422
frame_001674.png,322.6136779785156,118.79084777832031,400.87933349609375,-20.621360778808594,15.237239837646484,71.42300415039062
frame_001675.png,322.7688903808594,118.90209197998047,401.17034912109375,-20.612285614013672,15.197630882263184,71.40648651123047
frame_001676.png,322.9255676269531,119.01265716552734,401.4745788574219,-20.610645294189453,15.162856101989746,71.38948822021484
frame_001677.png,323.0759582519531,119.12203979492188,401.7793273925781,-20.616140365600586,15.133591651916504,71.3702621459961
frame_001678.png,323.22857666015625,119.23175811767578,402.0821228027344,-20.622177124023438,15.107725143432617,71.35525512695312
frame_001679.png,323.390380859375,119.34697723388672,402.3725891113281,-20.631752014160156,15.082584381103516,71.35595703125
frame_001680.png,323.5710754394531,119.46729278564453,402.64404296875,-20.64306640625,15.061378479003906,71.37179565429688
frame_001681.png,323.7769775390625,119.59126281738281,402.8938903808594,-20.653573989868164,15.045036315917969,71.40534210205078
frame_001682.png,323.99859619140625,119.71477508544922,403.1286315917969,-20.6611385345459,15.03466510772705,71.44757080078125
frame_001683.png,324.23583984375,119.831787109375,403.3448181152344,-20.659542083740234,15.027604103088379,71.50432586669922
frame_001684.png,324.48736572265625,119.94189453125,403.5466003417969,-20.64830780029297,15.022881507873535,71.56900787353516
frame_001685.png,324.7481384277344,120.04597473144531,403.7412109375,-20.63538360595703,15.019434928894043,71.6343765258789
frame_001686.png,325.013671875,120.14312744140625,403.9258728027344,-20.61610984802246,15.01560115814209,71.70052337646484
frame_001687.png,325.28192138671875,120.23853302001953,404.1029968261719,-20.59727668762207,15.007879257202148,71.76716613769531
frame_001688.png,325.5533752441406,120.33488464355469,404.27166748046875,-20.582624435424805,14.99644947052002,71.83311462402344
frame_001689.png,325.8298034667969,120.43450164794922,404.4364318847656,-20.570371627807617,14.982426643371582,71.89813995361328
frame_001690.png,326.1091613769531,120.5411605834961,404.6224060058594,-20.564409255981445,14.966774940490723,71.97563171386719
frame_001691.png,326.3820495605469,120.64508819580078,404.807861328125,-20.556447982788086,14.952869415283203,72.05704498291016
frame_001692.png,326.6531066894531,120.7515640258789,404.9923095703125,-20.543684005737305,14.937915802001953,72.14253234863281
frame_001693.png,326.9194641113281,120.8604965209961,405.1790466308594,-20.529525756835938,14.920677185058594,72.23101806640625
frame_001694.png,327.18408203125,120.96988677978516,405.3725280761719,-20.507062911987305,14.900270462036133,72.32364654541016
frame_001695.png,327.4573059082031,121.07720947265625,405.5672302246094,-20.47088623046875,14.88047981262207,72.41993713378906
frame_001696.png,327.73468017578125,121.18118286132812,405.76165771484375,-20.422290802001953,14.863897323608398,72.5176773071289
frame_001697.png,328.0206604003906,121.28082275390625,405.9513244628906,-20.363359451293945,14.85118579864502,72.6211166381836
frame_001698.png,328.3153076171875,121.3761978149414,406.134765625,-20.298999786376953,14.844405174255371,72.7281494140625
frame_001699.png,328.6177062988281,121.46754455566406,406.3166198730469,-20.232030868530273,14.842537879943848,72.8371810913086
frame_001700.png,328.9256896972656,121.55693817138672,406.4960021972656,-20.164045333862305,14.843545913696289,72.94621276855469
frame_001701.png,329.2362060546875,121.64655303955078,406.673095703125,-20.09490203857422,14.845366477966309,73.05681610107422
frame_001702.png,329.54449462890625,121.73717498779297,406.8512268066406,-20.026599884033203,14.845802307128906,73.17327880859375
frame_001703.png,329.8505554199219,121.83113861083984,407.03387451171875,-19.957502365112305,14.845393180847168,73.29151916503906
frame_001704.png,330.15301513671875,121.9241714477539,407.2250061035156,-19.888769149780273,14.84457778930664,73.41252899169922
frame_001705.png,330.453369140625,122.01615142822266,407.408203125,-19.825618743896484,14.838594436645508,73.52536010742188
frame_001706.png,330.7542419433594,122.11144256591797,407.5842590332031,-19.77396011352539,14.834242820739746,73.63262176513672
frame_001707.png,331.04620361328125,122.20458221435547,407.7587585449219,-19.737747192382812,14.82916259765625,73.74706268310547
frame_001708.png,331.3276672363281,122.29593658447266,407.93096923828125,-19.715845108032227,14.826746940612793,73.86641693115234
frame_001709.png,331.6170959472656,122.37084197998047,408.0970153808594,-19.68606948852539,14.827837944030762,73.98333740234375
frame_001710.png,331.91278076171875,122.43912506103516,408.2424621582031,-19.629531860351562,14.82960319519043,74.10002899169922
frame_001711.png,332.2168273925781,122.50061798095703,408.37237548828125,-19.549604415893555,14.830825805664062,74.22701263427734
frame_001712.png,332.5281066894531,122.54325866699219,408.49151611328125,-19.464557647705078,14.823648452758789,74.35489654541016
frame_001713.png,332.8320007324219,122.56285095214844,408.63031005859375,-19.391990661621094,14.83041763305664,74.486572265625
frame_001714.png,333.0810546875,122.56352233886719,408.8503723144531,-19.347454071044922,14.839348793029785,74.60137176513672
frame_001715.png,333.3425598144531,122.55144500732422,409.09039306640625,-19.303966522216797,14.831999778747559,74.7182388305664
frame_001716.png,333.60003662109375,122.5660400390625,409.3745422363281,-19.27080535888672,14.823233604431152,74.8301010131836
frame_001717.png,333.8627624511719,122.59815979003906,409.67132568359375,-19.21733856201172,14.811116218566895,74.97382354736328
frame_001718.png,334.1477355957031,122.6281967163086,409.9253234863281,-19.157211303710938,14.800962448120117,75.14068603515625
frame_001719.png,334.4168395996094,122.64945220947266,410.1480712890625,-19.09734535217285,14.781248092651367,75.27354431152344
frame_001720.png,334.6390686035156,122.69693756103516,410.35736083984375,-19.03514289855957,14.750144958496094,75.37889862060547
frame_001721.png,334.8325500488281,122.7637939453125,410.5904235839844,-18.982330322265625,14.728679656982422,75.48262023925781
frame_001722.png,335.031494140625,122.81843566894531,410.8428039550781,-18.94778060913086,14.722325325012207,75.54012298583984
frame_001723.png,335.2486877441406,122.90178680419922,411.1146240234375,-18.94758415222168,14.693039894104004,75.57574462890625
frame_001724.png,335.46905517578125,122.98175811767578,411.3191223144531,-18.958805084228516,14.678786277770996,75.62539672851562
frame_001725.png,335.69268798828125,123.06546020507812,411.5002746582031,-18.963125228881836,14.672469139099121,75.64991760253906
frame_001726.png,335.9098815917969,123.1518325805664,411.656494140625,-18.973026275634766,14.66533374786377,75.68368530273438
frame_001727.png,336.1155700683594,123.25475311279297,411.7821960449219,-18.96700668334961,14.659276962280273,75.71056365966797
frame_001728.png,336.2724304199219,123.38577270507812,411.9559020996094,-18.978601455688477,14.65557861328125,75.7306137084961
frame_001729.png,336.4668273925781,123.51239776611328,412.1036071777344,-19.02301025390625,14.662707328796387,75.81022644042969
frame_001730.png,336.67138671875,123.6407699584961,412.2774963378906,-19.08623695373535,14.678339004516602,75.89259338378906
frame_001731.png,336.8805236816406,123.77188873291016,412.50006103515625,-19.12224769592285,14.68332290649414,75.99539947509766
frame_001732.png,337.0946960449219,123.89533996582031,412.7239685058594,-19.150711059570312,14.683231353759766,76.09364318847656
frame_001733.png,337.348876953125,124.0160903930664,412.9684143066406,-19.158323287963867,14.683754920959473,76.21521759033203
frame_001734.png,337.637939453125,124.11602020263672,413.20635986328125,-19.15508460998535,14.685425758361816,76.35052490234375
frame_001735.png,337.90838623046875,124.21876525878906,413.464111328125,-19.163124084472656,14.686359405517578,76.48114013671875
frame_001736.png,338.19140625,124.31661224365234,413.7292175292969,-19.136474609375,14.679365158081055,76.61774444580078
frame_001737.png,338.51287841796875,124.4242172241211,413.9713134765625,-19.119382858276367,14.650793075561523,76.75474548339844
frame_001738.png,338.8182067871094,124.52567291259766,414.19537353515625,-19.055583953857422,14.63045883178711,76.9380874633789
frame_001739.png,339.06683349609375,124.61954498291016,414.4403991699219,-19.008773803710938,14.583205223083496,77.09813690185547
frame_001740.png,339.2743225097656,124.70111846923828,414.621337890625,-18.906478881835938,14.564002990722656,77.25650024414062
frame_001741.png,339.44110107421875,124.77709197998047,414.8487854003906,-18.853132247924805,14.5247802734375,77.38420867919922
frame_001742.png,339.56427001953125,124.8321762084961,415.03363037109375,-18.7705135345459,14.514870643615723,77.55499267578125
frame_001743.png,339.6912841796875,124.8857192993164,415.2200622558594,-18.764442443847656,14.505026817321777,77.72576904296875
frame_001744.png,339.78045654296875,124.9323959350586,415.4498596191406,-18.745935440063477,14.5150785446167,77.880859375
frame_001745.png,339.9345703125,125.00569152832031,415.6329650878906,-18.73465919494629,14.530069351196289,77.97332763671875
frame_001746.png,340.06121826171875,125.0491714477539,415.8165283203125,-18.729896545410156,14.525015830993652,78.1073226928711
frame_001747.png,340.1898498535156,125.1319351196289,415.9979553222656,-18.66708755493164,14.530226707458496,78.22139739990234
frame_001748.png,340.29278564453125,125.23018646240234,416.18280029296875,-18.60774803161621,14.522010803222656,78.35530853271484
frame_001749.png,340.3921813964844,125.34378814697266,416.32684326171875,-18.536998748779297,14.49849796295166,78.45152282714844
frame_001750.png,340.4737854003906,125.4605941772461,416.4460754394531,-18.458023071289062,14.468781471252441,78.53478240966797
frame_001751.png,340.5415954589844,125.58541107177734,416.56005859375,-18.37544059753418,14.436432838439941,78.6144790649414
frame_001752.png,340.610595703125,125.72265625,416.6612854003906,-18.28571128845215,14.397626876831055,78.68941497802734
frame_001753.png,340.6973571777344,125.862060546875,416.7894287109375,-18.181392669677734,14.375396728515625,78.761962890625
frame_001754.png,340.78485107421875,125.975341796875,416.9770812988281,-18.079021453857422,14.355860710144043,78.83824157714844
frame_001755.png,340.9104919433594,126.07718658447266,417.1673583984375,-18.007686614990234,14.330485343933105,78.97447204589844
frame_001756.png,340.9823303222656,126.14743041992188,417.4797668457031,-17.99470329284668,14.330663681030273,79.11404418945312
frame_001757.png,341.091796875,126.19437408447266,417.7738952636719,-18.016952514648438,14.325948715209961,79.28084564208984
frame_001758.png,341.17694091796875,126.2343978881836,418.04754638671875,-18.02628517150879,14.343533515930176,79.46990966796875
frame_001759.png,341.2442932128906,126.25398254394531,418.2793884277344,-18.02515983581543,14.358551025390625,79.61331939697266
frame_001760.png,341.29803466796875,126.30641174316406,418.5167541503906,-18.02768898010254,14.379981994628906,79.66895294189453
frame_001761.png,341.3186950683594,126.33918762207031,418.74493408203125,-18.017011642456055,14.385970115661621,79.78519439697266
frame_001762.png,341.3836669921875,126.39592742919922,418.97723388671875,-18.025737762451172,14.37620735168457,79.85246276855469
frame_001763.png,341.5091247558594,126.49617004394531,419.1734619140625,-17.974882125854492,14.38232707977295,79.90276336669922
frame_001764.png,341.6435241699219,126.59123229980469,419.3561096191406,-17.907499313354492,14.38504409790039,80.0194320678711
frame_001765.png,341.819091796875,126.69576263427734,419.5786437988281,-17.856687545776367,14.35630989074707,80.10454559326172
frame_001766.png,342.0548095703125,126.7889404296875,419.77197265625,-17.807252883911133,14.323102951049805,80.23555755615234
frame_001767.png,342.310791015625,126.87438201904297,420.002197265625,-17.74993133544922,14.294027328491211,80.3756103515625
frame_001768.png,342.5964050292969,126.9482650756836,420.2491455078125,-17.673274993896484,14.270527839660645,80.5212173461914
frame_001769.png,342.9056091308594,127.027099609375,420.4909973144531,-17.579227447509766,14.24438762664795,80.66934967041016
frame_001770.png,343.1993103027344,127.1001968383789,420.7548522949219,-17.493545532226562,14.220222473144531,80.83025360107422
frame_001771.png,343.48980712890625,127.17748260498047,420.999755859375,-17.388004302978516,14.201008796691895,80.99097442626953
frame_001772.png,343.7585144042969,127.27095794677734,421.260986328125,-17.292694091796875,14.189742088317871,81.13368225097656
frame_001773.png,344.0234069824219,127.36371612548828,421.54754638671875,-17.225706100463867,14.173830032348633,81.28063201904297
frame_001774.png,344.2812194824219,127.46733856201172,421.8331298828125,-17.199663162231445,14.159059524536133,81.40705871582031
frame_001775.png,344.53717041015625,127.58186340332031,422.0882568359375,-17.184083938598633,14.14140796661377,81.51101684570312
frame_001776.png,344.7955017089844,127.67330169677734,422.3325500488281,-17.16446304321289,14.127591133117676,81.6006088256836
frame_001777.png,345.0570373535156,127.77528381347656,422.5535583496094,-17.147403717041016,14.114813804626465,81.67974853515625
frame_001778.png,345.3246765136719,127.86854553222656,422.75335693359375,-17.131690979003906,14.092230796813965,81.74397277832031
frame_001779.png,345.6191101074219,127.95379638671875,422.9337463378906,-17.095561981201172,14.079935073852539,81.83831024169922
frame_001780.png,345.9389953613281,128.04417419433594,423.1197204589844,-17.065471649169922,14.076828956604004,81.95748138427734
frame_001781.png,346.2652282714844,128.1396942138672,423.3121643066406,-17.04929542541504,14.06762981414795,82.10446166992188
frame_001782.png,346.576904296875,128.2420654296875,423.4876403808594,-17.036245346069336,14.058422088623047,82.27212524414062
frame_001783.png,346.9005432128906,128.3531951904297,423.6511535644531,-17.019636154174805,14.050701141357422,82.45291137695312
frame_001784.png,347.22320556640625,128.47360229492188,423.7855224609375,-16.99280548095703,14.044123649597168,82.60565948486328
frame_001785.png,347.5443420410156,128.58660888671875,423.8745422363281,-16.972745895385742,14.041739463806152,82.73416137695312
frame_001786.png,347.8404235839844,128.703857421875,423.9515686035156,-16.952547073364258,14.037652015686035,82.82669067382812
frame_001787.png,348.11187744140625,128.81805419921875,424.0331726074219,-16.944721221923828,14.035831451416016,82.90240478515625
frame_001788.png,348.38531494140625,128.9263153076172,424.1119689941406,-16.939504623413086,14.041813850402832,82.96990203857422
frame_001789.png,348.66943359375,129.02700805664062,424.1970520019531,-16.941200256347656,14.053372383117676,83.03134155273438
frame_001790.png,348.96246337890625,129.11776733398438,424.2898864746094,-16.944353103637695,14.06599235534668,83.09627532958984
frame_001791.png,349.2586669921875,129.2006378173828,424.38897705078125,-16.947357177734375,14.078642845153809,83.16670989990234
frame_001792.png,349.5508117675781,129.27806091308594,424.4892578125,-16.94759178161621,14.09261417388916,83.24491119384766
frame_001793.png,349.8387145996094,129.35748291015625,424.5936279296875,-16.948657989501953,14.105125427246094,83.32276153564453
frame_001794.png,350.1127624511719,129.44277954101562,424.6885681152344,-16.9334774017334,14.113770484924316,83.38680267333984
frame_001795.png,350.40411376953125,129.5384063720703,424.76312255859375,-16.915433883666992,14.113537788391113,83.44965362548828
frame_001796.png,350.7091064453125,129.6511688232422,424.8271484375,-16.89765739440918,14.09860897064209,83.5169906616211
frame_001797.png,351.0079345703125,129.77423095703125,424.9024353027344,-16.880590438842773,14.079012870788574,83.60709381103516
frame_001798.png,351.3216857910156,129.9001007080078,425.0111389160156,-16.879667282104492,14.069463729858398,83.72579193115234
frame_001799.png,351.6368408203125,130.0203857421875,425.12335205078125,-16.86587905883789,14.062314987182617,83.85560607910156
frame_001800.png,351.95587158203125,130.14830017089844,425.24627685546875,-16.84657096862793,14.060359954833984,83.9904556274414
frame_001801.png,352.2798156738281,130.28981018066406,425.375,-16.835744857788086,14.05811882019043,84.10852813720703
frame_001802.png,352.642822265625,130.4250030517578,425.4698791503906,-16.82549285888672,14.054842948913574,84.22444152832031
frame_001803.png,353.0291748046875,130.55255126953125,425.5489807128906,-16.82215118408203,14.051114082336426,84.35416412353516
frame_001804.png,353.4181213378906,130.6731414794922,425.63739013671875,-16.823644638061523,14.048157691955566,84.48804473876953
frame_001805.png,353.780029296875,130.78807067871094,425.7564392089844,-16.83647346496582,14.04836368560791,84.60760498046875
frame_001806.png,354.11669921875,130.89898681640625,425.9000244140625,-16.856918334960938,14.052472114562988,84.7140884399414
frame_001807.png,354.4477844238281,131.00741577148438,426.0531311035156,-16.881187438964844,14.056632995605469,84.82463836669922
frame_001808.png,354.760986328125,131.1184844970703,426.2196960449219,-16.906095504760742,14.05809497833252,84.9292221069336
frame_001809.png,355.0623474121094,131.24082946777344,426.3984069824219,-16.938705444335938,14.056397438049316,85.03545379638672
frame_001810.png,355.3515930175781,131.37635803222656,426.59979248046875,-16.9671688079834,14.061993598937988,85.14555358886719
frame_001811.png,355.6289978027344,131.51898193359375,426.8429260253906,-16.983516693115234,14.07235050201416,85.26408386230469
frame_001812.png,355.8958435058594,131.6571807861328,427.1169738769531,-16.99751091003418,14.081315040588379,85.40814208984375
frame_001813.png,356.15521240234375,131.788330078125,427.39947509765625,-17.020092010498047,14.086015701293945,85.55632781982422
frame_001814.png,356.4013671875,131.90554809570312,427.66400146484375,-17.05013084411621,14.088300704956055,85.71420288085938
frame_001815.png,356.6463623046875,132.0160675048828,427.8951416015625,-17.06926155090332,14.088577270507812,85.8636245727539
frame_001816.png,356.906494140625,132.12423706054688,428.0819091796875,-17.06990623474121,14.09123706817627,85.98809814453125
frame_001817.png,357.1746826171875,132.22811889648438,428.2508850097656,-17.071828842163086,14.098512649536133,86.0885238647461
frame_001818.png,357.42498779296875,132.32774353027344,428.4181823730469,-17.066909790039062,14.102474212646484,86.17573547363281
frame_001819.png,357.6678161621094,132.43296813964844,428.5873107910156,-17.050718307495117,14.107555389404297,86.2430648803711
frame_001820.png,357.9090881347656,132.53427124023438,428.7187805175781,-17.01001739501953,14.112234115600586,86.2959213256836
frame_001821.png,358.13580322265625,132.63775634765625,428.8267822265625,-16.961509704589844,14.113595008850098,86.3350830078125
frame_001822.png,358.3434753417969,132.74876403808594,428.9371337890625,-16.91265106201172,14.121444702148438,86.37065124511719
frame_001823.png,358.5328369140625,132.8578643798828,429.0374450683594,-16.871906280517578,14.12527084350586,86.38980102539062
frame_001824.png,358.68896484375,132.9593505859375,429.10675048828125,-16.82372283935547,14.130659103393555,86.3870620727539
frame_001825.png,358.810791015625,133.0521697998047,429.146728515625,-16.772689819335938,14.136483192443848,86.37943267822266
frame_001826.png,358.92425537109375,133.14117431640625,429.17291259765625,-16.71775245666504,14.143295288085938,86.38385009765625
frame_001827.png,359.04412841796875,133.22508239746094,429.1870422363281,-16.667984008789062,14.147994041442871,86.39908599853516
frame_001828.png,359.16387939453125,133.30453491210938,429.1954345703125,-16.62427520751953,14.147769927978516,86.4145278930664
frame_001829.png,359.2767028808594,133.38148498535156,429.2019958496094,-16.58261489868164,14.147056579589844,86.4320068359375
frame_001830.png,359.39373779296875,133.4573974609375,429.2055358886719,-16.54690933227539,14.147090911865234,86.4505615234375
frame_001831.png,359.53070068359375,133.53933715820312,429.21539306640625,-16.531137466430664,14.143021583557129,86.47332763671875
frame_001832.png,359.72332763671875,133.6319580078125,429.2493896484375,-16.546323776245117,14.128448486328125,86.50533294677734
frame_001833.png,359.9627685546875,133.72752380371094,429.2986145019531,-16.585933685302734,14.106780052185059,86.53388214111328
frame_001834.png,360.25982666015625,133.82530212402344,429.3543395996094,-16.63741683959961,14.097747802734375,86.55596160888672
frame_001835.png,360.5688781738281,133.92474365234375,429.3871765136719,-16.6901798248291,14.100225448608398,86.54703521728516
frame_001836.png,360.897705078125,134.01968383789062,429.41278076171875,-16.729726791381836,14.117974281311035,86.5133285522461
frame_001837.png,361.22998046875,134.1060333251953,429.432373046875,-16.743816375732422,14.128533363342285,86.48725891113281
frame_001838.png,361.5576171875,134.1878204345703,429.4521179199219,-16.741010665893555,14.136210441589355,86.49462890625
frame_001839.png,361.8583068847656,134.25338745117188,429.4853820800781,-16.72952651977539,14.137351036071777,86.56781005859375
frame_001840.png,362.1360778808594,134.2976531982422,429.5674743652344,-16.701374053955078,14.127274513244629,86.6713638305664
frame_001841.png,362.368896484375,134.33856201171875,429.5998229980469,-16.65955352783203,14.119623184204102,86.78096008300781
frame_001842.png,362.5545654296875,134.3723907470703,429.60772705078125,-16.61981773376465,14.108851432800293,86.86736297607422
frame_001843.png,362.7135009765625,134.39239501953125,429.6081237792969,-16.56694793701172,14.097803115844727,86.93972778320312
frame_001844.png,362.8696594238281,134.4083251953125,429.61029052734375,-16.507858276367188,14.089673042297363,86.99524688720703
frame_001845.png,363.01910400390625,134.4232635498047,429.63739013671875,-16.447799682617188,14.080769538879395,87.03535461425781
frame_001846.png,363.1414489746094,134.4139404296875,429.7185974121094,-16.3930721282959,14.071499824523926,87.07984161376953
frame_001847.png,363.2474365234375,134.3892364501953,429.8359680175781,-16.341079711914062,14.067754745483398,87.11349487304688
frame_001848.png,363.32861328125,134.36495971679688,430.00543212890625,-16.30634117126465,14.076737403869629,87.12964630126953
frame_001849.png,363.4290466308594,134.33876037597656,430.140625,-16.31123161315918,14.090924263000488,87.15811157226562
frame_001850.png,363.53546142578125,134.32398986816406,430.2303161621094,-16.334829330444336,14.113347053527832,87.2256088256836
frame_001851.png,363.64520263671875,134.33128356933594,430.30780029296875,-16.400774002075195,14.137121200561523,87.31808471679688
frame_001852.png,363.7308654785156,134.37884521484375,430.44598388671875,-16.451171875,14.172974586486816,87.3833999633789
frame_001853.png,363.83831787109375,134.4451141357422,430.5704650878906,-16.474443435668945,14.208255767822266,87.44469451904297
frame_001854.png,363.94403076171875,134.495361328125,430.6604309082031,-16.43716812133789,14.24955940246582,87.50675201416016
frame_001855.png,364.0037536621094,134.54161071777344,430.7686462402344,-16.391986846923828,14.272441864013672,87.6019287109375
frame_001856.png,364.021728515625,134.59825134277344,430.9266662597656,-16.35482406616211,14.279566764831543,87.67192077636719
frame_001857.png,364.0352478027344,134.6454620361328,431.0547790527344,-16.338613510131836,14.274353981018066,87.75305938720703
frame_001858.png,364.03875732421875,134.7115478515625,431.19403076171875,-16.34910011291504,14.268070220947266,87.8344497680664
frame_001859.png,364.04205322265625,134.80821228027344,431.37310791015625,-16.400226593017578,14.27119255065918,87.89945220947266
frame_001860.png,364.09539794921875,134.9272918701172,431.5711975097656,-16.496614456176758,14.284818649291992,87.95614624023438
frame_001861.png,364.2030944824219,135.04232788085938,431.7319641113281,-16.58379364013672,14.287652969360352,88.0198745727539
frame_001862.png,364.3447570800781,135.14956665039062,431.9171447753906,-16.66507339477539,14.29140567779541,88.11614990234375
frame_001863.png,364.517333984375,135.25668334960938,432.1051330566406,-16.74456787109375,14.305008888244629,88.20731353759766
frame_001864.png,364.7188720703125,135.3675079345703,432.3187255859375,-16.801557540893555,14.312248229980469,88.29090881347656
frame_001865.png,364.9462585449219,135.4795379638672,432.5367126464844,-16.835346221923828,14.317117691040039,88.36469268798828
frame_001866.png,365.1850280761719,135.58917236328125,432.7308654785156,-16.848873138427734,14.3239164352417,88.44683074951172
frame_001867.png,365.43145751953125,135.6922149658203,432.8896789550781,-16.84349250793457,14.32591438293457,88.54222869873047
frame_001868.png,365.6774597167969,135.7871856689453,433.0289611816406,-16.828950881958008,14.321952819824219,88.65184020996094
frame_001869.png,365.91375732421875,135.8729248046875,433.14990234375,-16.818126678466797,14.31611156463623,88.77084350585938
frame_001870.png,366.13568115234375,135.94935607910156,433.2618408203125,-16.818403244018555,14.312725067138672,88.89263153076172
frame_001871.png,366.33575439453125,136.013427734375,433.3618469238281,-16.817949295043945,14.312809944152832,89.01007080078125
frame_001872.png,366.51190185546875,136.06170654296875,433.44293212890625,-16.808605194091797,14.317754745483398,89.12305450439453
frame_001873.png,366.67327880859375,136.0952606201172,433.50213623046875,-16.794347763061523,14.325332641601562,89.2351303100586
frame_001874.png,366.8310241699219,136.12600708007812,433.5608215332031,-16.77655601501465,14.333749771118164,89.34527587890625
frame_001875.png,366.9860534667969,136.14779663085938,433.6080627441406,-16.756120681762695,14.344971656799316,89.45450592041016
frame_001876.png,367.1419677734375,136.16140747070312,433.6382141113281,-16.741622924804688,14.361623764038086,89.56230163574219
frame_001877.png,367.2955017089844,136.16490173339844,433.5992126464844,-16.74172592163086,14.38493824005127,89.67407989501953
frame_001878.png,367.4460144042969,136.1606903076172,433.51220703125,-16.760042190551758,14.411599159240723,89.7705307006836
frame_001879.png,367.5864562988281,136.14369201660156,433.40032958984375,-16.793766021728516,14.437530517578125,89.8468246459961
frame_001880.png,367.74078369140625,136.12872314453125,433.305908203125,-16.835498809814453,14.462592124938965,89.92031860351562
frame_001881.png,367.94677734375,136.12326049804688,433.2383117675781,-16.88321876525879,14.48015022277832,89.98467254638672
frame_001882.png,368.19610595703125,136.12879943847656,433.1977233886719,-16.93328857421875,14.488557815551758,90.03595733642578
frame_001883.png,368.45648193359375,136.144775390625,433.20098876953125,-16.981243133544922,14.488059997558594,90.06908416748047
frame_001884.png,368.7170715332031,136.17169189453125,433.233154296875,-17.017902374267578,14.482806205749512,90.08395385742188
frame_001885.png,368.980224609375,136.20553588867188,433.2767028808594,-17.040512084960938,14.47561264038086,90.08561706542969
frame_001886.png,369.248046875,136.23892211914062,433.32940673828125,-17.061378479003906,14.465339660644531,90.08316040039062
frame_001887.png,369.515625,136.27012634277344,433.39581298828125,-17.09270477294922,14.453422546386719,90.08328247070312
frame_001888.png,369.7651672363281,136.29171752929688,433.4676818847656,-17.129716873168945,14.445941925048828,90.10140991210938
frame_001889.png,370.0108642578125,136.3076934814453,433.5389404296875,-17.179929733276367,14.442761421203613,90.15701293945312
frame_001890.png,370.22760009765625,136.3242950439453,433.6171569824219,-17.24892234802246,14.43246841430664,90.23250579833984
frame_001891.png,370.4307861328125,136.3431396484375,433.67828369140625,-17.3175106048584,14.433453559875488,90.3481674194336
frame_001892.png,370.6265563964844,136.3595733642578,433.756591796875,-17.360136032104492,14.440271377563477,90.47925567626953
frame_001893.png,370.8429260253906,136.36959838867188,433.8444519042969,-17.38194465637207,14.461799621582031,90.62884521484375
frame_001894.png,371.0502624511719,136.41343688964844,433.97174072265625,-17.41177749633789,14.47167682647705,90.75607299804688
frame_001895.png,371.2501525878906,136.48574829101562,434.1087951660156,-17.460617065429688,14.490095138549805,90.8543701171875
frame_001896.png,371.4559631347656,136.559814453125,434.28704833984375,-17.512414932250977,14.517643928527832,90.97222137451172
frame_001897.png,371.63592529296875,136.66249084472656,434.5337219238281,-17.556039810180664,14.538287162780762,91.07650756835938
frame_001898.png,371.81427001953125,136.7888946533203,434.8126525878906,-17.630374908447266,14.553447723388672,91.1650161743164
frame_001899.png,371.9195861816406,136.9097900390625,435.0586853027344,-17.641624450683594,14.56006908416748,91.25740051269531
frame_001900.png,372.0667724609375,137.03077697753906,435.2613830566406,-17.650564193725586,14.581308364868164,91.36434936523438
frame_001901.png,372.21240234375,137.1544189453125,435.4632263183594,-17.661802291870117,14.609108924865723,91.4652099609375
frame_001902.png,372.43017578125,137.28369140625,435.6358947753906,-17.693893432617188,14.626334190368652,91.55826568603516
frame_001903.png,372.67205810546875,137.39993286132812,435.7748107910156,-17.732799530029297,14.644790649414062,91.63628387451172
frame_001904.png,372.9549865722656,137.5114288330078,435.85870361328125,-17.77327537536621,14.650125503540039,91.67081451416016
frame_001905.png,373.26531982421875,137.6165771484375,435.90576171875,-17.808813095092773,14.64535903930664,91.70010375976562
frame_001906.png,373.5993957519531,137.71710205078125,435.94403076171875,-17.836843490600586,14.633342742919922,91.72853088378906
frame_001907.png,373.94000244140625,137.81439208984375,435.9967956542969,-17.843883514404297,14.618419647216797,91.7696304321289
frame_001908.png,374.2569274902344,137.91163635253906,436.0747375488281,-17.831361770629883,14.60515308380127,91.82896423339844
frame_001909.png,374.5603942871094,138.01461791992188,436.1911315917969,-17.821931838989258,14.60827922821045,91.88593292236328
frame_001910.png,374.86004638671875,138.12672424316406,436.3249816894531,-17.829513549804688,14.614707946777344,91.95049285888672
frame_001911.png,375.1592712402344,138.22654724121094,436.4631652832031,-17.843969345092773,14.612579345703125,92.03006744384766
frame_001912.png,375.4568786621094,138.32528686523438,436.6133117675781,-17.859474182128906,14.616447448730469,92.10518646240234
frame_001913.png,375.74774169921875,138.40419006347656,436.7750549316406,-17.871980667114258,14.622032165527344,92.19963073730469
frame_001914.png,376.0284118652344,138.45997619628906,436.9462585449219,-17.877029418945312,14.627391815185547,92.30747985839844
frame_001915.png,376.30487060546875,138.5170135498047,437.1280517578125,-17.887197494506836,14.630975723266602,92.40064239501953
frame_001916.png,376.5954284667969,138.5757598876953,437.2847900390625,-17.89434051513672,14.63337230682373,92.49195098876953
frame_001917.png,376.8952941894531,138.63951110839844,437.4279479980469,-17.865306854248047,14.630209922790527,92.561767578125
frame_001918.png,377.16278076171875,138.70538330078125,437.62347412109375,-17.862300872802734,14.626452445983887,92.5848388671875
frame_001919.png,377.4223327636719,138.75653076171875,437.8203430175781,-17.839935302734375,14.623250007629395,92.62362670898438
frame_001920.png,377.66131591796875,138.7987518310547,438.0166015625,-17.811365127563477,14.61526870727539,92.66326141357422
frame_001921.png,377.8831481933594,138.8376007080078,438.2054443359375,-17.775312423706055,14.601882934570312,92.67941284179688
frame_001922.png,378.0966491699219,138.8784942626953,438.38726806640625,-17.73847007751465,14.58528995513916,92.67423248291016
frame_001923.png,378.3310852050781,138.93356323242188,438.5496520996094,-17.691524505615234,14.56662368774414,92.67020416259766
frame_001924.png,378.5653381347656,139.00430297851562,438.721435546875,-17.654556274414062,14.550451278686523,92.67271423339844
frame_001925.png,378.7940979003906,139.0746307373047,438.8918151855469,-17.622257232666016,14.538082122802734,92.697509765625
frame_001926.png,379.03558349609375,139.15628051757812,439.024169921875,-17.579164505004883,14.514413833618164,92.73861694335938
frame_001927.png,379.28985595703125,139.2536163330078,439.11505126953125,-17.537050247192383,14.495057106018066,92.8187255859375
frame_001928.png,379.57672119140625,139.35836791992188,439.1660461425781,-17.50548553466797,14.491463661193848,92.9297866821289
frame_001929.png,379.87255859375,139.48956298828125,439.2421569824219,-17.484516143798828,14.499175071716309,93.03419494628906
frame_001930.png,380.16082763671875,139.63157653808594,439.3013000488281,-17.48686981201172,14.515449523925781,93.1115951538086
frame_001931.png,380.39434814453125,139.74583435058594,439.38177490234375,-17.56728744506836,14.536579132080078,93.19539642333984
frame_001932.png,380.6157531738281,139.8534698486328,439.5155334472656,-17.64844512939453,14.550501823425293,93.25389862060547
frame_001933.png,380.79925537109375,139.93460083007812,439.63482666015625,-17.731962203979492,14.581592559814453,93.27228546142578
frame_001934.png,380.95379638671875,140.0006103515625,439.6954650878906,-17.810361862182617,14.613483428955078,93.29472351074219
frame_001935.png,381.0245056152344,140.0259552001953,439.7374572753906,-17.866321563720703,14.641538619995117,93.3661117553711
frame_001936.png,381.12353515625,140.03501892089844,439.7819519042969,-17.921932220458984,14.647354125976562,93.44022369384766
frame_001937.png,381.2621765136719,140.0267791748047,439.8020935058594,-17.992549896240234,14.649724006652832,93.50823974609375
frame_001938.png,381.36383056640625,140.01849365234375,439.8772888183594,-18.030351638793945,14.651288032531738,93.52882385253906
frame_001939.png,381.42425537109375,139.99871826171875,440.0229797363281,-18.037630081176758,14.668839454650879,93.53284454345703
frame_001940.png,381.4241638183594,139.97080993652344,440.21783447265625,-18.045711517333984,14.695484161376953,93.53640747070312
frame_001941.png,381.3641662597656,139.93629455566406,440.4245300292969,-18.056720733642578,14.72582721710205,93.5365219116211
frame_001942.png,381.2618103027344,139.8967742919922,440.622802734375,-18.059309005737305,14.75578784942627,93.52735137939453
frame_001943.png,381.1262512207031,139.85157775878906,440.8191833496094,-18.03642463684082,14.784042358398438,93.52304077148438
frame_001944.png,380.9945068359375,139.81007385253906,440.98541259765625,-17.99730682373047,14.80644702911377,93.54850006103516
frame_001945.png,380.8558044433594,139.78887939453125,441.08197021484375,-17.961206436157227,14.835518836975098,93.5583724975586
frame_001946.png,380.7605285644531,139.76234436035156,441.1566162109375,-17.94465446472168,14.873483657836914,93.61723327636719
frame_001947.png,380.71722412109375,139.76097106933594,441.2505187988281,-17.89962387084961,14.911701202392578,93.6978530883789
frame_001948.png,380.72332763671875,139.76951599121094,441.3568115234375,-17.892061233520508,14.958352088928223,93.77531433105469
frame_001949.png,380.7954406738281,139.79745483398438,441.4023132324219,-17.91105079650879,15.01387882232666,93.86260986328125
frame_001950.png,380.8817443847656,139.82029724121094,441.451904296875,-17.92966651916504,15.070083618164062,93.9703598022461
frame_001951.png,380.97479248046875,139.8535614013672,441.5037841796875,-17.96094512939453,15.128120422363281,94.0504150390625
frame_001952.png,381.0474853515625,139.87127685546875,441.55047607421875,-18.004228591918945,15.190333366394043,94.13092803955078
frame_001953.png,381.1290283203125,139.8805389404297,441.6173400878906,-18.063928604125977,15.255623817443848,94.19082641601562
frame_001954.png,381.2110595703125,139.898193359375,441.683837890625,-18.1125545501709,15.32160758972168,94.23897552490234
frame_001955.png,381.30145263671875,139.91403198242188,441.7525634765625,-18.15771484375,15.385295867919922,94.2777328491211
frame_001956.png,381.4316711425781,139.9326171875,441.8221435546875,-18.201763153076172,15.44374942779541,94.31726837158203
frame_001957.png,381.6013488769531,139.9540252685547,441.88525390625,-18.237537384033203,15.5017728805542,94.36713409423828
frame_001958.png,381.7949523925781,139.97378540039062,441.9385070800781,-18.25901222229004,15.562747955322266,94.44019317626953
frame_001959.png,381.9907531738281,139.9950408935547,441.9804382324219,-18.25810432434082,15.623204231262207,94.5364761352539
frame_001960.png,382.1810607910156,140.02769470214844,442.03472900390625,-18.25320816040039,15.677355766296387,94.6312026977539
frame_001961.png,382.37176513671875,140.0764923095703,442.1092224121094,-18.250566482543945,15.724135398864746,94.71653747558594
frame_001962.png,382.5846252441406,140.14051818847656,442.2092590332031,-18.25947380065918,15.765486717224121,94.794189453125
frame_001963.png,382.81396484375,140.21278381347656,442.32757568359375,-18.277936935424805,15.7980375289917,94.86256408691406
frame_001964.png,383.0511779785156,140.2941436767578,442.460205078125,-18.310340881347656,15.823823928833008,94.92646026611328
frame_001965.png,383.2749328613281,140.38311767578125,442.6093444824219,-18.3419246673584,15.844584465026855,95.00009155273438
frame_001966.png,383.51348876953125,140.47894287109375,442.7350158691406,-18.363040924072266,15.86561393737793,95.06717681884766
frame_001967.png,383.7406005859375,140.57630920410156,442.8484802246094,-18.381153106689453,15.88234806060791,95.11918640136719
frame_001968.png,383.95709228515625,140.6874237060547,442.95404052734375,-18.40361976623535,15.897321701049805,95.16358184814453
frame_001969.png,384.16595458984375,140.81271362304688,443.05859375,-18.420555114746094,15.899389266967773,95.208740234375
frame_001970.png,384.38299560546875,140.93589782714844,443.1647033691406,-18.43792152404785,15.883122444152832,95.24211120605469
frame_001971.png,384.6239929199219,141.0676727294922,443.2649230957031,-18.45732879638672,15.854737281799316,95.24845123291016
frame_001972.png,384.85107421875,141.19932556152344,443.3746643066406,-18.496686935424805,15.824947357177734,95.24774169921875
frame_001973.png,385.0862121582031,141.32162475585938,443.4703674316406,-18.52410125732422,15.792123794555664,95.24429321289062
frame_001974.png,385.3285217285156,141.461669921875,443.5662841796875,-18.557010650634766,15.762996673583984,95.23795318603516
frame_001975.png,385.59912109375,141.60606384277344,443.65594482421875,-18.584585189819336,15.74429988861084,95.24957275390625
frame_001976.png,385.85455322265625,141.7440948486328,443.7779846191406,-18.67129135131836,15.737634658813477,95.2857894897461
frame_001977.png,386.090087890625,141.87548828125,443.9535217285156,-18.77389144897461,15.739656448364258,95.31842803955078
frame_001978.png,386.3245849609375,141.98841857910156,444.18035888671875,-18.88798713684082,15.758145332336426,95.3670654296875
frame_001979.png,386.5575256347656,142.0835418701172,444.4386901855469,-19.003555297851562,15.775237083435059,95.42503356933594
frame_001980.png,386.7878723144531,142.169921875,444.7063903808594,-19.11732292175293,15.786505699157715,95.48736572265625
frame_001981.png,387.0145263671875,142.25033569335938,444.9716796875,-19.22426414489746,15.795099258422852,95.55940246582031
frame_001982.png,387.231689453125,142.3238067626953,445.23468017578125,-19.328506469726562,15.803004264831543,95.63737487792969
frame_001983.png,387.4356994628906,142.39205932617188,445.5015563964844,-19.430166244506836,15.81440258026123,95.71693420410156
frame_001984.png,387.62274169921875,142.4569854736328,445.75433349609375,-19.532983779907227,15.831976890563965,95.80223083496094
frame_001985.png,387.7867736816406,142.5157012939453,445.99786376953125,-19.64268684387207,15.851975440979004,95.90170288085938
frame_001986.png,387.92218017578125,142.5689697265625,446.247802734375,-19.757795333862305,15.874448776245117,96.01750183105469
frame_001987.png,388.0390625,142.6185302734375,446.50897216796875,-19.88126564025879,15.899457931518555,96.13626861572266
frame_001988.png,388.1452941894531,142.66864013671875,446.775146484375,-20.015785217285156,15.925506591796875,96.24405670166016
frame_001989.png,388.2588195800781,142.7218780517578,447.0328063964844,-20.152673721313477,15.950566291809082,96.33464813232422
frame_001990.png,388.3843994140625,142.77993774414062,447.28839111328125,-20.29261016845703,15.981123924255371,96.40406036376953
frame_001991.png,388.5196228027344,142.84536743164062,447.53375244140625,-20.440963745117188,16.018112182617188,96.45774841308594
frame_001992.png,388.6577453613281,142.91139221191406,447.7655944824219,-20.591243743896484,16.05889892578125,96.50006866455078
frame_001993.png,388.79168701171875,142.9817657470703,447.98974609375,-20.736242294311523,16.09842872619629,96.52731323242188
frame_001994.png,388.91839599609375,143.0556182861328,448.209716796875,-20.882280349731445,16.136411666870117,96.54525756835938
frame_001995.png,389.0466003417969,143.134033203125,448.4288024902344,-21.0289306640625,16.171918869018555,96.55807495117188
frame_001996.png,389.1826171875,143.2162628173828,448.65020751953125,-21.17466163635254,16.205596923828125,96.56658935546875
frame_001997.png,389.32513427734375,143.30084228515625,448.8740539550781,-21.318758010864258,16.239036560058594,96.57492065429688
frame_001998.png,389.4747619628906,143.38426208496094,449.0964660644531,-21.462749481201172,16.272132873535156,96.58806610107422
frame_001999.png,389.63262939453125,143.4669952392578,449.3207092285156,-21.60497283935547,16.30573272705078,96.60772705078125
frame_002000.png,389.7989807128906,143.55252075195312,449.55084228515625,-21.74489974975586,16.339385986328125,96.6312484741211
frame_002001.png,389.9668273925781,143.64163208007812,449.7823181152344,-21.885860443115234,16.373008728027344,96.66090393066406
frame_002002.png,390.1410217285156,143.7353973388672,450.01849365234375,-22.021421432495117,16.405052185058594,96.69881439208984
frame_002003.png,390.3314208984375,143.83950805664062,450.24652099609375,-22.143117904663086,16.440523147583008,96.73786926269531
frame_002004.png,390.54095458984375,143.9565887451172,450.4486083984375,-22.237733840942383,16.466339111328125,96.77037048339844
frame_002005.png,390.7809143066406,144.07394409179688,450.60406494140625,-22.299070358276367,16.4920654296875,96.80311584472656
frame_002006.png,391.034912109375,144.2105255126953,450.7356872558594,-22.331390380859375,16.512760162353516,96.81653594970703
frame_002007.png,391.2555847167969,144.34849548339844,450.8670959472656,-22.352529525756836,16.519088745117188,96.85040283203125
frame_002008.png,391.4682922363281,144.50460815429688,450.9784851074219,-22.339445114135742,16.510009765625,96.86389923095703
frame_002009.png,391.6309814453125,144.62631225585938,451.0758361816406,-22.366228103637695,16.512523651123047,96.89439392089844
frame_002010.png,391.77008056640625,144.7250213623047,451.2525329589844,-22.40360450744629,16.493675231933594,97.00059509277344
frame_002011.png,391.938720703125,144.82359313964844,451.4140930175781,-22.444931030273438,16.483905792236328,97.08696746826172
frame_002012.png,392.10601806640625,144.9203338623047,451.5523681640625,-22.522615432739258,16.49318504333496,97.08403778076172
frame_002013.png,392.2344055175781,145.0335235595703,451.6253662109375,-22.58625030517578,16.50908851623535,97.09596252441406
frame_002014.png,392.3558044433594,145.10699462890625,451.7017517089844,-22.628828048706055,16.51713752746582,97.16117858886719
frame_002015.png,392.4213562011719,145.11941528320312,451.8302001953125,-22.676448822021484,16.54825782775879,97.255859375
frame_002016.png,392.4988098144531,145.09530639648438,451.9737548828125,-22.72092628479004,16.587657928466797,97.32129669189453
frame_002017.png,392.5587158203125,145.0494842529297,452.0651550292969,-22.75927734375,16.632173538208008,97.40176391601562
frame_002018.png,392.5364074707031,144.99075317382812,452.172607421875,-22.802640914916992,16.660322189331055,97.49468994140625
frame_002019.png,392.4797058105469,144.9676055908203,452.3117370605469,-22.868499755859375,16.670948028564453,97.58375549316406
frame_002020.png,392.3836364746094,144.96083068847656,452.4421081542969,-22.936782836914062,16.668201446533203,97.6423110961914
frame_002021.png,392.23004150390625,144.94744873046875,452.59796142578125,-22.999221801757812,16.66653823852539,97.68646240234375
frame_002022.png,392.0339660644531,144.9180145263672,452.80340576171875,-23.07122230529785,16.66742515563965,97.7475357055664
frame_002023.png,391.843505859375,144.87332153320312,453.0087585449219,-23.156291961669922,16.677021026611328,97.81444549560547
frame_002024.png,391.6845397949219,144.8351287841797,453.14501953125,-23.22174644470215,16.69699478149414,97.8680648803711
frame_002025.png,391.551513671875,144.80645751953125,453.23309326171875,-23.264102935791016,16.713001251220703,97.90409851074219
frame_002026.png,391.4499816894531,144.7841339111328,453.31134033203125,-23.303085327148438,16.725784301757812,97.94300079345703
frame_002027.png,391.44952392578125,144.75668334960938,453.3697509765625,-23.293180465698242,16.74598503112793,98.01266479492188
frame_002028.png,391.5165100097656,144.738037109375,453.3932189941406,-23.273147583007812,16.76540756225586,98.08694458007812
frame_002029.png,391.6392517089844,144.75537109375,453.38623046875,-23.263797760009766,16.793132781982422,98.11947631835938
frame_002030.png,391.8124084472656,144.82630920410156,453.3663024902344,-23.261377334594727,16.830106735229492,98.16260528564453
frame_002031.png,392.00201416015625,144.90493774414062,453.39605712890625,-23.265323638916016,16.864349365234375,98.22428131103516
frame_002032.png,392.1885681152344,144.9826202392578,453.5351867675781,-23.28717803955078,16.8875675201416,98.29983520507812
frame_002033.png,392.4158935546875,145.07293701171875,453.6556091308594,-23.293413162231445,16.915544509887695,98.40557861328125
frame_002034.png,392.6473693847656,145.15646362304688,453.7635192871094,-23.294763565063477,16.93055534362793,98.5092544555664
frame_002035.png,392.89019775390625,145.2650604248047,453.8612060546875,-23.268253326416016,16.93533706665039,98.5696029663086
frame_002036.png,393.12371826171875,145.3927001953125,453.9611511230469,-23.260459899902344,16.926664352416992,98.60513305664062
frame_002037.png,393.3743896484375,145.51602172851562,454.03277587890625,-23.236324310302734,16.926610946655273,98.62867736816406
frame_002038.png,393.6716613769531,145.6394500732422,454.0711669921875,-23.196250915527344,16.928794860839844,98.65654754638672
frame_002039.png,394.0050048828125,145.76075744628906,454.1011657714844,-23.16415023803711,16.93770980834961,98.70142364501953
frame_002040.png,394.35498046875,145.8716278076172,454.14727783203125,-23.146018981933594,16.9577693939209,98.77293395996094
frame_002041.png,394.7105407714844,145.96856689453125,454.2063903808594,-23.13287925720215,16.989538192749023,98.85356903076172
frame_002042.png,395.0682067871094,146.05555725097656,454.2815246582031,-23.117177963256836,17.024120330810547,98.93540954589844
frame_002043.png,395.42425537109375,146.13613891601562,454.3641662597656,-23.09486961364746,17.057497024536133,99.01612091064453
frame_002044.png,395.78607177734375,146.21359252929688,454.4435729980469,-23.06654167175293,17.088525772094727,99.10392761230469
frame_002045.png,396.1454162597656,146.2853546142578,454.5258483886719,-23.033973693847656,17.117557525634766,99.1944351196289
frame_002046.png,396.5065612792969,146.35284423828125,454.6033935546875,-22.99728775024414,17.14339828491211,99.29637908935547
frame_002047.png,396.8715515136719,146.41534423828125,454.6786193847656,-22.95686912536621,17.169082641601562,99.40695190429688
frame_002048.png,397.2366638183594,146.47718811035156,454.7611999511719,-22.917055130004883,17.194673538208008,99.52926635742188
frame_002049.png,397.60760498046875,146.5401153564453,454.8487548828125,-22.878190994262695,17.216325759887695,99.66382598876953
frame_002050.png,397.9815368652344,146.60484313964844,454.9349365234375,-22.840255737304688,17.233280181884766,99.79965209960938
frame_002051.png,398.3545837402344,146.67807006835938,455.0353698730469,-22.797138214111328,17.24062728881836,99.9048080444336
frame_002052.png,398.7164306640625,146.7647247314453,455.1539001464844,-22.75375747680664,17.246829986572266,99.97959899902344
frame_002053.png,399.0551452636719,146.8560028076172,455.3309326171875,-22.71013832092285,17.250328063964844,100.0510482788086
frame_002054.png,399.37713623046875,146.9507598876953,455.5245361328125,-22.661165237426758,17.2507266998291,100.1109390258789
frame_002055.png,399.6877746582031,147.04949951171875,455.7069396972656,-22.59180450439453,17.251108169555664,100.15187072753906
frame_002056.png,400.0105895996094,147.15602111816406,455.8778076171875,-22.540218353271484,17.249391555786133,100.2049789428711
frame_002057.png,400.30474853515625,147.25448608398438,456.0470886230469,-22.509761810302734,17.238773345947266,100.28607177734375
frame_002058.png,400.5677795410156,147.33041381835938,456.1616516113281,-22.480548858642578,17.217771530151367,100.36626434326172
frame_002059.png,400.83056640625,147.40432739257812,456.2586364746094,-22.437911987304688,17.207382202148438,100.41177368164062
frame_002060.png,401.0899963378906,147.50411987304688,456.3897705078125,-22.41741180419922,17.189422607421875,100.41223907470703
frame_002061.png,401.3360290527344,147.6068115234375,456.54864501953125,-22.39688491821289,17.17762565612793,100.41732025146484
frame_002062.png,401.5702209472656,147.71539306640625,456.7096252441406,-22.39446258544922,17.16156768798828,100.43025970458984
frame_002063.png,401.8252258300781,147.81565856933594,456.8487243652344,-22.383657455444336,17.145183563232422,100.45581817626953
frame_002064.png,402.0968322753906,147.90536499023438,456.96392822265625,-22.364295959472656,17.13227653503418,100.4981689453125
frame_002065.png,402.3800048828125,147.9873046875,457.05645751953125,-22.338693618774414,17.12218475341797,100.5419692993164
frame_002066.png,402.6644592285156,148.06224060058594,457.13311767578125,-22.311193466186523,17.117189407348633,100.578125
frame_002067.png,402.9460754394531,148.13209533691406,457.2009582519531,-22.28360366821289,17.11463165283203,100.61048126220703
frame_002068.png,403.2239685058594,148.1999969482422,457.261962890625,-22.260822296142578,17.10944175720215,100.64344787597656
frame_002069.png,403.4812927246094,148.2736053466797,457.34033203125,-22.24648094177246,17.09613609313965,100.67432403564453
frame_002070.png,403.7174377441406,148.36276245117188,457.43719482421875,-22.23639488220215,17.074861526489258,100.6952133178711
frame_002071.png,403.92926025390625,148.45558166503906,457.5673522949219,-22.229307174682617,17.05660057067871,100.69853973388672
frame_002072.png,404.13140869140625,148.5585174560547,457.73138427734375,-22.222394943237305,17.037755966186523,100.68748474121094
frame_002073.png,404.348388671875,148.6755828857422,457.87158203125,-22.19973373413086,17.015056610107422,100.68209075927734
frame_002074.png,404.6131591796875,148.78831481933594,457.981201171875,-22.151391983032227,16.99596405029297,100.7020263671875
frame_002075.png,404.8988342285156,148.9009552001953,458.11102294921875,-22.100006103515625,16.983781814575195,100.7218246459961
frame_002076.png,405.1961975097656,149.0139617919922,458.2509765625,-22.0440673828125,16.97066879272461,100.74034881591797
frame_002077.png,405.468994140625,149.1331329345703,458.4140319824219,-22.005151748657227,16.94462013244629,100.77191162109375
frame_002078.png,405.7100524902344,149.2550506591797,458.5973815917969,-21.973148345947266,16.918197631835938,100.8040771484375
frame_002079.png,405.9512634277344,149.37803649902344,458.7882995605469,-21.9229793548584,16.890483856201172,100.85034942626953
frame_002080.png,406.1886291503906,149.48550415039062,458.98333740234375,-21.88022232055664,16.868722915649414,100.89490509033203
frame_002081.png,406.4311218261719,149.5846405029297,459.2034606933594,-21.849817276000977,16.85487174987793,100.92247009277344
frame_002082.png,406.6843566894531,149.680908203125,459.41912841796875,-21.822786331176758,16.84432601928711,100.94507598876953
frame_002083.png,406.94219970703125,149.7733154296875,459.62615966796875,-21.79404067993164,16.836082458496094,100.96807098388672
frame_002084.png,407.2062072753906,149.8632354736328,459.8270568847656,-21.766372680664062,16.828960418701172,100.99211120605469
frame_002085.png,407.4705810546875,149.95022583007812,460.0244445800781,-21.740406036376953,16.821470260620117,101.0162353515625
frame_002086.png,407.7334289550781,150.04090881347656,460.2216796875,-21.7196102142334,16.814437866210938,101.0406265258789
frame_002087.png,407.9839782714844,150.1405487060547,460.4296569824219,-21.703834533691406,16.8056583404541,101.06045532226562
frame_002088.png,408.2326965332031,150.24874877929688,460.6533203125,-21.68398094177246,16.79752540588379,101.0759506225586
frame_002089.png,408.4737854003906,150.3629913330078,460.89556884765625,-21.6585750579834,16.78583335876465,101.09712982177734
frame_002090.png,408.71826171875,150.484619140625,461.1478271484375,-21.631372451782227,16.76869010925293,101.1321029663086
frame_002091.png,408.965087890625,150.60751342773438,461.3996887207031,-21.5992488861084,16.747608184814453,101.18193054199219
frame_002092.png,409.2064514160156,150.72604370117188,461.65216064453125,-21.562875747680664,16.72683334350586,101.24029541015625
frame_002093.png,409.4454040527344,150.83840942382812,461.90509033203125,-21.52052879333496,16.70907974243164,101.30149841308594
frame_002094.png,409.68328857421875,150.94876098632812,462.1534118652344,-21.480628967285156,16.6936092376709,101.36182403564453
frame_002095.png,409.921630859375,151.05923461914062,462.3982849121094,-21.444501876831055,16.678665161132812,101.42716217041016
frame_002096.png,410.16607666015625,151.16448974609375,462.6156921386719,-21.41299057006836,16.66620445251465,101.47798919677734
frame_002097.png,410.4109191894531,151.26731872558594,462.81024169921875,-21.372499465942383,16.652318954467773,101.52313995361328
frame_002098.png,410.6534118652344,151.37745666503906,462.99945068359375,-21.333126068115234,16.637683868408203,101.56466674804688
frame_002099.png,410.89019775390625,151.49932861328125,463.1990051269531,-21.298627853393555,16.62074851989746,101.60498046875
frame_002100.png,411.154541015625,151.62112426757812,463.3984680175781,-21.264942169189453,16.600210189819336,101.64817810058594
frame_002101.png,411.4237060546875,151.7405548095703,463.59405517578125,-21.22958755493164,16.583932876586914,101.6815185546875
frame_002102.png,411.7255554199219,151.85598754882812,463.76690673828125,-21.18033218383789,16.564306259155273,101.74552917480469
frame_002103.png,412.029296875,151.979248046875,463.95037841796875,-21.149625778198242,16.54414176940918,101.79559326171875
frame_002104.png,412.3355712890625,152.0777587890625,464.1271057128906,-21.11338233947754,16.533496856689453,101.84378051757812
frame_002105.png,412.6538391113281,152.15025329589844,464.3175354003906,-21.096052169799805,16.536027908325195,101.91778564453125
frame_002106.png,412.946533203125,152.20652770996094,464.55206298828125,-21.080965042114258,16.539134979248047,101.99903106689453
frame_002107.png,413.1983642578125,152.2329864501953,464.811767578125,-21.06084442138672,16.5322208404541,102.09172058105469
frame_002108.png,413.4295959472656,152.2500762939453,465.08544921875,-21.02469825744629,16.523014068603516,102.19107818603516
frame_002109.png,413.6561279296875,152.25889587402344,465.3534240722656,-20.978824615478516,16.509674072265625,102.27857971191406
frame_002110.png,413.8826904296875,152.26370239257812,465.62158203125,-20.928451538085938,16.497974395751953,102.36077880859375
frame_002111.png,414.1149597167969,152.26287841796875,465.8967590332031,-20.880033493041992,16.49069595336914,102.44657897949219
frame_002112.png,414.3572998046875,152.25704956054688,466.1747131347656,-20.831417083740234,16.488033294677734,102.5457992553711
frame_002113.png,414.6027526855469,152.2471466064453,466.45733642578125,-20.780794143676758,16.484745025634766,102.66111755371094
frame_002114.png,414.8465270996094,152.24237060546875,466.73516845703125,-20.728607177734375,16.485136032104492,102.77909088134766
frame_002115.png,415.0863037109375,152.24607849121094,467.0071105957031,-20.68943977355957,16.482166290283203,102.87220001220703
frame_002116.png,415.3309020996094,152.27207946777344,467.2787780761719,-20.64751625061035,16.476839065551758,102.97994232177734
frame_002117.png,415.5669250488281,152.30160522460938,467.5458984375,-20.618362426757812,16.474193572998047,103.11331176757812
frame_002118.png,415.8098449707031,152.34951782226562,467.7878723144531,-20.584392547607422,16.469526290893555,103.22526550292969
frame_002119.png,416.0792541503906,152.43304443359375,468.01031494140625,-20.545503616333008,16.456787109375,103.33794403076172
frame_002120.png,416.3712158203125,152.5259552001953,468.1791076660156,-20.50942611694336,16.447032928466797,103.4471435546875
frame_002121.png,416.65960693359375,152.6334228515625,468.3717956542969,-20.470226287841797,16.445819854736328,103.5162582397461
frame_002122.png,416.97052001953125,152.75526428222656,468.57183837890625,-20.440898895263672,16.439632415771484,103.60514831542969
frame_002123.png,417.30975341796875,152.87991333007812,468.7546081542969,-20.4144344329834,16.419450759887695,103.71989440917969
frame_002124.png,417.6597900390625,152.9935760498047,468.93231201171875,-20.391422271728516,16.395572662353516,103.87035369873047
frame_002125.png,418.0160827636719,153.1013641357422,469.1102294921875,-20.372529983520508,16.37198829650879,104.03885650634766
frame_002126.png,418.3813781738281,153.209228515625,469.286376953125,-20.340158462524414,16.34607696533203,104.21215057373047
frame_002127.png,418.7491149902344,153.31910705566406,469.4659729003906,-20.30143928527832,16.31803321838379,104.37910461425781
frame_002128.png,419.10552978515625,153.43199157714844,469.6826171875,-20.26177406311035,16.28940773010254,104.54237365722656
frame_002129.png,419.43218994140625,153.5463104248047,469.946044921875,-20.224796295166016,16.258920669555664,104.68990325927734
frame_002130.png,419.7545471191406,153.6729278564453,470.21282958984375,-20.181589126586914,16.24209213256836,104.81704711914062
frame_002131.png,420.06915283203125,153.8053436279297,470.4471740722656,-20.123058319091797,16.2345027923584,104.90670013427734
frame_002132.png,420.4190673828125,153.93353271484375,470.6302795410156,-20.05312156677246,16.23658561706543,105.00645446777344
frame_002133.png,420.7637634277344,154.06845092773438,470.8035888671875,-19.99395179748535,16.22852897644043,105.1175765991211
frame_002134.png,421.09765625,154.19564819335938,470.9972229003906,-19.956920623779297,16.22067642211914,105.20976257324219
frame_002135.png,421.3772277832031,154.29908752441406,471.20440673828125,-19.936019897460938,16.21571159362793,105.27433013916016
frame_002136.png,421.6664733886719,154.39303588867188,471.4057922363281,-19.91263198852539,16.222434997558594,105.355712890625
frame_002137.png,421.969482421875,154.4679412841797,471.5997009277344,-19.90459632873535,16.23056411743164,105.46142578125
frame_002138.png,422.27069091796875,154.5279998779297,471.8044738769531,-19.904830932617188,16.237001419067383,105.5799789428711
frame_002139.png,422.5455017089844,154.56362915039062,472.0535583496094,-19.91693687438965,16.2452449798584,105.68650817871094
frame_002140.png,422.7908935546875,154.57681274414062,472.34576416015625,-19.930233001708984,16.253273010253906,105.78343963623047
frame_002141.png,423.015380859375,154.5721893310547,472.671875,-19.9376277923584,16.260286331176758,105.87731170654297
frame_002142.png,423.229248046875,154.55963134765625,473.0150146484375,-19.935625076293945,16.26922035217285,105.9729232788086
frame_002143.png,423.4280090332031,154.54364013671875,473.3807678222656,-19.943830490112305,16.281681060791016,106.06217193603516
frame_002144.png,423.6312255859375,154.5316162109375,473.7547607421875,-19.9493408203125,16.297191619873047,106.14649200439453
frame_002145.png,423.8481750488281,154.5220184326172,474.13885498046875,-19.947772979736328,16.308074951171875,106.23065185546875
frame_002146.png,424.080810546875,154.52032470703125,474.52880859375,-19.938819885253906,16.315189361572266,106.31904602050781
frame_002147.png,424.3169250488281,154.52618408203125,474.9224548339844,-19.92049217224121,16.325685501098633,106.39147186279297
frame_002148.png,424.5772705078125,154.54916381835938,475.3076477050781,-19.881872177124023,16.330312728881836,106.4589614868164
frame_002149.png,424.85186767578125,154.5853729248047,475.6852722167969,-19.85223960876465,16.331525802612305,106.50850677490234
frame_002150.png,425.1296691894531,154.63003540039062,476.0635070800781,-19.823871612548828,16.331388473510742,106.53194427490234
frame_002151.png,425.39654541015625,154.6770477294922,476.4426574707031,-19.790576934814453,16.325037002563477,106.54043579101562
frame_002152.png,425.6539306640625,154.723388671875,476.82098388671875,-19.750513076782227,16.3129825592041,106.54432678222656
frame_002153.png,425.90020751953125,154.7683868408203,477.1965637207031,-19.709962844848633,16.300548553466797,106.53971099853516
frame_002154.png,426.1493835449219,154.8153533935547,477.5564880371094,-19.67169952392578,16.286645889282227,106.54219055175781
frame_002155.png,426.4046936035156,154.86660766601562,477.89898681640625,-19.63856315612793,16.271198272705078,106.55802917480469
frame_002156.png,426.67413330078125,154.92413330078125,478.2216491699219,-19.602903366088867,16.253305435180664,106.59223175048828
frame_002157.png,426.93829345703125,154.98757934570312,478.5628662109375,-19.5662899017334,16.248672485351562,106.63191986083984
frame_002158.png,427.20025634765625,155.0723114013672,478.8962097167969,-19.544021606445312,16.248207092285156,106.67926025390625
frame_002159.png,427.4888610839844,155.15769958496094,479.1796875,-19.532976150512695,16.251407623291016,106.74435424804688
frame_002160.png,427.79498291015625,155.23281860351562,479.4251708984375,-19.523494720458984,16.255142211914062,106.81475067138672
frame_002161.png,428.1044616699219,155.30259704589844,479.6578674316406,-19.526691436767578,16.25543975830078,106.9043197631836
frame_002162.png,428.4062194824219,155.35874938964844,479.9150390625,-19.53196144104004,16.260986328125,106.99593353271484
frame_002163.png,428.6877136230469,155.39505004882812,480.2393798828125,-19.535987854003906,16.275894165039062,107.08242797851562
frame_002164.png,428.9469909667969,155.41433715820312,480.6235046386719,-19.540098190307617,16.301284790039062,107.16830444335938
frame_002165.png,429.181884765625,155.42486572265625,481.04833984375,-19.54515266418457,16.332441329956055,107.25041198730469
frame_002166.png,429.4017639160156,155.4279327392578,481.4899597167969,-19.547168731689453,16.36453628540039,107.3300552368164
frame_002167.png,429.6082763671875,155.4277801513672,481.9374084472656,-19.547208786010742,16.394094467163086,107.40928649902344
frame_002168.png,429.8049621582031,155.42576599121094,482.3795471191406,-19.54793930053711,16.420164108276367,107.48880004882812
frame_002169.png,429.9986877441406,155.4235076904297,482.8077392578125,-19.545799255371094,16.44524574279785,107.5718994140625
frame_002170.png,430.1987609863281,155.42201232910156,483.2196960449219,-19.542802810668945,16.47152328491211,107.66220092773438
frame_002171.png,430.4062805175781,155.42369079589844,483.62530517578125,-19.53984832763672,16.500490188598633,107.75428771972656
frame_002172.png,430.62701416015625,155.42750549316406,484.03265380859375,-19.535512924194336,16.5284481048584,107.86190795898438
frame_002173.png,430.8574523925781,155.43565368652344,484.42059326171875,-19.529272079467773,16.550535202026367,107.98300170898438
frame_002174.png,431.1067199707031,155.45635986328125,484.7779541015625,-19.514875411987305,16.56016731262207,108.10183715820312
frame_002175.png,431.38092041015625,155.50445556640625,485.0788269042969,-19.486949920654297,16.558494567871094,108.1982650756836
frame_002176.png,431.6722717285156,155.5823516845703,485.3314208984375,-19.458410263061523,16.551443099975586,108.27648162841797
frame_002177.png,431.9708251953125,155.7015380859375,485.5843505859375,-19.423730850219727,16.533227920532227,108.32579040527344
frame_002178.png,432.2601623535156,155.83274841308594,485.84234619140625,-19.409772872924805,16.53093147277832,108.37237548828125
frame_002179.png,432.55657958984375,155.9539031982422,486.09771728515625,-19.37643814086914,16.531497955322266,108.41771697998047
frame_002180.png,432.8670349121094,156.05001831054688,486.3219299316406,-19.29948616027832,16.519065856933594,108.48177337646484
frame_002181.png,433.1784362792969,156.12290954589844,486.5331726074219,-19.201936721801758,16.506175994873047,108.55302429199219
frame_002182.png,433.4847106933594,156.18966674804688,486.74603271484375,-19.110597610473633,16.487667083740234,108.62633514404297
frame_002183.png,433.7850341796875,156.2589569091797,486.9853515625,-19.028860092163086,16.467065811157227,108.69933319091797
frame_002184.png,434.093994140625,156.33363342285156,487.23406982421875,-18.930973052978516,16.440673828125,108.7899169921875
frame_002185.png,434.4015808105469,156.41339111328125,487.47210693359375,-18.81487274169922,16.40595054626465,108.88707733154297
frame_002186.png,434.70123291015625,156.49571228027344,487.69317626953125,-18.688804626464844,16.371376037597656,108.99335479736328
frame_002187.png,435.01806640625,156.5870361328125,487.885498046875,-18.58279037475586,16.34428596496582,109.08885192871094
frame_002188.png,435.3460388183594,156.68917846679688,488.0758056640625,-18.489139556884766,16.31158447265625,109.17791748046875
frame_002189.png,435.6746826171875,156.78457641601562,488.25323486328125,-18.40593910217285,16.288944244384766,109.2339096069336
frame_002190.png,436.0187072753906,156.885986328125,488.41656494140625,-18.339523315429688,16.267925262451172,109.30282592773438
frame_002191.png,436.37738037109375,156.9909210205078,488.5957336425781,-18.273029327392578,16.239044189453125,109.37871551513672
frame_002192.png,436.7295227050781,157.10830688476562,488.7675476074219,-18.228519439697266,16.207609176635742,109.45307159423828
frame_002193.png,437.0579528808594,157.21958923339844,488.93341064453125,-18.190855026245117,16.174055099487305,109.54324340820312
frame_002194.png,437.3731994628906,157.32347106933594,489.089111328125,-18.16470718383789,16.139699935913086,109.643310546875
frame_002195.png,437.68408203125,157.41514587402344,489.2406311035156,-18.148773193359375,16.1107177734375,109.75647735595703
frame_002196.png,437.99945068359375,157.50216674804688,489.3894348144531,-18.127954483032227,16.088884353637695,109.87300109863281
frame_002197.png,438.31805419921875,157.59083557128906,489.53948974609375,-18.10009765625,16.07217788696289,109.99341583251953
frame_002198.png,438.6406555175781,157.68386840820312,489.68609619140625,-18.06281852722168,16.062496185302734,110.11298370361328
frame_002199.png,438.9659729003906,157.7786407470703,489.8288269042969,-18.02202606201172,16.05731964111328,110.23194885253906
frame_002200.png,439.2903747558594,157.87234497070312,489.9698181152344,-17.97838020324707,16.053768157958984,110.35260772705078
frame_002201.png,439.6142578125,157.96774291992188,490.1070861816406,-17.930601119995117,16.0497989654541,110.47513580322266
frame_002202.png,439.9323425292969,158.0623779296875,490.246826171875,-17.88414192199707,16.045074462890625,110.5926284790039
frame_002203.png,440.2510986328125,158.1577911376953,490.3885803222656,-17.845611572265625,16.03993034362793,110.71184539794922
frame_002204.png,440.5673828125,158.24705505371094,490.5406494140625,-17.809917449951172,16.03232192993164,110.83635711669922
frame_002205.png,440.8808288574219,158.32244873046875,490.7004699707031,-17.773136138916016,16.019733428955078,110.96273803710938
frame_002206.png,441.19830322265625,158.3976593017578,490.8548583984375,-17.734750747680664,16.001445770263672,111.08621978759766
frame_002207.png,441.5259704589844,158.4701385498047,491.0075378417969,-17.695539474487305,15.982415199279785,111.20875549316406
frame_002208.png,441.85601806640625,158.5360565185547,491.1719665527344,-17.65619468688965,15.964276313781738,111.32376861572266
frame_002209.png,442.1722717285156,158.58935546875,491.37603759765625,-17.61167335510254,15.95130729675293,111.43577575683594
frame_002210.png,442.4706726074219,158.63198852539062,491.63470458984375,-17.57289695739746,15.94173812866211,111.54757690429688
frame_002211.png,442.73748779296875,158.66909790039062,491.9697265625,-17.549806594848633,15.940134048461914,111.65335845947266
frame_002212.png,442.98187255859375,158.69003295898438,492.3652038574219,-17.529890060424805,15.948391914367676,111.77426147460938
frame_002213.png,443.1880798339844,158.7008056640625,492.7612609863281,-17.499380111694336,15.959413528442383,111.90028381347656
frame_002214.png,443.38165283203125,158.73866271972656,493.1135559082031,-17.454437255859375,15.96689224243164,112.02682495117188
frame_002215.png,443.5867004394531,158.80404663085938,493.4049072265625,-17.41105079650879,15.970993041992188,112.1307601928711
frame_002216.png,443.80853271484375,158.87091064453125,493.64874267578125,-17.388416290283203,15.981172561645508,112.23568725585938
frame_002217.png,444.0113525390625,158.9458770751953,493.8591003417969,-17.375093460083008,15.991628646850586,112.321533203125
frame_002218.png,444.184814453125,159.01954650878906,494.053955078125,-17.358165740966797,15.999259948730469,112.39024353027344
frame_002219.png,444.3288879394531,159.09176635742188,494.25421142578125,-17.355249404907227,16.001598358154297,112.44878387451172
frame_002220.png,444.467041015625,159.1638641357422,494.4604187011719,-17.347721099853516,15.998392105102539,112.50625610351562
frame_002221.png,444.60821533203125,159.22769165039062,494.65631103515625,-17.31588363647461,16.002582550048828,112.5749282836914
frame_002222.png,444.6898193359375,159.2922821044922,494.8791198730469,-17.29553985595703,15.987489700317383,112.66363525390625
frame_002223.png,444.78302001953125,159.34251403808594,495.10369873046875,-17.288536071777344,15.98444938659668,112.7594985961914
frame_002224.png,444.89056396484375,159.39239501953125,495.3384094238281,-17.286502838134766,15.97568416595459,112.86026763916016
frame_002225.png,445.0104064941406,159.43724060058594,495.559814453125,-17.270523071289062,15.956595420837402,112.95465850830078
frame_002226.png,445.14154052734375,159.48703002929688,495.77716064453125,-17.246660232543945,15.934775352478027,113.03511810302734
frame_002227.png,445.2799987792969,159.54457092285156,495.992431640625,-17.21533966064453,15.910518646240234,113.11238861083984
frame_002228.png,445.41796875,159.6091766357422,496.20611572265625,-17.181638717651367,15.887002944946289,113.19685363769531
frame_002229.png,445.5504150390625,159.67494201660156,496.42071533203125,-17.14321517944336,15.87028980255127,113.30500030517578
frame_002230.png,445.6669616699219,159.7358856201172,496.63665771484375,-17.100444793701172,15.851131439208984,113.42745971679688
frame_002231.png,445.78369140625,159.77940368652344,496.86395263671875,-17.062156677246094,15.830018997192383,113.54715728759766
frame_002232.png,445.88055419921875,159.83248901367188,497.1051330566406,-17.035449981689453,15.809561729431152,113.66053009033203
frame_002233.png,445.9834289550781,159.88653564453125,497.34759521484375,-16.991947174072266,15.79903507232666,113.75385284423828
frame_002234.png,446.0782165527344,159.93389892578125,497.57403564453125,-16.959644317626953,15.787729263305664,113.83525085449219
frame_002235.png,446.1632385253906,159.96807861328125,497.7989807128906,-16.90853500366211,15.776853561401367,113.90705108642578
frame_002236.png,446.24639892578125,159.99571228027344,498.034912109375,-16.857255935668945,15.774580001831055,113.97066497802734
frame_002237.png,446.35150146484375,160.03089904785156,498.2669677734375,-16.81544303894043,15.781200408935547,114.02002716064453
frame_002238.png,446.48236083984375,160.0723876953125,498.4905700683594,-16.781536102294922,15.79665470123291,114.06573486328125
frame_002239.png,446.6380310058594,160.11380004882812,498.7048645019531,-16.75712776184082,15.817599296569824,114.1206283569336
frame_002240.png,446.8181457519531,160.1521759033203,498.9069519042969,-16.738542556762695,15.8427734375,114.17909240722656
frame_002241.png,447.0132141113281,160.1884307861328,499.0875244140625,-16.721694946289062,15.866033554077148,114.24287414550781
frame_002242.png,447.2174072265625,160.22454833984375,499.2365417480469,-16.696245193481445,15.884278297424316,114.30852508544922
frame_002243.png,447.4082946777344,160.2729949951172,499.34600830078125,-16.653942108154297,15.898930549621582,114.3580322265625
frame_002244.png,447.5610656738281,160.32586669921875,499.4410705566406,-16.62911033630371,15.89681339263916,114.41535949707031
frame_002245.png,447.6806640625,160.36923217773438,499.5838928222656,-16.625629425048828,15.890992164611816,114.47781372070312
frame_002246.png,447.7632141113281,160.39654541015625,499.7718811035156,-16.62574005126953,15.883760452270508,114.53646087646484
frame_002247.png,447.8157043457031,160.41859436035156,499.9737243652344,-16.63064956665039,15.868903160095215,114.60089111328125
frame_002248.png,447.83966064453125,160.45114135742188,500.1717529296875,-16.62274742126465,15.858120918273926,114.68006896972656
frame_002249.png,447.86297607421875,160.47427368164062,500.35772705078125,-16.611549377441406,15.841058731079102,114.76266479492188
frame_002250.png,447.86077880859375,160.49063110351562,500.56396484375,-16.59348487854004,15.833712577819824,114.83538818359375
frame_002251.png,447.8699951171875,160.50135803222656,500.77587890625,-16.582603454589844,15.831746101379395,114.90377044677734
frame_002252.png,447.8571472167969,160.5026092529297,501.0152893066406,-16.57610321044922,15.830915451049805,114.97840118408203
frame_002253.png,447.8356018066406,160.49757385253906,501.2514953613281,-16.56019401550293,15.833853721618652,115.03465270996094
frame_002254.png,447.8113708496094,160.4899444580078,501.4718017578125,-16.535783767700195,15.839548110961914,115.06802368164062
frame_002255.png,447.79058837890625,160.4828643798828,501.6799011230469,-16.501863479614258,15.843323707580566,115.07646179199219
frame_002256.png,447.7754821777344,160.47140502929688,501.8559875488281,-16.466943740844727,15.848003387451172,115.059814453125
frame_002257.png,447.7503967285156,160.4542694091797,502.0273742675781,-16.455434799194336,15.861898422241211,115.04449462890625
frame_002258.png,447.7109680175781,160.43775939941406,502.233154296875,-16.452194213867188,15.867509841918945,115.04073333740234
frame_002259.png,447.6577453613281,160.4192657470703,502.4627380371094,-16.444103240966797,15.882110595703125,115.03585052490234
frame_002260.png,447.6139831542969,160.40805053710938,502.6892395019531,-16.432220458984375,15.89193058013916,115.1058120727539
frame_002261.png,447.55316162109375,160.40185546875,502.924072265625,-16.42069435119629,15.895689010620117,115.1876449584961
frame_002262.png,447.4817199707031,160.38600158691406,503.14251708984375,-16.40054702758789,15.900975227355957,115.24251556396484
frame_002263.png,447.3968811035156,160.3759002685547,503.36444091796875,-16.370040893554688,15.904924392700195,115.26487731933594
frame_002264.png,447.3175964355469,160.3726806640625,503.5609436035156,-16.3378963470459,15.908734321594238,115.2771224975586
frame_002265.png,447.23175048828125,160.37330627441406,503.7432861328125,-16.313425064086914,15.909485816955566,115.27191162109375
frame_002266.png,447.1637878417969,160.36399841308594,503.90655517578125,-16.287080764770508,15.904096603393555,115.25249481201172
frame_002267.png,447.10565185546875,160.3525848388672,504.0769348144531,-16.262147903442383,15.892911911010742,115.22136688232422
frame_002268.png,447.0461120605469,160.3439178466797,504.2559509277344,-16.244853973388672,15.879393577575684,115.18778228759766
frame_002269.png,446.9864196777344,160.33335876464844,504.4303894042969,-16.227310180664062,15.865195274353027,115.15565490722656
frame_002270.png,446.91033935546875,160.3329315185547,504.6067810058594,-16.210594177246094,15.845425605773926,115.12630462646484
frame_002271.png,446.8284606933594,160.34326171875,504.7703552246094,-16.190881729125977,15.82564640045166,115.09918975830078
frame_002272.png,446.7714538574219,160.3552703857422,504.93017578125,-16.16565704345703,15.812844276428223,115.07259368896484
frame_002273.png,446.7000732421875,160.34823608398438,505.11444091796875,-16.152816772460938,15.810125350952148,115.06336975097656
frame_002274.png,446.616455078125,160.34417724609375,505.3345031738281,-16.169553756713867,15.82402229309082,115.03840637207031
frame_002275.png,446.5116271972656,160.34291076660156,505.5816650390625,-16.208057403564453,15.836104393005371,115.01119995117188
frame_002276.png,446.4092102050781,160.34307861328125,505.8623962402344,-16.241863250732422,15.859959602355957,114.96456909179688
frame_002277.png,446.3071594238281,160.34042358398438,506.18218994140625,-16.280519485473633,15.88504409790039,114.91139221191406
frame_002278.png,446.18890380859375,160.33084106445312,506.5483093261719,-16.327272415161133,15.903688430786133,114.85861206054688
frame_002279.png,446.0525207519531,160.31541442871094,506.942626953125,-16.37720489501953,15.91518783569336,114.82576751708984
frame_002280.png,445.9104309082031,160.31224060058594,507.3266906738281,-16.433019638061523,15.921319961547852,114.82239532470703
frame_002281.png,445.76312255859375,160.30874633789062,507.6829528808594,-16.47272491455078,15.92092514038086,114.83992767333984
frame_002282.png,445.6053466796875,160.2938995361328,508.00079345703125,-16.481931686401367,15.918042182922363,114.8672866821289
frame_002283.png,445.4150085449219,160.25941467285156,508.2764892578125,-16.471406936645508,15.912637710571289,114.89175415039062
frame_002284.png,445.2071533203125,160.21572875976562,508.5274658203125,-16.453649520874023,15.8995361328125,114.91416931152344
frame_002285.png,444.9761047363281,160.15997314453125,508.7877197265625,-16.444469451904297,15.89299201965332,114.92138671875
frame_002286.png,444.7431945800781,160.12782287597656,509.0306091308594,-16.439350128173828,15.89478588104248,114.9190673828125
frame_002287.png,444.538330078125,160.11166381835938,509.2912292480469,-16.435895919799805,15.895085334777832,114.92753601074219
frame_002288.png,444.378173828125,160.11203002929688,509.5567626953125,-16.436521530151367,15.892708778381348,114.9725570678711
frame_002289.png,444.3095397949219,160.1514129638672,509.8343200683594,-16.449865341186523,15.89858341217041,115.03064727783203
frame_002290.png,444.2813720703125,160.20262145996094,510.103271484375,-16.470335006713867,15.90894603729248,115.11851501464844
frame_002291.png,444.24493408203125,160.25567626953125,510.3786315917969,-16.4899959564209,15.923460960388184,115.21598815917969
frame_002292.png,444.1904602050781,160.29896545410156,510.6512145996094,-16.530887603759766,15.93825626373291,115.32059478759766
frame_002293.png,444.12322998046875,160.3369140625,510.91192626953125,-16.56598663330078,15.948473930358887,115.42227935791016
frame_002294.png,444.0578918457031,160.35064697265625,511.158447265625,-16.621417999267578,15.96098518371582,115.5230484008789
frame_002295.png,444.0002746582031,160.36793518066406,511.4030456542969,-16.672895431518555,15.97829818725586,115.5888671875
frame_002296.png,443.9612731933594,160.3926544189453,511.621337890625,-16.703693389892578,15.992936134338379,115.61876678466797
frame_002297.png,443.9319152832031,160.4208221435547,511.8178405761719,-16.73028564453125,16.000106811523438,115.61074829101562
frame_002298.png,443.8865966796875,160.4498748779297,512.0076904296875,-16.751325607299805,16.00115966796875,115.57888793945312
frame_002299.png,443.8110046386719,160.47618103027344,512.1849975585938,-16.77081871032715,16.005352020263672,115.52748107910156
frame_002300.png,443.71044921875,160.49697875976562,512.3499755859375,-16.79421615600586,16.008331298828125,115.46482849121094
frame_002301.png,443.5942077636719,160.51443481445312,512.5101928710938,-16.821990966796875,16.006380081176758,115.38780975341797
frame_002302.png,443.4617919921875,160.533203125,512.675048828125,-16.836889266967773,16.00397300720215,115.2948226928711
frame_002303.png,443.3016357421875,160.55821228027344,512.8536987304688,-16.83855628967285,16.00360107421875,115.211669921875
frame_002304.png,443.11480712890625,160.58566284179688,513.0316772460938,-16.82723045349121,16.01192855834961,115.15003967285156
frame_002305.png,442.8822937011719,160.60647583007812,513.2498779296875,-16.810007095336914,16.02791976928711,115.1272964477539
frame_002306.png,442.6256408691406,160.63856506347656,513.4876098632812,-16.809696197509766,16.05158233642578,115.09593963623047
frame_002307.png,442.3666687011719,160.66868591308594,513.7008666992188,-16.787582397460938,16.074310302734375,115.06242370605469
frame_002308.png,442.1251220703125,160.6923065185547,513.8987426757812,-16.76613426208496,16.09404754638672,115.02169799804688
frame_002309.png,441.8877868652344,160.71026611328125,514.1065673828125,-16.753381729125977,16.117212295532227,114.99105834960938
frame_002310.png,441.654052734375,160.71763610839844,514.3323364257812,-16.746137619018555,16.140172958374023,114.9555435180664
frame_002311.png,441.4173278808594,160.7239990234375,514.560546875,-16.739749908447266,16.155284881591797,114.9150390625
frame_002312.png,441.1683349609375,160.71705627441406,514.8148803710938,-16.7374210357666,16.16460609436035,114.87181854248047
frame_002313.png,440.9203796386719,160.7049102783203,515.0746459960938,-16.72410011291504,16.16699981689453,114.8310546875
frame_002314.png,440.657470703125,160.69400024414062,515.3317260742188,-16.69498634338379,16.165264129638672,114.79229736328125
frame_002315.png,440.3639221191406,160.69139099121094,515.6058349609375,-16.675182342529297,16.167184829711914,114.74917602539062
frame_002316.png,440.064208984375,160.70628356933594,515.85791015625,-16.65494728088379,16.16823387145996,114.70050048828125
frame_002317.png,439.7630310058594,160.71145629882812,516.113037109375,-16.636932373046875,16.174083709716797,114.64928436279297
frame_002318.png,439.4636535644531,160.7262725830078,516.3632202148438,-16.639089584350586,16.183012008666992,114.58164978027344
frame_002319.png,439.19940185546875,160.74546813964844,516.5721435546875,-16.642295837402344,16.193635940551758,114.48772430419922
frame_002320.png,438.9792175292969,160.7580108642578,516.7386474609375,-16.646648406982422,16.204166412353516,114.38923645019531
frame_002321.png,438.8166198730469,160.76747131347656,516.8777465820312,-16.648962020874023,16.217361450195312,114.31358337402344
frame_002322.png,438.71429443359375,160.78506469726562,516.9893188476562,-16.62839698791504,16.21088981628418,114.23863220214844
frame_002323.png,438.6064453125,160.79251098632812,517.1664428710938,-16.60942840576172,16.20586395263672,114.14934539794922
frame_002324.png,438.5024108886719,160.7880401611328,517.3953247070312,-16.579225540161133,16.20685577392578,114.0619888305664
frame_002325.png,438.4051208496094,160.7742156982422,517.6480712890625,-16.53584861755371,16.212202072143555,113.98285675048828
frame_002326.png,438.3303527832031,160.76031494140625,517.9108276367188,-16.49173355102539,16.22612762451172,113.90198516845703
frame_002327.png,438.26837158203125,160.74765014648438,518.1830444335938,-16.444530487060547,16.239789962768555,113.82460021972656
frame_002328.png,438.2248840332031,160.74649047851562,518.4658203125,-16.394371032714844,16.253265380859375,113.759033203125
frame_002329.png,438.21051025390625,160.76792907714844,518.7694702148438,-16.35116958618164,16.26414680480957,113.70960998535156
frame_002330.png,438.2036437988281,160.80319213867188,519.091552734375,-16.32956886291504,16.275638580322266,113.67241668701172
frame_002331.png,438.2070617675781,160.85293579101562,519.3780517578125,-16.320667266845703,16.277151107788086,113.62041473388672
frame_002332.png,438.1896057128906,160.9073028564453,519.6442260742188,-16.314804077148438,16.280420303344727,113.56688690185547
frame_002333.png,438.1232604980469,160.9422149658203,519.93505859375,-16.309398651123047,16.283361434936523,113.50588989257812
frame_002334.png,438.0165100097656,160.95767211914062,520.1891479492188,-16.299184799194336,16.274431228637695,113.42192077636719
frame_002335.png,437.8669738769531,160.98121643066406,520.4523315429688,-16.30788230895996,16.26214027404785,113.29654693603516
frame_002336.png,437.69683837890625,161.0136260986328,520.7057495117188,-16.324268341064453,16.25345230102539,113.15401458740234
frame_002337.png,437.5013122558594,161.04473876953125,520.9589233398438,-16.335994720458984,16.254487991333008,113.02490234375
frame_002338.png,437.27459716796875,161.06446838378906,521.2310180664062,-16.343156814575195,16.259544372558594,112.91334533691406
frame_002339.png,437.0345458984375,161.08572387695312,521.4869995117188,-16.342233657836914,16.263059616088867,112.8088150024414
frame_002340.png,436.7884216308594,161.10537719726562,521.7197265625,-16.331615447998047,16.26654815673828,112.7060775756836
frame_002341.png,436.53741455078125,161.1199951171875,521.9533081054688,-16.318452835083008,16.27443504333496,112.59524536132812
frame_002342.png,436.2927551269531,161.13375854492188,522.1758422851562,-16.29843521118164,16.282224655151367,112.48715209960938
frame_002343.png,436.05908203125,161.14248657226562,522.399658203125,-16.28202247619629,16.28748893737793,112.37623596191406
frame_002344.png,435.8127746582031,161.1461639404297,522.6529541015625,-16.267786026000977,16.299163818359375,112.27436828613281
frame_002345.png,435.5755310058594,161.16744995117188,522.8865966796875,-16.247554779052734,16.31637954711914,112.15672302246094
frame_002346.png,435.3519592285156,161.1995391845703,523.0894775390625,-16.240564346313477,16.326904296875,112.04170989990234
frame_002347.png,435.1517333984375,161.22032165527344,523.2820434570312,-16.234508514404297,16.339078903198242,111.93067169189453
frame_002348.png,434.9606018066406,161.23739624023438,523.4730834960938,-16.2106876373291,16.34930419921875,111.84983825683594
frame_002349.png,434.7835388183594,161.2300567626953,523.6701049804688,-16.185569763183594,16.347970962524414,111.79132843017578
frame_002350.png,434.625244140625,161.2216796875,523.8980102539062,-16.138940811157227,16.34549903869629,111.71499633789062
frame_002351.png,434.4824523925781,161.21200561523438,524.12060546875,-16.06294059753418,16.332651138305664,111.64837646484375
frame_002352.png,434.3664245605469,161.20474243164062,524.3566284179688,-15.983807563781738,16.33021354675293,111.58922576904297
frame_002353.png,434.2585754394531,161.184814453125,524.6213989257812,-15.914603233337402,16.336772918701172,111.55489349365234
frame_002354.png,434.18389892578125,161.1568603515625,524.912353515625,-15.855022430419922,16.351266860961914,111.51063537597656
frame_002355.png,434.14129638671875,161.12205505371094,525.2174682617188,-15.806293487548828,16.367979049682617,111.47309875488281
frame_002356.png,434.130615234375,161.0796661376953,525.5280151367188,-15.76313591003418,16.382568359375,111.45708465576172
frame_002357.png,434.15277099609375,161.033447265625,525.8294067382812,-15.715394020080566,16.392070770263672,111.45826721191406
frame_002358.png,434.2300720214844,161.00001525878906,526.131591796875,-15.668368339538574,16.396224975585938,111.46870422363281
frame_002359.png,434.35980224609375,160.9830322265625,526.4502563476562,-15.630743026733398,16.39126968383789,111.49250793457031
frame_002360.png,434.53289794921875,160.98049926757812,526.7825927734375,-15.5995512008667,16.382339477539062,111.5295639038086
frame_002361.png,434.72711181640625,160.98727416992188,527.1195678710938,-15.573583602905273,16.36776351928711,111.56382751464844
frame_002362.png,434.9322814941406,161.0010223388672,527.4632568359375,-15.544961929321289,16.349231719970703,111.5928955078125
frame_002363.png,435.1392517089844,161.01373291015625,527.8153076171875,-15.529716491699219,16.332616806030273,111.62171936035156
frame_002364.png,435.3338317871094,161.0273895263672,528.1847534179688,-15.522452354431152,16.323745727539062,111.6427230834961
frame_002365.png,435.5225524902344,161.04763793945312,528.5584106445312,-15.509074211120605,16.31958770751953,111.66278839111328
frame_002366.png,435.7153625488281,161.08544921875,528.9244384765625,-15.493886947631836,16.313915252685547,111.68415069580078
frame_002367.png,435.9004821777344,161.1373748779297,529.2756958007812,-15.475732803344727,16.307016372680664,111.711181640625
frame_002368.png,436.0650634765625,161.1881103515625,529.61767578125,-15.449593544006348,16.303041458129883,111.73979949951172
frame_002369.png,436.2227478027344,161.25083923339844,529.933349609375,-15.416064262390137,16.299793243408203,111.7718734741211
frame_002370.png,436.3796691894531,161.32131958007812,530.2232055664062,-15.384267807006836,16.300098419189453,111.80458068847656
frame_002371.png,436.5329895019531,161.39889526367188,530.5018310546875,-15.358166694641113,16.304658889770508,111.83422088623047
frame_002372.png,436.68231201171875,161.48162841796875,530.7737426757812,-15.339017868041992,16.309999465942383,111.86444091796875
frame_002373.png,436.8216857910156,161.56375122070312,531.0504760742188,-15.328672409057617,16.312999725341797,111.89723205566406
frame_002374.png,436.9497985839844,161.63473510742188,531.3554077148438,-15.326196670532227,16.315778732299805,111.92798614501953
frame_002375.png,437.08526611328125,161.69403076171875,531.6868896484375,-15.321616172790527,16.317182540893555,111.95392608642578
frame_002376.png,437.22406005859375,161.73829650878906,532.0557861328125,-15.322261810302734,16.312496185302734,111.96914672851562
frame_002377.png,437.35906982421875,161.77865600585938,532.4556884765625,-15.329358100891113,16.31009864807129,111.9720458984375
frame_002378.png,437.4985656738281,161.81126403808594,532.8804931640625,-15.346796989440918,16.308469772338867,111.973876953125
frame_002379.png,437.6444396972656,161.8395233154297,533.3123779296875,-15.368626594543457,16.307518005371094,111.97329711914062
frame_002380.png,437.79302978515625,161.85977172851562,533.7533569335938,-15.392800331115723,16.30819320678711,111.96924591064453
frame_002381.png,437.951416015625,161.87339782714844,534.1994018554688,-15.414072036743164,16.304513931274414,111.96460723876953
frame_002382.png,438.1180419921875,161.88925170898438,534.6408081054688,-15.433570861816406,16.297712326049805,111.95840454101562
frame_002383.png,438.2872619628906,161.90660095214844,535.0872192382812,-15.456232070922852,16.29175567626953,111.94795989990234
frame_002384.png,438.4497985839844,161.9253387451172,535.5424194335938,-15.482644081115723,16.287595748901367,111.93302917480469
frame_002385.png,438.5998229980469,161.94552612304688,536.006591796875,-15.513616561889648,16.287548065185547,111.91188049316406
frame_002386.png,438.7431945800781,161.96429443359375,536.4755859375,-15.544944763183594,16.294818878173828,111.88574981689453
frame_002387.png,438.8710632324219,161.98341369628906,536.9266967773438,-15.56553840637207,16.30185890197754,111.85310363769531
frame_002388.png,438.9674987792969,162.00018310546875,537.3829345703125,-15.58520221710205,16.302230834960938,111.8441162109375
frame_002389.png,439.01751708984375,162.02255249023438,537.8389892578125,-15.573969841003418,16.310855865478516,111.84554290771484
frame_002390.png,439.0583190917969,162.044189453125,538.2894897460938,-15.553216934204102,16.327945709228516,111.8612289428711
frame_002391.png,439.11492919921875,162.08432006835938,538.6835327148438,-15.521954536437988,16.335540771484375,111.88426208496094
frame_002392.png,439.1950378417969,162.13938903808594,539.0455932617188,-15.546704292297363,16.32808494567871,111.88285064697266
frame_002393.png,439.29150390625,162.19873046875,539.3739624023438,-15.573055267333984,16.324398040771484,111.87024688720703
frame_002394.png,439.391845703125,162.25772094726562,539.6681518554688,-15.621718406677246,16.311370849609375,111.8460693359375
frame_002395.png,439.5043029785156,162.3010711669922,539.9285888671875,-15.664942741394043,16.30249786376953,111.84781646728516
frame_002396.png,439.58831787109375,162.34315490722656,540.14892578125,-15.682002067565918,16.303646087646484,111.86427307128906
frame_002397.png,439.6728210449219,162.39222717285156,540.3557739257812,-15.708178520202637,16.306262969970703,111.87987518310547
frame_002398.png,439.7803649902344,162.4358673095703,540.5585327148438,-15.735404968261719,16.314804077148438,111.91035461425781
frame_002399.png,439.8899230957031,162.4749298095703,540.7592163085938,-15.75799560546875,16.32233428955078,111.94168853759766
frame_002400.png,439.99755859375,162.51693725585938,540.9641723632812,-15.780801773071289,16.32630157470703,111.97065734863281
frame_002401.png,440.0979919433594,162.5575408935547,541.1678466796875,-15.809536933898926,16.325897216796875,112.00074768066406
frame_002402.png,440.1922607421875,162.59974670410156,541.3787231445312,-15.845166206359863,16.321990966796875,112.03529357910156
frame_002403.png,440.28662109375,162.65126037597656,541.5991821289062,-15.887683868408203,16.314971923828125,112.06832122802734
frame_002404.png,440.37823486328125,162.71363830566406,541.8307495117188,-15.93350887298584,16.304044723510742,112.09428405761719
frame_002405.png,440.4611511230469,162.78070068359375,542.0653686523438,-15.979203224182129,16.288314819335938,112.11095428466797
frame_002406.png,440.5368957519531,162.85623168945312,542.313720703125,-16.026779174804688,16.267223358154297,112.1219253540039
frame_002407.png,440.60540771484375,162.93377685546875,542.5858154296875,-16.085906982421875,16.243093490600586,112.1187744140625
frame_002408.png,440.67572021484375,163.03463745117188,542.8728637695312,-16.144062042236328,16.21979522705078,112.10704040527344
frame_002409.png,440.7281494140625,163.14022827148438,543.152587890625,-16.194162368774414,16.206470489501953,112.11305236816406
frame_002410.png,440.7762145996094,163.223876953125,543.4198608398438,-16.255178451538086,16.19676399230957,112.1209716796875
frame_002411.png,440.8674621582031,163.28057861328125,543.6798706054688,-16.330257415771484,16.196943283081055,112.1561050415039
frame_002412.png,440.99383544921875,163.3321990966797,543.9234619140625,-16.414051055908203,16.18140983581543,112.16866302490234
frame_002413.png,441.126220703125,163.39959716796875,544.2181396484375,-16.526004791259766,16.157299041748047,112.1935043334961
frame_002414.png,441.29827880859375,163.44570922851562,544.4807739257812,-16.673385620117188,16.147775650024414,112.2091064453125
frame_002415.png,441.4857177734375,163.51705932617188,544.7749633789062,-16.818655014038086,16.13555908203125,112.19442749023438
frame_002416.png,441.67108154296875,163.60145568847656,545.0670776367188,-16.955469131469727,16.125455856323242,112.18993377685547
frame_002417.png,441.8509521484375,163.68299865722656,545.3892211914062,-17.105297088623047,16.120494842529297,112.16023254394531
frame_002418.png,441.985595703125,163.76683044433594,545.69873046875,-17.254697799682617,16.101409912109375,112.12252807617188
frame_002419.png,442.0992736816406,163.85379028320312,546.0864868164062,-17.419511795043945,16.096805572509766,112.03813934326172
frame_002420.png,442.2101745605469,163.9148712158203,546.4581298828125,-17.558048248291016,16.097705841064453,111.9639892578125
frame_002421.png,442.29461669921875,163.953857421875,546.785400390625,-17.68345832824707,16.10856056213379,111.92991638183594
frame_002422.png,442.3314514160156,163.97882080078125,547.0984497070312,-17.819711685180664,16.127527236938477,111.90828704833984
frame_002423.png,442.3443908691406,163.99586486816406,547.4431762695312,-17.970613479614258,16.150238037109375,111.87885284423828
frame_002424.png,442.3623962402344,164.0047607421875,547.8099365234375,-18.141260147094727,16.176937103271484,111.85362243652344
frame_002425.png,442.3802185058594,164.00823974609375,548.1876831054688,-18.31709098815918,16.210460662841797,111.83729553222656
frame_002426.png,442.4046630859375,164.01123046875,548.5676879882812,-18.491905212402344,16.24846839904785,111.82731628417969
frame_002427.png,442.4341125488281,164.017822265625,548.9472045898438,-18.6650333404541,16.285030364990234,111.8155288696289
frame_002428.png,442.4609680175781,164.02645874023438,549.3114013671875,-18.831327438354492,16.31757354736328,111.81285095214844
frame_002429.png,442.4779357910156,164.05235290527344,549.6478271484375,-18.98653793334961,16.344833374023438,111.818115234375
frame_002430.png,442.4974365234375,164.08370971679688,549.9536743164062,-19.126262664794922,16.36668586730957,111.7994155883789
frame_002431.png,442.5460205078125,164.11959838867188,550.2491455078125,-19.2659969329834,16.386491775512695,111.7742919921875
frame_002432.png,442.6231689453125,164.16998291015625,550.5540771484375,-19.39130401611328,16.401247024536133,111.73072052001953
frame_002433.png,442.73114013671875,164.2462615966797,550.8458251953125,-19.516660690307617,16.414039611816406,111.68348693847656
frame_002434.png,442.8387451171875,164.33462524414062,551.1301879882812,-19.6719913482666,16.418460845947266,111.59848022460938
frame_002435.png,442.93572998046875,164.4405059814453,551.40283203125,-19.829254150390625,16.418970108032227,111.48548889160156
frame_002436.png,443.03753662109375,164.54713439941406,551.6625366210938,-19.97549819946289,16.419050216674805,111.37355041503906
frame_002437.png,443.1464538574219,164.64767456054688,551.90673828125,-20.116884231567383,16.421979904174805,111.26185607910156
frame_002438.png,443.2725830078125,164.72872924804688,552.1309204101562,-20.25181007385254,16.4285831451416,111.15228271484375
frame_002439.png,443.4067077636719,164.79246520996094,552.3477172851562,-20.378196716308594,16.437583923339844,111.04139709472656
frame_002440.png,443.5513916015625,164.86109924316406,552.5496826171875,-20.493227005004883,16.448827743530273,110.93455505371094
frame_002441.png,443.7068176269531,164.93331909179688,552.7555541992188,-20.586990356445312,16.461933135986328,110.83287048339844
frame_002442.png,443.85845947265625,165.02139282226562,552.9766845703125,-20.670289993286133,16.46611976623535,110.72453308105469
frame_002443.png,443.9929504394531,165.10247802734375,553.225830078125,-20.756301879882812,16.4632568359375,110.61688995361328
frame_002444.png,444.12921142578125,165.200439453125,553.4536743164062,-20.845605850219727,16.45743179321289,110.51971435546875
frame_002445.png,444.2626647949219,165.31910705566406,553.7127685546875,-20.955934524536133,16.451316833496094,110.40784454345703
frame_002446.png,444.4000549316406,165.41917419433594,553.9599609375,-21.094722747802734,16.44831085205078,110.28201293945312
frame_002447.png,444.5353088378906,165.50486755371094,554.2110595703125,-21.223312377929688,16.450939178466797,110.1589126586914
frame_002448.png,444.6556396484375,165.59060668945312,554.462646484375,-21.32178497314453,16.461069107055664,110.06298065185547
frame_002449.png,444.7917175292969,165.65614318847656,554.7011108398438,-21.37639808654785,16.47653579711914,110.00611877441406
frame_002450.png,444.93780517578125,165.70791625976562,554.9447021484375,-21.41259765625,16.505483627319336,109.9515151977539
frame_002451.png,445.07867431640625,165.7517547607422,555.2018432617188,-21.465784072875977,16.55023193359375,109.88092803955078
frame_002452.png,445.2225341796875,165.78977966308594,555.4620971679688,-21.524995803833008,16.604841232299805,109.81333923339844
frame_002453.png,445.3813781738281,165.83392333984375,555.7342529296875,-21.58856201171875,16.666553497314453,109.76454162597656
frame_002454.png,445.5450744628906,165.89344787597656,556.0006713867188,-21.633838653564453,16.730331420898438,109.7315902709961
frame_002455.png,445.6869812011719,165.9667510986328,556.2798461914062,-21.670034408569336,16.782955169677734,109.71990966796875
frame_002456.png,445.8002624511719,166.04995727539062,556.5604248046875,-21.663942337036133,16.82976722717285,109.74766540527344
frame_002457.png,445.925048828125,166.12550354003906,556.8030395507812,-21.626956939697266,16.874082565307617,109.807861328125
frame_002458.png,446.0421142578125,166.22793579101562,557.0311889648438,-21.606163024902344,16.909677505493164,109.83507537841797
frame_002459.png,446.17572021484375,166.3351287841797,557.2777709960938,-21.610776901245117,16.937772750854492,109.85319519042969
frame_002460.png,446.39239501953125,166.43421936035156,557.5048828125,-21.610488891601562,16.975582122802734,109.87953186035156
frame_002461.png,446.6510925292969,166.55271911621094,557.7382202148438,-21.589611053466797,17.018951416015625,109.9039306640625
frame_002462.png,446.9449157714844,166.6713409423828,557.9363403320312,-21.561176300048828,17.055965423583984,109.96910858154297
frame_002463.png,447.224853515625,166.76858520507812,558.1539916992188,-21.557016372680664,17.0921573638916,110.02881622314453
frame_002464.png,447.5228576660156,166.8702392578125,558.3560180664062,-21.52080726623535,17.122943878173828,110.07396697998047
frame_002465.png,447.8349609375,166.95233154296875,558.5423583984375,-21.490615844726562,17.13697052001953,110.14800262451172
frame_002466.png,448.1282653808594,167.05258178710938,558.7228393554688,-21.44658851623535,17.152000427246094,110.20674133300781
frame_002467.png,448.390380859375,167.1366729736328,558.9257202148438,-21.412322998046875,17.168136596679688,110.23662567138672
frame_002468.png,448.6257629394531,167.1940460205078,559.1622924804688,-21.38191032409668,17.185237884521484,110.2470474243164
frame_002469.png,448.84521484375,167.2581787109375,559.4168701171875,-21.377811431884766,17.20421600341797,110.24028778076172
frame_002470.png,449.1022644042969,167.3300323486328,559.6839599609375,-21.38646697998047,17.21890640258789,110.25382232666016
frame_002471.png,449.392822265625,167.40347290039062,559.9617919921875,-21.404510498046875,17.227733612060547,110.2640609741211
frame_002472.png,449.69158935546875,167.45838928222656,560.2615966796875,-21.424850463867188,17.23977279663086,110.24693298339844
frame_002473.png,449.9775695800781,167.49545288085938,560.5811157226562,-21.442716598510742,17.25432014465332,110.21989440917969
frame_002474.png,450.2643737792969,167.5321502685547,560.9246215820312,-21.458553314208984,17.265104293823242,110.19210815429688
frame_002475.png,450.55889892578125,167.58045959472656,561.2817993164062,-21.4752254486084,17.27170181274414,110.16071319580078
frame_002476.png,450.8476257324219,167.63951110839844,561.651123046875,-21.501201629638672,17.277755737304688,110.13835144042969
frame_002477.png,451.1085205078125,167.6840362548828,562.0180053710938,-21.505592346191406,17.277963638305664,110.1305160522461
frame_002478.png,451.35919189453125,167.7425537109375,562.40869140625,-21.517963409423828,17.279489517211914,110.12936401367188
frame_002479.png,451.6235656738281,167.7945098876953,562.7781982421875,-21.497045516967773,17.27515983581543,110.16241455078125
frame_002480.png,451.8750915527344,167.84912109375,563.1185302734375,-21.445756912231445,17.2753963470459,110.20266723632812
frame_002481.png,452.14959716796875,167.92283630371094,563.4856567382812,-21.398759841918945,17.274864196777344,110.27708435058594
frame_002482.png,452.41455078125,168.02163696289062,563.8565063476562,-21.39053726196289,17.271018981933594,110.34625244140625
frame_002483.png,452.6855163574219,168.1397247314453,564.1951904296875,-21.39771842956543,17.271329879760742,110.40198516845703
frame_002484.png,452.9424743652344,168.24264526367188,564.5357055664062,-21.386655807495117,17.268686294555664,110.4637451171875
frame_002485.png,453.18011474609375,168.32398986816406,564.8837280273438,-21.37110710144043,17.269622802734375,110.55329895019531
frame_002486.png,453.4085998535156,168.3968048095703,565.23046875,-21.34865379333496,17.274763107299805,110.65886688232422
frame_002487.png,453.6228332519531,168.4799346923828,565.5823364257812,-21.33369255065918,17.282270431518555,110.74977111816406
frame_002488.png,453.8538818359375,168.57919311523438,565.9223022460938,-21.328004837036133,17.295087814331055,110.83078002929688
frame_002489.png,454.0778503417969,168.68408203125,566.2589721679688,-21.329776763916016,17.28468132019043,110.90933227539062
frame_002490.png,454.34735107421875,168.7884063720703,566.5927734375,-21.324209213256836,17.28683853149414,110.99749755859375
frame_002491.png,454.5545349121094,168.87530517578125,566.95556640625,-21.313148498535156,17.300752639770508,111.08834838867188
frame_002492.png,454.7400817871094,168.93824768066406,567.31396484375,-21.268163681030273,17.318632125854492,111.21009826660156
frame_002493.png,454.89801025390625,168.96792602539062,567.660888671875,-21.22138214111328,17.33009910583496,111.33760070800781
frame_002494.png,455.1009521484375,168.99827575683594,567.9625854492188,-21.16259002685547,17.3447208404541,111.44076538085938
frame_002495.png,455.3192443847656,169.04298400878906,568.2825927734375,-21.12513542175293,17.362565994262695,111.50824737548828
frame_002496.png,455.5379333496094,169.08779907226562,568.6190185546875,-21.103336334228516,17.380640029907227,111.55802154541016
frame_002497.png,455.75396728515625,169.13092041015625,568.9609985351562,-21.088449478149414,17.396060943603516,111.60546112060547
frame_002498.png,455.9794921875,169.16868591308594,569.2697143554688,-21.067842483520508,17.405542373657227,111.6702880859375
frame_002499.png,456.190185546875,169.18807983398438,569.5568237304688,-21.042526245117188,17.416454315185547,111.75439453125
frame_002500.png,456.3929138183594,169.2042999267578,569.8314208984375,-20.984451293945312,17.42980194091797,111.87696075439453
frame_002501.png,456.59814453125,169.24557495117188,570.1065063476562,-20.92156219482422,17.44745445251465,112.00102996826172
frame_002502.png,456.82635498046875,169.31915283203125,570.3543701171875,-20.847261428833008,17.468008041381836,112.10001373291016
frame_002503.png,457.06463623046875,169.3956756591797,570.5958251953125,-20.79983901977539,17.480993270874023,112.21871948242188
frame_002504.png,457.3146057128906,169.47186279296875,570.8143310546875,-20.77259635925293,17.493328094482422,112.3414306640625
frame_002505.png,457.5667419433594,169.5572052001953,570.9901123046875,-20.757780075073242,17.491342544555664,112.44432067871094
frame_002506.png,457.80999755859375,169.665771484375,571.1636352539062,-20.759693145751953,17.492490768432617,112.5395736694336
frame_002507.png,458.063720703125,169.77809143066406,571.3492431640625,-20.758729934692383,17.499059677124023,112.62637329101562
frame_002508.png,458.3322448730469,169.8919677734375,571.530029296875,-20.756481170654297,17.51279067993164,112.69670104980469
frame_002509.png,458.62255859375,169.9961700439453,571.703369140625,-20.751022338867188,17.522903442382812,112.77011108398438
frame_002510.png,458.92938232421875,170.09371948242188,571.853759765625,-20.732812881469727,17.53058624267578,112.85797882080078
frame_002511.png,459.2413330078125,170.1866912841797,571.9926147460938,-20.701595306396484,17.536779403686523,112.95635986328125
frame_002512.png,459.5454406738281,170.28408813476562,572.1372680664062,-20.674917221069336,17.547832489013672,113.04967498779297
frame_002513.png,459.8342590332031,170.3845672607422,572.298583984375,-20.65547752380371,17.567134857177734,113.14028930664062
frame_002514.png,460.1050109863281,170.4886932373047,572.4739990234375,-20.65776824951172,17.585155487060547,113.22888946533203
frame_002515.png,460.3671875,170.58065795898438,572.6260986328125,-20.658628463745117,17.576522827148438,113.3232650756836
frame_002516.png,460.62835693359375,170.67135620117188,572.7876586914062,-20.665283203125,17.565441131591797,113.42809295654297
frame_002517.png,460.89300537109375,170.7713165283203,572.9260864257812,-20.651655197143555,17.558156967163086,113.52498626708984
frame_002518.png,461.153564453125,170.8679656982422,573.09912109375,-20.618125915527344,17.55638885498047,113.61568450927734
frame_002519.png,461.4056701660156,170.9365692138672,573.291259765625,-20.582866668701172,17.573802947998047,113.71586608886719
frame_002520.png,461.578125,170.96826171875,573.5606689453125,-20.58158302307129,17.5953311920166,113.8309097290039
frame_002521.png,461.7558288574219,171.03143310546875,573.8499755859375,-20.56448745727539,17.60430335998535,113.95276641845703
frame_002522.png,461.94549560546875,171.10203552246094,574.1591796875,-20.553251266479492,17.600255966186523,114.06829071044922
frame_002523.png,462.1556396484375,171.17959594726562,574.4561157226562,-20.537887573242188,17.594091415405273,114.19050598144531
frame_002524.png,462.3602294921875,171.24948120117188,574.779541015625,-20.49287986755371,17.586837768554688,114.27505493164062
frame_002525.png,462.5494689941406,171.3053741455078,575.0963134765625,-20.449735641479492,17.57933807373047,114.32423400878906
frame_002526.png,462.7630920410156,171.366455078125,575.4014892578125,-20.400192260742188,17.574745178222656,114.36323547363281
frame_002527.png,462.9716491699219,171.4361572265625,575.7266235351562,-20.379396438598633,17.57344627380371,114.38851165771484
frame_002528.png,463.189453125,171.4986114501953,576.0543823242188,-20.369522094726562,17.56956672668457,114.41192626953125
frame_002529.png,463.4164123535156,171.55679321289062,576.4027099609375,-20.370145797729492,17.57684898376465,114.43810272216797
frame_002530.png,463.63800048828125,171.6202850341797,576.7796020507812,-20.36261749267578,17.59186553955078,114.46245574951172
frame_002531.png,463.8516540527344,171.68333435058594,577.1674194335938,-20.354854583740234,17.612947463989258,114.47891998291016
frame_002532.png,464.06829833984375,171.73880004882812,577.5570678710938,-20.345767974853516,17.63675308227539,114.49359893798828
frame_002533.png,464.28564453125,171.7858123779297,577.9443359375,-20.3328914642334,17.657196044921875,114.51278686523438
frame_002534.png,464.5052490234375,171.8166046142578,578.3265380859375,-20.3084774017334,17.672422409057617,114.5381851196289
frame_002535.png,464.7232971191406,171.8372802734375,578.7079467773438,-20.27886199951172,17.681480407714844,114.56710052490234
frame_002536.png,464.9366455078125,171.85235595703125,579.085693359375,-20.24607276916504,17.68585777282715,114.59906768798828
frame_002537.png,465.1431884765625,171.8671875,579.46044921875,-20.21440315246582,17.689464569091797,114.62775421142578
frame_002538.png,465.3416748046875,171.88331604003906,579.833984375,-20.18878173828125,17.692602157592773,114.65199279785156
frame_002539.png,465.5359802246094,171.90078735351562,580.2023315429688,-20.16848373413086,17.696441650390625,114.66972351074219
frame_002540.png,465.731689453125,171.9213104248047,580.5584716796875,-20.14789390563965,17.703777313232422,114.68280792236328
frame_002541.png,465.92864990234375,171.9381561279297,580.9058227539062,-20.12797737121582,17.713319778442383,114.69562530517578
frame_002542.png,466.12091064453125,171.9519805908203,581.2518310546875,-20.118227005004883,17.724721908569336,114.70719146728516
frame_002543.png,466.3158264160156,171.96559143066406,581.61279296875,-20.125934600830078,17.73756217956543,114.7247085571289
frame_002544.png,466.5228271484375,171.97763061523438,581.986083984375,-20.145971298217773,17.752552032470703,114.76348114013672
frame_002545.png,466.73077392578125,171.9915313720703,582.3663330078125,-20.165470123291016,17.763843536376953,114.81389617919922
frame_002546.png,466.95355224609375,172.0178680419922,582.7456665039062,-20.188720703125,17.77216339111328,114.86279296875
frame_002547.png,467.2041015625,172.05331420898438,583.10791015625,-20.204957962036133,17.774320602416992,114.93171691894531
frame_002548.png,467.47613525390625,172.1044464111328,583.4522094726562,-20.19466781616211,17.773704528808594,115.0324478149414
frame_002549.png,467.7511291503906,172.1497344970703,583.8051147460938,-20.192106246948242,17.772539138793945,115.1279296875
frame_002550.png,468.01190185546875,172.1873321533203,584.1585693359375,-20.175748825073242,17.770105361938477,115.20579528808594
frame_002551.png,468.2574768066406,172.21971130371094,584.5182495117188,-20.153579711914062,17.770578384399414,115.26244354248047
frame_002552.png,468.4915771484375,172.25331115722656,584.8897705078125,-20.127199172973633,17.775455474853516,115.30901336669922
frame_002553.png,468.72174072265625,172.29290771484375,585.2709350585938,-20.08725357055664,17.781795501708984,115.35892486572266
frame_002554.png,468.95166015625,172.33502197265625,585.6633911132812,-20.04867935180664,17.790122985839844,115.40267944335938
frame_002555.png,469.1734619140625,172.36953735351562,586.0747680664062,-20.010656356811523,17.800792694091797,115.4394760131836
frame_002556.png,469.38787841796875,172.394287109375,586.4992065429688,-19.972726821899414,17.813011169433594,115.471923828125
frame_002557.png,469.6011657714844,172.4097442626953,586.9283447265625,-19.937360763549805,17.82639503479004,115.50244903564453
frame_002558.png,469.8249816894531,172.42735290527344,587.3470458984375,-19.904159545898438,17.838415145874023,115.53973388671875
frame_002559.png,470.0543212890625,172.4502716064453,587.7489013671875,-19.87493133544922,17.846797943115234,115.58451080322266
frame_002560.png,470.2863464355469,172.4734344482422,588.1456909179688,-19.85042381286621,17.849611282348633,115.63024139404297
frame_002561.png,470.5315856933594,172.49900817871094,588.552490234375,-19.832977294921875,17.849102020263672,115.69153594970703
frame_002562.png,470.7654724121094,172.5231170654297,588.9812622070312,-19.849971771240234,17.854963302612305,115.76278686523438
frame_002563.png,470.9476623535156,172.5546875,589.422607421875,-19.882448196411133,17.866121292114258,115.8466567993164
frame_002564.png,471.14019775390625,172.57785034179688,589.8407592773438,-19.905960083007812,17.881624221801758,115.9327392578125
frame_002565.png,471.3351745605469,172.60328674316406,590.2238159179688,-19.88886260986328,17.886423110961914,116.01603698730469
frame_002566.png,471.52880859375,172.64639282226562,590.60546875,-19.870988845825195,17.893444061279297,116.09735107421875
frame_002567.png,471.7121276855469,172.7052764892578,591.0057983398438,-19.880834579467773,17.88912010192871,116.15215301513672
frame_002568.png,471.9111022949219,172.7804718017578,591.3624877929688,-19.875362396240234,17.880855560302734,116.1985092163086
frame_002569.png,472.1038818359375,172.85324096679688,591.6846923828125,-19.86202049255371,17.870559692382812,116.2240982055664
frame_002570.png,472.30950927734375,172.93463134765625,592.0131225585938,-19.84475326538086,17.858558654785156,116.25751495361328
frame_002571.png,472.5313415527344,173.029541015625,592.361572265625,-19.828290939331055,17.84852409362793,116.2857894897461
frame_002572.png,472.771240234375,173.12229919433594,592.6959228515625,-19.78382110595703,17.83842658996582,116.32378387451172
frame_002573.png,473.00152587890625,173.1930389404297,593.0548706054688,-19.729839324951172,17.841556549072266,116.35298919677734
frame_002574.png,473.2071838378906,173.2320098876953,593.4439086914062,-19.682050704956055,17.852994918823242,116.37030029296875
frame_002575.png,473.39654541015625,173.2500762939453,593.8610229492188,-19.634958267211914,17.871009826660156,116.37628173828125
frame_002576.png,473.576416015625,173.26144409179688,594.2943115234375,-19.583751678466797,17.88976287841797,116.37942504882812
frame_002577.png,473.74688720703125,173.263916015625,594.73583984375,-19.533796310424805,17.904220581054688,116.38265228271484
frame_002578.png,473.9127502441406,173.2636260986328,595.17529296875,-19.48204803466797,17.9168758392334,116.3844223022461
frame_002579.png,474.0807800292969,173.2593231201172,595.6181640625,-19.43555450439453,17.927936553955078,116.38232421875
frame_002580.png,474.2483215332031,173.24534606933594,596.0624389648438,-19.397666931152344,17.936243057250977,116.375
frame_002581.png,474.4168395996094,173.2283935546875,596.5099487304688,-19.36488914489746,17.94434356689453,116.36668395996094
frame_002582.png,474.5884094238281,173.20895385742188,596.962158203125,-19.33736801147461,17.951839447021484,116.35926055908203
frame_002583.png,474.76220703125,173.18792724609375,597.41748046875,-19.313251495361328,17.95856475830078,116.35311126708984
frame_002584.png,474.9377746582031,173.16604614257812,597.875244140625,-19.28662872314453,17.965930938720703,116.34889221191406
frame_002585.png,475.1164245605469,173.14520263671875,598.3350830078125,-19.258790969848633,17.970569610595703,116.34833526611328
frame_002586.png,475.2901611328125,173.13418579101562,598.7864990234375,-19.215585708618164,17.97150230407715,116.3476333618164
frame_002587.png,475.45611572265625,173.13575744628906,599.2401733398438,-19.15924644470215,17.970474243164062,116.35435485839844
frame_002588.png,475.6174011230469,173.1358184814453,599.6959838867188,-19.096460342407227,17.975736618041992,116.36638641357422
frame_002589.png,475.786376953125,173.1227264404297,600.1248168945312,-19.030696868896484,17.984968185424805,116.37552642822266
frame_002590.png,475.9944763183594,173.11085510253906,600.5426635742188,-18.978696823120117,17.98667335510254,116.40081787109375
frame_002591.png,476.20941162109375,173.11190795898438,600.9637451171875,-18.934402465820312,17.99139976501465,116.41588592529297
frame_002592.png,476.398193359375,173.10118103027344,601.38720703125,-18.90719223022461,17.992210388183594,116.44486236572266
frame_002593.png,476.5760498046875,173.08209228515625,601.8282470703125,-18.885723114013672,17.993606567382812,116.48381805419922
frame_002594.png,476.7530517578125,173.0621795654297,602.2684326171875,-18.8653621673584,17.994352340698242,116.52066040039062
frame_002595.png,476.9273376464844,173.0458984375,602.7063598632812,-18.8498477935791,17.99428939819336,116.55635070800781
frame_002596.png,477.06597900390625,173.02638244628906,603.14892578125,-18.837629318237305,17.99200439453125,116.60196685791016
frame_002597.png,477.1861267089844,173.0074462890625,603.5857543945312,-18.82373809814453,17.994850158691406,116.64286041259766
frame_002598.png,477.30224609375,172.98951721191406,604.0087890625,-18.817279815673828,17.998106002807617,116.68262481689453
frame_002599.png,477.4005126953125,172.97682189941406,604.4298095703125,-18.804441452026367,18.000642776489258,116.72859954833984
frame_002600.png,477.4847106933594,172.9629669189453,604.851806640625,-18.78422737121582,18.009552001953125,116.78135681152344
frame_002601.png,477.5665283203125,172.94924926757812,605.2859497070312,-18.762514114379883,18.021732330322266,116.84017944335938
frame_002602.png,477.64288330078125,172.9346160888672,605.736572265625,-18.73971176147461,18.034704208374023,116.90410614013672
frame_002603.png,477.70965576171875,172.92642211914062,606.2030639648438,-18.712703704833984,18.045351028442383,116.98092651367188
frame_002604.png,477.758056640625,172.92343139648438,606.6798706054688,-18.684797286987305,18.052265167236328,117.06453704833984
frame_002605.png,477.7919921875,172.9238739013672,607.156982421875,-18.657814025878906,18.057443618774414,117.1503677368164
frame_002606.png,477.8234558105469,172.92726135253906,607.6307983398438,-18.633188247680664,18.062353134155273,117.23089599609375
frame_002607.png,477.85369873046875,172.9333953857422,608.1047973632812,-18.6140079498291,18.065244674682617,117.30795288085938
frame_002608.png,477.8833312988281,172.939697265625,608.5755004882812,-18.601863861083984,18.066307067871094,117.38703918457031
frame_002609.png,477.90545654296875,172.94677734375,609.0396118164062,-18.59055519104004,18.066938400268555,117.46611022949219
frame_002610.png,477.9103088378906,172.95855712890625,609.5027465820312,-18.578765869140625,18.069364547729492,117.5439682006836
frame_002611.png,477.89788818359375,172.9767303466797,609.9683227539062,-18.565153121948242,18.073482513427734,117.61186218261719
frame_002612.png,477.86773681640625,173.002685546875,610.434326171875,-18.551349639892578,18.08079719543457,117.66087341308594
frame_002613.png,477.83575439453125,173.0337371826172,610.8909912109375,-18.5327205657959,18.08926773071289,117.7003402709961
frame_002614.png,477.7987365722656,173.068359375,611.3380126953125,-18.509077072143555,18.096187591552734,117.73863220214844
frame_002615.png,477.76904296875,173.10354614257812,611.76953125,-18.48002815246582,18.099994659423828,117.7811050415039
frame_002616.png,477.7608337402344,173.1404266357422,612.1824951171875,-18.441848754882812,18.102813720703125,117.83119201660156
frame_002617.png,477.7749328613281,173.17123413085938,612.5748291015625,-18.403650283813477,18.102405548095703,117.88430786132812
frame_002618.png,477.7952575683594,173.19918823242188,612.9389038085938,-18.388092041015625,18.09907341003418,117.9162826538086
frame_002619.png,477.8287353515625,173.2287139892578,613.294921875,-18.380327224731445,18.104629516601562,117.92973327636719
frame_002620.png,477.8600158691406,173.269287109375,613.6641845703125,-18.37578773498535,18.1153621673584,117.91602325439453
frame_002621.png,477.9110107421875,173.29226684570312,614.0333251953125,-18.358535766601562,18.128982543945312,117.91893768310547
frame_002622.png,477.9708251953125,173.30422973632812,614.3958740234375,-18.338621139526367,18.145492553710938,117.92729187011719
frame_002623.png,478.0249938964844,173.3080596923828,614.756591796875,-18.328758239746094,18.168798446655273,117.90185546875
frame_002624.png,478.077392578125,173.30601501464844,615.11181640625,-18.32367515563965,18.1844539642334,117.85112762451172
frame_002625.png,478.1292724609375,173.31785583496094,615.4517211914062,-18.32182502746582,18.19495391845703,117.800537109375
frame_002626.png,478.1825866699219,173.34051513671875,615.7564086914062,-18.300989151000977,18.19647789001465,117.7354507446289
frame_002627.png,478.2421569824219,173.37925720214844,616.0340576171875,-18.27800178527832,18.19481086730957,117.6713638305664
frame_002628.png,478.30230712890625,173.42410278320312,616.2947998046875,-18.259540557861328,18.195301055908203,117.6167221069336
frame_002629.png,478.3412170410156,173.47088623046875,616.5863647460938,-18.252033233642578,18.1995792388916,117.57269287109375
frame_002630.png,478.3507080078125,173.5268096923828,616.8950805664062,-18.252260208129883,18.204883575439453,117.53752136230469
frame_002631.png,478.34686279296875,173.58425903320312,617.2210083007812,-18.257129669189453,18.215370178222656,117.51637268066406
frame_002632.png,478.3411560058594,173.6392822265625,617.5513305664062,-18.257892608642578,18.2313175201416,117.49784851074219
frame_002633.png,478.3304443359375,173.69180297851562,617.8857421875,-18.258150100708008,18.2487735748291,117.47742462158203
frame_002634.png,478.3144226074219,173.74774169921875,618.2109985351562,-18.250877380371094,18.264854431152344,117.44645690917969
frame_002635.png,478.2855529785156,173.8063201904297,618.5309448242188,-18.238475799560547,18.2755184173584,117.40165710449219
frame_002636.png,478.2515563964844,173.85574340820312,618.8485107421875,-18.214794158935547,18.285463333129883,117.35259246826172
frame_002637.png,478.2339782714844,173.9047393798828,619.1431274414062,-18.18297576904297,18.292579650878906,117.30784606933594
frame_002638.png,478.2268371582031,173.9656219482422,619.4443359375,-18.147626876831055,18.3001766204834,117.26370239257812
frame_002639.png,478.2283630371094,174.0391387939453,619.7517700195312,-18.11100959777832,18.30362319946289,117.21056365966797
frame_002640.png,478.2588806152344,174.09536743164062,620.0631103515625,-18.07080841064453,18.313335418701172,117.16252899169922
frame_002641.png,478.3086853027344,174.13233947753906,620.4172973632812,-18.027557373046875,18.33454704284668,117.13391876220703
frame_002642.png,478.3795166015625,174.14955139160156,620.8246459960938,-17.98146629333496,18.363901138305664,117.13090515136719
frame_002643.png,478.4523010253906,174.14845275878906,621.2764282226562,-17.936208724975586,18.39547348022461,117.12986755371094
frame_002644.png,478.5474548339844,174.15379333496094,621.7273559570312,-17.888202667236328,18.40950584411621,117.1346206665039
frame_002645.png,478.66241455078125,174.17454528808594,622.1681518554688,-17.8444881439209,18.406984329223633,117.14317321777344
frame_002646.png,478.7999572753906,174.20877075195312,622.5859375,-17.798263549804688,18.39436912536621,117.14167022705078
frame_002647.png,478.9660949707031,174.2488555908203,622.9732666015625,-17.747249603271484,18.376811981201172,117.12500762939453
frame_002648.png,479.1382141113281,174.284912109375,623.352783203125,-17.717893600463867,18.36267852783203,117.0948257446289
frame_002649.png,479.33892822265625,174.31915283203125,623.68896484375,-17.695777893066406,18.354015350341797,117.08155822753906
frame_002650.png,479.5552673339844,174.36456298828125,624.0122680664062,-17.680679321289062,18.34916114807129,117.06847381591797
frame_002651.png,479.7864074707031,174.42062377929688,624.333984375,-17.669389724731445,18.345684051513672,117.0555191040039
frame_002652.png,480.0361633300781,174.48715209960938,624.6495361328125,-17.655834197998047,18.343021392822266,117.03971862792969
frame_002653.png,480.3028564453125,174.56149291992188,624.9522705078125,-17.634065628051758,18.339160919189453,117.03002166748047
frame_002654.png,480.5867614746094,174.64035034179688,625.2381591796875,-17.60483169555664,18.332704544067383,117.03437042236328
frame_002655.png,480.88232421875,174.72225952148438,625.5117797851562,-17.57280731201172,18.324140548706055,117.0520248413086
frame_002656.png,481.1861572265625,174.8074188232422,625.7745361328125,-17.540496826171875,18.315702438354492,117.07809448242188
frame_002657.png,481.4937744140625,174.89601135253906,626.0296020507812,-17.506959915161133,18.306596755981445,117.10846710205078
frame_002658.png,481.79931640625,174.99024963378906,626.2820434570312,-17.476863861083984,18.297718048095703,117.14188385009766
frame_002659.png,482.1031494140625,175.0911407470703,626.525390625,-17.450584411621094,18.290822982788086,117.18087005615234
frame_002660.png,482.4099426269531,175.20025634765625,626.7506713867188,-17.430452346801758,18.288400650024414,117.23170471191406
frame_002661.png,482.7115173339844,175.3109588623047,626.96435546875,-17.41242218017578,18.287748336791992,117.29092407226562
frame_002662.png,483.0076904296875,175.42111206054688,627.1692504882812,-17.39672088623047,18.28780174255371,117.35043334960938
frame_002663.png,483.29791259765625,175.53201293945312,627.36474609375,-17.38486671447754,18.28376579284668,117.40193939208984
frame_002664.png,483.5850524902344,175.64608764648438,627.54052734375,-17.380971908569336,18.27035903930664,117.43946075439453
frame_002665.png,483.8599853515625,175.76280212402344,627.6913452148438,-17.3808536529541,18.248321533203125,117.46686553955078
frame_002666.png,484.131591796875,175.88250732421875,627.8414916992188,-17.371763229370117,18.22306251525879,117.4969482421875
frame_002667.png,484.398681640625,176.0061798095703,627.9844360351562,-17.364688873291016,18.19954490661621,117.53121185302734
frame_002668.png,484.66741943359375,176.1260986328125,628.1329345703125,-17.342985153198242,18.174592971801758,117.59910583496094
frame_002669.png,484.9284973144531,176.2373504638672,628.302490234375,-17.2955322265625,18.14339256286621,117.6930923461914
frame_002670.png,485.2216491699219,176.36822509765625,628.4933471679688,-17.239824295043945,18.120975494384766,117.78372955322266
frame_002671.png,485.5197448730469,176.50186157226562,628.6464233398438,-17.204540252685547,18.105688095092773,117.88719940185547
frame_002672.png,485.81536865234375,176.6280975341797,628.7908935546875,-17.211214065551758,18.086549758911133,118.00784301757812
frame_002673.png,486.06561279296875,176.74993896484375,628.926513671875,-17.22115707397461,18.076520919799805,118.09455871582031
frame_002674.png,486.2741394042969,176.85064697265625,629.051513671875,-17.224061965942383,18.06420135498047,118.16553497314453
frame_002675.png,486.4762878417969,176.9337158203125,629.158935546875,-17.21686553955078,18.063026428222656,118.24126434326172
frame_002676.png,486.662353515625,177.00094604492188,629.2901000976562,-17.206266403198242,18.071636199951172,118.33741760253906
frame_002677.png,486.8789367675781,177.05859375,629.3843383789062,-17.17909049987793,18.098478317260742,118.44480895996094
frame_002678.png,487.1180725097656,177.08175659179688,629.465576171875,-17.17168426513672,18.12152671813965,118.57392883300781
frame_002679.png,487.37908935546875,177.10374450683594,629.5070190429688,-17.187393188476562,18.156259536743164,118.67301940917969
frame_002680.png,487.599853515625,177.14389038085938,629.5596923828125,-17.19729232788086,18.171798706054688,118.74916076660156
frame_002681.png,487.7643737792969,177.19602966308594,629.608642578125,-17.202470779418945,18.18379020690918,118.79418182373047
frame_002682.png,487.8745422363281,177.2619171142578,629.6761474609375,-17.220808029174805,18.20151138305664,118.81575012207031
frame_002683.png,487.91650390625,177.32655334472656,629.786376953125,-17.25324249267578,18.21200942993164,118.8385009765625
frame_002684.png,487.9253234863281,177.39199829101562,629.90576171875,-17.294492721557617,18.2253360748291,118.90708923339844
frame_002685.png,487.9845275878906,177.4752655029297,630.0149536132812,-17.34568214416504,18.236921310424805,118.99655151367188
frame_002686.png,488.0313720703125,177.5606231689453,630.1373291015625,-17.398910522460938,18.22812271118164,119.10724639892578
frame_002687.png,488.0714416503906,177.64657592773438,630.2471313476562,-17.422372817993164,18.220760345458984,119.20804595947266
frame_002688.png,488.0653991699219,177.70481872558594,630.3775634765625,-17.45018196105957,18.21898651123047,119.31202697753906
frame_002689.png,488.027099609375,177.74732971191406,630.522216796875,-17.469482421875,18.21936798095703,119.40995025634766
frame_002690.png,487.9731750488281,177.7838592529297,630.6639404296875,-17.475116729736328,18.220483779907227,119.49288940429688
frame_002691.png,487.9212951660156,177.81405639648438,630.8113403320312,-17.477861404418945,18.213279724121094,119.57310485839844
frame_002692.png,487.89007568359375,177.84307861328125,631.0101318359375,-17.484647750854492,18.202125549316406,119.68171691894531
frame_002693.png,487.8529968261719,177.87355041503906,631.250244140625,-17.51455307006836,18.20606803894043,119.84994506835938
frame_002694.png,487.8787841796875,177.91860961914062,631.4334716796875,-17.54837417602539,18.22200584411621,119.98847198486328
frame_002695.png,487.8987121582031,177.9725341796875,631.5948486328125,-17.585430145263672,18.24138832092285,120.0602798461914
frame_002696.png,487.9174499511719,178.01950073242188,631.771240234375,-17.592649459838867,18.249496459960938,120.11073303222656
frame_002697.png,487.9510192871094,178.07672119140625,631.9547119140625,-17.672718048095703,18.255285263061523,120.13976287841797
frame_002698.png,487.98553466796875,178.14210510253906,632.1045532226562,-17.71830177307129,18.268531799316406,120.17485809326172
frame_002699.png,488.11749267578125,178.22071838378906,632.2103271484375,-17.740856170654297,18.28238868713379,120.24180603027344
frame_002700.png,488.2852478027344,178.32272338867188,632.3783569335938,-17.79150390625,18.284095764160156,120.32137298583984
frame_002701.png,488.5181884765625,178.44195556640625,632.558837890625,-17.800039291381836,18.287273406982422,120.39830780029297
frame_002702.png,488.741943359375,178.54449462890625,632.7626342773438,-17.808124542236328,18.277240753173828,120.51001739501953
frame_002703.png,488.94970703125,178.6493682861328,632.979248046875,-17.812129974365234,18.255672454833984,120.63074493408203
frame_002704.png,489.1413269042969,178.76031494140625,633.236328125,-17.832679748535156,18.230783462524414,120.72386169433594
frame_002705.png,489.3253479003906,178.87686157226562,633.4949340820312,-17.88319969177246,18.205638885498047,120.81258392333984
frame_002706.png,489.5054626464844,178.99342346191406,633.746826171875,-17.934446334838867,18.180618286132812,120.87944793701172
frame_002707.png,489.6836242675781,179.10914611816406,633.988525390625,-17.97223472595215,18.1505184173584,120.92019653320312
frame_002708.png,489.8635559082031,179.23257446289062,634.2381591796875,-18.006895065307617,18.117170333862305,120.94302368164062
frame_002709.png,490.0460510253906,179.3701934814453,634.4800415039062,-18.032712936401367,18.082904815673828,120.95765686035156
frame_002710.png,490.2305908203125,179.51382446289062,634.7142944335938,-18.050996780395508,18.04490852355957,120.96627044677734
frame_002711.png,490.41552734375,179.65072631835938,634.9298095703125,-18.06217384338379,18.004901885986328,120.98587799072266
frame_002712.png,490.5993957519531,179.78065490722656,635.1275634765625,-18.059045791625977,17.96773338317871,121.01152038574219
frame_002713.png,490.7820739746094,179.91232299804688,635.3284912109375,-18.057819366455078,17.932403564453125,121.0434341430664
frame_002714.png,490.9687805175781,180.04270935058594,635.536376953125,-18.054662704467773,17.899629592895508,121.10414123535156
frame_002715.png,491.1601867675781,180.17007446289062,635.7592163085938,-18.0561580657959,17.8702392578125,121.18334197998047
frame_002716.png,491.3418884277344,180.29156494140625,635.97265625,-18.05232810974121,17.84207534790039,121.27890014648438
frame_002717.png,491.4996643066406,180.4045867919922,636.1876220703125,-18.067312240600586,17.811769485473633,121.35978698730469
frame_002718.png,491.6283264160156,180.5125732421875,636.4242553710938,-18.101890563964844,17.77853012084961,121.43025970458984
frame_002719.png,491.7281494140625,180.61610412597656,636.680419921875,-18.143369674682617,17.745141983032227,121.48286437988281
frame_002720.png,491.8031005859375,180.71319580078125,636.9462890625,-18.213233947753906,17.71364974975586,121.5430679321289
frame_002721.png,491.8794860839844,180.80870056152344,637.2096557617188,-18.287052154541016,17.692607879638672,121.62877655029297
frame_002722.png,491.9710693359375,180.9071044921875,637.488037109375,-18.361291885375977,17.677621841430664,121.71671295166016
frame_002723.png,492.0949401855469,181.01211547851562,637.7698974609375,-18.4351806640625,17.662023544311523,121.79903411865234
frame_002724.png,492.2580871582031,181.12716674804688,638.0477905273438,-18.504465103149414,17.6578311920166,121.87159729003906
frame_002725.png,492.4513854980469,181.2475128173828,638.3297119140625,-18.553552627563477,17.656522750854492,121.93975830078125
frame_002726.png,492.6215515136719,181.3671112060547,638.6346435546875,-18.588401794433594,17.649120330810547,122.03741455078125
frame_002727.png,492.7666931152344,181.4672393798828,638.9249267578125,-18.627967834472656,17.631183624267578,122.15967559814453
frame_002728.png,492.9578552246094,181.57041931152344,639.2019653320312,-18.675594329833984,17.612375259399414,122.25923156738281
frame_002729.png,493.1882629394531,181.68812561035156,639.4293823242188,-18.740421295166016,17.5881290435791,122.30284881591797
frame_002730.png,493.3797302246094,181.78207397460938,639.646728515625,-18.773012161254883,17.569713592529297,122.41439819335938
frame_002731.png,493.5764465332031,181.89112854003906,639.8447265625,-18.82370376586914,17.548648834228516,122.5313491821289
frame_002732.png,493.7798767089844,182.00607299804688,640.0573120117188,-18.86444664001465,17.535114288330078,122.66068267822266
frame_002733.png,493.993408203125,182.0972137451172,640.2285766601562,-18.89977264404297,17.556631088256836,122.81929779052734
frame_002734.png,494.2052307128906,182.19882202148438,640.4081420898438,-18.97296714782715,17.592823028564453,122.94508361816406
frame_002735.png,494.26580810546875,182.27114868164062,640.6322631835938,-19.05610466003418,17.616544723510742,123.05670166015625
frame_002736.png,494.2413635253906,182.33990478515625,640.8179931640625,-19.14997673034668,17.624515533447266,123.16007232666016
frame_002737.png,494.2697448730469,182.417236328125,640.9190063476562,-19.21489715576172,17.638641357421875,123.2574234008789
frame_002738.png,494.2723388671875,182.49996948242188,640.9375,-19.273517608642578,17.657894134521484,123.3075180053711
frame_002739.png,494.2211608886719,182.5601806640625,640.945556640625,-19.32023048400879,17.66202163696289,123.33868408203125
frame_002740.png,494.147705078125,182.60780334472656,641.0096435546875,-19.378585815429688,17.664806365966797,123.34609985351562
frame_002741.png,494.0525817871094,182.64454650878906,641.0911254882812,-19.448993682861328,17.669321060180664,123.35781860351562
frame_002742.png,493.9609680175781,182.67941284179688,641.1641235351562,-19.516849517822266,17.680408477783203,123.3788070678711
frame_002743.png,493.87799072265625,182.7156982421875,641.2302856445312,-19.581613540649414,17.69888687133789,123.39764404296875
frame_002744.png,493.8068542480469,182.74716186523438,641.2951049804688,-19.651288986206055,17.721052169799805,123.41227722167969
frame_002745.png,493.7475891113281,182.7802276611328,641.36474609375,-19.72039794921875,17.74601936340332,123.42827606201172
frame_002746.png,493.70770263671875,182.81436157226562,641.4329833984375,-19.785343170166016,17.769474029541016,123.44468688964844
frame_002747.png,493.70220947265625,182.8621826171875,641.5140380859375,-19.863229751586914,17.790569305419922,123.47318267822266
frame_002748.png,493.75909423828125,182.9302520751953,641.6156616210938,-19.9499568939209,17.80594253540039,123.52135467529297
frame_002749.png,493.83953857421875,183.01077270507812,641.6973876953125,-20.038692474365234,17.811140060424805,123.5988540649414
frame_002750.png,493.9260559082031,183.08766174316406,641.7786254882812,-20.105493545532227,17.825586318969727,123.69376373291016
frame_002751.png,493.9913024902344,183.17156982421875,641.822021484375,-20.167322158813477,17.852794647216797,123.79943084716797
frame_002752.png,494.0329895019531,183.2559356689453,641.847412109375,-20.22386932373047,17.888988494873047,123.88031768798828
frame_002753.png,494.03564453125,183.3377227783203,641.9033813476562,-20.2894287109375,17.929704666137695,123.9307861328125
frame_002754.png,494.01123046875,183.41026306152344,641.981689453125,-20.36160659790039,17.968839645385742,123.98133850097656
frame_002755.png,493.9739685058594,183.4845733642578,642.0703125,-20.44736671447754,18.000333786010742,124.03893280029297
frame_002756.png,493.9239501953125,183.55438232421875,642.1651611328125,-20.54005241394043,18.022109985351562,124.10124206542969
frame_002757.png,493.85479736328125,183.62120056152344,642.2680053710938,-20.619970321655273,18.036575317382812,124.16715240478516
frame_002758.png,493.77716064453125,183.68923950195312,642.3775024414062,-20.691165924072266,18.046674728393555,124.22871398925781
frame_002759.png,493.7096252441406,183.75807189941406,642.4976806640625,-20.76950454711914,18.057937622070312,124.283203125
frame_002760.png,493.6701354980469,183.8317413330078,642.62939453125,-20.86088752746582,18.071094512939453,124.3396224975586
frame_002761.png,493.6553955078125,183.91229248046875,642.7705078125,-20.961992263793945,18.08584976196289,124.403076171875
frame_002762.png,493.6294250488281,183.9911651611328,642.9065551757812,-21.067344665527344,18.10483741760254,124.45706176757812
frame_002763.png,493.5650634765625,184.05563354492188,643.013427734375,-21.154476165771484,18.128742218017578,124.49341583251953
frame_002764.png,493.48516845703125,184.12937927246094,643.0929565429688,-21.216978073120117,18.160179138183594,124.50582885742188
frame_002765.png,493.4059753417969,184.21121215820312,643.1495971679688,-21.253957748413086,18.200389862060547,124.52357482910156
frame_002766.png,493.3298645019531,184.2849578857422,643.1785278320312,-21.285888671875,18.245458602905273,124.56307220458984
frame_002767.png,493.2659606933594,184.3511505126953,643.1822509765625,-21.31884002685547,18.296371459960938,124.61154174804688
frame_002768.png,493.2167663574219,184.4132537841797,643.17431640625,-21.35262680053711,18.352764129638672,124.67009735107422
frame_002769.png,493.179443359375,184.47171020507812,643.1617431640625,-21.38834571838379,18.40964126586914,124.73780059814453
frame_002770.png,493.15045166015625,184.52914428710938,643.1477661132812,-21.42116928100586,18.464914321899414,124.8160400390625
frame_002771.png,493.1283264160156,184.5965118408203,643.138916015625,-21.460493087768555,18.51719093322754,124.88565063476562
frame_002772.png,493.0992736816406,184.6718292236328,643.1430053710938,-21.501144409179688,18.56266212463379,124.9407730102539
frame_002773.png,493.08074951171875,184.74688720703125,643.1668701171875,-21.538970947265625,18.60617446899414,124.97515106201172
frame_002774.png,493.10919189453125,184.81301879882812,643.1978759765625,-21.555686950683594,18.640064239501953,125.02758026123047
frame_002775.png,493.185791015625,184.8891143798828,643.2366943359375,-21.581483840942383,18.657196044921875,125.09978485107422
frame_002776.png,493.3386535644531,184.98947143554688,643.2840576171875,-21.60703468322754,18.66223907470703,125.17457580566406
frame_002777.png,493.5212097167969,185.1086883544922,643.32763671875,-21.63813591003418,18.649147033691406,125.26148223876953
frame_002778.png,493.72137451171875,185.23956298828125,643.3607177734375,-21.653472900390625,18.636262893676758,125.3382339477539
frame_002779.png,493.91033935546875,185.36769104003906,643.3973388671875,-21.65167999267578,18.628726959228516,125.42852783203125
frame_002780.png,494.09783935546875,185.4883575439453,643.4595336914062,-21.633869171142578,18.618606567382812,125.52197265625
frame_002781.png,494.2911682128906,185.60952758789062,643.5593872070312,-21.611736297607422,18.610506057739258,125.61225128173828
frame_002782.png,494.4927062988281,185.72604370117188,643.6989135742188,-21.590099334716797,18.60898780822754,125.70103454589844
frame_002783.png,494.70135498046875,185.8364715576172,643.88037109375,-21.568342208862305,18.61608123779297,125.796142578125
frame_002784.png,494.9222106933594,185.938232421875,644.08349609375,-21.549570083618164,18.628705978393555,125.8837661743164
frame_002785.png,495.1413269042969,186.02659606933594,644.2919311523438,-21.536846160888672,18.641878128051758,125.96314239501953
frame_002786.png,495.3594665527344,186.10691833496094,644.5089721679688,-21.529935836791992,18.658052444458008,126.04228210449219
frame_002787.png,495.55029296875,186.18357849121094,644.7460327148438,-21.519134521484375,18.670137405395508,126.11469268798828
frame_002788.png,495.7160339355469,186.25418090820312,644.9861450195312,-21.497079849243164,18.682966232299805,126.22451782226562
frame_002789.png,495.9093933105469,186.32977294921875,645.2168579101562,-21.466955184936523,18.708660125732422,126.33209228515625
frame_002790.png,496.131103515625,186.41018676757812,645.4522094726562,-21.428939819335938,18.743932723999023,126.44404602050781
frame_002791.png,496.3637390136719,186.5059814453125,645.7054443359375,-21.41737174987793,18.78034210205078,126.5411376953125
frame_002792.png,496.6111145019531,186.5965576171875,645.9382934570312,-21.422969818115234,18.81505012512207,126.64017486572266
frame_002793.png,496.85821533203125,186.6951904296875,646.1385498046875,-21.428956985473633,18.842792510986328,126.71711730957031
frame_002794.png,497.10455322265625,186.79005432128906,646.32568359375,-21.428190231323242,18.863557815551758,126.788330078125
frame_002795.png,497.3564758300781,186.87420654296875,646.51318359375,-21.427980422973633,18.880855560302734,126.8449478149414
frame_002796.png,497.617431640625,186.95217895507812,646.7034301757812,-21.426727294921875,18.89469337463379,126.90394592285156
frame_002797.png,497.88031005859375,187.02090454101562,646.89013671875,-21.4179630279541,18.90704917907715,126.96268463134766
frame_002798.png,498.13861083984375,187.0855255126953,647.0790405273438,-21.4028377532959,18.919506072998047,127.02533721923828
frame_002799.png,498.3894958496094,187.15306091308594,647.2811889648438,-21.39372444152832,18.933917999267578,127.0894775390625
frame_002800.png,498.63433837890625,187.2227020263672,647.4965209960938,-21.386693954467773,18.947307586669922,127.15100860595703
frame_002801.png,498.8782653808594,187.2863006591797,647.7059936523438,-21.378726959228516,18.961711883544922,127.20518493652344
frame_002802.png,499.11785888671875,187.33245849609375,647.9114990234375,-21.36658477783203,18.973512649536133,127.255126953125
frame_002803.png,499.3395690917969,187.3719024658203,648.1466064453125,-21.356319427490234,18.986358642578125,127.29186248779297
frame_002804.png,499.5632629394531,187.4040985107422,648.4091796875,-21.35104751586914,18.999412536621094,127.32546997070312
frame_002805.png,499.7818603515625,187.42916870117188,648.6895141601562,-21.3243350982666,19.01436996459961,127.36193084716797
frame_002806.png,499.9913330078125,187.45172119140625,648.9827880859375,-21.2893009185791,19.035795211791992,127.39654541015625
frame_002807.png,500.1778259277344,187.4739532470703,649.28125,-21.268192291259766,19.061962127685547,127.4102783203125
frame_002808.png,500.3383483886719,187.49278259277344,649.5919189453125,-21.262598037719727,19.089914321899414,127.42044067382812
frame_002809.png,500.4786376953125,187.5061798095703,649.9240112304688,-21.279104232788086,19.116226196289062,127.43050384521484
frame_002810.png,500.59735107421875,187.51536560058594,650.2680053710938,-21.315486907958984,19.143238067626953,127.43314361572266
frame_002811.png,500.696533203125,187.52926635742188,650.61474609375,-21.365324020385742,19.16503143310547,127.43858337402344
frame_002812.png,500.7812805175781,187.54754638671875,650.9603271484375,-21.418256759643555,19.18613052368164,127.44609832763672
frame_002813.png,500.8573303222656,187.5699462890625,651.3037719726562,-21.47385025024414,19.206310272216797,127.45157623291016
frame_002814.png,500.93414306640625,187.59371948242188,651.6393432617188,-21.528345108032227,19.225357055664062,127.45413208007812
frame_002815.png,501.0208740234375,187.6173095703125,651.965087890625,-21.57853889465332,19.243453979492188,127.45650482177734
frame_002816.png,501.12548828125,187.63623046875,652.2828979492188,-21.628536224365234,19.261856079101562,127.456787109375
frame_002817.png,501.2503356933594,187.65151977539062,652.5969848632812,-21.67961311340332,19.277660369873047,127.4573745727539
frame_002818.png,501.4012451171875,187.66555786132812,652.9095458984375,-21.726686477661133,19.292448043823242,127.45855712890625
frame_002819.png,501.5704650878906,187.67901611328125,653.2257690429688,-21.771970748901367,19.30634880065918,127.45625305175781
frame_002820.png,501.7541198730469,187.69122314453125,653.5402221679688,-21.814058303833008,19.320518493652344,127.44925689697266
frame_002821.png,501.9469299316406,187.7076873779297,653.8607177734375,-21.85201644897461,19.332143783569336,127.44413757324219
frame_002822.png,502.13885498046875,187.72775268554688,654.2018432617188,-21.888980865478516,19.342599868774414,127.43569946289062
frame_002823.png,502.32080078125,187.74929809570312,654.5693969726562,-21.92411994934082,19.353618621826172,127.42733001708984
frame_002824.png,502.49395751953125,187.77664184570312,654.9618530273438,-21.951601028442383,19.364789962768555,127.42497253417969
frame_002825.png,502.65765380859375,187.8078155517578,655.3710327148438,-21.98246955871582,19.37445831298828,127.42461395263672
frame_002826.png,502.8076477050781,187.8512725830078,655.7932739257812,-22.02869987487793,19.388795852661133,127.40914916992188
frame_002827.png,502.94488525390625,187.91217041015625,656.2295532226562,-22.077836990356445,19.405170440673828,127.39188385009766
frame_002828.png,503.05035400390625,187.972412109375,656.6825561523438,-22.125581741333008,19.4202823638916,127.3840560913086
frame_002829.png,503.1564025878906,188.02801513671875,657.11962890625,-22.146316528320312,19.432588577270508,127.38706970214844
frame_002830.png,503.281982421875,188.08404541015625,657.5411376953125,-22.14474105834961,19.445276260375977,127.39710235595703
frame_002831.png,503.4166564941406,188.13809204101562,657.948486328125,-22.13327980041504,19.46465301513672,127.3910903930664
frame_002832.png,503.546875,188.18450927734375,658.3634033203125,-22.111591339111328,19.488929748535156,127.38066864013672
frame_002833.png,503.68426513671875,188.2140350341797,658.7835083007812,-22.090904235839844,19.523361206054688,127.36458587646484
frame_002834.png,503.82977294921875,188.2301025390625,659.2186279296875,-22.068124771118164,19.559680938720703,127.35054779052734
frame_002835.png,503.97259521484375,188.2370147705078,659.66748046875,-22.047685623168945,19.594789505004883,127.34396362304688
frame_002836.png,504.10931396484375,188.24017333984375,660.13134765625,-22.034833908081055,19.625041961669922,127.34272003173828
frame_002837.png,504.2515563964844,188.2423858642578,660.6007690429688,-22.03091049194336,19.653383255004883,127.33812713623047
frame_002838.png,504.4051208496094,188.24627685546875,661.0673217773438,-22.034324645996094,19.675458908081055,127.3382797241211
frame_002839.png,504.5683898925781,188.25112915039062,661.5270385742188,-22.04720687866211,19.695274353027344,127.34637451171875
frame_002840.png,504.7351989746094,188.25643920898438,661.9834594726562,-22.06669807434082,19.713577270507812,127.35700225830078
frame_002841.png,504.9023742675781,188.26364135742188,662.4447021484375,-22.08448028564453,19.733245849609375,127.36592864990234
frame_002842.png,505.06597900390625,188.2725372314453,662.912109375,-22.10511589050293,19.75251007080078,127.37494659423828
frame_002843.png,505.22393798828125,188.2844696044922,663.3794555664062,-22.12519073486328,19.77187156677246,127.38806915283203
frame_002844.png,505.3763122558594,188.30133056640625,663.8474731445312,-22.145044326782227,19.790489196777344,127.40283203125
frame_002845.png,505.5260314941406,188.32640075683594,664.3112182617188,-22.16649627685547,19.811925888061523,127.42765045166016
frame_002846.png,505.6866149902344,188.35226440429688,664.761474609375,-22.187368392944336,19.83613395690918,127.46257781982422
frame_002847.png,505.856689453125,188.37460327148438,665.2052612304688,-22.19939422607422,19.86273956298828,127.49874877929688
frame_002848.png,506.028564453125,188.38893127441406,665.6561889648438,-22.203947067260742,19.892087936401367,127.53597259521484
frame_002849.png,506.2038269042969,188.39537048339844,666.1146850585938,-22.20018196105957,19.926002502441406,127.57565307617188
frame_002850.png,506.3807678222656,188.3963165283203,666.5757446289062,-22.1884708404541,19.963132858276367,127.61766052246094
frame_002851.png,506.5575256347656,188.3926544189453,667.03466796875,-22.168657302856445,20.002294540405273,127.66212463378906
frame_002852.png,506.73626708984375,188.3865203857422,667.491943359375,-22.143218994140625,20.043054580688477,127.70919799804688
frame_002853.png,506.9155578613281,188.38357543945312,667.9475708007812,-22.118284225463867,20.08263397216797,127.75938415527344
frame_002854.png,507.0866394042969,188.38836669921875,668.40478515625,-22.094079971313477,20.120681762695312,127.81291961669922
frame_002855.png,507.26800537109375,188.40335083007812,668.8692626953125,-22.07361602783203,20.14468002319336,127.87187957763672
frame_002856.png,507.4696350097656,188.42877197265625,669.3236694335938,-22.04437255859375,20.154958724975586,127.93550872802734
frame_002857.png,507.6731262207031,188.46629333496094,669.7951049804688,-22.005102157592773,20.15701675415039,128.00265502929688
frame_002858.png,507.87835693359375,188.51290893554688,670.26611328125,-21.966869354248047,20.161365509033203,128.0697021484375
frame_002859.png,508.0814208984375,188.5782470703125,670.6884765625,-21.944229125976562,20.165695190429688,128.14524841308594
frame_002860.png,508.25897216796875,188.65374755859375,671.0889892578125,-21.919336318969727,20.164888381958008,128.24745178222656
frame_002861.png,508.45556640625,188.7425994873047,671.4774169921875,-21.888595581054688,20.162933349609375,128.3342742919922
frame_002862.png,508.68597412109375,188.8330841064453,671.8268432617188,-21.853240966796875,20.159025192260742,128.40774536132812
frame_002863.png,508.9149169921875,188.92031860351562,672.1920166015625,-21.850046157836914,20.143346786499023,128.47259521484375
frame_002864.png,509.1389465332031,188.9908447265625,672.5650024414062,-21.858327865600586,20.124404907226562,128.53805541992188
frame_002865.png,509.35247802734375,189.0443878173828,672.9437866210938,-21.86610984802246,20.100767135620117,128.61093139648438
frame_002866.png,509.5692138671875,189.10641479492188,673.3259887695312,-21.8653564453125,20.072782516479492,128.69969177246094
frame_002867.png,509.7958068847656,189.1769561767578,673.7064819335938,-21.864116668701172,20.045101165771484,128.80943298339844
frame_002868.png,510.0379333496094,189.2520751953125,674.0501708984375,-21.861515045166016,20.01692771911621,128.92649841308594
frame_002869.png,510.3056335449219,189.34786987304688,674.375244140625,-21.860361099243164,19.9921875,129.03099060058594
frame_002870.png,510.5567321777344,189.46673583984375,674.7108764648438,-21.839750289916992,19.978687286376953,129.10987854003906
frame_002871.png,510.810546875,189.5699462890625,674.9966430664062,-21.825246810913086,19.957956314086914,129.22567749023438
frame_002872.png,511.0586242675781,189.6551971435547,675.2199096679688,-21.807449340820312,19.94014549255371,129.34324645996094
frame_002873.png,511.30816650390625,189.73922729492188,675.3815307617188,-21.781845092773438,19.929889678955078,129.45599365234375
frame_002874.png,511.57470703125,189.8258819580078,675.4901123046875,-21.747032165527344,19.919355392456055,129.53782653808594
frame_002875.png,511.8269958496094,189.90797424316406,675.5775146484375,-21.697689056396484,19.899934768676758,129.6161651611328
frame_002876.png,512.0847778320312,189.98985290527344,675.6354370117188,-21.658628463745117,19.878292083740234,129.6997528076172
frame_002877.png,512.3587036132812,190.0685272216797,675.6787109375,-21.64435577392578,19.861766815185547,129.80044555664062
frame_002878.png,512.6350708007812,190.15008544921875,675.7236938476562,-21.639591217041016,19.853946685791016,129.9259796142578
frame_002879.png,512.9317016601562,190.2360382080078,675.7702026367188,-21.62903594970703,19.85826301574707,130.07701110839844
frame_002880.png,513.2356567382812,190.31922912597656,675.8120727539062,-21.610633850097656,19.87070083618164,130.24630737304688
frame_002881.png,513.5399169921875,190.3997039794922,675.8519897460938,-21.59174919128418,19.889297485351562,130.416748046875
frame_002882.png,513.8449096679688,190.47659301757812,675.8929443359375,-21.573820114135742,19.911731719970703,130.58799743652344
frame_002883.png,514.1494750976562,190.54974365234375,675.9329833984375,-21.55906105041504,19.936193466186523,130.76239013671875
frame_002884.png,514.4560546875,190.62046813964844,675.9762573242188,-21.54753875732422,19.95991325378418,130.93756103515625
frame_002885.png,514.7670288085938,190.68722534179688,676.024658203125,-21.53801727294922,19.98007583618164,131.1130828857422
frame_002886.png,515.076904296875,190.75360107421875,676.0712280273438,-21.529338836669922,19.997507095336914,131.28616333007812
frame_002887.png,515.3802490234375,190.8216552734375,676.1192016601562,-21.522510528564453,20.00982666015625,131.45016479492188
frame_002888.png,515.6815795898438,190.8887939453125,676.176513671875,-21.517982482910156,20.022005081176758,131.60226440429688
frame_002889.png,515.9876708984375,190.9527130126953,676.239501953125,-21.50913429260254,20.03395652770996,131.7436065673828
frame_002890.png,516.2965087890625,191.01504516601562,676.3074951171875,-21.49604034423828,20.04489517211914,131.8760986328125
frame_002891.png,516.6036987304688,191.0769500732422,676.3851318359375,-21.480226516723633,20.05398178100586,131.99887084960938
frame_002892.png,516.9134521484375,191.13824462890625,676.4691772460938,-21.461042404174805,20.060890197753906,132.1163787841797
frame_002893.png,517.224365234375,191.2001190185547,676.558349609375,-21.43861198425293,20.066102981567383,132.23089599609375
frame_002894.png,517.5376586914062,191.26158142089844,676.6512451171875,-21.41497230529785,20.068540573120117,132.35269165039062
frame_002895.png,517.8510131835938,191.3270263671875,676.7470092773438,-21.386564254760742,20.069286346435547,132.47930908203125
frame_002896.png,518.1568603515625,191.3951873779297,676.8508911132812,-21.356189727783203,20.072290420532227,132.6096954345703
frame_002897.png,518.459228515625,191.4646759033203,676.9673461914062,-21.320804595947266,20.07729721069336,132.7417449951172
frame_002898.png,518.7717895507812,191.53236389160156,677.0800170898438,-21.28097152709961,20.08437156677246,132.8783721923828
frame_002899.png,519.103759765625,191.598388671875,677.1717529296875,-21.229671478271484,20.09136962890625,133.0033721923828
frame_002900.png,519.4349365234375,191.67152404785156,677.2843017578125,-21.171878814697266,20.100351333618164,133.1168670654297
frame_002901.png,519.7496337890625,191.7359161376953,677.4138793945312,-21.119993209838867,20.109540939331055,133.2340545654297
frame_002902.png,520.046630859375,191.7977294921875,677.5518798828125,-21.069679260253906,20.118125915527344,133.34483337402344
frame_002903.png,520.3278198242188,191.86160278320312,677.6793212890625,-21.01554298400879,20.126497268676758,133.4401397705078
frame_002904.png,520.6062622070312,191.92877197265625,677.7927856445312,-20.958913803100586,20.13422203063965,133.51742553710938
frame_002905.png,520.8882446289062,192.00135803222656,677.8974609375,-20.899324417114258,20.140151977539062,133.57882690429688
frame_002906.png,521.1714477539062,192.07579040527344,677.9935913085938,-20.837202072143555,20.143817901611328,133.6322479248047
frame_002907.png,521.455322265625,192.1473388671875,678.0853271484375,-20.77184295654297,20.145858764648438,133.6820068359375
frame_002908.png,521.7378540039062,192.21597290039062,678.1749877929688,-20.705352783203125,20.148923873901367,133.72950744628906
frame_002909.png,522.0201416015625,192.27996826171875,678.2669067382812,-20.639373779296875,20.155569076538086,133.77593994140625
frame_002910.png,522.2938842773438,192.33872985839844,678.365966796875,-20.578155517578125,20.165218353271484,133.82568359375
frame_002911.png,522.5567626953125,192.3963623046875,678.47509765625,-20.515541076660156,20.173946380615234,133.8834686279297
frame_002912.png,522.8058471679688,192.4490509033203,678.5856323242188,-20.456247329711914,20.180641174316406,133.94581604003906
frame_002913.png,523.0586547851562,192.49635314941406,678.717041015625,-20.387588500976562,20.188594818115234,134.00531005859375
frame_002914.png,523.32177734375,192.5462188720703,678.900634765625,-20.31505584716797,20.202693939208984,134.07305908203125
frame_002915.png,523.591552734375,192.58668518066406,679.1174926757812,-20.259777069091797,20.211950302124023,134.14796447753906
frame_002916.png,523.8692626953125,192.63949584960938,679.3622436523438,-20.21795082092285,20.218725204467773,134.2201690673828
frame_002917.png,524.144775390625,192.69552612304688,679.6268920898438,-20.164039611816406,20.222789764404297,134.30535888671875
frame_002918.png,524.4114990234375,192.75115966796875,679.9013061523438,-20.11444091796875,20.22935676574707,134.41854858398438
frame_002919.png,524.686767578125,192.80543518066406,680.1780395507812,-20.082632064819336,20.244190216064453,134.55503845214844
frame_002920.png,524.9801025390625,192.8629913330078,680.421630859375,-20.051956176757812,20.265308380126953,134.69386291503906
frame_002921.png,525.28173828125,192.9234619140625,680.6138916015625,-20.017017364501953,20.28759765625,134.83096313476562
frame_002922.png,525.589111328125,192.9879913330078,680.75830078125,-19.979228973388672,20.30495834350586,134.9808807373047
frame_002923.png,525.8936767578125,193.05325317382812,680.8564453125,-19.94230842590332,20.318389892578125,135.151123046875
frame_002924.png,526.1925659179688,193.12954711914062,680.92431640625,-19.907020568847656,20.329439163208008,135.3247528076172
frame_002925.png,526.499267578125,193.210205078125,680.9807739257812,-19.86663818359375,20.349409103393555,135.50169372558594
frame_002926.png,526.8060302734375,193.29100036621094,681.0493774414062,-19.816469192504883,20.36689567565918,135.65069580078125
frame_002927.png,527.0845947265625,193.37440490722656,681.15087890625,-19.774311065673828,20.377431869506836,135.76712036132812
frame_002928.png,527.312255859375,193.4732666015625,681.2789916992188,-19.750761032104492,20.38356590270996,135.8673858642578
frame_002929.png,527.5616455078125,193.56710815429688,681.3873901367188,-19.746807098388672,20.398221969604492,135.98594665527344
frame_002930.png,527.845947265625,193.65869140625,681.42724609375,-19.716739654541016,20.40610694885254,136.09197998046875
frame_002931.png,528.0960693359375,193.7362823486328,681.5048828125,-19.731569290161133,20.42728042602539,136.21958923339844
frame_002932.png,528.3523559570312,193.83023071289062,681.6027221679688,-19.730636596679688,20.43758201599121,136.3390350341797
frame_002933.png,528.5574340820312,193.92420959472656,681.7449340820312,-19.734487533569336,20.44655418395996,136.43373107910156
frame_002934.png,528.7260131835938,194.00791931152344,681.9295654296875,-19.72255516052246,20.443750381469727,136.54905700683594
frame_002935.png,528.8773803710938,194.0886993408203,682.147705078125,-19.70232391357422,20.433300018310547,136.65626525878906
frame_002936.png,529.0198974609375,194.16062927246094,682.384033203125,-19.674238204956055,20.419017791748047,136.75900268554688
frame_002937.png,529.1449584960938,194.2280731201172,682.6250610351562,-19.647796630859375,20.39670753479004,136.85922241210938
frame_002938.png,529.2528076171875,194.3024139404297,682.8811645507812,-19.62787437438965,20.3707218170166,136.96975708007812
frame_002939.png,529.38671875,194.3742218017578,683.11376953125,-19.581701278686523,20.355804443359375,137.1044464111328
frame_002940.png,529.5313720703125,194.44044494628906,683.3353881835938,-19.540122985839844,20.357135772705078,137.25418090820312
frame_002941.png,529.7078857421875,194.5234375,683.528076171875,-19.53213882446289,20.35772132873535,137.37918090820312
frame_002942.png,529.8958740234375,194.6214141845703,683.707275390625,-19.531038284301758,20.35371971130371,137.49734497070312
frame_002943.png,530.1016235351562,194.73146057128906,683.86572265625,-19.531049728393555,20.3509578704834,137.59664916992188
frame_002944.png,530.2927856445312,194.84104919433594,684.03515625,-19.51640510559082,20.35666847229004,137.69708251953125
frame_002945.png,530.4710083007812,194.94947814941406,684.2080688476562,-19.475658416748047,20.3603515625,137.80447387695312
frame_002946.png,530.6547241210938,195.0576171875,684.3787231445312,-19.42372703552246,20.364084243774414,137.88241577148438
frame_002947.png,530.87353515625,195.161865234375,684.5335693359375,-19.369720458984375,20.364599227905273,137.97007751464844
frame_002948.png,531.0974731445312,195.2646484375,684.6844482421875,-19.31867790222168,20.364513397216797,138.07923889160156
frame_002949.png,531.3170776367188,195.35586547851562,684.8359375,-19.272193908691406,20.36636734008789,138.20126342773438
frame_002950.png,531.5165405273438,195.45611572265625,684.9869995117188,-19.234342575073242,20.372005462646484,138.32838439941406
frame_002951.png,531.7211303710938,195.56094360351562,685.1132202148438,-19.196372985839844,20.3670654296875,138.4508514404297
frame_002952.png,531.9588623046875,195.6691436767578,685.1969604492188,-19.15360450744629,20.354772567749023,138.56344604492188
frame_002953.png,532.2352294921875,195.76751708984375,685.2598876953125,-19.120058059692383,20.349878311157227,138.6946563720703
frame_002954.png,532.5423583984375,195.86483764648438,685.2824096679688,-19.092676162719727,20.348995208740234,138.83924865722656
frame_002955.png,532.876953125,195.95272827148438,685.2813110351562,-19.082429885864258,20.349369049072266,139.00953674316406
frame_002956.png,533.2069091796875,196.03631591796875,685.314208984375,-19.076576232910156,20.340822219848633,139.17652893066406
frame_002957.png,533.5415649414062,196.11463928222656,685.3470458984375,-19.05475616455078,20.333574295043945,139.3391571044922
frame_002958.png,533.8614501953125,196.18984985351562,685.3591918945312,-19.00534439086914,20.34813117980957,139.4635009765625
frame_002959.png,534.184814453125,196.26007080078125,685.3471069335938,-18.939916610717773,20.375566482543945,139.56854248046875
frame_002960.png,534.5072631835938,196.33035278320312,685.319091796875,-18.87314796447754,20.4012393951416,139.66603088378906
frame_002961.png,534.8140869140625,196.39552307128906,685.2772216796875,-18.81158447265625,20.413908004760742,139.75274658203125
frame_002962.png,535.1513671875,196.4590301513672,685.2427978515625,-18.761823654174805,20.42361831665039,139.83538818359375
frame_002963.png,535.5079956054688,196.5324249267578,685.2217407226562,-18.732091903686523,20.419490814208984,139.91697692871094
frame_002964.png,535.8432006835938,196.6042022705078,685.25830078125,-18.705400466918945,20.39781951904297,140.00775146484375
frame_002965.png,536.1803588867188,196.6943817138672,685.3501586914062,-18.67742156982422,20.375463485717773,140.1143341064453
frame_002966.png,536.5167236328125,196.797607421875,685.4722900390625,-18.6613712310791,20.35663604736328,140.22998046875
frame_002967.png,536.8590087890625,196.9055633544922,685.602783203125,-18.64584732055664,20.34786033630371,140.34153747558594
frame_002968.png,537.198486328125,197.021728515625,685.739501953125,-18.626340866088867,20.345687866210938,140.4301300048828
frame_002969.png,537.5435791015625,197.13978576660156,685.87939453125,-18.599050521850586,20.345170974731445,140.52679443359375
frame_002970.png,537.8882446289062,197.2548828125,686.04248046875,-18.571582794189453,20.34039306640625,140.63629150390625
frame_002971.png,538.2371215820312,197.3692169189453,686.2094116210938,-18.549453735351562,20.329301834106445,140.75088500976562
frame_002972.png,538.5880737304688,197.4850616455078,686.366455078125,-18.527570724487305,20.312374114990234,140.85520935058594
frame_002973.png,538.9385986328125,197.60118103027344,686.5121459960938,-18.502582550048828,20.29144859313965,140.9539337158203
frame_002974.png,539.2875366210938,197.71893310546875,686.6474609375,-18.477407455444336,20.268198013305664,141.04959106445312
frame_002975.png,539.6370849609375,197.836669921875,686.7791137695312,-18.447908401489258,20.242063522338867,141.14845275878906
frame_002976.png,539.9892578125,197.95059204101562,686.907470703125,-18.411958694458008,20.212766647338867,141.25384521484375
frame_002977.png,540.3468627929688,198.06405639648438,687.0370483398438,-18.374008178710938,20.185752868652344,141.36322021484375
frame_002978.png,540.7081909179688,198.18145751953125,687.1680297851562,-18.345382690429688,20.163822174072266,141.46812438964844
frame_002979.png,541.0696411132812,198.309326171875,687.3002319335938,-18.330997467041016,20.147327423095703,141.56532287597656
frame_002980.png,541.4431762695312,198.4470672607422,687.4417724609375,-18.311466217041016,20.13296890258789,141.65493774414062
frame_002981.png,541.8209838867188,198.58189392089844,687.575927734375,-18.27106475830078,20.1107177734375,141.7528533935547
frame_002982.png,542.1932373046875,198.71253967285156,687.6915893554688,-18.225587844848633,20.088239669799805,141.8657989501953
frame_002983.png,542.5518188476562,198.84182739257812,687.8085327148438,-18.187660217285156,20.06608009338379,141.98153686523438
frame_002984.png,542.8948974609375,198.97303771972656,687.9364013671875,-18.159252166748047,20.045608520507812,142.09832763671875
frame_002985.png,543.2401733398438,199.1083526611328,688.0714721679688,-18.137351989746094,20.028640747070312,142.2144775390625
frame_002986.png,543.59912109375,199.2388916015625,688.2100219726562,-18.12477684020996,20.020124435424805,142.3326416015625
frame_002987.png,543.956298828125,199.35873413085938,688.3435668945312,-18.092578887939453,20.026716232299805,142.43991088867188
frame_002988.png,544.2818603515625,199.45677185058594,688.492919921875,-18.0593204498291,20.0308780670166,142.57530212402344
frame_002989.png,544.589111328125,199.5534210205078,688.6541748046875,-18.039024353027344,20.019515991210938,142.69879150390625
frame_002990.png,544.8758544921875,199.63970947265625,688.8075561523438,-18.054073333740234,20.00235939025879,142.80995178222656
frame_002991.png,545.1557006835938,199.73306274414062,688.9727172851562,-18.09499740600586,19.975513458251953,142.93084716796875
frame_002992.png,545.4260864257812,199.8310546875,689.1520385742188,-18.143163681030273,19.938880920410156,143.06881713867188
frame_002993.png,545.6740112304688,199.94741821289062,689.3994140625,-18.174121856689453,19.91117286682129,143.21173095703125
frame_002994.png,545.935302734375,200.05982971191406,689.649169921875,-18.208223342895508,19.894529342651367,143.34600830078125
frame_002995.png,546.16845703125,200.1743927001953,689.8753662109375,-18.247602462768555,19.870088577270508,143.45993041992188
frame_002996.png,546.4317016601562,200.28515625,690.0282592773438,-18.26289176940918,19.8402042388916,143.5603485107422
frame_002997.png,546.7000732421875,200.3903350830078,690.146484375,-18.286327362060547,19.80709457397461,143.65211486816406
frame_002998.png,546.9884643554688,200.49261474609375,690.2425537109375,-18.304141998291016,19.773876190185547,143.73321533203125
frame_002999.png,547.3040771484375,200.59596252441406,690.3217163085938,-18.310771942138672,19.749391555786133,143.80108642578125
frame_003000.png,547.6531982421875,200.6960906982422,690.4118041992188,-18.316051483154297,19.734413146972656,143.86984252929688
frame_003001.png,548.020751953125,200.79315185546875,690.5303344726562,-18.329641342163086,19.726524353027344,143.9470672607422
frame_003002.png,548.3990478515625,200.88397216796875,690.662841796875,-18.362966537475586,19.723751068115234,144.02244567871094
frame_003003.png,548.7589111328125,200.9728546142578,690.7877807617188,-18.400897979736328,19.704740524291992,144.09803771972656
frame_003004.png,549.1243896484375,201.06207275390625,690.910888671875,-18.418701171875,19.67291259765625,144.18382263183594
frame_003005.png,549.4617919921875,201.16082763671875,691.0626831054688,-18.457021713256836,19.636388778686523,144.26458740234375
frame_003006.png,549.814697265625,201.2650146484375,691.2061157226562,-18.50382423400879,19.607324600219727,144.33103942871094
frame_003007.png,550.1715698242188,201.3702850341797,691.3187255859375,-18.536537170410156,19.585187911987305,144.37184143066406
frame_003008.png,550.5084838867188,201.4707489013672,691.4423828125,-18.569242477416992,19.56627082824707,144.40574645996094
frame_003009.png,550.8348388671875,201.5653076171875,691.5701904296875,-18.61394691467285,19.548181533813477,144.42723083496094
frame_003010.png,551.121826171875,201.66282653808594,691.7189331054688,-18.67967987060547,19.520902633666992,144.43228149414062
frame_003011.png,551.3707275390625,201.7722930908203,691.885009765625,-18.7523250579834,19.493501663208008,144.4127197265625
frame_003012.png,551.5895385742188,201.88719177246094,692.068603515625,-18.812244415283203,19.47005844116211,144.3875274658203
frame_003013.png,551.7959594726562,202.0093536376953,692.2528686523438,-18.863122940063477,19.44961166381836,144.37095642089844
frame_003014.png,551.9926147460938,202.13864135742188,692.4285888671875,-18.908912658691406,19.43268394470215,144.35147094726562
frame_003015.png,552.1939086914062,202.26815795898438,692.598876953125,-18.948537826538086,19.418331146240234,144.32986450195312
frame_003016.png,552.3975219726562,202.3981170654297,692.7703857421875,-18.98619842529297,19.40300750732422,144.3070068359375
frame_003017.png,552.5985717773438,202.52349853515625,692.9415283203125,-19.018537521362305,19.386728286743164,144.2860870361328
frame_003018.png,552.7719116210938,202.64913940429688,693.1314697265625,-19.06110382080078,19.368324279785156,144.27130126953125
frame_003019.png,552.9265747070312,202.7710418701172,693.3471069335938,-19.11107063293457,19.351890563964844,144.25831604003906
frame_003020.png,553.06201171875,202.88507080078125,693.5857543945312,-19.16697883605957,19.336912155151367,144.24734497070312
frame_003021.png,553.185546875,202.98672485351562,693.8317260742188,-19.22661781311035,19.32421112060547,144.2389373779297
frame_003022.png,553.3040161132812,203.08462524414062,694.09521484375,-19.288455963134766,19.314960479736328,144.2489776611328
frame_003023.png,553.4402465820312,203.17245483398438,694.3775024414062,-19.35234832763672,19.310955047607422,144.28744506835938
frame_003024.png,553.6107177734375,203.2630615234375,694.66259765625,-19.424983978271484,19.3122615814209,144.3417510986328
frame_003025.png,553.854248046875,203.3470916748047,694.9075317382812,-19.490520477294922,19.32520866394043,144.4225616455078
frame_003026.png,554.1296997070312,203.41993713378906,695.1085815429688,-19.5437068939209,19.340473175048828,144.54637145996094
frame_003027.png,554.37890625,203.46018981933594,695.3387451171875,-19.608095169067383,19.35357093811035,144.72621154785156
frame_003028.png,554.6302490234375,203.484130859375,695.5174560546875,-19.673065185546875,19.367145538330078,144.900146484375
frame_003029.png,554.85986328125,203.51072692871094,695.6668701171875,-19.731416702270508,19.376747131347656,145.0428009033203
frame_003030.png,555.0789794921875,203.52757263183594,695.807373046875,-19.790124893188477,19.390361785888672,145.13580322265625
frame_003031.png,555.3048095703125,203.56527709960938,695.9564208984375,-19.84443473815918,19.406108856201172,145.2020721435547
frame_003032.png,555.4530029296875,203.5896453857422,696.1221313476562,-19.908369064331055,19.402812957763672,145.30567932128906
frame_003033.png,555.5550537109375,203.6202850341797,696.3103637695312,-19.988449096679688,19.400909423828125,145.42210388183594
frame_003034.png,555.59814453125,203.6460418701172,696.49267578125,-20.0742130279541,19.39889144897461,145.523681640625
frame_003035.png,555.5571899414062,203.6496124267578,696.67529296875,-20.150129318237305,19.403230667114258,145.59779357910156
frame_003036.png,555.4699096679688,203.64126586914062,696.8435668945312,-20.221033096313477,19.414697647094727,145.65283203125
frame_003037.png,555.3622436523438,203.6411895751953,697.0335693359375,-20.276092529296875,19.42871856689453,145.6946258544922
frame_003038.png,555.2230834960938,203.64739990234375,697.2938842773438,-20.355812072753906,19.457275390625,145.71958923339844
frame_003039.png,555.10107421875,203.67613220214844,697.5330200195312,-20.427452087402344,19.489582061767578,145.74269104003906
frame_003040.png,555.0623779296875,203.7483367919922,697.7547607421875,-20.503582000732422,19.522180557250977,145.80259704589844
frame_003041.png,555.0640258789062,203.84400939941406,697.9793701171875,-20.59847068786621,19.544729232788086,145.896240234375
frame_003042.png,555.065673828125,203.94667053222656,698.1845703125,-20.71310043334961,19.55329132080078,145.98255920410156
frame_003043.png,555.0567016601562,204.05792236328125,698.37451171875,-20.818462371826172,19.55430793762207,146.05535888671875
frame_003044.png,555.0275268554688,204.14813232421875,698.5689086914062,-20.906797409057617,19.553943634033203,146.11534118652344
frame_003045.png,555.0068969726562,204.23397827148438,698.7420043945312,-20.9669246673584,19.555177688598633,146.1575927734375
frame_003046.png,554.9993896484375,204.32423400878906,698.9053344726562,-20.997350692749023,19.556617736816406,146.19271850585938
frame_003047.png,554.9984130859375,204.4159393310547,699.0479125976562,-21.019418716430664,19.55436897277832,146.22508239746094
frame_003048.png,555.0169067382812,204.50233459472656,699.1807250976562,-21.030550003051758,19.5433349609375,146.25631713867188
frame_003049.png,555.0580444335938,204.60206604003906,699.3197631835938,-21.01532554626465,19.520605087280273,146.28480529785156
frame_003050.png,555.1231689453125,204.70620727539062,699.4595336914062,-20.991641998291016,19.4947509765625,146.3064422607422
frame_003051.png,555.21435546875,204.8131866455078,699.603759765625,-20.959209442138672,19.464866638183594,146.32818603515625
frame_003052.png,555.3071899414062,204.9090118408203,699.7711791992188,-20.920520782470703,19.436635971069336,146.36300659179688
frame_003053.png,555.3977661132812,204.9873504638672,699.959716796875,-20.887998580932617,19.41230010986328,146.41146850585938
frame_003054.png,555.4716186523438,205.05491638183594,700.1813354492188,-20.873565673828125,19.40091323852539,146.4604949951172
frame_003055.png,555.5296020507812,205.13433837890625,700.4227294921875,-20.86795425415039,19.401351928710938,146.50198364257812
frame_003056.png,555.584716796875,205.22776794433594,700.6737060546875,-20.85861587524414,19.40732192993164,146.53871154785156
frame_003057.png,555.6529541015625,205.33224487304688,700.943359375,-20.850078582763672,19.418224334716797,146.57427978515625
frame_003058.png,555.7437133789062,205.44680786132812,701.2313232421875,-20.854217529296875,19.430509567260742,146.5984649658203
frame_003059.png,555.8486938476562,205.56117248535156,701.5270385742188,-20.87424087524414,19.44193458557129,146.6126251220703
frame_003060.png,555.9786376953125,205.67880249023438,701.8175659179688,-20.888038635253906,19.454261779785156,146.62429809570312
frame_003061.png,556.1262817382812,205.7942657470703,702.1061401367188,-20.901458740234375,19.465234756469727,146.63803100585938
frame_003062.png,556.2839965820312,205.9043731689453,702.3671264648438,-20.90854835510254,19.467498779296875,146.65127563476562
frame_003063.png,556.4535522460938,206.01031494140625,702.6026611328125,-20.897518157958984,19.4661865234375,146.67210388183594
frame_003064.png,556.6305541992188,206.1100311279297,702.8182983398438,-20.880523681640625,19.458362579345703,146.70309448242188
frame_003065.png,556.8001708984375,206.20021057128906,703.029541015625,-20.8583927154541,19.448589324951172,146.7474365234375
frame_003066.png,556.9747314453125,206.277587890625,703.2064208984375,-20.823585510253906,19.443572998046875,146.80606079101562
frame_003067.png,557.1663208007812,206.34548950195312,703.3310546875,-20.785015106201172,19.44105339050293,146.87550354003906
frame_003068.png,557.3837280273438,206.4024658203125,703.4052734375,-20.756446838378906,19.438005447387695,146.96133422851562
frame_003069.png,557.6006469726562,206.44247436523438,703.4593505859375,-20.741891860961914,19.43577003479004,147.0675811767578
frame_003070.png,557.8164672851562,206.47915649414062,703.5078125,-20.731216430664062,19.439870834350586,147.1701202392578
frame_003071.png,558.02978515625,206.51609802246094,703.5720825195312,-20.725276947021484,19.451242446899414,147.28211975097656
frame_003072.png,558.2490844726562,206.5496368408203,703.6629028320312,-20.73284912109375,19.476795196533203,147.3939971923828
frame_003073.png,558.4697265625,206.58432006835938,703.775634765625,-20.742095947265625,19.511079788208008,147.4937744140625
frame_003074.png,558.69873046875,206.6220245361328,703.903076171875,-20.74928855895996,19.545787811279297,147.58018493652344
frame_003075.png,558.94287109375,206.6614227294922,704.0496826171875,-20.749048233032227,19.572330474853516,147.65182495117188
frame_003076.png,559.1890869140625,206.6983642578125,704.1969604492188,-20.74798011779785,19.592975616455078,147.72186279296875
frame_003077.png,559.4336547851562,206.73814392089844,704.358642578125,-20.757421493530273,19.610523223876953,147.7971954345703
frame_003078.png,559.6649780273438,206.78240966796875,704.5352783203125,-20.784503936767578,19.625333786010742,147.88009643554688
frame_003079.png,559.8820190429688,206.83229064941406,704.7261352539062,-20.828983306884766,19.639863967895508,147.96446228027344
frame_003080.png,560.07861328125,206.89268493652344,704.9375610351562,-20.893102645874023,19.653928756713867,148.03988647460938
frame_003081.png,560.2571411132812,206.96319580078125,705.1718139648438,-20.972902297973633,19.671245574951172,148.10333251953125
frame_003082.png,560.4298095703125,207.0398406982422,705.4240112304688,-21.06165313720703,19.691707611083984,148.16456604003906
frame_003083.png,560.6050415039062,207.12095642089844,705.681396484375,-21.149099349975586,19.71255874633789,148.229736328125
frame_003084.png,560.7823486328125,207.20272827148438,705.9267578125,-21.224502563476562,19.73258399963379,148.2952117919922
frame_003085.png,560.974365234375,207.28524780273438,706.14501953125,-21.2758731842041,19.74705696105957,148.36415100097656
frame_003086.png,561.1900024414062,207.36676025390625,706.335205078125,-21.30519676208496,19.759340286254883,148.4276123046875
frame_003087.png,561.427001953125,207.4425811767578,706.4954223632812,-21.31561851501465,19.769407272338867,148.47996520996094
frame_003088.png,561.673828125,207.50950622558594,706.6331176757812,-21.314231872558594,19.77562713623047,148.52984619140625
frame_003089.png,561.93701171875,207.5723876953125,706.7498168945312,-21.306400299072266,19.780010223388672,148.5779266357422
frame_003090.png,562.2159423828125,207.62289428710938,706.8306884765625,-21.292217254638672,19.782438278198242,148.6375274658203
frame_003091.png,562.5068969726562,207.6649169921875,706.8685302734375,-21.27162742614746,19.779296875,148.7136993408203
frame_003092.png,562.7988891601562,207.70233154296875,706.8728637695312,-21.24481964111328,19.76836585998535,148.80101013183594
frame_003093.png,563.0841064453125,207.74110412597656,706.850830078125,-21.21769142150879,19.754613876342773,148.8943634033203
frame_003094.png,563.359375,207.7813720703125,706.815673828125,-21.19511604309082,19.737754821777344,148.99620056152344
frame_003095.png,563.615234375,207.82583618164062,706.7889404296875,-21.17814826965332,19.72454071044922,149.11090087890625
frame_003096.png,563.8457641601562,207.87478637695312,706.7723999023438,-21.166980743408203,19.717039108276367,149.23849487304688
frame_003097.png,564.0459594726562,207.9365692138672,706.7872314453125,-21.16124725341797,19.71465301513672,149.3768768310547
frame_003098.png,564.2161865234375,208.00704956054688,706.8434448242188,-21.16046142578125,19.719850540161133,149.5184326171875
frame_003099.png,564.3739624023438,208.0775909423828,706.9194946289062,-21.154247283935547,19.731748580932617,149.6527862548828
frame_003100.png,564.5396728515625,208.14584350585938,707.0115966796875,-21.149538040161133,19.749807357788086,149.77175903320312
frame_003101.png,564.725830078125,208.2210693359375,707.1102294921875,-21.142629623413086,19.77017593383789,149.8727264404297
frame_003102.png,564.937744140625,208.30068969726562,707.2025756835938,-21.13510513305664,19.788623809814453,149.9591522216797
frame_003103.png,565.1730346679688,208.37722778320312,707.2763061523438,-21.134191513061523,19.80695152282715,150.0487518310547
frame_003104.png,565.4219360351562,208.4534149169922,707.3282470703125,-21.136629104614258,19.822053909301758,150.14938354492188
frame_003105.png,565.6803588867188,208.53750610351562,707.3665771484375,-21.144742965698242,19.834678649902344,150.24908447265625
frame_003106.png,565.9430541992188,208.62648010253906,707.3866577148438,-21.158655166625977,19.842042922973633,150.3516082763672
frame_003107.png,566.2153930664062,208.71722412109375,707.3821411132812,-21.171443939208984,19.85002326965332,150.4532012939453
frame_003108.png,566.4915161132812,208.8123779296875,707.3721923828125,-21.178970336914062,19.860872268676758,150.5527801513672
frame_003109.png,566.7666625976562,208.9060516357422,707.3616333007812,-21.180862426757812,19.872350692749023,150.65455627441406
frame_003110.png,567.070068359375,208.99844360351562,707.3347778320312,-21.174861907958984,19.881175994873047,150.75022888183594
frame_003111.png,567.3980712890625,209.0798797607422,707.3046264648438,-21.176532745361328,19.887407302856445,150.83799743652344
frame_003112.png,567.7105712890625,209.15069580078125,707.3002319335938,-21.205385208129883,19.886180877685547,150.9037628173828
frame_003113.png,567.9805297851562,209.2082061767578,707.2981567382812,-21.24778938293457,19.87810516357422,150.96343994140625
frame_003114.png,568.2164306640625,209.25054931640625,707.280517578125,-21.3155517578125,19.86811637878418,151.02394104003906
frame_003115.png,568.4241333007812,209.29348754882812,707.2733764648438,-21.396133422851562,19.869958877563477,151.10238647460938
frame_003116.png,568.610595703125,209.3325958251953,707.2835693359375,-21.475688934326172,19.883825302124023,151.187744140625
frame_003117.png,568.8070068359375,209.37741088867188,707.2951049804688,-21.54120635986328,19.908594131469727,151.26707458496094
frame_003118.png,569.02099609375,209.4441680908203,707.3280639648438,-21.588550567626953,19.939722061157227,151.35340881347656
frame_003119.png,569.2279663085938,209.5414581298828,707.3870849609375,-21.614612579345703,19.97735595703125,151.4474639892578
frame_003120.png,569.3975830078125,209.64991760253906,707.4933471679688,-21.619733810424805,20.018051147460938,151.55641174316406
frame_003121.png,569.5354614257812,209.76123046875,707.6056518554688,-21.60226821899414,20.056543350219727,151.65457153320312
frame_003122.png,569.6798706054688,209.86497497558594,707.6830444335938,-21.553983688354492,20.086711883544922,151.7291259765625
frame_003123.png,569.8056030273438,209.9561309814453,707.7103881835938,-21.472593307495117,20.116661071777344,151.78118896484375
frame_003124.png,569.9326171875,210.04469299316406,707.7684326171875,-21.4316349029541,20.136913299560547,151.8635711669922
frame_003125.png,570.0298461914062,210.1256866455078,707.8536987304688,-21.40814781188965,20.14747428894043,151.95980834960938
frame_003126.png,570.1026611328125,210.20205688476562,707.9693603515625,-21.37709617614746,20.15561866760254,152.04470825195312
frame_003127.png,570.1357421875,210.25791931152344,708.139404296875,-21.350078582763672,20.158031463623047,152.13392639160156
frame_003128.png,570.1375122070312,210.29495239257812,708.3720092773438,-21.330862045288086,20.15792465209961,152.225341796875
frame_003129.png,570.1278686523438,210.32247924804688,708.6572875976562,-21.329856872558594,20.157548904418945,152.30198669433594
frame_003130.png,570.1118774414062,210.35186767578125,708.9852294921875,-21.34483528137207,20.15772819519043,152.35157775878906
frame_003131.png,570.082275390625,210.38485717773438,709.3455810546875,-21.36618995666504,20.158992767333984,152.38243103027344
frame_003132.png,570.03955078125,210.42393493652344,709.7205200195312,-21.387428283691406,20.161544799804688,152.4035186767578
frame_003133.png,569.9816284179688,210.4608917236328,710.092041015625,-21.398950576782227,20.16624641418457,152.42518615722656
frame_003134.png,569.9015502929688,210.49337768554688,710.453857421875,-21.396808624267578,20.173736572265625,152.4464569091797
frame_003135.png,569.8206176757812,210.5152130126953,710.81103515625,-21.386775970458984,20.183385848999023,152.4622802734375
frame_003136.png,569.7456665039062,210.5303955078125,711.1619262695312,-21.375,20.195777893066406,152.4756622314453
frame_003137.png,569.6781616210938,210.53977966308594,711.5006103515625,-21.38433837890625,20.211994171142578,152.50279235839844
frame_003138.png,569.6304321289062,210.56024169921875,711.79736328125,-21.419940948486328,20.223806381225586,152.54605102539062
frame_003139.png,569.6033325195312,210.59739685058594,712.0535278320312,-21.472965240478516,20.23239517211914,152.6042938232422
frame_003140.png,569.598876953125,210.64651489257812,712.280517578125,-21.527128219604492,20.24059295654297,152.66697692871094
frame_003141.png,569.6077880859375,210.69972229003906,712.482177734375,-21.577564239501953,20.251148223876953,152.7309112548828
frame_003142.png,569.6231079101562,210.74786376953125,712.6741943359375,-21.625059127807617,20.2651309967041,152.79019165039062
frame_003143.png,569.6349487304688,210.7790985107422,712.874755859375,-21.671415328979492,20.286788940429688,152.8494873046875
frame_003144.png,569.6443481445312,210.78848266601562,713.1109619140625,-21.711444854736328,20.32301902770996,152.92062377929688
frame_003145.png,569.630859375,210.784423828125,713.3958129882812,-21.747879028320312,20.36863899230957,153.00051879882812
frame_003146.png,569.5980834960938,210.7992401123047,713.7052612304688,-21.784502029418945,20.40899085998535,153.0939178466797
frame_003147.png,569.603515625,210.8254852294922,714.020263671875,-21.805986404418945,20.43496322631836,153.16477966308594
frame_003148.png,569.61376953125,210.8681640625,714.3700561523438,-21.8172607421875,20.45359992980957,153.21365356445312
frame_003149.png,569.5927734375,210.8824462890625,714.7664794921875,-21.85548210144043,20.47488021850586,153.27529907226562
frame_003150.png,569.58251953125,210.8912353515625,715.178955078125,-21.894622802734375,20.50490951538086,153.3359375
frame_003151.png,569.6055908203125,210.9447021484375,715.578369140625,-21.902751922607422,20.525625228881836,153.3882598876953
frame_003152.png,569.6561889648438,211.02159118652344,715.9443969726562,-21.943817138671875,20.527143478393555,153.4328155517578
frame_003153.png,569.775146484375,211.1066436767578,716.2640380859375,-21.976055145263672,20.522581100463867,153.547607421875
frame_003154.png,569.9275512695312,211.21238708496094,716.5521240234375,-21.98672866821289,20.516847610473633,153.65806579589844
frame_003155.png,570.1063842773438,211.33184814453125,716.8226318359375,-21.98388671875,20.509397506713867,153.74746704101562
frame_003156.png,570.3059692382812,211.4544219970703,717.0660400390625,-21.9917049407959,20.505584716796875,153.7774200439453
frame_003157.png,570.5192260742188,211.56948852539062,717.2748413085938,-21.99455451965332,20.502058029174805,153.77554321289062
frame_003158.png,570.7191772460938,211.67379760742188,717.469970703125,-21.991497039794922,20.492111206054688,153.76162719726562
frame_003159.png,570.8893432617188,211.771240234375,717.6661376953125,-21.99029541015625,20.475675582885742,153.73904418945312
frame_003160.png,571.045166015625,211.86346435546875,717.85107421875,-21.9837646484375,20.451480865478516,153.7261505126953
frame_003161.png,571.2030029296875,211.95663452148438,718.0307006835938,-21.970304489135742,20.42390251159668,153.72914123535156
frame_003162.png,571.3448486328125,212.05873107910156,718.2547607421875,-21.974212646484375,20.401443481445312,153.72036743164062
frame_003163.png,571.5043334960938,212.17242431640625,718.51123046875,-21.992151260375977,20.39658546447754,153.7351837158203
frame_003164.png,571.65673828125,212.285400390625,718.7689208984375,-22.031234741210938,20.400529861450195,153.7688446044922
frame_003165.png,571.794677734375,212.39144897460938,719.0372314453125,-22.103416442871094,20.416841506958008,153.81251525878906
frame_003166.png,571.9332885742188,212.48764038085938,719.3015747070312,-22.16570472717285,20.437145233154297,153.87379455566406
frame_003167.png,572.0875854492188,212.57608032226562,719.551513671875,-22.215944290161133,20.45710563659668,153.95046997070312
frame_003168.png,572.2239990234375,212.6443634033203,719.806884765625,-22.275033950805664,20.48567008972168,154.0371551513672
frame_003169.png,572.3291625976562,212.6912078857422,720.0601196289062,-22.340740203857422,20.51690101623535,154.1212921142578
frame_003170.png,572.3931884765625,212.72218322753906,720.3053588867188,-22.40105628967285,20.547136306762695,154.19186401367188
frame_003171.png,572.4353637695312,212.75218200683594,720.531005859375,-22.45781707763672,20.576269149780273,154.25599670410156
frame_003172.png,572.4551391601562,212.78070068359375,720.74658203125,-22.511972427368164,20.602426528930664,154.3101348876953
frame_003173.png,572.4818725585938,212.814208984375,720.9490356445312,-22.559648513793945,20.62177085876465,154.36370849609375
frame_003174.png,572.5423583984375,212.8737030029297,721.145751953125,-22.603567123413086,20.635282516479492,154.40113830566406
frame_003175.png,572.6384887695312,212.9593963623047,721.3353881835938,-22.647846221923828,20.643701553344727,154.4219207763672
frame_003176.png,572.7694702148438,213.0606689453125,721.525390625,-22.68732452392578,20.64975357055664,154.4307098388672
frame_003177.png,572.9494018554688,213.17153930664062,721.7024536132812,-22.69915199279785,20.65180778503418,154.46470642089844
frame_003178.png,573.1629638671875,213.28614807128906,721.8670654296875,-22.689638137817383,20.655193328857422,154.5265655517578
frame_003179.png,573.3963012695312,213.40281677246094,722.0283203125,-22.658071517944336,20.659852981567383,154.59124755859375
frame_003180.png,573.6361694335938,213.52044677734375,722.1909790039062,-22.616132736206055,20.660282135009766,154.64382934570312
frame_003181.png,573.8673706054688,213.631591796875,722.3573608398438,-22.58318328857422,20.658227920532227,154.69239807128906
frame_003182.png,574.0986328125,213.72926330566406,722.5634155273438,-22.55452537536621,20.654239654541016,154.7208709716797
frame_003183.png,574.3389282226562,213.81671142578125,722.8071899414062,-22.52189826965332,20.642358779907227,154.72412109375
frame_003184.png,574.5830688476562,213.8955535888672,723.0699462890625,-22.4981746673584,20.624597549438477,154.71018981933594
frame_003185.png,574.8241577148438,213.9673309326172,723.343017578125,-22.4792537689209,20.60686683654785,154.6897430419922
frame_003186.png,575.0599975585938,214.0318145751953,723.6139526367188,-22.45770263671875,20.589126586914062,154.67660522460938
frame_003187.png,575.2908935546875,214.0919952392578,723.8764038085938,-22.42591667175293,20.5717716217041,154.67723083496094
frame_003188.png,575.5170288085938,214.15570068359375,724.1365356445312,-22.396577835083008,20.55282211303711,154.68753051757812
frame_003189.png,575.74169921875,214.22732543945312,724.3924560546875,-22.384267807006836,20.535295486450195,154.70008850097656
frame_003190.png,575.9811401367188,214.30340576171875,724.6621704101562,-22.384845733642578,20.530969619750977,154.71408081054688
frame_003191.png,576.2268676757812,214.38662719726562,724.9613037109375,-22.391225814819336,20.53424072265625,154.72959899902344
frame_003192.png,576.4634399414062,214.4716339111328,725.308837890625,-22.418031692504883,20.544586181640625,154.73822021484375
frame_003193.png,576.6913452148438,214.54656982421875,725.6788330078125,-22.45753288269043,20.557573318481445,154.7372283935547
frame_003194.png,576.9036254882812,214.60678100585938,726.0580444335938,-22.501811981201172,20.573598861694336,154.71913146972656
frame_003195.png,577.0693359375,214.64797973632812,726.4544677734375,-22.53510093688965,20.59449005126953,154.67559814453125
frame_003196.png,577.2059326171875,214.67445373535156,726.8521118164062,-22.552717208862305,20.617815017700195,154.61376953125
frame_003197.png,577.3389282226562,214.68846130371094,727.2426147460938,-22.560279846191406,20.639144897460938,154.55413818359375
frame_003198.png,577.4971313476562,214.7030792236328,727.630615234375,-22.569278717041016,20.658140182495117,154.50584411621094
frame_003199.png,577.6844482421875,214.72314453125,727.99658203125,-22.58816909790039,20.676321029663086,154.4529571533203
frame_003200.png,577.883056640625,214.7469940185547,728.337158203125,-22.617618560791016,20.697040557861328,154.40623474121094
frame_003201.png,578.0833740234375,214.77536010742188,728.6560668945312,-22.650630950927734,20.723051071166992,154.3590087890625
frame_003202.png,578.2742309570312,214.80459594726562,728.9658813476562,-22.68939781188965,20.750207901000977,154.31304931640625
frame_003203.png,578.4459838867188,214.83938598632812,729.287109375,-22.73200035095215,20.777685165405273,154.25721740722656
frame_003204.png,578.59521484375,214.87338256835938,729.6265258789062,-22.766592025756836,20.800701141357422,154.19876098632812
frame_003205.png,578.7447509765625,214.91062927246094,729.966064453125,-22.79152488708496,20.819828033447266,154.14166259765625
frame_003206.png,578.9083862304688,214.96353149414062,730.3111572265625,-22.818166732788086,20.83561897277832,154.0733642578125
frame_003207.png,579.0836181640625,215.02488708496094,730.6595458984375,-22.85257911682129,20.849937438964844,153.9985809326172
frame_003208.png,579.2726440429688,215.09417724609375,730.9923706054688,-22.895761489868164,20.8675479888916,153.92054748535156
frame_003209.png,579.4671020507812,215.15599060058594,731.3043212890625,-22.945932388305664,20.894420623779297,153.85211181640625
frame_003210.png,579.6578979492188,215.20590209960938,731.6054077148438,-22.99762725830078,20.928543090820312,153.7996368408203
frame_003211.png,579.8425903320312,215.25326538085938,731.898681640625,-23.04595184326172,20.9658145904541,153.76205444335938
frame_003212.png,580.000244140625,215.2965545654297,732.1891479492188,-23.095388412475586,21.003215789794922,153.74481201171875
frame_003213.png,580.114501953125,215.34349060058594,732.5034790039062,-23.138351440429688,21.03463363647461,153.74755859375
frame_003214.png,580.2141723632812,215.3859100341797,732.8309326171875,-23.17168426513672,21.070026397705078,153.75445556640625
frame_003215.png,580.306396484375,215.4100799560547,733.1533203125,-23.213598251342773,21.115283966064453,153.7789306640625
frame_003216.png,580.3754272460938,215.4080810546875,733.4655151367188,-23.258649826049805,21.163118362426758,153.83367919921875
frame_003217.png,580.427490234375,215.39341735839844,733.7957763671875,-23.29754066467285,21.20501136779785,153.9136199951172
frame_003218.png,580.4617919921875,215.40086364746094,734.1535034179688,-23.3508358001709,21.2418270111084,153.97608947753906
frame_003219.png,580.4854125976562,215.4300994873047,734.5345458984375,-23.428905487060547,21.27223777770996,154.02490234375
frame_003220.png,580.49609375,215.47218322753906,734.9360961914062,-23.52629852294922,21.29743194580078,154.06105041503906
frame_003221.png,580.494140625,215.51864624023438,735.3502807617188,-23.636272430419922,21.322429656982422,154.08670043945312
frame_003222.png,580.47607421875,215.56626892089844,735.7738037109375,-23.754579544067383,21.347177505493164,154.09921264648438
frame_003223.png,580.4423828125,215.6092987060547,736.2021484375,-23.87205696105957,21.372926712036133,154.10414123535156
frame_003224.png,580.4028930664062,215.6465606689453,736.629638671875,-23.98915672302246,21.401784896850586,154.09902954101562
frame_003225.png,580.367431640625,215.67962646484375,737.054931640625,-24.103517532348633,21.43103790283203,154.0842742919922
frame_003226.png,580.3333740234375,215.70994567871094,737.4725341796875,-24.213134765625,21.458751678466797,154.0568389892578
frame_003227.png,580.3089599609375,215.73947143554688,737.8765869140625,-24.32048225402832,21.488794326782227,154.02484130859375
frame_003228.png,580.282958984375,215.76942443847656,738.270751953125,-24.42096710205078,21.522645950317383,153.9948272705078
frame_003229.png,580.2638549804688,215.79531860351562,738.6328735351562,-24.5091609954834,21.55145835876465,153.9755096435547
frame_003230.png,580.25341796875,215.81753540039062,738.9560546875,-24.584245681762695,21.56697654724121,153.97364807128906
frame_003231.png,580.255615234375,215.8443603515625,739.2427978515625,-24.642234802246094,21.575565338134766,154.0003662109375
frame_003232.png,580.2626342773438,215.8854217529297,739.5023193359375,-24.68927764892578,21.586599349975586,154.0498504638672
frame_003233.png,580.2705688476562,215.9323272705078,739.7575073242188,-24.73771858215332,21.606042861938477,154.11648559570312
frame_003234.png,580.2825317382812,215.97755432128906,740.0110473632812,-24.785139083862305,21.6328125,154.19435119628906
frame_003235.png,580.289306640625,216.01480102539062,740.2749633789062,-24.82805061340332,21.662614822387695,154.28321838378906
frame_003236.png,580.2943725585938,216.04409790039062,740.5656127929688,-24.860816955566406,21.694568634033203,154.3770751953125
frame_003237.png,580.291259765625,216.06314086914062,740.88134765625,-24.8778076171875,21.726730346679688,154.46888732910156
frame_003238.png,580.2700805664062,216.07333374023438,741.210693359375,-24.885953903198242,21.76120948791504,154.55242919921875
frame_003239.png,580.2304077148438,216.07696533203125,741.5404052734375,-24.891305923461914,21.794837951660156,154.6283721923828
frame_003240.png,580.1824951171875,216.07379150390625,741.8690795898438,-24.90453338623047,21.827478408813477,154.70753479003906
frame_003241.png,580.1382446289062,216.06431579589844,742.1873779296875,-24.923336029052734,21.85350227355957,154.79037475585938
frame_003242.png,580.0980224609375,216.052490234375,742.5114135742188,-24.944896697998047,21.875823974609375,154.87820434570312
frame_003243.png,580.0548706054688,216.05178833007812,742.8571166992188,-24.98581314086914,21.89715576171875,154.94557189941406
frame_003244.png,580.0170288085938,216.07359313964844,743.1943359375,-25.04594612121582,21.9155330657959,154.99974060058594
frame_003245.png,579.9852294921875,216.1129608154297,743.5220336914062,-25.122451782226562,21.93260955810547,155.05032348632812
frame_003246.png,579.9497680664062,216.1594696044922,743.8492431640625,-25.21256446838379,21.950050354003906,155.10110473632812
frame_003247.png,579.910888671875,216.20997619628906,744.190673828125,-25.31787109375,21.967994689941406,155.1494598388672
frame_003248.png,579.8703002929688,216.2618865966797,744.5476684570312,-25.432514190673828,21.98727035522461,155.1924285888672
frame_003249.png,579.8298950195312,216.31271362304688,744.9114379882812,-25.5487060546875,22.009254455566406,155.23301696777344
frame_003250.png,579.7898559570312,216.3591766357422,745.2781982421875,-25.66579818725586,22.034168243408203,155.27395629882812
frame_003251.png,579.7498168945312,216.39700317382812,745.64208984375,-25.783672332763672,22.059127807617188,155.30906677246094
frame_003252.png,579.7191162109375,216.42503356933594,745.9978637695312,-25.90009117126465,22.086322784423828,155.3362579345703
frame_003253.png,579.694091796875,216.44525146484375,746.3599243164062,-26.00701332092285,22.11465835571289,155.35426330566406
frame_003254.png,579.6708374023438,216.4578857421875,746.7293701171875,-26.11004066467285,22.140514373779297,155.3646240234375
frame_003255.png,579.6460571289062,216.46324157714844,747.095458984375,-26.205123901367188,22.16364288330078,155.37181091308594
frame_003256.png,579.6060180664062,216.46456909179688,747.4608154296875,-26.297225952148438,22.180282592773438,155.3792724609375
frame_003257.png,579.5551147460938,216.46766662597656,747.8147583007812,-26.386940002441406,22.18927001953125,155.40455627441406
frame_003258.png,579.5061645507812,216.47434997558594,748.1353149414062,-26.465576171875,22.193500518798828,155.4528350830078
frame_003259.png,579.4721069335938,216.48760986328125,748.4375,-26.538087844848633,22.19402313232422,155.52574157714844
frame_003260.png,579.4456176757812,216.50991821289062,748.7326049804688,-26.604341506958008,22.192523956298828,155.6114959716797
frame_003261.png,579.4256591796875,216.54379272460938,749.02685546875,-26.6682071685791,22.195823669433594,155.7072296142578
frame_003262.png,579.4177856445312,216.5888671875,749.3280029296875,-26.72578239440918,22.204816818237305,155.80789184570312
frame_003263.png,579.4179077148438,216.63055419921875,749.6420288085938,-26.775562286376953,22.22015953063965,155.9081268310547
frame_003264.png,579.4212646484375,216.66439819335938,749.962890625,-26.81275749206543,22.236820220947266,156.0074462890625
frame_003265.png,579.4343872070312,216.6923065185547,750.2943725585938,-26.838176727294922,22.25396156311035,156.10433959960938
frame_003266.png,579.4508056640625,216.71449279785156,750.605224609375,-26.85590934753418,22.267663955688477,156.1958465576172
frame_003267.png,579.4735107421875,216.7396697998047,750.8876953125,-26.870281219482422,22.278472900390625,156.27703857421875
frame_003268.png,579.5032348632812,216.76918029785156,751.1487426757812,-26.884952545166016,22.286474227905273,156.3545379638672
frame_003269.png,579.5439453125,216.80801391601562,751.3946533203125,-26.899845123291016,22.28928565979004,156.4337615966797
frame_003270.png,579.5874633789062,216.8568878173828,751.6328125,-26.919078826904297,22.28575325012207,156.50709533691406
frame_003271.png,579.6240234375,216.9162139892578,751.87451171875,-26.9488582611084,22.276506423950195,156.57077026367188
frame_003272.png,579.6441040039062,216.9806671142578,752.12646484375,-26.989892959594727,22.26323699951172,156.63186645507812
frame_003273.png,579.6438598632812,217.0496063232422,752.400634765625,-27.043277740478516,22.24713897705078,156.68663024902344
frame_003274.png,579.62744140625,217.1228790283203,752.6926879882812,-27.105466842651367,22.233394622802734,156.7379608154297
frame_003275.png,579.6012573242188,217.20033264160156,753.0064086914062,-27.180166244506836,22.22429656982422,156.7794647216797
frame_003276.png,579.5696411132812,217.2782440185547,753.3482666015625,-27.263029098510742,22.218854904174805,156.81690979003906
frame_003277.png,579.536865234375,217.35214233398438,753.7106323242188,-27.3504695892334,22.216182708740234,156.8474884033203
frame_003278.png,579.5152587890625,217.41456604003906,754.0746459960938,-27.434377670288086,22.216232299804688,156.87103271484375
frame_003279.png,579.50927734375,217.4672393798828,754.4398193359375,-27.52193260192871,22.222673416137695,156.8819580078125
frame_003280.png,579.5098266601562,217.5106964111328,754.8107299804688,-27.61475944519043,22.23082733154297,156.87353515625
frame_003281.png,579.5126953125,217.54437255859375,755.1828002929688,-27.705474853515625,22.236629486083984,156.84719848632812
frame_003282.png,579.5287475585938,217.5702362060547,755.5366821289062,-27.782014846801758,22.239213943481445,156.81654357910156
frame_003283.png,579.5371704101562,217.59274291992188,755.869140625,-27.836824417114258,22.233814239501953,156.7861328125
frame_003284.png,579.5134887695312,217.61431884765625,756.1697387695312,-27.86859130859375,22.217296600341797,156.7631378173828
frame_003285.png,579.4449462890625,217.63742065429688,756.4354248046875,-27.886613845825195,22.195152282714844,156.7584991455078
frame_003286.png,579.353759765625,217.66192626953125,756.6967163085938,-27.90736961364746,22.17961883544922,156.7955322265625
frame_003287.png,579.2731323242188,217.69630432128906,756.97412109375,-27.928707122802734,22.17511749267578,156.86114501953125
frame_003288.png,579.1910400390625,217.7233428955078,757.2968139648438,-27.948272705078125,22.180891036987305,156.95297241210938
frame_003289.png,579.1156005859375,217.73451232910156,757.6582641601562,-27.96688461303711,22.20016860961914,157.05984497070312
frame_003290.png,579.043212890625,217.74087524414062,758.0634155273438,-27.981201171875,22.22681999206543,157.15911865234375
frame_003291.png,578.98486328125,217.75770568847656,758.4912109375,-27.973403930664062,22.256633758544922,157.24267578125
frame_003292.png,578.9293823242188,217.7912139892578,758.9234008789062,-27.955272674560547,22.284250259399414,157.30857849121094
frame_003293.png,578.8666381835938,217.82969665527344,759.3612670898438,-27.94087791442871,22.312232971191406,157.35470581054688
frame_003294.png,578.8035888671875,217.87814331054688,759.798828125,-27.930822372436523,22.342084884643555,157.367431640625
frame_003295.png,578.7481079101562,217.93533325195312,760.2129516601562,-27.932796478271484,22.365856170654297,157.36012268066406
frame_003296.png,578.6947631835938,217.99105834960938,760.615966796875,-27.95528221130371,22.39024543762207,157.35130310058594
frame_003297.png,578.6221313476562,218.04466247558594,761.0003662109375,-27.981311798095703,22.41337776184082,157.32786560058594
frame_003298.png,578.5328979492188,218.09890747070312,761.375,-28.018999099731445,22.431095123291016,157.28636169433594
frame_003299.png,578.4392700195312,218.15188598632812,761.7542724609375,-28.061574935913086,22.45039939880371,157.2393035888672
frame_003300.png,578.3404541015625,218.1984100341797,762.1353759765625,-28.09417724609375,22.472763061523438,157.20254516601562
frame_003301.png,578.2543334960938,218.2353973388672,762.5020751953125,-28.116178512573242,22.497554779052734,157.18801879882812
frame_003302.png,578.1778564453125,218.27134704589844,762.853515625,-28.143638610839844,22.52389907836914,157.1898193359375
frame_003303.png,578.11865234375,218.3052978515625,763.1958618164062,-28.182058334350586,22.553539276123047,157.2006072998047
frame_003304.png,578.07275390625,218.33213806152344,763.526123046875,-28.2302303314209,22.58826446533203,157.230712890625
frame_003305.png,578.0222778320312,218.3389434814453,763.8282470703125,-28.279407501220703,22.627227783203125,157.2659454345703
frame_003306.png,577.96728515625,218.3355712890625,764.0960693359375,-28.322355270385742,22.666440963745117,157.3008270263672
frame_003307.png,577.9273071289062,218.3430633544922,764.367431640625,-28.37245750427246,22.70794105529785,157.3334197998047
frame_003308.png,577.8818969726562,218.3705291748047,764.68603515625,-28.43573760986328,22.74995994567871,157.3577423095703
frame_003309.png,577.8200073242188,218.4108123779297,765.053955078125,-28.514739990234375,22.792285919189453,157.34078979492188
frame_003310.png,577.7238159179688,218.45684814453125,765.4411010742188,-28.597248077392578,22.827838897705078,157.29017639160156
frame_003311.png,577.5961303710938,218.50022888183594,765.8383178710938,-28.68125343322754,22.85260772705078,157.21945190429688
frame_003312.png,577.4389038085938,218.53526306152344,766.2474365234375,-28.768251419067383,22.870241165161133,157.13905334472656
frame_003313.png,577.2537231445312,218.55764770507812,766.657470703125,-28.854646682739258,22.882919311523438,157.05323791503906
frame_003314.png,577.0531616210938,218.57382202148438,767.0590209960938,-28.936206817626953,22.895736694335938,156.9644775390625
frame_003315.png,576.8500366210938,218.583740234375,767.437255859375,-29.008699417114258,22.901689529418945,156.88311767578125
frame_003316.png,576.6657104492188,218.58837890625,767.7721557617188,-29.05529022216797,22.89199447631836,156.83404541015625
frame_003317.png,576.5086059570312,218.58653259277344,768.0734252929688,-29.081863403320312,22.880462646484375,156.82373046875
frame_003318.png,576.3970336914062,218.5872039794922,768.3597412109375,-29.09653663635254,22.877592086791992,156.8480987548828
frame_003319.png,576.3257446289062,218.58236694335938,768.697021484375,-29.1079044342041,22.893613815307617,156.90870666503906
frame_003320.png,576.2772216796875,218.56915283203125,769.0852661132812,-29.11149787902832,22.918073654174805,156.98443603515625
frame_003321.png,576.2362670898438,218.5475616455078,769.500244140625,-29.11357307434082,22.949718475341797,157.0621795654297
frame_003322.png,576.1950073242188,218.52206420898438,769.9346923828125,-29.117525100708008,22.981121063232422,157.13882446289062
frame_003323.png,576.149658203125,218.4960479736328,770.3854370117188,-29.12085723876953,23.00957679748535,157.2124481201172
frame_003324.png,576.0911254882812,218.46591186523438,770.8384399414062,-29.126506805419922,23.035022735595703,157.2797393798828
frame_003325.png,576.0247802734375,218.4368896484375,771.30029296875,-29.151756286621094,23.062498092651367,157.32383728027344
frame_003326.png,575.9599609375,218.4124755859375,771.7623291015625,-29.194307327270508,23.09383773803711,157.34616088867188
frame_003327.png,575.9151000976562,218.39663696289062,772.1825561523438,-29.242956161499023,23.120691299438477,157.36117553710938
frame_003328.png,575.8883056640625,218.39344787597656,772.5821533203125,-29.31059455871582,23.14447784423828,157.3641815185547
frame_003329.png,575.878173828125,218.4071502685547,772.975341796875,-29.393999099731445,23.16806983947754,157.3651123046875
frame_003330.png,575.87890625,218.43551635742188,773.375732421875,-29.491867065429688,23.19750213623047,157.3710479736328
frame_003331.png,575.9089965820312,218.47396850585938,773.7767333984375,-29.589452743530273,23.233625411987305,157.38392639160156
frame_003332.png,575.95458984375,218.5129852294922,774.1732177734375,-29.67937660217285,23.27313804626465,157.4082489013672
frame_003333.png,575.9945678710938,218.55169677734375,774.5586547851562,-29.758298873901367,23.30799102783203,157.4312744140625
frame_003334.png,576.0249633789062,218.58668518066406,774.9307861328125,-29.817663192749023,23.339950561523438,157.4502716064453
frame_003335.png,576.0460205078125,218.61965942382812,775.2971801757812,-29.856407165527344,23.367691040039062,157.47239685058594
frame_003336.png,576.0532836914062,218.65170288085938,775.65966796875,-29.88902473449707,23.39207649230957,157.49978637695312
frame_003337.png,576.0448608398438,218.68582153320312,776.019775390625,-29.931594848632812,23.412826538085938,157.5237274169922
frame_003338.png,576.0104370117188,218.7218780517578,776.3833618164062,-29.995540618896484,23.431257247924805,157.5378875732422
frame_003339.png,575.9536743164062,218.7550048828125,776.747802734375,-30.069116592407227,23.44854736328125,157.5435333251953
frame_003340.png,575.8680419921875,218.77586364746094,777.1038818359375,-30.143024444580078,23.463987350463867,157.54397583007812
frame_003341.png,575.75244140625,218.77798461914062,777.4353637695312,-30.20722770690918,23.478918075561523,157.53848266601562
frame_003342.png,575.6243896484375,218.77020263671875,777.7421264648438,-30.26195526123047,23.495349884033203,157.5186004638672
frame_003343.png,575.5054931640625,218.7688446044922,778.05859375,-30.342975616455078,23.51612663269043,157.49514770507812
frame_003344.png,575.437255859375,218.78318786621094,778.4061889648438,-30.430490493774414,23.55076026916504,157.4722137451172
frame_003345.png,575.384765625,218.80581665039062,778.801513671875,-30.505725860595703,23.588747024536133,157.4456024169922
frame_003346.png,575.3761596679688,218.83685302734375,779.1957397460938,-30.549116134643555,23.62566375732422,157.44085693359375
frame_003347.png,575.4476928710938,218.8741912841797,779.5795288085938,-30.58963966369629,23.653095245361328,157.4546356201172
frame_003348.png,575.582275390625,218.90158081054688,779.9209594726562,-30.602460861206055,23.681978225708008,157.44955444335938
frame_003349.png,575.7368774414062,218.92501831054688,780.2364501953125,-30.589675903320312,23.70958137512207,157.43138122558594
frame_003350.png,575.9237060546875,218.93829345703125,780.5045776367188,-30.563573837280273,23.73293113708496,157.4210662841797
frame_003351.png,576.1315307617188,218.95773315429688,780.7318115234375,-30.51716423034668,23.75263214111328,157.42831420898438
frame_003352.png,576.376953125,218.99813842773438,780.9396362304688,-30.459012985229492,23.77103042602539,157.4458465576172
frame_003353.png,576.6046142578125,219.0503387451172,781.1812133789062,-30.413667678833008,23.78746223449707,157.44647216796875
frame_003354.png,576.8187255859375,219.1212615966797,781.4402465820312,-30.37938690185547,23.798648834228516,157.43145751953125
frame_003355.png,577.0103149414062,219.20391845703125,781.70849609375,-30.340293884277344,23.80563735961914,157.40451049804688
frame_003356.png,577.197021484375,219.28387451171875,782.0170288085938,-30.323875427246094,23.804195404052734,157.37925720214844
frame_003357.png,577.3853759765625,219.36814880371094,782.3446044921875,-30.298192977905273,23.799449920654297,157.3755340576172
frame_003358.png,577.5681762695312,219.4499969482422,782.6592407226562,-30.254222869873047,23.79117202758789,157.3625030517578
frame_003359.png,577.75537109375,219.52716064453125,782.96435546875,-30.214662551879883,23.787397384643555,157.3483123779297
frame_003360.png,577.9700927734375,219.57699584960938,783.2537841796875,-30.175973892211914,23.774898529052734,157.36624145507812
frame_003361.png,578.1548461914062,219.62794494628906,783.5881958007812,-30.17828941345215,23.76470184326172,157.3759307861328
frame_003362.png,578.3089599609375,219.6743927001953,783.9393310546875,-30.17934799194336,23.75186538696289,157.40350341796875
frame_003363.png,578.4381103515625,219.71572875976562,784.312744140625,-30.188018798828125,23.741762161254883,157.39686584472656
frame_003364.png,578.5535278320312,219.784423828125,784.68701171875,-30.202617645263672,23.73686408996582,157.35467529296875
frame_003365.png,578.6475219726562,219.87538146972656,785.0587768554688,-30.24759292602539,23.732044219970703,157.2932586669922
frame_003366.png,578.7442016601562,219.97357177734375,785.4483642578125,-30.300321578979492,23.728675842285156,157.22840881347656
frame_003367.png,578.8316650390625,220.07666015625,785.837890625,-30.34388542175293,23.727867126464844,157.15054321289062
frame_003368.png,578.916015625,220.17384338378906,786.21435546875,-30.395092010498047,23.729066848754883,157.08514404296875
frame_003369.png,578.9969482421875,220.25289916992188,786.5780029296875,-30.441492080688477,23.73809242248535,157.03237915039062
frame_003370.png,579.0765991210938,220.33106994628906,786.9345703125,-30.4815673828125,23.751333236694336,156.96685791015625
frame_003371.png,579.1704711914062,220.4061737060547,787.3167724609375,-30.525606155395508,23.760074615478516,156.9038543701172
frame_003372.png,579.2815551757812,220.47579956054688,787.7107543945312,-30.572343826293945,23.76776695251465,156.83816528320312
frame_003373.png,579.3973388671875,220.53895568847656,788.111328125,-30.615802764892578,23.77434730529785,156.78143310546875
frame_003374.png,579.5205078125,220.60369873046875,788.5108032226562,-30.644296646118164,23.779075622558594,156.73390197753906
frame_003375.png,579.6402587890625,220.67982482910156,788.9005126953125,-30.675769805908203,23.782588958740234,156.69081115722656
frame_003376.png,579.777587890625,220.76976013183594,789.28076171875,-30.70500946044922,23.78853988647461,156.6499481201172
frame_003377.png,579.9381103515625,220.88450622558594,789.64892578125,-30.69597625732422,23.80220603942871,156.5982666015625
frame_003378.png,580.0833740234375,221.01901245117188,789.993408203125,-30.681888580322266,23.811254501342773,156.54278564453125
frame_003379.png,580.2323608398438,221.1202850341797,790.3482055664062,-30.68744468688965,23.817930221557617,156.51243591308594
frame_003380.png,580.4021606445312,221.20957946777344,790.6790161132812,-30.66670799255371,23.820980072021484,156.50758361816406
frame_003381.png,580.5821533203125,221.31478881835938,790.9987182617188,-30.643375396728516,23.818470001220703,156.50430297851562
frame_003382.png,580.7997436523438,221.41146850585938,791.302978515625,-30.641565322875977,23.816133499145508,156.51991271972656
frame_003383.png,581.0117797851562,221.52911376953125,791.6251220703125,-30.641603469848633,23.80719757080078,156.52088928222656
frame_003384.png,581.23779296875,221.63087463378906,791.9307861328125,-30.610801696777344,23.791669845581055,156.53695678710938
frame_003385.png,581.4378662109375,221.71389770507812,792.2783813476562,-30.61429214477539,23.776670455932617,156.5269012451172
frame_003386.png,581.6427612304688,221.79808044433594,792.624267578125,-30.608295440673828,23.776615142822266,156.50062561035156
frame_003387.png,581.8663330078125,221.88282775878906,792.9450073242188,-30.603214263916016,23.780113220214844,156.49420166015625
frame_003388.png,582.0951538085938,221.9560089111328,793.2539672851562,-30.59520149230957,23.781763076782227,156.51866149902344
frame_003389.png,582.3192138671875,222.04586791992188,793.545654296875,-30.572229385375977,23.777544021606445,156.5325469970703
frame_003390.png,582.5491333007812,222.14846801757812,793.8336791992188,-30.537139892578125,23.77193260192871,156.53741455078125
frame_003391.png,582.7792358398438,222.2509307861328,794.1077270507812,-30.50804901123047,23.77198028564453,156.54502868652344
frame_003392.png,583.0180053710938,222.34510803222656,794.3838500976562,-30.47450828552246,23.775894165039062,156.54440307617188
frame_003393.png,583.260498046875,222.43678283691406,794.67333984375,-30.45644187927246,23.779926300048828,156.54249572753906
frame_003394.png,583.5125122070312,222.5010528564453,794.939697265625,-30.42728042602539,23.783567428588867,156.53668212890625
frame_003395.png,583.783935546875,222.5499267578125,795.1951293945312,-30.403575897216797,23.79467010498047,156.52951049804688
frame_003396.png,584.0694580078125,222.5950927734375,795.4536743164062,-30.38046646118164,23.801549911499023,156.52334594726562
frame_003397.png,584.3461303710938,222.63424682617188,795.7105712890625,-30.350868225097656,23.804059982299805,156.52268981933594
frame_003398.png,584.59619140625,222.6616973876953,795.9834594726562,-30.314361572265625,23.809560775756836,156.51318359375
frame_003399.png,584.8211059570312,222.67784118652344,796.2772216796875,-30.27410888671875,23.817298889160156,156.50045776367188
frame_003400.png,585.03955078125,222.69216918945312,796.577392578125,-30.239635467529297,23.825130462646484,156.4813690185547
frame_003401.png,585.2525634765625,222.70713806152344,796.8790893554688,-30.212961196899414,23.827524185180664,156.4604949951172
frame_003402.png,585.4564208984375,222.71859741210938,797.18017578125,-30.18478012084961,23.824012756347656,156.44297790527344
frame_003403.png,585.6459350585938,222.72622680664062,797.4884643554688,-30.158517837524414,23.817134857177734,156.42501831054688
frame_003404.png,585.8167114257812,222.72802734375,797.8067626953125,-30.1346378326416,23.80935287475586,156.40814208984375
frame_003405.png,585.9681396484375,222.72193908691406,798.131103515625,-30.118175506591797,23.801393508911133,156.39808654785156
frame_003406.png,586.096923828125,222.70921325683594,798.46630859375,-30.109968185424805,23.798582077026367,156.3880615234375
frame_003407.png,586.1983032226562,222.68618774414062,798.8391723632812,-30.112911224365234,23.806461334228516,156.3793182373047
frame_003408.png,586.2736206054688,222.65032958984375,799.242919921875,-30.12077522277832,23.827741622924805,156.37872314453125
frame_003409.png,586.3260498046875,222.600341796875,799.6688232421875,-30.133628845214844,23.855684280395508,156.38352966308594
frame_003410.png,586.362060546875,222.5439453125,800.1107788085938,-30.155620574951172,23.88237953186035,156.38795471191406
frame_003411.png,586.3898315429688,222.48594665527344,800.56298828125,-30.173988342285156,23.907556533813477,156.40032958984375
frame_003412.png,586.42822265625,222.4283905029297,800.98193359375,-30.18614959716797,23.923709869384766,156.43685913085938
frame_003413.png,586.4597778320312,222.39613342285156,801.3905029296875,-30.18886947631836,23.948230743408203,156.4771270751953
frame_003414.png,586.466796875,222.38128662109375,801.7388305664062,-30.180133819580078,23.968778610229492,156.52406311035156
frame_003415.png,586.4934692382812,222.3754119873047,802.05810546875,-30.179241180419922,24.001083374023438,156.5738983154297
frame_003416.png,586.490234375,222.38131713867188,802.3681640625,-30.218780517578125,24.032182693481445,156.64910888671875
frame_003417.png,586.5097045898438,222.4226837158203,802.6461791992188,-30.28653335571289,24.062625885009766,156.68865966796875
frame_003418.png,586.5287475585938,222.46469116210938,802.8748779296875,-30.327877044677734,24.09295654296875,156.7178955078125
frame_003419.png,586.51123046875,222.49021911621094,803.056396484375,-30.343137741088867,24.11522674560547,156.7669677734375
frame_003420.png,586.47216796875,222.49325561523438,803.2154541015625,-30.35251808166504,24.130210876464844,156.84779357910156
frame_003421.png,586.4132080078125,222.49212646484375,803.3639526367188,-30.373722076416016,24.145103454589844,156.92218017578125
frame_003422.png,586.3551025390625,222.4953155517578,803.4937133789062,-30.39097023010254,24.15998649597168,156.98138427734375
frame_003423.png,586.30078125,222.5032958984375,803.61328125,-30.406837463378906,24.17618751525879,157.02706909179688
frame_003424.png,586.2518310546875,222.51797485351562,803.73779296875,-30.421630859375,24.192825317382812,157.0618896484375
frame_003425.png,586.2348022460938,222.53538513183594,803.85693359375,-30.429920196533203,24.210115432739258,157.0988311767578
frame_003426.png,586.23291015625,222.54876708984375,803.9814453125,-30.43206787109375,24.225948333740234,157.13681030273438
frame_003427.png,586.2717895507812,222.57398986816406,804.1129150390625,-30.420021057128906,24.253063201904297,157.16416931152344
frame_003428.png,586.3348388671875,222.59471130371094,804.2371215820312,-30.4017276763916,24.281543731689453,157.20663452148438
frame_003429.png,586.3992309570312,222.63771057128906,804.3889770507812,-30.37940788269043,24.30426025390625,157.24514770507812
frame_003430.png,586.4841918945312,222.6903839111328,804.5654907226562,-30.352949142456055,24.32090187072754,157.3055419921875
frame_003431.png,586.5562744140625,222.7651824951172,804.7927856445312,-30.343578338623047,24.337562561035156,157.3367462158203
frame_003432.png,586.65478515625,222.84983825683594,805.0289306640625,-30.324134826660156,24.35600471496582,157.33984375
frame_003433.png,586.7650146484375,222.923095703125,805.274169921875,-30.31342887878418,24.368255615234375,157.36483764648438
frame_003434.png,586.9103393554688,222.98976135253906,805.5311279296875,-30.315521240234375,24.38166046142578,157.4026336669922
frame_003435.png,587.0897827148438,223.05130004882812,805.7866821289062,-30.327926635742188,24.398595809936523,157.4564208984375
frame_003436.png,587.3018188476562,223.1057891845703,806.0319213867188,-30.347545623779297,24.41855812072754,157.5211181640625
frame_003437.png,587.5323486328125,223.1568145751953,806.2615356445312,-30.378541946411133,24.441387176513672,157.58653259277344
frame_003438.png,587.7652587890625,223.21009826660156,806.4749145507812,-30.42762565612793,24.465633392333984,157.6438751220703
frame_003439.png,587.9923706054688,223.268310546875,806.6892700195312,-30.48782730102539,24.492904663085938,157.69500732421875
frame_003440.png,588.208251953125,223.32540893554688,806.9075317382812,-30.556015014648438,24.521242141723633,157.74765014648438
frame_003441.png,588.4177856445312,223.38075256347656,807.1261596679688,-30.62436866760254,24.550228118896484,157.80694580078125
frame_003442.png,588.6185302734375,223.43719482421875,807.3532104492188,-30.696674346923828,24.579343795776367,157.86572265625
frame_003443.png,588.8206787109375,223.4927520751953,807.5775756835938,-30.771718978881836,24.60854148864746,157.92962646484375
frame_003444.png,589.0300903320312,223.54815673828125,807.7964477539062,-30.846370697021484,24.639404296875,158.00100708007812
frame_003445.png,589.2486572265625,223.6042938232422,808.00634765625,-30.92323112487793,24.673133850097656,158.07675170898438
frame_003446.png,589.4789428710938,223.65902709960938,808.208984375,-31.001224517822266,24.708415985107422,158.1571044921875
frame_003447.png,589.71875,223.71185302734375,808.4124145507812,-31.080371856689453,24.74356460571289,158.24237060546875
frame_003448.png,589.9667358398438,223.76138305664062,808.6220703125,-31.157100677490234,24.777151107788086,158.32931518554688
frame_003449.png,590.2223510742188,223.8098602294922,808.837646484375,-31.226964950561523,24.80815315246582,158.41546630859375
frame_003450.png,590.4799194335938,223.85794067382812,809.0616455078125,-31.289709091186523,24.836078643798828,158.49774169921875
frame_003451.png,590.7376708984375,223.9102325439453,809.2954711914062,-31.346281051635742,24.861454010009766,158.5749053955078
frame_003452.png,590.992431640625,223.97003173828125,809.541748046875,-31.39691925048828,24.884708404541016,158.64500427246094
frame_003453.png,591.2407836914062,224.03611755371094,809.8008422851562,-31.445667266845703,24.905941009521484,158.70777893066406
frame_003454.png,591.4853515625,224.099853515625,810.056396484375,-31.485614776611328,24.924705505371094,158.7743682861328
frame_003455.png,591.7269897460938,224.16273498535156,810.3150024414062,-31.51630401611328,24.942523956298828,158.84249877929688
frame_003456.png,591.9463500976562,224.22222900390625,810.5917358398438,-31.553544998168945,24.963754653930664,158.90443420410156
frame_003457.png,592.1365356445312,224.29583740234375,810.90673828125,-31.596345901489258,24.991750717163086,158.94326782226562
frame_003458.png,592.3005981445312,224.3691864013672,811.2467651367188,-31.64203643798828,25.025455474853516,158.96627807617188
frame_003459.png,592.4592895507812,224.43702697753906,811.5885620117188,-31.652379989624023,25.058061599731445,158.99273681640625
frame_003460.png,592.620849609375,224.5083770751953,811.9337768554688,-31.651077270507812,25.08209991455078,159.01596069335938
frame_003461.png,592.7949829101562,224.5807342529297,812.2890014648438,-31.659114837646484,25.116880416870117,159.0349884033203
frame_003462.png,592.9556884765625,224.64930725097656,812.6629638671875,-31.677278518676758,25.14673614501953,159.07899475097656
frame_003463.png,593.1043701171875,224.70254516601562,813.0277709960938,-31.698461532592773,25.1763858795166,159.12890625
frame_003464.png,593.2583618164062,224.75135803222656,813.4081420898438,-31.71457290649414,25.206724166870117,159.1873321533203
frame_003465.png,593.4312744140625,224.79966735839844,813.81396484375,-31.728435516357422,25.239551544189453,159.2505645751953
frame_003466.png,593.6055908203125,224.85142517089844,814.2353515625,-31.750381469726562,25.267690658569336,159.30517578125
frame_003467.png,593.781494140625,224.90631103515625,814.6556396484375,-31.770198822021484,25.28824234008789,159.34153747558594
frame_003468.png,593.9642333984375,224.96340942382812,815.0780029296875,-31.78684425354004,25.30586051940918,159.36190795898438
frame_003469.png,594.1460571289062,225.0200958251953,815.50390625,-31.801971435546875,25.321775436401367,159.36854553222656
frame_003470.png,594.3211059570312,225.06942749023438,815.9349365234375,-31.82017707824707,25.33514976501465,159.36830139160156
frame_003471.png,594.4861450195312,225.11007690429688,816.3782348632812,-31.843406677246094,25.347999572753906,159.36558532714844
frame_003472.png,594.6443481445312,225.1455841064453,816.822021484375,-31.872390747070312,25.35964012145996,159.35528564453125
frame_003473.png,594.8190307617188,225.18280029296875,817.2610473632812,-31.899568557739258,25.36838722229004,159.36056518554688
frame_003474.png,595.019775390625,225.22023010253906,817.6893920898438,-31.919260025024414,25.375368118286133,159.4005584716797
frame_003475.png,595.2206420898438,225.26641845703125,818.11328125,-31.93585968017578,25.382104873657227,159.47161865234375
frame_003476.png,595.4378051757812,225.32444763183594,818.5215454101562,-31.944679260253906,25.394378662109375,159.54200744628906
frame_003477.png,595.6456298828125,225.38768005371094,818.9102172851562,-31.941255569458008,25.40042495727539,159.6107940673828
frame_003478.png,595.8391723632812,225.44837951660156,819.2816772460938,-31.932287216186523,25.407087326049805,159.67074584960938
frame_003479.png,596.0216064453125,225.50308227539062,819.6275024414062,-31.920072555541992,25.42148780822754,159.7151336669922
frame_003480.png,596.2109985351562,225.54251098632812,819.9492797851562,-31.93348503112793,25.437702178955078,159.7630157470703
frame_003481.png,596.4210205078125,225.5737762451172,820.22802734375,-31.954723358154297,25.45065689086914,159.82373046875
frame_003482.png,596.6377563476562,225.60604858398438,820.4581909179688,-31.98693084716797,25.457942962646484,159.8833770751953
frame_003483.png,596.854248046875,225.6483612060547,820.6759643554688,-32.009002685546875,25.4641056060791,159.9379425048828
frame_003484.png,597.05322265625,225.695068359375,820.91064453125,-32.02125549316406,25.473642349243164,159.9853973388672
frame_003485.png,597.2317504882812,225.74595642089844,821.1685180664062,-32.03020477294922,25.48468589782715,160.02542114257812
frame_003486.png,597.4028930664062,225.8030548095703,821.4545288085938,-32.0382080078125,25.501651763916016,160.06576538085938
frame_003487.png,597.56103515625,225.854248046875,821.7398071289062,-32.05717086791992,25.52100944519043,160.11868286132812
frame_003488.png,597.7178344726562,225.89239501953125,822.0098876953125,-32.08980941772461,25.544118881225586,160.17770385742188
frame_003489.png,597.8643798828125,225.9187469482422,822.2932739257812,-32.158905029296875,25.578258514404297,160.23883056640625
frame_003490.png,598.0035400390625,225.9426727294922,822.5831909179688,-32.26005554199219,25.620641708374023,160.2955780029297
frame_003491.png,598.1366577148438,225.96890258789062,822.8734130859375,-32.39725875854492,25.667707443237305,160.35682678222656
frame_003492.png,598.2630004882812,226.0030059814453,823.1432495117188,-32.55521011352539,25.719104766845703,160.42852783203125
frame_003493.png,598.38330078125,226.04542541503906,823.3905029296875,-32.73052978515625,25.771169662475586,160.51382446289062
frame_003494.png,598.5015869140625,226.10508728027344,823.6337280273438,-32.9227294921875,25.81928825378418,160.60653686523438
frame_003495.png,598.6248779296875,226.18026733398438,823.8626098632812,-33.10593032836914,25.86295509338379,160.7032470703125
frame_003496.png,598.7433471679688,226.2633056640625,824.068603515625,-33.27392578125,25.898544311523438,160.81356811523438
frame_003497.png,598.8632202148438,226.3470001220703,824.2459106445312,-33.422794342041016,25.929401397705078,160.93016052246094
frame_003498.png,598.9952392578125,226.42184448242188,824.3909912109375,-33.55126190185547,25.956205368041992,161.0523681640625
frame_003499.png,599.1359252929688,226.49301147460938,824.5084228515625,-33.66151428222656,25.976118087768555,161.1782684326172
frame_003500.png,599.2811279296875,226.56729125976562,824.6185913085938,-33.75294494628906,25.99045753479004,161.29730224609375
frame_003501.png,599.4362182617188,226.65338134765625,824.7284545898438,-33.83749008178711,26.001304626464844,161.40895080566406
frame_003502.png,599.580810546875,226.7505340576172,824.8555297851562,-33.901790618896484,26.012847900390625,161.50967407226562
frame_003503.png,599.7113037109375,226.8612060546875,824.9993286132812,-33.9560546875,26.019386291503906,161.5955810546875
frame_003504.png,599.8352661132812,226.98199462890625,825.1455078125,-34.007503509521484,26.019969940185547,161.67001342773438
frame_003505.png,599.9622802734375,227.1110076904297,825.2910766601562,-34.059043884277344,26.014049530029297,161.7371368408203
frame_003506.png,600.0947875976562,227.2433624267578,825.434814453125,-34.11211395263672,26.004335403442383,161.8047637939453
frame_003507.png,600.2349243164062,227.38059997558594,825.5839233398438,-34.169288635253906,25.993295669555664,161.8741455078125
frame_003508.png,600.3828125,227.5201416015625,825.7374877929688,-34.22925567626953,25.982555389404297,161.94384765625
frame_003509.png,600.5377197265625,227.6628875732422,825.8963012695312,-34.2891960144043,25.97258949279785,162.01109313964844
frame_003510.png,600.6966552734375,227.80628967285156,826.0568237304688,-34.351314544677734,25.96243667602539,162.07264709472656
frame_003511.png,600.8515014648438,227.94674682617188,826.2230834960938,-34.41376876831055,25.950929641723633,162.13087463378906
frame_003512.png,600.9947509765625,228.08511352539062,826.3952026367188,-34.476478576660156,25.939416885375977,162.1898193359375
frame_003513.png,601.119873046875,228.21795654296875,826.574462890625,-34.53725814819336,25.929536819458008,162.2571258544922
frame_003514.png,601.2249755859375,228.3441619873047,826.7582397460938,-34.591739654541016,25.920589447021484,162.33285522460938
frame_003515.png,601.310791015625,228.46507263183594,826.9492797851562,-34.64313888549805,25.91108512878418,162.41769409179688
frame_003516.png,601.4006958007812,228.58372497558594,827.1323852539062,-34.68920135498047,25.90259552001953,162.5035858154297
frame_003517.png,601.4892578125,228.6967010498047,827.2974853515625,-34.733123779296875,25.895893096923828,162.57530212402344
frame_003518.png,601.5928955078125,228.80677795410156,827.4498291015625,-34.78293991088867,25.893823623657227,162.6442413330078
frame_003519.png,601.70068359375,228.89930725097656,827.5833740234375,-34.834903717041016,25.8949031829834,162.73654174804688
frame_003520.png,601.8129272460938,228.9841766357422,827.7071533203125,-34.90933609008789,25.908477783203125,162.8230743408203
frame_003521.png,601.908447265625,229.0580291748047,827.8645629882812,-35.014129638671875,25.93692970275879,162.90573120117188
frame_003522.png,601.9622192382812,229.1250457763672,828.0708618164062,-35.14289474487305,25.97484588623047,162.99136352539062
frame_003523.png,602.0061645507812,229.1746063232422,828.3255615234375,-35.28968048095703,26.020896911621094,163.1068572998047
frame_003524.png,602.0545654296875,229.23086547851562,828.6201782226562,-35.427730560302734,26.079090118408203,163.2064971923828
frame_003525.png,602.0911865234375,229.2855224609375,828.9512329101562,-35.545745849609375,26.130395889282227,163.31834411621094
frame_003526.png,602.1366577148438,229.35733032226562,829.3023071289062,-35.61973190307617,26.17456817626953,163.4128875732422
frame_003527.png,602.2093505859375,229.43692016601562,829.6305541992188,-35.65164566040039,26.210895538330078,163.51739501953125
frame_003528.png,602.3236083984375,229.52398681640625,829.8991088867188,-35.670448303222656,26.232925415039062,163.62799072265625
frame_003529.png,602.47021484375,229.61428833007812,830.1233520507812,-35.68564224243164,26.241907119750977,163.73072814941406
frame_003530.png,602.6381225585938,229.69752502441406,830.339111328125,-35.70389938354492,26.245853424072266,163.8261260986328
frame_003531.png,602.8215942382812,229.7833251953125,830.5614624023438,-35.731204986572266,26.250761032104492,163.91500854492188
frame_003532.png,603.012939453125,229.87326049804688,830.7848510742188,-35.75688934326172,26.255704879760742,163.9952850341797
frame_003533.png,603.2079467773438,229.9697723388672,831.011962890625,-35.78316879272461,26.260005950927734,164.06756591796875
frame_003534.png,603.4066162109375,230.07240295410156,831.2466430664062,-35.81256103515625,26.26243782043457,164.13636779785156
frame_003535.png,603.6207275390625,230.18199157714844,831.49169921875,-35.84922790527344,26.26246452331543,164.1989288330078
frame_003536.png,603.8389892578125,230.2890167236328,831.74169921875,-35.89396667480469,26.259597778320312,164.25436401367188
frame_003537.png,604.06103515625,230.3874053955078,831.99658203125,-35.94268798828125,26.259525299072266,164.30413818359375
frame_003538.png,604.2781982421875,230.47560119628906,832.2499389648438,-35.99199676513672,26.264368057250977,164.3421630859375
frame_003539.png,604.48681640625,230.55186462402344,832.4913330078125,-36.031227111816406,26.269390106201172,164.37303161621094
frame_003540.png,604.6919555664062,230.61744689941406,832.7078247070312,-36.04416275024414,26.275005340576172,164.3887176513672
frame_003541.png,604.8905639648438,230.67379760742188,832.9185791015625,-36.04133224487305,26.281002044677734,164.38751220703125
frame_003542.png,605.0841064453125,230.71685791015625,833.151611328125,-36.04182434082031,26.284290313720703,164.3845977783203
frame_003543.png,605.28466796875,230.7501678466797,833.4163208007812,-36.040767669677734,26.288110733032227,164.39474487304688
frame_003544.png,605.5034790039062,230.7843017578125,833.68603515625,-36.03793716430664,26.296621322631836,164.40521240234375
frame_003545.png,605.7207641601562,230.81991577148438,833.958984375,-36.0307502746582,26.308637619018555,164.40785217285156
frame_003546.png,605.9365844726562,230.84658813476562,834.233154296875,-36.025489807128906,26.32501220703125,164.40139770507812
frame_003547.png,606.1414184570312,230.87026977539062,834.5101928710938,-36.033206939697266,26.346445083618164,164.3723907470703
frame_003548.png,606.3291015625,230.88925170898438,834.7845458984375,-36.04621124267578,26.37119483947754,164.3276824951172
frame_003549.png,606.5020751953125,230.9117431640625,835.037109375,-36.05909729003906,26.396305084228516,164.27081298828125
frame_003550.png,606.6675415039062,230.94049072265625,835.2798461914062,-36.072296142578125,26.423791885375977,164.21363830566406
frame_003551.png,606.8240356445312,230.96714782714844,835.5211791992188,-36.083770751953125,26.45249366760254,164.1641082763672
frame_003552.png,606.9646606445312,230.9896240234375,835.7676391601562,-36.09288787841797,26.481613159179688,164.1223602294922
frame_003553.png,607.0879516601562,231.0045623779297,836.0232543945312,-36.101009368896484,26.51011848449707,164.0890655517578
frame_003554.png,607.2026977539062,231.01626586914062,836.2811279296875,-36.10908508300781,26.53797721862793,164.06292724609375
frame_003555.png,607.3135986328125,231.02903747558594,836.5400390625,-36.113555908203125,26.565109252929688,164.04197692871094
frame_003556.png,607.4188842773438,231.04505920410156,836.7991333007812,-36.113739013671875,26.59162139892578,164.02383422851562
frame_003557.png,607.5188598632812,231.06529235839844,837.059814453125,-36.110530853271484,26.618045806884766,164.01235961914062
frame_003558.png,607.614013671875,231.08737182617188,837.3280029296875,-36.1055793762207,26.644556045532227,164.00144958496094
frame_003559.png,607.7037353515625,231.1068572998047,837.6102294921875,-36.098167419433594,26.6717529296875,163.99349975585938
frame_003560.png,607.7852783203125,231.11834716796875,837.9100952148438,-36.09234619140625,26.6986141204834,163.9865264892578
frame_003561.png,607.8535766601562,231.12112426757812,838.2312622070312,-36.086856842041016,26.725740432739258,163.977294921875
frame_003562.png,607.908203125,231.11940002441406,838.5737915039062,-36.085166931152344,26.752708435058594,163.96444702148438
frame_003563.png,607.9519653320312,231.11196899414062,838.9369506835938,-36.08883285522461,26.78219223022461,163.9542999267578
frame_003564.png,607.9830322265625,231.09585571289062,839.31591796875,-36.09891128540039,26.812379837036133,163.94728088378906
frame_003565.png,608.00146484375,231.0772247314453,839.6993408203125,-36.11635208129883,26.839725494384766,163.9378662109375
frame_003566.png,608.0180053710938,231.0628662109375,840.0819702148438,-36.14141845703125,26.864700317382812,163.93048095703125
frame_003567.png,608.0388793945312,231.050048828125,840.4635009765625,-36.174991607666016,26.887887954711914,163.92669677734375
frame_003568.png,608.066162109375,231.03868103027344,840.8413696289062,-36.213985443115234,26.90888786315918,163.9267120361328
frame_003569.png,608.0999755859375,231.02783203125,841.2164916992188,-36.25618362426758,26.930278778076172,163.92822265625
frame_003570.png,608.1385498046875,231.01809692382812,841.5924072265625,-36.29960250854492,26.953554153442383,163.9309844970703
frame_003571.png,608.1770629882812,231.00985717773438,841.9723510742188,-36.345794677734375,26.977218627929688,163.93609619140625
frame_003572.png,608.2138671875,231.00294494628906,842.3526000976562,-36.39299774169922,27.002180099487305,163.94419860839844
frame_003573.png,608.2500610351562,230.99755859375,842.7286376953125,-36.437744140625,27.025636672973633,163.9617919921875
frame_003574.png,608.2886962890625,230.9893341064453,843.0972900390625,-36.47829055786133,27.045927047729492,163.98947143554688
frame_003575.png,608.3303833007812,230.97879028320312,843.458984375,-36.51546096801758,27.061338424682617,164.01998901367188
frame_003576.png,608.3786010742188,230.97068786621094,843.8109130859375,-36.547542572021484,27.073143005371094,164.0445098876953
frame_003577.png,608.427490234375,230.96754455566406,844.1582641601562,-36.57841110229492,27.081125259399414,164.05950927734375
frame_003578.png,608.481201171875,230.9685821533203,844.5012817382812,-36.60419464111328,27.088655471801758,164.07127380371094
frame_003579.png,608.5370483398438,230.97425842285156,844.84375,-36.627750396728516,27.09791374206543,164.083740234375
frame_003580.png,608.5908813476562,230.9842987060547,845.18701171875,-36.646697998046875,27.10724449157715,164.09500122070312
frame_003581.png,608.6419067382812,230.9990234375,845.5270385742188,-36.66788101196289,27.115135192871094,164.10325622558594
frame_003582.png,608.6927490234375,231.01559448242188,845.8583984375,-36.688926696777344,27.12390899658203,164.10882568359375
frame_003583.png,608.754150390625,231.0340576171875,846.182373046875,-36.69853210449219,27.137502670288086,164.11325073242188
frame_003584.png,608.817138671875,231.05517578125,846.520263671875,-36.70915985107422,27.15751075744629,164.1094207763672
frame_003585.png,608.87109375,231.0792999267578,846.8853759765625,-36.72938537597656,27.181482315063477,164.095458984375
frame_003586.png,608.9146118164062,231.1060333251953,847.262451171875,-36.75405502319336,27.202800750732422,164.08026123046875
frame_003587.png,608.947021484375,231.13673400878906,847.644287109375,-36.779762268066406,27.217111587524414,164.06497192382812
frame_003588.png,608.9710083007812,231.1755828857422,848.0291748046875,-36.806739807128906,27.227249145507812,164.0525665283203
frame_003589.png,609.004638671875,231.2218780517578,848.4060668945312,-36.82806396484375,27.23723793029785,164.05625915527344
frame_003590.png,609.0521240234375,231.27549743652344,848.7667236328125,-36.8336296081543,27.252235412597656,164.0680694580078
frame_003591.png,609.103759765625,231.32101440429688,849.1461181640625,-36.83374786376953,27.276578903198242,164.08811950683594
frame_003592.png,609.1549682617188,231.34474182128906,849.5475463867188,-36.82279586791992,27.309219360351562,164.12779235839844
frame_003593.png,609.190673828125,231.34861755371094,849.9573364257812,-36.80851364135742,27.346845626831055,164.17620849609375
frame_003594.png,609.2103881835938,231.3354034423828,850.3701171875,-36.800071716308594,27.387496948242188,164.214599609375
frame_003595.png,609.2313842773438,231.31434631347656,850.7842407226562,-36.805198669433594,27.436296463012695,164.22149658203125
frame_003596.png,609.2548828125,231.2912139892578,851.2041015625,-36.82418441772461,27.49237060546875,164.20620727539062
frame_003597.png,609.2845458984375,231.2589569091797,851.6179809570312,-36.8503303527832,27.551509857177734,164.1774444580078
frame_003598.png,609.3156127929688,231.22621154785156,852.0355834960938,-36.88265609741211,27.612974166870117,164.14234924316406
frame_003599.png,609.3497924804688,231.19528198242188,852.4490966796875,-36.91599655151367,27.666133880615234,164.11463928222656
frame_003600.png,609.3963012695312,231.16952514648438,852.8410034179688,-36.93927764892578,27.704299926757812,164.09103393554688
frame_003601.png,609.4617309570312,231.1497802734375,853.2052001953125,-36.95062255859375,27.72833824157715,164.0684051513672
frame_003602.png,609.55126953125,231.13453674316406,853.5426025390625,-36.952396392822266,27.741043090820312,164.04962158203125
frame_003603.png,609.6743774414062,231.12789916992188,853.847412109375,-36.9428825378418,27.743776321411133,164.03659057617188
frame_003604.png,609.8291625976562,231.12652587890625,854.1356811523438,-36.926910400390625,27.737228393554688,164.03024291992188
frame_003605.png,610.0035400390625,231.13038635253906,854.41259765625,-36.906959533691406,27.722726821899414,164.02664184570312
frame_003606.png,610.1966552734375,231.13829040527344,854.6884155273438,-36.88591766357422,27.702730178833008,164.02870178222656
frame_003607.png,610.4039916992188,231.148681640625,854.9666748046875,-36.86772537231445,27.676864624023438,164.0373992919922
frame_003608.png,610.619140625,231.16018676757812,855.2537231445312,-36.848567962646484,27.649551391601562,164.05494689941406
frame_003609.png,610.8363037109375,231.1764373779297,855.5521850585938,-36.82497787475586,27.62163734436035,164.0790252685547
frame_003610.png,611.0609741210938,231.20037841796875,855.8640747070312,-36.803077697753906,27.592527389526367,164.12173461914062
frame_003611.png,611.2916259765625,231.230224609375,856.18505859375,-36.7890625,27.56382942199707,164.19418334960938
frame_003612.png,611.5308837890625,231.26773071289062,856.5133056640625,-36.77910232543945,27.53844451904297,164.28611755371094
frame_003613.png,611.7802124023438,231.307861328125,856.8472900390625,-36.772735595703125,27.516483306884766,164.38272094726562
frame_003614.png,612.0381469726562,231.35153198242188,857.1852416992188,-36.76744079589844,27.498424530029297,164.47653198242188
frame_003615.png,612.3013916015625,231.39573669433594,857.5221557617188,-36.764739990234375,27.48069953918457,164.56602478027344
frame_003616.png,612.5638427734375,231.4381561279297,857.8640747070312,-36.769073486328125,27.466726303100586,164.64523315429688
frame_003617.png,612.8132934570312,231.4810333251953,858.2185668945312,-36.78586196899414,27.45725440979004,164.70826721191406
frame_003618.png,613.0479736328125,231.52374267578125,858.5869750976562,-36.811519622802734,27.453020095825195,164.7595977783203
frame_003619.png,613.2723388671875,231.56565856933594,858.9638671875,-36.841941833496094,27.451026916503906,164.80772399902344
frame_003620.png,613.4938354492188,231.6048126220703,859.3426513671875,-36.87238693237305,27.450885772705078,164.85845947265625
frame_003621.png,613.7219848632812,231.64122009277344,859.7175903320312,-36.893409729003906,27.45073127746582,164.9181365966797
frame_003622.png,613.9562377929688,231.67959594726562,860.0924072265625,-36.907005310058594,27.44994354248047,164.982666015625
frame_003623.png,614.1986694335938,231.71913146972656,860.4641723632812,-36.912052154541016,27.446748733520508,165.0568389892578
frame_003624.png,614.44921875,231.76284790039062,860.834228515625,-36.91238784790039,27.438247680664062,165.14834594726562
frame_003625.png,614.7071533203125,231.81564331054688,861.1990966796875,-36.90974044799805,27.42423439025879,165.25433349609375
frame_003626.png,614.9786987304688,231.87171936035156,861.5374755859375,-36.90300750732422,27.407421112060547,165.37034606933594
frame_003627.png,615.2639770507812,231.939208984375,861.8657836914062,-36.89215850830078,27.390708923339844,165.48074340820312
frame_003628.png,615.547607421875,232.0218048095703,862.1964111328125,-36.87599182128906,27.373693466186523,165.57586669921875
frame_003629.png,615.8118286132812,232.1217803955078,862.5285034179688,-36.85490036010742,27.354673385620117,165.65090942382812
frame_003630.png,616.0492553710938,232.2342987060547,862.8624877929688,-36.83900833129883,27.331602096557617,165.70938110351562
frame_003631.png,616.266357421875,232.35606384277344,863.2096557617188,-36.833126068115234,27.312610626220703,165.76255798339844
frame_003632.png,616.469970703125,232.47764587402344,863.5591430664062,-36.839691162109375,27.294431686401367,165.8157958984375
frame_003633.png,616.6685180664062,232.5959014892578,863.9039306640625,-36.85265350341797,27.277881622314453,165.87179565429688
frame_003634.png,616.85693359375,232.71095275878906,864.2366333007812,-36.86625671386719,27.25730323791504,165.92758178710938
frame_003635.png,617.034912109375,232.8220977783203,864.5619506835938,-36.87627410888672,27.233003616333008,165.98243713378906
frame_003636.png,617.2066650390625,232.92950439453125,864.8832397460938,-36.883033752441406,27.205406188964844,166.03880310058594
frame_003637.png,617.3678588867188,233.0351104736328,865.213623046875,-36.8916015625,27.177471160888672,166.0858154296875
frame_003638.png,617.5237426757812,233.14276123046875,865.5486450195312,-36.89714813232422,27.147504806518555,166.12815856933594
frame_003639.png,617.6724853515625,233.24766540527344,865.896240234375,-36.91329574584961,27.117822647094727,166.1649169921875
frame_003640.png,617.8179931640625,233.35043334960938,866.2552490234375,-36.93278884887695,27.088977813720703,166.1961212158203
frame_003641.png,617.96435546875,233.4522705078125,866.6187133789062,-36.95250701904297,27.060779571533203,166.22337341308594
frame_003642.png,618.110107421875,233.55165100097656,866.9769287109375,-36.9717903137207,27.03421401977539,166.24574279785156
frame_003643.png,618.2567138671875,233.6482696533203,867.3318481445312,-36.99125671386719,27.00960350036621,166.26385498046875
frame_003644.png,618.403076171875,233.740478515625,867.6824951171875,-37.00809097290039,26.988571166992188,166.2777557373047
frame_003645.png,618.5462036132812,233.82528686523438,868.031494140625,-37.02025604248047,26.96994972229004,166.28976440429688
frame_003646.png,618.6796264648438,233.9071044921875,868.3823852539062,-37.031944274902344,26.95368003845215,166.2976531982422
frame_003647.png,618.8056640625,233.9879913330078,868.7374267578125,-37.040771484375,26.938879013061523,166.30201721191406
frame_003648.png,618.92236328125,234.0688934326172,869.0982666015625,-37.046363830566406,26.926530838012695,166.29876708984375
frame_003649.png,619.0297241210938,234.14710998535156,869.4603881835938,-37.04692840576172,26.917644500732422,166.2862091064453
frame_003650.png,619.1373901367188,234.22760009765625,869.8255004882812,-37.040626525878906,26.91226577758789,166.26327514648438
frame_003651.png,619.2494506835938,234.31065368652344,870.1932373046875,-37.02742004394531,26.911056518554688,166.2283935546875
frame_003652.png,619.3671264648438,234.39144897460938,870.5599975585938,-37.007957458496094,26.913969039916992,166.18505859375
frame_003653.png,619.4872436523438,234.4686279296875,870.924560546875,-36.98542785644531,26.921754837036133,166.13702392578125
frame_003654.png,619.6184692382812,234.54025268554688,871.28564453125,-36.96145248413086,26.933977127075195,166.08859252929688
frame_003655.png,619.7548828125,234.60501098632812,871.64404296875,-36.93756866455078,26.949941635131836,166.04319763183594
frame_003656.png,619.8966674804688,234.66477966308594,872.0004272460938,-36.91241455078125,26.969627380371094,166.00184631347656
frame_003657.png,620.0402221679688,234.71636962890625,872.35400390625,-36.88541030883789,26.992807388305664,165.9628143310547
frame_003658.png,620.18505859375,234.76063537597656,872.7091674804688,-36.86411666870117,27.015104293823242,165.92611694335938
frame_003659.png,620.3250122070312,234.79519653320312,873.0656127929688,-36.84857177734375,27.035470962524414,165.89308166503906
frame_003660.png,620.4619140625,234.8212890625,873.4387817382812,-36.83909225463867,27.05522346496582,165.86355590820312
frame_003661.png,620.5972290039062,234.84060668945312,873.82373046875,-36.835567474365234,27.07556915283203,165.83599853515625
frame_003662.png,620.7398681640625,234.85784912109375,874.2130126953125,-36.83890914916992,27.096803665161133,165.80548095703125
frame_003663.png,620.8905029296875,234.8732147216797,874.6045532226562,-36.84362030029297,27.1180477142334,165.77279663085938
frame_003664.png,621.0465087890625,234.88861083984375,874.9952392578125,-36.849849700927734,27.138900756835938,165.73471069335938
frame_003665.png,621.2080688476562,234.90548706054688,875.38916015625,-36.85540008544922,27.158750534057617,165.69241333007812
frame_003666.png,621.3724975585938,234.92213439941406,875.7847900390625,-36.861995697021484,27.178810119628906,165.6468505859375
frame_003667.png,621.5452880859375,234.94252014160156,876.1764526367188,-36.8693962097168,27.199342727661133,165.5960693359375
frame_003668.png,621.7249145507812,234.96607971191406,876.5595703125,-36.87297058105469,27.219728469848633,165.5402374267578
frame_003669.png,621.9119873046875,234.99209594726562,876.9338989257812,-36.873756408691406,27.240209579467773,165.4819793701172
frame_003670.png,622.1038208007812,235.02005004882812,877.3005981445312,-36.87189865112305,27.261323928833008,165.42408752441406
frame_003671.png,622.297119140625,235.04808044433594,877.6631469726562,-36.870304107666016,27.28200340270996,165.36550903320312
frame_003672.png,622.4927368164062,235.07742309570312,878.0217895507812,-36.86768341064453,27.30292510986328,165.30606079101562
frame_003673.png,622.68505859375,235.10655212402344,878.379150390625,-36.86588668823242,27.324533462524414,165.24705505371094
frame_003674.png,622.8746948242188,235.13558959960938,878.7362670898438,-36.8662223815918,27.34674072265625,165.18690490722656
frame_003675.png,623.0624389648438,235.16397094726562,879.0918579101562,-36.86604309082031,27.369823455810547,165.1280059814453
frame_003676.png,623.251220703125,235.19383239746094,879.44482421875,-36.86575698852539,27.395549774169922,165.0713348388672
frame_003677.png,623.4410400390625,235.22531127929688,879.7902221679688,-36.86770248413086,27.422439575195312,165.0143585205078
frame_003678.png,623.6340942382812,235.25738525390625,880.1277465820312,-36.87120819091797,27.450027465820312,164.95726013183594
frame_003679.png,623.8287353515625,235.28900146484375,880.45703125,-36.87754821777344,27.480220794677734,164.90170288085938
frame_003680.png,624.0226440429688,235.3178253173828,880.7833251953125,-36.884708404541016,27.513622283935547,164.84739685058594
frame_003681.png,624.2098999023438,235.34286499023438,881.111083984375,-36.888946533203125,27.547935485839844,164.7930450439453
frame_003682.png,624.3699951171875,235.35543823242188,881.4600830078125,-36.89052963256836,27.582157135009766,164.74615478515625
frame_003683.png,624.4949951171875,235.35360717773438,881.839111328125,-36.88735580444336,27.61587905883789,164.71328735351562
frame_003684.png,624.5970458984375,235.33935546875,882.2445068359375,-36.87894821166992,27.652847290039062,164.69166564941406
frame_003685.png,624.6875610351562,235.31790161132812,882.6668090820312,-36.86763381958008,27.691587448120117,164.6790771484375
frame_003686.png,624.7738037109375,235.2916717529297,883.1063842773438,-36.85079574584961,27.731327056884766,164.6699981689453
frame_003687.png,624.8557739257812,235.2644805908203,883.552734375,-36.82749938964844,27.7683048248291,164.66122436523438
frame_003688.png,624.9373168945312,235.2391357421875,884.000244140625,-36.798919677734375,27.801639556884766,164.6524200439453
frame_003689.png,625.0192260742188,235.21481323242188,884.4434814453125,-36.76714324951172,27.83104133605957,164.6428985595703
frame_003690.png,625.0991821289062,235.1920166015625,884.8895263671875,-36.73407745361328,27.859996795654297,164.6358184814453
frame_003691.png,625.1786499023438,235.16845703125,885.3408813476562,-36.70043182373047,27.889116287231445,164.6299285888672
frame_003692.png,625.2536010742188,235.14244079589844,885.7979125976562,-36.666908264160156,27.920162200927734,164.6260528564453
frame_003693.png,625.3228149414062,235.11488342285156,886.261962890625,-36.632999420166016,27.952150344848633,164.625244140625
frame_003694.png,625.3863525390625,235.0861358642578,886.732421875,-36.60068893432617,27.98431396484375,164.62940979003906
frame_003695.png,625.44580078125,235.05502319335938,887.203125,-36.569984436035156,28.016845703125,164.6297607421875
frame_003696.png,625.5031127929688,235.0236358642578,887.6716918945312,-36.54077911376953,28.04907989501953,164.62741088867188
frame_003697.png,625.5594482421875,234.99085998535156,888.1362915039062,-36.511924743652344,28.080520629882812,164.6221160888672
frame_003698.png,625.61474609375,234.95668029785156,888.5993041992188,-36.48585891723633,28.1109676361084,164.61614990234375
frame_003699.png,625.669921875,234.92225646972656,889.0630493164062,-36.461639404296875,28.140478134155273,164.6089324951172
frame_003700.png,625.7278442382812,234.88827514648438,889.5274047851562,-36.43886184692383,28.16899299621582,164.60165405273438
frame_003701.png,625.7879638671875,234.85362243652344,889.992431640625,-36.417598724365234,28.198448181152344,164.59259033203125
frame_003702.png,625.8494262695312,234.81979370117188,890.4527587890625,-36.3999137878418,28.23075294494629,164.58029174804688
frame_003703.png,625.91650390625,234.78611755371094,890.910400390625,-36.383060455322266,28.263473510742188,164.5644989013672
frame_003704.png,625.9845581054688,234.7522735595703,891.3655395507812,-36.36439895629883,28.295886993408203,164.54783630371094
frame_003705.png,626.0497436523438,234.717041015625,891.8191528320312,-36.346031188964844,28.32799530029297,164.53610229492188
frame_003706.png,626.1123657226562,234.6824493408203,892.2765502929688,-36.32400131225586,28.358917236328125,164.52581787109375
frame_003707.png,626.1705932617188,234.65785217285156,892.73291015625,-36.311614990234375,28.387432098388672,164.52159118652344
frame_003708.png,626.2435302734375,234.61956787109375,893.1694946289062,-36.26413345336914,28.4031925201416,164.52059936523438
frame_003709.png,626.3312377929688,234.6147918701172,893.5778198242188,-36.23044967651367,28.394832611083984,164.53172302246094
frame_003710.png,626.4020385742188,234.63369750976562,893.94482421875,-36.249290466308594,28.379148483276367,164.51210021972656
frame_003711.png,626.4611206054688,234.66139221191406,894.28564453125,-36.31396484375,28.374969482421875,164.54640197753906
frame_003712.png,626.5035400390625,234.67282104492188,894.5462036132812,-36.38957214355469,28.383975982666016,164.60643005371094
frame_003713.png,626.560546875,234.6925048828125,894.7403564453125,-36.46004867553711,28.39581871032715,164.6184539794922
frame_003714.png,626.6596069335938,234.71127319335938,894.9176025390625,-36.54166793823242,28.397903442382812,164.62774658203125
frame_003715.png,626.7333374023438,234.7096710205078,895.0885620117188,-36.605506896972656,28.401607513427734,164.6454315185547
frame_003716.png,626.7625122070312,234.690673828125,895.3079833984375,-36.67609405517578,28.401287078857422,164.68861389160156
frame_003717.png,626.759765625,234.6693115234375,895.5756225585938,-36.7608528137207,28.405485153198242,164.71209716796875
frame_003718.png,626.7272338867188,234.6393280029297,895.8389892578125,-36.83860397338867,28.420246124267578,164.71343994140625
frame_003719.png,626.66943359375,234.5994110107422,896.0757446289062,-36.90340042114258,28.44207000732422,164.71231079101562
frame_003720.png,626.61279296875,234.55276489257812,896.2779541015625,-36.95975875854492,28.465545654296875,164.712646484375
frame_003721.png,626.5636596679688,234.50299072265625,896.470947265625,-37.01436996459961,28.49065399169922,164.70037841796875
frame_003722.png,626.5531005859375,234.46707153320312,896.658447265625,-37.07795715332031,28.52576446533203,164.6740264892578
frame_003723.png,626.5896606445312,234.43992614746094,896.8446655273438,-37.144378662109375,28.564931869506836,164.62619018554688
frame_003724.png,626.6692504882812,234.42063903808594,897.0335693359375,-37.21195602416992,28.605838775634766,164.56919860839844
frame_003725.png,626.76611328125,234.40708923339844,897.2257690429688,-37.276615142822266,28.648601531982422,164.49752807617188
frame_003726.png,626.8720092773438,234.39686584472656,897.4205932617188,-37.341182708740234,28.689319610595703,164.4250030517578
frame_003727.png,626.9797973632812,234.38775634765625,897.61962890625,-37.40770721435547,28.72705078125,164.3540802001953
frame_003728.png,627.0950927734375,234.3743438720703,897.8277587890625,-37.47575759887695,28.765295028686523,164.27699279785156
frame_003729.png,627.2112426757812,234.3570098876953,898.06787109375,-37.57410430908203,28.805133819580078,164.18313598632812
frame_003730.png,627.3828735351562,234.35910034179688,898.3660888671875,-37.691650390625,28.85562515258789,164.1114501953125
frame_003731.png,627.578369140625,234.36859130859375,898.6671142578125,-37.835716247558594,28.89565086364746,164.08331298828125
frame_003732.png,627.7575073242188,234.40765380859375,898.9611206054688,-37.94800567626953,28.935110092163086,164.10154724121094
frame_003733.png,627.8890991210938,234.4470672607422,899.219970703125,-38.055877685546875,28.981786727905273,164.12075805664062
frame_003734.png,627.9978637695312,234.48602294921875,899.4957275390625,-38.14151382446289,29.020360946655273,164.09384155273438
frame_003735.png,628.073486328125,234.53887939453125,899.7970581054688,-38.239009857177734,29.017379760742188,164.08938598632812
frame_003736.png,628.0323486328125,234.59585571289062,900.0740356445312,-38.33966064453125,29.007740020751953,164.0650177001953
frame_003737.png,627.9571533203125,234.63352966308594,900.3718872070312,-38.42861557006836,29.003719329833984,164.1201934814453
frame_003738.png,628.0291137695312,234.7102508544922,900.6204833984375,-38.47098159790039,28.979721069335938,164.2313690185547
frame_003739.png,628.1781616210938,234.81231689453125,900.8094482421875,-38.49809265136719,28.960277557373047,164.26490783691406
frame_003740.png,628.4251098632812,234.89688110351562,900.949951171875,-38.487579345703125,28.932106018066406,164.32354736328125
frame_003741.png,628.7445068359375,234.96995544433594,901.0751342773438,-38.44717788696289,28.906160354614258,164.4267120361328
frame_003742.png,629.10302734375,235.04183959960938,901.192626953125,-38.39400100708008,28.885114669799805,164.5474090576172
frame_003743.png,629.460205078125,235.10997009277344,901.3097534179688,-38.33661651611328,28.865854263305664,164.69265747070312
frame_003744.png,629.810791015625,235.18069458007812,901.4238891601562,-38.291603088378906,28.8469181060791,164.86985778808594
frame_003745.png,630.1200561523438,235.2518768310547,901.5635375976562,-38.27003860473633,28.829729080200195,165.02682495117188
frame_003746.png,630.4090576171875,235.32594299316406,901.7308959960938,-38.27779006958008,28.82912254333496,165.15904235839844
frame_003747.png,630.7359008789062,235.41867065429688,901.8916015625,-38.27503204345703,28.812997817993164,165.30772399902344
frame_003748.png,631.0632934570312,235.51344299316406,902.0385131835938,-38.301673889160156,28.821325302124023,165.45263671875
frame_003749.png,631.3339233398438,235.5823974609375,902.1801147460938,-38.34994125366211,28.82875633239746,165.61363220214844
frame_003750.png,631.5480346679688,235.64187622070312,902.2893676757812,-38.3897819519043,28.833438873291016,165.76553344726562
frame_003751.png,631.703857421875,235.68939208984375,902.3291625976562,-38.39643478393555,28.828323364257812,165.88832092285156
frame_003752.png,631.7451782226562,235.7318572998047,902.3974609375,-38.3870964050293,28.828784942626953,165.95779418945312
frame_003753.png,631.677490234375,235.77696228027344,902.5272216796875,-38.37699508666992,28.827800750732422,166.00921630859375
frame_003754.png,631.533203125,235.83514404296875,902.6895141601562,-38.37919235229492,28.828824996948242,166.04330444335938
frame_003755.png,631.3377075195312,235.8945770263672,902.9031372070312,-38.40781021118164,28.83047866821289,166.04428100585938
frame_003756.png,631.1574096679688,235.93728637695312,903.1400756835938,-38.469181060791016,28.83668327331543,166.0124053955078
frame_003757.png,631.0172119140625,235.9801788330078,903.3690795898438,-38.547611236572266,28.85325813293457,165.9844512939453
frame_003758.png,630.9284057617188,236.0191192626953,903.6058349609375,-38.625553131103516,28.881345748901367,165.950927734375
frame_003759.png,630.8700561523438,236.0439910888672,903.8623657226562,-38.70431900024414,28.921321868896484,165.9242706298828
frame_003760.png,630.8310546875,236.0548553466797,904.1494140625,-38.77394485473633,28.968910217285156,165.8980255126953
frame_003761.png,630.8148193359375,236.05587768554688,904.45361328125,-38.83171081542969,29.01621437072754,165.8648223876953
frame_003762.png,630.796875,236.04737854003906,904.7861938476562,-38.90516662597656,29.061494827270508,165.8070831298828
frame_003763.png,630.8131713867188,236.04779052734375,905.1282348632812,-38.97585678100586,29.11090850830078,165.74415588378906
frame_003764.png,630.8279418945312,236.05650329589844,905.4981079101562,-39.043113708496094,29.15962028503418,165.69696044921875
frame_003765.png,630.8500366210938,236.06948852539062,905.8892822265625,-39.13479995727539,29.213315963745117,165.68284606933594
frame_003766.png,630.8928833007812,236.1063690185547,906.3078002929688,-39.229454040527344,29.268049240112305,165.68798828125
frame_003767.png,630.9105834960938,236.15354919433594,906.733642578125,-39.3448486328125,29.318931579589844,165.71229553222656
frame_003768.png,630.9014892578125,236.18040466308594,907.177001953125,-39.470741271972656,29.371885299682617,165.7334747314453
frame_003769.png,630.8724365234375,236.1913604736328,907.6375732421875,-39.59739303588867,29.42861557006836,165.73330688476562
frame_003770.png,630.8527221679688,236.2054443359375,908.1104125976562,-39.7017822265625,29.474851608276367,165.70867919921875
frame_003771.png,630.8704833984375,236.22816467285156,908.569580078125,-39.80531311035156,29.50551986694336,165.68968200683594
frame_003772.png,630.9736328125,236.26837158203125,908.9993286132812,-39.873382568359375,29.536605834960938,165.69662475585938
frame_003773.png,631.116455078125,236.33328247070312,909.41748046875,-39.93029022216797,29.577030181884766,165.67799377441406
frame_003774.png,631.2666625976562,236.3848419189453,909.8057250976562,-39.987422943115234,29.62040138244629,165.65359497070312
frame_003775.png,631.4176635742188,236.42208862304688,910.1865844726562,-40.04623794555664,29.66737937927246,165.62423706054688
frame_003776.png,631.5602416992188,236.43936157226562,910.5823364257812,-40.104148864746094,29.719425201416016,165.595703125
frame_003777.png,631.687255859375,236.43801879882812,910.9993286132812,-40.158321380615234,29.7752685546875,165.5703582763672
frame_003778.png,631.7980346679688,236.4234161376953,911.4307250976562,-40.20795440673828,29.831510543823242,165.54859924316406
frame_003779.png,631.8978271484375,236.40208435058594,911.87060546875,-40.25461959838867,29.88831329345703,165.5273895263672
frame_003780.png,631.9898681640625,236.37745666503906,912.3200073242188,-40.300880432128906,29.944406509399414,165.50677490234375
frame_003781.png,632.0761108398438,236.3506622314453,912.776611328125,-40.3465690612793,29.99941062927246,165.48336791992188
frame_003782.png,632.1620483398438,236.32301330566406,913.234375,-40.38521194458008,30.049938201904297,165.45773315429688
frame_003783.png,632.2481079101562,236.30364990234375,913.6866455078125,-40.412132263183594,30.0939884185791,165.42449951171875
frame_003784.png,632.3237915039062,236.29324340820312,914.1343994140625,-40.426753997802734,30.12941551208496,165.38414001464844
frame_003785.png,632.39990234375,236.28497314453125,914.5731201171875,-40.424259185791016,30.157703399658203,165.34494018554688
frame_003786.png,632.4859619140625,236.27713012695312,914.9999389648438,-40.40708541870117,30.181882858276367,165.31008911132812
frame_003787.png,632.580078125,236.27980041503906,915.4169921875,-40.38979721069336,30.199321746826172,165.26556396484375
frame_003788.png,632.6822509765625,236.3025360107422,915.8158569335938,-40.377506256103516,30.204099655151367,165.21690368652344
frame_003789.png,632.7828369140625,236.33949279785156,916.20263671875,-40.37089538574219,30.201841354370117,165.17726135253906
frame_003790.png,632.8839111328125,236.38470458984375,916.5846557617188,-40.364200592041016,30.193452835083008,165.1461639404297
frame_003791.png,632.9867553710938,236.4358673095703,916.9619140625,-40.35828399658203,30.180736541748047,165.12286376953125
frame_003792.png,633.09033203125,236.4927978515625,917.3391723632812,-40.35018539428711,30.167247772216797,165.1049041748047
frame_003793.png,633.1983032226562,236.55337524414062,917.7083740234375,-40.343833923339844,30.152551651000977,165.09011840820312
frame_003794.png,633.3134765625,236.6167449951172,918.0701293945312,-40.33972930908203,30.136093139648438,165.0794677734375
frame_003795.png,633.4312133789062,236.68809509277344,918.4295654296875,-40.33670425415039,30.117799758911133,165.07106018066406
frame_003796.png,633.5567626953125,236.7592315673828,918.77734375,-40.33232498168945,30.09586524963379,165.06900024414062
frame_003797.png,633.6915283203125,236.8341064453125,919.1172485351562,-40.322261810302734,30.0736141204834,165.06558227539062
frame_003798.png,633.8387451171875,236.9123992919922,919.4495849609375,-40.304901123046875,30.05267906188965,165.05255126953125
frame_003799.png,633.9995727539062,236.99215698242188,919.7695922851562,-40.284149169921875,30.03215217590332,165.02976989746094
frame_003800.png,634.1756591796875,237.06967163085938,920.0827026367188,-40.263370513916016,30.012611389160156,165.0040740966797
frame_003801.png,634.3685302734375,237.14291381835938,920.3873901367188,-40.23899841308594,29.996362686157227,164.98114013671875
frame_003802.png,634.5692138671875,237.20835876464844,920.6792602539062,-40.209503173828125,29.987598419189453,164.96653747558594
frame_003803.png,634.7737426757812,237.26065063476562,920.9546508789062,-40.17592239379883,29.98589515686035,164.9524688720703
frame_003804.png,634.974365234375,237.29544067382812,921.2243041992188,-40.142452239990234,29.99079704284668,164.9320526123047
frame_003805.png,635.1605834960938,237.30372619628906,921.5197143554688,-40.11555862426758,30.006166458129883,164.9060821533203
frame_003806.png,635.3304443359375,237.29417419433594,921.8485107421875,-40.09662628173828,30.030797958374023,164.87408447265625
frame_003807.png,635.4830322265625,237.2730255126953,922.2054443359375,-40.0907096862793,30.06075668334961,164.83563232421875
frame_003808.png,635.6165771484375,237.24404907226562,922.5841064453125,-40.093894958496094,30.09234046936035,164.7965087890625
frame_003809.png,635.7404174804688,237.21253967285156,922.9810180664062,-40.09585189819336,30.125120162963867,164.7673797607422
frame_003810.png,635.8550415039062,237.17788696289062,923.3883056640625,-40.098915100097656,30.157432556152344,164.73568725585938
frame_003811.png,635.9612426757812,237.14878845214844,923.8028564453125,-40.09278106689453,30.187191009521484,164.7025146484375
frame_003812.png,636.0726928710938,237.1257781982422,924.207275390625,-40.066673278808594,30.20783805847168,164.67144775390625
frame_003813.png,636.1961059570312,237.1084442138672,924.6002197265625,-40.044715881347656,30.231292724609375,164.63214111328125
frame_003814.png,636.3171997070312,237.09999084472656,924.9979248046875,-40.01445770263672,30.25202178955078,164.5936279296875
frame_003815.png,636.4360961914062,237.10350036621094,925.3707275390625,-39.99307632446289,30.261505126953125,164.54342651367188
frame_003816.png,636.5614624023438,237.11090087890625,925.748779296875,-39.97893524169922,30.273778915405273,164.4950714111328
frame_003817.png,636.7130126953125,237.14309692382812,926.10546875,-39.9643669128418,30.284704208374023,164.4423370361328
frame_003818.png,636.90087890625,237.17967224121094,926.4212036132812,-39.95075607299805,30.299997329711914,164.41236877441406
frame_003819.png,637.1121826171875,237.221923828125,926.736083984375,-39.95015335083008,30.331356048583984,164.4286651611328
frame_003820.png,637.2932739257812,237.28421020507812,927.0908813476562,-39.98170471191406,30.37558364868164,164.4311065673828
frame_003821.png,637.4512939453125,237.3550567626953,927.4671020507812,-40.0355110168457,30.41939926147461,164.42404174804688
frame_003822.png,637.6036987304688,237.4257049560547,927.8466796875,-40.086158752441406,30.459434509277344,164.40321350097656
frame_003823.png,637.7691040039062,237.49879455566406,928.21826171875,-40.12228775024414,30.492538452148438,164.38058471679688
frame_003824.png,637.9478149414062,237.5787353515625,928.5895385742188,-40.15884780883789,30.522613525390625,164.3539276123047
frame_003825.png,638.1394653320312,237.65899658203125,928.9561157226562,-40.19838333129883,30.550079345703125,164.33712768554688
frame_003826.png,638.3471069335938,237.7374267578125,929.3135375976562,-40.234989166259766,30.575637817382812,164.3373260498047
frame_003827.png,638.5676879882812,237.8138885498047,929.6643676757812,-40.26984405517578,30.598634719848633,164.352783203125
frame_003828.png,638.7980346679688,237.88743591308594,930.0105590820312,-40.30118179321289,30.619449615478516,164.3786163330078
frame_003829.png,639.033935546875,237.9576416015625,930.3499755859375,-40.32513427734375,30.638559341430664,164.40792846679688
frame_003830.png,639.2752685546875,238.02676391601562,930.6804809570312,-40.342613220214844,30.655838012695312,164.4344024658203
frame_003831.png,639.519287109375,238.09718322753906,931.0062255859375,-40.35329055786133,30.67012596130371,164.4547119140625
frame_003832.png,639.7642211914062,238.1706085205078,931.3308715820312,-40.356590270996094,30.681747436523438,164.4639129638672
frame_003833.png,640.0052490234375,238.24815368652344,931.6624755859375,-40.355289459228516,30.691680908203125,164.46080017089844
frame_003834.png,640.2388305664062,238.3301239013672,932.006591796875,-40.35179901123047,30.70026206970215,164.44918823242188
frame_003835.png,640.4661865234375,238.4117889404297,932.3635864257812,-40.35428237915039,30.71017074584961,164.43711853027344
frame_003836.png,640.6842651367188,238.4936065673828,932.7433471679688,-40.37386703491211,30.724369049072266,164.41673278808594
frame_003837.png,640.896484375,238.57882690429688,933.1478881835938,-40.3982048034668,30.74324607849121,164.39532470703125
frame_003838.png,641.1050415039062,238.66650390625,933.5630493164062,-40.4193115234375,30.763450622558594,164.3802032470703
frame_003839.png,641.313720703125,238.7565460205078,933.980224609375,-40.4318733215332,30.78335952758789,164.37924194335938
frame_003840.png,641.5303955078125,238.8481903076172,934.3981323242188,-40.43673324584961,30.800752639770508,164.39111328125
frame_003841.png,641.7539672851562,238.9382781982422,934.8099365234375,-40.43867874145508,30.815139770507812,164.41380310058594
frame_003842.png,641.9779663085938,239.02389526367188,935.216552734375,-40.43673324584961,30.829605102539062,164.43641662597656
frame_003843.png,642.2034912109375,239.1046905517578,935.6194458007812,-40.42870330810547,30.845212936401367,164.4559326171875
frame_003844.png,642.4329833984375,239.1818084716797,936.0192260742188,-40.41444396972656,30.860456466674805,164.4737091064453
frame_003845.png,642.668212890625,239.2654571533203,936.4263305664062,-40.401851654052734,30.876367568969727,164.4978485107422
frame_003846.png,642.9033203125,239.35543823242188,936.8458251953125,-40.38801574707031,30.896724700927734,164.52146911621094
frame_003847.png,643.1329956054688,239.44642639160156,937.29296875,-40.38157272338867,30.922521591186523,164.5463409423828
frame_003848.png,643.3323974609375,239.5277862548828,937.7506713867188,-40.39324188232422,30.951461791992188,164.55406188964844
frame_003849.png,643.521728515625,239.60427856445312,938.225830078125,-40.41617202758789,30.998489379882812,164.55345153808594
frame_003850.png,643.6995849609375,239.682861328125,938.709228515625,-40.438411712646484,31.0446834564209,164.56475830078125
frame_003851.png,643.8734741210938,239.74903869628906,939.1829833984375,-40.46649169921875,31.076236724853516,164.6058807373047
frame_003852.png,644.0443115234375,239.80137634277344,939.62451171875,-40.503173828125,31.101043701171875,164.68141174316406
frame_003853.png,644.2188720703125,239.85992431640625,940.0674438476562,-40.564754486083984,31.118572235107422,164.7827911376953
frame_003854.png,644.4161376953125,239.92855834960938,940.5029907226562,-40.6400032043457,31.13532257080078,164.88270568847656
frame_003855.png,644.6697387695312,240.00303649902344,940.9336547851562,-40.70507049560547,31.153257369995117,164.9913787841797
frame_003856.png,644.9536743164062,240.08596801757812,941.3516845703125,-40.76301193237305,31.168331146240234,165.09620666503906
frame_003857.png,645.2606201171875,240.1758575439453,941.7606201171875,-40.81816864013672,31.176382064819336,165.1935577392578
frame_003858.png,645.5855102539062,240.27145385742188,942.1654052734375,-40.87046432495117,31.17555046081543,165.28939819335938
frame_003859.png,645.9002685546875,240.36868286132812,942.5750122070312,-40.925872802734375,31.17116355895996,165.3888702392578
frame_003860.png,646.1661987304688,240.46267700195312,942.986572265625,-40.99434280395508,31.165573120117188,165.50265502929688
frame_003861.png,646.3839111328125,240.5620574951172,943.3903198242188,-41.07797622680664,31.158815383911133,165.6239013671875
frame_003862.png,646.5894775390625,240.66552734375,943.7548217773438,-41.16453552246094,31.149127960205078,165.7402801513672
frame_003863.png,646.7806396484375,240.7654266357422,944.0775146484375,-41.24705123901367,31.12104034423828,165.86802673339844
frame_003864.png,646.9480590820312,240.85853576660156,944.3582763671875,-41.31889724731445,31.087051391601562,165.98207092285156
frame_003865.png,647.1473999023438,240.94786071777344,944.5619506835938,-41.37718963623047,31.04854965209961,166.0402374267578
frame_003866.png,647.3645629882812,241.02296447753906,944.6947021484375,-41.38941955566406,31.018983840942383,166.08265686035156
frame_003867.png,647.5779418945312,241.06492614746094,944.8031616210938,-41.394989013671875,31.0129337310791,166.1415252685547
frame_003868.png,647.7887573242188,241.1033172607422,944.88818359375,-41.36686325073242,31.00489616394043,166.18228149414062
frame_003869.png,647.969482421875,241.14183044433594,945.0264282226562,-41.38724899291992,31.023334503173828,166.2457733154297
frame_003870.png,648.1154174804688,241.19155883789062,945.2167358398438,-41.42856216430664,31.034748077392578,166.3124542236328
frame_003871.png,648.2721557617188,241.2946319580078,945.3768310546875,-41.437950134277344,31.020029067993164,166.38287353515625
frame_003872.png,648.4479370117188,241.4219970703125,945.5335083007812,-41.41979217529297,31.006214141845703,166.4550018310547
frame_003873.png,648.6458129882812,241.56520080566406,945.6962890625,-41.405181884765625,30.983619689941406,166.519775390625
frame_003874.png,648.8941040039062,241.70889282226562,945.8766479492188,-41.3858642578125,30.961509704589844,166.61155700683594
frame_003875.png,649.170654296875,241.840087890625,946.0625,-41.364234924316406,30.94162940979004,166.71588134765625
frame_003876.png,649.4578857421875,241.96803283691406,946.249267578125,-41.33945083618164,30.923059463500977,166.82276916503906
frame_003877.png,649.7586059570312,242.09613037109375,946.4381713867188,-41.31330490112305,30.906951904296875,166.93246459960938
frame_003878.png,650.0614013671875,242.22189331054688,946.6323852539062,-41.2923698425293,30.889617919921875,167.0542755126953
frame_003879.png,650.3683471679688,242.3483123779297,946.8308715820312,-41.27275848388672,30.86665153503418,167.17349243164062
frame_003880.png,650.6762084960938,242.47647094726562,947.02099609375,-41.252098083496094,30.833341598510742,167.277587890625
frame_003881.png,650.97802734375,242.60800170898438,947.2056884765625,-41.23310852050781,30.79344367980957,167.36734008789062
frame_003882.png,651.2733154296875,242.74099731445312,947.3854370117188,-41.20599365234375,30.759122848510742,167.44265747070312
frame_003883.png,651.5560913085938,242.86534118652344,947.5684204101562,-41.1883544921875,30.729228973388672,167.49819946289062
frame_003884.png,651.8134765625,242.9803924560547,947.7578735351562,-41.181190490722656,30.703092575073242,167.54090881347656
frame_003885.png,652.04443359375,243.09140014648438,947.9666748046875,-41.1896858215332,30.67768669128418,167.55291748046875
frame_003886.png,652.2510986328125,243.197998046875,948.1859741210938,-41.2032585144043,30.653392791748047,167.5565948486328
frame_003887.png,652.4353637695312,243.30140686035156,948.4086303710938,-41.202674865722656,30.6348819732666,167.5654296875
frame_003888.png,652.595703125,243.3948211669922,948.6334838867188,-41.18661117553711,30.622529983520508,167.5731658935547
frame_003889.png,652.7369995117188,243.4866180419922,948.8590087890625,-41.170684814453125,30.609891891479492,167.56759643554688
frame_003890.png,652.8577880859375,243.5792236328125,949.092041015625,-41.161598205566406,30.59858512878418,167.5589141845703
frame_003891.png,652.9898681640625,243.67311096191406,949.304931640625,-41.15335464477539,30.59571075439453,167.5574188232422
frame_003892.png,653.1459350585938,243.760498046875,949.4906005859375,-41.13886260986328,30.605775833129883,167.56173706054688
frame_003893.png,653.3175659179688,243.84622192382812,949.6683349609375,-41.11662292480469,30.623750686645508,167.56942749023438
frame_003894.png,653.5146484375,243.93215942382812,949.8423461914062,-41.097999572753906,30.64409828186035,167.57017517089844
frame_003895.png,653.7318725585938,244.02536010742188,950.0107421875,-41.07802200317383,30.663272857666016,167.56773376464844
frame_003896.png,653.9597778320312,244.1260223388672,950.177001953125,-41.061279296875,30.678407669067383,167.57052612304688
frame_003897.png,654.1919555664062,244.23223876953125,950.374755859375,-41.048744201660156,30.69257164001465,167.56600952148438
frame_003898.png,654.4176635742188,244.34117126464844,950.6217041015625,-41.03947448730469,30.70707130432129,167.5582275390625
frame_003899.png,654.632080078125,244.44764709472656,950.919677734375,-41.0360221862793,30.72311019897461,167.54541015625
frame_003900.png,654.8386840820312,244.55026245117188,951.2593994140625,-41.03884506225586,30.74331283569336,167.5358428955078
frame_003901.png,655.0411376953125,244.64788818359375,951.6261596679688,-41.04621887207031,30.76608657836914,167.52513122558594
frame_003902.png,655.2619018554688,244.7422332763672,952.0062866210938,-41.03638458251953,30.792110443115234,167.52159118652344
frame_003903.png,655.4962768554688,244.83853149414062,952.40673828125,-41.014915466308594,30.829978942871094,167.5259246826172
frame_003904.png,655.7285766601562,244.92506408691406,952.8326416015625,-40.9900016784668,30.88095474243164,167.5410919189453
frame_003905.png,655.9450073242188,245.0010528564453,953.265380859375,-40.961246490478516,30.933635711669922,167.5496063232422
frame_003906.png,656.1649780273438,245.07867431640625,953.6642456054688,-40.94508361816406,30.982555389404297,167.55935668945312
frame_003907.png,656.39501953125,245.16192626953125,954.0253295898438,-40.962947845458984,31.01572036743164,167.5912628173828
frame_003908.png,656.6267700195312,245.24574279785156,954.365966796875,-40.9908447265625,31.037900924682617,167.6470489501953
frame_003909.png,656.8607177734375,245.3374786376953,954.6950073242188,-41.026432037353516,31.05254554748535,167.72113037109375
frame_003910.png,657.0966796875,245.43563842773438,955.0171508789062,-41.073455810546875,31.062328338623047,167.8106231689453
frame_003911.png,657.3453369140625,245.54141235351562,955.3224487304688,-41.125850677490234,31.0687255859375,167.90237426757812
frame_003912.png,657.611572265625,245.65640258789062,955.619873046875,-41.18458557128906,31.070436477661133,167.9938507080078
frame_003913.png,657.9078979492188,245.77688598632812,955.9140625,-41.23978042602539,31.06569480895996,168.08447265625
frame_003914.png,658.2398071289062,245.89773559570312,956.2058715820312,-41.28422546386719,31.05556297302246,168.17747497558594
frame_003915.png,658.600341796875,246.02052307128906,956.4979248046875,-41.319679260253906,31.04053497314453,168.27317810058594
frame_003916.png,658.9739990234375,246.14480590820312,956.7855224609375,-41.34764099121094,31.020017623901367,168.3704071044922
frame_003917.png,659.3497314453125,246.27169799804688,957.0614624023438,-41.370208740234375,30.994157791137695,168.46826171875
frame_003918.png,659.6983032226562,246.40586853027344,957.32763671875,-41.39997482299805,30.964534759521484,168.57286071777344
frame_003919.png,660.0228881835938,246.55072021484375,957.5838012695312,-41.434722900390625,30.932279586791992,168.67483520507812
frame_003920.png,660.343994140625,246.68649291992188,957.80419921875,-41.454620361328125,30.89866828918457,168.7831268310547
frame_003921.png,660.65576171875,246.81594848632812,957.9754028320312,-41.452022552490234,30.8690185546875,168.86874389648438
frame_003922.png,660.9417114257812,246.93533325195312,958.138671875,-41.4330940246582,30.84699249267578,168.95008850097656
frame_003923.png,661.2113647460938,247.03631591796875,958.2918090820312,-41.40755081176758,30.83312225341797,169.01959228515625
frame_003924.png,661.4660034179688,247.10015869140625,958.4008178710938,-41.35598373413086,30.823427200317383,169.06771850585938
frame_003925.png,661.6929931640625,247.17503356933594,958.5574951171875,-41.33747100830078,30.837182998657227,169.09451293945312
frame_003926.png,661.8920288085938,247.23924255371094,958.7432861328125,-41.320980072021484,30.85936737060547,169.11351013183594
frame_003927.png,662.0541381835938,247.2919464111328,958.953369140625,-41.31435012817383,30.885040283203125,169.13836669921875
frame_003928.png,662.1875,247.34657287597656,959.1990966796875,-41.30311965942383,30.909353256225586,169.1415252685547
frame_003929.png,662.3202514648438,247.404296875,959.5008544921875,-41.28068542480469,30.926368713378906,169.13973999023438
frame_003930.png,662.4530029296875,247.456787109375,959.8203125,-41.25886535644531,30.940534591674805,169.13308715820312
frame_003931.png,662.6040649414062,247.5111541748047,960.1162109375,-41.23395919799805,30.947490692138672,169.13153076171875
frame_003932.png,662.7720947265625,247.56539916992188,960.3975830078125,-41.20454025268555,30.952917098999023,169.11993408203125
frame_003933.png,662.9559936523438,247.6110076904297,960.6638793945312,-41.174259185791016,30.952152252197266,169.09469604492188
frame_003934.png,663.1519775390625,247.64593505859375,960.9263305664062,-41.14373779296875,30.94800567626953,169.07406616210938
frame_003935.png,663.3545532226562,247.67257690429688,961.1864013671875,-41.118499755859375,30.942277908325195,169.06375122070312
frame_003936.png,663.5728149414062,247.6942901611328,961.449462890625,-41.09366226196289,30.93490219116211,169.0652618408203
frame_003937.png,663.8035888671875,247.71566772460938,961.7153930664062,-41.05780792236328,30.92287826538086,169.07958984375
frame_003938.png,664.0424194335938,247.7380828857422,961.9755859375,-41.00674819946289,30.905868530273438,169.1061553955078
frame_003939.png,664.2843627929688,247.76695251464844,962.2451782226562,-40.952491760253906,30.88033103942871,169.12782287597656
frame_003940.png,664.5130615234375,247.82037353515625,962.5274658203125,-40.90069580078125,30.85326385498047,169.13766479492188
frame_003941.png,664.7227783203125,247.8931884765625,962.8463134765625,-40.8624267578125,30.826398849487305,169.1412353515625
frame_003942.png,664.8958740234375,247.97012329101562,963.171630859375,-40.82221984863281,30.8022518157959,169.14466857910156
frame_003943.png,665.0385131835938,248.04629516601562,963.495849609375,-40.79094696044922,30.78385353088379,169.13302612304688
frame_003944.png,665.1627197265625,248.12767028808594,963.8261108398438,-40.76951217651367,30.768430709838867,169.10858154296875
frame_003945.png,665.2796630859375,248.21054077148438,964.1599731445312,-40.75175476074219,30.756731033325195,169.078369140625
frame_003946.png,665.393798828125,248.28866577148438,964.4937133789062,-40.739627838134766,30.747751235961914,169.0490264892578
frame_003947.png,665.5100708007812,248.36041259765625,964.8245239257812,-40.726318359375,30.74078941345215,169.01608276367188
frame_003948.png,665.6314086914062,248.42681884765625,965.1477661132812,-40.71062088012695,30.7351131439209,168.9804229736328
frame_003949.png,665.7575073242188,248.49362182617188,965.4594116210938,-40.68989562988281,30.72899055480957,168.94097900390625
frame_003950.png,665.8865966796875,248.5598907470703,965.7612915039062,-40.664207458496094,30.720874786376953,168.8982696533203
frame_003951.png,666.015380859375,248.62351989746094,966.0617065429688,-40.63514709472656,30.713237762451172,168.8548126220703
frame_003952.png,666.1421508789062,248.68434143066406,966.3517456054688,-40.59773635864258,30.706741333007812,168.8113250732422
frame_003953.png,666.2621459960938,248.74853515625,966.6341552734375,-40.55990219116211,30.699735641479492,168.77523803710938
frame_003954.png,666.3831787109375,248.81153869628906,966.9327392578125,-40.53213882446289,30.692808151245117,168.74452209472656
frame_003955.png,666.5125732421875,248.8711700439453,967.262451171875,-40.50992965698242,30.689205169677734,168.715087890625
frame_003956.png,666.6353149414062,248.92660522460938,967.6317749023438,-40.49180221557617,30.683197021484375,168.6925506591797
frame_003957.png,666.7533569335938,248.9814910888672,968.029052734375,-40.47289276123047,30.678150177001953,168.6771240234375
frame_003958.png,666.8823852539062,249.03611755371094,968.4144897460938,-40.444435119628906,30.668460845947266,168.67576599121094
frame_003959.png,667.0305786132812,249.09243774414062,968.7936401367188,-40.42045211791992,30.65091896057129,168.68026733398438
frame_003960.png,667.2008666992188,249.1524658203125,969.1564331054688,-40.405982971191406,30.628408432006836,168.68829345703125
frame_003961.png,667.388916015625,249.2134552001953,969.4925537109375,-40.393287658691406,30.603404998779297,168.6991729736328
frame_003962.png,667.5880126953125,249.2706298828125,969.806884765625,-40.37860107421875,30.579240798950195,168.7108154296875
frame_003963.png,667.7957763671875,249.3201904296875,970.103759765625,-40.361202239990234,30.55568504333496,168.7193145751953
frame_003964.png,668.0097045898438,249.36181640625,970.3901977539062,-40.34186935424805,30.53348159790039,168.72811889648438
frame_003965.png,668.2289428710938,249.3995819091797,970.6694946289062,-40.31731414794922,30.51137924194336,168.73826599121094
frame_003966.png,668.4512329101562,249.43605041503906,970.9456176757812,-40.28339385986328,30.48851776123047,168.74801635742188
frame_003967.png,668.6764526367188,249.47409057617188,971.2244262695312,-40.2406005859375,30.46579933166504,168.7576446533203
frame_003968.png,668.9021606445312,249.51885986328125,971.5105590820312,-40.19859313964844,30.446182250976562,168.75875854492188
frame_003969.png,669.1113891601562,249.57823181152344,971.8185424804688,-40.16191101074219,30.427949905395508,168.74822998046875
frame_003970.png,669.3021850585938,249.64767456054688,972.146728515625,-40.12610626220703,30.408676147460938,168.73619079589844
frame_003971.png,669.4528198242188,249.7161865234375,972.4869384765625,-40.0959587097168,30.39653778076172,168.72857666015625
frame_003972.png,669.5786743164062,249.79039001464844,972.8269653320312,-40.0657958984375,30.389209747314453,168.70252990722656
frame_003973.png,669.6843872070312,249.85894775390625,973.181396484375,-40.045833587646484,30.385700225830078,168.67141723632812
frame_003974.png,669.7802124023438,249.92433166503906,973.54736328125,-40.03065872192383,30.386234283447266,168.64967346191406
frame_003975.png,669.8834838867188,249.9948272705078,973.8969116210938,-40.01333236694336,30.382793426513672,168.63131713867188
frame_003976.png,669.9965209960938,250.07598876953125,974.2142944335938,-39.999935150146484,30.373464584350586,168.61090087890625
frame_003977.png,670.1384887695312,250.15658569335938,974.5,-39.98173904418945,30.36514663696289,168.59654235839844
frame_003978.png,670.3136596679688,250.2341766357422,974.7406005859375,-39.94802474975586,30.356403350830078,168.59481811523438
frame_003979.png,670.5008544921875,250.31039428710938,974.960205078125,-39.91108322143555,30.352750778198242,168.5952606201172
frame_003980.png,670.6852416992188,250.38331604003906,975.1799926757812,-39.87535858154297,30.35703468322754,168.5979766845703
frame_003981.png,670.8639526367188,250.45489501953125,975.4087524414062,-39.83945846557617,30.367891311645508,168.59666442871094
frame_003982.png,671.047119140625,250.52792358398438,975.6348876953125,-39.800167083740234,30.37533187866211,168.58926391601562
frame_003983.png,671.2398681640625,250.607177734375,975.8616333007812,-39.755653381347656,30.37799644470215,168.56863403320312
frame_003984.png,671.4212036132812,250.6940460205078,976.09521484375,-39.70822525024414,30.375089645385742,168.53945922851562
frame_003985.png,671.5982055664062,250.7857666015625,976.342529296875,-39.66191101074219,30.37158966064453,168.50318908691406
frame_003986.png,671.7562255859375,250.87103271484375,976.5968627929688,-39.624629974365234,30.361772537231445,168.4757080078125
frame_003987.png,671.8930053710938,250.95816040039062,976.8746948242188,-39.59443664550781,30.352685928344727,168.44403076171875
frame_003988.png,672.0281982421875,251.02821350097656,977.2017822265625,-39.574249267578125,30.34722900390625,168.43258666992188
frame_003989.png,672.1484985351562,251.10069274902344,977.5634765625,-39.56135559082031,30.33647346496582,168.44044494628906
frame_003990.png,672.2628784179688,251.1683349609375,977.8992919921875,-39.527984619140625,30.321636199951172,168.47500610351562
frame_003991.png,672.4113159179688,251.24900817871094,978.2374877929688,-39.483516693115234,30.306102752685547,168.51356506347656
frame_003992.png,672.609619140625,251.33111572265625,978.5606079101562,-39.43565368652344,30.28968048095703,168.55953979492188
frame_003993.png,672.84228515625,251.41754150390625,978.8718872070312,-39.37226486206055,30.277313232421875,168.61273193359375
frame_003994.png,673.0853271484375,251.49209594726562,979.1781005859375,-39.30170822143555,30.26082992553711,168.67947387695312
frame_003995.png,673.3270874023438,251.5502166748047,979.48681640625,-39.24014663696289,30.24220085144043,168.74302673339844
frame_003996.png,673.5682983398438,251.59246826171875,979.8175048828125,-39.19675827026367,30.226778030395508,168.81809997558594
frame_003997.png,673.8223266601562,251.6259002685547,980.15869140625,-39.149513244628906,30.21421241760254,168.91773986816406
frame_003998.png,674.0824584960938,251.65626525878906,980.5122680664062,-39.10149002075195,30.20390510559082,169.0366973876953
frame_003999.png,674.351806640625,251.69021606445312,980.8737182617188,-39.05366134643555,30.19783592224121,169.16543579101562
frame_004000.png,674.6262817382812,251.7316436767578,981.2401123046875,-39.006927490234375,30.195018768310547,169.29928588867188
frame_004001.png,674.8980712890625,251.7807159423828,981.59814453125,-38.963375091552734,30.190670013427734,169.4390106201172
frame_004002.png,675.1709594726562,251.84310913085938,981.9459228515625,-38.9229850769043,30.18436050415039,169.58267211914062
frame_004003.png,675.4431762695312,251.92669677734375,982.2733154296875,-38.881019592285156,30.175878524780273,169.72679138183594
frame_004004.png,675.7230834960938,252.02890014648438,982.5775756835938,-38.831844329833984,30.16585350036621,169.85426330566406
frame_004005.png,676.0020141601562,252.14794921875,982.8617553710938,-38.772056579589844,30.151220321655273,169.9595947265625
frame_004006.png,676.2606811523438,252.28729248046875,983.1270141601562,-38.69755935668945,30.136585235595703,170.03347778320312
frame_004007.png,676.4954223632812,252.4428253173828,983.365966796875,-38.62503433227539,30.129127502441406,170.08702087402344
frame_004008.png,676.7195434570312,252.6056671142578,983.5621948242188,-38.57509231567383,30.125734329223633,170.1346435546875
frame_004009.png,676.9461669921875,252.76832580566406,983.70947265625,-38.53691101074219,30.11802101135254,170.17893981933594
frame_004010.png,677.1764526367188,252.93043518066406,983.8247680664062,-38.507694244384766,30.104637145996094,170.21871948242188
frame_004011.png,677.4087524414062,253.09063720703125,983.922607421875,-38.48701858520508,30.08458709716797,170.25454711914062
frame_004012.png,677.6395874023438,253.248779296875,984.0176391601562,-38.47306442260742,30.059852600097656,170.28897094726562
frame_004013.png,677.8628540039062,253.4037628173828,984.1124877929688,-38.46552276611328,30.033308029174805,170.32254028320312
frame_004014.png,678.0803833007812,253.5558319091797,984.20849609375,-38.46623992919922,30.006166458129883,170.35903930664062
frame_004015.png,678.2910766601562,253.70420837402344,984.3038330078125,-38.48133087158203,29.98101043701172,170.40061950683594
frame_004016.png,678.4978637695312,253.85325622558594,984.3964233398438,-38.50373077392578,29.954833984375,170.44268798828125
frame_004017.png,678.7025146484375,254.00369262695312,984.4808349609375,-38.531005859375,29.929340362548828,170.48570251464844
frame_004018.png,678.9113159179688,254.15847778320312,984.5559692382812,-38.56601333618164,29.902366638183594,170.5209503173828
frame_004019.png,679.124267578125,254.32159423828125,984.6278076171875,-38.59738540649414,29.87559700012207,170.54978942871094
frame_004020.png,679.34423828125,254.4910125732422,984.6965942382812,-38.62155532836914,29.847036361694336,170.5721435546875
frame_004021.png,679.57080078125,254.6650390625,984.7714233398438,-38.63664245605469,29.82172203063965,170.5965118408203
frame_004022.png,679.8141479492188,254.83847045898438,984.8516235351562,-38.640140533447266,29.799097061157227,170.621826171875
frame_004023.png,680.086669921875,255.0028533935547,984.93115234375,-38.62607955932617,29.778289794921875,170.6462860107422
frame_004024.png,680.3865966796875,255.1587371826172,985.0164794921875,-38.595184326171875,29.762176513671875,170.6785888671875
frame_004025.png,680.7037963867188,255.3092803955078,985.1002807617188,-38.558197021484375,29.743682861328125,170.71348571777344
frame_004026.png,681.0337524414062,255.45631408691406,985.1900024414062,-38.513214111328125,29.723417282104492,170.75563049316406
frame_004027.png,681.3677978515625,255.6031951904297,985.2877807617188,-38.46279525756836,29.701101303100586,170.81060791015625
frame_004028.png,681.7017822265625,255.75096130371094,985.3956298828125,-38.41087341308594,29.677553176879883,170.87759399414062
frame_004029.png,682.031494140625,255.90187072753906,985.5068969726562,-38.357513427734375,29.65300178527832,170.95193481445312
frame_004030.png,682.3478393554688,256.05621337890625,985.619140625,-38.30087661743164,29.62462043762207,171.02880859375
frame_004031.png,682.6536865234375,256.21563720703125,985.7294311523438,-38.233943939208984,29.594829559326172,171.10838317871094
frame_004032.png,682.9539794921875,256.3752746582031,985.8361206054688,-38.16093826293945,29.565380096435547,171.18846130371094
frame_004033.png,683.2536010742188,256.5394287109375,985.9363403320312,-38.08247756958008,29.53898048400879,171.26522827148438
frame_004034.png,683.550537109375,256.7093505859375,986.0296020507812,-38.00058364868164,29.51408576965332,171.3392791748047
frame_004035.png,683.84326171875,256.8817138671875,986.1183471679688,-37.92406463623047,29.48735237121582,171.41563415527344
frame_004036.png,684.119384765625,257.0555114746094,986.2098999023438,-37.853233337402344,29.45846176147461,171.49383544921875
frame_004037.png,684.3847045898438,257.22784423828125,986.2982177734375,-37.782386779785156,29.428783416748047,171.57080078125
frame_004038.png,684.6354370117188,257.3977966308594,986.3854370117188,-37.711456298828125,29.394805908203125,171.64048767089844
frame_004039.png,684.8582153320312,257.5589294433594,986.4793090820312,-37.65493392944336,29.357404708862305,171.72235107421875
frame_004040.png,685.0391845703125,257.70281982421875,986.5950317382812,-37.613624572753906,29.316701889038086,171.818359375
frame_004041.png,685.191162109375,257.8297424316406,986.7412109375,-37.57162094116211,29.276121139526367,171.9189453125
frame_004042.png,685.3140258789062,257.9439392089844,986.9241333007812,-37.5351676940918,29.238895416259766,172.012451171875
frame_004043.png,685.4095458984375,258.04095458984375,987.1327514648438,-37.509891510009766,29.206315994262695,172.09300231933594
frame_004044.png,685.4880981445312,258.12457275390625,987.3699951171875,-37.4973258972168,29.179208755493164,172.16162109375
frame_004045.png,685.5587158203125,258.1971435546875,987.6251831054688,-37.49039840698242,29.155080795288086,172.22328186035156
frame_004046.png,685.6248779296875,258.25762939453125,987.897705078125,-37.479095458984375,29.13486099243164,172.2789764404297
frame_004047.png,685.6864624023438,258.3069152832031,988.188232421875,-37.463253021240234,29.116376876831055,172.32958984375
frame_004048.png,685.7495727539062,258.3523254394531,988.4916381835938,-37.44596481323242,29.099817276000977,172.3733673095703
frame_004049.png,685.8358764648438,258.40313720703125,988.7910766601562,-37.425785064697266,29.087377548217773,172.40676879882812
frame_004050.png,685.9494018554688,258.4610595703125,989.078125,-37.406471252441406,29.0773983001709,172.43270874023438
frame_004051.png,686.0904541015625,258.5276794433594,989.3464965820312,-37.386619567871094,29.06616973876953,172.4529266357422
frame_004052.png,686.2492065429688,258.60223388671875,989.596435546875,-37.371551513671875,29.0540771484375,172.4711456298828
frame_004053.png,686.4230346679688,258.6804504394531,989.8289794921875,-37.36328887939453,29.038206100463867,172.4971466064453
frame_004054.png,686.6177368164062,258.75433349609375,990.0423583984375,-37.351104736328125,29.020601272583008,172.53602600097656
frame_004055.png,686.8226928710938,258.81884765625,990.26025390625,-37.3365478515625,29.005985260009766,172.5839080810547
frame_004056.png,687.0293579101562,258.87054443359375,990.4893188476562,-37.31372833251953,28.993165969848633,172.63961791992188
frame_004057.png,687.2320556640625,258.9129638671875,990.7330322265625,-37.27973556518555,28.98171043395996,172.70504760742188
frame_004058.png,687.4329223632812,258.9527893066406,990.9920043945312,-37.2327995300293,28.969226837158203,172.78106689453125
frame_004059.png,687.6426391601562,259.00054931640625,991.246337890625,-37.16303253173828,28.948204040527344,172.87081909179688
frame_004060.png,687.8795776367188,259.07464599609375,991.470947265625,-37.084190368652344,28.90927505493164,172.97520446777344
frame_004061.png,688.126953125,259.1902770996094,991.66650390625,-36.996917724609375,28.86200714111328,173.06781005859375
frame_004062.png,688.353515625,259.33648681640625,991.8158569335938,-36.9122314453125,28.81760597229004,173.12425231933594
frame_004063.png,688.5868530273438,259.5018005371094,991.923828125,-36.849239349365234,28.78423309326172,173.1617889404297
frame_004064.png,688.8453979492188,259.66583251953125,991.99267578125,-36.809059143066406,28.757740020751953,173.20443725585938
frame_004065.png,689.0991821289062,259.8275451660156,992.03369140625,-36.796592712402344,28.73784065246582,173.259765625
frame_004066.png,689.3250122070312,259.98431396484375,992.0758666992188,-36.82476043701172,28.72150993347168,173.32321166992188
frame_004067.png,689.514404296875,260.12652587890625,992.13427734375,-36.880306243896484,28.706804275512695,173.39230346679688
frame_004068.png,689.6820678710938,260.2548828125,992.169189453125,-36.93611145019531,28.695680618286133,173.4617156982422
frame_004069.png,689.8427124023438,260.3734436035156,992.1636352539062,-36.982398986816406,28.691797256469727,173.54144287109375
frame_004070.png,690.0044555664062,260.4859619140625,992.1387939453125,-37.01984786987305,28.69491195678711,173.62562561035156
frame_004071.png,690.166748046875,260.59124755859375,992.1129760742188,-37.05274200439453,28.709455490112305,173.70974731445312
frame_004072.png,690.31689453125,260.69305419921875,992.1135864257812,-37.08482360839844,28.739885330200195,173.7908935546875
frame_004073.png,690.457763671875,260.7925109863281,992.1415405273438,-37.111270904541016,28.773378372192383,173.86737060546875
frame_004074.png,690.5864868164062,260.89129638671875,992.1904907226562,-37.13380432128906,28.803220748901367,173.94094848632812
frame_004075.png,690.707763671875,260.9862060546875,992.2466430664062,-37.15547561645508,28.82503318786621,174.02037048339844
frame_004076.png,690.8157958984375,261.0785827636719,992.3129272460938,-37.182762145996094,28.831832885742188,174.0971221923828
frame_004077.png,690.9043579101562,261.1764831542969,992.394775390625,-37.21147155761719,28.832265853881836,174.1688690185547
frame_004078.png,690.9688110351562,261.28631591796875,992.4915161132812,-37.2124137878418,28.826900482177734,174.23768615722656
frame_004079.png,691.0557861328125,261.4144287109375,992.6101684570312,-37.17623519897461,28.811891555786133,174.27896118164062
frame_004080.png,691.1615600585938,261.5534973144531,992.7597045898438,-37.12081527709961,28.785079956054688,174.3182373046875
frame_004081.png,691.3226928710938,261.6882019042969,992.8750610351562,-37.054527282714844,28.754932403564453,174.3333282470703
frame_004082.png,691.5159912109375,261.7994384765625,992.9989013671875,-37.028114318847656,28.73400115966797,174.39332580566406
frame_004083.png,691.7412109375,261.8941955566406,993.1221313476562,-37.00909423828125,28.719127655029297,174.48118591308594
frame_004084.png,691.97998046875,261.98577880859375,993.2553100585938,-37.005271911621094,28.700658798217773,174.5255889892578
frame_004085.png,692.2050170898438,262.080078125,993.3956298828125,-36.9902458190918,28.683734893798828,174.5681610107422
frame_004086.png,692.4385375976562,262.16229248046875,993.5443115234375,-36.96951675415039,28.6795597076416,174.59732055664062
frame_004087.png,692.6568603515625,262.2156677246094,993.7179565429688,-36.93828582763672,28.67249870300293,174.67059326171875
frame_004088.png,692.8682861328125,262.2689514160156,993.88916015625,-36.88494873046875,28.66352081298828,174.7245635986328
frame_004089.png,693.05810546875,262.31390380859375,994.0822143554688,-36.83186721801758,28.651226043701172,174.79481506347656
frame_004090.png,693.2407836914062,262.35577392578125,994.282958984375,-36.762454986572266,28.638376235961914,174.85922241210938
frame_004091.png,693.425537109375,262.3909606933594,994.4915771484375,-36.68524169921875,28.620187759399414,174.9315948486328
frame_004092.png,693.63623046875,262.4267272949219,994.6983642578125,-36.60383987426758,28.604768753051758,175.00433349609375
frame_004093.png,693.8800048828125,262.45086669921875,994.8881225585938,-36.51854705810547,28.592988967895508,175.07545471191406
frame_004094.png,694.1220092773438,262.4709167480469,995.077880859375,-36.43609619140625,28.583736419677734,175.15492248535156
frame_004095.png,694.3274536132812,262.49755859375,995.2909545898438,-36.358543395996094,28.571008682250977,175.244384765625
frame_004096.png,694.5206909179688,262.5293273925781,995.5182495117188,-36.27423095703125,28.550127029418945,175.32522583007812
frame_004097.png,694.7227172851562,262.56927490234375,995.730224609375,-36.18403244018555,28.536666870117188,175.41900634765625
frame_004098.png,694.950439453125,262.6475524902344,995.900146484375,-36.10337829589844,28.526090621948242,175.49305725097656
frame_004099.png,695.1695556640625,262.721923828125,996.0556030273438,-36.03229522705078,28.510189056396484,175.60421752929688
frame_004100.png,695.40283203125,262.8036804199219,996.1735229492188,-35.968788146972656,28.499216079711914,175.6961669921875
frame_004101.png,695.5962524414062,262.8753356933594,996.3558349609375,-35.91164779663086,28.485082626342773,175.8388671875
frame_004102.png,695.8053588867188,262.94970703125,996.5463256835938,-35.85574722290039,28.479137420654297,175.9707794189453
frame_004103.png,695.9890747070312,263.004150390625,996.78076171875,-35.82387924194336,28.487972259521484,176.10777282714844
frame_004104.png,696.1463623046875,263.0584716796875,997.093994140625,-35.801090240478516,28.494356155395508,176.23529052734375
frame_004105.png,696.2933349609375,263.1106872558594,997.408935546875,-35.768943786621094,28.496376037597656,176.33917236328125
frame_004106.png,696.4524536132812,263.15228271484375,997.7205200195312,-35.7301139831543,28.506101608276367,176.4484405517578
frame_004107.png,696.619384765625,263.1891174316406,998.0419311523438,-35.66893005371094,28.525999069213867,176.5240936279297
frame_004108.png,696.7850341796875,263.2142028808594,998.3704833984375,-35.621028900146484,28.5440616607666,176.55819702148438
frame_004109.png,696.93994140625,263.2293395996094,998.722900390625,-35.594825744628906,28.57320785522461,176.5544891357422
frame_004110.png,697.0992431640625,263.24212646484375,999.0768432617188,-35.57616424560547,28.606822967529297,176.5247039794922
frame_004111.png,697.2703857421875,263.25665283203125,999.4307250976562,-35.55698776245117,28.64321517944336,176.48646545410156
frame_004112.png,697.4487915039062,263.27606201171875,999.7824096679688,-35.54018783569336,28.67974090576172,176.44406127929688
frame_004113.png,697.62939453125,263.29888916015625,1000.128662109375,-35.52534484863281,28.715845108032227,176.40081787109375
frame_004114.png,697.8109130859375,263.3253479003906,1000.4608154296875,-35.512451171875,28.748727798461914,176.36166381835938
frame_004115.png,697.9904174804688,263.35662841796875,1000.7843017578125,-35.500389099121094,28.777935028076172,176.32650756835938
frame_004116.png,698.1735229492188,263.38409423828125,1001.1044311523438,-35.477622985839844,28.808073043823242,176.3021697998047
frame_004117.png,698.3518676757812,263.3980407714844,1001.4468383789062,-35.458805084228516,28.84205436706543,176.27793884277344
frame_004118.png,698.5125122070312,263.40106201171875,1001.8292846679688,-35.451148986816406,28.87545394897461,176.23898315429688
frame_004119.png,698.6483764648438,263.3970031738281,1002.2427978515625,-35.454322814941406,28.90924072265625,176.18724060058594
frame_004120.png,698.7734375,263.38702392578125,1002.6641845703125,-35.467559814453125,28.940820693969727,176.13819885253906
frame_004121.png,698.8978881835938,263.38128662109375,1003.0692138671875,-35.4820556640625,28.968568801879883,176.09576416015625
frame_004122.png,699.0249633789062,263.3742980957031,1003.4580078125,-35.49755096435547,28.997224807739258,176.05429077148438
frame_004123.png,699.1513671875,263.3594055175781,1003.8509521484375,-35.513160705566406,29.03129005432129,176.0159149169922
frame_004124.png,699.2779541015625,263.3352355957031,1004.2493286132812,-35.527244567871094,29.067087173461914,175.97976684570312
frame_004125.png,699.4046020507812,263.3064880371094,1004.6535034179688,-35.541831970214844,29.103729248046875,175.94110107421875
frame_004126.png,699.5316772460938,263.27789306640625,1005.068359375,-35.56105041503906,29.14276123046875,175.89588928222656
frame_004127.png,699.653564453125,263.24560546875,1005.4926147460938,-35.57094955444336,29.182340621948242,175.860107421875
frame_004128.png,699.7617797851562,263.2135314941406,1005.9180908203125,-35.572288513183594,29.215187072753906,175.83631896972656
frame_004129.png,699.870849609375,263.1873779296875,1006.3275756835938,-35.57868576049805,29.24763298034668,175.81053161621094
frame_004130.png,699.9730224609375,263.16778564453125,1006.7437744140625,-35.579383850097656,29.281166076660156,175.785400390625
frame_004131.png,700.0599975585938,263.14599609375,1007.1516723632812,-35.5806770324707,29.309768676757812,175.766357421875
frame_004132.png,700.14453125,263.13037109375,1007.5493774414062,-35.57930374145508,29.33480453491211,175.73834228515625
frame_004133.png,700.2323608398438,263.1151123046875,1007.9467163085938,-35.577754974365234,29.362354278564453,175.7177734375
frame_004134.png,700.3091430664062,263.1037292480469,1008.338134765625,-35.58294677734375,29.386598587036133,175.69566345214844
frame_004135.png,700.3743286132812,263.0828552246094,1008.7361450195312,-35.59364700317383,29.418155670166016,175.67332458496094
frame_004136.png,700.4301147460938,263.05194091796875,1009.1415405273438,-35.60329818725586,29.45366096496582,175.66387939453125
frame_004137.png,700.4881591796875,263.01953125,1009.5462646484375,-35.611690521240234,29.490325927734375,175.66049194335938
frame_004138.png,700.549072265625,262.988037109375,1009.9461059570312,-35.61623001098633,29.526273727416992,175.65830993652344
frame_004139.png,700.615234375,262.9571838378906,1010.3365478515625,-35.61623001098633,29.560327529907227,175.65907287597656
frame_004140.png,700.68310546875,262.9275817871094,1010.7216186523438,-35.613548278808594,29.593212127685547,175.65872192382812
frame_004141.png,700.7550659179688,262.9021911621094,1011.1011352539062,-35.60992431640625,29.625093460083008,175.65496826171875
frame_004142.png,700.82958984375,262.88623046875,1011.4765014648438,-35.60396194458008,29.65517234802246,175.6423797607422
frame_004143.png,700.900634765625,262.8820495605469,1011.8427124023438,-35.60392761230469,29.679777145385742,175.61383056640625
frame_004144.png,700.9797973632812,262.89007568359375,1012.202392578125,-35.613765716552734,29.704198837280273,175.5626983642578
frame_004145.png,701.0985717773438,262.90338134765625,1012.5476684570312,-35.61843490600586,29.72939109802246,175.503173828125
frame_004146.png,701.2636108398438,262.9129333496094,1012.8748779296875,-35.61003875732422,29.75175666809082,175.4521484375
frame_004147.png,701.4505615234375,262.91058349609375,1013.1878662109375,-35.592437744140625,29.76620101928711,175.40353393554688
frame_004148.png,701.6474609375,262.9091491699219,1013.4883422851562,-35.57038497924805,29.776470184326172,175.36219787597656
frame_004149.png,701.8519287109375,262.91021728515625,1013.782470703125,-35.547542572021484,29.786474227905273,175.33126831054688
frame_004150.png,702.0540161132812,262.9179382324219,1014.0709228515625,-35.526363372802734,29.799962997436523,175.3077392578125
frame_004151.png,702.2411499023438,262.9353332519531,1014.3720092773438,-35.509090423583984,29.815689086914062,175.27798461914062
frame_004152.png,702.414306640625,262.95892333984375,1014.6795043945312,-35.491798400878906,29.83265495300293,175.2424774169922
frame_004153.png,702.5816650390625,262.9895324707031,1014.9951782226562,-35.47210693359375,29.84975242614746,175.2014617919922
frame_004154.png,702.7435913085938,263.025390625,1015.3187866210938,-35.451541900634766,29.868087768554688,175.15773010253906
frame_004155.png,702.8994750976562,263.06304931640625,1015.6470336914062,-35.4290885925293,29.887964248657227,175.11221313476562
frame_004156.png,703.0535278320312,263.0999450683594,1015.9783325195312,-35.404048919677734,29.909069061279297,175.064697265625
frame_004157.png,703.2090454101562,263.1328430175781,1016.3104248046875,-35.38079071044922,29.928688049316406,175.01821899414062
frame_004158.png,703.3705444335938,263.1590881347656,1016.638916015625,-35.35980224609375,29.94538688659668,174.9757843017578
frame_004159.png,703.5450439453125,263.181640625,1016.956298828125,-35.33615493774414,29.958803176879883,174.93798828125
frame_004160.png,703.73291015625,263.2020568847656,1017.2604370117188,-35.313236236572266,29.968368530273438,174.91552734375
frame_004161.png,703.9577026367188,263.21685791015625,1017.537109375,-35.28694534301758,29.979875564575195,174.91439819335938
frame_004162.png,704.206787109375,263.22607421875,1017.7901611328125,-35.262550354003906,29.993080139160156,174.9255828857422
frame_004163.png,704.4612426757812,263.2396545410156,1018.028564453125,-35.23926544189453,30.005847930908203,174.93899536132812
frame_004164.png,704.7162475585938,263.2622985839844,1018.2633056640625,-35.22271728515625,30.022205352783203,174.9578857421875
frame_004165.png,704.9590454101562,263.2922668457031,1018.5119018554688,-35.21786880493164,30.04047203063965,174.98135375976562
frame_004166.png,705.1802978515625,263.3295593261719,1018.7789916992188,-35.222774505615234,30.056472778320312,175.00355529785156
frame_004167.png,705.38525390625,263.3726806640625,1019.0602416992188,-35.2337532043457,30.071941375732422,175.02044677734375
frame_004168.png,705.579345703125,263.4173278808594,1019.3546752929688,-35.2457275390625,30.08734893798828,175.03199768066406
frame_004169.png,705.7703247070312,263.4614562988281,1019.6630249023438,-35.26041793823242,30.10361671447754,175.0409393310547
frame_004170.png,705.9584350585938,263.50213623046875,1019.9812622070312,-35.27663040161133,30.11984634399414,175.0471954345703
frame_004171.png,706.1417846679688,263.539306640625,1020.3068237304688,-35.295005798339844,30.135839462280273,175.0493621826172
frame_004172.png,706.3262329101562,263.575439453125,1020.6388549804688,-35.31502914428711,30.152996063232422,175.04815673828125
frame_004173.png,706.5160522460938,263.611083984375,1020.9736938476562,-35.334285736083984,30.170133590698242,175.0465087890625
frame_004174.png,706.7067260742188,263.6454772949219,1021.308837890625,-35.35275650024414,30.184358596801758,175.045654296875
frame_004175.png,706.904541015625,263.67901611328125,1021.630126953125,-35.36629867553711,30.194875717163086,175.04171752929688
frame_004176.png,707.10888671875,263.70733642578125,1021.932861328125,-35.370269775390625,30.204395294189453,175.03872680664062
frame_004177.png,707.3223266601562,263.7340393066406,1022.2200927734375,-35.367523193359375,30.21376609802246,175.03839111328125
frame_004178.png,707.548583984375,263.7564392089844,1022.4963989257812,-35.35782241821289,30.225534439086914,175.04644775390625
frame_004179.png,707.7748413085938,263.7764587402344,1022.7760009765625,-35.343143463134766,30.239810943603516,175.05838012695312
frame_004180.png,707.9895629882812,263.79168701171875,1023.06103515625,-35.32856369018555,30.256311416625977,175.0598602294922
frame_004181.png,708.1943969726562,263.810546875,1023.363525390625,-35.317604064941406,30.274099349975586,175.05020141601562
frame_004182.png,708.3871459960938,263.83050537109375,1023.6761474609375,-35.30824279785156,30.29701805114746,175.02821350097656
frame_004183.png,708.5775756835938,263.85076904296875,1023.9911499023438,-35.29843521118164,30.323890686035156,174.99819946289062
frame_004184.png,708.7623291015625,263.8773498535156,1024.3111572265625,-35.29851150512695,30.35523796081543,174.95077514648438
frame_004185.png,708.9400024414062,263.9082336425781,1024.6353759765625,-35.309234619140625,30.388240814208984,174.88975524902344
frame_004186.png,709.108642578125,263.9383544921875,1024.95947265625,-35.32550048828125,30.420114517211914,174.82083129882812
frame_004187.png,709.2576293945312,263.96319580078125,1025.29345703125,-35.34065628051758,30.447860717773438,174.7554473876953
frame_004188.png,709.3840942382812,263.9803161621094,1025.64111328125,-35.35432434082031,30.473121643066406,174.69769287109375
frame_004189.png,709.486328125,263.99163818359375,1026.0037841796875,-35.37202453613281,30.4992733001709,174.64151000976562
frame_004190.png,709.5734252929688,263.999755859375,1026.3846435546875,-35.390525817871094,30.52860450744629,174.58485412597656
frame_004191.png,709.656005859375,264.0037536621094,1026.7821044921875,-35.41634750366211,30.562252044677734,174.5301971435547
frame_004192.png,709.7489013671875,264.0120849609375,1027.177734375,-35.444950103759766,30.597782135009766,174.47340393066406
frame_004193.png,709.8576049804688,264.026611328125,1027.564208984375,-35.480228424072266,30.63636016845703,174.40826416015625
frame_004194.png,709.9888916015625,264.0455017089844,1027.93994140625,-35.512489318847656,30.673086166381836,174.3408966064453
frame_004195.png,710.1466064453125,264.06060791015625,1028.2999267578125,-35.534549713134766,30.703369140625,174.2889404296875
frame_004196.png,710.3129272460938,264.0751647949219,1028.64697265625,-35.548606872558594,30.727699279785156,174.24183654785156
frame_004197.png,710.48876953125,264.0881652832031,1028.984619140625,-35.5554084777832,30.7449893951416,174.2008514404297
frame_004198.png,710.666259765625,264.10052490234375,1029.319091796875,-35.559749603271484,30.759729385375977,174.16326904296875
frame_004199.png,710.8411254882812,264.1121826171875,1029.65576171875,-35.57027816772461,30.770811080932617,174.13275146484375
frame_004200.png,711.013671875,264.1243896484375,1029.9954833984375,-35.58834457397461,30.779136657714844,174.10948181152344
frame_004201.png,711.1890869140625,264.1397705078125,1030.333984375,-35.6153564453125,30.784666061401367,174.10304260253906
frame_004202.png,711.368408203125,264.15643310546875,1030.6632080078125,-35.649749755859375,30.786453247070312,174.12136840820312
frame_004203.png,711.5673217773438,264.1722412109375,1030.9654541015625,-35.681365966796875,30.78719139099121,174.15631103515625
frame_004204.png,711.7841796875,264.1909484863281,1031.2406005859375,-35.70745086669922,30.786115646362305,174.19485473632812
frame_004205.png,712.0266723632812,264.2153625488281,1031.4827880859375,-35.729949951171875,30.785152435302734,174.23477172851562
frame_004206.png,712.2876586914062,264.2403259277344,1031.6976318359375,-35.75096893310547,30.782018661499023,174.28375244140625
frame_004207.png,712.5687255859375,264.2667541503906,1031.897216796875,-35.76781463623047,30.77647590637207,174.34104919433594
frame_004208.png,712.8671264648438,264.310791015625,1032.105224609375,-35.771697998046875,30.776147842407227,174.3966522216797
frame_004209.png,713.1671142578125,264.3807373046875,1032.3377685546875,-35.760986328125,30.7872314453125,174.43740844726562
frame_004210.png,713.4493408203125,264.4697265625,1032.585693359375,-35.749717712402344,30.804502487182617,174.45001220703125
frame_004211.png,713.7105102539062,264.5700988769531,1032.844482421875,-35.74776840209961,30.82449722290039,174.43067932128906
frame_004212.png,713.9409790039062,264.6726379394531,1033.1158447265625,-35.76264190673828,30.845203399658203,174.38853454589844
frame_004213.png,714.1437377929688,264.7762145996094,1033.3935546875,-35.78402328491211,30.8653564453125,174.33592224121094
frame_004214.png,714.3301391601562,264.88031005859375,1033.678466796875,-35.80253219604492,30.884347915649414,174.28184509277344
frame_004215.png,714.5042724609375,264.98321533203125,1033.965576171875,-35.82033157348633,30.90178680419922,174.22804260253906
frame_004216.png,714.6719360351562,265.0846862792969,1034.25732421875,-35.83369827270508,30.91757583618164,174.17562866210938
frame_004217.png,714.8400268554688,265.1841735839844,1034.5535888671875,-35.84397506713867,30.932039260864258,174.12167358398438
frame_004218.png,715.0105590820312,265.27996826171875,1034.852294921875,-35.85300064086914,30.944252014160156,174.0689697265625
frame_004219.png,715.1879272460938,265.37042236328125,1035.15234375,-35.85585021972656,30.9570255279541,174.0231170654297
frame_004220.png,715.3819580078125,265.4541320800781,1035.4405517578125,-35.846317291259766,30.97157859802246,173.9927978515625
frame_004221.png,715.6018676757812,265.53033447265625,1035.6998291015625,-35.82414627075195,30.984851837158203,173.98294067382812
frame_004222.png,715.8388671875,265.59954833984375,1035.9329833984375,-35.80078887939453,30.998790740966797,173.98695373535156
frame_004223.png,716.087158203125,265.6590881347656,1036.1490478515625,-35.78398895263672,31.014629364013672,174.00315856933594
frame_004224.png,716.3385620117188,265.71051025390625,1036.355712890625,-35.78053665161133,31.031286239624023,174.0301513671875
frame_004225.png,716.5925903320312,265.758056640625,1036.56640625,-35.79145812988281,31.046775817871094,174.06765747070312
frame_004226.png,716.8545532226562,265.80706787109375,1036.7803955078125,-35.80596923828125,31.05997085571289,174.1076202392578
frame_004227.png,717.1231079101562,265.8551025390625,1036.99462890625,-35.8239631652832,31.07269287109375,174.15478515625
frame_004228.png,717.3963012695312,265.8987731933594,1037.208740234375,-35.85395431518555,31.086849212646484,174.20713806152344
frame_004229.png,717.6657104492188,265.94158935546875,1037.427978515625,-35.8935661315918,31.101015090942383,174.2576141357422
frame_004230.png,717.9136352539062,265.9864807128906,1037.67724609375,-35.943031311035156,31.114315032958984,174.30113220214844
frame_004231.png,718.1429443359375,266.030517578125,1037.947998046875,-35.99703598022461,31.12672996520996,174.3368377685547
frame_004232.png,718.357177734375,266.07318115234375,1038.23291015625,-36.05623245239258,31.139768600463867,174.3675537109375
frame_004233.png,718.5626831054688,266.11517333984375,1038.5245361328125,-36.115936279296875,31.152801513671875,174.39405822753906
frame_004234.png,718.7670288085938,266.15728759765625,1038.819091796875,-36.17557907104492,31.16644859313965,174.4222412109375
frame_004235.png,718.978515625,266.20086669921875,1039.104736328125,-36.23473358154297,31.177753448486328,174.45196533203125
frame_004236.png,719.2022094726562,266.2477722167969,1039.3743896484375,-36.29023742675781,31.18738555908203,174.48361206054688
frame_004237.png,719.443115234375,266.294921875,1039.6151123046875,-36.34077072143555,31.19581413269043,174.51536560058594
frame_004238.png,719.7072143554688,266.33660888671875,1039.8104248046875,-36.380706787109375,31.2010498046875,174.55322265625
frame_004239.png,719.9859619140625,266.3747863769531,1039.9764404296875,-36.41197967529297,31.205810546875,174.5985870361328
frame_004240.png,720.274169921875,266.41473388671875,1040.136962890625,-36.432743072509766,31.211170196533203,174.6577606201172
frame_004241.png,720.5662231445312,266.4642028808594,1040.297607421875,-36.44801330566406,31.218629837036133,174.718994140625
frame_004242.png,720.8591918945312,266.5290222167969,1040.4273681640625,-36.45972442626953,31.229415893554688,174.79351806640625
frame_004243.png,721.1401977539062,266.5967712402344,1040.5213623046875,-36.46823501586914,31.244577407836914,174.86041259765625
frame_004244.png,721.406982421875,266.66693115234375,1040.602783203125,-36.467254638671875,31.261749267578125,174.9121551513672
frame_004245.png,721.6646118164062,266.7356262207031,1040.6693115234375,-36.454036712646484,31.275510787963867,174.9506072998047
frame_004246.png,721.912841796875,266.80059814453125,1040.7313232421875,-36.43737030029297,31.285634994506836,174.98130798339844
frame_004247.png,722.147705078125,266.8650207519531,1040.8035888671875,-36.42037582397461,31.290597915649414,175.00006103515625
frame_004248.png,722.3712158203125,266.92913818359375,1040.88916015625,-36.40709686279297,31.292055130004883,175.0122528076172
frame_004249.png,722.597412109375,266.9927673339844,1040.982666015625,-36.39190673828125,31.291881561279297,175.0218048095703
frame_004250.png,722.8300170898438,267.0549621582031,1041.07861328125,-36.37083435058594,31.290138244628906,175.0330047607422
frame_004251.png,723.08203125,267.1178894042969,1041.1728515625,-36.33732986450195,31.290742874145508,175.04629516601562
frame_004252.png,723.3551635742188,267.17791748046875,1041.2703857421875,-36.29475784301758,31.296844482421875,175.0639190673828
frame_004253.png,723.630615234375,267.2342529296875,1041.3741455078125,-36.25493240356445,31.30628204345703,175.08958435058594
frame_004254.png,723.9099731445312,267.2889404296875,1041.4920654296875,-36.21478271484375,31.313257217407227,175.1353759765625
frame_004255.png,724.1978149414062,267.3369140625,1041.6170654296875,-36.181297302246094,31.321880340576172,175.18946838378906
frame_004256.png,724.4883422851562,267.386962890625,1041.744873046875,-36.14464569091797,31.328907012939453,175.2287139892578
frame_004257.png,724.7694091796875,267.43927001953125,1041.876220703125,-36.117252349853516,31.331472396850586,175.2679443359375
frame_004258.png,725.0380249023438,267.48431396484375,1041.9935302734375,-36.088993072509766,31.323360443115234,175.31089782714844
frame_004259.png,725.2976684570312,267.5269470214844,1042.0958251953125,-36.06177520751953,31.31053352355957,175.34657287597656
frame_004260.png,725.5302124023438,267.5684814453125,1042.1864013671875,-36.028076171875,31.294227600097656,175.36631774902344
frame_004261.png,725.7462768554688,267.6112060546875,1042.273193359375,-35.9963493347168,31.279884338378906,175.37234497070312
frame_004262.png,725.9501342773438,267.6568908691406,1042.3477783203125,-35.96958541870117,31.261884689331055,175.36497497558594
frame_004263.png,726.1524658203125,267.705322265625,1042.42236328125,-35.954158782958984,31.240196228027344,175.3505401611328
frame_004264.png,726.3603515625,267.7475891113281,1042.5057373046875,-35.94573211669922,31.221004486083984,175.3444061279297
frame_004265.png,726.5548095703125,267.7747497558594,1042.6278076171875,-35.940879821777344,31.208614349365234,175.34947204589844
frame_004266.png,726.7225341796875,267.78289794921875,1042.79248046875,-35.930782318115234,31.203857421875,175.35858154296875
frame_004267.png,726.8719482421875,267.7779235839844,1042.990234375,-35.9127197265625,31.205923080444336,175.3740997314453
frame_004268.png,727.0137329101562,267.7645263671875,1043.2196044921875,-35.894554138183594,31.214235305786133,175.39451599121094
frame_004269.png,727.1447143554688,267.7449951171875,1043.4710693359375,-35.88106155395508,31.222694396972656,175.40939331054688
frame_004270.png,727.2730102539062,267.7223205566406,1043.73583984375,-35.870460510253906,31.230281829833984,175.41893005371094
frame_004271.png,727.4073486328125,267.7008972167969,1044.0081787109375,-35.86094284057617,31.237550735473633,175.4273223876953
frame_004272.png,727.5460815429688,267.6805419921875,1044.2864990234375,-35.85386657714844,31.244159698486328,175.4351348876953
frame_004273.png,727.6876220703125,267.6607666015625,1044.572998046875,-35.848506927490234,31.250818252563477,175.44786071777344
frame_004274.png,727.8297729492188,267.6410827636719,1044.86474609375,-35.842193603515625,31.257986068725586,175.46653747558594
frame_004275.png,727.9686889648438,267.61676025390625,1045.157958984375,-35.83444595336914,31.264142990112305,175.4897003173828
frame_004276.png,728.0968017578125,267.590087890625,1045.4522705078125,-35.821563720703125,31.269620895385742,175.5056610107422
frame_004277.png,728.2155151367188,267.5579528808594,1045.744873046875,-35.80278778076172,31.276302337646484,175.50791931152344
frame_004278.png,728.333740234375,267.5201721191406,1046.0421142578125,-35.776790618896484,31.281166076660156,175.51181030273438
frame_004279.png,728.4498291015625,267.4767150878906,1046.346923828125,-35.750083923339844,31.288545608520508,175.5137481689453
frame_004280.png,728.5590209960938,267.4256286621094,1046.64697265625,-35.724308013916016,31.301542282104492,175.50900268554688
frame_004281.png,728.6596069335938,267.3768310546875,1046.947509765625,-35.70242691040039,31.317888259887695,175.498779296875
frame_004282.png,728.75537109375,267.3306579589844,1047.24560546875,-35.688018798828125,31.335451126098633,175.48431396484375
frame_004283.png,728.8509521484375,267.28448486328125,1047.5347900390625,-35.68030548095703,31.353979110717773,175.4662322998047
frame_004284.png,728.9485473632812,267.239990234375,1047.8131103515625,-35.669368743896484,31.371461868286133,175.44772338867188
frame_004285.png,729.04345703125,267.2004699707031,1048.0943603515625,-35.65549850463867,31.38863754272461,175.42420959472656
frame_004286.png,729.1332397460938,267.164794921875,1048.3828125,-35.647552490234375,31.407691955566406,175.39414978027344
frame_004287.png,729.2275390625,267.13726806640625,1048.67626953125,-35.6479606628418,31.427391052246094,175.35922241210938
frame_004288.png,729.3226928710938,267.11822509765625,1048.967041015625,-35.65476608276367,31.44260025024414,175.32510375976562
frame_004289.png,729.42822265625,267.11663818359375,1049.2564697265625,-35.667301177978516,31.45407485961914,175.28866577148438
frame_004290.png,729.553466796875,267.1258850097656,1049.544921875,-35.68576431274414,31.46066665649414,175.24234008789062
frame_004291.png,729.6920166015625,267.135498046875,1049.8470458984375,-35.70313262939453,31.465892791748047,175.19052124023438
frame_004292.png,729.8518676757812,267.1492004394531,1050.1546630859375,-35.71908950805664,31.47053337097168,175.14266967773438
frame_004293.png,730.0260009765625,267.1667175292969,1050.4678955078125,-35.736732482910156,31.4751033782959,175.09854125976562
frame_004294.png,730.2047729492188,267.1852722167969,1050.78955078125,-35.7557487487793,31.48100471496582,175.05868530273438
frame_004295.png,730.3883666992188,267.20367431640625,1051.1220703125,-35.771034240722656,31.487916946411133,175.02923583984375
frame_004296.png,730.5718994140625,267.2185974121094,1051.468017578125,-35.784912109375,31.494340896606445,175.00770568847656
frame_004297.png,730.755615234375,267.22784423828125,1051.823486328125,-35.79296112060547,31.498085021972656,174.9884796142578
frame_004298.png,730.9463500976562,267.237060546875,1052.17919921875,-35.79313659667969,31.499000549316406,174.9726104736328
frame_004299.png,731.1478271484375,267.25238037109375,1052.523681640625,-35.78824996948242,31.4964542388916,174.95875549316406
frame_004300.png,731.3649291992188,267.2743225097656,1052.848876953125,-35.77775955200195,31.489700317382812,174.9466094970703
frame_004301.png,731.5960083007812,267.3023986816406,1053.157470703125,-35.7611198425293,31.480680465698242,174.93597412109375
frame_004302.png,731.8385009765625,267.3367919921875,1053.45166015625,-35.740596771240234,31.470802307128906,174.9255828857422
frame_004303.png,732.0870361328125,267.377197265625,1053.7352294921875,-35.71519088745117,31.458967208862305,174.9138946533203
frame_004304.png,732.3389282226562,267.4231872558594,1054.0093994140625,-35.68619918823242,31.446035385131836,174.90106201171875
frame_004305.png,732.5933837890625,267.47454833984375,1054.2764892578125,-35.65725326538086,31.43227195739746,174.88714599609375
frame_004306.png,732.8504028320312,267.5287170410156,1054.5406494140625,-35.62923049926758,31.41834259033203,174.8731689453125
frame_004307.png,733.1093139648438,267.5869140625,1054.8021240234375,-35.60309600830078,31.403697967529297,174.86105346679688
frame_004308.png,733.3696899414062,267.6478576660156,1055.056640625,-35.577640533447266,31.389986038208008,174.84967041015625
frame_004309.png,733.6370239257812,267.7099609375,1055.3028564453125,-35.55365753173828,31.374549865722656,174.83628845214844
frame_004310.png,733.90234375,267.76519775390625,1055.5509033203125,-35.530921936035156,31.360336303710938,174.825927734375
frame_004311.png,734.1578369140625,267.8140869140625,1055.8070068359375,-35.51104736328125,31.347074508666992,174.81613159179688
frame_004312.png,734.3894653320312,267.86566162109375,1056.0792236328125,-35.49546432495117,31.335914611816406,174.7951202392578
frame_004313.png,734.5960083007812,267.918701171875,1056.3675537109375,-35.48295974731445,31.328262329101562,174.7620086669922
frame_004314.png,734.7885131835938,267.9770812988281,1056.665283203125,-35.48685836791992,31.321983337402344,174.72421264648438
frame_004315.png,734.9688720703125,268.04278564453125,1056.97021484375,-35.50242233276367,31.3198299407959,174.6826171875
frame_004316.png,735.13916015625,268.1125183105469,1057.279541015625,-35.517662048339844,31.3198184967041,174.6436309814453
frame_004317.png,735.3046264648438,268.18865966796875,1057.595703125,-35.530479431152344,31.322277069091797,174.6104278564453
frame_004318.png,735.4526977539062,268.2690124511719,1057.9215087890625,-35.53839111328125,31.32776641845703,174.57200622558594
frame_004319.png,735.5730590820312,268.3459167480469,1058.2503662109375,-35.55471420288086,31.340654373168945,174.53604125976562
frame_004320.png,735.6821899414062,268.4087829589844,1058.597412109375,-35.57622528076172,31.363615036010742,174.51226806640625
frame_004321.png,735.7807006835938,268.4479064941406,1058.9669189453125,-35.5916862487793,31.396854400634766,174.49610900878906
frame_004322.png,735.8839721679688,268.4636535644531,1059.3377685546875,-35.58538055419922,31.43462371826172,174.49594116210938
frame_004323.png,735.9953002929688,268.46795654296875,1059.70458984375,-35.56147384643555,31.47026824951172,174.50567626953125
frame_004324.png,736.115234375,268.4676818847656,1060.068115234375,-35.524574279785156,31.502758026123047,174.5180206298828
frame_004325.png,736.2408447265625,268.4674377441406,1060.43212890625,-35.479896545410156,31.5327091217041,174.5294189453125
frame_004326.png,736.3536376953125,268.465087890625,1060.810302734375,-35.43733596801758,31.557554244995117,174.54371643066406
frame_004327.png,736.4375,268.45367431640625,1061.21630859375,-35.39594650268555,31.57746696472168,174.5644073486328
frame_004328.png,736.4926147460938,268.4298095703125,1061.64794921875,-35.3577766418457,31.595264434814453,174.5875244140625
frame_004329.png,736.528564453125,268.39276123046875,1062.0909423828125,-35.31766128540039,31.610897064208984,174.61856079101562
frame_004330.png,736.5482177734375,268.3502502441406,1062.54931640625,-35.28529739379883,31.624252319335938,174.65325927734375
frame_004331.png,736.5493774414062,268.3076477050781,1063.0203857421875,-35.260921478271484,31.63361358642578,174.6820831298828
frame_004332.png,736.5388793945312,268.2611999511719,1063.49658203125,-35.23545455932617,31.637380599975586,174.71543884277344
frame_004333.png,736.5280151367188,268.21295166015625,1063.975830078125,-35.21981430053711,31.64562225341797,174.7407989501953
frame_004334.png,736.53076171875,268.1723937988281,1064.4486083984375,-35.224578857421875,31.65597915649414,174.73785400390625
frame_004335.png,736.5895385742188,268.15252685546875,1064.880859375,-35.25678634643555,31.663307189941406,174.7115020751953
frame_004336.png,736.7177734375,268.1622009277344,1065.247802734375,-35.302730560302734,31.666606903076172,174.6734619140625
frame_004337.png,736.9044189453125,268.1938781738281,1065.5703125,-35.347591400146484,31.66925621032715,174.63731384277344
frame_004338.png,737.1265869140625,268.2379455566406,1065.8778076171875,-35.391868591308594,31.6795597076416,174.5974578857422
frame_004339.png,737.3640747070312,268.2811584472656,1066.1910400390625,-35.436492919921875,31.696077346801758,174.55482482910156
frame_004340.png,737.614013671875,268.32037353515625,1066.5050048828125,-35.47383499145508,31.715621948242188,174.5060577392578
frame_004341.png,737.8748779296875,268.34912109375,1066.8165283203125,-35.49646759033203,31.738012313842773,174.45437622070312
frame_004342.png,738.1410522460938,268.3686218261719,1067.1273193359375,-35.50394821166992,31.759765625,174.40618896484375
frame_004343.png,738.41650390625,268.3863220214844,1067.4344482421875,-35.500816345214844,31.77950668334961,174.3578338623047
frame_004344.png,738.7032470703125,268.4111633300781,1067.733642578125,-35.5029296875,31.795377731323242,174.30575561523438
frame_004345.png,739.0091552734375,268.45025634765625,1068.0067138671875,-35.50272750854492,31.799427032470703,174.26547241210938
frame_004346.png,739.3253784179688,268.5041809082031,1068.2564697265625,-35.49642562866211,31.793367385864258,174.2360382080078
frame_004347.png,739.64453125,268.57171630859375,1068.483642578125,-35.47468566894531,31.777942657470703,174.22314453125
frame_004348.png,739.95947265625,268.65045166015625,1068.71142578125,-35.453819274902344,31.75748634338379,174.21774291992188
frame_004349.png,740.2559204101562,268.73614501953125,1068.9605712890625,-35.43838119506836,31.731897354125977,174.2110137939453
frame_004350.png,740.5337524414062,268.8219909667969,1069.2445068359375,-35.433834075927734,31.705978393554688,174.19140625
frame_004351.png,740.7990112304688,268.89947509765625,1069.5526123046875,-35.43440628051758,31.68601417541504,174.17367553710938
frame_004352.png,741.0573120117188,268.9683532714844,1069.8621826171875,-35.43928527832031,31.66632652282715,174.16250610351562
frame_004353.png,741.303466796875,269.02911376953125,1070.16162109375,-35.44450378417969,31.64433479309082,174.16156005859375
frame_004354.png,741.5390014648438,269.0739440917969,1070.443115234375,-35.44168472290039,31.62664222717285,174.17575073242188
frame_004355.png,741.7507934570312,269.10418701171875,1070.7041015625,-35.43425369262695,31.61170768737793,174.21298217773438
frame_004356.png,741.94775390625,269.1222229003906,1070.95361328125,-35.42171096801758,31.600526809692383,174.26705932617188
frame_004357.png,742.147216796875,269.1369323730469,1071.208984375,-35.3980712890625,31.594388961791992,174.31787109375
frame_004358.png,742.3580932617188,269.14910888671875,1071.4647216796875,-35.36591339111328,31.594995498657227,174.36627197265625
frame_004359.png,742.5778198242188,269.16064453125,1071.7183837890625,-35.32648849487305,31.602087020874023,174.41969299316406
frame_004360.png,742.8048095703125,269.1773986816406,1071.9822998046875,-35.285152435302734,31.611406326293945,174.48406982421875
frame_004361.png,743.0360107421875,269.2039489746094,1072.26904296875,-35.245582580566406,31.619157791137695,174.5673370361328
frame_004362.png,743.2770385742188,269.2373962402344,1072.563232421875,-35.20307159423828,31.62771987915039,174.66900634765625
frame_004363.png,743.5311889648438,269.2804870605469,1072.844482421875,-35.15003204345703,31.637407302856445,174.78765869140625
frame_004364.png,743.8045654296875,269.3323669433594,1073.0911865234375,-35.0898551940918,31.64682960510254,174.91978454589844
frame_004365.png,744.0941162109375,269.3852233886719,1073.3001708984375,-35.020423889160156,31.650226593017578,175.05575561523438
frame_004366.png,744.3981323242188,269.440185546875,1073.4671630859375,-34.939918518066406,31.64432716369629,175.1837615966797
frame_004367.png,744.709228515625,269.498779296875,1073.60986328125,-34.85042190551758,31.633056640625,175.3056182861328
frame_004368.png,745.0126342773438,269.5533447265625,1073.748046875,-34.761199951171875,31.61675262451172,175.4346923828125
frame_004369.png,745.2923583984375,269.6064453125,1073.8831787109375,-34.68689727783203,31.592782974243164,175.57107543945312
frame_004370.png,745.5436401367188,269.6471862792969,1074.055908203125,-34.62328338623047,31.573959350585938,175.714599609375
frame_004371.png,745.8094482421875,269.6817321777344,1074.2232666015625,-34.563785552978516,31.556074142456055,175.8418731689453
frame_004372.png,746.0587768554688,269.73504638671875,1074.391357421875,-34.5047607421875,31.52887535095215,175.9269561767578
frame_004373.png,746.275146484375,269.7943420410156,1074.551025390625,-34.43687438964844,31.496957778930664,175.99417114257812
frame_004374.png,746.5182495117188,269.86785888671875,1074.6627197265625,-34.37241744995117,31.470510482788086,176.03216552734375
frame_004375.png,746.791259765625,269.96051025390625,1074.7535400390625,-34.332706451416016,31.435731887817383,176.06640625
frame_004376.png,747.0379638671875,270.06854248046875,1074.858642578125,-34.31230926513672,31.39257049560547,176.09434509277344
frame_004377.png,747.2548828125,270.1734924316406,1074.9635009765625,-34.303043365478516,31.365365982055664,176.1505584716797
frame_004378.png,747.4947509765625,270.29547119140625,1075.0491943359375,-34.261749267578125,31.344900131225586,176.20751953125
frame_004379.png,747.6976928710938,270.4252014160156,1075.1109619140625,-34.226844787597656,31.32423973083496,176.24037170410156
frame_004380.png,747.9039916992188,270.5439147949219,1075.1627197265625,-34.193607330322266,31.311159133911133,176.26370239257812
frame_004381.png,748.1177978515625,270.6681823730469,1075.2177734375,-34.157981872558594,31.293724060058594,176.28494262695312
frame_004382.png,748.3433837890625,270.7837829589844,1075.268798828125,-34.138641357421875,31.262699127197266,176.31947326660156
frame_004383.png,748.5961303710938,270.8993835449219,1075.2938232421875,-34.11777114868164,31.236642837524414,176.3704071044922
frame_004384.png,748.8590087890625,271.0189208984375,1075.329833984375,-34.128936767578125,31.20827865600586,176.425048828125
frame_004385.png,749.1580200195312,271.1455383300781,1075.3682861328125,-34.14703369140625,31.18828773498535,176.47996520996094
frame_004386.png,749.467041015625,271.27642822265625,1075.4359130859375,-34.1699104309082,31.18109703063965,176.5295867919922
frame_004387.png,749.7974853515625,271.3985595703125,1075.51171875,-34.192020416259766,31.193368911743164,176.59622192382812
frame_004388.png,750.1552734375,271.5073547363281,1075.564453125,-34.19330596923828,31.205135345458984,176.6854705810547
frame_004389.png,750.535400390625,271.6180419921875,1075.59619140625,-34.18885040283203,31.213134765625,176.79660034179688
frame_004390.png,750.9253540039062,271.73590087890625,1075.632568359375,-34.165626525878906,31.21111297607422,176.9114990234375
frame_004391.png,751.3145141601562,271.8542175292969,1075.671630859375,-34.141212463378906,31.20346450805664,177.03237915039062
frame_004392.png,751.7186279296875,271.97296142578125,1075.702392578125,-34.10711669921875,31.189786911010742,177.1577911376953
frame_004393.png,752.1298828125,272.0899353027344,1075.730224609375,-34.07160949707031,31.173809051513672,177.29067993164062
frame_004394.png,752.54443359375,272.20526123046875,1075.754150390625,-34.03644943237305,31.155412673950195,177.42364501953125
frame_004395.png,752.9617919921875,272.3175354003906,1075.7744140625,-33.999366760253906,31.132890701293945,177.55885314941406
frame_004396.png,753.38427734375,272.42901611328125,1075.794189453125,-33.959754943847656,31.10799789428711,177.6931915283203
frame_004397.png,753.8187866210938,272.5415954589844,1075.810546875,-33.916683197021484,31.080677032470703,177.82379150390625
frame_004398.png,754.26025390625,272.6536560058594,1075.8209228515625,-33.872806549072266,31.054019927978516,177.94583129882812
frame_004399.png,754.7057495117188,272.7662048339844,1075.822021484375,-33.825721740722656,31.02880859375,178.06256103515625
frame_004400.png,755.1572875976562,272.87799072265625,1075.8226318359375,-33.776546478271484,31.00629997253418,178.174560546875
frame_004401.png,755.6075439453125,272.9910583496094,1075.8291015625,-33.723690032958984,30.983299255371094,178.2825469970703
frame_004402.png,756.053466796875,273.1056823730469,1075.8345947265625,-33.66859817504883,30.959747314453125,178.39271545410156
frame_004403.png,756.4840087890625,273.21728515625,1075.8470458984375,-33.60959243774414,30.933273315429688,178.50888061523438
frame_004404.png,756.8870239257812,273.3257141113281,1075.88232421875,-33.548553466796875,30.903453826904297,178.62144470214844
frame_004405.png,757.2727661132812,273.42938232421875,1075.93505859375,-33.480743408203125,30.870649337768555,178.7261962890625
frame_004406.png,757.6643676757812,273.52899169921875,1076.0040283203125,-33.40382766723633,30.83623695373535,178.8238067626953
frame_004407.png,758.0623779296875,273.6220397949219,1076.0849609375,-33.323429107666016,30.799171447753906,178.91397094726562
frame_004408.png,758.4595947265625,273.71417236328125,1076.190673828125,-33.2486457824707,30.762187957763672,178.99569702148438
frame_004409.png,758.84375,273.8052978515625,1076.335205078125,-33.18339157104492,30.72693634033203,179.06524658203125
frame_004410.png,759.2053833007812,273.8872985839844,1076.52587890625,-33.12409591674805,30.696365356445312,179.13027954101562
frame_004411.png,759.5478515625,273.9572448730469,1076.7589111328125,-33.06935119628906,30.670312881469727,179.19598388671875
frame_004412.png,759.8678588867188,274.0189208984375,1077.0238037109375,-33.022247314453125,30.648094177246094,179.2608642578125
frame_004413.png,760.159423828125,274.07537841796875,1077.30712890625,-32.979591369628906,30.628189086914062,179.32704162597656
frame_004414.png,760.4287109375,274.1305236816406,1077.6109619140625,-32.943878173828125,30.61091423034668,179.39462280273438
frame_004415.png,760.6796875,274.1825256347656,1077.93994140625,-32.919246673583984,30.59612464904785,179.46002197265625
frame_004416.png,760.9173583984375,274.23382568359375,1078.2899169921875,-32.90158462524414,30.582765579223633,179.52474975585938
frame_004417.png,761.12646484375,274.28277587890625,1078.651123046875,-32.89453887939453,30.571733474731445,179.59080505371094
frame_004418.png,761.3065185546875,274.3251953125,1079.033447265625,-32.89642333984375,30.563722610473633,179.65966796875
frame_004419.png,761.4695434570312,274.3563232421875,1079.43359375,-32.90272521972656,30.566221237182617,179.7361297607422
frame_004420.png,761.6207275390625,274.38165283203125,1079.839111328125,-32.90752029418945,30.57526397705078,179.81494140625
frame_004421.png,761.7716064453125,274.4082336425781,1080.243408203125,-32.91096496582031,30.584177017211914,179.89157104492188
frame_004422.png,761.9203491210938,274.4362487792969,1080.646484375,-32.9052734375,30.591712951660156,179.9601593017578
frame_004423.png,762.0636596679688,274.4611511230469,1081.0455322265625,-32.89561080932617,30.599733352661133,180.02183532714844
frame_004424.png,762.203125,274.49005126953125,1081.4459228515625,-32.8854866027832,30.607168197631836,180.07752990722656
frame_004425.png,762.3389282226562,274.52459716796875,1081.84228515625,-32.87810516357422,30.615571975708008,180.12347412109375
frame_004426.png,762.4700317382812,274.5650634765625,1082.239501953125,-32.87841796875,30.62738037109375,180.16078186035156
frame_004427.png,762.5952758789062,274.6126708984375,1082.6300048828125,-32.88655090332031,30.639301300048828,180.18646240234375
frame_004428.png,762.7273559570312,274.6664123535156,1083.0126953125,-32.899139404296875,30.652368545532227,180.20364379882812
frame_004429.png,762.8621826171875,274.72412109375,1083.3885498046875,-32.91353988647461,30.66670799255371,180.21551513671875
frame_004430.png,762.9979858398438,274.7867736816406,1083.7537841796875,-32.929237365722656,30.681076049804688,180.2198028564453
frame_004431.png,763.1349487304688,274.85443115234375,1084.107177734375,-32.94497299194336,30.694059371948242,180.21826171875
frame_004432.png,763.2704467773438,274.9227294921875,1084.4500732421875,-32.95976257324219,30.705556869506836,180.2165985107422
frame_004433.png,763.412109375,274.9952087402344,1084.7724609375,-32.97401428222656,30.71581268310547,180.2158966064453
frame_004434.png,763.5628662109375,275.0742492675781,1085.0704345703125,-32.98934555053711,30.72281265258789,180.21426391601562
frame_004435.png,763.721923828125,275.1585998535156,1085.345947265625,-33.0030403137207,30.727603912353516,180.21563720703125
frame_004436.png,763.8934936523438,275.2459411621094,1085.5958251953125,-33.00958251953125,30.730117797851562,180.2240753173828
frame_004437.png,764.0725708007812,275.3356628417969,1085.8271484375,-33.01072692871094,30.732465744018555,180.24075317382812
frame_004438.png,764.257568359375,275.4266357421875,1086.042236328125,-33.0112190246582,30.734224319458008,180.2637939453125
frame_004439.png,764.4471435546875,275.51776123046875,1086.2484130859375,-33.00917434692383,30.736385345458984,180.2884979248047
frame_004440.png,764.6381225585938,275.60675048828125,1086.44580078125,-33.00855255126953,30.74266815185547,180.31655883789062
frame_004441.png,764.8355102539062,275.6915588378906,1086.6278076171875,-33.00811767578125,30.752710342407227,180.345947265625
frame_004442.png,765.0452270507812,275.7679138183594,1086.788330078125,-33.002174377441406,30.76706886291504,180.3778533935547
frame_004443.png,765.2662353515625,275.8386535644531,1086.935791015625,-32.98660659790039,30.785551071166992,180.42306518554688
frame_004444.png,765.50390625,275.9029541015625,1087.0467529296875,-32.96859359741211,30.802995681762695,180.4847412109375
frame_004445.png,765.7484741210938,275.9609069824219,1087.1365966796875,-32.94968032836914,30.819656372070312,180.5615692138672
frame_004446.png,765.9927978515625,276.0140686035156,1087.2255859375,-32.93584442138672,30.839557647705078,180.6353759765625
frame_004447.png,766.2289428710938,276.05865478515625,1087.3214111328125,-32.93193817138672,30.864429473876953,180.69772338867188
frame_004448.png,766.444091796875,276.1000061035156,1087.447998046875,-32.936424255371094,30.890108108520508,180.73692321777344
frame_004449.png,766.642578125,276.13909912109375,1087.6009521484375,-32.94154357910156,30.911653518676758,180.756591796875
frame_004450.png,766.8226318359375,276.1798400878906,1087.7890625,-32.95794677734375,30.933788299560547,180.75308227539062
frame_004451.png,766.991943359375,276.2200927734375,1087.9981689453125,-32.98053741455078,30.95710563659668,180.7400665283203
frame_004452.png,767.1549072265625,276.2584228515625,1088.21484375,-33.00755310058594,30.981534957885742,180.72291564941406
frame_004453.png,767.3198852539062,276.297119140625,1088.4339599609375,-33.03908920288086,31.00589370727539,180.7040252685547
frame_004454.png,767.49072265625,276.3357849121094,1088.65625,-33.078125,31.034320831298828,180.68362426757812
frame_004455.png,767.66748046875,276.3725891113281,1088.8828125,-33.121612548828125,31.06926155090332,180.66465759277344
frame_004456.png,767.8546752929688,276.40631103515625,1089.1153564453125,-33.162437438964844,31.10774040222168,180.6497039794922
frame_004457.png,768.0550537109375,276.44342041015625,1089.337158203125,-33.193580627441406,31.145578384399414,180.63143920898438
frame_004458.png,768.2381591796875,276.4751281738281,1089.5697021484375,-33.21725845336914,31.17765998840332,180.62071228027344
frame_004459.png,768.4044799804688,276.5025634765625,1089.8206787109375,-33.22733688354492,31.20492935180664,180.61094665527344
frame_004460.png,768.5523071289062,276.5242919921875,1090.0966796875,-33.22948455810547,31.228591918945312,180.59835815429688
frame_004461.png,768.687255859375,276.54693603515625,1090.3685302734375,-33.2281608581543,31.249216079711914,180.57550048828125
frame_004462.png,768.8129272460938,276.5696105957031,1090.633544921875,-33.22983932495117,31.268869400024414,180.54702758789062
frame_004463.png,768.9537353515625,276.6024475097656,1090.8865966796875,-33.2302360534668,31.28710174560547,180.51303100585938
frame_004464.png,769.1045532226562,276.6436767578125,1091.125,-33.23741912841797,31.303728103637695,180.48252868652344
frame_004465.png,769.256591796875,276.6889343261719,1091.359619140625,-33.25291061401367,31.322141647338867,180.4576873779297
frame_004466.png,769.409423828125,276.7341003417969,1091.5966796875,-33.27589416503906,31.34408187866211,180.43865966796875
frame_004467.png,769.5607299804688,276.77618408203125,1091.8388671875,-33.3030891418457,31.370336532592773,180.42796325683594
frame_004468.png,769.7067260742188,276.8141174316406,1092.09228515625,-33.3383903503418,31.403282165527344,180.4219512939453
frame_004469.png,769.843994140625,276.84814453125,1092.36474609375,-33.38228225708008,31.443016052246094,180.4180450439453
frame_004470.png,769.9718627929688,276.87640380859375,1092.65771484375,-33.43287658691406,31.487163543701172,180.41531372070312
frame_004471.png,770.0912475585938,276.89654541015625,1092.9681396484375,-33.48554611206055,31.53455924987793,180.4098358154297
frame_004472.png,770.20263671875,276.9088439941406,1093.2862548828125,-33.53757858276367,31.583770751953125,180.3978729248047
frame_004473.png,770.3056640625,276.9150695800781,1093.6109619140625,-33.586631774902344,31.634471893310547,180.38131713867188
frame_004474.png,770.3886108398438,276.9096984863281,1093.944580078125,-33.628108978271484,31.684181213378906,180.3634033203125
frame_004475.png,770.4588623046875,276.8984375,1094.28125,-33.66012954711914,31.730091094970703,180.34771728515625
frame_004476.png,770.5209350585938,276.8876037597656,1094.609375,-33.68528366088867,31.769046783447266,180.33517456054688
frame_004477.png,770.5806274414062,276.8814697265625,1094.920166015625,-33.70961380004883,31.80193519592285,180.32418823242188
frame_004478.png,770.6469116210938,276.8782653808594,1095.2108154296875,-33.73222351074219,31.834260940551758,180.3168182373047
frame_004479.png,770.7202758789062,276.8772888183594,1095.4888916015625,-33.753177642822266,31.86589813232422,180.3110809326172
frame_004480.png,770.795166015625,276.87750244140625,1095.760498046875,-33.77409744262695,31.89655303955078,180.30517578125
frame_004481.png,770.8690185546875,276.879150390625,1096.0277099609375,-33.79566192626953,31.92580795288086,180.2982177734375
frame_004482.png,770.9401245117188,276.8812561035156,1096.2939453125,-33.81936264038086,31.952730178833008,180.28970336914062
frame_004483.png,771.008544921875,276.882080078125,1096.5615234375,-33.846229553222656,31.978246688842773,180.2794952392578
frame_004484.png,771.0735473632812,276.8834533691406,1096.83056640625,-33.87453842163086,32.00294494628906,180.26605224609375
frame_004485.png,771.13330078125,276.8869323730469,1097.1029052734375,-33.90376663208008,32.026309967041016,180.2493438720703
frame_004486.png,771.1919555664062,276.89239501953125,1097.380126953125,-33.93492889404297,32.04865646362305,180.23333740234375
frame_004487.png,771.2526245117188,276.89996337890625,1097.6614990234375,-33.962711334228516,32.07159423828125,180.21446228027344
frame_004488.png,771.3143920898438,276.9079284667969,1097.9462890625,-33.993282318115234,32.09401321411133,180.19471740722656
frame_004489.png,771.3853149414062,276.9239807128906,1098.23291015625,-34.02633285522461,32.113399505615234,180.1712646484375
frame_004490.png,771.4708251953125,276.94891357421875,1098.506103515625,-34.057228088378906,32.130348205566406,180.15499877929688
frame_004491.png,771.5703735351562,276.98773193359375,1098.7601318359375,-34.079498291015625,32.146915435791016,180.14500427246094
frame_004492.png,771.7049560546875,277.0350646972656,1099.000244140625,-34.09555435180664,32.166664123535156,180.14508056640625
frame_004493.png,771.8602294921875,277.0936279296875,1099.25927734375,-34.13241958618164,32.18377685546875,180.15911865234375
frame_004494.png,772.0349731445312,277.1602478027344,1099.52880859375,-34.17276382446289,32.196285247802734,180.18515014648438
frame_004495.png,772.2244262695312,277.236572265625,1099.8067626953125,-34.21509552001953,32.2017707824707,180.2147216796875
frame_004496.png,772.4193725585938,277.3215026855469,1100.0982666015625,-34.26363754272461,32.20633316040039,180.24575805664062
frame_004497.png,772.6278686523438,277.40582275390625,1100.388427734375,-34.315040588378906,32.21445083618164,180.27114868164062
frame_004498.png,772.8807373046875,277.49371337890625,1100.6663818359375,-34.344451904296875,32.21574020385742,180.30181884765625
frame_004499.png,773.1749877929688,277.5889892578125,1100.942626953125,-34.35527801513672,32.21296310424805,180.33763122558594
frame_004500.png,773.4906616210938,277.6900634765625,1101.22216796875,-34.34861755371094,32.20351791381836,180.37889099121094
frame_004501.png,773.8148193359375,277.78955078125,1101.4949951171875,-34.33955001831055,32.19203186035156,180.42506408691406
frame_004502.png,774.1229248046875,277.88287353515625,1101.7860107421875,-34.33250045776367,32.186912536621094,180.4622802734375
frame_004503.png,774.4093627929688,277.96197509765625,1102.1138916015625,-34.32327651977539,32.187374114990234,180.4989471435547
frame_004504.png,774.673583984375,278.02978515625,1102.4700927734375,-34.30329513549805,32.19053649902344,180.53504943847656
frame_004505.png,774.9220581054688,278.0882263183594,1102.8475341796875,-34.27217102050781,32.19767761230469,180.5775604248047
frame_004506.png,775.1493530273438,278.1283874511719,1103.232666015625,-34.224945068359375,32.20719528198242,180.63279724121094
frame_004507.png,775.3474731445312,278.1559753417969,1103.6192626953125,-34.15963363647461,32.21446228027344,180.6891632080078
frame_004508.png,775.517822265625,278.1827392578125,1104.000244140625,-34.080318450927734,32.21065902709961,180.7509765625
frame_004509.png,775.6986694335938,278.2100524902344,1104.3544921875,-33.970584869384766,32.19306182861328,180.83013916015625
frame_004510.png,775.9016723632812,278.2430419921875,1104.6947021484375,-33.84972381591797,32.16424560546875,180.910888671875
frame_004511.png,776.112548828125,278.27764892578125,1105.04150390625,-33.744972229003906,32.130531311035156,180.96998596191406
frame_004512.png,776.3056030273438,278.3052978515625,1105.405517578125,-33.65707778930664,32.09645462036133,181.0117645263672
frame_004513.png,776.4641723632812,278.3270568847656,1105.783447265625,-33.574031829833984,32.05606460571289,181.05043029785156
frame_004514.png,776.6078491210938,278.3472900390625,1106.16455078125,-33.50100326538086,32.01240539550781,181.0857696533203
frame_004515.png,776.75732421875,278.3708801269531,1106.5213623046875,-33.41875457763672,31.965137481689453,181.12037658691406
frame_004516.png,776.9158935546875,278.4053039550781,1106.8634033203125,-33.33539962768555,31.915437698364258,181.14256286621094
frame_004517.png,777.0775756835938,278.4510803222656,1107.167236328125,-33.24981689453125,31.866914749145508,181.15988159179688
frame_004518.png,777.258056640625,278.5103759765625,1107.4532470703125,-33.16897964477539,31.82747459411621,181.19024658203125
frame_004519.png,777.4392700195312,278.57769775390625,1107.7501220703125,-33.10515594482422,31.799455642700195,181.21522521972656
frame_004520.png,777.6148071289062,278.656982421875,1108.067626953125,-33.0600471496582,31.77653694152832,181.22586059570312
frame_004521.png,777.7835693359375,278.7409362792969,1108.3980712890625,-33.02629470825195,31.755800247192383,181.22079467773438
frame_004522.png,777.9446411132812,278.8243713378906,1108.7408447265625,-32.9986572265625,31.736614227294922,181.20733642578125
frame_004523.png,778.10302734375,278.9085693359375,1109.096435546875,-32.97201919555664,31.717647552490234,181.19154357910156
frame_004524.png,778.26416015625,278.99359130859375,1109.44384765625,-32.93808364868164,31.695634841918945,181.19424438476562
frame_004525.png,778.4251098632812,279.0709533691406,1109.763916015625,-32.90769958496094,31.670564651489258,181.20672607421875
frame_004526.png,778.5846557617188,279.1484375,1110.10546875,-32.88787841796875,31.644004821777344,181.21173095703125
frame_004527.png,778.7402954101562,279.21478271484375,1110.4130859375,-32.86316680908203,31.60451316833496,181.2484130859375
frame_004528.png,778.8975219726562,279.2668151855469,1110.7235107421875,-32.82701873779297,31.576879501342773,181.32704162597656
frame_004529.png,779.0420532226562,279.3187255859375,1111.010498046875,-32.80061340332031,31.54802703857422,181.36163330078125
frame_004530.png,779.1795654296875,279.394287109375,1111.3096923828125,-32.775089263916016,31.526138305664062,181.41574096679688
frame_004531.png,779.260498046875,279.4566955566406,1111.6590576171875,-32.76030731201172,31.51277732849121,181.45887756347656
frame_004532.png,779.3359985351562,279.5072021484375,1112.0203857421875,-32.741031646728516,31.515077590942383,181.498046875
frame_004533.png,779.4105224609375,279.537109375,1112.4058837890625,-32.71670913696289,31.5311336517334,181.52687072753906
frame_004534.png,779.4803466796875,279.5556945800781,1112.8228759765625,-32.695945739746094,31.554393768310547,181.5572967529297
frame_004535.png,779.5420532226562,279.5758972167969,1113.23583984375,-32.68363571166992,31.566492080688477,181.561767578125
frame_004536.png,779.6126098632812,279.6054382324219,1113.6263427734375,-32.67987060546875,31.573896408081055,181.5574188232422
frame_004537.png,779.7070922851562,279.65032958984375,1114.0052490234375,-32.673194885253906,31.577831268310547,181.55128479003906
frame_004538.png,779.8087158203125,279.6889953613281,1114.3697509765625,-32.676971435546875,31.58279800415039,181.5465850830078
frame_004539.png,779.931884765625,279.7287902832031,1114.7181396484375,-32.700042724609375,31.599035263061523,181.53863525390625
frame_004540.png,780.0648193359375,279.76312255859375,1115.066650390625,-32.731163024902344,31.627389907836914,181.53274536132812
frame_004541.png,780.2144775390625,279.7980041503906,1115.40771484375,-32.76696014404297,31.660263061523438,181.5243682861328
frame_004542.png,780.3748779296875,279.8356628417969,1115.7359619140625,-32.807525634765625,31.693832397460938,181.5008087158203
frame_004543.png,780.54736328125,279.87677001953125,1116.052978515625,-32.85403060913086,31.728517532348633,181.46554565429688
frame_004544.png,780.7264404296875,279.9207763671875,1116.362060546875,-32.90547561645508,31.763351440429688,181.42221069335938
frame_004545.png,780.9072265625,279.96527099609375,1116.66552734375,-32.96192932128906,31.799480438232422,181.3741912841797
frame_004546.png,781.0864868164062,280.0074768066406,1116.9664306640625,-33.02375030517578,31.837787628173828,181.32577514648438
frame_004547.png,781.2595825195312,280.0464782714844,1117.2694091796875,-33.08806610107422,31.87906265258789,181.2822723388672
frame_004548.png,781.422607421875,280.0788879394531,1117.5806884765625,-33.15070724487305,31.923982620239258,181.2498016357422
frame_004549.png,781.5755004882812,280.1043701171875,1117.9046630859375,-33.2056884765625,31.970003128051758,181.2233428955078
frame_004550.png,781.7045288085938,280.1212463378906,1118.2489013671875,-33.25176239013672,32.012691497802734,181.20474243164062
frame_004551.png,781.84228515625,280.1383361816406,1118.5977783203125,-33.29958724975586,32.052303314208984,181.1765899658203
frame_004552.png,781.9838256835938,280.1496887207031,1118.9476318359375,-33.344573974609375,32.08928680419922,181.1517333984375
frame_004553.png,782.1307983398438,280.1538391113281,1119.272705078125,-33.3817253112793,32.1225471496582,181.11647033691406
frame_004554.png,782.2701416015625,280.1597900390625,1119.5936279296875,-33.39971923828125,32.150665283203125,181.08326721191406
frame_004555.png,782.433837890625,280.168701171875,1119.88720703125,-33.39991760253906,32.17335510253906,181.04649353027344
frame_004556.png,782.615966796875,280.18511962890625,1120.1700439453125,-33.3873291015625,32.193580627441406,181.01565551757812
frame_004557.png,782.8018188476562,280.2135314941406,1120.44384765625,-33.355796813964844,32.204811096191406,181.00302124023438
frame_004558.png,782.997802734375,280.2499084472656,1120.730712890625,-33.330650329589844,32.2057991027832,180.9886016845703
frame_004559.png,783.1854248046875,280.3134765625,1121.0372314453125,-33.30556106567383,32.208099365234375,180.95535278320312
frame_004560.png,783.3881225585938,280.3754577636719,1121.33837890625,-33.26929473876953,32.207218170166016,180.943115234375
frame_004561.png,783.6116333007812,280.434814453125,1121.6429443359375,-33.23747253417969,32.206268310546875,180.94952392578125
frame_004562.png,783.843994140625,280.50128173828125,1121.95703125,-33.210201263427734,32.2044563293457,180.96839904785156
frame_004563.png,784.0709838867188,280.5791320800781,1122.2686767578125,-33.18996047973633,32.195777893066406,181.0008087158203
frame_004564.png,784.2837524414062,280.66522216796875,1122.5750732421875,-33.177894592285156,32.18171691894531,181.0409698486328
frame_004565.png,784.48486328125,280.75152587890625,1122.8768310546875,-33.17176055908203,32.1672248840332,181.09034729003906
frame_004566.png,784.6820068359375,280.8334655761719,1123.1748046875,-33.17616271972656,32.15824508666992,181.14280700683594
frame_004567.png,784.8794555664062,280.9090576171875,1123.469970703125,-33.17910385131836,32.15487289428711,181.2001190185547
frame_004568.png,785.063720703125,281.0107421875,1123.7723388671875,-33.14677810668945,32.16120910644531,181.2500457763672
frame_004569.png,785.2255249023438,281.1187438964844,1124.0799560546875,-33.1336555480957,32.171958923339844,181.3297882080078
frame_004570.png,785.363525390625,281.2156677246094,1124.3865966796875,-33.13063430786133,32.175479888916016,181.3795166015625
frame_004571.png,785.4962768554688,281.30364990234375,1124.686279296875,-33.13228225708008,32.17942428588867,181.41842651367188
frame_004572.png,785.6283569335938,281.3955078125,1125.005126953125,-33.136756896972656,32.18646240234375,181.44993591308594
frame_004573.png,785.7654418945312,281.48992919921875,1125.3133544921875,-33.12321853637695,32.194969177246094,181.4707489013672
frame_004574.png,785.9135131835938,281.5830383300781,1125.6072998046875,-33.12112045288086,32.19467544555664,181.4910888671875
frame_004575.png,786.1129150390625,281.6600646972656,1125.842529296875,-33.12618637084961,32.19381332397461,181.54098510742188
frame_004576.png,786.3538208007812,281.720458984375,1126.036865234375,-33.15579605102539,32.20262145996094,181.6219940185547
frame_004577.png,786.61669921875,281.7738952636719,1126.202392578125,-33.172237396240234,32.21172332763672,181.71034240722656
frame_004578.png,786.8843994140625,281.8203125,1126.353515625,-33.18606185913086,32.22416687011719,181.80340576171875
frame_004579.png,787.14990234375,281.8579406738281,1126.4925537109375,-33.196876525878906,32.2344970703125,181.89779663085938
frame_004580.png,787.4134521484375,281.8900451660156,1126.6141357421875,-33.20745849609375,32.23952102661133,181.98031616210938
frame_004581.png,787.6689453125,281.92431640625,1126.7227783203125,-33.2161979675293,32.24272918701172,182.04931640625
frame_004582.png,787.92236328125,281.9847106933594,1126.859619140625,-33.223575592041016,32.24939727783203,182.09979248046875
frame_004583.png,788.1739501953125,282.0680847167969,1127.0391845703125,-33.23268127441406,32.25879669189453,182.1450958251953
frame_004584.png,788.397705078125,282.1591491699219,1127.23486328125,-33.241512298583984,32.27178192138672,182.180908203125
frame_004585.png,788.58740234375,282.2510070800781,1127.4647216796875,-33.295711517333984,32.28245162963867,182.2159881591797
frame_004586.png,788.7591552734375,282.3314514160156,1127.7435302734375,-33.344844818115234,32.297142028808594,182.28294372558594
frame_004587.png,788.9172973632812,282.4088439941406,1128.0697021484375,-33.39746856689453,32.31090545654297,182.3592987060547
frame_004588.png,789.0631713867188,282.49346923828125,1128.4468994140625,-33.45964813232422,32.329959869384766,182.43971252441406
frame_004589.png,789.1970825195312,282.5879211425781,1128.8267822265625,-33.54063034057617,32.35469436645508,182.53314208984375
frame_004590.png,789.3133544921875,282.6900329589844,1129.189453125,-33.602291107177734,32.38317108154297,182.62435913085938
frame_004591.png,789.4174194335938,282.8008728027344,1129.5335693359375,-33.642459869384766,32.4130744934082,182.71568298339844
frame_004592.png,789.5232543945312,282.9159851074219,1129.85107421875,-33.671627044677734,32.444671630859375,182.81442260742188
frame_004593.png,789.64013671875,283.0290832519531,1130.135009765625,-33.69762420654297,32.475284576416016,182.9147491455078
frame_004594.png,789.7677612304688,283.1361083984375,1130.386474609375,-33.72412872314453,32.50342559814453,183.0200653076172
frame_004595.png,789.9119873046875,283.2365417480469,1130.613037109375,-33.75584030151367,32.5277214050293,183.1360626220703
frame_004596.png,790.0534057617188,283.3357849121094,1130.8377685546875,-33.79129409790039,32.54100036621094,183.2522735595703
frame_004597.png,790.198486328125,283.4197082519531,1131.0592041015625,-33.83451461791992,32.55698776245117,183.3756103515625
frame_004598.png,790.3310546875,283.48480224609375,1131.2662353515625,-33.86952209472656,32.58103561401367,183.50384521484375
frame_004599.png,790.4446411132812,283.5578918457031,1131.474853515625,-33.94214630126953,32.61104202270508,183.62025451660156
frame_004600.png,790.5779418945312,283.65850830078125,1131.695556640625,-33.969818115234375,32.63239288330078,183.72227478027344
frame_004601.png,790.7430419921875,283.7364501953125,1131.8905029296875,-34.04090881347656,32.655513763427734,183.84786987304688
frame_004602.png,790.9509887695312,283.8192138671875,1132.0408935546875,-34.095603942871094,32.694915771484375,183.99806213378906
frame_004603.png,791.1749267578125,283.9134521484375,1132.193115234375,-34.154884338378906,32.73936080932617,184.1196746826172
frame_004604.png,791.4124755859375,284.0137939453125,1132.3358154296875,-34.19207763671875,32.787696838378906,184.2198944091797
frame_004605.png,791.6741943359375,284.1139221191406,1132.5028076171875,-34.23540115356445,32.83055877685547,184.31863403320312
frame_004606.png,791.9267578125,284.2014465332031,1132.707275390625,-34.27377700805664,32.871307373046875,184.4274139404297
frame_004607.png,792.1521606445312,284.2872009277344,1132.97998046875,-34.3205451965332,32.90390396118164,184.52943420410156
frame_004608.png,792.3583984375,284.361572265625,1133.27392578125,-34.35701370239258,32.936222076416016,184.6228790283203
frame_004609.png,792.58203125,284.4335021972656,1133.541748046875,-34.37468719482422,32.96515655517578,184.7245635986328
frame_004610.png,792.8240356445312,284.4999084472656,1133.7642822265625,-34.385948181152344,32.99591064453125,184.83758544921875
frame_004611.png,793.0922241210938,284.56256103515625,1133.9356689453125,-34.397098541259766,33.034000396728516,184.95994567871094
frame_004612.png,793.3907470703125,284.6289978027344,1134.0506591796875,-34.403472900390625,33.07621765136719,185.07896423339844
frame_004613.png,793.7031860351562,284.7030334472656,1134.1280517578125,-34.41115951538086,33.11730194091797,185.18699645996094
frame_004614.png,794.01318359375,284.7810363769531,1134.202880859375,-34.41939163208008,33.156097412109375,185.29261779785156
frame_004615.png,794.3135375976562,284.865478515625,1134.297119140625,-34.434234619140625,33.192935943603516,185.39610290527344
frame_004616.png,794.6009521484375,284.9543762207031,1134.4149169921875,-34.4584846496582,33.22742462158203,185.5000457763672
frame_004617.png,794.8889770507812,285.0437316894531,1134.54931640625,-34.485965728759766,33.261817932128906,185.59634399414062
frame_004618.png,795.1795043945312,285.1321716308594,1134.705322265625,-34.515281677246094,33.294837951660156,185.67959594726562
frame_004619.png,795.4684448242188,285.22161865234375,1134.8826904296875,-34.53842544555664,33.32320022583008,185.7467803955078
frame_004620.png,795.7457275390625,285.31195068359375,1135.082275390625,-34.55485153198242,33.34547424316406,185.80189514160156
frame_004621.png,796.0128173828125,285.40252685546875,1135.30322265625,-34.57890701293945,33.361167907714844,185.8488311767578
frame_004622.png,796.2744140625,285.4945068359375,1135.5411376953125,-34.60844039916992,33.37080001831055,185.88719177246094
frame_004623.png,796.5292358398438,285.5869140625,1135.7945556640625,-34.639488220214844,33.37424850463867,185.9286651611328
frame_004624.png,796.7774658203125,285.68243408203125,1136.0576171875,-34.6685791015625,33.37321472167969,185.97108459472656
frame_004625.png,797.0233764648438,285.78228759765625,1136.322021484375,-34.69660949707031,33.36896896362305,186.0123748779297
frame_004626.png,797.280517578125,285.88677978515625,1136.5889892578125,-34.72700119018555,33.36325454711914,186.05181884765625
frame_004627.png,797.537841796875,285.9942932128906,1136.8660888671875,-34.7528076171875,33.35687255859375,186.09323120117188
frame_004628.png,797.783203125,286.1043395996094,1137.1524658203125,-34.77443313598633,33.3473014831543,186.14703369140625
frame_004629.png,798.016357421875,286.21221923828125,1137.436279296875,-34.787784576416016,33.337181091308594,186.2133026123047
frame_004630.png,798.2406616210938,286.3163146972656,1137.7049560546875,-34.799434661865234,33.32447814941406,186.28529357910156
frame_004631.png,798.457763671875,286.4147033691406,1137.94384765625,-34.81065368652344,33.309593200683594,186.349609375
frame_004632.png,798.6712036132812,286.51043701171875,1138.157470703125,-34.82426071166992,33.29848098754883,186.4066162109375
frame_004633.png,798.8809204101562,286.6019287109375,1138.342529296875,-34.84371566772461,33.29352569580078,186.45742797851562
frame_004634.png,799.1058349609375,286.6905822753906,1138.4954833984375,-34.87073516845703,33.29691696166992,186.51510620117188
frame_004635.png,799.3606567382812,286.7670593261719,1138.6129150390625,-34.89980697631836,33.30689239501953,186.5872344970703
frame_004636.png,799.633056640625,286.8418884277344,1138.7098388671875,-34.922000885009766,33.32455062866211,186.66539001464844
frame_004637.png,799.9116821289062,286.9222412109375,1138.79931640625,-34.9398078918457,33.34473419189453,186.7609405517578
frame_004638.png,800.1926879882812,286.9953918457031,1138.9049072265625,-34.97658157348633,33.36803436279297,186.87420654296875
frame_004639.png,800.461181640625,287.0681457519531,1139.0325927734375,-35.004478454589844,33.39897918701172,187.0011749267578
frame_004640.png,800.7225952148438,287.13958740234375,1139.164306640625,-35.07252883911133,33.437496185302734,187.14535522460938
frame_004641.png,800.978515625,287.2287292480469,1139.2740478515625,-35.144832611083984,33.469207763671875,187.25120544433594
frame_004642.png,801.2547607421875,287.33868408203125,1139.3856201171875,-35.20978546142578,33.51142501831055,187.32940673828125
frame_004643.png,801.5042114257812,287.4578857421875,1139.5347900390625,-35.231937408447266,33.53675842285156,187.43557739257812
frame_004644.png,801.6912841796875,287.5758056640625,1139.684814453125,-35.28889083862305,33.57038879394531,187.56002807617188
frame_004645.png,801.8506469726562,287.6793212890625,1139.824951171875,-35.371036529541016,33.58777618408203,187.65806579589844
frame_004646.png,802.0287475585938,287.8016357421875,1139.9674072265625,-35.43099594116211,33.5963249206543,187.7461700439453
frame_004647.png,802.1983642578125,287.9222412109375,1140.1142578125,-35.481719970703125,33.617088317871094,187.83070373535156
frame_004648.png,802.3715209960938,288.0301208496094,1140.243408203125,-35.540916442871094,33.64333724975586,187.90988159179688
frame_004649.png,802.5703735351562,288.13330078125,1140.352783203125,-35.609901428222656,33.67087936401367,187.99253845214844
frame_004650.png,802.7965698242188,288.2422180175781,1140.4658203125,-35.69191360473633,33.69762420654297,188.0802764892578
frame_004651.png,803.0009765625,288.3436279296875,1140.6063232421875,-35.79585266113281,33.719581604003906,188.17889404296875
frame_004652.png,803.1864013671875,288.4346923828125,1140.750244140625,-35.87548065185547,33.73231887817383,188.29042053222656
frame_004653.png,803.3508911132812,288.5185852050781,1140.8695068359375,-35.96308517456055,33.75105667114258,188.39910888671875
frame_004654.png,803.509765625,288.61083984375,1140.9755859375,-35.99357223510742,33.77175521850586,188.48756408691406
frame_004655.png,803.667724609375,288.71697998046875,1141.09326171875,-36.0075569152832,33.78839111328125,188.57240295410156
frame_004656.png,803.8439331054688,288.80548095703125,1141.16259765625,-36.008968353271484,33.79989242553711,188.6942138671875
frame_004657.png,804.0625610351562,288.8797302246094,1141.20947265625,-36.001644134521484,33.816612243652344,188.84877014160156
frame_004658.png,804.2749633789062,288.94891357421875,1141.2901611328125,-36.01054000854492,33.84024429321289,189.00247192382812
frame_004659.png,804.5014038085938,289.01031494140625,1141.394287109375,-36.026832580566406,33.87040328979492,189.120361328125
frame_004660.png,804.7513427734375,289.0616455078125,1141.5115966796875,-36.050880432128906,33.90131378173828,189.2134246826172
frame_004661.png,805.0166625976562,289.097412109375,1141.6229248046875,-36.07297897338867,33.93318176269531,189.29013061523438
frame_004662.png,805.283447265625,289.1191711425781,1141.7305908203125,-36.08845901489258,33.966556549072266,189.35183715820312
frame_004663.png,805.5436401367188,289.133544921875,1141.836181640625,-36.09465789794922,33.99928283691406,189.40179443359375
frame_004664.png,805.8013305664062,289.145751953125,1141.943603515625,-36.092403411865234,34.030887603759766,189.44764709472656
frame_004665.png,806.0575561523438,289.1574401855469,1142.055419921875,-36.09230041503906,34.06022644042969,189.48062133789062
frame_004666.png,806.3109741210938,289.17254638671875,1142.1812744140625,-36.09275817871094,34.081932067871094,189.51296997070312
frame_004667.png,806.5803833007812,289.1942443847656,1142.3245849609375,-36.07923126220703,34.09785842895508,189.5609893798828
frame_004668.png,806.849365234375,289.2188415527344,1142.4652099609375,-36.04711151123047,34.1076545715332,189.61984252929688
frame_004669.png,807.1134643554688,289.250732421875,1142.6005859375,-36.02139663696289,34.117431640625,189.68711853027344
frame_004670.png,807.3673706054688,289.2963562011719,1142.7286376953125,-35.99793243408203,34.122657775878906,189.75942993164062
frame_004671.png,807.580322265625,289.3458251953125,1142.8470458984375,-35.972129821777344,34.12455749511719,189.8423614501953
frame_004672.png,807.76123046875,289.3973388671875,1142.955322265625,-35.939483642578125,34.12360382080078,189.93540954589844
frame_004673.png,807.9113159179688,289.4583740234375,1143.051513671875,-35.90214157104492,34.12215042114258,190.0267791748047
frame_004674.png,808.0439453125,289.52716064453125,1143.133056640625,-35.865623474121094,34.119625091552734,190.11566162109375
frame_004675.png,808.1771850585938,289.60125732421875,1143.203857421875,-35.8306999206543,34.11524963378906,190.19882202148438
frame_004676.png,808.3367919921875,289.6873779296875,1143.28173828125,-35.795753479003906,34.1115608215332,190.28036499023438
frame_004677.png,808.5142822265625,289.7759094238281,1143.346923828125,-35.7669677734375,34.11035919189453,190.35824584960938
frame_004678.png,808.70751953125,289.8621826171875,1143.4217529296875,-35.73567199707031,34.11603927612305,190.44558715820312
frame_004679.png,808.8805541992188,289.93096923828125,1143.5250244140625,-35.714908599853516,34.12961196899414,190.5310821533203
frame_004680.png,809.0429077148438,289.9805908203125,1143.654052734375,-35.69083786010742,34.157310485839844,190.61947631835938
frame_004681.png,809.2338256835938,290.0242919921875,1143.7884521484375,-35.673702239990234,34.19284439086914,190.6901397705078
frame_004682.png,809.4292602539062,290.05023193359375,1143.9180908203125,-35.65452575683594,34.22320556640625,190.75389099121094
frame_004683.png,809.6162109375,290.06378173828125,1144.05029296875,-35.646522521972656,34.24799346923828,190.8094940185547
frame_004684.png,809.78564453125,290.0751647949219,1144.195068359375,-35.644195556640625,34.27821731567383,190.83642578125
frame_004685.png,809.9498291015625,290.0906677246094,1144.357666015625,-35.647342681884766,34.30872344970703,190.8469696044922
frame_004686.png,810.1085815429688,290.1122741699219,1144.531494140625,-35.653236389160156,34.33798599243164,190.85134887695312
frame_004687.png,810.2576904296875,290.1365051269531,1144.7059326171875,-35.65186309814453,34.367984771728516,190.85601806640625
frame_004688.png,810.4097290039062,290.16156005859375,1144.8878173828125,-35.6532096862793,34.399085998535156,190.8599090576172
frame_004689.png,810.5576782226562,290.1865539550781,1145.074951171875,-35.65700912475586,34.43111801147461,190.8632049560547
frame_004690.png,810.7035522460938,290.2084655761719,1145.2679443359375,-35.663578033447266,34.463932037353516,190.86582946777344
frame_004691.png,810.8482055664062,290.2259216308594,1145.4710693359375,-35.67270278930664,34.4970703125,190.8712158203125
frame_004692.png,810.9873657226562,290.2352600097656,1145.6922607421875,-35.68260955810547,34.530120849609375,190.8782196044922
frame_004693.png,811.120361328125,290.2366943359375,1145.931640625,-35.693992614746094,34.5627326965332,190.8858184814453
frame_004694.png,811.2504272460938,290.2331237792969,1146.1827392578125,-35.70786666870117,34.594173431396484,190.89016723632812
frame_004695.png,811.3872680664062,290.2245788574219,1146.4371337890625,-35.723270416259766,34.62495422363281,190.8862762451172
frame_004696.png,811.5294189453125,290.21051025390625,1146.6898193359375,-35.73904037475586,34.657081604003906,190.87255859375
frame_004697.png,811.6759643554688,290.1917419433594,1146.9407958984375,-35.75423812866211,34.691612243652344,190.84878540039062
frame_004698.png,811.8197021484375,290.1683044433594,1147.1917724609375,-35.76451110839844,34.72695541381836,190.81556701660156
frame_004699.png,811.9593505859375,290.1405029296875,1147.43896484375,-35.76668930053711,34.76094055175781,190.7799072265625
frame_004700.png,812.0905151367188,290.1092834472656,1147.6904296875,-35.76669692993164,34.79280471801758,190.7472381591797
frame_004701.png,812.2164306640625,290.0750427246094,1147.956298828125,-35.770172119140625,34.82261657714844,190.71902465820312
frame_004702.png,812.3323974609375,290.03472900390625,1148.250732421875,-35.78122329711914,34.85112762451172,190.69058227539062
frame_004703.png,812.42919921875,289.98321533203125,1148.5908203125,-35.79097366333008,34.87543487548828,190.6619873046875
frame_004704.png,812.5250244140625,289.9290466308594,1148.969482421875,-35.81071090698242,34.900062561035156,190.6372528076172
frame_004705.png,812.6223754882812,289.8794250488281,1149.370849609375,-35.836490631103516,34.93208694458008,190.6043701171875
frame_004706.png,812.7243041992188,289.8392028808594,1149.78955078125,-35.868927001953125,34.96342468261719,190.57461547851562
frame_004707.png,812.8345336914062,289.790771484375,1150.2132568359375,-35.89362335205078,34.994449615478516,190.54774475097656
frame_004708.png,812.9623413085938,289.7425842285156,1150.6256103515625,-35.90085220336914,35.02252197265625,190.5044403076172
frame_004709.png,813.1046142578125,289.7082214355469,1151.037109375,-35.89601516723633,35.044189453125,190.4506378173828
frame_004710.png,813.2618408203125,289.69232177734375,1151.425048828125,-35.88629150390625,35.05591583251953,190.3998260498047
frame_004711.png,813.43212890625,289.6826171875,1151.8021240234375,-35.87688064575195,35.06547927856445,190.34815979003906
frame_004712.png,813.6018676757812,289.6868591308594,1152.168701171875,-35.878414154052734,35.07362747192383,190.29115295410156
frame_004713.png,813.782470703125,289.7105407714844,1152.5225830078125,-35.89350891113281,35.08369064331055,190.22164916992188
frame_004714.png,813.9706420898438,289.7533264160156,1152.8720703125,-35.92418670654297,35.09029006958008,190.14718627929688
frame_004715.png,814.1705322265625,289.8059997558594,1153.2119140625,-35.95841979980469,35.0971794128418,190.0833282470703
frame_004716.png,814.3809814453125,289.863525390625,1153.54345703125,-35.99037551879883,35.10440444946289,190.03604125976562
frame_004717.png,814.5886840820312,289.9233093261719,1153.8662109375,-36.02159118652344,35.113643646240234,189.9933624267578
frame_004718.png,814.7913818359375,289.98345947265625,1154.18505859375,-36.0507926940918,35.125633239746094,189.95321655273438
frame_004719.png,814.9959716796875,290.0462951660156,1154.501220703125,-36.08135223388672,35.13788604736328,189.91061401367188
frame_004720.png,815.2008666992188,290.11126708984375,1154.818603515625,-36.1150016784668,35.1450080871582,189.872802734375
frame_004721.png,815.4078979492188,290.1749572753906,1155.13330078125,-36.15126419067383,35.162288665771484,189.82435607910156
frame_004722.png,815.6148681640625,290.22265625,1155.440673828125,-36.17894744873047,35.18436050415039,189.77940368652344
frame_004723.png,815.7920532226562,290.2636413574219,1155.75146484375,-36.190189361572266,35.20498275756836,189.7375030517578
frame_004724.png,815.96044921875,290.30645751953125,1156.0711669921875,-36.20261001586914,35.231895446777344,189.68325805664062
frame_004725.png,816.1181030273438,290.33984375,1156.3974609375,-36.21327209472656,35.256370544433594,189.6498565673828
frame_004726.png,816.2708129882812,290.3525085449219,1156.7237548828125,-36.20755386352539,35.28528594970703,189.6112823486328
frame_004727.png,816.421630859375,290.3487243652344,1157.0943603515625,-36.20698547363281,35.32205581665039,189.5846405029297
frame_004728.png,816.5571899414062,290.3292236328125,1157.49267578125,-36.218605041503906,35.359458923339844,189.56849670410156
frame_004729.png,816.6670532226562,290.2922668457031,1157.9088134765625,-36.23432922363281,35.39546203613281,189.5553741455078
frame_004730.png,816.7542724609375,290.24945068359375,1158.3394775390625,-36.2467041015625,35.4280891418457,189.53358459472656
frame_004731.png,816.8204956054688,290.1968688964844,1158.7801513671875,-36.25404739379883,35.46665573120117,189.50436401367188
frame_004732.png,816.8806762695312,290.137939453125,1159.2205810546875,-36.2477912902832,35.50393295288086,189.4696044921875
frame_004733.png,816.9577026367188,290.0768737792969,1159.6588134765625,-36.24602508544922,35.5391845703125,189.42764282226562
frame_004734.png,817.0396118164062,290.0148620605469,1160.0904541015625,-36.25472640991211,35.57234573364258,189.3871612548828
frame_004735.png,817.1159057617188,289.9583435058594,1160.5174560546875,-36.27092742919922,35.60415267944336,189.34661865234375
frame_004736.png,817.20361328125,289.9045104980469,1160.9268798828125,-36.28962707519531,35.633872985839844,189.3006134033203
frame_004737.png,817.3175659179688,289.8635559082031,1161.3192138671875,-36.3176383972168,35.655494689941406,189.2436981201172
frame_004738.png,817.4580078125,289.837646484375,1161.6903076171875,-36.33855438232422,35.66970443725586,189.1892852783203
frame_004739.png,817.6171264648438,289.82562255859375,1162.047607421875,-36.35601043701172,35.683349609375,189.13710021972656
frame_004740.png,817.7929077148438,289.8171081542969,1162.39697265625,-36.36351013183594,35.694183349609375,189.09310913085938
frame_004741.png,817.9841918945312,289.8252258300781,1162.7452392578125,-36.35877990722656,35.706459045410156,189.05422973632812
frame_004742.png,818.1629028320312,289.8407287597656,1163.1011962890625,-36.3447380065918,35.72216033935547,189.01380920410156
frame_004743.png,818.3364868164062,289.85919189453125,1163.466064453125,-36.330326080322266,35.741825103759766,188.9796142578125
frame_004744.png,818.5072631835938,289.88653564453125,1163.8408203125,-36.306549072265625,35.76355743408203,188.97726440429688
frame_004745.png,818.6871337890625,289.9201354980469,1164.2333984375,-36.29463195800781,35.78127670288086,189.0016326904297
frame_004746.png,818.8673706054688,289.95806884765625,1164.6295166015625,-36.29317092895508,35.793113708496094,189.05860900878906
frame_004747.png,819.060302734375,290.0155334472656,1165.0361328125,-36.28646469116211,35.8089714050293,189.13900756835938
frame_004748.png,819.2722778320312,290.0791931152344,1165.4227294921875,-36.27888870239258,35.8205451965332,189.2293243408203
frame_004749.png,819.484130859375,290.1335754394531,1165.7537841796875,-36.25042724609375,35.82701110839844,189.30430603027344
frame_004750.png,819.6746826171875,290.2047119140625,1166.0528564453125,-36.189945220947266,35.839622497558594,189.35362243652344
frame_004751.png,819.8555908203125,290.2686767578125,1166.3707275390625,-36.096656799316406,35.857177734375,189.4091339111328
frame_004752.png,820.0350952148438,290.326904296875,1166.6949462890625,-36.00790023803711,35.86751937866211,189.43453979492188
frame_004753.png,820.1939086914062,290.3990173339844,1167.0499267578125,-35.97614669799805,35.86335372924805,189.40452575683594
frame_004754.png,820.3406372070312,290.4708251953125,1167.427978515625,-35.96357345581055,35.860443115234375,189.3895721435547
frame_004755.png,820.4729614257812,290.5272216796875,1167.831298828125,-35.964656829833984,35.86309051513672,189.36805725097656
frame_004756.png,820.587646484375,290.5721435546875,1168.2611083984375,-35.98115539550781,35.86961364746094,189.33595275878906
frame_004757.png,820.6972045898438,290.6153564453125,1168.697021484375,-35.98701477050781,35.875694274902344,189.29891967773438
frame_004758.png,820.8211669921875,290.6583251953125,1169.1253662109375,-35.96741485595703,35.8868293762207,189.27345275878906
frame_004759.png,820.9556274414062,290.6864013671875,1169.5479736328125,-35.927940368652344,35.89672088623047,189.29078674316406
frame_004760.png,821.05615234375,290.7066955566406,1169.956298828125,-35.878108978271484,35.91522216796875,189.28794860839844
frame_004761.png,821.1712036132812,290.7506408691406,1170.3572998046875,-35.828125,35.926883697509766,189.2881622314453
frame_004762.png,821.3059692382812,290.7857666015625,1170.7596435546875,-35.82502746582031,35.937923431396484,189.2740478515625
frame_004763.png,821.4262084960938,290.80731201171875,1171.16064453125,-35.83574295043945,35.951473236083984,189.2599334716797
frame_004764.png,821.57470703125,290.8345031738281,1171.55615234375,-35.83668518066406,35.9742431640625,189.23696899414062
frame_004765.png,821.737060546875,290.86187744140625,1171.933837890625,-35.848724365234375,35.98680114746094,189.19810485839844
frame_004766.png,821.908935546875,290.888427734375,1172.3060302734375,-35.8494758605957,35.99966812133789,189.16404724121094
frame_004767.png,822.09912109375,290.91217041015625,1172.677490234375,-35.838871002197266,36.01589584350586,189.13796997070312
frame_004768.png,822.3021850585938,290.9359130859375,1173.0484619140625,-35.82509231567383,36.03386306762695,189.1053466796875
frame_004769.png,822.5087280273438,290.9603271484375,1173.4132080078125,-35.810333251953125,36.05200958251953,189.0670623779297
frame_004770.png,822.7161254882812,290.9828186035156,1173.7701416015625,-35.79642105102539,36.07075119018555,189.0279541015625
frame_004771.png,822.921142578125,291.006103515625,1174.1240234375,-35.77964401245117,36.08951187133789,188.98904418945312
frame_004772.png,823.1229858398438,291.0260009765625,1174.4732666015625,-35.75640869140625,36.106712341308594,188.95433044433594
frame_004773.png,823.3218383789062,291.04736328125,1174.8182373046875,-35.72972106933594,36.11994934082031,188.92593383789062
frame_004774.png,823.5225830078125,291.0731201171875,1175.1590576171875,-35.718074798583984,36.12725067138672,188.9110565185547
frame_004775.png,823.7070922851562,291.1049499511719,1175.514892578125,-35.72078323364258,36.1274528503418,188.8968505859375
frame_004776.png,823.874267578125,291.1506042480469,1175.888427734375,-35.73018264770508,36.12955856323242,188.86949157714844
frame_004777.png,824.0521850585938,291.1975402832031,1176.2874755859375,-35.759056091308594,36.12917709350586,188.84786987304688
frame_004778.png,824.2327880859375,291.23651123046875,1176.65869140625,-35.76515579223633,36.13580322265625,188.84974670410156
frame_004779.png,824.4130249023438,291.2636413574219,1177.001953125,-35.765865325927734,36.1409912109375,188.85336303710938
frame_004780.png,824.5993041992188,291.2945556640625,1177.33251953125,-35.75224304199219,36.153018951416016,188.85101318359375
frame_004781.png,824.7789916992188,291.3321228027344,1177.6534423828125,-35.72025680541992,36.16583251953125,188.84983825683594
frame_004782.png,824.964599609375,291.36761474609375,1177.97021484375,-35.669525146484375,36.1784553527832,188.85256958007812
frame_004783.png,825.15185546875,291.3900146484375,1178.30126953125,-35.612815856933594,36.193939208984375,188.8514862060547
frame_004784.png,825.3352661132812,291.391845703125,1178.653076171875,-35.55466079711914,36.20915222167969,188.84783935546875
frame_004785.png,825.5210571289062,291.3794860839844,1179.015380859375,-35.49148178100586,36.22062683105469,188.8431854248047
frame_004786.png,825.7048950195312,291.3621520996094,1179.3853759765625,-35.42498016357422,36.22891616821289,188.83726501464844
frame_004787.png,825.8812866210938,291.34356689453125,1179.763671875,-35.35913848876953,36.234928131103516,188.8277130126953
frame_004788.png,826.0506591796875,291.3264465332031,1180.1453857421875,-35.28459548950195,36.23818588256836,188.82688903808594
frame_004789.png,826.2106323242188,291.3074035644531,1180.52587890625,-35.201629638671875,36.24174880981445,188.83056640625
frame_004790.png,826.3635864257812,291.2861022949219,1180.8985595703125,-35.11314392089844,36.245567321777344,188.8312225341797
frame_004791.png,826.5206909179688,291.26385498046875,1181.2540283203125,-35.02598571777344,36.24903106689453,188.82394409179688
frame_004792.png,826.6865844726562,291.2424011230469,1181.5875244140625,-34.940574645996094,36.25189208984375,188.81629943847656
frame_004793.png,826.857177734375,291.2239074707031,1181.909912109375,-34.85685729980469,36.2516975402832,188.81607055664062
frame_004794.png,827.030517578125,291.2055969238281,1182.225830078125,-34.773860931396484,36.247901916503906,188.82618713378906
frame_004795.png,827.1996459960938,291.1993713378906,1182.5550537109375,-34.693443298339844,36.24289321899414,188.84579467773438
frame_004796.png,827.357666015625,291.2027587890625,1182.89697265625,-34.6151008605957,36.24216842651367,188.87376403808594
frame_004797.png,827.520263671875,291.2196960449219,1183.228759765625,-34.54970169067383,36.24067306518555,188.8990020751953
frame_004798.png,827.6882934570312,291.2568359375,1183.5343017578125,-34.47689437866211,36.241966247558594,188.92015075683594
frame_004799.png,827.8591918945312,291.3003845214844,1183.8421630859375,-34.40680694580078,36.23666763305664,188.94378662109375
frame_004800.png,828.0555419921875,291.35760498046875,1184.1806640625,-34.37850570678711,36.23017883300781,188.9874267578125
frame_004801.png,828.256103515625,291.4358215332031,1184.552001953125,-34.357765197753906,36.222965240478516,189.02200317382812
frame_004802.png,828.45458984375,291.52825927734375,1184.92626953125,-34.34370040893555,36.23247528076172,189.0270233154297
frame_004803.png,828.6731567382812,291.62615966796875,1185.3121337890625,-34.3314094543457,36.24174880981445,189.0540313720703
frame_004804.png,828.8441162109375,291.7251281738281,1185.72412109375,-34.34439468383789,36.24688720703125,189.09039306640625
frame_004805.png,828.9979858398438,291.8183288574219,1186.1370849609375,-34.347145080566406,36.25709533691406,189.1083526611328
frame_004806.png,829.1340942382812,291.9034118652344,1186.5447998046875,-34.332054138183594,36.263492584228516,189.15673828125
frame_004807.png,829.2794189453125,291.98541259765625,1186.95947265625,-34.31599426269531,36.2728271484375,189.20681762695312
frame_004808.png,829.4617309570312,292.0755615234375,1187.37353515625,-34.2751579284668,36.29115295410156,189.28073120117188
frame_004809.png,829.6444702148438,292.1741027832031,1187.8021240234375,-34.24323272705078,36.301513671875,189.34902954101562
frame_004810.png,829.8316040039062,292.2577819824219,1188.2080078125,-34.22119140625,36.30961608886719,189.42697143554688
frame_004811.png,830.06494140625,292.3282775878906,1188.5751953125,-34.168270111083984,36.3119010925293,189.52162170410156
frame_004812.png,830.3189697265625,292.3953857421875,1188.9376220703125,-34.097591400146484,36.309452056884766,189.602294921875
frame_004813.png,830.5625,292.4530029296875,1189.3079833984375,-34.009307861328125,36.3069953918457,189.66587829589844
frame_004814.png,830.77197265625,292.4986877441406,1189.6885986328125,-33.90633773803711,36.3037109375,189.7050323486328
frame_004815.png,830.9588012695312,292.5272521972656,1190.0814208984375,-33.8042106628418,36.29210662841797,189.74404907226562
frame_004816.png,831.1238403320312,292.54852294921875,1190.4925537109375,-33.716590881347656,36.27717208862305,189.76792907714844
frame_004817.png,831.2754516601562,292.56585693359375,1190.91845703125,-33.63387680053711,36.26080322265625,189.78594970703125
frame_004818.png,831.4133911132812,292.5757141113281,1191.3564453125,-33.56476593017578,36.253379821777344,189.78982543945312
frame_004819.png,831.5450439453125,292.57843017578125,1191.790771484375,-33.50771713256836,36.2493782043457,189.79127502441406
frame_004820.png,831.6661376953125,292.5809020996094,1192.2188720703125,-33.45782470703125,36.246742248535156,189.78436279296875
frame_004821.png,831.778564453125,292.5813293457031,1192.646484375,-33.40950393676758,36.245094299316406,189.7806854248047
frame_004822.png,831.8943481445312,292.58740234375,1193.08447265625,-33.3618278503418,36.2433967590332,189.77081298828125
frame_004823.png,832.0130615234375,292.5963439941406,1193.526123046875,-33.31336212158203,36.25161361694336,189.74838256835938
frame_004824.png,832.1448974609375,292.61224365234375,1193.938232421875,-33.26496887207031,36.253482818603516,189.72988891601562
frame_004825.png,832.3056030273438,292.6376953125,1194.304443359375,-33.2089958190918,36.247840881347656,189.7427978515625
frame_004826.png,832.5090942382812,292.67364501953125,1194.619873046875,-33.17099380493164,36.22677230834961,189.77268981933594
frame_004827.png,832.7365112304688,292.7374267578125,1194.902099609375,-33.143226623535156,36.20301055908203,189.81861877441406
frame_004828.png,832.967529296875,292.81134033203125,1195.150634765625,-33.12548065185547,36.18124771118164,189.8825225830078
frame_004829.png,833.1971435546875,292.8955383300781,1195.3778076171875,-33.1162223815918,36.1602668762207,189.96275329589844
frame_004830.png,833.3917846679688,292.9702453613281,1195.6083984375,-33.13112258911133,36.154258728027344,190.05999755859375
frame_004831.png,833.563720703125,293.0339660644531,1195.8338623046875,-33.124141693115234,36.15202713012695,190.15545654296875
frame_004832.png,833.7138671875,293.0963134765625,1196.0704345703125,-33.1220588684082,36.1552619934082,190.2554473876953
frame_004833.png,833.862548828125,293.1612548828125,1196.2989501953125,-33.13418960571289,36.159183502197266,190.34080505371094
frame_004834.png,834.041015625,293.2347106933594,1196.491943359375,-33.169898986816406,36.169708251953125,190.42996215820312
frame_004835.png,834.2351684570312,293.3139953613281,1196.62939453125,-33.21692657470703,36.18289566040039,190.51585388183594
frame_004836.png,834.4429321289062,293.40167236328125,1196.739990234375,-33.28122329711914,36.20059585571289,190.58412170410156
frame_004837.png,834.6613159179688,293.4942932128906,1196.843017578125,-33.35590362548828,36.22308349609375,190.64508056640625
frame_004838.png,834.8823852539062,293.5867614746094,1196.9561767578125,-33.4355354309082,36.249610900878906,190.7029266357422
frame_004839.png,835.1038818359375,293.6785888671875,1197.0858154296875,-33.518409729003906,36.27874755859375,190.75790405273438
frame_004840.png,835.3243408203125,293.7704772949219,1197.2301025390625,-33.60327911376953,36.309043884277344,190.81199645996094
frame_004841.png,835.5444946289062,293.86187744140625,1197.3851318359375,-33.690704345703125,36.33926773071289,190.8657989501953
frame_004842.png,835.7615966796875,293.9544372558594,1197.5479736328125,-33.77843475341797,36.369144439697266,190.9200897216797
frame_004843.png,835.97607421875,294.04833984375,1197.7142333984375,-33.864501953125,36.39967346191406,190.9783935546875
frame_004844.png,836.1860961914062,294.14129638671875,1197.8814697265625,-33.95008850097656,36.429595947265625,191.03663635253906
frame_004845.png,836.3915405273438,294.23138427734375,1198.050048828125,-34.03371810913086,36.45619583129883,191.08987426757812
frame_004846.png,836.5923461914062,294.32073974609375,1198.22216796875,-34.11410140991211,36.47976303100586,191.14111328125
frame_004847.png,836.7860107421875,294.4082336425781,1198.3984375,-34.192413330078125,36.50102233886719,191.1892547607422
frame_004848.png,836.9762573242188,294.4952697753906,1198.57373046875,-34.26810073852539,36.52166748046875,191.23721313476562
frame_004849.png,837.1650390625,294.5824890136719,1198.7459716796875,-34.342613220214844,36.54408645629883,191.28811645507812
frame_004850.png,837.3572387695312,294.6698913574219,1198.9156494140625,-34.417930603027344,36.56980514526367,191.3411407470703
frame_004851.png,837.5560302734375,294.7578125,1199.0865478515625,-34.4938850402832,36.5974235534668,191.39320373535156
frame_004852.png,837.767822265625,294.84747314453125,1199.2593994140625,-34.56913375854492,36.62840270996094,191.44837951660156
frame_004853.png,837.9933471679688,294.9375,1199.427734375,-34.645206451416016,36.662872314453125,191.5048828125
frame_004854.png,838.2319946289062,295.0243225097656,1199.5859375,-34.721534729003906,36.69855880737305,191.56332397460938
frame_004855.png,838.4758911132812,295.1036071777344,1199.7310791015625,-34.797813415527344,36.73371505737305,191.6221923828125
frame_004856.png,838.7200317382812,295.1783142089844,1199.8580322265625,-34.87373733520508,36.77094268798828,191.67642211914062
frame_004857.png,838.96435546875,295.2524108886719,1199.9581298828125,-34.95042419433594,36.8133430480957,191.7268829345703
frame_004858.png,839.2092895507812,295.3291931152344,1200.0098876953125,-35.03017044067383,36.859336853027344,191.77117919921875
frame_004859.png,839.4410400390625,295.40167236328125,1200.0147705078125,-35.11385726928711,36.903018951416016,191.80418395996094
frame_004860.png,839.655029296875,295.46783447265625,1199.98681640625,-35.196292877197266,36.94099044799805,191.8186492919922
frame_004861.png,839.8555297851562,295.528564453125,1199.9434814453125,-35.272151947021484,36.97263717651367,191.82077026367188
frame_004862.png,840.0455932617188,295.584716796875,1199.8951416015625,-35.34117889404297,37.00008773803711,191.82269287109375
frame_004863.png,840.2234497070312,295.6357421875,1199.8470458984375,-35.405818939208984,37.02426528930664,191.8266143798828
frame_004864.png,840.3910522460938,295.68243408203125,1199.8018798828125,-35.464996337890625,37.048492431640625,191.83180236816406
frame_004865.png,840.5474853515625,295.72540283203125,1199.767333984375,-35.5186882019043,37.07341003417969,191.83590698242188
frame_004866.png,840.6917114257812,295.767333984375,1199.7490234375,-35.565528869628906,37.097896575927734,191.8391571044922
frame_004867.png,840.8226928710938,295.8089904785156,1199.746337890625,-35.606056213378906,37.122684478759766,191.8433074951172
frame_004868.png,840.9385986328125,295.85528564453125,1199.76513671875,-35.64180374145508,37.1473503112793,191.84722900390625
frame_004869.png,841.0379638671875,295.904296875,1199.7998046875,-35.67266082763672,37.171669006347656,191.85336303710938
frame_004870.png,841.117431640625,295.95361328125,1199.8436279296875,-35.69685745239258,37.196224212646484,191.86044311523438
frame_004871.png,841.1751098632812,296.0005798339844,1199.8905029296875,-35.71421813964844,37.22072982788086,191.87222290039062
frame_004872.png,841.2193603515625,296.0473937988281,1199.9388427734375,-35.724822998046875,37.24452209472656,191.8892822265625
frame_004873.png,841.26318359375,296.0911865234375,1199.988525390625,-35.73053741455078,37.26903533935547,191.9181671142578
frame_004874.png,841.32080078125,296.1436767578125,1200.0430908203125,-35.73478317260742,37.29580307006836,191.951904296875
frame_004875.png,841.395263671875,296.2038879394531,1200.10546875,-35.74149703979492,37.32378387451172,191.9921417236328
frame_004876.png,841.4779663085938,296.2655334472656,1200.181640625,-35.749000549316406,37.35090255737305,192.0362548828125
frame_004877.png,841.5664672851562,296.3247375488281,1200.271240234375,-35.758235931396484,37.3774528503418,192.08026123046875
frame_004878.png,841.6536865234375,296.3808288574219,1200.378173828125,-35.76968765258789,37.40469741821289,192.12156677246094
frame_004879.png,841.7418823242188,296.43353271484375,1200.496337890625,-35.782535552978516,37.43464660644531,192.16094970703125
frame_004880.png,841.828369140625,296.48297119140625,1200.6220703125,-35.794368743896484,37.466278076171875,192.19996643066406
frame_004881.png,841.913818359375,296.5302429199219,1200.7513427734375,-35.80387496948242,37.498348236083984,192.24180603027344
frame_004882.png,841.9920654296875,296.5794677734375,1200.890869140625,-35.808509826660156,37.52771759033203,192.2875213623047
frame_004883.png,842.0569458007812,296.62396240234375,1201.0352783203125,-35.813987731933594,37.556217193603516,192.34950256347656
frame_004884.png,842.1131591796875,296.6638488769531,1201.17919921875,-35.82590866088867,37.587459564208984,192.42916870117188
frame_004885.png,842.1502685546875,296.6957702636719,1201.322998046875,-35.835166931152344,37.615352630615234,192.5203399658203
frame_004886.png,842.153076171875,296.7174072265625,1201.451416015625,-35.83243179321289,37.637420654296875,192.61854553222656
frame_004887.png,842.096923828125,296.73077392578125,1201.5640869140625,-35.828922271728516,37.65403366088867,192.70578002929688
frame_004888.png,841.9907836914062,296.7471008300781,1201.6756591796875,-35.83422088623047,37.66561508178711,192.7947540283203
frame_004889.png,841.8455810546875,296.7810363769531,1201.8087158203125,-35.860145568847656,37.67432403564453,192.87155151367188
frame_004890.png,841.6812133789062,296.8208312988281,1201.9595947265625,-35.89618682861328,37.68043899536133,192.9417724609375
frame_004891.png,841.5235595703125,296.8680114746094,1202.10205078125,-35.92276382446289,37.682254791259766,193.00546264648438
frame_004892.png,841.3875732421875,296.9166259765625,1202.225830078125,-35.924739837646484,37.67856216430664,193.073974609375
frame_004893.png,841.2564086914062,296.9703063964844,1202.3511962890625,-35.910709381103516,37.66665267944336,193.13299560546875
frame_004894.png,841.1289672851562,297.03607177734375,1202.482421875,-35.888572692871094,37.64885330200195,193.1794891357422
frame_004895.png,841.0132446289062,297.1148986816406,1202.6094970703125,-35.860992431640625,37.62842559814453,193.2128448486328
frame_004896.png,840.9038696289062,297.196533203125,1202.737548828125,-35.82992935180664,37.60715103149414,193.23690795898438
frame_004897.png,840.8007202148438,297.2734375,1202.8671875,-35.79234313964844,37.58231735229492,193.25662231445312
frame_004898.png,840.6951293945312,297.3440246582031,1202.994140625,-35.7543830871582,37.555660247802734,193.27659606933594
frame_004899.png,840.579833984375,297.4115295410156,1203.11376953125,-35.72517395019531,37.5349006652832,193.30792236328125
frame_004900.png,840.4509887695312,297.471435546875,1203.23193359375,-35.710750579833984,37.52147674560547,193.34434509277344
frame_004901.png,840.3173217773438,297.53057861328125,1203.3763427734375,-35.696876525878906,37.514801025390625,193.3828582763672
frame_004902.png,840.1722412109375,297.5806579589844,1203.5343017578125,-35.7080192565918,37.51443099975586,193.43299865722656
frame_004903.png,840.0072021484375,297.6176452636719,1203.7109375,-35.73811340332031,37.52052688598633,193.5048828125
frame_004904.png,839.8507080078125,297.6498718261719,1203.8638916015625,-35.757728576660156,37.54362869262695,193.58966064453125
frame_004905.png,839.6958618164062,297.680908203125,1204.003173828125,-35.78340148925781,37.57191467285156,193.67990112304688
frame_004906.png,839.5518798828125,297.7117614746094,1204.130615234375,-35.83407211303711,37.601016998291016,193.74851989746094
frame_004907.png,839.4140014648438,297.7464599609375,1204.26806640625,-35.90583801269531,37.62543869018555,193.7861785888672
frame_004908.png,839.2840576171875,297.7866516113281,1204.4185791015625,-35.9763069152832,37.64915084838867,193.8209686279297
frame_004909.png,839.1475830078125,297.8295593261719,1204.5745849609375,-36.03999328613281,37.67362594604492,193.8551025390625
frame_004910.png,839.0101318359375,297.87322998046875,1204.7388916015625,-36.101219177246094,37.69978332519531,193.8900604248047
frame_004911.png,838.8756713867188,297.92242431640625,1204.91845703125,-36.162071228027344,37.72468566894531,193.9220428466797
frame_004912.png,838.7467041015625,297.9796447753906,1205.112548828125,-36.22722244262695,37.74799728393555,193.94517517089844
frame_004913.png,838.6383056640625,298.0477294921875,1205.318359375,-36.30058670043945,37.769874572753906,193.95974731445312
frame_004914.png,838.5619506835938,298.1280212402344,1205.535888671875,-36.381256103515625,37.789974212646484,193.97059631347656
frame_004915.png,838.5155029296875,298.2177429199219,1205.7591552734375,-36.46562957763672,37.808197021484375,193.98121643066406
frame_004916.png,838.4849853515625,298.3112487792969,1205.9886474609375,-36.55353546142578,37.82361602783203,193.99464416503906
frame_004917.png,838.4657592773438,298.4080810546875,1206.217529296875,-36.6430549621582,37.84000015258789,194.0111846923828
frame_004918.png,838.4517822265625,298.5071105957031,1206.44580078125,-36.73383712768555,37.85587692260742,194.0308380126953
frame_004919.png,838.4373168945312,298.6066589355469,1206.6680908203125,-36.82573318481445,37.87094497680664,194.0504608154297
frame_004920.png,838.4166259765625,298.7043762207031,1206.885986328125,-36.91979217529297,37.884830474853516,194.0696258544922
frame_004921.png,838.3840942382812,298.79888916015625,1207.093505859375,-37.01174545288086,37.89848327636719,194.08360290527344
frame_004922.png,838.3344116210938,298.8896179199219,1207.2899169921875,-37.09892272949219,37.91249084472656,194.09095764160156
frame_004923.png,838.275146484375,298.9791259765625,1207.484375,-37.1837043762207,37.926788330078125,194.09434509277344
frame_004924.png,838.2047729492188,299.06640625,1207.67578125,-37.26512908935547,37.9419059753418,194.09600830078125
frame_004925.png,838.1270141601562,299.1512756347656,1207.87158203125,-37.35054397583008,37.95610427856445,194.10447692871094
frame_004926.png,838.0484619140625,299.23565673828125,1208.0767822265625,-37.43971252441406,37.970787048339844,194.11880493164062
frame_004927.png,837.9678955078125,299.3188171386719,1208.294189453125,-37.530635833740234,37.98785400390625,194.13938903808594
frame_004928.png,837.8721313476562,299.3936767578125,1208.5164794921875,-37.60755157470703,38.011165618896484,194.157470703125
frame_004929.png,837.7430419921875,299.4508361816406,1208.7354736328125,-37.661582946777344,38.038570404052734,194.1724090576172
frame_004930.png,837.5894775390625,299.4930725097656,1208.9580078125,-37.70130157470703,38.0654296875,194.18479919433594
frame_004931.png,837.4336547851562,299.5238342285156,1209.19091796875,-37.73492431640625,38.08954620361328,194.20237731933594
frame_004932.png,837.2800903320312,299.5478820800781,1209.421630859375,-37.770633697509766,38.11384582519531,194.22018432617188
frame_004933.png,837.1175537109375,299.56011962890625,1209.64501953125,-37.8066520690918,38.13411331176758,194.2407684326172
frame_004934.png,836.9461059570312,299.55963134765625,1209.857177734375,-37.830055236816406,38.15322494506836,194.26869201660156
frame_004935.png,836.7708740234375,299.54656982421875,1210.0560302734375,-37.8438606262207,38.167945861816406,194.29537963867188
frame_004936.png,836.5975341796875,299.5225524902344,1210.2451171875,-37.8454475402832,38.18386459350586,194.33108520507812
frame_004937.png,836.4281616210938,299.4895935058594,1210.4266357421875,-37.835784912109375,38.2028923034668,194.3731689453125
frame_004938.png,836.2561645507812,299.45306396484375,1210.6226806640625,-37.82410430908203,38.222129821777344,194.4151611328125
frame_004939.png,836.07763671875,299.4119567871094,1210.8424072265625,-37.81052780151367,38.243927001953125,194.45687866210938
frame_004940.png,835.8941650390625,299.3646545410156,1211.0853271484375,-37.7961311340332,38.26982498168945,194.4965057373047
frame_004941.png,835.7110595703125,299.3123779296875,1211.343994140625,-37.7799072265625,38.298492431640625,194.53233337402344
frame_004942.png,835.539306640625,299.259765625,1211.6142578125,-37.759944915771484,38.32851791381836,194.56602478027344
frame_004943.png,835.3915405273438,299.20745849609375,1211.884033203125,-37.731605529785156,38.356910705566406,194.60104370117188
frame_004944.png,835.2726440429688,299.1553039550781,1212.1451416015625,-37.69576644897461,38.38187789916992,194.63267517089844
frame_004945.png,835.1807861328125,299.108154296875,1212.4068603515625,-37.65397262573242,38.40242385864258,194.65855407714844
frame_004946.png,835.10009765625,299.0677490234375,1212.6748046875,-37.60728073120117,38.419273376464844,194.68096923828125
frame_004947.png,835.0228271484375,299.0318603515625,1212.94775390625,-37.554927825927734,38.4336051940918,194.7045135498047
frame_004948.png,834.947265625,298.9997863769531,1213.2235107421875,-37.49742126464844,38.44478988647461,194.72886657714844
frame_004949.png,834.87548828125,298.9696960449219,1213.4976806640625,-37.43803024291992,38.45553207397461,194.75265502929688
frame_004950.png,834.8034057617188,298.9420471191406,1213.7686767578125,-37.38080978393555,38.46451187133789,194.7793731689453
frame_004951.png,834.7282104492188,298.9194641113281,1214.03173828125,-37.32762145996094,38.474609375,194.8098602294922
frame_004952.png,834.643798828125,298.9040222167969,1214.2742919921875,-37.27771759033203,38.48467254638672,194.8428192138672
frame_004953.png,834.5521850585938,298.895751953125,1214.485107421875,-37.2310676574707,38.49494171142578,194.87686157226562
frame_004954.png,834.4510498046875,298.894775390625,1214.6744384765625,-37.18772888183594,38.50394058227539,194.90957641601562
frame_004955.png,834.3414916992188,298.8987731933594,1214.8505859375,-37.14978790283203,38.5112190246582,194.93746948242188
frame_004956.png,834.224853515625,298.9059143066406,1215.0238037109375,-37.111846923828125,38.519691467285156,194.96078491210938
frame_004957.png,834.1110229492188,298.91876220703125,1215.189697265625,-37.07180404663086,38.528194427490234,194.97474670410156
frame_004958.png,834.0241088867188,298.9490966796875,1215.3546142578125,-37.0390510559082,38.534236907958984,194.98159790039062
frame_004959.png,833.96923828125,298.9976806640625,1215.5318603515625,-37.020721435546875,38.53382873535156,194.98367309570312
frame_004960.png,833.9408569335938,299.0586853027344,1215.714599609375,-37.009395599365234,38.528480529785156,194.97608947753906
frame_004961.png,833.9259643554688,299.12939453125,1215.8958740234375,-37.00056838989258,38.51722717285156,194.95742797851562
frame_004962.png,833.9217529296875,299.2068176269531,1216.0718994140625,-36.99198913574219,38.499942779541016,194.92709350585938
frame_004963.png,833.9237670898438,299.2891540527344,1216.2430419921875,-36.98303985595703,38.477272033691406,194.88514709472656
frame_004964.png,833.9429321289062,299.3733215332031,1216.4052734375,-36.9693603515625,38.454429626464844,194.83383178710938
frame_004965.png,833.9845581054688,299.4574279785156,1216.5596923828125,-36.95600128173828,38.43290328979492,194.7789306640625
frame_004966.png,834.0390014648438,299.54150390625,1216.7149658203125,-36.949161529541016,38.41355895996094,194.72341918945312
frame_004967.png,834.1034545898438,299.6224365234375,1216.8765869140625,-36.94620895385742,38.396728515625,194.6715545654297
frame_004968.png,834.1701049804688,299.6993713378906,1217.05224609375,-36.94772720336914,38.38283157348633,194.623291015625
frame_004969.png,834.232421875,299.7716979980469,1217.2421875,-36.951622009277344,38.36893844604492,194.57911682128906
frame_004970.png,834.296142578125,299.84222412109375,1217.4332275390625,-36.9529914855957,38.35298538208008,194.5386199951172
frame_004971.png,834.3613891601562,299.9137878417969,1217.612548828125,-36.95016098022461,38.33317184448242,194.50112915039062
frame_004972.png,834.4281005859375,299.9881591796875,1217.766357421875,-36.94247055053711,38.3077392578125,194.4697723388672
frame_004973.png,834.5009155273438,300.061767578125,1217.902587890625,-36.930240631103516,38.282920837402344,194.44088745117188
frame_004974.png,834.5680541992188,300.1280822753906,1218.04052734375,-36.918609619140625,38.259002685546875,194.4180450439453
frame_004975.png,834.615234375,300.18585205078125,1218.199462890625,-36.92289733886719,38.239906311035156,194.4027099609375
frame_004976.png,834.6548461914062,300.2371826171875,1218.3631591796875,-36.946083068847656,38.23060989379883,194.3909912109375
frame_004977.png,834.6884155273438,300.2851867675781,1218.5233154296875,-36.98670196533203,38.22669982910156,194.3733673095703
frame_004978.png,834.7389526367188,300.3421936035156,1218.6605224609375,-37.03158950805664,38.2239990234375,194.34605407714844
frame_004979.png,834.8003540039062,300.3948059082031,1218.78369140625,-37.079524993896484,38.229034423828125,194.3229522705078
frame_004980.png,834.8643798828125,300.4407653808594,1218.9256591796875,-37.1358642578125,38.24041748046875,194.31478881835938
frame_004981.png,834.9348754882812,300.4809265136719,1219.0810546875,-37.18710708618164,38.26034927368164,194.3236083984375
frame_004982.png,834.9906616210938,300.50531005859375,1219.2591552734375,-37.22984313964844,38.28095626831055,194.35096740722656
frame_004983.png,835.0291748046875,300.5198669433594,1219.4576416015625,-37.26448059082031,38.302425384521484,194.40028381347656
frame_004984.png,835.0615234375,300.5391540527344,1219.6474609375,-37.291439056396484,38.322139739990234,194.45945739746094
frame_004985.png,835.08251953125,300.5605163574219,1219.83837890625,-37.3134651184082,38.34019470214844,194.5232391357422
frame_004986.png,835.0776977539062,300.5775451660156,1220.0267333984375,-37.32709884643555,38.35930252075195,194.58694458007812
frame_004987.png,835.0269775390625,300.5863952636719,1220.1842041015625,-37.32451248168945,38.376888275146484,194.6389617919922
frame_004988.png,834.9258422851562,300.5838928222656,1220.318603515625,-37.316871643066406,38.38882827758789,194.67532348632812
frame_004989.png,834.7814331054688,300.5647888183594,1220.4542236328125,-37.312294006347656,38.40068817138672,194.71112060546875
frame_004990.png,834.59521484375,300.5399169921875,1220.618896484375,-37.31300354003906,38.41463088989258,194.75
frame_004991.png,834.3849487304688,300.5133972167969,1220.8056640625,-37.315399169921875,38.428768157958984,194.78749084472656
frame_004992.png,834.1640014648438,300.4833068847656,1221.0059814453125,-37.30309295654297,38.44472885131836,194.81057739257812
frame_004993.png,833.9447021484375,300.4620666503906,1221.2310791015625,-37.29393005371094,38.46406555175781,194.8223876953125
frame_004994.png,833.73046875,300.4504089355469,1221.46044921875,-37.29305648803711,38.490028381347656,194.8126220703125
frame_004995.png,833.52734375,300.4466247558594,1221.6947021484375,-37.301536560058594,38.507972717285156,194.80308532714844
frame_004996.png,833.354248046875,300.4502258300781,1221.9156494140625,-37.309326171875,38.525211334228516,194.7908172607422
frame_004997.png,833.20166015625,300.4591369628906,1222.12939453125,-37.31366729736328,38.5411376953125,194.77716064453125
frame_004998.png,833.0684814453125,300.47113037109375,1222.3326416015625,-37.30767822265625,38.557926177978516,194.767333984375
frame_004999.png,832.963134765625,300.4891052246094,1222.53076171875,-37.30245590209961,38.57740783691406,194.76560974121094
frame_005000.png,832.9100341796875,300.51995849609375,1222.7381591796875,-37.30848693847656,38.59837341308594,194.779296875
frame_005001.png,832.9108276367188,300.55828857421875,1222.9520263671875,-37.324947357177734,38.61918640136719,194.81089782714844
frame_005002.png,832.9573974609375,300.60479736328125,1223.168701171875,-37.3483772277832,38.640193939208984,194.85165405273438
frame_005003.png,833.0232543945312,300.6595153808594,1223.3931884765625,-37.389564514160156,38.66007614135742,194.88548278808594
frame_005004.png,833.0716552734375,300.7198181152344,1223.622314453125,-37.44807815551758,38.671268463134766,194.9036407470703
frame_005005.png,833.1028442382812,300.777099609375,1223.8414306640625,-37.501014709472656,38.678985595703125,194.9326171875
frame_005006.png,833.1166381835938,300.8302307128906,1224.0460205078125,-37.547943115234375,38.68693161010742,194.97483825683594
frame_005007.png,833.1239624023438,300.8855895996094,1224.2451171875,-37.59685516357422,38.69810485839844,195.03338623046875
frame_005008.png,833.145751953125,300.94384765625,1224.4344482421875,-37.64661407470703,38.71262741088867,195.09751892089844
frame_005009.png,833.1510620117188,300.99774169921875,1224.6134033203125,-37.69260787963867,38.73108673095703,195.1621856689453
frame_005010.png,833.1057739257812,301.032470703125,1224.76806640625,-37.7390251159668,38.74698257446289,195.2254638671875
frame_005011.png,833.0759887695312,301.05352783203125,1224.8873291015625,-37.79179000854492,38.773826599121094,195.29306030273438
frame_005012.png,832.976806640625,301.0711975097656,1225.02880859375,-37.88536071777344,38.79737091064453,195.3561553955078
frame_005013.png,832.925537109375,301.09423828125,1225.18603515625,-37.979957580566406,38.83230209350586,195.41175842285156
frame_005014.png,832.9533081054688,301.1346740722656,1225.3751220703125,-38.063838958740234,38.86779022216797,195.43856811523438
frame_005015.png,833.01708984375,301.1840515136719,1225.58447265625,-38.131290435791016,38.907981872558594,195.46469116210938
frame_005016.png,833.1035766601562,301.2527770996094,1225.834228515625,-38.20950698852539,38.93976593017578,195.5370635986328
frame_005017.png,833.1481323242188,301.2906494140625,1226.0926513671875,-38.25270080566406,38.97425842285156,195.61221313476562
frame_005018.png,833.1776733398438,301.3197326660156,1226.3671875,-38.296512603759766,39.00238800048828,195.65814208984375
frame_005019.png,833.193115234375,301.3511657714844,1226.65673828125,-38.3400993347168,39.02750778198242,195.6907958984375
frame_005020.png,833.198486328125,301.3835144042969,1226.9501953125,-38.3841552734375,39.0505256652832,195.7202606201172
frame_005021.png,833.2007446289062,301.41827392578125,1227.24853515625,-38.43036651611328,39.071624755859375,195.7509307861328
frame_005022.png,833.1939086914062,301.4532165527344,1227.55029296875,-38.48066711425781,39.09395980834961,195.77854919433594
frame_005023.png,833.1840209960938,301.4898986816406,1227.859619140625,-38.53642654418945,39.11806106567383,195.8052215576172
frame_005024.png,833.1686401367188,301.5287780761719,1228.1729736328125,-38.59410095214844,39.14369201660156,195.8280029296875
frame_005025.png,833.1431274414062,301.5613098144531,1228.497314453125,-38.6572380065918,39.17142868041992,195.8706817626953
frame_005026.png,833.1370239257812,301.5998840332031,1228.81298828125,-38.71296691894531,39.19751739501953,195.91563415527344
frame_005027.png,833.1325073242188,301.6441345214844,1229.12451171875,-38.767765045166016,39.227054595947266,195.9446258544922
frame_005028.png,833.1369018554688,301.6878967285156,1229.4193115234375,-38.81343078613281,39.25528335571289,195.9742431640625
frame_005029.png,833.1420288085938,301.7332763671875,1229.69287109375,-38.84660720825195,39.27637481689453,196.0105743408203
frame_005030.png,833.15966796875,301.7787170410156,1229.998779296875,-38.885108947753906,39.294010162353516,196.08961486816406
frame_005031.png,833.2007446289062,301.8187561035156,1230.2996826171875,-38.93384552001953,39.31684875488281,196.17544555664062
frame_005032.png,833.2262573242188,301.86065673828125,1230.6033935546875,-38.985008239746094,39.33671569824219,196.23727416992188
frame_005033.png,833.2323608398438,301.8988037109375,1230.9151611328125,-39.037593841552734,39.3569221496582,196.2822723388672
frame_005034.png,833.2249145507812,301.93603515625,1231.228759765625,-39.092742919921875,39.37424087524414,196.32174682617188
frame_005035.png,833.2169189453125,301.97259521484375,1231.543212890625,-39.148345947265625,39.39368438720703,196.35296630859375
frame_005036.png,833.2092895507812,302.0095520019531,1231.8585205078125,-39.20183181762695,39.414466857910156,196.3792266845703
frame_005037.png,833.2088012695312,302.045166015625,1232.1641845703125,-39.248390197753906,39.43622589111328,196.41159057617188
frame_005038.png,833.2059326171875,302.083740234375,1232.4678955078125,-39.295196533203125,39.45722198486328,196.4263153076172
frame_005039.png,833.201171875,302.12237548828125,1232.7822265625,-39.34800720214844,39.479007720947266,196.4415283203125
frame_005040.png,833.1923828125,302.1612548828125,1233.123291015625,-39.40876770019531,39.50664520263672,196.45419311523438
frame_005041.png,833.18115234375,302.20135498046875,1233.4764404296875,-39.472991943359375,39.54182815551758,196.45806884765625
frame_005042.png,833.1907348632812,302.24554443359375,1233.8131103515625,-39.520416259765625,39.581424713134766,196.46365356445312
frame_005043.png,833.221923828125,302.2872619628906,1234.125,-39.54337692260742,39.618186950683594,196.47671508789062
frame_005044.png,833.25634765625,302.3269348144531,1234.4176025390625,-39.55563735961914,39.64792251586914,196.48020935058594
frame_005045.png,833.2734985351562,302.355712890625,1234.7166748046875,-39.56436538696289,39.67074966430664,196.46646118164062
frame_005046.png,833.2713012695312,302.36712646484375,1235.037109375,-39.57091522216797,39.690921783447266,196.446533203125
frame_005047.png,833.2662963867188,302.370361328125,1235.3680419921875,-39.58018112182617,39.71586227416992,196.42446899414062
frame_005048.png,833.28173828125,302.37628173828125,1235.707275390625,-39.587337493896484,39.7496337890625,196.386962890625
frame_005049.png,833.3290405273438,302.3847351074219,1236.044921875,-39.58030319213867,39.78266906738281,196.33737182617188
frame_005050.png,833.4124755859375,302.3970642089844,1236.3616943359375,-39.55454635620117,39.80167770385742,196.31268310546875
frame_005051.png,833.5011596679688,302.4207763671875,1236.68310546875,-39.54205322265625,39.81882095336914,196.28445434570312
frame_005052.png,833.5968627929688,302.45404052734375,1236.9840087890625,-39.544395446777344,39.82894515991211,196.2524871826172
frame_005053.png,833.71533203125,302.4985046386719,1237.243408203125,-39.544673919677734,39.83625030517578,196.22525024414062
frame_005054.png,833.8504028320312,302.552001953125,1237.486328125,-39.52920913696289,39.84585189819336,196.21453857421875
frame_005055.png,833.9922485351562,302.60638427734375,1237.731201171875,-39.506507873535156,39.85932540893555,196.2291259765625
frame_005056.png,834.1273803710938,302.6617736816406,1237.9652099609375,-39.47475051879883,39.87449645996094,196.25552368164062
frame_005057.png,834.275634765625,302.7204895019531,1238.1680908203125,-39.43758773803711,39.8851203918457,196.27853393554688
frame_005058.png,834.4341430664062,302.7745056152344,1238.3533935546875,-39.40013122558594,39.885833740234375,196.31565856933594
frame_005059.png,834.6188354492188,302.8243713378906,1238.5147705078125,-39.380680084228516,39.879791259765625,196.3580780029297
frame_005060.png,834.8355712890625,302.874755859375,1238.6593017578125,-39.3741340637207,39.87489700317383,196.43905639648438
frame_005061.png,835.0746459960938,302.9342041015625,1238.7901611328125,-39.376625061035156,39.87209701538086,196.5290985107422
frame_005062.png,835.3314819335938,303.01416015625,1238.9195556640625,-39.38393783569336,39.87482833862305,196.61183166503906
frame_005063.png,835.5848388671875,303.11077880859375,1239.06884765625,-39.393775939941406,39.875038146972656,196.6904296875
frame_005064.png,835.8198852539062,303.2154541015625,1239.2462158203125,-39.4026985168457,39.870113372802734,196.7796630859375
frame_005065.png,836.044189453125,303.3177490234375,1239.4208984375,-39.433021545410156,39.86619567871094,196.87889099121094
frame_005066.png,836.2659301757812,303.4230041503906,1239.6011962890625,-39.47652053833008,39.864898681640625,196.97189331054688
frame_005067.png,836.5054321289062,303.52716064453125,1239.775146484375,-39.517059326171875,39.863014221191406,197.06932067871094
frame_005068.png,836.7635498046875,303.6305236816406,1239.9461669921875,-39.53647994995117,39.86061477661133,197.1471405029297
frame_005069.png,837.0226440429688,303.7394104003906,1240.1707763671875,-39.555389404296875,39.86064529418945,197.1884765625
frame_005070.png,837.2667236328125,303.84942626953125,1240.4517822265625,-39.565120697021484,39.861690521240234,197.22218322753906
frame_005071.png,837.486572265625,303.935546875,1240.754150390625,-39.575496673583984,39.866249084472656,197.23133850097656
frame_005072.png,837.6935424804688,304.0092468261719,1241.056640625,-39.56847381591797,39.87981033325195,197.2032470703125
frame_005073.png,837.894287109375,304.0686950683594,1241.3668212890625,-39.55380630493164,39.899288177490234,197.1456298828125
frame_005074.png,838.0819091796875,304.1044616699219,1241.6998291015625,-39.553157806396484,39.931915283203125,197.07366943359375
frame_005075.png,838.228515625,304.1064147949219,1242.0743408203125,-39.56458282470703,39.97572326660156,197.0080108642578
frame_005076.png,838.3167114257812,304.0781555175781,1242.48193359375,-39.576263427734375,40.02211380004883,196.95281982421875
frame_005077.png,838.3536376953125,304.03143310546875,1242.915283203125,-39.581687927246094,40.06831359863281,196.906005859375
frame_005078.png,838.3590698242188,303.97479248046875,1243.3665771484375,-39.58217239379883,40.115596771240234,196.8617706298828
frame_005079.png,838.3446044921875,303.913330078125,1243.8372802734375,-39.5810432434082,40.16429138183594,196.81407165527344
frame_005080.png,838.3226928710938,303.8503112792969,1244.3218994140625,-39.58423614501953,40.21403884887695,196.76588439941406
frame_005081.png,838.3102416992188,303.7929382324219,1244.8214111328125,-39.589054107666016,40.26384353637695,196.71328735351562
frame_005082.png,838.3228759765625,303.7447509765625,1245.3187255859375,-39.5909538269043,40.312042236328125,196.6570281982422
frame_005083.png,838.3648071289062,303.7026672363281,1245.8060302734375,-39.591514587402344,40.35673522949219,196.5961151123047
frame_005084.png,838.4305419921875,303.6651611328125,1246.2847900390625,-39.589298248291016,40.39253234863281,196.53065490722656
frame_005085.png,838.509521484375,303.6323547363281,1246.7587890625,-39.5883903503418,40.42020034790039,196.46224975585938
frame_005086.png,838.6004638671875,303.60552978515625,1247.2203369140625,-39.5882568359375,40.43941879272461,196.3936767578125
frame_005087.png,838.7075805664062,303.5862121582031,1247.640869140625,-39.58768844604492,40.45011520385742,196.3247528076172
frame_005088.png,838.830078125,303.5782470703125,1248.03466796875,-39.58763122558594,40.458648681640625,196.26490783691406
frame_005089.png,838.9594116210938,303.5782165527344,1248.4134521484375,-39.58442306518555,40.46694564819336,196.20970153808594
frame_005090.png,839.1050415039062,303.58477783203125,1248.7728271484375,-39.57520294189453,40.479034423828125,196.15396118164062
frame_005091.png,839.2590942382812,303.6006164550781,1249.12060546875,-39.555660247802734,40.49174118041992,196.0983428955078
frame_005092.png,839.427001953125,303.6263427734375,1249.4659423828125,-39.53443145751953,40.50857162475586,196.04087829589844
frame_005093.png,839.595458984375,303.6518859863281,1249.826904296875,-39.518348693847656,40.53610610961914,195.9838104248047
frame_005094.png,839.7578735351562,303.66748046875,1250.20361328125,-39.51066589355469,40.57208251953125,195.92706298828125
frame_005095.png,839.9082641601562,303.6680908203125,1250.5987548828125,-39.5084114074707,40.61519241333008,195.87326049804688
frame_005096.png,840.0380859375,303.6519775390625,1251.00927734375,-39.513099670410156,40.66368865966797,195.82009887695312
frame_005097.png,840.1348876953125,303.6205749511719,1251.43603515625,-39.5240478515625,40.71593475341797,195.76971435546875
frame_005098.png,840.2000732421875,303.5772705078125,1251.8741455078125,-39.53791046142578,40.77008056640625,195.7259063720703
frame_005099.png,840.240234375,303.52667236328125,1252.3179931640625,-39.553897857666016,40.824188232421875,195.6917266845703
frame_005100.png,840.2542114257812,303.47064208984375,1252.7705078125,-39.56806182861328,40.87618637084961,195.66738891601562
frame_005101.png,840.2485961914062,303.4088134765625,1253.2327880859375,-39.57713317871094,40.92620849609375,195.65159606933594
frame_005102.png,840.2313842773438,303.3438720703125,1253.70166015625,-39.581180572509766,40.97276306152344,195.64105224609375
frame_005103.png,840.2063598632812,303.2767639160156,1254.1766357421875,-39.58419418334961,41.016361236572266,195.62879943847656
frame_005104.png,840.1768188476562,303.2109375,1254.656005859375,-39.58794403076172,41.05965042114258,195.61744689941406
frame_005105.png,840.1456298828125,303.1451110839844,1255.1337890625,-39.592159271240234,41.101966857910156,195.61087036132812
frame_005106.png,840.1187744140625,303.0794677734375,1255.611572265625,-39.596763610839844,41.144981384277344,195.6043701171875
frame_005107.png,840.091552734375,303.01495361328125,1256.087890625,-39.599029541015625,41.18580627441406,195.59872436523438
frame_005108.png,840.0601196289062,302.951416015625,1256.560791015625,-39.597740173339844,41.22040557861328,195.59234619140625
frame_005109.png,840.0311889648438,302.8868103027344,1257.031982421875,-39.594268798828125,41.25228500366211,195.5863037109375
frame_005110.png,840.0032958984375,302.8230285644531,1257.501953125,-39.58820724487305,41.28521728515625,195.57498168945312
frame_005111.png,839.9727783203125,302.7599792480469,1257.969482421875,-39.58274459838867,41.3192024230957,195.55923461914062
frame_005112.png,839.9393920898438,302.6955261230469,1258.4349365234375,-39.57868194580078,41.35542678833008,195.53851318359375
frame_005113.png,839.9038696289062,302.6302185058594,1258.8997802734375,-39.575401306152344,41.39282989501953,195.5148468017578
frame_005114.png,839.8665161132812,302.5651550292969,1259.365966796875,-39.57429504394531,41.43039321899414,195.49044799804688
frame_005115.png,839.8280029296875,302.5005187988281,1259.83251953125,-39.57550048828125,41.468833923339844,195.466796875
frame_005116.png,839.789794921875,302.43603515625,1260.2984619140625,-39.57638931274414,41.5084228515625,195.4424591064453
frame_005117.png,839.7506713867188,302.3712463378906,1260.76318359375,-39.579349517822266,41.54850387573242,195.41664123535156
frame_005118.png,839.7113647460938,302.3070983886719,1261.2281494140625,-39.58364486694336,41.58829116821289,195.3883819580078
frame_005119.png,839.671875,302.244384765625,1261.692626953125,-39.58673858642578,41.627323150634766,195.35757446289062
frame_005120.png,839.6349487304688,302.183349609375,1262.157470703125,-39.585514068603516,41.66739273071289,195.32574462890625
frame_005121.png,839.5995483398438,302.12359619140625,1262.622802734375,-39.58250045776367,41.70845031738281,195.2948760986328
frame_005122.png,839.5634765625,302.0647277832031,1263.0888671875,-39.577110290527344,41.750099182128906,195.2640838623047
frame_005123.png,839.5260009765625,302.0061950683594,1263.554443359375,-39.56967544555664,41.791419982910156,195.23193359375
frame_005124.png,839.4868774414062,301.9461364746094,1264.019287109375,-39.56214141845703,41.831031799316406,195.19847106933594
frame_005125.png,839.447509765625,301.8841552734375,1264.482666015625,-39.55502700805664,41.8699836730957,195.16433715820312
frame_005126.png,839.4072875976562,301.8194274902344,1264.9449462890625,-39.54810333251953,41.908355712890625,195.13011169433594
frame_005127.png,839.3658447265625,301.75537109375,1265.406005859375,-39.54102325439453,41.94721221923828,195.09295654296875
frame_005128.png,839.3263549804688,301.6933898925781,1265.866943359375,-39.53428649902344,41.987186431884766,195.05337524414062
frame_005129.png,839.2833862304688,301.6318054199219,1266.3265380859375,-39.530086517333984,42.02631378173828,195.01258850097656
frame_005130.png,839.2384033203125,301.5683288574219,1266.785400390625,-39.527099609375,42.06364440917969,194.97390747070312
frame_005131.png,839.1951293945312,301.5075378417969,1267.2413330078125,-39.52490234375,42.099910736083984,194.93621826171875
frame_005132.png,839.152099609375,301.4466552734375,1267.69189453125,-39.52433776855469,42.134849548339844,194.89801025390625
frame_005133.png,839.1163940429688,301.38604736328125,1268.13720703125,-39.522682189941406,42.17094802856445,194.86233520507812
frame_005134.png,839.093017578125,301.32421875,1268.578125,-39.51769256591797,42.20951843261719,194.82879638671875
frame_005135.png,839.077880859375,301.2599182128906,1269.02099609375,-39.51274108886719,42.249935150146484,194.79153442382812
frame_005136.png,839.0642700195312,301.1961364746094,1269.4688720703125,-39.510772705078125,42.292938232421875,194.7467498779297
frame_005137.png,839.051513671875,301.1344299316406,1269.9232177734375,-39.51227951049805,42.33832931518555,194.69692993164062
frame_005138.png,839.040771484375,301.07470703125,1270.3795166015625,-39.515628814697266,42.383907318115234,194.645751953125
frame_005139.png,839.0302734375,301.0162658691406,1270.835205078125,-39.518836975097656,42.42673873901367,194.59559631347656
frame_005140.png,839.0193481445312,300.9588623046875,1271.293701171875,-39.51926040649414,42.46694564819336,194.54718017578125
frame_005141.png,839.0056762695312,300.90130615234375,1271.755859375,-39.51755142211914,42.505104064941406,194.4992218017578
frame_005142.png,838.993896484375,300.8410949707031,1272.2225341796875,-39.5147705078125,42.54314422607422,194.4499053955078
frame_005143.png,838.9832763671875,300.779052734375,1272.6915283203125,-39.511756896972656,42.58121109008789,194.39968872070312
frame_005144.png,838.9712524414062,300.71612548828125,1273.1640625,-39.50923538208008,42.619873046875,194.34962463378906
frame_005145.png,838.954345703125,300.65155029296875,1273.6409912109375,-39.504703521728516,42.65745162963867,194.3026123046875
frame_005146.png,838.9337158203125,300.5860900878906,1274.121826171875,-39.5004997253418,42.69343185424805,194.2591094970703
frame_005147.png,838.9122314453125,300.5201110839844,1274.6044921875,-39.49717330932617,42.727474212646484,194.21710205078125
frame_005148.png,838.896240234375,300.4622802734375,1275.0736083984375,-39.494354248046875,42.75657272338867,194.16839599609375
frame_005149.png,838.8865966796875,300.41595458984375,1275.5235595703125,-39.49331283569336,42.78102111816406,194.11122131347656
frame_005150.png,838.88623046875,300.3785400390625,1275.96337890625,-39.49276351928711,42.80427169799805,194.04783630371094
frame_005151.png,838.8892822265625,300.34820556640625,1276.3958740234375,-39.49308395385742,42.82588577270508,193.97994995117188
frame_005152.png,838.9007568359375,300.32135009765625,1276.8267822265625,-39.49485778808594,42.84968948364258,193.90777587890625
frame_005153.png,838.9244995117188,300.29876708984375,1277.248291015625,-39.49681091308594,42.872833251953125,193.83453369140625
frame_005154.png,838.9639282226562,300.2800598144531,1277.6561279296875,-39.498313903808594,42.897945404052734,193.76370239257812
frame_005155.png,839.017578125,300.2659606933594,1278.0546875,-39.50145721435547,42.92689514160156,193.69371032714844
frame_005156.png,839.0787353515625,300.25311279296875,1278.4439697265625,-39.503929138183594,42.96018600463867,193.62667846679688
frame_005157.png,839.1367797851562,300.2337341308594,1278.8397216796875,-39.50620651245117,42.99770736694336,193.56814575195312
frame_005158.png,839.1846313476562,300.2050476074219,1279.25732421875,-39.5081787109375,43.03870391845703,193.5169219970703
frame_005159.png,839.221923828125,300.1683654785156,1279.6907958984375,-39.51029968261719,43.082054138183594,193.4706573486328
frame_005160.png,839.2523193359375,300.124755859375,1280.1326904296875,-39.513118743896484,43.12565231323242,193.42726135253906
frame_005161.png,839.2801513671875,300.0788269042969,1280.5814208984375,-39.51605987548828,43.1663818359375,193.38340759277344
frame_005162.png,839.306884765625,300.03033447265625,1281.03955078125,-39.51956558227539,43.20658493041992,193.33969116210938
frame_005163.png,839.332275390625,299.97564697265625,1281.5035400390625,-39.525062561035156,43.2462272644043,193.2969512939453
frame_005164.png,839.3589477539062,299.9162902832031,1281.9720458984375,-39.53156661987305,43.28701400756836,193.2548065185547
frame_005165.png,839.3900756835938,299.8578796386719,1282.4462890625,-39.53643798828125,43.3299560546875,193.2102813720703
frame_005166.png,839.42822265625,299.8015441894531,1282.92041015625,-39.541683197021484,43.371646881103516,193.1603240966797
frame_005167.png,839.4732055664062,299.7489929199219,1283.390869140625,-39.54877471923828,43.41244125366211,193.10581970214844
frame_005168.png,839.5225219726562,299.6968078613281,1283.8631591796875,-39.559242248535156,43.453025817871094,193.04638671875
frame_005169.png,839.5796508789062,299.64312744140625,1284.336669921875,-39.57155990600586,43.494354248046875,192.9870147705078
frame_005170.png,839.6473388671875,299.58734130859375,1284.806884765625,-39.584800720214844,43.53650665283203,192.92617797851562
frame_005171.png,839.7261352539062,299.5303955078125,1285.2728271484375,-39.60068130493164,43.581504821777344,192.86277770996094
frame_005172.png,839.8102416992188,299.4718017578125,1285.7379150390625,-39.61805725097656,43.628028869628906,192.79869079589844
frame_005173.png,839.8949584960938,299.4123840332031,1286.203125,-39.63368606567383,43.67496109008789,192.7354278564453
frame_005174.png,839.9793090820312,299.35223388671875,1286.6708984375,-39.64699172973633,43.721588134765625,192.67478942871094
frame_005175.png,840.0592651367188,299.29180908203125,1287.141845703125,-39.657466888427734,43.76643371582031,192.61514282226562
frame_005176.png,840.1337890625,299.23028564453125,1287.6138916015625,-39.66575241088867,43.80859375,192.55580139160156
frame_005177.png,840.2033081054688,299.1662292480469,1288.08740234375,-39.6723518371582,43.84807586669922,192.4974365234375
frame_005178.png,840.2708129882812,299.101318359375,1288.5634765625,-39.679805755615234,43.88631820678711,192.44334411621094
frame_005179.png,840.3367309570312,299.0376892089844,1289.039306640625,-39.6871337890625,43.924800872802734,192.39187622070312
frame_005180.png,840.4053955078125,298.9788818359375,1289.5140380859375,-39.69212341308594,43.96208953857422,192.341796875
frame_005181.png,840.4852294921875,298.92449951171875,1289.9847412109375,-39.70035171508789,44.0001220703125,192.28822326660156
frame_005182.png,840.5799560546875,298.8731994628906,1290.4512939453125,-39.7115592956543,44.038936614990234,192.231201171875
frame_005183.png,840.684814453125,298.82293701171875,1290.9100341796875,-39.72521209716797,44.07646179199219,192.1741180419922
frame_005184.png,840.8003540039062,298.774169921875,1291.35693359375,-39.739585876464844,44.11231231689453,192.11721801757812
frame_005185.png,840.9276123046875,298.7256164550781,1291.79296875,-39.75413513183594,44.148094177246094,192.06260681152344
frame_005186.png,841.0612182617188,298.6756896972656,1292.2236328125,-39.76820373535156,44.18503952026367,192.00753784179688
frame_005187.png,841.1981201171875,298.6261901855469,1292.6531982421875,-39.7823371887207,44.22217559814453,191.95175170898438
frame_005188.png,841.3360595703125,298.5766296386719,1293.082275390625,-39.79686737060547,44.259788513183594,191.89610290527344
frame_005189.png,841.4712524414062,298.5279235839844,1293.513427734375,-39.811649322509766,44.29835510253906,191.84288024902344
frame_005190.png,841.6024780273438,298.4788513183594,1293.9478759765625,-39.82987976074219,44.33798599243164,191.79229736328125
frame_005191.png,841.7293701171875,298.43017578125,1294.388916015625,-39.85211944580078,44.38018798828125,191.748046875
frame_005192.png,841.8533935546875,298.38153076171875,1294.8338623046875,-39.87684631347656,44.42477035522461,191.7060089111328
frame_005193.png,841.9702758789062,298.32958984375,1295.28466796875,-39.9041748046875,44.468753814697266,191.66561889648438
frame_005194.png,842.0771484375,298.2741394042969,1295.7470703125,-39.928470611572266,44.51115798950195,191.6261444091797
frame_005195.png,842.1722412109375,298.21551513671875,1296.221923828125,-39.94873809814453,44.55176544189453,191.5885772705078
frame_005196.png,842.2567749023438,298.15472412109375,1296.7049560546875,-39.96306228637695,44.592044830322266,191.55276489257812
frame_005197.png,842.3350830078125,298.0932312011719,1297.1937255859375,-39.97262954711914,44.633399963378906,191.5181427001953
frame_005198.png,842.41015625,298.0304870605469,1297.6829833984375,-39.9785041809082,44.675132751464844,191.48379516601562
frame_005199.png,842.4862670898438,297.9685363769531,1298.172119140625,-39.98225402832031,44.71706771850586,191.44985961914062
frame_005200.png,842.5631713867188,297.90728759765625,1298.6597900390625,-39.98501205444336,44.758602142333984,191.4165496826172
frame_005201.png,842.6398315429688,297.84588623046875,1299.1463623046875,-39.987491607666016,44.79958724975586,191.38323974609375
frame_005202.png,842.7164916992188,297.7854309082031,1299.6339111328125,-39.99181365966797,44.84078598022461,191.349365234375
frame_005203.png,842.7939453125,297.7240295410156,1300.120361328125,-40.00017166137695,44.88250732421875,191.31521606445312
frame_005204.png,842.8739624023438,297.6644592285156,1300.6036376953125,-40.013301849365234,44.925331115722656,191.2783203125
frame_005205.png,842.9584350585938,297.6079406738281,1301.083251953125,-40.02940368652344,44.97011947631836,191.2391357421875
frame_005206.png,843.0460815429688,297.5528259277344,1301.5574951171875,-40.04652404785156,45.01675033569336,191.19818115234375
frame_005207.png,843.1361694335938,297.5002746582031,1302.0283203125,-40.06463623046875,45.064231872558594,191.15704345703125
frame_005208.png,843.2259521484375,297.4482727050781,1302.4962158203125,-40.0830192565918,45.11209487915039,191.1170196533203
frame_005209.png,843.3117065429688,297.3953857421875,1302.96240234375,-40.09917068481445,45.159427642822266,191.07933044433594
frame_005210.png,843.3941040039062,297.3426513671875,1303.4283447265625,-40.11118698120117,45.205928802490234,191.04466247558594
frame_005211.png,843.471435546875,297.2882995605469,1303.8946533203125,-40.12039566040039,45.25163269042969,191.01266479492188
frame_005212.png,843.5430297851562,297.23272705078125,1304.3626708984375,-40.126522064208984,45.29608917236328,190.983154296875
frame_005213.png,843.6082153320312,297.1752014160156,1304.8294677734375,-40.13113784790039,45.33982849121094,190.95640563964844
frame_005214.png,843.6693725585938,297.1166076660156,1305.2962646484375,-40.13395690917969,45.3832893371582,190.93157958984375
frame_005215.png,843.727294921875,297.0583801269531,1305.7637939453125,-40.13481521606445,45.42587661743164,190.9073944091797
frame_005216.png,843.7830810546875,297.0009765625,1306.2313232421875,-40.134700775146484,45.467872619628906,190.88499450683594
frame_005217.png,843.838134765625,296.9448547363281,1306.69873046875,-40.13471221923828,45.509639739990234,190.8631134033203
frame_005218.png,843.8948364257812,296.88983154296875,1307.1658935546875,-40.133995056152344,45.55088806152344,190.84210205078125
frame_005219.png,843.9515991210938,296.8349914550781,1307.6318359375,-40.13129425048828,45.59145736694336,190.82302856445312
frame_005220.png,844.007568359375,296.77947998046875,1308.0953369140625,-40.128089904785156,45.63161087036133,190.80445861816406
frame_005221.png,844.0631103515625,296.7244567871094,1308.5589599609375,-40.123085021972656,45.669769287109375,190.7853546142578
frame_005222.png,844.1171875,296.67022705078125,1309.0218505859375,-40.11750793457031,45.706199645996094,190.76531982421875
frame_005223.png,844.1688232421875,296.616455078125,1309.482421875,-40.11088180541992,45.74085235595703,190.74456787109375
frame_005224.png,844.2176513671875,296.5639343261719,1309.94140625,-40.105037689208984,45.7745475769043,190.72341918945312
frame_005225.png,844.2635498046875,296.5108642578125,1310.3997802734375,-40.1008186340332,45.80783462524414,190.7032470703125
frame_005226.png,844.3104248046875,296.4578552246094,1310.85595703125,-40.09553527832031,45.84049987792969,190.68487548828125
frame_005227.png,844.3576049804688,296.40533447265625,1311.312255859375,-40.0896110534668,45.87266540527344,190.66864013671875
frame_005228.png,844.4044799804688,296.3524169921875,1311.7689208984375,-40.08320236206055,45.905059814453125,190.65231323242188
frame_005229.png,844.450439453125,296.2986755371094,1312.2269287109375,-40.07633590698242,45.937625885009766,190.63694763183594
frame_005230.png,844.4954223632812,296.2444763183594,1312.68603515625,-40.068660736083984,45.970176696777344,190.62313842773438
frame_005231.png,844.5386962890625,296.1897888183594,1313.14501953125,-40.06083679199219,46.003055572509766,190.6112518310547
frame_005232.png,844.581298828125,296.13494873046875,1313.60400390625,-40.05335998535156,46.036808013916016,190.59994506835938
frame_005233.png,844.6246337890625,296.0807800292969,1314.062255859375,-40.046173095703125,46.07126235961914,190.58908081054688
frame_005234.png,844.669189453125,296.0279235839844,1314.521728515625,-40.03787612915039,46.105865478515625,190.57925415039062
frame_005235.png,844.7154541015625,295.97662353515625,1314.982177734375,-40.0278434753418,46.140689849853516,190.57029724121094
frame_005236.png,844.7642211914062,295.9266662597656,1315.44189453125,-40.016109466552734,46.175228118896484,190.5622100830078
frame_005237.png,844.8153686523438,295.8770751953125,1315.9007568359375,-40.0010986328125,46.20942306518555,190.5535888671875
frame_005238.png,844.8655395507812,295.826904296875,1316.3585205078125,-39.981258392333984,46.24197006225586,190.54397583007812
frame_005239.png,844.9107666015625,295.77734375,1316.8153076171875,-39.95990753173828,46.273338317871094,190.53623962402344
frame_005240.png,844.9530029296875,295.7284851074219,1317.2716064453125,-39.937564849853516,46.304386138916016,190.53106689453125
frame_005241.png,844.9968872070312,295.6818542480469,1317.7283935546875,-39.91217041015625,46.33439636230469,190.5280303955078
frame_005242.png,845.0416259765625,295.63739013671875,1318.1849365234375,-39.883853912353516,46.361961364746094,190.5260467529297
frame_005243.png,845.0884399414062,295.5965881347656,1318.6417236328125,-39.850955963134766,46.387474060058594,190.52589416503906
frame_005244.png,845.135498046875,295.55963134765625,1319.0963134765625,-39.81379699707031,46.410919189453125,190.52542114257812
frame_005245.png,845.1797485351562,295.5267333984375,1319.552001953125,-39.77484130859375,46.43241882324219,190.5237579345703
frame_005246.png,845.2250366210938,295.497314453125,1320.0093994140625,-39.735897064208984,46.453697204589844,190.5213623046875
frame_005247.png,845.269287109375,295.46929931640625,1320.46728515625,-39.69889831542969,46.47463607788086,190.51719665527344
frame_005248.png,845.3133544921875,295.4423522949219,1320.92626953125,-39.66440200805664,46.496612548828125,190.510498046875
frame_005249.png,845.355224609375,295.4154968261719,1321.385498046875,-39.63459014892578,46.5191650390625,190.50210571289062
frame_005250.png,845.39501953125,295.3879699707031,1321.8446044921875,-39.607784271240234,46.542449951171875,190.49185180664062
frame_005251.png,845.4318237304688,295.3614196777344,1322.3031005859375,-39.585548400878906,46.565242767333984,190.4808807373047
frame_005252.png,845.4690551757812,295.33575439453125,1322.7603759765625,-39.56481170654297,46.58919906616211,190.4701385498047
frame_005253.png,845.5069580078125,295.311767578125,1323.217041015625,-39.54555892944336,46.612579345703125,190.4601593017578
frame_005254.png,845.5458374023438,295.2887878417969,1323.67431640625,-39.52808380126953,46.636749267578125,190.45130920410156
frame_005255.png,845.5838623046875,295.2668151855469,1324.1326904296875,-39.514862060546875,46.661067962646484,190.44190979003906
frame_005256.png,845.622314453125,295.24578857421875,1324.5909423828125,-39.50440979003906,46.6854248046875,190.43087768554688
frame_005257.png,845.658935546875,295.225830078125,1325.0484619140625,-39.49827575683594,46.70943832397461,190.41981506347656
frame_005258.png,845.6939086914062,295.20745849609375,1325.5037841796875,-39.49282455444336,46.73347473144531,190.40768432617188
frame_005259.png,845.7263793945312,295.1914978027344,1325.9583740234375,-39.488807678222656,46.75694274902344,190.39561462402344
frame_005260.png,845.7554321289062,295.17437744140625,1326.4122314453125,-39.4865837097168,46.780364990234375,190.38156127929688
frame_005261.png,845.7818603515625,295.1578063964844,1326.8656005859375,-39.48489761352539,46.80329513549805,190.36648559570312
frame_005262.png,845.8072509765625,295.1424865722656,1327.319580078125,-39.48310470581055,46.82527160644531,190.35092163085938
frame_005263.png,845.8325805664062,295.12786865234375,1327.7744140625,-39.48181915283203,46.847652435302734,190.33424377441406
frame_005264.png,845.8577270507812,295.115478515625,1328.228515625,-39.48160934448242,46.86953353881836,190.31678771972656
frame_005265.png,845.8847045898438,295.1085510253906,1328.6756591796875,-39.47996520996094,46.88922119140625,190.29994201660156
frame_005266.png,845.9151611328125,295.1085205078125,1329.1126708984375,-39.47319412231445,46.90592956542969,190.28346252441406
frame_005267.png,845.9480590820312,295.1107482910156,1329.549072265625,-39.463157653808594,46.9216423034668,190.2688751220703
frame_005268.png,845.9796142578125,295.1125793457031,1329.991943359375,-39.45111083984375,46.93680191040039,190.25868225097656
frame_005269.png,846.0118408203125,295.113525390625,1330.4393310546875,-39.434539794921875,46.95212936401367,190.25132751464844
frame_005270.png,846.0433349609375,295.1153564453125,1330.891357421875,-39.416282653808594,46.966209411621094,190.24945068359375
frame_005271.png,846.0733032226562,295.1165466308594,1331.34814453125,-39.396568298339844,46.97983932495117,190.25262451171875
frame_005272.png,846.1001586914062,295.1183776855469,1331.8056640625,-39.373069763183594,46.9920654296875,190.2563018798828
frame_005273.png,846.1256713867188,295.1212463378906,1332.2606201171875,-39.345821380615234,47.00379180908203,190.2575225830078
frame_005274.png,846.1494750976562,295.1244201660156,1332.7132568359375,-39.31411361694336,47.015480041503906,190.2576446533203
frame_005275.png,846.174072265625,295.129150390625,1333.16162109375,-39.27678298950195,47.02680587768555,190.2594757080078
frame_005276.png,846.2007446289062,295.1320495605469,1333.606201171875,-39.23438262939453,47.03763961791992,190.26329040527344
frame_005277.png,846.2322998046875,295.1312561035156,1334.04345703125,-39.18405532836914,47.0472297668457,190.27406311035156
frame_005278.png,846.2625122070312,295.12615966796875,1334.4779052734375,-39.12908172607422,47.05738067626953,190.29246520996094
frame_005279.png,846.287109375,295.11602783203125,1334.9063720703125,-39.07035827636719,47.069801330566406,190.3130645751953
frame_005280.png,846.3046264648438,295.10223388671875,1335.3297119140625,-39.007667541503906,47.084205627441406,190.33265686035156
frame_005281.png,846.3161010742188,295.0829772949219,1335.7525634765625,-38.94790267944336,47.10257339477539,190.3473663330078
frame_005282.png,846.3190307617188,295.0555419921875,1336.1846923828125,-38.902469635009766,47.12874984741211,190.35118103027344
frame_005283.png,846.3160400390625,295.0195007324219,1336.6298828125,-38.87397384643555,47.16310501098633,190.3495635986328
frame_005284.png,846.3041381835938,294.9745788574219,1337.0924072265625,-38.860469818115234,47.204586029052734,190.3409881591797
frame_005285.png,846.2902221679688,294.9270324707031,1337.5654296875,-38.858741760253906,47.25254821777344,190.3274383544922
frame_005286.png,846.2861328125,294.88262939453125,1338.0369873046875,-38.86512756347656,47.30442428588867,190.30819702148438
frame_005287.png,846.2915649414062,294.841796875,1338.5035400390625,-38.88126754760742,47.35969924926758,190.28662109375
frame_005288.png,846.2966918945312,294.80255126953125,1338.9649658203125,-38.90415573120117,47.41550064086914,190.2663116455078
frame_005289.png,846.298583984375,294.7682189941406,1339.417724609375,-38.93303298950195,47.469329833984375,190.24937438964844
frame_005290.png,846.3006591796875,294.7419738769531,1339.8553466796875,-38.96554946899414,47.519351959228516,190.2333221435547
frame_005291.png,846.3057861328125,294.72454833984375,1340.2763671875,-38.99966049194336,47.56611251831055,190.2198028564453
frame_005292.png,846.315673828125,294.7127990722656,1340.6895751953125,-39.032447814941406,47.61116027832031,190.20928955078125
frame_005293.png,846.3278198242188,294.69970703125,1341.1082763671875,-39.059898376464844,47.65650939941406,190.2025146484375
frame_005294.png,846.342529296875,294.6826477050781,1341.5372314453125,-39.08338928222656,47.70353317260742,190.20252990722656
frame_005295.png,846.365478515625,294.6644287109375,1341.969970703125,-39.10203170776367,47.75230026245117,190.206298828125
frame_005296.png,846.4085693359375,294.6460876464844,1342.392822265625,-39.11857986450195,47.80123519897461,190.21241760253906
frame_005297.png,846.4776611328125,294.63031005859375,1342.806396484375,-39.1320915222168,47.84833908081055,190.2169952392578
frame_005298.png,846.5662231445312,294.61541748046875,1343.2066650390625,-39.146156311035156,47.892879486083984,190.21463012695312
frame_005299.png,846.6715698242188,294.6023864746094,1343.590576171875,-39.162017822265625,47.93406677246094,190.20411682128906
frame_005300.png,846.793701171875,294.59600830078125,1343.947998046875,-39.1785774230957,47.970088958740234,190.18203735351562
frame_005301.png,846.9325561523438,294.5980529785156,1344.2789306640625,-39.19388961791992,48.000152587890625,190.15086364746094
frame_005302.png,847.0863037109375,294.6080322265625,1344.589599609375,-39.211280822753906,48.024105072021484,190.111328125
frame_005303.png,847.2496948242188,294.62408447265625,1344.8873291015625,-39.23118591308594,48.04292297363281,190.0674285888672
frame_005304.png,847.42138671875,294.64483642578125,1345.176025390625,-39.25375747680664,48.058128356933594,190.02235412597656
frame_005305.png,847.6002197265625,294.66815185546875,1345.4583740234375,-39.27762985229492,48.0700798034668,189.97891235351562
frame_005306.png,847.7888793945312,294.6946716308594,1345.73486328125,-39.30315017700195,48.080101013183594,189.93658447265625
frame_005307.png,847.9873657226562,294.7217712402344,1346.005615234375,-39.328006744384766,48.090065002441406,189.89622497558594
frame_005308.png,848.1922607421875,294.74755859375,1346.270751953125,-39.34959030151367,48.10029602050781,189.85630798339844
frame_005309.png,848.4041748046875,294.7718811035156,1346.53125,-39.3671760559082,48.109779357910156,189.81712341308594
frame_005310.png,848.6176147460938,294.7942810058594,1346.793701171875,-39.382381439208984,48.11956787109375,189.77915954589844
frame_005311.png,848.833740234375,294.8158264160156,1347.0595703125,-39.39527893066406,48.13088607788086,189.7422637939453
frame_005312.png,849.0524291992188,294.83544921875,1347.3255615234375,-39.4055061340332,48.14328384399414,189.7047576904297
frame_005313.png,849.27392578125,294.8546142578125,1347.5924072265625,-39.412376403808594,48.15743637084961,189.6685333251953
frame_005314.png,849.5018920898438,294.8734130859375,1347.8604736328125,-39.41520309448242,48.1734504699707,189.6339111328125
frame_005315.png,849.7322387695312,294.8924865722656,1348.133544921875,-39.415855407714844,48.1890754699707,189.59678649902344
frame_005316.png,849.96435546875,294.914794921875,1348.411376953125,-39.41646957397461,48.205345153808594,189.55255126953125
frame_005317.png,850.1951293945312,294.9412841796875,1348.694580078125,-39.41804122924805,48.221981048583984,189.49754333496094
frame_005318.png,850.4241333007812,294.9711608886719,1348.983642578125,-39.419742584228516,48.23932647705078,189.43374633789062
frame_005319.png,850.6480712890625,295.0039978027344,1349.280029296875,-39.421913146972656,48.256412506103516,189.35983276367188
frame_005320.png,850.86328125,295.0390625,1349.5848388671875,-39.426509857177734,48.27322769165039,189.27706909179688
frame_005321.png,851.0700073242188,295.074951171875,1349.896728515625,-39.43418884277344,48.2898063659668,189.18890380859375
frame_005322.png,851.274169921875,295.1110534667969,1350.2138671875,-39.44345474243164,48.30656814575195,189.09854125976562
frame_005323.png,851.478759765625,295.1467590332031,1350.5343017578125,-39.455474853515625,48.32341766357422,189.00694274902344
frame_005324.png,851.6868286132812,295.1824951171875,1350.8565673828125,-39.467735290527344,48.34086227416992,188.91522216796875
frame_005325.png,851.8995361328125,295.21844482421875,1351.1817626953125,-39.47978591918945,48.35831069946289,188.8269805908203
frame_005326.png,852.1157836914062,295.2528381347656,1351.509765625,-39.48859786987305,48.375457763671875,188.74769592285156
frame_005327.png,852.3367309570312,295.2871398925781,1351.846435546875,-39.495426177978516,48.38986587524414,188.67857360839844
frame_005328.png,852.5648193359375,295.32098388671875,1352.192626953125,-39.50547409057617,48.40220260620117,188.6147918701172
frame_005329.png,852.803466796875,295.355712890625,1352.5423583984375,-39.5157470703125,48.413082122802734,188.5540313720703
frame_005330.png,853.0502319335938,295.39227294921875,1352.8935546875,-39.52315139770508,48.42292022705078,188.4931182861328
frame_005331.png,853.307861328125,295.43194580078125,1353.2447509765625,-39.526180267333984,48.43144989013672,188.43466186523438
frame_005332.png,853.5728759765625,295.47430419921875,1353.593994140625,-39.52539825439453,48.43795394897461,188.3820037841797
frame_005333.png,853.8440551757812,295.5179443359375,1353.935302734375,-39.518829345703125,48.44136428833008,188.33689880371094
frame_005334.png,854.118408203125,295.5621643066406,1354.26806640625,-39.5084114074707,48.440460205078125,188.29995727539062
frame_005335.png,854.396484375,295.607666015625,1354.5904541015625,-39.49299240112305,48.43567657470703,188.2718048095703
frame_005336.png,854.6744384765625,295.65338134765625,1354.906982421875,-39.47317123413086,48.429039001464844,188.25161743164062
frame_005337.png,854.9505615234375,295.6997375488281,1355.2188720703125,-39.449668884277344,48.42038345336914,188.23944091796875
frame_005338.png,855.2252807617188,295.74688720703125,1355.525146484375,-39.421329498291016,48.410274505615234,188.23428344726562
frame_005339.png,855.4984741210938,295.7933654785156,1355.8216552734375,-39.390804290771484,48.39778137207031,188.2358856201172
frame_005340.png,855.7717895507812,295.8403625488281,1356.10498046875,-39.35938262939453,48.38273620605469,188.2481231689453
frame_005341.png,856.052490234375,295.8868408203125,1356.365234375,-39.32849884033203,48.368568420410156,188.27593994140625
frame_005342.png,856.3419189453125,295.9349670410156,1356.6043701171875,-39.300010681152344,48.35667037963867,188.3170166015625
frame_005343.png,856.634033203125,295.9839172363281,1356.8328857421875,-39.27615737915039,48.34807586669922,188.37161254882812
frame_005344.png,856.9238891601562,296.0338134765625,1357.0556640625,-39.25791549682617,48.34388732910156,188.4371337890625
frame_005345.png,857.2089233398438,296.0856628417969,1357.2783203125,-39.24459457397461,48.34403610229492,188.51158142089844
frame_005346.png,857.4925537109375,296.14007568359375,1357.5013427734375,-39.236942291259766,48.35042190551758,188.59329223632812
frame_005347.png,857.7713623046875,296.19696044921875,1357.72802734375,-39.23331832885742,48.3631591796875,188.6819305419922
frame_005348.png,858.0452880859375,296.2541809082031,1357.9581298828125,-39.2333984375,48.38019561767578,188.77345275878906
frame_005349.png,858.3173828125,296.3126220703125,1358.191162109375,-39.23577117919922,48.40162658691406,188.8675079345703
frame_005350.png,858.5878295898438,296.37188720703125,1358.42529296875,-39.23979187011719,48.42613983154297,188.9627227783203
frame_005351.png,858.85693359375,296.4342956542969,1358.645263671875,-39.246131896972656,48.4538688659668,189.0616912841797
frame_005352.png,859.1304931640625,296.5006408691406,1358.8336181640625,-39.25668716430664,48.48589324951172,189.16758728027344
frame_005353.png,859.41357421875,296.56976318359375,1358.9931640625,-39.26961135864258,48.522090911865234,189.27679443359375
frame_005354.png,859.70654296875,296.63946533203125,1359.132080078125,-39.28346252441406,48.56144332885742,189.3865203857422
frame_005355.png,860.0068359375,296.7084655761719,1359.2579345703125,-39.297359466552734,48.600914001464844,189.49717712402344
frame_005356.png,860.314453125,296.781005859375,1359.3748779296875,-39.3055534362793,48.63775634765625,189.61395263671875
frame_005357.png,860.6234130859375,296.8548583984375,1359.4901123046875,-39.31318664550781,48.67073440551758,189.72845458984375
frame_005358.png,860.93310546875,296.9303283691406,1359.6044921875,-39.320159912109375,48.700721740722656,189.84689331054688
frame_005359.png,861.2430419921875,297.009033203125,1359.7210693359375,-39.3243293762207,48.72687530517578,189.96693420410156
frame_005360.png,861.5536499023438,297.0908203125,1359.837890625,-39.324825286865234,48.7509765625,190.08677673339844
frame_005361.png,861.8628540039062,297.174072265625,1359.9527587890625,-39.32115936279297,48.77491760253906,190.2059783935547
frame_005362.png,862.169189453125,297.2574462890625,1360.0640869140625,-39.31632995605469,48.797271728515625,190.3206024169922
frame_005363.png,862.4717407226562,297.3414306640625,1360.171630859375,-39.310855865478516,48.81669616699219,190.43077087402344
frame_005364.png,862.7734985351562,297.42547607421875,1360.2745361328125,-39.30244064331055,48.8347053527832,190.53512573242188
frame_005365.png,863.078369140625,297.50921630859375,1360.373046875,-39.28852081298828,48.85140609741211,190.63502502441406
frame_005366.png,863.38525390625,297.5917663574219,1360.469970703125,-39.26993179321289,48.86614227294922,190.73141479492188
frame_005367.png,863.6973876953125,297.6730651855469,1360.5633544921875,-39.247825622558594,48.87885665893555,190.82052612304688
frame_005368.png,864.0100708007812,297.75372314453125,1360.6575927734375,-39.223018646240234,48.88876724243164,190.90220642089844
frame_005369.png,864.3250732421875,297.8315124511719,1360.7557373046875,-39.19657897949219,48.895137786865234,190.9801025390625
frame_005370.png,864.6366577148438,297.90771484375,1360.861328125,-39.1727294921875,48.895755767822266,191.04983520507812
frame_005371.png,864.94140625,297.9845275878906,1360.984375,-39.15030288696289,48.89146041870117,191.11566162109375
frame_005372.png,865.240966796875,298.0617370605469,1361.1175537109375,-39.126922607421875,48.88328552246094,191.1788330078125
frame_005373.png,865.5389404296875,298.13763427734375,1361.259765625,-39.10395431518555,48.87312316894531,191.2442626953125
frame_005374.png,865.835693359375,298.212158203125,1361.405517578125,-39.077850341796875,48.86167526245117,191.31297302246094
frame_005375.png,866.1283569335938,298.2856750488281,1361.5498046875,-39.05302810668945,48.847862243652344,191.38763427734375
frame_005376.png,866.4164428710938,298.3591003417969,1361.6964111328125,-39.03156280517578,48.83283233642578,191.46495056152344
frame_005377.png,866.705322265625,298.43511962890625,1361.8472900390625,-39.00849151611328,48.818031311035156,191.54641723632812
frame_005378.png,866.994384765625,298.5109558105469,1362.0,-38.98478698730469,48.80396270751953,191.6285858154297
frame_005379.png,867.282958984375,298.5859680175781,1362.1551513671875,-38.96043395996094,48.79098892211914,191.7109375
frame_005380.png,867.5745239257812,298.6595764160156,1362.314208984375,-38.934635162353516,48.780208587646484,191.7948455810547
frame_005381.png,867.87060546875,298.7320861816406,1362.4765625,-38.906375885009766,48.77323532104492,191.87367248535156
frame_005382.png,868.169189453125,298.8012390136719,1362.6417236328125,-38.878543853759766,48.77021789550781,191.94508361816406
frame_005383.png,868.4714965820312,298.86676025390625,1362.810546875,-38.85316848754883,48.77082824707031,192.005859375
frame_005384.png,868.7745971679688,298.9278564453125,1362.9825439453125,-38.83095169067383,48.7749137878418,192.05841064453125
frame_005385.png,869.0783081054688,298.98388671875,1363.1666259765625,-38.80775451660156,48.782291412353516,192.10731506347656
frame_005386.png,869.3812866210938,299.0332946777344,1363.3543701171875,-38.785316467285156,48.792911529541016,192.15496826171875
frame_005387.png,869.679443359375,299.0767822265625,1363.548583984375,-38.76003646850586,48.80389404296875,192.2028350830078
frame_005388.png,869.9794921875,299.1171569824219,1363.742431640625,-38.73710250854492,48.817264556884766,192.248046875
frame_005389.png,870.2821655273438,299.15509033203125,1363.93359375,-38.71632385253906,48.83216094970703,192.29049682617188
frame_005390.png,870.5863647460938,299.19073486328125,1364.1192626953125,-38.68953323364258,48.84679412841797,192.32907104492188
frame_005391.png,870.8875122070312,299.2257385253906,1364.300048828125,-38.65628433227539,48.85749053955078,192.36456298828125
frame_005392.png,871.1824340820312,299.2642517089844,1364.4893798828125,-38.626346588134766,48.86720275878906,192.3905792236328
frame_005393.png,871.4739379882812,299.3022155761719,1364.682861328125,-38.598236083984375,48.877540588378906,192.41757202148438
frame_005394.png,871.7588500976562,299.3399658203125,1364.881591796875,-38.57551574707031,48.8903694152832,192.44505310058594
frame_005395.png,872.0423583984375,299.3760681152344,1365.0797119140625,-38.557044982910156,48.90703582763672,192.4726104736328
frame_005396.png,872.3238525390625,299.4114990234375,1365.2757568359375,-38.5452766418457,48.92599105834961,192.49591064453125
frame_005397.png,872.6019897460938,299.4457702636719,1365.4642333984375,-38.5375862121582,48.94479751586914,192.5152130126953
frame_005398.png,872.8684692382812,299.48150634765625,1365.6513671875,-38.53785705566406,48.96259307861328,192.52088928222656
frame_005399.png,873.1244506835938,299.52178955078125,1365.8404541015625,-38.53608322143555,48.98246765136719,192.51463317871094
frame_005400.png,873.3544311523438,299.56298828125,1366.0474853515625,-38.537261962890625,49.00173568725586,192.5063018798828
frame_005401.png,873.5465087890625,299.5972900390625,1366.2723388671875,-38.5452766418457,49.02336502075195,192.49864196777344
frame_005402.png,873.7088012695312,299.62542724609375,1366.514892578125,-38.558258056640625,49.0452880859375,192.48963928222656
frame_005403.png,873.8568725585938,299.6567687988281,1366.7667236328125,-38.574676513671875,49.070762634277344,192.47561645507812
frame_005404.png,873.9939575195312,299.6871032714844,1367.0206298828125,-38.59375762939453,49.09928894042969,192.4636993408203
frame_005405.png,874.1199951171875,299.71185302734375,1367.27734375,-38.61384201049805,49.12736892700195,192.451171875
frame_005406.png,874.2428588867188,299.7372741699219,1367.5294189453125,-38.625308990478516,49.15684127807617,192.43115234375
frame_005407.png,874.3612060546875,299.7635192871094,1367.7894287109375,-38.631675720214844,49.18860626220703,192.4130401611328
frame_005408.png,874.4759521484375,299.78759765625,1368.052734375,-38.636566162109375,49.22005081176758,192.39410400390625
frame_005409.png,874.6057739257812,299.8202819824219,1368.307861328125,-38.640174865722656,49.25423812866211,192.3651885986328
frame_005410.png,874.7333374023438,299.8544006347656,1368.5611572265625,-38.644290924072266,49.28691101074219,192.33328247070312
frame_005411.png,874.8617553710938,299.8894958496094,1368.818359375,-38.6507568359375,49.32113265991211,192.2996826171875
frame_005412.png,874.9884643554688,299.92376708984375,1369.087890625,-38.65568161010742,49.357112884521484,192.26182556152344
frame_005413.png,875.1138305664062,299.9564208984375,1369.3802490234375,-38.6614990234375,49.39563751220703,192.2146759033203
frame_005414.png,875.2362060546875,299.98687744140625,1369.698486328125,-38.66764831542969,49.434600830078125,192.15933227539062
frame_005415.png,875.3612060546875,300.0208435058594,1370.0364990234375,-38.67434310913086,49.47377395629883,192.10035705566406
frame_005416.png,875.4909057617188,300.0561828613281,1370.3818359375,-38.68008804321289,49.51231384277344,192.04090881347656
frame_005417.png,875.6256713867188,300.0896301269531,1370.72900390625,-38.681522369384766,49.551692962646484,191.98143005371094
frame_005418.png,875.7655639648438,300.1239013671875,1371.080078125,-38.68399429321289,49.59300231933594,191.92454528808594
frame_005419.png,875.9075927734375,300.15478515625,1371.4234619140625,-38.69192123413086,49.636444091796875,191.87362670898438
frame_005420.png,876.0518798828125,300.1811828613281,1371.7637939453125,-38.70261001586914,49.67847442626953,191.82546997070312
frame_005421.png,876.1893920898438,300.2007141113281,1372.1082763671875,-38.716556549072266,49.71464157104492,191.79238891601562
frame_005422.png,876.3311157226562,300.21502685546875,1372.4512939453125,-38.72737121582031,49.74847412109375,191.76541137695312
frame_005423.png,876.472900390625,300.22564697265625,1372.793701171875,-38.7384147644043,49.779598236083984,191.73851013183594
frame_005424.png,876.6167602539062,300.2373962402344,1373.1375732421875,-38.7501335144043,49.80893325805664,191.7084503173828
frame_005425.png,876.76171875,300.2482604980469,1373.4827880859375,-38.759521484375,49.83547592163086,191.6757354736328
frame_005426.png,876.907958984375,300.2577819824219,1373.8272705078125,-38.76806640625,49.86048889160156,191.63961791992188
frame_005427.png,877.0584716796875,300.26788330078125,1374.172607421875,-38.77532196044922,49.886070251464844,191.59963989257812
frame_005428.png,877.211669921875,300.2771911621094,1374.52001953125,-38.78173828125,49.91160583496094,191.55859375
frame_005429.png,877.3674926757812,300.28741455078125,1374.8709716796875,-38.7841796875,49.936485290527344,191.52011108398438
frame_005430.png,877.52587890625,300.2995910644531,1375.2259521484375,-38.782386779785156,49.96009826660156,191.48367309570312
frame_005431.png,877.6875,300.3138122558594,1375.5863037109375,-38.7798957824707,49.98210144042969,191.454345703125
frame_005432.png,877.8538818359375,300.3305969238281,1375.9459228515625,-38.77489471435547,50.00270080566406,191.4345703125
frame_005433.png,878.033203125,300.344482421875,1376.2904052734375,-38.755035400390625,50.019386291503906,191.4355010986328
frame_005434.png,878.2206420898438,300.3601379394531,1376.62158203125,-38.71882629394531,50.03702926635742,191.44113159179688
frame_005435.png,878.4034423828125,300.3783264160156,1376.9454345703125,-38.67573547363281,50.05479049682617,191.44558715820312
frame_005436.png,878.583251953125,300.3916015625,1377.2603759765625,-38.618778228759766,50.074623107910156,191.46035766601562
frame_005437.png,878.7714233398438,300.4037170410156,1377.567138671875,-38.547245025634766,50.096580505371094,191.4761962890625
frame_005438.png,878.9655151367188,300.4157409667969,1377.8681640625,-38.466651916503906,50.11993408203125,191.493896484375
frame_005439.png,879.150146484375,300.42095947265625,1378.173583984375,-38.384029388427734,50.13716125488281,191.51669311523438
frame_005440.png,879.3253784179688,300.4176940917969,1378.49169921875,-38.30228805541992,50.15090560913086,191.5448760986328
frame_005441.png,879.4902954101562,300.40606689453125,1378.8292236328125,-38.22913360595703,50.164119720458984,191.573486328125
frame_005442.png,879.6557006835938,300.392333984375,1379.1746826171875,-38.15973663330078,50.17664337158203,191.59561157226562
frame_005443.png,879.8284301757812,300.37841796875,1379.519775390625,-38.093841552734375,50.18751525878906,191.61061096191406
frame_005444.png,880.0064697265625,300.3658447265625,1379.8604736328125,-38.035484313964844,50.197792053222656,191.6138916015625
frame_005445.png,880.187255859375,300.3531799316406,1380.1912841796875,-37.981327056884766,50.206119537353516,191.61297607421875
frame_005446.png,880.37548828125,300.3428039550781,1380.51318359375,-37.93380355834961,50.21448516845703,191.60372924804688
frame_005447.png,880.5738525390625,300.3338317871094,1380.819580078125,-37.884212493896484,50.2209358215332,191.591796875
frame_005448.png,880.7836303710938,300.32867431640625,1381.1104736328125,-37.83329772949219,50.22600173950195,191.57749938964844
frame_005449.png,881.0054931640625,300.3283996582031,1381.38623046875,-37.78151321411133,50.230220794677734,191.56304931640625
frame_005450.png,881.2372436523438,300.33319091796875,1381.6490478515625,-37.7276496887207,50.2332763671875,191.54710388183594
frame_005451.png,881.4793090820312,300.34149169921875,1381.9017333984375,-37.67300796508789,50.2353630065918,191.5331573486328
frame_005452.png,881.7275390625,300.35009765625,1382.1478271484375,-37.620628356933594,50.23859405517578,191.51956176757812
frame_005453.png,881.9801025390625,300.3594055175781,1382.3929443359375,-37.57181930541992,50.24293518066406,191.50531005859375
frame_005454.png,882.2332153320312,300.3690185546875,1382.640625,-37.52711486816406,50.24814987182617,191.49005126953125
frame_005455.png,882.4854736328125,300.3768005371094,1382.8892822265625,-37.485130310058594,50.25395202636719,191.47500610351562
frame_005456.png,882.7368774414062,300.3827819824219,1383.1380615234375,-37.444610595703125,50.260799407958984,191.45916748046875
frame_005457.png,882.9856567382812,300.38714599609375,1383.3902587890625,-37.40584945678711,50.26840591430664,191.44200134277344
frame_005458.png,883.232177734375,300.3906555175781,1383.6466064453125,-37.368927001953125,50.276790618896484,191.4237060546875
frame_005459.png,883.4766235351562,300.39398193359375,1383.9066162109375,-37.3347053527832,50.28593063354492,191.40255737304688
frame_005460.png,883.7259521484375,300.39874267578125,1384.16455078125,-37.300079345703125,50.295654296875,191.37945556640625
frame_005461.png,883.9827880859375,300.40643310546875,1384.42041015625,-37.267127990722656,50.30571746826172,191.35398864746094
frame_005462.png,884.2467651367188,300.416748046875,1384.675537109375,-37.238216400146484,50.315921783447266,191.3250274658203
frame_005463.png,884.5172729492188,300.427734375,1384.92822265625,-37.21250534057617,50.325843811035156,191.29391479492188
frame_005464.png,884.7902221679688,300.44097900390625,1385.184326171875,-37.19387435913086,50.33640670776367,191.25743103027344
frame_005465.png,885.0681762695312,300.45635986328125,1385.4410400390625,-37.177207946777344,50.34722900390625,191.21546936035156
frame_005466.png,885.3440551757812,300.4739990234375,1385.7071533203125,-37.166439056396484,50.35798263549805,191.16563415527344
frame_005467.png,885.6173706054688,300.4942321777344,1385.97900390625,-37.15953826904297,50.367637634277344,191.11407470703125
frame_005468.png,885.8944702148438,300.5151672363281,1386.2545166015625,-37.15161895751953,50.37449645996094,191.06985473632812
frame_005469.png,886.171142578125,300.5401611328125,1386.53857421875,-37.14308166503906,50.37923049926758,191.0350341796875
frame_005470.png,886.4458618164062,300.568603515625,1386.83203125,-37.13172912597656,50.38241958618164,191.0109100341797
frame_005471.png,886.716064453125,300.601806640625,1387.13134765625,-37.11469268798828,50.38294219970703,191.0037078857422
frame_005472.png,886.9861450195312,300.642333984375,1387.4345703125,-37.097023010253906,50.38333511352539,191.012451171875
frame_005473.png,887.2527465820312,300.6885681152344,1387.7347412109375,-37.083526611328125,50.380313873291016,191.0291748046875
frame_005474.png,887.5109252929688,300.7376708984375,1388.0213623046875,-37.074893951416016,50.3725700378418,191.0471954345703
frame_005475.png,887.7682495117188,300.7973937988281,1388.285400390625,-37.062835693359375,50.365142822265625,191.06919860839844
frame_005476.png,888.0319213867188,300.8673400878906,1388.5281982421875,-37.05149841308594,50.36200714111328,191.10726928710938
frame_005477.png,888.298095703125,300.9512634277344,1388.7294921875,-37.04124450683594,50.3675422668457,191.16632080078125
frame_005478.png,888.5685424804688,301.0429382324219,1388.8822021484375,-37.03584289550781,50.38031005859375,191.23712158203125
frame_005479.png,888.8563232421875,301.1394958496094,1388.9990234375,-37.03828430175781,50.39876937866211,191.31019592285156
frame_005480.png,889.158447265625,301.2351989746094,1389.09521484375,-37.042808532714844,50.424015045166016,191.38868713378906
frame_005481.png,889.4880981445312,301.33514404296875,1389.1737060546875,-37.050594329833984,50.454402923583984,191.47398376464844
frame_005482.png,889.835693359375,301.43597412109375,1389.2431640625,-37.062339782714844,50.4897346496582,191.56044006347656
frame_005483.png,890.1849365234375,301.5365295410156,1389.3096923828125,-37.06953048706055,50.52766036987305,191.65199279785156
frame_005484.png,890.5325927734375,301.6362609863281,1389.3677978515625,-37.073482513427734,50.56612014770508,191.74530029296875
frame_005485.png,890.8778686523438,301.73394775390625,1389.4178466796875,-37.076629638671875,50.60517120361328,191.8381805419922
frame_005486.png,891.2256469726562,301.8275451660156,1389.4654541015625,-37.080223083496094,50.64500427246094,191.93162536621094
frame_005487.png,891.5755615234375,301.9183654785156,1389.5123291015625,-37.07990646362305,50.68278121948242,192.02552795410156
frame_005488.png,891.933349609375,302.00811767578125,1389.5577392578125,-37.07398986816406,50.71929168701172,192.1230010986328
frame_005489.png,892.2992553710938,302.10137939453125,1389.6033935546875,-37.06144332885742,50.75461959838867,192.2234649658203
frame_005490.png,892.6651000976562,302.19842529296875,1389.6490478515625,-37.04791259765625,50.78966522216797,192.3238525390625
frame_005491.png,893.0347900390625,302.2977600097656,1389.6884765625,-37.03594207763672,50.827919006347656,192.42437744140625
frame_005492.png,893.4071044921875,302.40045166015625,1389.7197265625,-37.0292854309082,50.87102508544922,192.52462768554688
frame_005493.png,893.78369140625,302.5032653808594,1389.74951171875,-37.02730178833008,50.91942596435547,192.6182403564453
frame_005494.png,894.1578979492188,302.603759765625,1389.7847900390625,-37.031410217285156,50.97103500366211,192.7117462158203
frame_005495.png,894.5221557617188,302.69873046875,1389.845947265625,-37.039737701416016,51.0238037109375,192.80796813964844
frame_005496.png,894.8624877929688,302.7815856933594,1389.94970703125,-37.05168533325195,51.07817459106445,192.90347290039062
frame_005497.png,895.1777954101562,302.8544006347656,1390.0897216796875,-37.06123352050781,51.127784729003906,192.9860076904297
frame_005498.png,895.4688720703125,302.9159240722656,1390.2666015625,-37.06766891479492,51.170833587646484,193.0606231689453
frame_005499.png,895.73779296875,302.97113037109375,1390.480224609375,-37.07168960571289,51.20266342163086,193.1260986328125
frame_005500.png,895.98876953125,303.02362060546875,1390.726318359375,-37.07442092895508,51.22218322753906,193.18309020996094
frame_005501.png,896.2322387695312,303.0775146484375,1391.003662109375,-37.08153533935547,51.23671340942383,193.239501953125
frame_005502.png,896.479736328125,303.13189697265625,1391.29443359375,-37.092464447021484,51.25035858154297,193.28797912597656
frame_005503.png,896.7345581054688,303.1863098144531,1391.583251953125,-37.09916305541992,51.26343536376953,193.3270721435547
frame_005504.png,896.9981079101562,303.2417907714844,1391.8548583984375,-37.10232925415039,51.270198822021484,193.35206604003906
frame_005505.png,897.2725219726562,303.2990417480469,1392.114501953125,-37.10435485839844,51.2695198059082,193.36428833007812
frame_005506.png,897.550048828125,303.36474609375,1392.376708984375,-37.09741973876953,51.26945114135742,193.3700714111328
frame_005507.png,897.8275146484375,303.4320983886719,1392.6343994140625,-37.079017639160156,51.269744873046875,193.37652587890625
frame_005508.png,898.0830078125,303.4903564453125,1392.8927001953125,-37.066551208496094,51.26750946044922,193.39559936523438
frame_005509.png,898.32373046875,303.5446472167969,1393.1627197265625,-37.05607986450195,51.26638412475586,193.4197235107422
frame_005510.png,898.5497436523438,303.6033935546875,1393.434814453125,-37.042030334472656,51.274925231933594,193.43319702148438
frame_005511.png,898.760009765625,303.6685485839844,1393.72119140625,-37.03346252441406,51.290443420410156,193.4416046142578
frame_005512.png,898.9412841796875,303.7279052734375,1394.0413818359375,-37.0452766418457,51.30731201171875,193.4292449951172
frame_005513.png,899.0975341796875,303.7843933105469,1394.38720703125,-37.06778335571289,51.32402801513672,193.41085815429688
frame_005514.png,899.2339477539062,303.8405456542969,1394.7518310546875,-37.106590270996094,51.338260650634766,193.3836669921875
frame_005515.png,899.3656616210938,303.89984130859375,1395.12451171875,-37.15114212036133,51.35440444946289,193.35421752929688
frame_005516.png,899.5014038085938,303.96356201171875,1395.4967041015625,-37.192222595214844,51.372501373291016,193.3184051513672
frame_005517.png,899.6370239257812,304.02960205078125,1395.8656005859375,-37.22960662841797,51.39118576049805,193.27294921875
frame_005518.png,899.7705688476562,304.0967102050781,1396.226318359375,-37.26485824584961,51.40876388549805,193.2234649658203
frame_005519.png,899.90234375,304.1640625,1396.5797119140625,-37.297508239746094,51.42899703979492,193.1792449951172
frame_005520.png,900.031005859375,304.23248291015625,1396.922119140625,-37.32154846191406,51.45256423950195,193.14089965820312
frame_005521.png,900.1583862304688,304.3028564453125,1397.260009765625,-37.3420295715332,51.48072814941406,193.1037139892578
frame_005522.png,900.2787475585938,304.37359619140625,1397.6036376953125,-37.368125915527344,51.51310348510742,193.05967712402344
frame_005523.png,900.39501953125,304.44189453125,1397.9512939453125,-37.39645767211914,51.55159378051758,193.01768493652344
frame_005524.png,900.5010986328125,304.50421142578125,1398.302490234375,-37.43548583984375,51.59128952026367,192.98455810546875
frame_005525.png,900.5849609375,304.56280517578125,1398.6617431640625,-37.48515701293945,51.63225173950195,192.9481201171875
frame_005526.png,900.6474609375,304.6091003417969,1399.0330810546875,-37.53315353393555,51.67069625854492,192.91452026367188
frame_005527.png,900.6940307617188,304.6509704589844,1399.42333984375,-37.584739685058594,51.71070861816406,192.87879943847656
frame_005528.png,900.7481079101562,304.69171142578125,1399.8121337890625,-37.629981994628906,51.750083923339844,192.8441162109375
frame_005529.png,900.7993774414062,304.7283630371094,1400.1983642578125,-37.66575241088867,51.788551330566406,192.80735778808594
frame_005530.png,900.8765869140625,304.75286865234375,1400.5677490234375,-37.6778564453125,51.82485580444336,192.78347778320312
frame_005531.png,900.990234375,304.77490234375,1400.92138671875,-37.6673583984375,51.85868835449219,192.75050354003906
frame_005532.png,901.1331787109375,304.78497314453125,1401.24609375,-37.640159606933594,51.884971618652344,192.71487426757812
frame_005533.png,901.2952270507812,304.7884216308594,1401.5369873046875,-37.596012115478516,51.904109954833984,192.66873168945312
frame_005534.png,901.47119140625,304.79608154296875,1401.807861328125,-37.53934097290039,51.91664505004883,192.6089324951172
frame_005535.png,901.658935546875,304.8120422363281,1402.0689697265625,-37.48262405395508,51.92594909667969,192.54473876953125
frame_005536.png,901.8435668945312,304.8355407714844,1402.3282470703125,-37.43278121948242,51.9299201965332,192.481201171875
frame_005537.png,902.0294189453125,304.86859130859375,1402.592529296875,-37.39342498779297,51.933231353759766,192.42103576660156
frame_005538.png,902.224609375,304.9049072265625,1402.854248046875,-37.365745544433594,51.93426513671875,192.37184143066406
frame_005539.png,902.4495239257812,304.94622802734375,1403.1097412109375,-37.339515686035156,51.93545913696289,192.33843994140625
frame_005540.png,902.6889038085938,304.9869689941406,1403.3770751953125,-37.3162956237793,51.93482208251953,192.3271484375
frame_005541.png,902.933349609375,305.0251770019531,1403.65625,-37.2976188659668,51.93292999267578,192.32913208007812
frame_005542.png,903.1885986328125,305.0567626953125,1403.950439453125,-37.281917572021484,51.933197021484375,192.34866333007812
frame_005543.png,903.4556884765625,305.0904541015625,1404.2608642578125,-37.269588470458984,51.94035339355469,192.38917541503906
frame_005544.png,903.7125244140625,305.1295166015625,1404.586669921875,-37.270023345947266,51.9521598815918,192.43948364257812
frame_005545.png,903.95654296875,305.1673889160156,1404.9222412109375,-37.272705078125,51.968387603759766,192.49212646484375
frame_005546.png,904.19580078125,305.2042236328125,1405.2542724609375,-37.273651123046875,51.98836135864258,192.5478973388672
frame_005547.png,904.4314575195312,305.2386474609375,1405.588623046875,-37.27302169799805,52.009525299072266,192.60491943359375
frame_005548.png,904.6614379882812,305.2723693847656,1405.9251708984375,-37.26905822753906,52.031124114990234,192.6611328125
frame_005549.png,904.887939453125,305.3047180175781,1406.26953125,-37.259971618652344,52.0533332824707,192.71739196777344
frame_005550.png,905.111328125,305.33795166015625,1406.6129150390625,-37.239097595214844,52.073673248291016,192.77786254882812
frame_005551.png,905.3336791992188,305.36962890625,1406.9569091796875,-37.20714569091797,52.09376907348633,192.8426055908203
frame_005552.png,905.55615234375,305.4031982421875,1407.3011474609375,-37.167720794677734,52.11433029174805,192.91134643554688
frame_005553.png,905.7777709960938,305.4376525878906,1407.644775390625,-37.12429428100586,52.134464263916016,192.98580932617188
frame_005554.png,905.9956665039062,305.47540283203125,1407.9844970703125,-37.07481002807617,52.154335021972656,193.0640411376953
frame_005555.png,906.2059326171875,305.51904296875,1408.3194580078125,-37.0263786315918,52.17354965209961,193.1430206298828
frame_005556.png,906.4130859375,305.5683288574219,1408.64892578125,-36.981231689453125,52.1915397644043,193.21958923339844
frame_005557.png,906.61572265625,305.619873046875,1408.9698486328125,-36.941837310791016,52.20632553100586,193.291015625
frame_005558.png,906.8138427734375,305.6742858886719,1409.2855224609375,-36.90296936035156,52.21906280517578,193.36077880859375
frame_005559.png,907.0103759765625,305.7297668457031,1409.600341796875,-36.863372802734375,52.23127746582031,193.42947387695312
frame_005560.png,907.2080688476562,305.7826232910156,1409.9158935546875,-36.82649612426758,52.244197845458984,193.4990997314453
frame_005561.png,907.4086303710938,305.838623046875,1410.2318115234375,-36.78978729248047,52.25954818725586,193.56846618652344
frame_005562.png,907.612060546875,305.89532470703125,1410.5513916015625,-36.752925872802734,52.27586364746094,193.6394500732422
frame_005563.png,907.8231201171875,305.95074462890625,1410.8756103515625,-36.71472930908203,52.291927337646484,193.71351623535156
frame_005564.png,908.0437622070312,306.00164794921875,1411.2000732421875,-36.67436599731445,52.308631896972656,193.79039001464844
frame_005565.png,908.27099609375,306.0482177734375,1411.526123046875,-36.632957458496094,52.32374954223633,193.8699493408203
frame_005566.png,908.501220703125,306.0906066894531,1411.8538818359375,-36.59204864501953,52.339473724365234,193.95228576660156
frame_005567.png,908.7337646484375,306.1318359375,1412.190673828125,-36.546993255615234,52.35518264770508,194.03448486328125
frame_005568.png,908.9735717773438,306.1718444824219,1412.531494140625,-36.50566482543945,52.37393569946289,194.1083526611328
frame_005569.png,909.2168579101562,306.2100830078125,1412.87841796875,-36.46778106689453,52.39401626586914,194.17861938476562
frame_005570.png,909.4578247070312,306.2428894042969,1413.2467041015625,-36.435630798339844,52.41510009765625,194.24725341796875
frame_005571.png,909.6865844726562,306.26849365234375,1413.6348876953125,-36.41300964355469,52.44022750854492,194.3108673095703
frame_005572.png,909.9006958007812,306.2887878417969,1414.03662109375,-36.39616775512695,52.466617584228516,194.3617401123047
frame_005573.png,910.100341796875,306.3104248046875,1414.4322509765625,-36.384803771972656,52.49095153808594,194.4002685546875
frame_005574.png,910.2921752929688,306.3306579589844,1414.8267822265625,-36.38174057006836,52.51641082763672,194.42929077148438
frame_005575.png,910.4833984375,306.3493957519531,1415.213623046875,-36.380455017089844,52.542442321777344,194.4467315673828
frame_005576.png,910.6674194335938,306.3675231933594,1415.5994873046875,-36.38444900512695,52.570579528808594,194.4456329345703
frame_005577.png,910.8463134765625,306.3867492675781,1415.9830322265625,-36.393470764160156,52.59934997558594,194.43531799316406
frame_005578.png,911.0264892578125,306.416015625,1416.3475341796875,-36.399085998535156,52.62925720214844,194.42446899414062
frame_005579.png,911.1925048828125,306.43829345703125,1416.7098388671875,-36.40117645263672,52.65337371826172,194.42918395996094
frame_005580.png,911.3382568359375,306.4412536621094,1417.0970458984375,-36.40658187866211,52.670867919921875,194.44342041015625
frame_005581.png,911.4736328125,306.44134521484375,1417.497802734375,-36.41099548339844,52.685821533203125,194.4645233154297
frame_005582.png,911.5994262695312,306.4449768066406,1417.9075927734375,-36.40735626220703,52.707427978515625,194.47186279296875
frame_005583.png,911.723388671875,306.4450378417969,1418.32666015625,-36.39598846435547,52.73738098144531,194.46798706054688
frame_005584.png,911.8468017578125,306.43865966796875,1418.7525634765625,-36.374061584472656,52.769752502441406,194.45779418945312
frame_005585.png,911.961181640625,306.4455871582031,1419.192626953125,-36.35256576538086,52.79703903198242,194.4450225830078
frame_005586.png,912.0573120117188,306.462890625,1419.6322021484375,-36.351505279541016,52.815738677978516,194.41661071777344
frame_005587.png,912.151611328125,306.4966735839844,1420.0550537109375,-36.36848449707031,52.824398040771484,194.35006713867188
frame_005588.png,912.2638549804688,306.54425048828125,1420.467529296875,-36.38491439819336,52.825218200683594,194.27569580078125
frame_005589.png,912.4081420898438,306.5951843261719,1420.8740234375,-36.39425277709961,52.81513595581055,194.2113494873047
frame_005590.png,912.5565795898438,306.653076171875,1421.2901611328125,-36.418235778808594,52.80563735961914,194.16697692871094
frame_005591.png,912.681884765625,306.7027282714844,1421.7161865234375,-36.43987274169922,52.79785919189453,194.14028930664062
frame_005592.png,912.7876586914062,306.73809814453125,1422.158935546875,-36.4469108581543,52.794342041015625,194.12533569335938
frame_005593.png,912.884765625,306.7700500488281,1422.62255859375,-36.44849395751953,52.79477310180664,194.11444091796875
frame_005594.png,912.980224609375,306.8077087402344,1423.0928955078125,-36.441036224365234,52.79395294189453,194.1036376953125
frame_005595.png,913.0755004882812,306.8467712402344,1423.5589599609375,-36.42451477050781,52.7873649597168,194.1020050048828
frame_005596.png,913.1808471679688,306.88885498046875,1424.0076904296875,-36.40141296386719,52.78084182739258,194.1029052734375
frame_005597.png,913.3060913085938,306.92529296875,1424.4222412109375,-36.36732482910156,52.77027130126953,194.116943359375
frame_005598.png,913.4555053710938,306.96142578125,1424.8033447265625,-36.330806732177734,52.75260925292969,194.15750122070312
frame_005599.png,913.6111450195312,306.9993896484375,1425.1527099609375,-36.298072814941406,52.72405242919922,194.20126342773438
frame_005600.png,913.7843627929688,307.0480651855469,1425.4744873046875,-36.25723648071289,52.70008087158203,194.2576446533203
frame_005601.png,913.959716796875,307.1047668457031,1425.7635498046875,-36.223487854003906,52.67325210571289,194.34152221679688
frame_005602.png,914.1647338867188,307.1819763183594,1426.0045166015625,-36.18002700805664,52.66346740722656,194.41336059570312
frame_005603.png,914.3822021484375,307.2676696777344,1426.2088623046875,-36.14198684692383,52.669185638427734,194.48272705078125
frame_005604.png,914.6239013671875,307.3431396484375,1426.35302734375,-36.09708786010742,52.67860412597656,194.5717010498047
frame_005605.png,914.8905639648438,307.4068908691406,1426.4427490234375,-36.042877197265625,52.68902587890625,194.65724182128906
frame_005606.png,915.186279296875,307.4705505371094,1426.52587890625,-36.01014709472656,52.71180725097656,194.7401123046875
frame_005607.png,915.4981079101562,307.549072265625,1426.6190185546875,-35.98566818237305,52.73571014404297,194.81805419921875
frame_005608.png,915.8162841796875,307.6276550292969,1426.7239990234375,-35.96341323852539,52.754791259765625,194.90478515625
frame_005609.png,916.1284790039062,307.7113342285156,1426.8450927734375,-35.93718719482422,52.77083969116211,194.97618103027344
frame_005610.png,916.4210815429688,307.7952880859375,1427.0164794921875,-35.906700134277344,52.77898406982422,195.02500915527344
frame_005611.png,916.690673828125,307.8670654296875,1427.2469482421875,-35.876888275146484,52.78001403808594,195.0579376220703
frame_005612.png,916.9510498046875,307.9320068359375,1427.5238037109375,-35.84674835205078,52.77879333496094,195.087646484375
frame_005613.png,917.2058715820312,307.9999694824219,1427.817138671875,-35.813140869140625,52.77571105957031,195.1149444580078
frame_005614.png,917.4590454101562,308.0741882324219,1428.115966796875,-35.78493118286133,52.773197174072266,195.14013671875
frame_005615.png,917.7101440429688,308.15618896484375,1428.4111328125,-35.762855529785156,52.77227783203125,195.1651611328125
frame_005616.png,917.9564819335938,308.2453308105469,1428.712158203125,-35.74917221069336,52.772945404052734,195.1919403076172
frame_005617.png,918.1954956054688,308.3377685546875,1429.0198974609375,-35.73621368408203,52.77364730834961,195.22174072265625
frame_005618.png,918.41845703125,308.4214172363281,1429.35546875,-35.7260856628418,52.77754211425781,195.25137329101562
frame_005619.png,918.6173095703125,308.4928283691406,1429.723388671875,-35.724666595458984,52.786216735839844,195.2852020263672
frame_005620.png,918.7940673828125,308.55438232421875,1430.12353515625,-35.72465515136719,52.80140686035156,195.3231658935547
frame_005621.png,918.962646484375,308.6116638183594,1430.5372314453125,-35.71628189086914,52.81958770751953,195.36056518554688
frame_005622.png,919.1224365234375,308.6651611328125,1430.95849609375,-35.70423126220703,52.83698272705078,195.41049194335938
frame_005623.png,919.27294921875,308.7173767089844,1431.3890380859375,-35.67929458618164,52.85879898071289,195.4746856689453
frame_005624.png,919.4113159179688,308.7613220214844,1431.84619140625,-35.65761947631836,52.88980484008789,195.53805541992188
frame_005625.png,919.5482788085938,308.7926940917969,1432.3092041015625,-35.625003814697266,52.92558670043945,195.6064453125
frame_005626.png,919.6732788085938,308.8036193847656,1432.7774658203125,-35.60432052612305,52.957645416259766,195.6632843017578
frame_005627.png,919.8015747070312,308.79730224609375,1433.2569580078125,-35.59233856201172,52.99541473388672,195.69882202148438
frame_005628.png,919.9337768554688,308.78564453125,1433.7327880859375,-35.57328414916992,53.0312614440918,195.72555541992188
frame_005629.png,920.0656127929688,308.7763977050781,1434.2181396484375,-35.559993743896484,53.07071304321289,195.71974182128906
frame_005630.png,920.1781005859375,308.766845703125,1434.7078857421875,-35.55561447143555,53.10966110229492,195.6973114013672
frame_005631.png,920.2670288085938,308.7523498535156,1435.2039794921875,-35.54811096191406,53.14048385620117,195.6689910888672
frame_005632.png,920.349365234375,308.73651123046875,1435.6951904296875,-35.519752502441406,53.15925979614258,195.6671905517578
frame_005633.png,920.4141845703125,308.72467041015625,1436.17236328125,-35.480224609375,53.17119216918945,195.6726531982422
frame_005634.png,920.4508056640625,308.7167053222656,1436.662841796875,-35.445743560791016,53.18317794799805,195.64923095703125
frame_005635.png,920.4645385742188,308.71484375,1437.1539306640625,-35.413421630859375,53.200225830078125,195.61593627929688
frame_005636.png,920.46728515625,308.7139587402344,1437.6282958984375,-35.37660598754883,53.218631744384766,195.57723999023438
frame_005637.png,920.4706420898438,308.7168273925781,1438.07958984375,-35.330535888671875,53.232643127441406,195.54055786132812
frame_005638.png,920.4681396484375,308.7210388183594,1438.515869140625,-35.293216705322266,53.23937225341797,195.51356506347656
frame_005639.png,920.453857421875,308.7179260253906,1438.937255859375,-35.254364013671875,53.23666000366211,195.50747680664062
frame_005640.png,920.432861328125,308.7068176269531,1439.3333740234375,-35.20000457763672,53.225074768066406,195.50802612304688
frame_005641.png,920.4120483398438,308.6914367675781,1439.713134765625,-35.13711166381836,53.2036018371582,195.50169372558594
frame_005642.png,920.4069213867188,308.6796875,1440.081298828125,-35.06833267211914,53.17658996582031,195.48614501953125
frame_005643.png,920.4217529296875,308.68072509765625,1440.4425048828125,-34.995460510253906,53.14962387084961,195.4742889404297
frame_005644.png,920.4319458007812,308.68658447265625,1440.8140869140625,-34.91994094848633,53.12557601928711,195.4710235595703
frame_005645.png,920.43115234375,308.69500732421875,1441.197021484375,-34.84292984008789,53.110416412353516,195.47389221191406
frame_005646.png,920.427490234375,308.70196533203125,1441.58203125,-34.767024993896484,53.10285568237305,195.48292541503906
frame_005647.png,920.4186401367188,308.70733642578125,1441.960693359375,-34.69771194458008,53.09537887573242,195.49122619628906
frame_005648.png,920.421630859375,308.7099609375,1442.3209228515625,-34.63731384277344,53.081207275390625,195.49050903320312
frame_005649.png,920.4303588867188,308.70574951171875,1442.6685791015625,-34.58742904663086,53.06116485595703,195.4814910888672
frame_005650.png,920.4254760742188,308.69342041015625,1443.0159912109375,-34.54934310913086,53.04313659667969,195.46322631835938
frame_005651.png,920.4085693359375,308.67620849609375,1443.366455078125,-34.51650619506836,53.032318115234375,195.43690490722656
frame_005652.png,920.3898315429688,308.6528015136719,1443.7198486328125,-34.480987548828125,53.02730178833008,195.41148376464844
frame_005653.png,920.3761596679688,308.6256103515625,1444.0726318359375,-34.439598083496094,53.02178955078125,195.39126586914062
frame_005654.png,920.3684692382812,308.596923828125,1444.4228515625,-34.39307403564453,53.0168342590332,195.37437438964844
frame_005655.png,920.3659057617188,308.56903076171875,1444.769287109375,-34.342159271240234,53.01365661621094,195.36001586914062
frame_005656.png,920.3602905273438,308.54559326171875,1445.114501953125,-34.28705596923828,53.01084518432617,195.35092163085938
frame_005657.png,920.3455810546875,308.5313720703125,1445.4644775390625,-34.22920227050781,53.00682830810547,195.35206604003906
frame_005658.png,920.3212890625,308.5310363769531,1445.821533203125,-34.16086959838867,53.00419616699219,195.3660125732422
frame_005659.png,920.2960815429688,308.53466796875,1446.1802978515625,-34.08380126953125,53.005958557128906,195.39443969726562
frame_005660.png,920.2734985351562,308.5368957519531,1446.5426025390625,-34.00141525268555,53.01527786254883,195.4386749267578
frame_005661.png,920.2576293945312,308.5353698730469,1446.9068603515625,-33.91429138183594,53.0317268371582,195.49229431152344
frame_005662.png,920.2447509765625,308.5299987792969,1447.2760009765625,-33.825836181640625,53.05302810668945,195.54151916503906
frame_005663.png,920.2293701171875,308.5268859863281,1447.648193359375,-33.74559783935547,53.076866149902344,195.5819854736328
frame_005664.png,920.207275390625,308.5282897949219,1448.0372314453125,-33.68711853027344,53.10508346557617,195.60552978515625
frame_005665.png,920.1752319335938,308.5311584472656,1448.4439697265625,-33.6471061706543,53.13718032836914,195.61468505859375
frame_005666.png,920.1311645507812,308.53387451171875,1448.86962890625,-33.62348937988281,53.17009735107422,195.62013244628906
frame_005667.png,920.08154296875,308.53564453125,1449.3095703125,-33.6106071472168,53.20225143432617,195.62562561035156
frame_005668.png,920.0271606445312,308.5389099121094,1449.7615966796875,-33.602821350097656,53.23271942138672,195.6305389404297
frame_005669.png,919.9703979492188,308.5431213378906,1450.2227783203125,-33.598514556884766,53.26067352294922,195.63327026367188
frame_005670.png,919.90478515625,308.5473937988281,1450.696044921875,-33.5975456237793,53.28700637817383,195.6254425048828
frame_005671.png,919.835205078125,308.54644775390625,1451.171630859375,-33.59321212768555,53.31512451171875,195.60597229003906
frame_005672.png,919.776123046875,308.5418395996094,1451.6531982421875,-33.5885124206543,53.346981048583984,195.5818328857422
frame_005673.png,919.7261962890625,308.535888671875,1452.131591796875,-33.5748405456543,53.378902435302734,195.55836486816406
frame_005674.png,919.6904296875,308.53271484375,1452.6009521484375,-33.55796432495117,53.40626525878906,195.5236053466797
frame_005675.png,919.6680908203125,308.5337829589844,1453.0648193359375,-33.536720275878906,53.4300651550293,195.4754180908203
frame_005676.png,919.6580810546875,308.5386962890625,1453.534423828125,-33.51250457763672,53.446258544921875,195.42916870117188
frame_005677.png,919.6571044921875,308.5400085449219,1454.01513671875,-33.48350143432617,53.46015167236328,195.37974548339844
frame_005678.png,919.6544799804688,308.5330810546875,1454.497802734375,-33.441402435302734,53.47208023071289,195.33468627929688
frame_005679.png,919.6583251953125,308.52789306640625,1454.968505859375,-33.39886474609375,53.48215103149414,195.27627563476562
frame_005680.png,919.688232421875,308.53173828125,1455.4075927734375,-33.35215759277344,53.489768981933594,195.19676208496094
frame_005681.png,919.7315063476562,308.5377197265625,1455.8448486328125,-33.30713653564453,53.499568939208984,195.10508728027344
frame_005682.png,919.7884521484375,308.5362243652344,1456.2957763671875,-33.27048110961914,53.51525115966797,195.01927185058594
frame_005683.png,919.8508911132812,308.5240173339844,1456.753662109375,-33.237709045410156,53.53485107421875,194.93797302246094
frame_005684.png,919.9174194335938,308.5080871582031,1457.216064453125,-33.20323181152344,53.5511589050293,194.85916137695312
frame_005685.png,919.9804077148438,308.49383544921875,1457.65673828125,-33.1351432800293,53.55349349975586,194.80670166015625
frame_005686.png,920.06494140625,308.4906311035156,1458.050048828125,-33.04003143310547,53.5467414855957,194.76193237304688
frame_005687.png,920.1647338867188,308.4991760253906,1458.4068603515625,-32.9339714050293,53.54408264160156,194.7261962890625
frame_005688.png,920.2674560546875,308.50103759765625,1458.7576904296875,-32.83122634887695,53.53693389892578,194.68882751464844
frame_005689.png,920.39208984375,308.51904296875,1459.07470703125,-32.73698425292969,53.53755569458008,194.6645965576172
frame_005690.png,920.516845703125,308.53411865234375,1459.3663330078125,-32.666053771972656,53.53615951538086,194.6675262451172
frame_005691.png,920.6119995117188,308.5439147949219,1459.696044921875,-32.6360969543457,53.54093933105469,194.654541015625
frame_005692.png,920.6879272460938,308.5576171875,1460.0662841796875,-32.625247955322266,53.55162811279297,194.61911010742188
frame_005693.png,920.7365112304688,308.57135009765625,1460.4744873046875,-32.62500762939453,53.5648193359375,194.58355712890625
frame_005694.png,920.7553100585938,308.5737609863281,1460.933349609375,-32.62759017944336,53.591243743896484,194.55081176757812
frame_005695.png,920.7582397460938,308.55712890625,1461.42236328125,-32.63393783569336,53.62615203857422,194.5241241455078
frame_005696.png,920.7432250976562,308.5213623046875,1461.9227294921875,-32.637794494628906,53.66749954223633,194.5009765625
frame_005697.png,920.7202758789062,308.4732971191406,1462.4285888671875,-32.64053726196289,53.71102523803711,194.48101806640625
frame_005698.png,920.69482421875,308.42138671875,1462.9361572265625,-32.64325714111328,53.7539176940918,194.45770263671875
frame_005699.png,920.6654052734375,308.3689880371094,1463.4432373046875,-32.64352798461914,53.79465103149414,194.43038940429688
frame_005700.png,920.6315307617188,308.31640625,1463.9503173828125,-32.643043518066406,53.833282470703125,194.4000701904297
frame_005701.png,920.5914916992188,308.264404296875,1464.4591064453125,-32.64415740966797,53.87060546875,194.366455078125
frame_005702.png,920.5457763671875,308.2165222167969,1464.9647216796875,-32.64753723144531,53.906314849853516,194.32742309570312
frame_005703.png,920.4948120117188,308.17352294921875,1465.4632568359375,-32.65178298950195,53.93881607055664,194.2826385498047
frame_005704.png,920.4423217773438,308.1368713378906,1465.949462890625,-32.65401077270508,53.96876525878906,194.2338409423828
frame_005705.png,920.3900756835938,308.1044616699219,1466.415771484375,-32.65791320800781,53.9967155456543,194.18557739257812
frame_005706.png,920.3427124023438,308.076416015625,1466.8599853515625,-32.66457748413086,54.02489471435547,194.13206481933594
frame_005707.png,920.302978515625,308.0501708984375,1467.2918701171875,-32.672061920166016,54.05440902709961,194.0763702392578
frame_005708.png,920.27197265625,308.02349853515625,1467.7210693359375,-32.678226470947266,54.08287811279297,194.02169799804688
frame_005709.png,920.25146484375,307.989013671875,1468.155517578125,-32.67243194580078,54.110050201416016,193.977783203125
frame_005710.png,920.2369384765625,307.9442443847656,1468.5953369140625,-32.65452194213867,54.13576889038086,193.94583129882812
frame_005711.png,920.2198486328125,307.8947448730469,1469.043701171875,-32.6312255859375,54.160675048828125,193.9130401611328
frame_005712.png,920.1983032226562,307.838134765625,1469.50146484375,-32.60520935058594,54.18622589111328,193.8811798095703
frame_005713.png,920.1709594726562,307.7752685546875,1469.963623046875,-32.578086853027344,54.21104049682617,193.85110473632812
frame_005714.png,920.1403198242188,307.7119445800781,1470.4244384765625,-32.55058670043945,54.23447799682617,193.8223114013672
frame_005715.png,920.113037109375,307.6540222167969,1470.8701171875,-32.51901626586914,54.25288391113281,193.79159545898438
frame_005716.png,920.08740234375,307.6084899902344,1471.3004150390625,-32.48982620239258,54.268798828125,193.752685546875
frame_005717.png,920.0606689453125,307.5776672363281,1471.7197265625,-32.4692497253418,54.28337860107422,193.69798278808594
frame_005718.png,920.0465698242188,307.5635681152344,1472.1295166015625,-32.45716094970703,54.29876708984375,193.6451873779297
frame_005719.png,920.0458374023438,307.55401611328125,1472.530517578125,-32.45318603515625,54.315792083740234,193.60157775878906
frame_005720.png,920.0476684570312,307.54144287109375,1472.9307861328125,-32.44797897338867,54.34125900268555,193.55203247070312
frame_005721.png,920.042724609375,307.5315856933594,1473.348876953125,-32.447601318359375,54.365570068359375,193.52430725097656
frame_005722.png,920.0545654296875,307.533203125,1473.7591552734375,-32.456546783447266,54.3861083984375,193.50901794433594
frame_005723.png,920.1038208007812,307.5477294921875,1474.162841796875,-32.45768737792969,54.4136962890625,193.49510192871094
frame_005724.png,920.169189453125,307.5592346191406,1474.569580078125,-32.45248794555664,54.44442367553711,193.4821014404297
frame_005725.png,920.22265625,307.549072265625,1474.9892578125,-32.44977569580078,54.47880935668945,193.4683380126953
frame_005726.png,920.2628784179688,307.51806640625,1475.4267578125,-32.45614242553711,54.51999282836914,193.4491729736328
frame_005727.png,920.2965087890625,307.4735107421875,1475.8720703125,-32.46879577636719,54.56478500366211,193.42469787597656
frame_005728.png,920.332275390625,307.419677734375,1476.314208984375,-32.48003387451172,54.610198974609375,193.40028381347656
frame_005729.png,920.3626708984375,307.36181640625,1476.759033203125,-32.48659896850586,54.653724670410156,193.37237548828125
frame_005730.png,920.3704833984375,307.30047607421875,1477.21044921875,-32.49601745605469,54.69362258911133,193.34352111816406
frame_005731.png,920.3700561523438,307.2346496582031,1477.6702880859375,-32.50465393066406,54.73472213745117,193.31463623046875
frame_005732.png,920.363037109375,307.168212890625,1478.1370849609375,-32.51338195800781,54.7762565612793,193.28732299804688
frame_005733.png,920.3469848632812,307.10418701171875,1478.605712890625,-32.52051544189453,54.816139221191406,193.25689697265625
frame_005734.png,920.3269653320312,307.0402526855469,1479.0780029296875,-32.52595138549805,54.85832595825195,193.22711181640625
frame_005735.png,920.307861328125,306.9729309082031,1479.5516357421875,-32.53083801269531,54.90152359008789,193.19554138183594
frame_005736.png,920.2904663085938,306.9033203125,1480.023681640625,-32.5338249206543,54.94477844238281,193.16542053222656
frame_005737.png,920.2732543945312,306.8310546875,1480.4937744140625,-32.536231994628906,54.98847579956055,193.13592529296875
frame_005738.png,920.2520141601562,306.7576904296875,1480.9630126953125,-32.53820037841797,55.03116989135742,193.10379028320312
frame_005739.png,920.2252807617188,306.6844482421875,1481.4324951171875,-32.5407600402832,55.07218933105469,193.06204223632812
frame_005740.png,920.1958618164062,306.606201171875,1481.9071044921875,-32.545982360839844,55.11104202270508,193.01602172851562
frame_005741.png,920.1673583984375,306.5244445800781,1482.3828125,-32.55436325073242,55.148197174072266,192.97511291503906
frame_005742.png,920.133544921875,306.43914794921875,1482.8563232421875,-32.56450653076172,55.18571472167969,192.93679809570312
frame_005743.png,920.0971069335938,306.3531188964844,1483.3311767578125,-32.57807159423828,55.22535705566406,192.90292358398438
frame_005744.png,920.0587158203125,306.27197265625,1483.798095703125,-32.597984313964844,55.26629638671875,192.86508178710938
frame_005745.png,920.0416870117188,306.20086669921875,1484.26025390625,-32.620418548583984,55.31471633911133,192.826416015625
frame_005746.png,920.0244140625,306.13360595703125,1484.73046875,-32.64317321777344,55.362449645996094,192.78477478027344
frame_005747.png,920.002197265625,306.06439208984375,1485.1995849609375,-32.65510559082031,55.41145706176758,192.7413330078125
frame_005748.png,919.9752807617188,305.9952087402344,1485.667236328125,-32.663482666015625,55.45843505859375,192.6834716796875
frame_005749.png,919.9700927734375,305.936279296875,1486.1331787109375,-32.68954086303711,55.50722122192383,192.61083984375
frame_005750.png,919.9915161132812,305.87713623046875,1486.5921630859375,-32.718875885009766,55.56478500366211,192.52699279785156
frame_005751.png,920.0384521484375,305.8215026855469,1487.04541015625,-32.739715576171875,55.622886657714844,192.4484100341797
frame_005752.png,920.1106567382812,305.7716979980469,1487.4942626953125,-32.76752853393555,55.68016052246094,192.3524932861328
frame_005753.png,920.18212890625,305.72674560546875,1487.9530029296875,-32.78340148925781,55.730628967285156,192.26304626464844
frame_005754.png,920.2463989257812,305.67803955078125,1488.423583984375,-32.77993392944336,55.77109909057617,192.1731719970703
frame_005755.png,920.3237915039062,305.64556884765625,1488.9051513671875,-32.779327392578125,55.811824798583984,192.09230041503906
frame_005756.png,920.4266357421875,305.6152038574219,1489.3536376953125,-32.768959045410156,55.846351623535156,192.00946044921875
frame_005757.png,920.5592041015625,305.6009216308594,1489.7860107421875,-32.75582504272461,55.879432678222656,191.9251708984375
frame_005758.png,920.7094116210938,305.59619140625,1490.1795654296875,-32.75043869018555,55.906707763671875,191.85397338867188
frame_005759.png,920.8681030273438,305.59600830078125,1490.5538330078125,-32.74809265136719,55.9354362487793,191.78659057617188
frame_005760.png,921.0230712890625,305.59112548828125,1490.9368896484375,-32.752830505371094,55.96571350097656,191.72097778320312
frame_005761.png,921.1727905273438,305.575439453125,1491.337646484375,-32.76182174682617,55.99678039550781,191.66575622558594
frame_005762.png,921.3204345703125,305.553955078125,1491.7445068359375,-32.7673454284668,56.023738861083984,191.61888122558594
frame_005763.png,921.4764404296875,305.5397033691406,1492.14501953125,-32.76249313354492,56.04701614379883,191.57859802246094
frame_005764.png,921.649658203125,305.5440979003906,1492.5181884765625,-32.74061965942383,56.065250396728516,191.52520751953125
frame_005765.png,921.8348999023438,305.5616760253906,1492.8603515625,-32.71925735473633,56.086341857910156,191.4631805419922
frame_005766.png,922.0121459960938,305.5906677246094,1493.2176513671875,-32.69769287109375,56.10288619995117,191.39329528808594
frame_005767.png,922.1859130859375,305.61773681640625,1493.5775146484375,-32.683109283447266,56.11689758300781,191.32278442382812
frame_005768.png,922.3387451171875,305.64154052734375,1493.9425048828125,-32.6922721862793,56.12981414794922,191.2352752685547
frame_005769.png,922.4893798828125,305.67449951171875,1494.3262939453125,-32.70366287231445,56.153717041015625,191.15675354003906
frame_005770.png,922.6383666992188,305.7101745605469,1494.7198486328125,-32.725589752197266,56.177791595458984,191.10279846191406
frame_005771.png,922.8076782226562,305.7426452636719,1495.096435546875,-32.75144577026367,56.208648681640625,191.06472778320312
frame_005772.png,922.9674072265625,305.784423828125,1495.4755859375,-32.77149963378906,56.25227355957031,191.02249145507812
frame_005773.png,923.1369018554688,305.82257080078125,1495.831787109375,-32.803741455078125,56.29384231567383,190.9870147705078
frame_005774.png,923.3167724609375,305.8639221191406,1496.1981201171875,-32.84385299682617,56.33346939086914,190.98370361328125
frame_005775.png,923.4940795898438,305.88995361328125,1496.576171875,-32.886539459228516,56.35791015625,191.0242462158203
frame_005776.png,923.6865234375,305.9067077636719,1496.9378662109375,-32.91722869873047,56.37900161743164,191.08462524414062
frame_005777.png,923.892822265625,305.9382019042969,1497.295166015625,-32.920040130615234,56.39818572998047,191.13864135742188
frame_005778.png,924.1142578125,305.9732971191406,1497.6446533203125,-32.92851257324219,56.41618347167969,191.1675567626953
frame_005779.png,924.3429565429688,306.00115966796875,1498.000244140625,-32.93381118774414,56.430641174316406,191.16238403320312
frame_005780.png,924.5655517578125,306.0273742675781,1498.35595703125,-32.933048248291016,56.44423294067383,191.150390625
frame_005781.png,924.7722778320312,306.0514831542969,1498.7103271484375,-32.93592071533203,56.453575134277344,191.13424682617188
frame_005782.png,924.9741821289062,306.07257080078125,1499.062744140625,-32.936798095703125,56.460323333740234,191.11062622070312
frame_005783.png,925.1751098632812,306.09161376953125,1499.413330078125,-32.93489074707031,56.46647262573242,191.08216857910156
frame_005784.png,925.3758544921875,306.11029052734375,1499.7650146484375,-32.9294548034668,56.472511291503906,191.05145263671875
frame_005785.png,925.5773315429688,306.12646484375,1500.1199951171875,-32.92074966430664,56.47856903076172,191.02244567871094
frame_005786.png,925.77880859375,306.1391296386719,1500.4808349609375,-32.91109085083008,56.48415756225586,190.99673461914062
frame_005787.png,925.9788208007812,306.1470031738281,1500.8525390625,-32.902591705322266,56.48958969116211,190.9753875732422
frame_005788.png,926.1799926757812,306.1513366699219,1501.234375,-32.8916015625,56.49489212036133,190.95944213867188
frame_005789.png,926.3775024414062,306.14825439453125,1501.631103515625,-32.87900161743164,56.49917984008789,190.94924926757812
frame_005790.png,926.5718383789062,306.1360168457031,1502.043212890625,-32.86567687988281,56.50482940673828,190.94313049316406
frame_005791.png,926.7622680664062,306.1163330078125,1502.4638671875,-32.852630615234375,56.50861358642578,190.93983459472656
frame_005792.png,926.9508666992188,306.09100341796875,1502.8935546875,-32.83815002441406,56.50994110107422,190.94091796875
frame_005793.png,927.1396484375,306.0644836425781,1503.333251953125,-32.823429107666016,56.50974655151367,190.9453125
frame_005794.png,927.3316040039062,306.040771484375,1503.777099609375,-32.80999755859375,56.50847625732422,190.9492950439453
frame_005795.png,927.522216796875,306.0150451660156,1504.2235107421875,-32.797115325927734,56.50852584838867,190.95040893554688
frame_005796.png,927.7214965820312,305.992919921875,1504.6768798828125,-32.77872085571289,56.509639739990234,190.9552764892578
frame_005797.png,927.9308471679688,305.96771240234375,1505.1239013671875,-32.755741119384766,56.51200485229492,190.9656219482422
frame_005798.png,928.1319580078125,305.9368591308594,1505.5645751953125,-32.73604202270508,56.511600494384766,190.98324584960938
frame_005799.png,928.326904296875,305.900634765625,1506.0045166015625,-32.72782897949219,56.508888244628906,191.00445556640625
frame_005800.png,928.5316772460938,305.8756103515625,1506.451904296875,-32.72762680053711,56.505157470703125,191.03790283203125
frame_005801.png,928.7420654296875,305.85595703125,1506.909423828125,-32.73601531982422,56.50444030761719,191.0930938720703
frame_005802.png,928.9307250976562,305.8426513671875,1507.3963623046875,-32.7328987121582,56.50462341308594,191.16036987304688
frame_005803.png,929.1104125976562,305.8307800292969,1507.908447265625,-32.751739501953125,56.505897521972656,191.24798583984375
frame_005804.png,929.2948608398438,305.8147888183594,1508.417236328125,-32.76625442504883,56.516082763671875,191.32847595214844
frame_005805.png,929.4697875976562,305.7991943359375,1508.9281005859375,-32.77570343017578,56.53162384033203,191.399658203125
frame_005806.png,929.6507568359375,305.7732238769531,1509.4090576171875,-32.782684326171875,56.54936599731445,191.4507598876953
frame_005807.png,929.8353271484375,305.74591064453125,1509.88623046875,-32.7925910949707,56.56711959838867,191.5067596435547
frame_005808.png,930.0035400390625,305.7261962890625,1510.3876953125,-32.79198455810547,56.58486557006836,191.57022094726562
frame_005809.png,930.1400146484375,305.7143859863281,1510.9105224609375,-32.793704986572266,56.60770797729492,191.61984252929688
frame_005810.png,930.2833251953125,305.7060241699219,1511.4373779296875,-32.8102912902832,56.62992858886719,191.6764373779297
frame_005811.png,930.4400024414062,305.6947021484375,1511.962158203125,-32.83968734741211,56.65134048461914,191.72276306152344
frame_005812.png,930.6033325195312,305.6815490722656,1512.483154296875,-32.864990234375,56.66804885864258,191.74070739746094
frame_005813.png,930.7608032226562,305.6803283691406,1513.000244140625,-32.883544921875,56.68879699707031,191.76516723632812
frame_005814.png,930.9073486328125,305.6925354003906,1513.4962158203125,-32.88941192626953,56.71388626098633,191.75534057617188
frame_005815.png,931.0691528320312,305.68634033203125,1513.9482421875,-32.86453628540039,56.7330436706543,191.77085876464844
frame_005816.png,931.2355346679688,305.6809997558594,1514.4075927734375,-32.82304382324219,56.73004150390625,191.80628967285156
frame_005817.png,931.4144287109375,305.70587158203125,1514.867431640625,-32.79393005371094,56.743011474609375,191.81602478027344
frame_005818.png,931.5883178710938,305.7492370605469,1515.2393798828125,-32.72970962524414,56.74159622192383,191.80654907226562
frame_005819.png,931.7799682617188,305.7843322753906,1515.605224609375,-32.67368698120117,56.752464294433594,191.8236541748047
frame_005820.png,931.9572143554688,305.8261413574219,1515.96484375,-32.61609649658203,56.757537841796875,191.86724853515625
frame_005821.png,932.1492919921875,305.8908386230469,1516.287353515625,-32.54747009277344,56.762020111083984,191.9210205078125
frame_005822.png,932.345947265625,305.95111083984375,1516.6026611328125,-32.48879623413086,56.759193420410156,191.99542236328125
frame_005823.png,932.54931640625,306.01995849609375,1516.9273681640625,-32.42762756347656,56.74809646606445,192.0824432373047
frame_005824.png,932.7745971679688,306.0989685058594,1517.238037109375,-32.35499572753906,56.744041442871094,192.1604766845703
frame_005825.png,932.9954833984375,306.1556701660156,1517.5379638671875,-32.3192138671875,56.73261642456055,192.22805786132812
frame_005826.png,933.2460327148438,306.2160339355469,1517.83837890625,-32.26736068725586,56.71709060668945,192.29159545898438
frame_005827.png,933.48388671875,306.2836608886719,1518.1534423828125,-32.22663497924805,56.70365905761719,192.33416748046875
frame_005828.png,933.7396850585938,306.3509216308594,1518.4727783203125,-32.18678283691406,56.695777893066406,192.37794494628906
frame_005829.png,934.0192260742188,306.4233703613281,1518.79931640625,-32.13816833496094,56.68549346923828,192.43910217285156
frame_005830.png,934.2977905273438,306.5051574707031,1519.1448974609375,-32.09432601928711,56.677589416503906,192.5028839111328
frame_005831.png,934.5693969726562,306.5812683105469,1519.5074462890625,-32.05922317504883,56.67179489135742,192.5594482421875
frame_005832.png,934.8394775390625,306.657470703125,1519.8729248046875,-32.02097702026367,56.66555404663086,192.61270141601562
frame_005833.png,935.1058349609375,306.7264404296875,1520.240478515625,-31.982135772705078,56.65968704223633,192.66549682617188
frame_005834.png,935.361083984375,306.7762145996094,1520.6251220703125,-31.944684982299805,56.65507888793945,192.7132568359375
frame_005835.png,935.5936279296875,306.81072998046875,1521.0220947265625,-31.91089630126953,56.64974594116211,192.75262451171875
frame_005836.png,935.807861328125,306.83502197265625,1521.4375,-31.877483367919922,56.642704010009766,192.78514099121094
frame_005837.png,936.00439453125,306.8526916503906,1521.8721923828125,-31.83725357055664,56.63503646850586,192.81336975097656
frame_005838.png,936.1910400390625,306.8703308105469,1522.3192138671875,-31.79584312438965,56.62544250488281,192.84507751464844
frame_005839.png,936.3712768554688,306.8869934082031,1522.771484375,-31.760366439819336,56.61455154418945,192.88229370117188
frame_005840.png,936.5466918945312,306.90771484375,1523.2230224609375,-31.726099014282227,56.60316467285156,192.9227294921875
frame_005841.png,936.7146606445312,306.9315185546875,1523.6766357421875,-31.69179344177246,56.5924072265625,192.96470642089844
frame_005842.png,936.874755859375,306.9596252441406,1524.1231689453125,-31.65599822998047,56.582542419433594,193.00662231445312
frame_005843.png,937.0289306640625,306.9937438964844,1524.5626220703125,-31.621543884277344,56.57290267944336,193.04391479492188
frame_005844.png,937.1784057617188,307.03436279296875,1524.9945068359375,-31.592660903930664,56.563453674316406,193.07249450683594
frame_005845.png,937.3289794921875,307.0823974609375,1525.42333984375,-31.56597900390625,56.554866790771484,193.09475708007812
frame_005846.png,937.4817504882812,307.1309814453125,1525.8480224609375,-31.535539627075195,56.545326232910156,193.11106872558594
frame_005847.png,937.634765625,307.16729736328125,1526.279296875,-31.49900245666504,56.53987121582031,193.1308135986328
frame_005848.png,937.796142578125,307.20770263671875,1526.7259521484375,-31.46572494506836,56.53972244262695,193.1466522216797
frame_005849.png,937.9747924804688,307.23699951171875,1527.1710205078125,-31.41274070739746,56.539981842041016,193.1749725341797
frame_005850.png,938.155517578125,307.2662658691406,1527.5989990234375,-31.35820960998535,56.53985595703125,193.2005157470703
frame_005851.png,938.3635864257812,307.3081970214844,1528.0101318359375,-31.315921783447266,56.53645706176758,193.23057556152344
frame_005852.png,938.5689086914062,307.3459167480469,1528.4500732421875,-31.29690170288086,56.545536041259766,193.26763916015625
frame_005853.png,938.7568969726562,307.3824768066406,1528.89208984375,-31.28476333618164,56.55958557128906,193.30369567871094
frame_005854.png,938.9368286132812,307.4303283691406,1529.3406982421875,-31.297775268554688,56.58499526977539,193.34666442871094
frame_005855.png,939.1237182617188,307.46038818359375,1529.8076171875,-31.316959381103516,56.61613464355469,193.40345764160156
frame_005856.png,939.3189086914062,307.4813537597656,1530.255126953125,-31.352041244506836,56.64687728881836,193.4545135498047
frame_005857.png,939.5108642578125,307.5093994140625,1530.6824951171875,-31.40753746032715,56.67631912231445,193.50755310058594
frame_005858.png,939.7012329101562,307.5488586425781,1531.1060791015625,-31.47273826599121,56.7051887512207,193.56463623046875
frame_005859.png,939.9010620117188,307.5929260253906,1531.515625,-31.54194450378418,56.73503112792969,193.61001586914062
frame_005860.png,940.0960083007812,307.6441955566406,1531.927734375,-31.610631942749023,56.75849151611328,193.65171813964844
frame_005861.png,940.29638671875,307.6796875,1532.3472900390625,-31.671127319335938,56.7825813293457,193.6986541748047
frame_005862.png,940.4921875,307.7069396972656,1532.767578125,-31.707683563232422,56.80605697631836,193.748291015625
frame_005863.png,940.6958618164062,307.7308044433594,1533.170654296875,-31.7138671875,56.822174072265625,193.81051635742188
frame_005864.png,940.9024047851562,307.7521057128906,1533.5693359375,-31.721303939819336,56.8399543762207,193.8758087158203
frame_005865.png,941.118408203125,307.7727966308594,1533.9422607421875,-31.71444320678711,56.861507415771484,193.94590759277344
frame_005866.png,941.3389282226562,307.7908630371094,1534.2987060546875,-31.701967239379883,56.88386917114258,194.01321411132812
frame_005867.png,941.5596923828125,307.806884765625,1534.6436767578125,-31.694154739379883,56.90634536743164,194.0642852783203
frame_005868.png,941.771240234375,307.8258056640625,1534.9901123046875,-31.696821212768555,56.93088150024414,194.09359741210938
frame_005869.png,941.97119140625,307.8434753417969,1535.3323974609375,-31.704103469848633,56.95582962036133,194.1059112548828
frame_005870.png,942.16259765625,307.85687255859375,1535.671630859375,-31.71262550354004,56.98069381713867,194.10833740234375
frame_005871.png,942.3475952148438,307.8656921386719,1536.006591796875,-31.71989631652832,57.0059928894043,194.10391235351562
frame_005872.png,942.5291137695312,307.8697814941406,1536.3355712890625,-31.723878860473633,57.03300857543945,194.09280395507812
frame_005873.png,942.7047119140625,307.8719787597656,1536.661865234375,-31.729755401611328,57.05989074707031,194.07496643066406
frame_005874.png,942.8707885742188,307.87225341796875,1536.98779296875,-31.736520767211914,57.08594512939453,194.0531768798828
frame_005875.png,943.034423828125,307.8727722167969,1537.3193359375,-31.74469566345215,57.11264419555664,194.03302001953125
frame_005876.png,943.1842041015625,307.8721008300781,1537.6583251953125,-31.761384963989258,57.13593292236328,194.00869750976562
frame_005877.png,943.3265991210938,307.8716735839844,1538.0062255859375,-31.779722213745117,57.158016204833984,193.9873809814453
frame_005878.png,943.4605102539062,307.8682861328125,1538.358642578125,-31.797964096069336,57.17947769165039,193.96212768554688
frame_005879.png,943.5970458984375,307.8626708984375,1538.7119140625,-31.816280364990234,57.202857971191406,193.93104553222656
frame_005880.png,943.734375,307.85565185546875,1539.061279296875,-31.834936141967773,57.225196838378906,193.892578125
frame_005881.png,943.8717651367188,307.8478698730469,1539.41259765625,-31.85660743713379,57.24570083618164,193.8525390625
frame_005882.png,944.0047607421875,307.8355407714844,1539.7694091796875,-31.876930236816406,57.26660919189453,193.81121826171875
frame_005883.png,944.129150390625,307.8158874511719,1540.14013671875,-31.897090911865234,57.28920364379883,193.77444458007812
frame_005884.png,944.2408447265625,307.7883605957031,1540.525634765625,-31.914087295532227,57.31282043457031,193.7428741455078
frame_005885.png,944.34228515625,307.7546081542969,1540.922119140625,-31.92864227294922,57.335872650146484,193.7168426513672
frame_005886.png,944.4366455078125,307.71771240234375,1541.323974609375,-31.940839767456055,57.35795211791992,193.69468688964844
frame_005887.png,944.5341796875,307.6846008300781,1541.7205810546875,-31.952503204345703,57.37911605834961,193.67330932617188
frame_005888.png,944.6376342773438,307.65570068359375,1542.107177734375,-31.963993072509766,57.40083694458008,193.65196228027344
frame_005889.png,944.7490844726562,307.63128662109375,1542.479248046875,-31.974319458007812,57.42206573486328,193.63140869140625
frame_005890.png,944.8663330078125,307.61328125,1542.8369140625,-31.98189353942871,57.441017150878906,193.61195373535156
frame_005891.png,944.9854736328125,307.59918212890625,1543.18359375,-31.986474990844727,57.456729888916016,193.59326171875
frame_005892.png,945.09912109375,307.5824890136719,1543.5260009765625,-31.99355697631836,57.47272491455078,193.58155822753906
frame_005893.png,945.2146606445312,307.56524658203125,1543.859375,-32.00425338745117,57.49104309082031,193.57382202148438
frame_005894.png,945.3321533203125,307.5456848144531,1544.194580078125,-32.01532745361328,57.51223373413086,193.56936645507812
frame_005895.png,945.442626953125,307.5196533203125,1544.542724609375,-32.026023864746094,57.535614013671875,193.56910705566406
frame_005896.png,945.5440673828125,307.48541259765625,1544.9112548828125,-32.03559494018555,57.56121063232422,193.57362365722656
frame_005897.png,945.6348266601562,307.44293212890625,1545.2977294921875,-32.043067932128906,57.58834457397461,193.5823516845703
frame_005898.png,945.7161865234375,307.39801025390625,1545.6890869140625,-32.049163818359375,57.61229705810547,193.59242248535156
frame_005899.png,945.7984619140625,307.35882568359375,1546.0682373046875,-32.05234909057617,57.63191604614258,193.59832763671875
frame_005900.png,945.900390625,307.3262634277344,1546.436279296875,-32.05000305175781,57.654869079589844,193.597412109375
frame_005901.png,946.0003662109375,307.29705810546875,1546.806640625,-32.045433044433594,57.67626190185547,193.58885192871094
frame_005902.png,946.0781860351562,307.2565002441406,1547.2244873046875,-32.049678802490234,57.69464111328125,193.5795440673828
frame_005903.png,946.1575317382812,307.2176513671875,1547.658203125,-32.069679260253906,57.71070861816406,193.55825805664062
frame_005904.png,946.2503662109375,307.20556640625,1548.08740234375,-32.097694396972656,57.72882080078125,193.50648498535156
frame_005905.png,946.377197265625,307.2086486816406,1548.4964599609375,-32.14530563354492,57.75578689575195,193.44638061523438
frame_005906.png,946.5548706054688,307.2217712402344,1548.845703125,-32.16196823120117,57.776649475097656,193.3788604736328
frame_005907.png,946.74267578125,307.2464294433594,1549.19287109375,-32.1743278503418,57.80628204345703,193.2919158935547
frame_005908.png,946.945068359375,307.2609558105469,1549.531005859375,-32.1670036315918,57.829097747802734,193.23532104492188
frame_005909.png,947.1458740234375,307.267578125,1549.8587646484375,-32.14573669433594,57.84135437011719,193.17970275878906
frame_005910.png,947.4063110351562,307.2859802246094,1550.1993408203125,-32.125064849853516,57.86046600341797,193.129150390625
frame_005911.png,947.6685180664062,307.28778076171875,1550.5174560546875,-32.09906768798828,57.86909484863281,193.12628173828125
frame_005912.png,947.9063720703125,307.3059997558594,1550.8720703125,-32.09670639038086,57.87266540527344,193.109130859375
frame_005913.png,948.1200561523438,307.3226013183594,1551.2708740234375,-32.10888671875,57.87855911254883,193.09852600097656
frame_005914.png,948.3126831054688,307.3318176269531,1551.698974609375,-32.12717056274414,57.88837432861328,193.09625244140625
frame_005915.png,948.4879150390625,307.3352966308594,1552.146484375,-32.15003967285156,57.900760650634766,193.1018524169922
frame_005916.png,948.6504516601562,307.33416748046875,1552.6048583984375,-32.17487335205078,57.914833068847656,193.1113739013672
frame_005917.png,948.795654296875,307.331787109375,1553.0711669921875,-32.20412826538086,57.92937469482422,193.1238250732422
frame_005918.png,948.9248046875,307.3280334472656,1553.5391845703125,-32.23844909667969,57.945411682128906,193.1422119140625
frame_005919.png,949.0437622070312,307.31494140625,1553.9974365234375,-32.27272415161133,57.9617919921875,193.16827392578125
frame_005920.png,949.1597900390625,307.2935791015625,1554.447998046875,-32.30979537963867,57.97879409790039,193.1960906982422
frame_005921.png,949.267578125,307.26690673828125,1554.89208984375,-32.347904205322266,58.00316619873047,193.20751953125
frame_005922.png,949.3692626953125,307.2340393066406,1555.3387451171875,-32.38450622558594,58.028263092041016,193.2033233642578
frame_005923.png,949.4799194335938,307.1972351074219,1555.7667236328125,-32.40129852294922,58.05229568481445,193.18850708007812
frame_005924.png,949.5850830078125,307.1620178222656,1556.16650390625,-32.39735412597656,58.06703567504883,193.1766815185547
frame_005925.png,949.6782836914062,307.1314697265625,1556.5345458984375,-32.37078857421875,58.076995849609375,193.1488800048828
frame_005926.png,949.75048828125,307.1150207519531,1556.90673828125,-32.34815216064453,58.08901596069336,193.102783203125
frame_005927.png,949.8134765625,307.11102294921875,1557.285400390625,-32.33332824707031,58.10700225830078,193.05320739746094
