frame_a,frame_b,tx,ty,tz,rx,ry,rz
frame_000000.png,frame_000001.png,0.06287399679422379,-0.01438901573419571,0.12462827563285828,-0.009966800920665264,0.01329689659178257,-0.027547910809516907
frame_000001.png,frame_000002.png,0.05352619290351868,-0.0023941174149513245,0.22944799065589905,-0.015793602913618088,0.014450670219957829,-0.03883606195449829
frame_000002.png,frame_000003.png,0.04661336913704872,-0.002039484679698944,0.2984078824520111,-0.01938530057668686,0.014932804740965366,-0.04485755413770676
frame_000003.png,frame_000004.png,0.04444272816181183,-0.007882565259933472,0.3427792489528656,-0.019529856741428375,0.018070083111524582,-0.04570390656590462
frame_000004.png,frame_000005.png,0.04275010526180267,-0.011447485536336899,0.37498486042022705,-0.013929915614426136,0.017156068235635757,-0.04708145931363106
frame_000005.png,frame_000006.png,0.05025298148393631,-0.00723908469080925,0.382658451795578,-0.017240077257156372,0.016800690442323685,-0.04848805069923401
frame_000006.png,frame_000007.png,0.07633642107248306,0.007825043052434921,0.38305947184562683,-0.01886335387825966,0.021281808614730835,-0.04529152810573578
frame_000007.png,frame_000008.png,0.08801046758890152,0.01721866801381111,0.40485939383506775,-0.027825988829135895,0.016583789139986038,-0.04307245835661888
frame_000008.png,frame_000009.png,0.09041009843349457,0.01433512195944786,0.4357871115207672,-0.026559263467788696,0.020994897931814194,-0.051267486065626144
frame_000009.png,frame_000010.png,0.11077016592025757,0.010750487446784973,0.46309906244277954,-0.014425001107156277,0.025600314140319824,-0.04788845777511597
frame_000010.png,frame_000011.png,0.13137942552566528,0.007669538259506226,0.46604546904563904,0.009001609869301319,0.01867685839533806,-0.028364118188619614
frame_000011.png,frame_000012.png,0.155991792678833,0.006211314350366592,0.4681473672389984,0.003542632795870304,0.019908759742975235,-0.011128625832498074
frame_000012.png,frame_000013.png,0.17954009771347046,0.021838851273059845,0.4213607609272003,0.01134237740188837,0.023059342056512833,-0.00844315905123949
frame_000013.png,frame_000014.png,0.2157905399799347,0.031271398067474365,0.3756760358810425,0.011814621277153492,0.016294900327920914,0.014592460356652737
frame_000014.png,frame_000015.png,0.23695489764213562,0.04296664148569107,0.34497204422950745,0.0123784514144063,0.019877269864082336,0.05580691993236542
frame_000015.png,frame_000016.png,0.23902472853660583,0.05505525320768356,0.3533366620540619,0.009070430882275105,0.029503099620342255,0.05617058277130127
frame_000016.png,frame_000017.png,0.23453634977340698,0.05614759773015976,0.36243245005607605,-0.017315324395895004,0.03537018597126007,0.05546216666698456
frame_000017.png,frame_000018.png,0.23300933837890625,0.05612523853778839,0.37221869826316833,-0.02304784581065178,0.03735518082976341,0.07198986411094666
frame_000018.png,frame_000019.png,0.23579826951026917,0.04479099065065384,0.36605021357536316,-0.004382847808301449,0.0312933512032032,0.10121755301952362
frame_000019.png,frame_000020.png,0.2378230094909668,0.04598238319158554,0.360674649477005,0.0013464735820889473,0.027192063629627228,0.09728318452835083
frame_000020.png,frame_000021.png,0.22665855288505554,0.0521475151181221,0.36419931054115295,-0.010812153108417988,0.020243532955646515,0.07811219990253448
frame_000021.png,frame_000022.png,0.2148406207561493,0.054844990372657776,0.3620432913303375,-0.01925336942076683,0.014419070445001125,0.0565960556268692
frame_000022.png,frame_000023.png,0.20419105887413025,0.05370043218135834,0.36123785376548767,-0.020958293229341507,0.012070669792592525,0.03705179691314697
frame_000023.png,frame_000024.png,0.19906458258628845,0.049675390124320984,0.36265307664871216,-0.020684100687503815,0.01318849716335535,0.024554111063480377
frame_000024.png,frame_000025.png,0.19431740045547485,0.04366593062877655,0.3564092218875885,-0.01645595207810402,0.013698305934667587,0.024476375430822372
frame_000025.png,frame_000026.png,0.19827800989151,0.04562714695930481,0.35888466238975525,-0.007779321633279324,0.01886855438351631,0.028970986604690552
frame_000026.png,frame_000027.png,0.18920588493347168,0.052946463227272034,0.35739073157310486,-0.0032100072130560875,0.02149472013115883,0.02251771092414856
frame_000027.png,frame_000028.png,0.1822519749403,0.0562385693192482,0.34688600897789,0.0020487839356064796,0.02808765321969986,0.008945762179791927
frame_000028.png,frame_000029.png,0.17609184980392456,0.054219894111156464,0.33945563435554504,-0.01477713230997324,0.030168209224939346,0.0013362308964133263
frame_000029.png,frame_000030.png,0.16420379281044006,0.06257843226194382,0.34905382990837097,-0.027965519577264786,0.02901121973991394,-0.010058916173875332
frame_000030.png,frame_000031.png,0.15664896368980408,0.0607573539018631,0.34341666102409363,-0.025165215134620667,0.03072916343808174,-0.02690178155899048
frame_000031.png,frame_000032.png,0.16388680040836334,0.061256490647792816,0.32751229405403137,-0.013992738910019398,0.030644606798887253,-0.034368693828582764
frame_000032.png,frame_000033.png,0.1708262860774994,0.06061767786741257,0.3232501745223999,-0.011523189954459667,0.028768476098775864,-0.027869947254657745
frame_000033.png,frame_000034.png,0.1703842282295227,0.06136534363031387,0.3287823498249054,-0.015192910097539425,0.02723504975438118,-0.026002757251262665
frame_000034.png,frame_000035.png,0.1566714644432068,0.05381058156490326,0.3429250419139862,-0.023584648966789246,0.024980980902910233,-0.022350873798131943
frame_000035.png,frame_000036.png,0.13262982666492462,0.03465624153614044,0.3698219656944275,-0.028082743287086487,0.023521967232227325,-0.017883509397506714
frame_000036.png,frame_000037.png,0.10522913187742233,0.008043363690376282,0.40804383158683777,-0.030844874680042267,0.026428356766700745,-0.015816807746887207
frame_000037.png,frame_000038.png,0.0829295888543129,-0.014260189607739449,0.43710091710090637,-0.02514711394906044,0.02752767875790596,-0.013663101010024548
frame_000038.png,frame_000039.png,0.06932520866394043,-0.028993410989642143,0.4525502026081085,-0.017900336533784866,0.025647442787885666,-0.013328640721738338
frame_000039.png,frame_000040.png,0.06379244476556778,-0.03621816635131836,0.458906888961792,-0.011800418607890606,0.022448888048529625,-0.014122734777629375
frame_000040.png,frame_000041.png,0.05752191320061684,-0.038051262497901917,0.46405336260795593,-0.0072726355865597725,0.02132290229201317,-0.023072924464941025
frame_000041.png,frame_000042.png,0.055583640933036804,-0.035210348665714264,0.4672941267490387,-0.004586855880916119,0.0205388143658638,-0.029605094343423843
frame_000042.png,frame_000043.png,0.054448202252388,-0.032187387347221375,0.4669699966907501,-0.004662687890231609,0.019452527165412903,-0.033746011555194855
frame_000043.png,frame_000044.png,0.056577686220407486,-0.025318868458271027,0.452532023191452,-0.0051916418597102165,0.01747223734855652,-0.037469103932380676
frame_000044.png,frame_000045.png,0.069165900349617,-0.015775088220834732,0.4359031617641449,-0.0034998999908566475,0.018205460160970688,-0.03801393508911133
frame_000045.png,frame_000046.png,0.08611111342906952,-0.0051137469708919525,0.41062575578689575,-0.0017452863976359367,0.01864275336265564,-0.042742468416690826
frame_000046.png,frame_000047.png,0.11214324831962585,0.0069182924926280975,0.379800945520401,-0.0033620987087488174,0.018964210525155067,-0.04992423951625824
frame_000047.png,frame_000048.png,0.1311614215373993,0.017671849578619003,0.3545835018157959,-0.008595818653702736,0.01852993294596672,-0.05701473355293274
frame_000048.png,frame_000049.png,0.1449783891439438,0.025481097400188446,0.33454737067222595,-0.01106815505772829,0.018059127032756805,-0.059303686022758484
frame_000049.png,frame_000050.png,0.15372022986412048,0.031207166612148285,0.3205103874206543,-0.010884077288210392,0.01798609271645546,-0.05900292471051216
frame_000050.png,frame_000051.png,0.15900856256484985,0.03561864048242569,0.31082645058631897,-0.009574546478688717,0.018780533224344254,-0.058509960770606995
frame_000051.png,frame_000052.png,0.16087238490581512,0.03845806419849396,0.3057376742362976,-0.008854011073708534,0.01874949410557747,-0.06003911793231964
frame_000052.png,frame_000053.png,0.16229286789894104,0.04212450981140137,0.3040007948875427,-0.008568125776946545,0.018425051122903824,-0.061846405267715454
frame_000053.png,frame_000054.png,0.16379007697105408,0.04456564038991928,0.3041830360889435,-0.009267475455999374,0.017217524349689484,-0.06443534791469574
frame_000054.png,frame_000055.png,0.16689568758010864,0.04707382619380951,0.3054868280887604,-0.009342122822999954,0.01800680160522461,-0.06634258478879929
frame_000055.png,frame_000056.png,0.1717848777770996,0.049793653190135956,0.30571338534355164,-0.009341733530163765,0.01880803517997265,-0.06882964074611664
frame_000056.png,frame_000057.png,0.17553675174713135,0.053022600710392,0.3075568377971649,-0.009485484100878239,0.01884154975414276,-0.07236676663160324
frame_000057.png,frame_000058.png,0.17523160576820374,0.05209287256002426,0.3082713186740875,-0.011918831616640091,0.017965158447623253,-0.07243376970291138
frame_000058.png,frame_000059.png,0.1733684539794922,0.05096746236085892,0.3109939396381378,-0.011387642472982407,0.017087286338210106,-0.07365424185991287
frame_000059.png,frame_000060.png,0.17126961052417755,0.04946137219667435,0.3111877143383026,-0.010963363572955132,0.016605738550424576,-0.07144200801849365
frame_000060.png,frame_000061.png,0.1696261763572693,0.04789935052394867,0.31393977999687195,-0.01184110902249813,0.017214452847838402,-0.06978998333215714
frame_000061.png,frame_000062.png,0.16511061787605286,0.04504266381263733,0.31562280654907227,-0.014669111929833889,0.018183773383498192,-0.06988944858312607
frame_000062.png,frame_000063.png,0.1619267463684082,0.040077924728393555,0.31616005301475525,-0.018613653257489204,0.01948799565434456,-0.06801403313875198
frame_000063.png,frame_000064.png,0.1591969132423401,0.03714906424283981,0.3204154670238495,-0.025334246456623077,0.020809419453144073,-0.06658687442541122
frame_000064.png,frame_000065.png,0.15470734238624573,0.03362596035003662,0.32031166553497314,-0.03105711191892624,0.020930547267198563,-0.06332869827747345
frame_000065.png,frame_000066.png,0.14451554417610168,0.029846325516700745,0.3231438100337982,-0.03510860353708267,0.019177187234163284,-0.06168824061751366
frame_000066.png,frame_000067.png,0.13550813496112823,0.027315236628055573,0.3255729377269745,-0.037864647805690765,0.020429395139217377,-0.062994584441185
frame_000067.png,frame_000068.png,0.13239479064941406,0.024634525179862976,0.3283335566520691,-0.03573540225625038,0.02214748039841652,-0.060888972133398056
frame_000068.png,frame_000069.png,0.12899906933307648,0.022932298481464386,0.32812371850013733,-0.03203727304935455,0.024882059544324875,-0.059417806565761566
frame_000069.png,frame_000070.png,0.12387683987617493,0.019587278366088867,0.33217528462409973,-0.03196824714541435,0.027416665107011795,-0.061333321034908295
frame_000070.png,frame_000071.png,0.1148592084646225,0.01597757637500763,0.3396329879760742,-0.031606677919626236,0.029515720903873444,-0.060101985931396484
frame_000071.png,frame_000072.png,0.10620579123497009,0.012614347040653229,0.34901806712150574,-0.029701896011829376,0.031182117760181427,-0.056691739708185196
frame_000072.png,frame_000073.png,0.09171085059642792,0.007328186184167862,0.3628586232662201,-0.03200775757431984,0.032000184059143066,-0.052326276898384094
frame_000073.png,frame_000074.png,0.08123389631509781,0.0032734349370002747,0.3730633854866028,-0.03493634611368179,0.03262966871261597,-0.04793735221028328
frame_000074.png,frame_000075.png,0.07312975823879242,-0.0008399449288845062,0.38490229845046997,-0.03743671625852585,0.033579956740140915,-0.03993381932377815
frame_000075.png,frame_000076.png,0.06768511235713959,-0.005266774445772171,0.39469805359840393,-0.03841245174407959,0.034016553312540054,-0.03538354113698006
frame_000076.png,frame_000077.png,0.06374308466911316,-0.005387894809246063,0.398563414812088,-0.03762016072869301,0.034985486418008804,-0.03109724074602127
frame_000077.png,frame_000078.png,0.06467556953430176,-0.00222710520029068,0.39186224341392517,-0.03924201801419258,0.035595737397670746,-0.030213583260774612
frame_000078.png,frame_000079.png,0.07213661074638367,0.00431278720498085,0.37928691506385803,-0.03866753727197647,0.03500620648264885,-0.03127621114253998
frame_000079.png,frame_000080.png,0.08243076503276825,0.011555474251508713,0.36630764603614807,-0.0331222340464592,0.034315746277570724,-0.03184499219059944
frame_000080.png,frame_000081.png,0.10994695127010345,0.020357921719551086,0.3505271375179291,-0.023563995957374573,0.03760126233100891,-0.03161316737532616
frame_000081.png,frame_000082.png,0.13031208515167236,0.02468903362751007,0.3477630913257599,-0.018887268379330635,0.03986639901995659,-0.031068649142980576
frame_000082.png,frame_000083.png,0.14292240142822266,0.027134083211421967,0.34523865580558777,-0.01870027184486389,0.03943905979394913,-0.03349248319864273
frame_000083.png,frame_000084.png,0.15879839658737183,0.03034599870443344,0.33173438906669617,-0.014965384267270565,0.033005792647600174,-0.0373443067073822
frame_000084.png,frame_000085.png,0.16589507460594177,0.029342815279960632,0.31225869059562683,-0.005840050056576729,0.02102486789226532,-0.03762369975447655
frame_000085.png,frame_000086.png,0.16029036045074463,0.027039505541324615,0.30105555057525635,0.00046836771070957184,0.008579202927649021,-0.040667466819286346
frame_000086.png,frame_000087.png,0.1532663255929947,0.02245231717824936,0.2939746677875519,0.00926159042865038,0.0010925419628620148,-0.04196202754974365
frame_000087.png,frame_000088.png,0.14179010689258575,0.017765168100595474,0.29593825340270996,0.013769512064754963,0.0007705260068178177,-0.04439673572778702
frame_000088.png,frame_000089.png,0.13620918989181519,0.01767580956220627,0.2970961034297943,0.013298292644321918,0.005360986106097698,-0.04408663138747215
frame_000089.png,frame_000090.png,0.13868027925491333,0.020074356347322464,0.2969943583011627,0.009833729825913906,0.0102315628901124,-0.04783163219690323
frame_000090.png,frame_000091.png,0.13980600237846375,0.025976404547691345,0.29932495951652527,0.00566521380096674,0.011978480964899063,-0.052893057465553284
frame_000091.png,frame_000092.png,0.14513416588306427,0.031226851046085358,0.3064703047275543,0.004740968346595764,0.01415552943944931,-0.058798741549253464
frame_000092.png,frame_000093.png,0.1552240252494812,0.037305548787117004,0.3179757297039032,0.007997369393706322,0.01531312521547079,-0.059951163828372955
frame_000093.png,frame_000094.png,0.16181764006614685,0.03923483192920685,0.32687804102897644,0.006419557146728039,0.016538403928279877,-0.05959107726812363
frame_000094.png,frame_000095.png,0.1769678294658661,0.041673511266708374,0.3345353901386261,0.009787405841052532,0.01658663898706436,-0.056726835668087006
frame_000095.png,frame_000096.png,0.18521106243133545,0.03892877697944641,0.35083097219467163,0.00701975729316473,0.015485959127545357,-0.05201159417629242
frame_000096.png,frame_000097.png,0.18719825148582458,0.030958548188209534,0.3530961871147156,0.0032432572916150093,0.015961896628141403,-0.046095795929431915
frame_000097.png,frame_000098.png,0.1854747235774994,0.027982845902442932,0.3634144961833954,0.0016906289383769035,0.018939826637506485,-0.053318995982408524
frame_000098.png,frame_000099.png,0.18799403309822083,0.030611231923103333,0.3604344129562378,0.001328115351498127,0.017011897638440132,-0.05441338196396828
frame_000099.png,frame_000100.png,0.1906297504901886,0.03754322975873947,0.35541287064552307,0.001836187206208706,0.014649154618382454,-0.0543227382004261
frame_000100.png,frame_000101.png,0.19030852615833282,0.046827398240566254,0.34555354714393616,0.003858656622469425,0.013081354089081287,-0.05427251756191254
frame_000101.png,frame_000102.png,0.19166624546051025,0.055214472115039825,0.33225640654563904,0.008124019019305706,0.012080465443432331,-0.04907342046499252
frame_000102.png,frame_000103.png,0.18872711062431335,0.06226937472820282,0.33115145564079285,0.006628130562603474,0.013079590164124966,-0.050183236598968506
frame_000103.png,frame_000104.png,0.18541231751441956,0.06736922264099121,0.3299518823623657,0.007567432709038258,0.013408890925347805,-0.04397047311067581
frame_000104.png,frame_000105.png,0.18058675527572632,0.0715678334236145,0.3323638439178467,0.01094782818108797,0.014946014620363712,-0.03923999145627022
frame_000105.png,frame_000106.png,0.1757943332195282,0.07283776998519897,0.3354231119155884,0.010871403850615025,0.017355527728796005,-0.038309432566165924
frame_000106.png,frame_000107.png,0.17464882135391235,0.06977975368499756,0.33075323700904846,0.012793785892426968,0.01788511499762535,-0.03484001010656357
frame_000107.png,frame_000108.png,0.17600813508033752,0.07018005847930908,0.3248123526573181,0.014401382766664028,0.017041776329278946,-0.0338558703660965
frame_000108.png,frame_000109.png,0.1713431477546692,0.06912301480770111,0.3234572112560272,0.013713431544601917,0.017888586968183517,-0.033452652394771576
frame_000109.png,frame_000110.png,0.17337283492088318,0.06816889345645905,0.3232308030128479,0.012112126685678959,0.016499675810337067,-0.030103564262390137
frame_000110.png,frame_000111.png,0.17486262321472168,0.06627526879310608,0.3235614597797394,0.013781550340354443,0.01591847464442253,-0.02916852757334709
frame_000111.png,frame_000112.png,0.17704880237579346,0.0653177872300148,0.31980058550834656,0.012315385974943638,0.012745638377964497,-0.026076313108205795
frame_000112.png,frame_000113.png,0.17909082770347595,0.065836101770401,0.31573423743247986,0.014856875874102116,0.010391268879175186,-0.01971546560525894
frame_000113.png,frame_000114.png,0.1836700141429901,0.06725441664457321,0.30914631485939026,0.015425889752805233,0.008511730469763279,-0.0060712723061442375
frame_000114.png,frame_000115.png,0.1919070929288864,0.0699710100889206,0.3003036081790924,0.02006997913122177,0.00948711484670639,0.0024981359019875526
frame_000115.png,frame_000116.png,0.1925104707479477,0.07444299012422562,0.30701759457588196,0.02236981689929962,0.011783567257225513,0.01896808296442032
frame_000116.png,frame_000117.png,0.20012015104293823,0.08466622978448868,0.33298423886299133,0.01409249845892191,0.01506034005433321,0.04110705852508545
frame_000117.png,frame_000118.png,0.20919691026210785,0.08061398565769196,0.3404782712459564,0.00744099635630846,0.012981121428310871,0.08243182301521301
frame_000118.png,frame_000119.png,0.23467999696731567,0.07703500241041183,0.32507017254829407,0.013677072711288929,0.0023788968101143837,0.12178684771060944
frame_000119.png,frame_000120.png,0.2608411908149719,0.07622677087783813,0.2621278166770935,0.007892065681517124,0.0007336745038628578,0.1336611807346344
frame_000120.png,frame_000121.png,0.2867855727672577,0.08747633546590805,0.2310539186000824,0.007964198477566242,0.010744872502982616,0.11513017117977142
frame_000121.png,frame_000122.png,0.28148457407951355,0.09675400704145432,0.25003582239151,0.007776946760714054,0.00859042163938284,0.10696922242641449
frame_000122.png,frame_000123.png,0.254930317401886,0.08801930397748947,0.27805277705192566,-0.04201321676373482,0.003377889283001423,0.11819864809513092
frame_000123.png,frame_000124.png,0.273988276720047,0.10109510272741318,0.26049622893333435,-0.043295301496982574,0.003400842659175396,0.11132656037807465
frame_000124.png,frame_000125.png,0.24988019466400146,0.0863041803240776,0.21583634614944458,-0.03814486414194107,0.013908321969211102,0.1200147271156311
frame_000125.png,frame_000126.png,0.21441006660461426,0.07685450464487076,0.24025771021842957,-0.07092984020709991,0.02050706371665001,0.13488627970218658
frame_000126.png,frame_000127.png,0.21046960353851318,0.08589089661836624,0.20936319231987,-0.05530413240194321,0.019936639815568924,0.11662483215332031
frame_000127.png,frame_000128.png,0.18504086136817932,0.0706728920340538,0.1703377664089203,-0.07827791571617126,0.019473448395729065,0.11365105211734772
frame_000128.png,frame_000129.png,0.1747831553220749,0.0548657551407814,0.10301540791988373,-0.06512200087308884,0.024608835577964783,0.12071108818054199
frame_000129.png,frame_000130.png,0.1945992410182953,0.03831616789102554,0.05001275613903999,-0.06733312457799911,0.025018446147441864,0.13985563814640045
frame_000130.png,frame_000131.png,0.19036981463432312,0.023895807564258575,0.01681729033589363,-0.08336140215396881,0.02610359713435173,0.14431986212730408
frame_000131.png,frame_000132.png,0.21310514211654663,0.03101295232772827,0.014792323112487793,-0.06227932125329971,0.029467929154634476,0.14034338295459747
frame_000132.png,frame_000133.png,0.23522236943244934,0.03787050396203995,9.55536961555481e-05,-0.05890277773141861,0.026217419654130936,0.13183289766311646
frame_000133.png,frame_000134.png,0.2499503791332245,0.043996818363666534,-0.011079329997301102,-0.06047412380576134,0.02067863941192627,0.1288660317659378
frame_000134.png,frame_000135.png,0.24382176995277405,0.05059337615966797,0.007679272443056107,-0.05598655715584755,0.01806306466460228,0.12695106863975525
frame_000135.png,frame_000136.png,0.25280505418777466,0.055898576974868774,0.026721637696027756,-0.0650639757514,0.024426236748695374,0.11774763464927673
frame_000136.png,frame_000137.png,0.2614730894565582,0.0731668472290039,0.04055873304605484,-0.07511664927005768,0.02696642279624939,0.10138300061225891
frame_000137.png,frame_000138.png,0.2758961617946625,0.07956620305776596,0.07556986808776855,-0.06741590052843094,0.022963229566812515,0.11097296327352524
frame_000138.png,frame_000139.png,0.25561726093292236,0.09870880097150803,0.09489443898200989,-0.0518111027777195,0.01119567733258009,0.08941660821437836
frame_000139.png,frame_000140.png,0.24666836857795715,0.11911552399396896,0.14505983889102936,-0.05038600042462349,0.0024987300857901573,0.08094307780265808
frame_000140.png,frame_000141.png,0.2628563344478607,0.12115683406591415,0.1319284588098526,-0.027141708880662918,-0.009141516871750355,0.0822117030620575
frame_000141.png,frame_000142.png,0.2727300226688385,0.12595713138580322,0.09888717532157898,-0.017835382372140884,-0.013910193927586079,0.09414222836494446
frame_000142.png,frame_000143.png,0.2691984176635742,0.12685763835906982,0.1256868541240692,-0.002702496014535427,-0.01561641413718462,0.10790225863456726
frame_000143.png,frame_000144.png,0.2618580758571625,0.1268363893032074,0.1363605558872223,0.015715062618255615,-0.003929800353944302,0.12071651220321655
frame_000144.png,frame_000145.png,0.28604358434677124,0.12076915055513382,0.13569077849388123,0.028238419443368912,-0.004232221283018589,0.0901365652680397
frame_000145.png,frame_000146.png,0.2983006536960602,0.13662996888160706,0.19745692610740662,-0.018704254180192947,0.0030387556180357933,0.04428694397211075
frame_000146.png,frame_000147.png,0.24831998348236084,0.12247119098901749,0.27809977531433105,-0.033286213874816895,-0.001825452782213688,0.015761587768793106
frame_000147.png,frame_000148.png,0.24480721354484558,0.12591934204101562,0.3156842887401581,-0.034080762416124344,-0.0011199088767170906,0.024684924632310867
frame_000148.png,frame_000149.png,0.230087012052536,0.11193763464689255,0.3351283073425293,-0.031832318753004074,0.003264046274125576,0.019948158413171768
frame_000149.png,frame_000150.png,0.22245103120803833,0.09823479503393173,0.3460189998149872,-0.02536657825112343,0.007630697451531887,0.013817512430250645
frame_000150.png,frame_000151.png,0.2278406023979187,0.08669427782297134,0.3439187705516815,-0.009964401833713055,0.004165505059063435,0.011524290777742863
frame_000151.png,frame_000152.png,0.24353307485580444,0.07517106086015701,0.32024142146110535,0.003411124460399151,0.0005471212789416313,0.017320916056632996
frame_000152.png,frame_000153.png,0.24795499444007874,0.0763528123497963,0.3047160804271698,0.011806451715528965,-0.0011138701811432838,0.014846759848296642
frame_000153.png,frame_000154.png,0.24904859066009521,0.08055238425731659,0.292099267244339,0.012477357871830463,-0.0025349026545882225,0.01630103960633278
frame_000154.png,frame_000155.png,0.23710379004478455,0.09530917555093765,0.2959997355937958,-0.019285395741462708,-0.006447273306548595,0.012760824523866177
frame_000155.png,frame_000156.png,0.2262665033340454,0.10161883383989334,0.31074628233909607,-0.03848346695303917,-0.006553989835083485,0.015832331031560898
frame_000156.png,frame_000157.png,0.20746056735515594,0.10892307013273239,0.3486824035644531,-0.047698333859443665,-0.003901389427483082,0.010257442481815815
frame_000157.png,frame_000158.png,0.17490410804748535,0.11165178567171097,0.36055997014045715,-0.06000836193561554,-0.005227887071669102,-0.002395377494394779
frame_000158.png,frame_000159.png,0.19580724835395813,0.11288077384233475,0.3257981240749359,-0.05309583991765976,0.005246140994131565,0.010159621946513653
frame_000159.png,frame_000160.png,0.21917736530303955,0.10334751754999161,0.26738861203193665,-0.019366804510354996,0.009667961858212948,0.048626095056533813
frame_000160.png,frame_000161.png,0.22104290127754211,0.09813482314348221,0.23793503642082214,0.001390271820127964,0.005791491828858852,0.05758197605609894
frame_000161.png,frame_000162.png,0.22316700220108032,0.10663614422082901,0.23087367415428162,0.00035196635872125626,4.092324525117874e-05,0.07785136997699738
frame_000162.png,frame_000163.png,0.21840542554855347,0.12063994258642197,0.2880209982395172,0.016045324504375458,0.01043278630822897,0.0561179518699646
frame_000163.png,frame_000164.png,0.20725366473197937,0.11373770982027054,0.3225739002227783,0.0036912010982632637,0.015116044320166111,0.04312950000166893
frame_000164.png,frame_000165.png,0.19567570090293884,0.10957451909780502,0.33476540446281433,0.015278090722858906,0.014971510507166386,0.06528417766094208
frame_000165.png,frame_000166.png,0.21381214261054993,0.10655050724744797,0.34252363443374634,0.01675407588481903,0.003972806967794895,0.07372400164604187
frame_000166.png,frame_000167.png,0.22584965825080872,0.10282827168703079,0.3405233919620514,0.022706925868988037,-0.011125450022518635,0.06679421663284302
frame_000167.png,frame_000168.png,0.23789379000663757,0.1052967831492424,0.3310571014881134,0.009945054538547993,-0.01808130368590355,0.06582757830619812
frame_000168.png,frame_000169.png,0.2631288468837738,0.10117033869028091,0.3092622756958008,0.014058285392820835,-0.018300097435712814,0.06990039348602295
frame_000169.png,frame_000170.png,0.2828676402568817,0.0956699475646019,0.2755545675754547,0.014415801502764225,-0.01669134944677353,0.07764385640621185
frame_000170.png,frame_000171.png,0.2954713702201843,0.09203601628541946,0.24809777736663818,0.011253812350332737,-0.01450448576360941,0.08478142321109772
frame_000171.png,frame_000172.png,0.3011223375797272,0.08924276381731033,0.22874534130096436,0.010203354991972446,-0.014573470689356327,0.08429090678691864
frame_000172.png,frame_000173.png,0.297587513923645,0.0884738638997078,0.21514590084552765,0.013341066427528858,-0.019903656095266342,0.08032798767089844
frame_000173.png,frame_000174.png,0.2869739532470703,0.0893816277384758,0.20749764144420624,0.014321782626211643,-0.027236398309469223,0.07620451599359512
frame_000174.png,frame_000175.png,0.27637574076652527,0.09348123520612717,0.19785362482070923,0.00690962839871645,-0.03219222649931908,0.07323402166366577
frame_000175.png,frame_000176.png,0.2757674753665924,0.10248095542192459,0.1936832219362259,0.005382613278925419,-0.028851229697465897,0.08579187095165253
frame_000176.png,frame_000177.png,0.23669511079788208,0.10960180312395096,0.19241371750831604,0.00902270246297121,-0.01913413405418396,0.08340665698051453
frame_000177.png,frame_000178.png,0.2000604271888733,0.11072910577058792,0.19233404099941254,0.019475683569908142,-0.009554794989526272,0.06730497628450394
frame_000178.png,frame_000179.png,0.1835576295852661,0.10908844321966171,0.1899930238723755,0.025749970227479935,-0.006398533470928669,0.05021437630057335
frame_000179.png,frame_000180.png,0.17451047897338867,0.11543191224336624,0.1937991827726364,0.030425533652305603,-0.0014230655506253242,0.03487321361899376
frame_000180.png,frame_000181.png,0.17031651735305786,0.10420206934213638,0.18730495870113373,0.028384406119585037,0.00280007254332304,0.036110762506723404
frame_000181.png,frame_000182.png,0.1807096302509308,0.09515843540430069,0.18116039037704468,0.01188656035810709,0.0012016147375106812,0.03009869158267975
frame_000182.png,frame_000183.png,0.19748245179653168,0.07751327008008957,0.16392582654953003,0.012918171472847462,0.0033154943957924843,0.0427204892039299
frame_000183.png,frame_000184.png,0.2036958932876587,0.060960911214351654,0.1894739866256714,0.020160451531410217,0.01753297820687294,0.03657389432191849
frame_000184.png,frame_000185.png,0.20468303561210632,0.05898728966712952,0.20310938358306885,0.022163957357406616,0.02593180164694786,0.029276087880134583
frame_000185.png,frame_000186.png,0.20048116147518158,0.06690344214439392,0.20989367365837097,0.020632274448871613,0.027613554149866104,0.02928917482495308
frame_000186.png,frame_000187.png,0.19606418907642365,0.07742670923471451,0.21928228437900543,0.020326245576143265,0.026971764862537384,0.024186134338378906
frame_000187.png,frame_000188.png,0.18465542793273926,0.08276893198490143,0.24127700924873352,0.01938147470355034,0.025790654122829437,0.014764157123863697
frame_000188.png,frame_000189.png,0.17582586407661438,0.0826367512345314,0.26386845111846924,0.020619556307792664,0.02334882691502571,0.0067060114815831184
frame_000189.png,frame_000190.png,0.16809934377670288,0.0834135189652443,0.28110653162002563,0.023549877107143402,0.022419221699237823,0.004641772247850895
frame_000190.png,frame_000191.png,0.15649443864822388,0.08246367424726486,0.29734933376312256,0.025037799030542374,0.020579595118761063,0.005015690810978413
frame_000191.png,frame_000192.png,0.16433843970298767,0.07712636888027191,0.30334433913230896,0.02881104126572609,0.01776682585477829,0.017391405999660492
frame_000192.png,frame_000193.png,0.17136046290397644,0.07441425323486328,0.31864768266677856,0.036628469824790955,0.011023984290659428,0.004705340601503849
frame_000193.png,frame_000194.png,0.15616363286972046,0.059240005910396576,0.3787024915218353,0.04073137789964676,0.016257114708423615,0.016691450029611588
frame_000194.png,frame_000195.png,0.16206908226013184,0.06617606431245804,0.3698931634426117,0.041515786200761795,0.013678404502570629,-0.006458512507379055
frame_000195.png,frame_000196.png,0.1375599503517151,0.07207893580198288,0.3512429893016815,0.044699497520923615,0.0017420155927538872,0.027000006288290024
frame_000196.png,frame_000197.png,0.16308146715164185,0.06330473721027374,0.3479447066783905,0.038851868361234665,-0.006085209548473358,0.050488341599702835
frame_000197.png,frame_000198.png,0.17162753641605377,0.062402643263339996,0.32802465558052063,0.03048703446984291,-0.0024661188945174217,0.040037643164396286
frame_000198.png,frame_000199.png,0.17997771501541138,0.059416741132736206,0.3079022467136383,0.030731145292520523,-0.0011868923902511597,0.015782557427883148
frame_000199.png,frame_000200.png,0.1964154839515686,0.043303780257701874,0.2958470284938812,0.016629215329885483,0.00019241869449615479,0.006433629430830479
frame_000200.png,frame_000201.png,0.20653095841407776,0.035764604806900024,0.29729363322257996,0.0070635369047522545,0.0015237042680382729,-0.007081289775669575
frame_000201.png,frame_000202.png,0.2036072015762329,0.035579465329647064,0.29413601756095886,0.0025219032540917397,0.0008612135425209999,-0.02331114560365677
frame_000202.png,frame_000203.png,0.19689568877220154,0.03507089614868164,0.2933466136455536,-0.0004191603511571884,-0.0011309972032904625,-0.028676841408014297
frame_000203.png,frame_000204.png,0.18889668583869934,0.03699252009391785,0.29493752121925354,-0.0007267743349075317,-0.0014299722388386726,-0.03274988383054733
frame_000204.png,frame_000205.png,0.19010642170906067,0.03729628026485443,0.2879854142665863,0.008630008436739445,-0.0028655510395765305,-0.027051866054534912
frame_000205.png,frame_000206.png,0.19269445538520813,0.036862969398498535,0.29879510402679443,0.019627023488283157,-0.0013854214921593666,-0.02610345184803009
frame_000206.png,frame_000207.png,0.19865810871124268,0.05412178486585617,0.2949812114238739,0.034567780792713165,-0.0036589009687304497,-0.012788387015461922
frame_000207.png,frame_000208.png,0.20734766125679016,0.07070670276880264,0.29251912236213684,0.046565938740968704,-0.0017843237146735191,-0.011458195745944977
frame_000208.png,frame_000209.png,0.2006448209285736,0.08361624926328659,0.28529584407806396,0.05542631074786186,0.006509781815111637,-0.012380730360746384
frame_000209.png,frame_000210.png,0.18623560667037964,0.08393307775259018,0.26804158091545105,0.05953645706176758,0.004033184610307217,0.002519626170396805
frame_000210.png,frame_000211.png,0.17009656131267548,0.09132563322782516,0.25533363223075867,0.04718148708343506,0.0007531838491559029,0.008325616829097271
frame_000211.png,frame_000212.png,0.1625402867794037,0.09486866742372513,0.225189208984375,0.050653599202632904,0.0027734916657209396,-0.008697398006916046
frame_000212.png,frame_000213.png,0.16488030552864075,0.09360287338495255,0.22459492087364197,0.03258002921938896,-0.0034880517050623894,-0.004996935836970806
frame_000213.png,frame_000214.png,0.1588485836982727,0.08771348744630814,0.2288667857646942,0.020665884017944336,-0.0036521265283226967,-0.0006963377818465233
frame_000214.png,frame_000215.png,0.16255298256874084,0.08328519016504288,0.23158809542655945,0.012646985240280628,0.00716658029705286,-0.006881768815219402
frame_000215.png,frame_000216.png,0.1621822714805603,0.07814264297485352,0.23718425631523132,0.012703021056950092,0.014117675833404064,-0.000273226760327816
frame_000216.png,frame_000217.png,0.16663753986358643,0.07848955690860748,0.2373068630695343,0.013920397497713566,0.019848253577947617,-0.0025100400671362877
frame_000217.png,frame_000218.png,0.16220363974571228,0.08536384254693985,0.2361082136631012,0.012605824507772923,0.01807709038257599,-0.005640353076159954
frame_000218.png,frame_000219.png,0.15760236978530884,0.09300104528665543,0.23795190453529358,0.008824125863611698,0.016926826909184456,-0.004050097428262234
frame_000219.png,frame_000220.png,0.1537134051322937,0.10009574145078659,0.24087420105934143,0.004102702252566814,0.01749829761683941,-0.0005689291283488274
frame_000220.png,frame_000221.png,0.15015633404254913,0.10593078285455704,0.24204161763191223,-0.0010990789160132408,0.015412728302180767,0.0016858996823430061
frame_000221.png,frame_000222.png,0.14864179491996765,0.10848701745271683,0.24322709441184998,-0.006503556855022907,0.01576152816414833,0.003979210741817951
frame_000222.png,frame_000223.png,0.1439843773841858,0.11183547228574753,0.24777427315711975,-0.015361064113676548,0.015724780037999153,0.004566480405628681
frame_000223.png,frame_000224.png,0.14272969961166382,0.11418106406927109,0.25157618522644043,-0.02129695564508438,0.018852554261684418,0.0070496732369065285
frame_000224.png,frame_000225.png,0.14288146793842316,0.11046100407838821,0.25903064012527466,-0.026073124259710312,0.025055497884750366,0.009880744852125645
frame_000225.png,frame_000226.png,0.1425405740737915,0.1038198247551918,0.2692986726760864,-0.02936214581131935,0.035306576639413834,0.016251735389232635
frame_000226.png,frame_000227.png,0.1518358290195465,0.09865991026163101,0.2628816068172455,-0.02874140441417694,0.04305939003825188,0.031853534281253815
frame_000227.png,frame_000228.png,0.16421955823898315,0.1033165231347084,0.2677195072174072,-0.03352230787277222,0.04756925255060196,0.049453236162662506
frame_000228.png,frame_000229.png,0.16222500801086426,0.0941687747836113,0.29179146885871887,-0.055718183517456055,0.06347470730543137,0.07304567098617554
frame_000229.png,frame_000230.png,0.15349021553993225,0.08432625979185104,0.31177711486816406,-0.07561942934989929,0.07133101671934128,0.08033833652734756
frame_000230.png,frame_000231.png,0.15160857141017914,0.08779115229845047,0.33915480971336365,-0.06327813863754272,0.06927429884672165,0.060744598507881165
frame_000231.png,frame_000232.png,0.15854579210281372,0.08212090283632278,0.3595462739467621,-0.03872194141149521,0.07368927448987961,0.05412586033344269
frame_000232.png,frame_000233.png,0.18042710423469543,0.07768677175045013,0.35528919100761414,-0.019938066601753235,0.07801083475351334,0.050658248364925385
frame_000233.png,frame_000234.png,0.19850143790245056,0.07842975109815598,0.3339707851409912,0.002888551913201809,0.0749158188700676,0.04192680865526199
frame_000234.png,frame_000235.png,0.22512605786323547,0.07785970717668533,0.313070684671402,0.029397618025541306,0.07062103599309921,0.052759770303964615
frame_000235.png,frame_000236.png,0.24551436305046082,0.07522329688072205,0.2796788215637207,0.039677780121564865,0.06134070083498955,0.06418460607528687
frame_000236.png,frame_000237.png,0.25821179151535034,0.07651013880968094,0.25489020347595215,0.03393174707889557,0.05118574947118759,0.06325659155845642
frame_000237.png,frame_000238.png,0.2728669047355652,0.07856488972902298,0.23749592900276184,0.027604930102825165,0.04506421089172363,0.060561686754226685
frame_000238.png,frame_000239.png,0.2880617380142212,0.08283727616071701,0.21898511052131653,0.025124698877334595,0.04252929985523224,0.05702371150255203
frame_000239.png,frame_000240.png,0.2980934679508209,0.08594591170549393,0.20593757927417755,0.024461280554533005,0.04023584723472595,0.053505316376686096
frame_000240.png,frame_000241.png,0.31589603424072266,0.0901154950261116,0.1801154613494873,0.027904458343982697,0.03905138373374939,0.05762481689453125
frame_000241.png,frame_000242.png,0.3375283181667328,0.09533802419900894,0.14884188771247864,0.028905637562274933,0.03668496385216713,0.06224461644887924
frame_000242.png,frame_000243.png,0.360200434923172,0.0981420949101448,0.12044654786586761,0.03539736568927765,0.03386235237121582,0.06770829856395721
frame_000243.png,frame_000244.png,0.37683144211769104,0.09834755212068558,0.10037475824356079,0.042645882815122604,0.030919615179300308,0.07284294068813324
frame_000244.png,frame_000245.png,0.3863527476787567,0.0979609563946724,0.08501337468624115,0.047946006059646606,0.026059608906507492,0.07564164698123932
frame_000245.png,frame_000246.png,0.39137908816337585,0.09784682840108871,0.07137414813041687,0.04826769605278969,0.017305497080087662,0.07780269533395767
frame_000246.png,frame_000247.png,0.39263901114463806,0.09884572774171829,0.0626201182603836,0.04765776917338371,0.009563206695020199,0.08046185970306396
frame_000247.png,frame_000248.png,0.3909219205379486,0.10082747787237167,0.053965967148542404,0.046345990151166916,0.005087933503091335,0.08252966403961182
frame_000248.png,frame_000249.png,0.3860612213611603,0.1030304804444313,0.050990696996450424,0.04686242341995239,0.0031047528609633446,0.08460322767496109
frame_000249.png,frame_000250.png,0.37969592213630676,0.10655700415372849,0.05039214715361595,0.047161322087049484,0.003291144035756588,0.08611974865198135
frame_000250.png,frame_000251.png,0.3740626871585846,0.10907988995313644,0.050694990903139114,0.04686664417386055,0.005034162662923336,0.08591806143522263
frame_000251.png,frame_000252.png,0.36693671345710754,0.11162824183702469,0.05247749760746956,0.047279007732868195,0.006431165151298046,0.08823202550411224
frame_000252.png,frame_000253.png,0.3538535237312317,0.11411433666944504,0.05243055149912834,0.04656641557812691,0.008098560385406017,0.08408704400062561
frame_000253.png,frame_000254.png,0.3229913115501404,0.11662279814481735,0.07836960256099701,0.034643158316612244,0.010801429860293865,0.06633563339710236
frame_000254.png,frame_000255.png,0.27977386116981506,0.12059930711984634,0.141875758767128,0.015556690283119678,0.009748994372785091,0.04580473527312279
frame_000255.png,frame_000256.png,0.233274906873703,0.12141136080026627,0.21535494923591614,-0.0063273003324866295,0.0037131356075406075,0.028441786766052246
frame_000256.png,frame_000257.png,0.20190207660198212,0.12353894859552383,0.27227458357810974,-0.025440678000450134,-0.0015004109591245651,0.009699138812720776
frame_000257.png,frame_000258.png,0.1892736554145813,0.12313511222600937,0.3077946603298187,-0.0340343602001667,-0.0041751498356461525,0.00023359153419733047
frame_000258.png,frame_000259.png,0.1759238839149475,0.12174465507268906,0.33561304211616516,-0.04080243408679962,-0.0038220733404159546,0.0037997467443346977
frame_000259.png,frame_000260.png,0.17121322453022003,0.12308473140001297,0.35138002038002014,-0.04647154361009598,0.0008463943377137184,0.013816616497933865
frame_000260.png,frame_000261.png,0.17233645915985107,0.12359847873449326,0.3690541684627533,-0.0449899286031723,0.008406785316765308,0.024300560355186462
frame_000261.png,frame_000262.png,0.16942888498306274,0.12280593067407608,0.38761377334594727,-0.041981764137744904,0.013528293929994106,0.03729458153247833
frame_000262.png,frame_000263.png,0.16875536739826202,0.12350762635469437,0.3978970944881439,-0.03672342374920845,0.01264840830117464,0.04088073968887329
frame_000263.png,frame_000264.png,0.15893392264842987,0.12115272134542465,0.40544137358665466,-0.029532968997955322,0.014694279991090298,0.04810020327568054
frame_000264.png,frame_000265.png,0.15292418003082275,0.11763299256563187,0.40450987219810486,-0.027699962258338928,0.015343555249273777,0.056912824511528015
frame_000265.png,frame_000266.png,0.1474340558052063,0.11097034066915512,0.3932919204235077,-0.03634175658226013,0.016562774777412415,0.05763288587331772
frame_000266.png,frame_000267.png,0.14380618929862976,0.10292495042085648,0.3799532949924469,-0.043438300490379333,0.01756519451737404,0.05685634911060333
frame_000267.png,frame_000268.png,0.14264073967933655,0.09470800310373306,0.3657735288143158,-0.04934477061033249,0.017961308360099792,0.05571848154067993
frame_000268.png,frame_000269.png,0.14385291934013367,0.09184399992227554,0.3563093841075897,-0.05361047387123108,0.017792142927646637,0.053292036056518555
frame_000269.png,frame_000270.png,0.14492879807949066,0.0910697802901268,0.3481713831424713,-0.055438585579395294,0.015883445739746094,0.04522152990102768
frame_000270.png,frame_000271.png,0.148470938205719,0.09602070599794388,0.34617188572883606,-0.06097515672445297,0.01271655410528183,0.029024507850408554
frame_000271.png,frame_000272.png,0.16314062476158142,0.09427338093519211,0.33976373076438904,-0.059340700507164,0.011718922294676304,0.015406138263642788
frame_000272.png,frame_000273.png,0.19524884223937988,0.09184014052152634,0.32764604687690735,-0.0492684468626976,0.019721850752830505,0.009249492548406124
frame_000273.png,frame_000274.png,0.213142991065979,0.08661580830812454,0.30129456520080566,-0.037987999618053436,0.026586968451738358,0.007546638138592243
frame_000274.png,frame_000275.png,0.2187916338443756,0.09583448618650436,0.30334898829460144,-0.04510139673948288,0.03020763397216797,0.0021280990913510323
frame_000275.png,frame_000276.png,0.21012970805168152,0.1003618910908699,0.30268558859825134,-0.03794713318347931,0.03698773309588432,-0.0073403650894761086
frame_000276.png,frame_000277.png,0.19569671154022217,0.08802754431962967,0.29685184359550476,-0.029744748026132584,0.03923382982611656,0.0014025242999196053
frame_000277.png,frame_000278.png,0.1958031952381134,0.0921965017914772,0.27515605092048645,-0.025758806616067886,0.04552115499973297,0.004010242410004139
frame_000278.png,frame_000279.png,0.1899159848690033,0.097184918820858,0.27570897340774536,-0.04822888597846031,0.04924711585044861,0.010971046052873135
frame_000279.png,frame_000280.png,0.18658015131950378,0.09738107770681381,0.2890235483646393,-0.06566276401281357,0.05238034576177597,-0.001361439935863018
frame_000280.png,frame_000281.png,0.1784597486257553,0.09807688742876053,0.31129375100135803,-0.06389151513576508,0.04158493131399155,-0.016592446714639664
frame_000281.png,frame_000282.png,0.16203469038009644,0.10541289299726486,0.29336729645729065,-0.06093812733888626,0.0333746038377285,-0.008355329744517803
frame_000282.png,frame_000283.png,0.151055246591568,0.11328940838575363,0.30707940459251404,-0.0428071953356266,0.021048732101917267,0.006494901143014431
frame_000283.png,frame_000284.png,0.150639146566391,0.09217778593301773,0.3566032350063324,-0.034345708787441254,0.0279037244617939,0.02059156447649002
frame_000284.png,frame_000285.png,0.13833877444267273,0.08915964514017105,0.3597308099269867,-0.045116275548934937,0.026485826820135117,0.04298827052116394
frame_000285.png,frame_000286.png,0.16549596190452576,0.08387967199087143,0.31149256229400635,-0.025839418172836304,0.01880490593612194,0.06064944714307785
frame_000286.png,frame_000287.png,0.1706274449825287,0.082962267100811,0.21917752921581268,0.006716814823448658,0.01568835973739624,0.07589803636074066
frame_000287.png,frame_000288.png,0.17994874715805054,0.08059182018041611,0.18877753615379333,0.0165143683552742,0.022492744028568268,0.050179578363895416
frame_000288.png,frame_000289.png,0.17907172441482544,0.06755252182483673,0.19826781749725342,-0.006189457140862942,0.027449890971183777,0.021717071533203125
frame_000289.png,frame_000290.png,0.1729333996772766,0.05513078719377518,0.20527584850788116,-0.017373040318489075,0.034322332590818405,-0.007194868288934231
frame_000290.png,frame_000291.png,0.1669072061777115,0.040401481091976166,0.2093336284160614,-0.028790779411792755,0.03501797839999199,-0.019093435257673264
frame_000291.png,frame_000292.png,0.17392030358314514,0.04221135377883911,0.21269826591014862,-0.02811352163553238,0.03529743105173111,-0.028741292655467987
frame_000292.png,frame_000293.png,0.180214524269104,0.04542292654514313,0.22260800004005432,-0.025955412536859512,0.03618478402495384,-0.04032278060913086
frame_000293.png,frame_000294.png,0.17877215147018433,0.04131845384836197,0.25338488817214966,-0.022943854331970215,0.038766585290431976,-0.044864196330308914
frame_000294.png,frame_000295.png,0.1702542006969452,0.03340902179479599,0.28958114981651306,-0.02616925910115242,0.03933843970298767,-0.04483407735824585
frame_000295.png,frame_000296.png,0.16235974431037903,0.027428075671195984,0.307943731546402,-0.022370323538780212,0.037487633526325226,-0.049649886786937714
frame_000296.png,frame_000297.png,0.15224996209144592,0.02311200648546219,0.3196072280406952,-0.020765259861946106,0.03384288772940636,-0.051805924624204636
frame_000297.png,frame_000298.png,0.16548097133636475,0.019187871366739273,0.3166274130344391,-0.021438367664813995,0.028713315725326538,-0.045610006898641586
frame_000298.png,frame_000299.png,0.18182149529457092,0.014843963086605072,0.3149630129337311,-0.02122630551457405,0.0223986878991127,-0.034348975867033005
frame_000299.png,frame_000300.png,0.18241626024246216,0.01784629374742508,0.319884330034256,-0.031210951507091522,0.024617090821266174,-0.04123878851532936
frame_000300.png,frame_000301.png,0.1815313994884491,0.021639138460159302,0.32026973366737366,-0.029084347188472748,0.02031133696436882,-0.038572389632463455
frame_000301.png,frame_000302.png,0.1784432828426361,0.029702968895435333,0.31524208188056946,-0.015103411860764027,0.018147293478250504,-0.06389322131872177
frame_000302.png,frame_000303.png,0.1945655345916748,0.03398960083723068,0.32901236414909363,-0.020473584532737732,0.02431599423289299,-0.05854517221450806
frame_000303.png,frame_000304.png,0.15824715793132782,0.022152535617351532,0.3353175222873688,-0.024134095758199692,0.020076829940080643,-0.05654103681445122
frame_000304.png,frame_000305.png,0.18183520436286926,0.04895724356174469,0.35079333186149597,-0.022231996059417725,0.013443182222545147,-0.014119590632617474
frame_000305.png,frame_000306.png,0.20677229762077332,0.043074220418930054,0.3506942093372345,-0.010306163690984249,0.01581047847867012,0.007122107781469822
frame_000306.png,frame_000307.png,0.20821020007133484,0.06979499757289886,0.3560164272785187,0.009682239033281803,0.016176842153072357,0.017588287591934204
frame_000307.png,frame_000308.png,0.2281830906867981,0.08846765011548996,0.35968223214149475,-0.005163169465959072,0.023071706295013428,0.03310316056013107
frame_000308.png,frame_000309.png,0.25116845965385437,0.09375876933336258,0.3474513590335846,-0.01751052215695381,0.010282776318490505,0.08152488619089127
frame_000309.png,frame_000310.png,0.2323269248008728,0.10381599515676498,0.36193612217903137,-0.01613966003060341,0.003425738774240017,0.08887213468551636
frame_000310.png,frame_000311.png,0.2453102171421051,0.10625315457582474,0.3561755418777466,-0.025616519153118134,0.0009575625881552696,0.08936644345521927
frame_000311.png,frame_000312.png,0.2540692687034607,0.11045543104410172,0.3590010702610016,-0.009359843097627163,0.0068940212950110435,0.09414388239383698
frame_000312.png,frame_000313.png,0.2575959265232086,0.11555507034063339,0.34881284832954407,0.017352331429719925,0.007579631172120571,0.09599397331476212
frame_000313.png,frame_000314.png,0.2652674615383148,0.1138281300663948,0.3365243077278137,0.006854870356619358,0.0035697882995009422,0.10041096061468124
frame_000314.png,frame_000315.png,0.26477301120758057,0.10350073128938675,0.33308467268943787,0.006899268366396427,0.0037141023203730583,0.09375251829624176
frame_000315.png,frame_000316.png,0.26943910121917725,0.10329259186983109,0.32119783759117126,0.008499820716679096,0.0011958619579672813,0.09980610013008118
frame_000316.png,frame_000317.png,0.26045817136764526,0.10924654453992844,0.3097672760486603,-0.010082925669848919,-0.00970787275582552,0.09340225160121918
frame_000317.png,frame_000318.png,0.27398359775543213,0.10821980983018875,0.30704525113105774,-0.007356337271630764,-0.00924015510827303,0.09591809660196304
frame_000318.png,frame_000319.png,0.2620090842247009,0.11530240625143051,0.3329831659793854,-0.001374705694615841,-0.008885805495083332,0.07193005084991455
frame_000319.png,frame_000320.png,0.273834228515625,0.10680361837148666,0.3311031758785248,0.007244647480547428,-0.014502136968076229,0.07914809882640839
frame_000320.png,frame_000321.png,0.262533575296402,0.08210887014865875,0.2993074059486389,0.014067073352634907,-0.0072408998385071754,0.06870724260807037
frame_000321.png,frame_000322.png,0.24459028244018555,0.06734851747751236,0.2763787806034088,0.025000721216201782,-0.004952658899128437,0.04389220476150513
frame_000322.png,frame_000323.png,0.26528653502464294,0.06127457320690155,0.26782500743865967,0.038006242364645004,0.008954825811088085,0.04205942153930664
frame_000323.png,frame_000324.png,0.23241478204727173,0.06404650956392288,0.27710121870040894,0.019760966300964355,0.010995079763233662,-0.0047183530405163765
frame_000324.png,frame_000325.png,0.22264909744262695,0.06240157037973404,0.2951531708240509,0.016295291483402252,0.014808963052928448,-0.012864614836871624
frame_000325.png,frame_000326.png,0.19080084562301636,0.04982644319534302,0.3031332790851593,0.0017670867964625359,0.00831934530287981,-0.0416751354932785
frame_000326.png,frame_000327.png,0.18234336376190186,0.04526346176862717,0.32777342200279236,-0.017986144870519638,0.021059628576040268,-0.03256253898143768
frame_000327.png,frame_000328.png,0.18430480360984802,0.028780288994312286,0.3049541115760803,-0.013413137756288052,0.023853857070207596,-0.02169204130768776
frame_000328.png,frame_000329.png,0.16973400115966797,0.028005331754684448,0.33716636896133423,-0.02545667067170143,0.03354960307478905,-0.029756799340248108
frame_000329.png,frame_000330.png,0.11673961579799652,0.025422587990760803,0.35864946246147156,-0.020755115896463394,0.030637133866548538,-0.04535595327615738
frame_000330.png,frame_000331.png,0.09145921468734741,0.014443658292293549,0.39303967356681824,-0.03856272250413895,0.029689155519008636,-0.04286777973175049
frame_000331.png,frame_000332.png,0.06804142892360687,0.019470591098070145,0.3994661867618561,-0.039124466478824615,0.026629608124494553,-0.0355839878320694
frame_000332.png,frame_000333.png,0.06829790771007538,0.017173100262880325,0.39774689078330994,-0.03457797318696976,0.02221369929611683,-0.02622334286570549
frame_000333.png,frame_000334.png,0.11016112565994263,0.022896036505699158,0.38087543845176697,-0.032797858119010925,0.021079573780298233,-0.017211508005857468
frame_000334.png,frame_000335.png,0.14287832379341125,0.026321329176425934,0.36871689558029175,-0.0333423987030983,0.01698540523648262,-0.011212295852601528
frame_000335.png,frame_000336.png,0.15849381685256958,0.03733520954847336,0.3565286099910736,-0.032795652747154236,0.011057617142796516,-0.020228002220392227
frame_000336.png,frame_000337.png,0.17938683927059174,0.042441226541996,0.3384071886539459,-0.010745319537818432,0.005976750515401363,-0.015175987966358662
frame_000337.png,frame_000338.png,0.18851041793823242,0.04993128776550293,0.3225769102573395,0.004125473089516163,-0.0007181139662861824,-0.013359065167605877
frame_000338.png,frame_000339.png,0.19675227999687195,0.052528418600559235,0.3101424276828766,0.017423752695322037,-0.005813573487102985,-0.013658092357218266
frame_000339.png,frame_000340.png,0.20279820263385773,0.053630538284778595,0.3044922649860382,0.021060723811388016,-0.007256523706018925,-0.018678274005651474
frame_000340.png,frame_000341.png,0.2056621015071869,0.05274581164121628,0.3038409650325775,0.02374942973256111,-0.007973927073180676,-0.022685538977384567
frame_000341.png,frame_000342.png,0.2061624675989151,0.05194126069545746,0.30313923954963684,0.024264048784971237,-0.008571763522922993,-0.027811061590909958
frame_000342.png,frame_000343.png,0.2051316797733307,0.05349046736955643,0.3055149018764496,0.023962650448083878,-0.00843494851142168,-0.03327662870287895
frame_000343.png,frame_000344.png,0.20457226037979126,0.054502010345458984,0.3080076277256012,0.01958051323890686,-0.0074810972437262535,-0.03609238937497139
frame_000344.png,frame_000345.png,0.20651879906654358,0.05281013995409012,0.31502726674079895,0.015982184559106827,-0.003541977144777775,-0.038246024399995804
frame_000345.png,frame_000346.png,0.20545905828475952,0.05188995599746704,0.31804636120796204,0.014759383164346218,0.00010965857654809952,-0.04238449037075043
frame_000346.png,frame_000347.png,0.20641300082206726,0.04708694666624069,0.3227684795856476,0.011855931021273136,0.002465355210006237,-0.04371163249015808
frame_000347.png,frame_000348.png,0.2007586658000946,0.038323111832141876,0.33750590682029724,0.012566623277962208,0.0074393125250935555,-0.041872538626194
frame_000348.png,frame_000349.png,0.1941198706626892,0.03173152357339859,0.3491518795490265,0.018111933022737503,0.010209293104708195,-0.04091504216194153
frame_000349.png,frame_000350.png,0.19100043177604675,0.02339158207178116,0.35494333505630493,0.021267976611852646,0.011461257003247738,-0.03535391762852669
frame_000350.png,frame_000351.png,0.1825750470161438,0.017612293362617493,0.36401012539863586,0.025541983544826508,0.011784623377025127,-0.027893874794244766
frame_000351.png,frame_000352.png,0.18155437707901,0.01615225523710251,0.3716111481189728,0.028550781309604645,0.01414372120052576,-0.026364997029304504
frame_000352.png,frame_000353.png,0.18795007467269897,0.01671091467142105,0.36241480708122253,0.030853640288114548,0.014203503727912903,-0.02517431601881981
frame_000353.png,frame_000354.png,0.19550222158432007,0.018383879214525223,0.357322633266449,0.027776889503002167,0.013751949183642864,-0.025506746023893356
frame_000354.png,frame_000355.png,0.19839659333229065,0.018263045698404312,0.35269734263420105,0.023789167404174805,0.01276801060885191,-0.027357574552297592
frame_000355.png,frame_000356.png,0.198428675532341,0.012586921453475952,0.35852673649787903,0.021022938191890717,0.013952578417956829,-0.027125202119350433
frame_000356.png,frame_000357.png,0.1932946741580963,0.009440295398235321,0.37120094895362854,0.018924683332443237,0.015282629989087582,-0.028122521936893463
frame_000357.png,frame_000358.png,0.18810363113880157,0.009274907410144806,0.3783535659313202,0.017836373299360275,0.015169051475822926,-0.028016824275255203
frame_000358.png,frame_000359.png,0.18525004386901855,0.010763764381408691,0.3853974938392639,0.01746666431427002,0.01496970746666193,-0.02984699234366417
frame_000359.png,frame_000360.png,0.18277022242546082,0.010449975728988647,0.38726797699928284,0.019344773143529892,0.015578350983560085,-0.03116847202181816
frame_000360.png,frame_000361.png,0.17995497584342957,0.010131023824214935,0.38946110010147095,0.019838906824588776,0.014787587337195873,-0.032781168818473816
frame_000361.png,frame_000362.png,0.1770188957452774,0.008384950459003448,0.3891482651233673,0.021979745477437973,0.01435872819274664,-0.03268476575613022
frame_000362.png,frame_000363.png,0.17337214946746826,0.007304385304450989,0.3884148895740509,0.0235203318297863,0.015537080354988575,-0.03368539735674858
frame_000363.png,frame_000364.png,0.16706043481826782,0.0030323266983032227,0.3953106999397278,0.021041154861450195,0.01756911352276802,-0.0356752835214138
frame_000364.png,frame_000365.png,0.16179680824279785,-0.0019207820296287537,0.402566522359848,0.02140919491648674,0.02049853280186653,-0.03380860015749931
frame_000365.png,frame_000366.png,0.15610451996326447,-0.006099119782447815,0.4051889479160309,0.021407365798950195,0.020674120634794235,-0.036606043577194214
frame_000366.png,frame_000367.png,0.15123072266578674,-0.008271798491477966,0.40341779589653015,0.01948028802871704,0.020302966237068176,-0.0382901169359684
frame_000367.png,frame_000368.png,0.14508290588855743,-0.00825158879160881,0.40327414870262146,0.018529389053583145,0.020650990307331085,-0.038935527205467224
frame_000368.png,frame_000369.png,0.13623744249343872,-0.006491079926490784,0.40352484583854675,0.016525335609912872,0.01977922022342682,-0.03910091891884804
frame_000369.png,frame_000370.png,0.12326105684041977,-0.008446797728538513,0.4102034866809845,0.017028607428073883,0.02121466025710106,-0.037885941565036774
frame_000370.png,frame_000371.png,0.11262710392475128,-0.010006025433540344,0.4098915755748749,0.02061432972550392,0.02034825086593628,-0.03667910397052765
frame_000371.png,frame_000372.png,0.10284769535064697,-0.011239608749747276,0.4104154407978058,0.020184490829706192,0.018798939883708954,-0.03516853228211403
frame_000372.png,frame_000373.png,0.09368377178907394,-0.014162415638566017,0.40959370136260986,0.020122744143009186,0.01842021942138672,-0.030955340713262558
frame_000373.png,frame_000374.png,0.08509735763072968,-0.01849794015288353,0.410016804933548,0.021053679287433624,0.01769125834107399,-0.026217997074127197
frame_000374.png,frame_000375.png,0.07563169300556183,-0.0218154639005661,0.4145636558532715,0.021622564643621445,0.017615560442209244,-0.01975065842270851
frame_000375.png,frame_000376.png,0.07159939408302307,-0.023183822631835938,0.4224246144294739,0.0199073888361454,0.018049314618110657,-0.017487984150648117
frame_000376.png,frame_000377.png,0.07601422071456909,-0.023824382573366165,0.42233097553253174,0.020942717790603638,0.018544796854257584,-0.01739143207669258
frame_000377.png,frame_000378.png,0.08179407566785812,-0.022869067266583443,0.4194014370441437,0.020728200674057007,0.019663110375404358,-0.018246013671159744
frame_000378.png,frame_000379.png,0.08983832597732544,-0.020130129531025887,0.4084870517253876,0.026171080768108368,0.01743694394826889,-0.01814015582203865
frame_000379.png,frame_000380.png,0.1031748354434967,-0.016811547800898552,0.3973877727985382,0.03218400105834007,0.016888078302145004,-0.01615191623568535
frame_000380.png,frame_000381.png,0.11853034794330597,-0.013234306126832962,0.37774768471717834,0.03784085065126419,0.014140910468995571,-0.01203805860131979
frame_000381.png,frame_000382.png,0.14229406416416168,-0.008254773914813995,0.35198333859443665,0.045937515795230865,0.00935340765863657,-0.006876992993056774
frame_000382.png,frame_000383.png,0.16869723796844482,-0.0027271173894405365,0.3268725275993347,0.0560220405459404,0.0031995484605431557,-0.0014095744118094444
frame_000383.png,frame_000384.png,0.18867817521095276,0.0013768896460533142,0.30606725811958313,0.06108123064041138,-0.002258940599858761,-0.0012133894488215446
frame_000384.png,frame_000385.png,0.20364613831043243,0.010689567774534225,0.2886231243610382,0.06407228112220764,-0.007474284619092941,-0.006026924587786198
frame_000385.png,frame_000386.png,0.21843597292900085,0.018602196127176285,0.2742731273174286,0.06376531720161438,-0.012660660780966282,-0.008106688968837261
frame_000386.png,frame_000387.png,0.22723782062530518,0.02683507651090622,0.2722831070423126,0.05965873599052429,-0.014615221880376339,-0.009130104444921017
frame_000387.png,frame_000388.png,0.229885071516037,0.02975606918334961,0.2760497033596039,0.05570685490965843,-0.013324438594281673,-0.008301027119159698
frame_000388.png,frame_000389.png,0.23037290573120117,0.031127959489822388,0.2901788651943207,0.051619939506053925,-0.011760692112147808,-0.004619995132088661
frame_000389.png,frame_000390.png,0.2288399338722229,0.028689175844192505,0.3022632300853729,0.04550246521830559,-0.008672243915498257,-0.0013836286962032318
frame_000390.png,frame_000391.png,0.22374850511550903,0.028635725378990173,0.3139006197452545,0.03749207779765129,-0.007972289808094501,0.00019872747361660004
frame_000391.png,frame_000392.png,0.2166983187198639,0.03161899745464325,0.3275057375431061,0.029896996915340424,-0.005343754775822163,0.0020038774237036705
frame_000392.png,frame_000393.png,0.20949983596801758,0.03346029669046402,0.3375221788883209,0.025992583483457565,-0.003346703015267849,0.004051467403769493
frame_000393.png,frame_000394.png,0.20857442915439606,0.039983876049518585,0.33444324135780334,0.02376166358590126,-0.0031249215826392174,0.007160342298448086
frame_000394.png,frame_000395.png,0.20301616191864014,0.04135453701019287,0.3370988368988037,0.017673611640930176,-0.0018954277038574219,0.008978930301964283
frame_000395.png,frame_000396.png,0.19936802983283997,0.04323284327983856,0.3352414667606354,0.01284241396933794,-0.002696753479540348,0.007614851929247379
frame_000396.png,frame_000397.png,0.19539809226989746,0.05045284330844879,0.3211033046245575,0.008814425207674503,-0.004818827845156193,0.0022276490926742554
frame_000397.png,frame_000398.png,0.19165070354938507,0.053667254745960236,0.3099221885204315,0.005374406464397907,-0.0042153289541602135,-0.0025212992914021015
frame_000398.png,frame_000399.png,0.1911625862121582,0.053756169974803925,0.2952558100223541,0.003796515055000782,-0.005679416470229626,-0.0011107493191957474
frame_000399.png,frame_000400.png,0.1900682896375656,0.0523197203874588,0.2830204367637634,0.003386770375072956,-0.007207962684333324,0.00047039613127708435
frame_000400.png,frame_000401.png,0.18750661611557007,0.05049518495798111,0.2764367163181305,-0.0010050488635897636,-0.007690289057791233,-0.0009588086977601051
frame_000401.png,frame_000402.png,0.1859322190284729,0.04624936729669571,0.27175334095954895,-0.0008247224614024162,-0.006910962052643299,-0.0002038702368736267
frame_000402.png,frame_000403.png,0.18674683570861816,0.04008469730615616,0.26881441473960876,0.0020701000466942787,-0.0038615213707089424,0.0008783508092164993
frame_000403.png,frame_000404.png,0.18636050820350647,0.031663306057453156,0.26545098423957825,0.005654246546328068,-0.0006229868158698082,0.000947847031056881
frame_000404.png,frame_000405.png,0.1808525174856186,0.029272399842739105,0.26989415287971497,0.00605024304240942,0.0012324387207627296,-0.0023457342758774757
frame_000405.png,frame_000406.png,0.17603334784507751,0.028889931738376617,0.27570125460624695,0.006042745895683765,0.0027308063581585884,-0.004070187918841839
frame_000406.png,frame_000407.png,0.17347541451454163,0.0273347869515419,0.284449964761734,0.006169621832668781,0.004118750803172588,-0.004096907563507557
frame_000407.png,frame_000408.png,0.16995295882225037,0.02534029632806778,0.29526156187057495,0.0029530012980103493,0.005948170088231564,-0.005578736774623394
frame_000408.png,frame_000409.png,0.16914299130439758,0.026250705122947693,0.30175474286079407,0.0014942819252610207,0.007087984122335911,-0.006719234399497509
frame_000409.png,frame_000410.png,0.16952911019325256,0.02918427437543869,0.3032313287258148,0.0008138949051499367,0.006681649945676327,-0.007247396744787693
frame_000410.png,frame_000411.png,0.17143672704696655,0.030065469443798065,0.2973935306072235,0.0015845606103539467,0.003931003622710705,-0.0064291199669241905
frame_000411.png,frame_000412.png,0.1742197871208191,0.03113275021314621,0.291067510843277,0.001834590919315815,0.0016146888956427574,-0.004635165445506573
frame_000412.png,frame_000413.png,0.17847874760627747,0.03286335617303848,0.27897530794143677,0.0052435388788580894,-0.001418556086719036,-0.0004664519801735878
frame_000413.png,frame_000414.png,0.18224558234214783,0.03693322837352753,0.2688932716846466,0.006646458990871906,-0.0032665682956576347,0.0011876309290528297
frame_000414.png,frame_000415.png,0.19115671515464783,0.04110238701105118,0.2561858594417572,0.00995784904807806,-0.005027237348258495,0.001053202897310257
frame_000415.png,frame_000416.png,0.19923138618469238,0.0453832671046257,0.2493797242641449,0.009418361820280552,-0.008283945731818676,0.0005792351439595222
frame_000416.png,frame_000417.png,0.20370066165924072,0.04716859012842178,0.2422046959400177,0.010800075717270374,-0.011205860413610935,0.0013698684051632881
frame_000417.png,frame_000418.png,0.20502260327339172,0.04898393899202347,0.23993179202079773,0.010794070549309254,-0.01358418632298708,0.001991500146687031
frame_000418.png,frame_000419.png,0.20912909507751465,0.05355945974588394,0.2408827841281891,0.008431718684732914,-0.015586662106215954,0.003705044277012348
frame_000419.png,frame_000420.png,0.21968835592269897,0.056493036448955536,0.23820096254348755,0.013039727695286274,-0.01707220822572708,0.011372854001820087
frame_000420.png,frame_000421.png,0.2291770577430725,0.05902596563100815,0.2315010130405426,0.019724395126104355,-0.017732985317707062,0.025059353560209274
frame_000421.png,frame_000422.png,0.23992955684661865,0.06495214253664017,0.22589638829231262,0.027574755251407623,-0.018140263855457306,0.028756357729434967
frame_000422.png,frame_000423.png,0.2466590702533722,0.07270713895559311,0.21913330256938934,0.034813083708286285,-0.02069837972521782,0.023722514510154724
frame_000423.png,frame_000424.png,0.25158199667930603,0.07503589242696762,0.21237598359584808,0.03896306827664375,-0.020550325512886047,0.017222963273525238
frame_000424.png,frame_000425.png,0.2532927989959717,0.08008130639791489,0.2145032286643982,0.03603263199329376,-0.020310934633016586,0.010158051736652851
frame_000425.png,frame_000426.png,0.25563254952430725,0.08428468555212021,0.22429856657981873,0.02890712022781372,-0.019199542701244354,0.007807192392647266
frame_000426.png,frame_000427.png,0.25457581877708435,0.08837134391069412,0.24092909693717957,0.022728193551301956,-0.017801716923713684,0.0071521932259202
frame_000427.png,frame_000428.png,0.24825847148895264,0.09276475757360458,0.25640857219696045,0.019515957683324814,-0.01454636175185442,0.005428203381597996
frame_000428.png,frame_000429.png,0.24159252643585205,0.09573178738355637,0.2666517198085785,0.01880878582596779,-0.011726628057658672,0.003953402861952782
frame_000429.png,frame_000430.png,0.23484551906585693,0.0975007638335228,0.2765422463417053,0.017625123262405396,-0.008774188347160816,0.005835614167153835
frame_000430.png,frame_000431.png,0.229074627161026,0.09644738584756851,0.2846662402153015,0.015883009880781174,-0.007211778312921524,0.008421226404607296
frame_000431.png,frame_000432.png,0.22188851237297058,0.09378428012132645,0.2911933958530426,0.012258999980986118,-0.0064856912940740585,0.011017107404768467
frame_000432.png,frame_000433.png,0.21462035179138184,0.09036161750555038,0.2945636212825775,0.009140641428530216,-0.006529537960886955,0.014205624349415302
frame_000433.png,frame_000434.png,0.2068418562412262,0.08801380544900894,0.2927207052707672,0.006945078261196613,-0.007460949942469597,0.016355127096176147
frame_000434.png,frame_000435.png,0.19750052690505981,0.0885310247540474,0.27241846919059753,0.008072876371443272,-0.007676641456782818,0.01722089946269989
frame_000435.png,frame_000436.png,0.19731193780899048,0.08843009918928146,0.2385070025920868,0.01591307669878006,-0.007126746699213982,0.018357329070568085
frame_000436.png,frame_000437.png,0.2121301293373108,0.0893985703587532,0.20910927653312683,0.027628865092992783,-0.007161141373217106,0.02037373185157776
frame_000437.png,frame_000438.png,0.2308807671070099,0.0875038132071495,0.1894814372062683,0.030641525983810425,-0.008522135205566883,0.025430556386709213
frame_000438.png,frame_000439.png,0.2526569962501526,0.08982390910387039,0.1654254049062729,0.03615744784474373,-0.004101193509995937,0.03107510879635811
frame_000439.png,frame_000440.png,0.2665841281414032,0.08953704684972763,0.14711804687976837,0.043419480323791504,-0.0015337122604250908,0.03607200086116791
frame_000440.png,frame_000441.png,0.27530014514923096,0.09157278388738632,0.13630349934101105,0.04309026896953583,-0.00025647226721048355,0.036160700023174286
frame_000441.png,frame_000442.png,0.27576562762260437,0.09113437682390213,0.13171392679214478,0.03916473686695099,0.0028501786291599274,0.03207254409790039
frame_000442.png,frame_000443.png,0.2694907784461975,0.08813240379095078,0.13225586712360382,0.0313839428126812,0.00525770615786314,0.0266767218708992
frame_000443.png,frame_000444.png,0.26198431849479675,0.08456388860940933,0.12997889518737793,0.027782142162322998,0.005830422043800354,0.020925674587488174
frame_000444.png,frame_000445.png,0.2582988440990448,0.08422902971506119,0.12798774242401123,0.02626480534672737,0.006754138506948948,0.02062196657061577
frame_000445.png,frame_000446.png,0.25972825288772583,0.08635444194078445,0.1318303942680359,0.024382300674915314,0.009490623138844967,0.028545938432216644
frame_000446.png,frame_000447.png,0.2622396945953369,0.08888376504182816,0.1352638602256775,0.01693849265575409,0.011860409751534462,0.0366370715200901
frame_000447.png,frame_000448.png,0.2656893730163574,0.09179777652025223,0.13857874274253845,0.011376389302313328,0.014171358197927475,0.04460177198052406
frame_000448.png,frame_000449.png,0.27459079027175903,0.09271741658449173,0.1421612948179245,0.0037367651239037514,0.016415532678365707,0.04952525347471237
frame_000449.png,frame_000450.png,0.27643951773643494,0.0935075655579567,0.14818817377090454,0.003617682494223118,0.016218110918998718,0.05323755741119385
frame_000450.png,frame_000451.png,0.2779916226863861,0.09228209406137466,0.1474570482969284,0.003385835327208042,0.015531154349446297,0.060753434896469116
frame_000451.png,frame_000452.png,0.2752053439617157,0.09162148088216782,0.1507483422756195,0.004553512670099735,0.015526575967669487,0.06840889155864716
frame_000452.png,frame_000453.png,0.26898035407066345,0.09659943729639053,0.15276218950748444,0.007247273810207844,0.011349373497068882,0.06962045282125473
frame_000453.png,frame_000454.png,0.2627825438976288,0.09845969825983047,0.14118392765522003,0.007837426848709583,0.006373717449605465,0.06717095524072647
frame_000454.png,frame_000455.png,0.2613620460033417,0.1029355600476265,0.1259470283985138,0.00785051379352808,0.0009235842153429985,0.05734379589557648
frame_000455.png,frame_000456.png,0.2609984278678894,0.10653813928365707,0.1109110563993454,0.006353721953928471,-0.00485596340149641,0.04740479588508606
frame_000456.png,frame_000457.png,0.2622964680194855,0.10791731625795364,0.10054101049900055,0.005126011557877064,-0.010822121985256672,0.03751460462808609
frame_000457.png,frame_000458.png,0.2635526955127716,0.10548866540193558,0.08984485268592834,0.007160802371799946,-0.014919002540409565,0.030770156532526016
frame_000458.png,frame_000459.png,0.2705434262752533,0.10520089417695999,0.08615356683731079,0.007464327849447727,-0.01476381253451109,0.03182544559240341
frame_000459.png,frame_000460.png,0.27517229318618774,0.10478068143129349,0.09094226360321045,0.006194517947733402,-0.012210776098072529,0.035433460026979446
frame_000460.png,frame_000461.png,0.27119937539100647,0.10784151405096054,0.1049194186925888,0.007956587709486485,-0.008684762753546238,0.038342297077178955
frame_000461.png,frame_000462.png,0.2613529562950134,0.10684282332658768,0.10329587757587433,0.006603819318115711,-0.014209619723260403,0.03748311474919319
frame_000462.png,frame_000463.png,0.2362942397594452,0.10537000745534897,0.09628941118717194,0.006807212717831135,-0.01284188125282526,0.031542256474494934
frame_000463.png,frame_000464.png,0.26348230242729187,0.09687697142362595,0.09577034413814545,0.019279740750789642,-0.0025299256667494774,0.04972897097468376
frame_000464.png,frame_000465.png,0.3030581772327423,0.09008320420980453,0.07999183237552643,0.03977500647306442,0.008729143999516964,0.06939533352851868
frame_000465.png,frame_000466.png,0.31996485590934753,0.08027339726686478,0.08434110879898071,0.03961118683218956,0.012267162092030048,0.087813600897789
frame_000466.png,frame_000467.png,0.2831295430660248,0.05910710245370865,0.10676738619804382,0.004862227477133274,0.018328674137592316,0.09851846098899841
frame_000467.png,frame_000468.png,0.28440549969673157,0.05697379261255264,0.11853887140750885,-0.01232061441987753,0.023131821304559708,0.08517959713935852
frame_000468.png,frame_000469.png,0.2563204765319824,0.06246071308851242,0.1533917933702469,-0.021151583641767502,0.018084406852722168,0.07056750357151031
frame_000469.png,frame_000470.png,0.22875264286994934,0.06308423727750778,0.1977248340845108,-0.023323453962802887,0.01881352625787258,0.051115602254867554
frame_000470.png,frame_000471.png,0.21307432651519775,0.05457744002342224,0.22227473556995392,-0.023216772824525833,0.019217349588871002,0.047124795615673065
frame_000471.png,frame_000472.png,0.19697602093219757,0.04535992443561554,0.2344054877758026,-0.02694357931613922,0.01829124242067337,0.03562069311738014
frame_000472.png,frame_000473.png,0.18771514296531677,0.04069862514734268,0.23751938343048096,-0.03770741447806358,0.020371273159980774,0.025535687804222107
frame_000473.png,frame_000474.png,0.18086928129196167,0.04182184487581253,0.24736836552619934,-0.047017838805913925,0.022295795381069183,0.026841670274734497
frame_000474.png,frame_000475.png,0.21157264709472656,0.04181399196386337,0.2060823142528534,-0.016650870442390442,0.013018944300711155,0.03879604861140251
frame_000475.png,frame_000476.png,0.23752880096435547,0.04661481827497482,0.18090978264808655,-0.01822900027036667,0.008413178846240044,0.055550917983055115
frame_000476.png,frame_000477.png,0.2556076943874359,0.06585068255662918,0.15950274467468262,-0.0033922186121344566,0.00015993043780326843,0.0704578310251236
frame_000477.png,frame_000478.png,0.25921180844306946,0.09058836847543716,0.1573570966720581,-0.0040792180225253105,-0.007532981224358082,0.03269379213452339
frame_000478.png,frame_000479.png,0.24918484687805176,0.10648467391729355,0.16667261719703674,-0.016386907547712326,-0.0210639089345932,0.004489167593419552
frame_000479.png,frame_000480.png,0.2574276924133301,0.1304970383644104,0.1750665009021759,-0.0033507412299513817,-0.02245265617966652,0.0001261802390217781
frame_000480.png,frame_000481.png,0.318251371383667,0.15794792771339417,0.1474565714597702,0.0290544293820858,-0.01254634652286768,0.041804034262895584
frame_000481.png,frame_000482.png,0.39133089780807495,0.14947721362113953,0.0896732360124588,0.08859734237194061,0.0035753389820456505,0.1033102422952652
frame_000482.png,frame_000483.png,0.41034188866615295,0.12902653217315674,0.06758631765842438,0.08330072462558746,0.0102672865614295,0.1155017614364624
frame_000483.png,frame_000484.png,0.39730218052864075,0.11837438493967056,0.09724730253219604,0.07240314781665802,0.01363553386181593,0.12396176159381866
frame_000484.png,frame_000485.png,0.37706226110458374,0.11007197946310043,0.14960741996765137,0.06581485271453857,0.016146793961524963,0.12509596347808838
frame_000485.png,frame_000486.png,0.372618705034256,0.09377852827310562,0.17553508281707764,0.05853603035211563,0.01665239781141281,0.12834301590919495
frame_000486.png,frame_000487.png,0.3766710162162781,0.08314710110425949,0.17949385941028595,0.05450928583741188,0.01016938965767622,0.12501610815525055
frame_000487.png,frame_000488.png,0.3823579251766205,0.07651644945144653,0.17195798456668854,0.051805850118398666,0.005887883715331554,0.11739146709442139
frame_000488.png,frame_000489.png,0.38583090901374817,0.0737818107008934,0.15657258033752441,0.05231363698840141,0.003758779726922512,0.106671541929245
frame_000489.png,frame_000490.png,0.38298845291137695,0.07358869165182114,0.13786128163337708,0.047814950346946716,0.003999299369752407,0.08826567232608795
frame_000490.png,frame_000491.png,0.38508105278015137,0.07367096096277237,0.12762592732906342,0.04858618602156639,0.009304321371018887,0.06967008113861084
frame_000491.png,frame_000492.png,0.39228346943855286,0.08013811707496643,0.09446954727172852,0.047629352658987045,0.012121857143938541,0.06427109986543655
frame_000492.png,frame_000493.png,0.39672979712486267,0.07383379340171814,0.04876745864748955,0.04702126607298851,0.008773050270974636,0.08746208250522614
frame_000493.png,frame_000494.png,0.4136906862258911,0.09270834177732468,0.03418726101517677,0.05214601010084152,0.005515114404261112,0.0932265967130661
frame_000494.png,frame_000495.png,0.41171565651893616,0.10959381610155106,0.011788886040449142,0.054867904633283615,-0.000333237461745739,0.08188576996326447
frame_000495.png,frame_000496.png,0.38029494881629944,0.11192881315946579,0.05645505711436272,0.03741073235869408,-0.0011218497529625893,0.07790791988372803
frame_000496.png,frame_000497.png,0.360083669424057,0.10761722177267075,0.09437279403209686,0.01589835062623024,-0.0006796978414058685,0.07938787341117859
frame_000497.png,frame_000498.png,0.33592933416366577,0.11384976655244827,0.15341946482658386,-0.0009557073935866356,-0.0016307560727000237,0.06277552247047424
frame_000498.png,frame_000499.png,0.28619593381881714,0.09388222545385361,0.20297087728977203,-0.004866923205554485,-0.0002764752134680748,0.050984445959329605
frame_000499.png,frame_000500.png,0.25452643632888794,0.060380809009075165,0.21160444617271423,0.038283463567495346,0.002487839199602604,0.04158845916390419
frame_000500.png,frame_000501.png,0.23262277245521545,0.04415331780910492,0.18740808963775635,0.04636611416935921,0.002674742601811886,0.024095073342323303
frame_000501.png,frame_000502.png,0.21238818764686584,0.05194086581468582,0.18106389045715332,0.037764258682727814,-0.009362596087157726,-0.016152136027812958
frame_000502.png,frame_000503.png,0.20335763692855835,0.046948015689849854,0.15511852502822876,0.028313547372817993,-0.009830121882259846,0.027836546301841736
frame_000503.png,frame_000504.png,0.2008267343044281,0.04052767902612686,0.16684336960315704,0.03454236686229706,-0.00422102864831686,0.04856704920530319
frame_000504.png,frame_000505.png,0.1926409751176834,0.039073579013347626,0.19643372297286987,0.017910927534103394,0.004224195145070553,0.049183133989572525
frame_000505.png,frame_000506.png,0.19022081792354584,0.02700222283601761,0.2201889157295227,-0.006351287476718426,0.016565345227718353,0.030271358788013458
frame_000506.png,frame_000507.png,0.18898877501487732,0.024653300642967224,0.2424919307231903,-0.019321125000715256,0.022464973852038383,0.010318011976778507
frame_000507.png,frame_000508.png,0.18511125445365906,0.0165385939180851,0.2532288134098053,-0.023898903280496597,0.0200949776917696,0.0032151909545063972
frame_000508.png,frame_000509.png,0.17262588441371918,0.011645253747701645,0.27811169624328613,-0.036649178713560104,0.023620527237653732,-0.0105821518227458
frame_000509.png,frame_000510.png,0.15780167281627655,0.009469106793403625,0.29771122336387634,-0.04806562513113022,0.027292847633361816,-0.019082020968198776
frame_000510.png,frame_000511.png,0.15161050856113434,0.015594206750392914,0.29538342356681824,-0.0560406818985939,0.0289497971534729,-0.01786615699529648
frame_000511.png,frame_000512.png,0.1506260335445404,0.022776395082473755,0.295100599527359,-0.05883956700563431,0.02762002870440483,-0.011704816482961178
frame_000512.png,frame_000513.png,0.15066014230251312,0.022608265280723572,0.31640487909317017,-0.055183716118335724,0.021984213963150978,-0.006665888242423534
frame_000513.png,frame_000514.png,0.1563396006822586,0.013575412333011627,0.32297056913375854,-0.039289217442274094,0.017595279961824417,-0.005185308866202831
frame_000514.png,frame_000515.png,0.1570325493812561,0.01992100104689598,0.28530728816986084,-0.015256752260029316,0.012747230008244514,-0.0023802323266863823
frame_000515.png,frame_000516.png,0.16906148195266724,0.032752625644207,0.24168875813484192,-0.006576451472938061,0.006156950257718563,0.006143701262772083
frame_000516.png,frame_000517.png,0.19375896453857422,0.0479411706328392,0.22577334940433502,-0.001003696583211422,-0.0006812261417508125,-0.0037168143317103386
frame_000517.png,frame_000518.png,0.21127201616764069,0.06438819319009781,0.21931135654449463,0.016011260449886322,-0.00685987900942564,-0.013064672239124775
frame_000518.png,frame_000519.png,0.21800008416175842,0.07515393942594528,0.2336040437221527,0.014703621156513691,-0.010049893520772457,-0.022677533328533173
frame_000519.png,frame_000520.png,0.22876137495040894,0.08140558749437332,0.2625826895236969,0.012467310763895512,-0.007742694579064846,-0.028405554592609406
frame_000520.png,frame_000521.png,0.2375839650630951,0.08292750269174576,0.30649641156196594,0.013396763242781162,-0.006080557592213154,-0.017236951738595963
frame_000521.png,frame_000522.png,0.2396775782108307,0.07757379859685898,0.3515322506427765,0.009531422518193722,0.00042487960308790207,-0.0005639409646391869
frame_000522.png,frame_000523.png,0.24197453260421753,0.07557065039873123,0.37798330187797546,0.007861039601266384,0.0023559806868433952,0.013136659748852253
frame_000523.png,frame_000524.png,0.24490168690681458,0.07441135495901108,0.3902207314968109,0.008057217113673687,0.0013706991448998451,0.021350543946027756
frame_000524.png,frame_000525.png,0.24748551845550537,0.07336758822202682,0.39521875977516174,0.013618827797472477,0.0006051333621144295,0.025003761053085327
frame_000525.png,frame_000526.png,0.24832773208618164,0.06949334591627121,0.3947887718677521,0.01871122047305107,-0.0003168666735291481,0.026153914630413055
frame_000526.png,frame_000527.png,0.24539700150489807,0.06291978806257248,0.390165239572525,0.024702075868844986,-0.0012122681364417076,0.03107323870062828
frame_000527.png,frame_000528.png,0.23190191388130188,0.06044023483991623,0.3882438838481903,0.021556168794631958,-0.0015264945104718208,0.03595087677240372
frame_000528.png,frame_000529.png,0.21017904579639435,0.052032239735126495,0.37846639752388,0.028062783181667328,0.0013644499704241753,0.029749270528554916
frame_000529.png,frame_000530.png,0.19349780678749084,0.03709670156240463,0.3547199070453644,0.034157998859882355,0.004949298687279224,0.011356978677213192
frame_000530.png,frame_000531.png,0.16798672080039978,0.03066623955965042,0.3460372984409332,0.03191964328289032,0.0021666651591658592,-0.031522076576948166
frame_000531.png,frame_000532.png,0.15015994012355804,0.022318027913570404,0.3383648693561554,0.034364938735961914,0.00667180959135294,-0.006238128058612347
frame_000532.png,frame_000533.png,0.1594984233379364,0.002035491168498993,0.3125830590724945,0.025369327515363693,0.010490774177014828,0.02080923691391945
frame_000533.png,frame_000534.png,0.15682704746723175,0.008229032158851624,0.3255314528942108,0.038926854729652405,0.01575908064842224,0.009634369052946568
frame_000534.png,frame_000535.png,0.1683533787727356,0.02089127153158188,0.34483060240745544,0.015747088938951492,0.019773878157138824,-0.03462541103363037
frame_000535.png,frame_000536.png,0.15675154328346252,0.019322413951158524,0.3500109314918518,-0.007553183473646641,0.02647561952471733,-0.026823218911886215
frame_000536.png,frame_000537.png,0.15684521198272705,0.020586639642715454,0.33040526509284973,0.0036887014284729958,0.030276864767074585,-0.032702282071113586
frame_000537.png,frame_000538.png,0.16638562083244324,0.01268518716096878,0.3250412046909332,0.0021001389250159264,0.03066243603825569,-0.04197883605957031
frame_000538.png,frame_000539.png,0.17031440138816833,0.00957898423075676,0.3207852244377136,-0.00982541125267744,0.026389818638563156,-0.04505316913127899
frame_000539.png,frame_000540.png,0.17294752597808838,0.012085549533367157,0.31901994347572327,-0.011356313712894917,0.024823706597089767,-0.04167001321911812
frame_000540.png,frame_000541.png,0.17664813995361328,0.013275306671857834,0.31420615315437317,-0.012199516408145428,0.02399388700723648,-0.03535652160644531
frame_000541.png,frame_000542.png,0.17499502003192902,0.00742490217089653,0.3193117082118988,-0.029122095555067062,0.023627981543540955,-0.05155225098133087
frame_000542.png,frame_000543.png,0.16160893440246582,0.00936717540025711,0.3372391164302826,-0.025643162429332733,0.02228653058409691,-0.04347457364201546
frame_000543.png,frame_000544.png,0.16956374049186707,0.004300270229578018,0.3334454298019409,-0.04174346476793289,0.01801488921046257,-0.025352798402309418
frame_000544.png,frame_000545.png,0.1838107407093048,0.008029308170080185,0.34225061535835266,-0.04365060478448868,0.02231595665216446,-0.027875088155269623
frame_000545.png,frame_000546.png,0.19799119234085083,0.010849971324205399,0.32968324422836304,-0.01854526996612549,0.011747561395168304,-0.00498874019831419
frame_000546.png,frame_000547.png,0.19731584191322327,0.01898317039012909,0.33208438754081726,-0.01940920576453209,0.009703340008854866,-0.023988861590623856
frame_000547.png,frame_000548.png,0.19415226578712463,0.029880613088607788,0.3153177797794342,-0.007759270258247852,0.004943006671965122,-0.036086976528167725
frame_000548.png,frame_000549.png,0.1955108344554901,0.03979990631341934,0.2901592254638672,0.01018956582993269,-0.006406807340681553,-0.040335170924663544
frame_000549.png,frame_000550.png,0.19703224301338196,0.05263551324605942,0.28039202094078064,0.009357367642223835,-0.011530973948538303,-0.029605817049741745
frame_000550.png,frame_000551.png,0.20580315589904785,0.05062007158994675,0.26949819922447205,0.011944283731281757,-0.012382020242512226,-0.011477637104690075
frame_000551.png,frame_000552.png,0.2159808874130249,0.0514034777879715,0.2536439597606659,0.01823171228170395,-0.01532400120049715,-0.0034137507900595665
frame_000552.png,frame_000553.png,0.2217096984386444,0.055399201810359955,0.23286065459251404,0.02720668539404869,-0.017027944326400757,-0.003195575438439846
frame_000553.png,frame_000554.png,0.21746981143951416,0.055053241550922394,0.2078096866607666,0.03561016544699669,-0.01669221743941307,-0.002569965086877346
frame_000554.png,frame_000555.png,0.21249747276306152,0.058195121586322784,0.19899490475654602,0.04325234144926071,-0.0155216408893466,0.0005448115989565849
frame_000555.png,frame_000556.png,0.22001254558563232,0.05884181708097458,0.2024528831243515,0.04509219899773598,-0.013186496682465076,0.0017378823831677437
frame_000556.png,frame_000557.png,0.23584991693496704,0.06740465015172958,0.22455444931983948,0.044623471796512604,-0.002292112447321415,-0.003107881173491478
frame_000557.png,frame_000558.png,0.23821648955345154,0.07109420746564865,0.2519010305404663,0.03327544778585434,0.0005937526002526283,0.010882456786930561
frame_000558.png,frame_000559.png,0.2355363965034485,0.09241434186697006,0.22522786259651184,0.05383295193314552,-0.0013824505731463432,0.007844625972211361
frame_000559.png,frame_000560.png,0.27180907130241394,0.08766866475343704,0.21296799182891846,0.07177026569843292,0.0058044856414198875,0.02012532949447632
frame_000560.png,frame_000561.png,0.2756185829639435,0.0932411327958107,0.21288354694843292,0.059859663248062134,0.004297303967177868,0.041521575301885605
frame_000561.png,frame_000562.png,0.2943045198917389,0.08360884338617325,0.20924995839595795,0.028773121535778046,-0.0018680477514863014,0.052622899413108826
frame_000562.png,frame_000563.png,0.31495538353919983,0.08144979923963547,0.2679893672466278,0.024174079298973083,0.0016533834859728813,0.08517006039619446
frame_000563.png,frame_000564.png,0.3131680488586426,0.08611532300710678,0.2977965176105499,-0.013414640910923481,0.001117209903895855,0.09513735771179199
frame_000564.png,frame_000565.png,0.2951943874359131,0.08308606594800949,0.2921338379383087,0.008428760804235935,-0.0055007049813866615,0.1062716394662857
frame_000565.png,frame_000566.png,0.26204678416252136,0.08904755860567093,0.3319309651851654,-0.021771814674139023,-0.000988413579761982,0.09656663984060287
frame_000566.png,frame_000567.png,0.26674559712409973,0.08359432965517044,0.32454419136047363,-0.010211366228759289,0.0001779487356543541,0.1009906530380249
frame_000567.png,frame_000568.png,0.27399227023124695,0.07082249224185944,0.30659744143486023,-0.004449524916708469,-0.0003483453765511513,0.10384805500507355
frame_000568.png,frame_000569.png,0.26241829991340637,0.07515119761228561,0.31085261702537537,-0.015216238796710968,-0.003961079753935337,0.0901680663228035
frame_000569.png,frame_000570.png,0.26464012265205383,0.08152221143245697,0.2864803969860077,-0.015451624058187008,-0.005852696485817432,0.09446725249290466
frame_000570.png,frame_000571.png,0.26342302560806274,0.08506906777620316,0.2565264403820038,0.0009552175179123878,-0.007585878483951092,0.10911671817302704
frame_000571.png,frame_000572.png,0.2507080137729645,0.08413004130125046,0.2572749853134155,-0.014306248165667057,-0.006462990306317806,0.09144053608179092
frame_000572.png,frame_000573.png,0.24939987063407898,0.08934018760919571,0.2204086184501648,-0.007521952502429485,-0.014222471974790096,0.07748880237340927
frame_000573.png,frame_000574.png,0.2739050090312958,0.10129348188638687,0.21836043894290924,-0.016178913414478302,-0.00810935441404581,0.0818033516407013
frame_000574.png,frame_000575.png,0.29868021607398987,0.0958220437169075,0.19756440818309784,0.007182062603533268,-0.0034772688522934914,0.10477279126644135
frame_000575.png,frame_000576.png,0.3287181556224823,0.07709759473800659,0.16737882792949677,0.017592523247003555,0.004889189265668392,0.1311493217945099
frame_000576.png,frame_000577.png,0.29314476251602173,0.07186168432235718,0.18793316185474396,-0.0275505930185318,-0.0027248086407780647,0.1020096093416214
frame_000577.png,frame_000578.png,0.27998173236846924,0.06522466987371445,0.18928022682666779,-0.024695049971342087,-0.0035914937034249306,0.07255023717880249
frame_000578.png,frame_000579.png,0.2820828855037689,0.05163780599832535,0.17736288905143738,-0.013166184537112713,-0.009902854450047016,0.07485032081604004
frame_000579.png,frame_000580.png,0.28394055366516113,0.040562547743320465,0.15496614575386047,-0.0011979592964053154,-0.00893793348222971,0.06668354570865631
frame_000580.png,frame_000581.png,0.2750322222709656,0.03326898068189621,0.14886510372161865,0.011603311635553837,-0.0028499383479356766,0.04881148785352707
frame_000581.png,frame_000582.png,0.2629060447216034,0.028125308454036713,0.1462872326374054,0.013783642090857029,0.002450164407491684,0.03583554923534393
frame_000582.png,frame_000583.png,0.26088225841522217,0.026045285165309906,0.13795682787895203,0.015712253749370575,0.006110691465437412,0.028621770441532135
frame_000583.png,frame_000584.png,0.2570854425430298,0.026090525090694427,0.1373940408229828,0.01244641188532114,0.002897900529205799,0.022510334849357605
frame_000584.png,frame_000585.png,0.24377039074897766,0.025985732674598694,0.15297380089759827,0.007371936924755573,-0.004650997929275036,0.011453225277364254
frame_000585.png,frame_000586.png,0.22713956236839294,0.04001816362142563,0.18612587451934814,-0.009090750478208065,-0.0011893687769770622,-0.006971796043217182
frame_000586.png,frame_000587.png,0.2208811342716217,0.0465199276804924,0.20680618286132812,-0.02621590346097946,0.0030823824927210808,0.004241569899022579
frame_000587.png,frame_000588.png,0.23114851117134094,0.05731285363435745,0.21238628029823303,-0.010803270153701305,0.0065742237493395805,0.00447168480604887
frame_000588.png,frame_000589.png,0.23403921723365784,0.04435566067695618,0.20186996459960938,-0.027956951409578323,0.013110687024891376,0.04565894231200218
frame_000589.png,frame_000590.png,0.20933303236961365,0.038650043308734894,0.22309505939483643,-0.007667354308068752,0.015268362127244473,0.07850611209869385
frame_000590.png,frame_000591.png,0.19211345911026,0.04983840137720108,0.24741899967193604,-0.012361970730125904,0.0305965356528759,0.055812761187553406
frame_000591.png,frame_000592.png,0.2073756754398346,0.036604151129722595,0.2635069489479065,-0.030941110104322433,0.03488723561167717,0.0717678815126419
frame_000592.png,frame_000593.png,0.22799310088157654,0.02338080108165741,0.2244437336921692,-0.009060083888471127,0.029140658676624298,0.06141836196184158
frame_000593.png,frame_000594.png,0.22312837839126587,0.014330361038446426,0.1960822343826294,0.0025612646713852882,0.019425293430685997,0.04312054440379143
frame_000594.png,frame_000595.png,0.23021799325942993,0.012382172048091888,0.1686536967754364,0.01836281642317772,0.014723300002515316,0.02915182337164879
frame_000595.png,frame_000596.png,0.23419305682182312,0.010134771466255188,0.1588553935289383,0.021920502185821533,0.011847333051264286,0.018923312425613403
frame_000596.png,frame_000597.png,0.22167205810546875,0.005857866257429123,0.19795368611812592,0.008164306171238422,0.01624407432973385,-0.0031757866963744164
frame_000597.png,frame_000598.png,0.15054190158843994,0.005212433636188507,0.2637038826942444,0.026044055819511414,0.02707061916589737,-0.011562410742044449
frame_000598.png,frame_000599.png,0.14760592579841614,0.0027106888592243195,0.27828654646873474,0.015949074178934097,0.019768401980400085,-0.01943572238087654
frame_000599.png,frame_000600.png,0.10237865895032883,-0.0031020306050777435,0.33218178153038025,-0.004790216684341431,0.021503254771232605,-0.004420130513608456
frame_000600.png,frame_000601.png,0.10900142788887024,-0.004272438585758209,0.32282572984695435,-0.0029096249490976334,0.01731640100479126,-0.000650002621114254
frame_000601.png,frame_000602.png,0.1474483609199524,0.01570487767457962,0.3391118347644806,-0.012532378546893597,0.020758574828505516,-0.00930377934128046
frame_000602.png,frame_000603.png,0.16475185751914978,0.017596181482076645,0.33963698148727417,-0.04853854328393936,0.02515055239200592,-0.032500118017196655
frame_000603.png,frame_000604.png,0.19409334659576416,0.023702912032604218,0.3302685618400574,-0.01604330912232399,0.02052711509168148,-0.008349171839654446
frame_000604.png,frame_000605.png,0.20015501976013184,0.057931698858737946,0.30204710364341736,0.017638318240642548,-0.0043388670310378075,-0.02225096896290779
frame_000605.png,frame_000606.png,0.18287184834480286,0.06353163719177246,0.27451178431510925,0.03583524748682976,-0.013986154459416866,-0.031403008848428726
frame_000606.png,frame_000607.png,0.17276495695114136,0.07411982864141464,0.298662394285202,0.02531283348798752,-0.00885124783962965,-0.03288701921701431
frame_000607.png,frame_000608.png,0.16128645837306976,0.06464630365371704,0.33183515071868896,0.0326247364282608,-0.0066240811720490456,-0.02573542296886444
frame_000608.png,frame_000609.png,0.14868541061878204,0.053852103650569916,0.35309717059135437,0.035369597375392914,-0.0007568737491965294,-0.030530788004398346
frame_000609.png,frame_000610.png,0.1370389312505722,0.04283563792705536,0.3804149925708771,0.0361492857336998,0.004059239290654659,-0.03399331122636795
frame_000610.png,frame_000611.png,0.12693451344966888,0.03342679142951965,0.3965907394886017,0.037455715239048004,0.009518769569694996,-0.03453291952610016
frame_000611.png,frame_000612.png,0.12145067006349564,0.029526934027671814,0.4017130434513092,0.03841259330511093,0.013103176839649677,-0.040662482380867004
frame_000612.png,frame_000613.png,0.11892351508140564,0.03175409138202667,0.3989243805408478,0.04231952130794525,0.011849279515445232,-0.044837482273578644
frame_000613.png,frame_000614.png,0.129695326089859,0.02934027463197708,0.4117024838924408,0.050194595009088516,0.015384490601718426,-0.04771694913506508
frame_000614.png,frame_000615.png,0.1267218291759491,0.030031800270080566,0.4141474962234497,0.044860005378723145,0.012313270010054111,-0.038456495851278305
frame_000615.png,frame_000616.png,0.12473048269748688,0.03156387060880661,0.3915710151195526,0.048475831747055054,0.0019022738561034203,-0.019680488854646683
frame_000616.png,frame_000617.png,0.14052969217300415,0.05381394177675247,0.34034356474876404,0.054677288979291916,-0.011246071197092533,-0.012492007575929165
frame_000617.png,frame_000618.png,0.16043925285339355,0.07080638408660889,0.29452410340309143,0.0506763681769371,-0.0175611674785614,-0.021051302552223206
frame_000618.png,frame_000619.png,0.17572587728500366,0.08226274698972702,0.2861603796482086,0.04606064781546593,-0.011907373555004597,-0.04111369699239731
frame_000619.png,frame_000620.png,0.17949125170707703,0.08460576087236404,0.2857867181301117,0.04266750440001488,-0.005618940107524395,-0.04591909050941467
frame_000620.png,frame_000621.png,0.1801283061504364,0.07644715160131454,0.2787828743457794,0.03643106669187546,0.003139522857964039,-0.04980902373790741
frame_000621.png,frame_000622.png,0.18018478155136108,0.06710140407085419,0.2795098125934601,0.0328957736492157,0.011060317046940327,-0.04606415703892708
frame_000622.png,frame_000623.png,0.17649176716804504,0.05626586824655533,0.28408923745155334,0.02508380264043808,0.015272201038897038,-0.0455256849527359
frame_000623.png,frame_000624.png,0.17368590831756592,0.05160985141992569,0.28378918766975403,0.024150773882865906,0.015091384761035442,-0.04488725960254669
frame_000624.png,frame_000625.png,0.17420819401741028,0.05512561649084091,0.2779875099658966,0.02698681876063347,0.010587385855615139,-0.04412398487329483
frame_000625.png,frame_000626.png,0.1789117306470871,0.062245287001132965,0.27224376797676086,0.03268485516309738,0.001609579659998417,-0.04852108284831047
frame_000626.png,frame_000627.png,0.18233351409435272,0.06542058289051056,0.26843997836112976,0.04274311661720276,-0.006928146816790104,-0.05297064036130905
frame_000627.png,frame_000628.png,0.174269899725914,0.07192554324865341,0.2712545692920685,0.050869639962911606,-0.01468371320515871,-0.04953381046652794
frame_000628.png,frame_000629.png,0.1536712348461151,0.08405949920415878,0.29801031947135925,0.03797171264886856,-0.012743986211717129,-0.054845962673425674
frame_000629.png,frame_000630.png,0.14096352458000183,0.0862601175904274,0.3339618444442749,0.04817604273557663,-0.010093183256685734,-0.03640688210725784
frame_000630.png,frame_000631.png,0.14095184206962585,0.08369524031877518,0.35109347105026245,0.03324596583843231,-0.006551233120262623,-0.022586219012737274
frame_000631.png,frame_000632.png,0.12746819853782654,0.07697407901287079,0.34981828927993774,0.024415213614702225,-0.00850739050656557,-0.006431269459426403
frame_000632.png,frame_000633.png,0.14528906345367432,0.07507658004760742,0.34774160385131836,0.02539445459842682,-0.002158648334443569,0.007561017759144306
frame_000633.png,frame_000634.png,0.14009059965610504,0.07657169550657272,0.32774314284324646,0.009801273234188557,-0.0011730147525668144,0.0034947963431477547
frame_000634.png,frame_000635.png,0.16716930270195007,0.08145061880350113,0.32366225123405457,-0.016158971935510635,0.006373542360961437,0.022995442152023315
frame_000635.png,frame_000636.png,0.1947152018547058,0.08765719085931778,0.3363649547100067,-0.0277000293135643,0.018905509263277054,0.03781690448522568
frame_000636.png,frame_000637.png,0.19373372197151184,0.09045373648405075,0.3621728718280792,-0.04228587448596954,0.02970314398407936,0.035548217594623566
frame_000637.png,frame_000638.png,0.19328898191452026,0.09047993272542953,0.38251379132270813,-0.03604765236377716,0.03588029369711876,0.01831318438053131
frame_000638.png,frame_000639.png,0.19866561889648438,0.08663315325975418,0.3864811360836029,-0.029924426227808,0.03961563482880592,0.009681676514446735
frame_000639.png,frame_000640.png,0.20239242911338806,0.08478125184774399,0.38623663783073425,-0.026993446052074432,0.04089031368494034,-0.0032359352335333824
frame_000640.png,frame_000641.png,0.19870366156101227,0.08277679234743118,0.37464937567710876,-0.030822549015283585,0.0422162264585495,-0.005905545316636562
frame_000641.png,frame_000642.png,0.19732148945331573,0.08291732519865036,0.3625277578830719,-0.03328998386859894,0.03972531855106354,0.01407857146114111
frame_000642.png,frame_000643.png,0.18166527152061462,0.07127338647842407,0.32142776250839233,-0.009022199548780918,0.021725621074438095,0.005377170629799366
frame_000643.png,frame_000644.png,0.16123518347740173,0.04689183086156845,0.3377583920955658,0.0351078137755394,0.019937284290790558,0.015236728824675083
frame_000644.png,frame_000645.png,0.13324476778507233,0.04940440505743027,0.3090454638004303,0.05010891333222389,0.013934814371168613,0.016318131238222122
frame_000645.png,frame_000646.png,0.1672583818435669,0.07179781794548035,0.28763023018836975,0.0791381448507309,0.005896891467273235,-0.012136050499975681
frame_000646.png,frame_000647.png,0.17908436059951782,0.0715581551194191,0.271762877702713,0.06307603418827057,0.00030581001192331314,-0.03873974829912186
frame_000647.png,frame_000648.png,0.2086254507303238,0.0703282430768013,0.2677072286605835,0.05996111035346985,0.0016696155071258545,-0.040556710213422775
frame_000648.png,frame_000649.png,0.18991100788116455,0.05842804163694382,0.27770230174064636,0.038257353007793427,0.012441913597285748,-0.014046243391931057
frame_000649.png,frame_000650.png,0.19394159317016602,0.0415416955947876,0.31394049525260925,0.006357475183904171,0.017351984977722168,-0.027578312903642654
frame_000650.png,frame_000651.png,0.1921340823173523,0.030949071049690247,0.3344556987285614,-0.006570340134203434,0.024655461311340332,-0.026409678161144257
frame_000651.png,frame_000652.png,0.19152683019638062,0.025997288525104523,0.3193633258342743,0.01670273393392563,0.022766806185245514,-0.028027508407831192
frame_000652.png,frame_000653.png,0.19023779034614563,0.009487241506576538,0.3282654583454132,-0.001535104587674141,0.021366048604249954,-0.02317805215716362
frame_000653.png,frame_000654.png,0.20680925250053406,0.008412368595600128,0.32668253779411316,0.0012511024251580238,0.013134906999766827,-0.015713144093751907
frame_000654.png,frame_000655.png,0.22361108660697937,0.006621398031711578,0.3141695559024811,0.007211367599666119,0.005051015876233578,0.0005319463089108467
frame_000655.png,frame_000656.png,0.23174786567687988,0.011702761054039001,0.3205632269382477,-0.0010332735255360603,0.008560880087316036,0.003868275322020054
frame_000656.png,frame_000657.png,0.22567152976989746,0.010153569281101227,0.31995388865470886,-0.0029044263064861298,0.009032155387103558,0.013441664166748524
frame_000657.png,frame_000658.png,0.22887194156646729,0.0039058327674865723,0.314135879278183,-0.00028302334249019623,0.010602680034935474,0.0166921429336071
frame_000658.png,frame_000659.png,0.229178786277771,0.002317570149898529,0.3105299770832062,-0.005163172259926796,0.011677456088364124,0.01461936254054308
frame_000659.png,frame_000660.png,0.2202972173690796,-0.0029906630516052246,0.31209972500801086,-0.010292020626366138,0.013305976055562496,0.007754859514534473
frame_000660.png,frame_000661.png,0.21262921392917633,-0.007179833948612213,0.3184962570667267,-0.016010545194149017,0.015081423334777355,0.0028762826696038246
frame_000661.png,frame_000662.png,0.21282750368118286,-0.00513245165348053,0.3163508474826813,-0.01469139289110899,0.010547454468905926,0.011324242688715458
frame_000662.png,frame_000663.png,0.21560439467430115,-0.003805600106716156,0.3104289472103119,-0.017921803519129753,0.01261842343956232,0.018856193870306015
frame_000663.png,frame_000664.png,0.22576454281806946,-0.002881370484828949,0.29610565304756165,-0.0010587070137262344,0.01071986835449934,0.019920237362384796
frame_000664.png,frame_000665.png,0.22560986876487732,0.00571335107088089,0.2872501015663147,0.01173332054167986,0.014677210710942745,0.017389830201864243
frame_000665.png,frame_000666.png,0.1889786422252655,0.00909804180264473,0.33493781089782715,-0.03177548944950104,0.029663480818271637,-0.024518035352230072
frame_000666.png,frame_000667.png,0.17150554060935974,0.0039102137088775635,0.3324657678604126,-0.028984881937503815,0.03151215985417366,-0.02615099400281906
frame_000667.png,frame_000668.png,0.19530722498893738,0.01225336641073227,0.3514690399169922,-4.642363637685776e-05,0.03620419651269913,-0.03094443678855896
frame_000668.png,frame_000669.png,0.207822784781456,-0.0002510249614715576,0.3751319944858551,0.03552253916859627,0.037397418171167374,-0.01835024729371071
frame_000669.png,frame_000670.png,0.19428619742393494,-0.005712717771530151,0.37507763504981995,0.05940990149974823,0.030274897813796997,-0.009220966137945652
frame_000670.png,frame_000671.png,0.1824963390827179,-0.005558762699365616,0.3729436695575714,0.07704286277294159,0.026981960982084274,-0.027551673352718353
frame_000671.png,frame_000672.png,0.16581109166145325,-0.0027204491198062897,0.37436679005622864,0.07752916216850281,0.028066810220479965,-0.05122995376586914
frame_000672.png,frame_000673.png,0.15912149846553802,-0.0034050196409225464,0.36719781160354614,0.08147211372852325,0.026698939502239227,-0.05598704516887665
frame_000673.png,frame_000674.png,0.15709620714187622,-0.004997123032808304,0.36317622661590576,0.0832442045211792,0.0272158645093441,-0.05690663307905197
frame_000674.png,frame_000675.png,0.15498490631580353,-0.004104875028133392,0.35887613892555237,0.08383265137672424,0.02784135565161705,-0.056362416595220566
frame_000675.png,frame_000676.png,0.15770205855369568,-0.005392670631408691,0.3507675230503082,0.08796380460262299,0.026515129953622818,-0.054261934012174606
frame_000676.png,frame_000677.png,0.16203051805496216,-0.00832531601190567,0.34754225611686707,0.08405603468418121,0.026925668120384216,-0.04781569913029671
frame_000677.png,frame_000678.png,0.16158650815486908,-0.012630827724933624,0.3541359603404999,0.07725560665130615,0.029250457882881165,-0.05543723329901695
frame_000678.png,frame_000679.png,0.1459461748600006,-0.016386989504098892,0.38115015625953674,0.05768755078315735,0.03630406782031059,-0.06597480922937393
frame_000679.png,frame_000680.png,0.13214349746704102,-0.017933271825313568,0.4061073660850525,0.03670310974121094,0.040381111204624176,-0.05632591247558594
frame_000680.png,frame_000681.png,0.13163048028945923,-0.02341020479798317,0.41075706481933594,0.027395151555538177,0.04335353896021843,-0.04448186606168747
frame_000681.png,frame_000682.png,0.14821094274520874,-0.034013476222753525,0.4133482873439789,0.03208276629447937,0.03680337965488434,-0.05222534015774727
frame_000682.png,frame_000683.png,0.14063501358032227,-0.030431441962718964,0.4291621744632721,0.011905309744179249,0.03885786235332489,-0.05535588413476944
frame_000683.png,frame_000684.png,0.12461017072200775,-0.035447146743535995,0.4358912408351898,-0.006654692813754082,0.04659585654735565,-0.0546259880065918
frame_000684.png,frame_000685.png,0.10810476541519165,-0.04489884898066521,0.44651439785957336,-0.012742282822728157,0.0435480922460556,-0.053911011666059494
frame_000685.png,frame_000686.png,0.10248295962810516,-0.05429572984576225,0.4520792067050934,-0.02660432830452919,0.046699970960617065,-0.04724779352545738
frame_000686.png,frame_000687.png,0.11272422224283218,-0.058066822588443756,0.44941624999046326,-0.029536142945289612,0.04436977207660675,-0.03637877479195595
frame_000687.png,frame_000688.png,0.12840217351913452,-0.05512791872024536,0.4465765655040741,-0.028958473354578018,0.040093909949064255,-0.029856789857149124
frame_000688.png,frame_000689.png,0.14832735061645508,-0.045329317450523376,0.42716115713119507,-0.022026043385267258,0.03377041220664978,-0.02531001716852188
frame_000689.png,frame_000690.png,0.17359232902526855,-0.03377204388380051,0.4016231298446655,-0.016096774488687515,0.02647506818175316,-0.021618012338876724
frame_000690.png,frame_000691.png,0.19262975454330444,-0.022388208657503128,0.3719623386859894,-0.014758115634322166,0.02039119228720665,-0.020426519215106964
frame_000691.png,frame_000692.png,0.20705124735832214,-0.01354135386645794,0.34488317370414734,-0.01244537066668272,0.015633389353752136,-0.021837972104549408
frame_000692.png,frame_000693.png,0.20903296768665314,-0.00869399681687355,0.33758315443992615,-0.018306419253349304,0.016074270009994507,-0.02917581796646118
frame_000693.png,frame_000694.png,0.18318137526512146,-0.02067878656089306,0.3643265664577484,-0.0330609530210495,0.026897907257080078,-0.03195801377296448
frame_000694.png,frame_000695.png,0.148223876953125,-0.027309853583574295,0.3921326994895935,-0.047918856143951416,0.03565269336104393,-0.04181985557079315
frame_000695.png,frame_000696.png,0.14151686429977417,-0.023072799667716026,0.3981049358844757,-0.04089947044849396,0.04047200456261635,-0.051320627331733704
frame_000696.png,frame_000697.png,0.16034814715385437,-0.019334495067596436,0.40295615792274475,-0.034246448427438736,0.03959478810429573,-0.05375292897224426
frame_000697.png,frame_000698.png,0.17118383944034576,-0.021643729880452156,0.44450756907463074,-0.014525664038956165,0.0456211194396019,-0.049301836639642715
frame_000698.png,frame_000699.png,0.1615908145904541,-0.025986749678850174,0.44942256808280945,-0.00042086560279130936,0.04297935962677002,-0.03307566046714783
frame_000699.png,frame_000700.png,0.14461639523506165,-0.029563363641500473,0.4442204535007477,0.017011720687150955,0.040204502642154694,-0.021460622549057007
frame_000700.png,frame_000701.png,0.13920633494853973,-0.019959792494773865,0.46392327547073364,0.02677447348833084,0.040663234889507294,-0.03511520475149155
frame_000701.png,frame_000702.png,0.13626445829868317,-0.013772163540124893,0.4565769135951996,0.026948966085910797,0.037440672516822815,-0.037443842738866806
frame_000702.png,frame_000703.png,0.13351836800575256,-0.011463526636362076,0.45048239827156067,0.020753569900989532,0.03531507030129433,-0.040492381900548935
frame_000703.png,frame_000704.png,0.1266452819108963,-0.013214170932769775,0.45237860083580017,0.012918519787490368,0.03309517726302147,-0.04110957309603691
frame_000704.png,frame_000705.png,0.12382680177688599,-0.014563478529453278,0.45401883125305176,0.018425561487674713,0.03306913003325462,-0.04005051031708717
frame_000705.png,frame_000706.png,0.12699174880981445,-0.014058876782655716,0.456604927778244,0.022006824612617493,0.03404679894447327,-0.04093567281961441
frame_000706.png,frame_000707.png,0.12934422492980957,-0.014705833047628403,0.4476630985736847,0.024629708379507065,0.037336383014917374,-0.03847279027104378
frame_000707.png,frame_000708.png,0.13242901861667633,-0.0263101477175951,0.4367586076259613,0.019567415118217468,0.035011228173971176,-0.05420280620455742
frame_000708.png,frame_000709.png,0.12943145632743835,-0.027466565370559692,0.45129233598709106,0.006711170077323914,0.04007987305521965,-0.052117377519607544
frame_000709.png,frame_000710.png,0.12487885355949402,-0.024230612441897392,0.45229968428611755,0.000843866728246212,0.03609868884086609,-0.04248809069395065
frame_000710.png,frame_000711.png,0.12900413572788239,-0.03181660920381546,0.4510372281074524,0.004491760395467281,0.0392225980758667,-0.03814460709691048
frame_000711.png,frame_000712.png,0.12383797019720078,-0.03361720219254494,0.4524431824684143,-0.004298213869333267,0.039985790848731995,-0.03904466703534126
frame_000712.png,frame_000713.png,0.13862831890583038,-0.02238539233803749,0.4350116550922394,-0.003085542470216751,0.02768208459019661,-0.022745266556739807
frame_000713.png,frame_000714.png,0.1277114301919937,-0.023416439071297646,0.4191924035549164,-0.0036561042070388794,0.019373521208763123,-0.01653679460287094
frame_000714.png,frame_000715.png,0.13577517867088318,-0.024891965091228485,0.3961769640445709,-0.001410781405866146,0.018179520964622498,-0.012890241108834743
frame_000715.png,frame_000716.png,0.1071452721953392,-0.02442694827914238,0.396981805562973,0.003632540814578533,0.023948006331920624,0.0084719592705369
frame_000716.png,frame_000717.png,0.06515158712863922,-0.016068119555711746,0.40162214636802673,-0.014591856859624386,0.02868758514523506,0.0005751335993409157
frame_000717.png,frame_000718.png,0.009427890181541443,-0.015766458585858345,0.4024069011211395,-0.035357601940631866,0.0139355743303895,-0.021545328199863434
frame_000718.png,frame_000719.png,-0.030717231333255768,0.006169617176055908,0.4268668591976166,-0.06187552958726883,0.009697522968053818,-0.02672634646296501
frame_000719.png,frame_000720.png,-0.05091194063425064,0.028122805058956146,0.3932713568210602,-0.04132228344678879,-0.0184335894882679,-0.01825510337948799
frame_000720.png,frame_000721.png,-0.07499677687883377,0.03900640457868576,0.3887409269809723,-0.06067182496190071,-0.020182445645332336,-0.03401206433773041
frame_000721.png,frame_000722.png,-0.06688527017831802,0.04235333949327469,0.3794691264629364,-0.07380267232656479,-0.012453087605535984,-0.03517669439315796
frame_000722.png,frame_000723.png,-0.05119388550519943,0.03197064995765686,0.3680477440357208,-0.05116317421197891,-0.007262515835464001,-0.014147973619401455
frame_000723.png,frame_000724.png,-0.045726023614406586,0.023753158748149872,0.3761571943759918,-0.03696823865175247,0.0015271315351128578,-0.006883389316499233
frame_000724.png,frame_000725.png,-0.0523444339632988,0.013416148722171783,0.3906029164791107,-0.037846628576517105,0.0051627447828650475,-0.003373227082192898
frame_000725.png,frame_000726.png,-0.06996672600507736,0.004040312021970749,0.3988606333732605,-0.04420340806245804,0.006591388024389744,-0.024036485701799393
frame_000726.png,frame_000727.png,-0.08505109697580338,-0.004077576100826263,0.3980924189090729,-0.04853489249944687,0.008114724420011044,-0.035297609865665436
frame_000727.png,frame_000728.png,-0.10068174451589584,-0.01576431840658188,0.3958631753921509,-0.04661961644887924,0.012651761062443256,-0.031100090593099594
frame_000728.png,frame_000729.png,-0.12191896885633469,-0.030559126287698746,0.3580133318901062,-0.027476444840431213,0.008606222458183765,-0.04101455211639404
frame_000729.png,frame_000730.png,-0.16233083605766296,-0.038114987313747406,0.34117838740348816,-0.024122577160596848,-0.003349524922668934,-0.03661409765481949
frame_000730.png,frame_000731.png,-0.14875906705856323,-0.032777443528175354,0.34377285838127136,-0.029852956533432007,0.00503812450915575,0.003067207522690296
frame_000731.png,frame_000732.png,-0.08244916051626205,0.008263710886240005,0.38844284415245056,-0.07013770192861557,-0.009434997104108334,0.02607865259051323
frame_000732.png,frame_000733.png,-0.003981240093708038,0.02052193135023117,0.3924262821674347,-0.05790673941373825,-0.01727461814880371,0.051649678498506546
frame_000733.png,frame_000734.png,0.05678027495741844,0.03729431331157684,0.37578728795051575,-0.014072795398533344,-0.010216799564659595,0.05726949870586395
frame_000734.png,frame_000735.png,0.11993559449911118,0.044143229722976685,0.3563198149204254,-0.008848304860293865,-0.02179374173283577,0.03263109549880028
frame_000735.png,frame_000736.png,0.17915835976600647,0.05725867301225662,0.33685213327407837,0.004158929921686649,-0.02965201810002327,0.011525032110512257
frame_000736.png,frame_000737.png,0.20981985330581665,0.060382626950740814,0.3281289041042328,0.003922552801668644,-0.031001321971416473,-0.009282412938773632
frame_000737.png,frame_000738.png,0.22713404893875122,0.06854628771543503,0.31304070353507996,0.011165344156324863,-0.02937900274991989,-0.017889410257339478
frame_000738.png,frame_000739.png,0.23031654953956604,0.06807117164134979,0.30851244926452637,0.013281485997140408,-0.02701893448829651,-0.027285102754831314
frame_000739.png,frame_000740.png,0.23380208015441895,0.06409453600645065,0.2969594895839691,0.012080472894012928,-0.019861381500959396,-0.01714562252163887
frame_000740.png,frame_000741.png,0.23179695010185242,0.07906516641378403,0.2786067724227905,0.012827062048017979,-0.027431607246398926,-0.013466606847941875
frame_000741.png,frame_000742.png,0.2217802107334137,0.08236938714981079,0.2937071919441223,-0.03618787229061127,-0.03745289146900177,-0.028538066893815994
frame_000742.png,frame_000743.png,0.2017311453819275,0.09674238413572311,0.31809261441230774,-0.05423494428396225,-0.04681042581796646,-0.006891421042382717
frame_000743.png,frame_000744.png,0.18777325749397278,0.114158995449543,0.3373069763183594,-0.07497236132621765,-0.032431621104478836,0.011105076409876347
frame_000744.png,frame_000745.png,0.1665690541267395,0.12867781519889832,0.3182995021343231,-0.08395908027887344,-0.024977006018161774,-0.0056589869782328606
frame_000745.png,frame_000746.png,0.1256263256072998,0.10841601341962814,0.319179892539978,-0.06355611234903336,-0.006839406676590443,0.04835014045238495
frame_000746.png,frame_000747.png,0.10070520639419556,0.0979754701256752,0.3213851749897003,-0.05423835664987564,0.0011519910767674446,0.042930833995342255
frame_000747.png,frame_000748.png,0.07940307259559631,0.09768364578485489,0.3167777359485626,-0.057944025844335556,0.0015150578692555428,0.018224600702524185
frame_000748.png,frame_000749.png,0.03284129500389099,0.10845767706632614,0.31715041399002075,-0.052127689123153687,0.006150946952402592,0.00033311452716588974
frame_000749.png,frame_000750.png,0.02577511966228485,0.10397795587778091,0.29628872871398926,-0.020996153354644775,0.013814913108944893,0.009630556218326092
frame_000750.png,frame_000751.png,0.032462503761053085,0.08752309530973434,0.27371254563331604,0.005780675448477268,0.014694895595312119,0.02733142301440239
frame_000751.png,frame_000752.png,0.03402940556406975,0.07265639305114746,0.27588513493537903,0.005706296302378178,0.005383477546274662,0.037658073008060455
frame_000752.png,frame_000753.png,0.03569776937365532,0.06654488295316696,0.2567410469055176,-0.002366681583225727,0.008118916302919388,0.03706551343202591
frame_000753.png,frame_000754.png,0.014969751238822937,0.051234617829322815,0.26111507415771484,-0.011022523045539856,0.01195747870951891,0.034396104514598846
frame_000754.png,frame_000755.png,-0.005420088768005371,0.03602791577577591,0.26927322149276733,-0.021102547645568848,0.01379972044378519,0.028549499809741974
frame_000755.png,frame_000756.png,-0.007968105375766754,0.02433372288942337,0.266118586063385,-0.02818947285413742,0.013882340863347054,0.01893574371933937
frame_000756.png,frame_000757.png,0.015301913022994995,0.01892615109682083,0.2658131420612335,-0.023110345005989075,0.018724048510193825,0.027692601084709167
frame_000757.png,frame_000758.png,0.04061169922351837,0.032691292464733124,0.2615620791912079,-0.009590121917426586,0.02357468754053116,0.03499329835176468
frame_000758.png,frame_000759.png,0.059367209672927856,0.04349638521671295,0.26340898871421814,-0.03473562002182007,0.022931881248950958,0.031884100288152695
frame_000759.png,frame_000760.png,0.08031351119279861,0.06271833181381226,0.2639611065387726,-0.04321180284023285,0.020612355321645737,0.0023641446605324745
frame_000760.png,frame_000761.png,0.09667555242776871,0.07003895193338394,0.2688095271587372,-0.051637012511491776,0.007113589905202389,-0.005663490854203701
frame_000761.png,frame_000762.png,0.09900639206171036,0.058676861226558685,0.2801404893398285,-0.049447569996118546,0.008745728991925716,-0.03228131681680679
frame_000762.png,frame_000763.png,0.09452871978282928,0.0659898966550827,0.3153052031993866,-0.02285914495587349,0.006201303564012051,-0.026796836405992508
frame_000763.png,frame_000764.png,0.10389068722724915,0.044918954372406006,0.3369812071323395,-0.02790004387497902,-0.0137630058452487,-0.04665054380893707
frame_000764.png,frame_000765.png,0.14822709560394287,0.045844100415706635,0.348153680562973,-0.030597001314163208,-0.005546168424189091,-0.060739077627658844
frame_000765.png,frame_000766.png,0.1647188365459442,0.03862916678190231,0.34634560346603394,-0.05390193313360214,-0.003770136274397373,-0.07143282145261765
frame_000766.png,frame_000767.png,0.1724211871623993,0.03550196439027786,0.3466935455799103,-0.05698026344180107,0.003230123780667782,-0.08174756169319153
frame_000767.png,frame_000768.png,0.18492119014263153,0.031214311718940735,0.3481281101703644,-0.04444605112075806,0.014433863572776318,-0.08331052958965302
frame_000768.png,frame_000769.png,0.18476617336273193,0.027163483202457428,0.3591364324092865,-0.022999387234449387,0.02295951172709465,-0.07953818142414093
frame_000769.png,frame_000770.png,0.17714962363243103,0.016813814640045166,0.36645662784576416,-0.012336823157966137,0.01957961916923523,-0.06461844593286514
frame_000770.png,frame_000771.png,0.18018478155136108,-0.00164751335978508,0.3880736231803894,-0.00869149249047041,0.01731260120868683,-0.04611882567405701
frame_000771.png,frame_000772.png,0.1915319412946701,-0.014271095395088196,0.37737980484962463,-0.005959281697869301,0.010523631237447262,-0.027190551161766052
frame_000772.png,frame_000773.png,0.18912631273269653,-0.015114592388272285,0.36535221338272095,0.0024685803800821304,-0.0024335822090506554,-0.0016339188441634178
frame_000773.png,frame_000774.png,0.18831993639469147,-0.0118335522711277,0.3689596951007843,-0.012207860127091408,-0.005953424610197544,0.03142789006233215
frame_000774.png,frame_000775.png,0.18897894024848938,-0.010350316762924194,0.36031481623649597,-0.049834076315164566,-0.010212489403784275,0.04034985601902008
frame_000775.png,frame_000776.png,0.21931374073028564,0.028113357722759247,0.3496028482913971,-0.020920105278491974,-0.008891434408724308,0.07001635432243347
frame_000776.png,frame_000777.png,0.2226969301700592,0.06696291267871857,0.3412591516971588,-0.01620638370513916,0.016749925911426544,0.06999766826629639
frame_000777.png,frame_000778.png,0.2233821153640747,0.07631159573793411,0.36087968945503235,-0.04032488167285919,0.01418271940201521,0.040179550647735596
frame_000778.png,frame_000779.png,0.2039927840232849,0.07558495551347733,0.35700008273124695,-0.0382256954908371,0.03486661985516548,-0.0012730490416288376
frame_000779.png,frame_000780.png,0.14320380985736847,0.06633413583040237,0.3465540111064911,-0.03188123181462288,0.041855260729789734,-0.015894800424575806
frame_000780.png,frame_000781.png,0.08333607017993927,0.08011814951896667,0.3769930303096771,-0.04346581548452377,0.020112860947847366,-0.022666558623313904
frame_000781.png,frame_000782.png,0.07350436598062515,0.08393009752035141,0.3453079164028168,-0.04398582875728607,0.01678873784840107,-0.025838617235422134
frame_000782.png,frame_000783.png,0.06298553943634033,0.09121110290288925,0.35594475269317627,-0.09308925271034241,0.024115122854709625,-0.02653937041759491
frame_000783.png,frame_000784.png,0.024150855839252472,0.09695646911859512,0.3441452085971832,-0.09018079936504364,0.010724712163209915,-0.020186085253953934
frame_000784.png,frame_000785.png,0.0221012681722641,0.10303648561239243,0.3450726866722107,-0.09616553783416748,0.013099380768835545,-0.01682940125465393
frame_000785.png,frame_000786.png,0.012716926634311676,0.10101064294576645,0.3473655879497528,-0.08323422074317932,0.015352497808635235,-0.01227970328181982
frame_000786.png,frame_000787.png,0.005956925451755524,0.10050501674413681,0.34238001704216003,-0.06491611897945404,0.015953149646520615,-0.019881416112184525
frame_000787.png,frame_000788.png,-0.0030063018202781677,0.10473599284887314,0.32799002528190613,-0.0417473167181015,0.012411682866513729,-0.030381739139556885
frame_000788.png,frame_000789.png,-0.00524989515542984,0.10395274311304092,0.31956860423088074,-0.035358525812625885,0.00982616189867258,-0.04468522220849991
frame_000789.png,frame_000790.png,-0.02176237851381302,0.10017167776823044,0.3381941318511963,-0.04273368418216705,0.010415337048470974,-0.06556481122970581
frame_000790.png,frame_000791.png,-0.026399381458759308,0.09685274213552475,0.3566998541355133,-0.03929060325026512,0.010535991750657558,-0.07616463303565979
frame_000791.png,frame_000792.png,0.002684161067008972,0.0818416103720665,0.38870909810066223,-0.0656188428401947,0.007835590280592442,-0.07634758949279785
frame_000792.png,frame_000793.png,-0.0021378695964813232,0.04532837122678757,0.4306882321834564,-0.06857797503471375,0.010734346695244312,-0.07830896973609924
frame_000793.png,frame_000794.png,0.04094685986638069,0.051639653742313385,0.43150246143341064,-0.05895448476076126,0.012495351955294609,-0.07112569361925125
frame_000794.png,frame_000795.png,0.13864649832248688,0.0717441737651825,0.41636204719543457,-0.009953035973012447,0.009402493946254253,-0.02932317554950714
frame_000795.png,frame_000796.png,0.20779144763946533,0.07265929132699966,0.39315083622932434,0.00865128729492426,0.00796279963105917,0.0012387679889798164
frame_000796.png,frame_000797.png,0.21000972390174866,0.07888762652873993,0.39521360397338867,-0.01939217746257782,0.019690897315740585,-0.03388315439224243
frame_000797.png,frame_000798.png,0.2326507270336151,0.08084680885076523,0.39421162009239197,-0.017121683806180954,0.01804697886109352,-0.03272927552461624
frame_000798.png,frame_000799.png,0.2352379560470581,0.06972642242908478,0.4055647552013397,-0.024241212755441666,0.01207797136157751,-0.019205451011657715
frame_000799.png,frame_000800.png,0.23910513520240784,0.06636233627796173,0.4170912206172943,-0.0036264071241021156,0.013961597345769405,-1.7049722373485565e-05
frame_000800.png,frame_000801.png,0.24017277359962463,0.06167527288198471,0.42474254965782166,0.003968675620853901,0.01589907333254814,0.019147735089063644
frame_000801.png,frame_000802.png,0.23129227757453918,0.04654713720083237,0.44296273589134216,-0.002800566144287586,0.018877040594816208,0.030222829431295395
frame_000802.png,frame_000803.png,0.21689018607139587,0.032726921141147614,0.46144869923591614,-0.004464220255613327,0.017432410269975662,0.028764449059963226
frame_000803.png,frame_000804.png,0.21598637104034424,0.044396497309207916,0.4542495906352997,-0.012357253581285477,0.012022203765809536,0.02295083925127983
frame_000804.png,frame_000805.png,0.2129436731338501,0.06400511413812637,0.42322424054145813,-0.015198125503957272,0.01073105912655592,-0.0005997037515044212
frame_000805.png,frame_000806.png,0.21932435035705566,0.07191948592662811,0.3947090804576874,-0.01097958255559206,0.01227585133165121,0.012863396666944027
frame_000806.png,frame_000807.png,0.2305842936038971,0.07469478994607925,0.3642677366733551,0.018287155777215958,0.012929283082485199,0.041210923343896866
frame_000807.png,frame_000808.png,0.22016027569770813,0.08471677452325821,0.36979439854621887,0.0021459581330418587,0.005775886587798595,0.030703511089086533
frame_000808.png,frame_000809.png,0.2011880874633789,0.08451756089925766,0.34951844811439514,-0.0022534457966685295,0.0062295617535710335,0.018000192940235138
frame_000809.png,frame_000810.png,0.22893893718719482,0.08266214281320572,0.31634417176246643,0.004661613143980503,0.01210020761936903,0.03543052077293396
frame_000810.png,frame_000811.png,0.23153576254844666,0.08101139217615128,0.32970622181892395,0.0037199417129158974,0.012352361343801022,0.0857921838760376
frame_000811.png,frame_000812.png,0.2531839907169342,0.09172304719686508,0.33866938948631287,0.018597524613142014,-0.002950891852378845,0.11855772137641907
frame_000812.png,frame_000813.png,0.25145164132118225,0.09508918970823288,0.32051706314086914,0.03660997375845909,-0.021320730447769165,0.1166495531797409
frame_000813.png,frame_000814.png,0.21006357669830322,0.0934031680226326,0.3123564124107361,0.03291304036974907,-0.02166680246591568,0.08544712513685226
frame_000814.png,frame_000815.png,0.20486098527908325,0.09004317969083786,0.2734585404396057,0.032505832612514496,-0.021975550800561905,0.05587764084339142
frame_000815.png,frame_000816.png,0.186346173286438,0.09691519290208817,0.24997910857200623,0.025712337344884872,-0.023388586938381195,0.028779223561286926
frame_000816.png,frame_000817.png,0.19502517580986023,0.09695181995630264,0.22630777955055237,0.02626980096101761,-0.022156905382871628,0.03943486511707306
frame_000817.png,frame_000818.png,0.20733773708343506,0.09919423609972,0.19417540729045868,0.030325092375278473,-0.01679154485464096,0.04653994366526604
frame_000818.png,frame_000819.png,0.22305190563201904,0.10373146086931229,0.1732877939939499,0.017760470509529114,-0.010139727033674717,0.056165218353271484
frame_000819.png,frame_000820.png,0.24136123061180115,0.10820073634386063,0.16288559138774872,0.0009764591231942177,-0.005761265754699707,0.0699629932641983
frame_000820.png,frame_000821.png,0.2656390070915222,0.11067653447389603,0.15606039762496948,0.014605247415602207,-0.004869328811764717,0.08354505896568298
frame_000821.png,frame_000822.png,0.28629347681999207,0.10986939817667007,0.1688658595085144,0.022469554096460342,0.004440010525286198,0.09647077322006226
frame_000822.png,frame_000823.png,0.27669528126716614,0.10037261992692947,0.18239611387252808,0.016620468348264694,0.006831261329352856,0.10841068625450134
frame_000823.png,frame_000824.png,0.252932608127594,0.08844474703073502,0.21754464507102966,0.02055467665195465,0.009588298387825489,0.10606513172388077
frame_000824.png,frame_000825.png,0.23010727763175964,0.07632515579462051,0.21330532431602478,0.0176452174782753,0.018889322876930237,0.09352922439575195
frame_000825.png,frame_000826.png,0.22534623742103577,0.07541981339454651,0.2359386384487152,-0.011336877010762691,0.031245339661836624,0.08309952914714813
frame_000826.png,frame_000827.png,0.2243276834487915,0.0785948857665062,0.24471122026443481,-0.015557429753243923,0.04303376376628876,0.0756346732378006
frame_000827.png,frame_000828.png,0.23261645436286926,0.09347508102655411,0.25588300824165344,-0.015607568435370922,0.039738673716783524,0.08578957617282867
frame_000828.png,frame_000829.png,0.22102007269859314,0.09845734387636185,0.24450579285621643,-0.0323186069726944,0.036995403468608856,0.07219568639993668
frame_000829.png,frame_000830.png,0.23445001244544983,0.10636844485998154,0.19462008774280548,-0.04113142564892769,0.03638319671154022,0.06769007444381714
frame_000830.png,frame_000831.png,0.2603057324886322,0.1102667823433876,0.16339340806007385,-0.02632318064570427,0.032911259680986404,0.09117951989173889
frame_000831.png,frame_000832.png,0.2706005871295929,0.10732433944940567,0.1573454737663269,-0.024802736937999725,0.026327740401029587,0.10318650305271149
frame_000832.png,frame_000833.png,0.27436426281929016,0.10180632025003433,0.12215122580528259,-0.00746226217597723,0.01669231429696083,0.09026054292917252
frame_000833.png,frame_000834.png,0.2751797139644623,0.11270492523908615,0.11532634496688843,0.0007908502593636513,0.018833961337804794,0.07207836210727692
frame_000834.png,frame_000835.png,0.2634606659412384,0.11081325262784958,0.09791788458824158,0.028250865638256073,0.014417667873203754,0.046057216823101044
frame_000835.png,frame_000836.png,0.30097582936286926,0.10848384350538254,0.06735822558403015,0.034074146300554276,0.01173644419759512,0.05112048238515854
frame_000836.png,frame_000837.png,0.30926352739334106,0.10945086926221848,0.1093386709690094,0.02079302817583084,0.015204089693725109,0.05800050497055054
frame_000837.png,frame_000838.png,0.3118634521961212,0.10961022228002548,0.15725626051425934,0.008764890022575855,0.02361491322517395,0.06135033071041107
frame_000838.png,frame_000839.png,0.29085758328437805,0.11909503489732742,0.1829136610031128,-0.0038361428305506706,0.02459440380334854,0.04773502051830292
frame_000839.png,frame_000840.png,0.2782207727432251,0.1203988716006279,0.16654637455940247,-0.010831366293132305,0.020502246916294098,0.06257075071334839
frame_000840.png,frame_000841.png,0.2736659348011017,0.12072210758924484,0.146144837141037,-0.02277792990207672,0.01984817162156105,0.06797292828559875
frame_000841.png,frame_000842.png,0.2559717297554016,0.11501561850309372,0.14787068963050842,-0.028635278344154358,0.019462227821350098,0.05871419608592987
frame_000842.png,frame_000843.png,0.23184403777122498,0.10703084617853165,0.15961021184921265,-0.032294854521751404,0.017804350703954697,0.03789529949426651
frame_000843.png,frame_000844.png,0.21127615869045258,0.10076991468667984,0.17349454760551453,-0.029555588960647583,0.014233503490686417,0.01869797334074974
frame_000844.png,frame_000845.png,0.2039586305618286,0.09726820141077042,0.17597746849060059,-0.020591802895069122,0.010504999198019505,0.010459600947797298
frame_000845.png,frame_000846.png,0.20762652158737183,0.09891586750745773,0.1698741614818573,-0.013466543518006802,0.006195784546434879,0.008273032493889332
frame_000846.png,frame_000847.png,0.20228305459022522,0.10079541057348251,0.17247267067432404,-0.010332121513783932,-0.0012377845123410225,0.0051728421822190285
frame_000847.png,frame_000848.png,0.23055827617645264,0.10127856582403183,0.1492229402065277,-0.00024888571351766586,-0.0056081777438521385,0.03493542969226837
frame_000848.png,frame_000849.png,0.26017695665359497,0.1103307232260704,0.13185535371303558,0.013181191869080067,-0.005927680991590023,0.07539241015911102
frame_000849.png,frame_000850.png,0.25340384244918823,0.11183077841997147,0.13384661078453064,0.011867077089846134,-0.0009783441200852394,0.07734715938568115
frame_000850.png,frame_000851.png,0.2719775140285492,0.12252124398946762,0.11663821339607239,-0.010604503564536572,0.0017712218686938286,0.07722632586956024
frame_000851.png,frame_000852.png,0.28272679448127747,0.13513115048408508,0.0988592803478241,-0.013386963866651058,0.0016760369762778282,0.0476212352514267
frame_000852.png,frame_000853.png,0.30539917945861816,0.13887682557106018,0.09062252938747406,-0.006397685967385769,0.007592136971652508,0.05229070037603378
frame_000853.png,frame_000854.png,0.3089388310909271,0.13964000344276428,0.07545627653598785,0.010765192098915577,0.011504835449159145,0.07999072223901749
frame_000854.png,frame_000855.png,0.27757805585861206,0.13694113492965698,0.07541930675506592,0.005760920234024525,0.011520489118993282,0.1007843092083931
frame_000855.png,frame_000856.png,0.2577265202999115,0.1339573860168457,0.09316205978393555,-0.011301825754344463,0.011642652563750744,0.11396534740924835
frame_000856.png,frame_000857.png,0.2229379415512085,0.12652477622032166,0.1321515291929245,-0.02488086000084877,0.011008747853338718,0.10984690487384796
frame_000857.png,frame_000858.png,0.20895853638648987,0.12488607317209244,0.1619403213262558,-0.03343503177165985,0.01708092913031578,0.11287496238946915
frame_000858.png,frame_000859.png,0.20618942379951477,0.11957680433988571,0.1714533418416977,-0.0365462601184845,0.022635355591773987,0.1175495982170105
frame_000859.png,frame_000860.png,0.20510061085224152,0.11566337198019028,0.17564892768859863,-0.03844613581895828,0.02663533017039299,0.12162163853645325
frame_000860.png,frame_000861.png,0.21125799417495728,0.1221742257475853,0.17352932691574097,-0.04303254187107086,0.026943113654851913,0.11685167253017426
frame_000861.png,frame_000862.png,0.2100529670715332,0.12681692838668823,0.18212410807609558,-0.044299475848674774,0.029047708958387375,0.09371594339609146
frame_000862.png,frame_000863.png,0.17861101031303406,0.12040906399488449,0.20192281901836395,-0.06617513298988342,0.03175455704331398,0.0767008364200592
frame_000863.png,frame_000864.png,0.16817419230937958,0.12367276102304459,0.22555771470069885,-0.10056985169649124,0.043052807450294495,0.06679113209247589
frame_000864.png,frame_000865.png,0.14078450202941895,0.11583564430475235,0.2512265145778656,-0.119740791618824,0.043098464608192444,0.07269333302974701
frame_000865.png,frame_000866.png,0.12371687591075897,0.10930503159761429,0.26699087023735046,-0.12409050762653351,0.0397653765976429,0.08418215811252594
frame_000866.png,frame_000867.png,0.11302265524864197,0.10662446171045303,0.288400799036026,-0.1267884075641632,0.032027315348386765,0.09746895730495453
frame_000867.png,frame_000868.png,0.10162913799285889,0.1130664125084877,0.31680595874786377,-0.1247263178229332,0.03496692702174187,0.08026506006717682
frame_000868.png,frame_000869.png,0.10258987545967102,0.12160270661115646,0.30890002846717834,-0.1174679845571518,0.029464639723300934,0.08562640100717545
frame_000869.png,frame_000870.png,0.12682852149009705,0.1283935308456421,0.28233495354652405,-0.09242165088653564,0.017833322286605835,0.07671520113945007
frame_000870.png,frame_000871.png,0.17531979084014893,0.12729591131210327,0.22260482609272003,-0.08642309904098511,0.01262312289327383,0.06499317288398743
frame_000871.png,frame_000872.png,0.2110515683889389,0.13004866242408752,0.1783284991979599,-0.0682232603430748,0.010997002013027668,0.07432633638381958
frame_000872.png,frame_000873.png,0.23736265301704407,0.1337776482105255,0.16156280040740967,-0.04438784718513489,0.007866623811423779,0.08942224085330963
frame_000873.png,frame_000874.png,0.2515687644481659,0.1330210566520691,0.15331728756427765,-0.026593785732984543,0.006135652773082256,0.10421580821275711
frame_000874.png,frame_000875.png,0.26142188906669617,0.1297551989555359,0.14697638154029846,-0.014889917336404324,0.00681235920637846,0.11344099789857864
frame_000875.png,frame_000876.png,0.2681966722011566,0.12534025311470032,0.14039751887321472,-0.01083762850612402,0.008005253039300442,0.12074446678161621
frame_000876.png,frame_000877.png,0.2750217914581299,0.1250913441181183,0.1311027705669403,-0.008701140992343426,0.007901831530034542,0.12109272181987762
frame_000877.png,frame_000878.png,0.28720977902412415,0.13180333375930786,0.12433770298957825,-0.00956613477319479,0.008440288715064526,0.1148095354437828
frame_000878.png,frame_000879.png,0.30381491780281067,0.1353539228439331,0.12721949815750122,-0.009584990330040455,0.006640481762588024,0.11502835899591446
frame_000879.png,frame_000880.png,0.3029868006706238,0.1400899887084961,0.1261620819568634,-0.018513042479753494,-0.003134717233479023,0.12370647490024567
frame_000880.png,frame_000881.png,0.2854820787906647,0.14226198196411133,0.13857099413871765,-0.025736134499311447,-0.004756872542202473,0.11860251426696777
frame_000881.png,frame_000882.png,0.28652575612068176,0.1429104208946228,0.1314115971326828,-0.05104805529117584,0.0001809215173125267,0.10896185040473938
frame_000882.png,frame_000883.png,0.3022288978099823,0.14598125219345093,0.10375833511352539,-0.055119890719652176,0.0024420125409960747,0.08099760115146637
frame_000883.png,frame_000884.png,0.32280370593070984,0.1450272798538208,0.08137381076812744,-0.030307043343782425,0.008225846104323864,0.0723581463098526
frame_000884.png,frame_000885.png,0.33514419198036194,0.13738635182380676,0.06715106964111328,-0.025964990258216858,0.011108591221272945,0.07378402352333069
frame_000885.png,frame_000886.png,0.3232199251651764,0.13576239347457886,0.06671583652496338,-0.014422847889363766,0.010742965154349804,0.09645546972751617
frame_000886.png,frame_000887.png,0.31513264775276184,0.13287383317947388,0.07195016741752625,-0.017094623297452927,0.0014015277847647667,0.11536704003810883
frame_000887.png,frame_000888.png,0.3242228329181671,0.13617897033691406,0.07230916619300842,-3.243144601583481e-05,-0.0008521759882569313,0.13077232241630554
frame_000888.png,frame_000889.png,0.31506600975990295,0.14195117354393005,0.10963098704814911,0.00028173718601465225,0.002169250510632992,0.1255207359790802
frame_000889.png,frame_000890.png,0.31319287419319153,0.14700430631637573,0.1268574297428131,-0.004477432928979397,0.010965577326714993,0.12410229444503784
frame_000890.png,frame_000891.png,0.3159726858139038,0.147841215133667,0.11998854577541351,-0.012347492389380932,0.014953038655221462,0.12940150499343872
frame_000891.png,frame_000892.png,0.31619706749916077,0.14695030450820923,0.11530369520187378,-0.021657101809978485,0.01864287629723549,0.13697749376296997
frame_000892.png,frame_000893.png,0.3179093897342682,0.13867801427841187,0.12060624361038208,-0.028385572135448456,0.024628642946481705,0.13948504626750946
frame_000893.png,frame_000894.png,0.31482478976249695,0.12930306792259216,0.1302105039358139,-0.02643376588821411,0.025529664009809494,0.13683989644050598
frame_000894.png,frame_000895.png,0.30979305505752563,0.125538170337677,0.1316392868757248,-0.03147441893815994,0.02281016856431961,0.12622958421707153
frame_000895.png,frame_000896.png,0.302605539560318,0.12866008281707764,0.15306559205055237,-0.043865516781806946,0.022541653364896774,0.11130574345588684
frame_000896.png,frame_000897.png,0.294016033411026,0.13058924674987793,0.17257660627365112,-0.047327131032943726,0.021777380257844925,0.09323182702064514
frame_000897.png,frame_000898.png,0.29089391231536865,0.1285073161125183,0.1781153380870819,-0.04043610021471977,0.022958621382713318,0.08513742685317993
frame_000898.png,frame_000899.png,0.2806972563266754,0.12808886170387268,0.19126664102077484,-0.03423808515071869,0.02541579306125641,0.07935313135385513
frame_000899.png,frame_000900.png,0.2795127332210541,0.12356888502836227,0.1861467808485031,-0.029046393930912018,0.029628373682498932,0.0858154296875
frame_000900.png,frame_000901.png,0.2777895927429199,0.11876470595598221,0.17509546875953674,-0.023646540939807892,0.03274735063314438,0.09366567432880402
frame_000901.png,frame_000902.png,0.28854772448539734,0.11360018700361252,0.15990103781223297,-0.016087889671325684,0.03677331283688545,0.0989084541797638
frame_000902.png,frame_000903.png,0.28816890716552734,0.1092120036482811,0.14839202165603638,-0.009000740014016628,0.03537431359291077,0.10405014455318451
frame_000903.png,frame_000904.png,0.27392154932022095,0.1051049754023552,0.14539633691310883,-0.007626532576978207,0.034751784056425095,0.10004454106092453
frame_000904.png,frame_000905.png,0.24734202027320862,0.1131778433918953,0.1742459237575531,-0.01947680115699768,0.03202301263809204,0.08161665499210358
frame_000905.png,frame_000906.png,0.22960922122001648,0.1194777861237526,0.19445863366127014,-0.01958862692117691,0.030798494815826416,0.0675610899925232
frame_000906.png,frame_000907.png,0.21148225665092468,0.12701287865638733,0.22287490963935852,-0.027496173977851868,0.025491897016763687,0.0465005561709404
frame_000907.png,frame_000908.png,0.23212936520576477,0.11894433945417404,0.2258181869983673,-0.02994706854224205,0.0123499920591712,0.07050110399723053
frame_000908.png,frame_000909.png,0.24081027507781982,0.10059943050146103,0.19785495102405548,-0.020751792937517166,0.005818652920424938,0.09760098159313202
frame_000909.png,frame_000910.png,0.2371496856212616,0.09258093684911728,0.22215574979782104,-0.023459739983081818,0.002421836368739605,0.12471994757652283
frame_000910.png,frame_000911.png,0.23442554473876953,0.0871737077832222,0.224709153175354,-0.022563699632883072,-0.00023010093718767166,0.13365428149700165
frame_000911.png,frame_000912.png,0.2561802864074707,0.09763827174901962,0.23772284388542175,-0.017967689782381058,0.0013492004945874214,0.1495514214038849
frame_000912.png,frame_000913.png,0.2572992146015167,0.11035732179880142,0.2525895833969116,-0.019377131015062332,0.0007431777194142342,0.15291158854961395
frame_000913.png,frame_000914.png,0.23597142100334167,0.11115282028913498,0.266666054725647,-0.0009698895737528801,-0.005350190214812756,0.14499184489250183
frame_000914.png,frame_000915.png,0.2156859040260315,0.11783187836408615,0.2856960594654083,-0.009525475092232227,-0.004721310921013355,0.12110891938209534
frame_000915.png,frame_000916.png,0.2077879160642624,0.11786056309938431,0.2868932783603668,-0.022793997079133987,-0.006616345606744289,0.12205904722213745
frame_000916.png,frame_000917.png,0.2180420160293579,0.10932166129350662,0.28089937567710876,-0.012728332541882992,-0.009577303193509579,0.13276667892932892
frame_000917.png,frame_000918.png,0.259410560131073,0.10833365470170975,0.2561142146587372,-0.0012770360335707664,-0.009527801536023617,0.1433131843805313
frame_000918.png,frame_000919.png,0.27646785974502563,0.11019521206617355,0.23595210909843445,0.004099604673683643,-0.015319162048399448,0.1403960883617401
frame_000919.png,frame_000920.png,0.28886571526527405,0.10809744149446487,0.21453094482421875,0.007681802846491337,-0.023582637310028076,0.14479433000087738
frame_000920.png,frame_000921.png,0.2989248037338257,0.10689901560544968,0.20432254672050476,0.014016625471413136,-0.026744753122329712,0.15091472864151
frame_000921.png,frame_000922.png,0.301392138004303,0.09879965335130692,0.2194458693265915,0.031187009066343307,-0.028675317764282227,0.15751972794532776
frame_000922.png,frame_000923.png,0.2817854881286621,0.0865061804652214,0.24724644422531128,0.03500646725296974,-0.03331487998366356,0.15870212018489838
frame_000923.png,frame_000924.png,0.2644101679325104,0.09383448213338852,0.28186485171318054,0.010298476554453373,-0.028705254197120667,0.1461358666419983
frame_000924.png,frame_000925.png,0.26043254137039185,0.11696935445070267,0.3103038966655731,-0.013629793189466,-0.013131161220371723,0.1495099663734436
frame_000925.png,frame_000926.png,0.26377034187316895,0.10504434257745743,0.290454238653183,0.0020466232672333717,-0.010000062175095081,0.15615013241767883
frame_000926.png,frame_000927.png,0.27244967222213745,0.12303424626588821,0.28242358565330505,-0.022843092679977417,-0.002404998056590557,0.1258385181427002
frame_000927.png,frame_000928.png,0.26120173931121826,0.13035497069358826,0.26967987418174744,-0.012715560384094715,-0.010283597745001316,0.09628289937973022
frame_000928.png,frame_000929.png,0.24291163682937622,0.1229114904999733,0.2252093255519867,-0.012524805031716824,-0.008987934328615665,0.09896865487098694
frame_000929.png,frame_000930.png,0.2080419957637787,0.11499489098787308,0.2529827058315277,-0.02035585790872574,-0.0005727214738726616,0.09147262573242188
frame_000930.png,frame_000931.png,0.19982680678367615,0.12217385321855545,0.272754043340683,-0.03845706209540367,0.0025242166593670845,0.08086372166872025
frame_000931.png,frame_000932.png,0.18156862258911133,0.12776026129722595,0.305825799703598,-0.02736513316631317,0.021940652281045914,0.08773709833621979
frame_000932.png,frame_000933.png,0.20459860563278198,0.10957751423120499,0.26950058341026306,-0.031055569648742676,0.022522803395986557,0.10783401131629944
frame_000933.png,frame_000934.png,0.24245047569274902,0.10648863762617111,0.22346369922161102,-0.031096644699573517,0.019437145441770554,0.12241631746292114
frame_000934.png,frame_000935.png,0.2449820339679718,0.11046848446130753,0.25003138184547424,-0.03067304566502571,0.027175426483154297,0.12604323029518127
frame_000935.png,frame_000936.png,0.24542513489723206,0.118036188185215,0.2569907605648041,-0.03840736299753189,0.030904240906238556,0.1207372397184372
frame_000936.png,frame_000937.png,0.26026952266693115,0.11789039522409439,0.2241913229227066,-0.045096851885318756,0.02691686898469925,0.10567966103553772
frame_000937.png,frame_000938.png,0.27838924527168274,0.11874309927225113,0.17420902848243713,-0.04842399060726166,0.0183308906853199,0.11374460160732269
frame_000938.png,frame_000939.png,0.28384193778038025,0.11788240820169449,0.1340658813714981,-0.04026001691818237,0.011844632215797901,0.11282006651163101
frame_000939.png,frame_000940.png,0.2808302640914917,0.11601322144269943,0.11599132418632507,-0.03951358050107956,0.009452308528125286,0.11319904029369354
frame_000940.png,frame_000941.png,0.2837400436401367,0.11802201718091965,0.11052563786506653,-0.03447446599602699,0.0072201332077383995,0.10949946194887161
frame_000941.png,frame_000942.png,0.2888297736644745,0.12287893146276474,0.10579071938991547,-0.019763462245464325,0.0058647645637393,0.1077539473772049
frame_000942.png,frame_000943.png,0.2930501103401184,0.12794730067253113,0.09895840287208557,-0.011923990212380886,0.00685394462198019,0.10183052718639374
frame_000943.png,frame_000944.png,0.2957981824874878,0.1309884786605835,0.09233102202415466,-0.007054395042359829,0.009057297371327877,0.09753972291946411
frame_000944.png,frame_000945.png,0.2957579791545868,0.13142234086990356,0.08553500473499298,-0.006458303891122341,0.01074459683150053,0.09633710980415344
frame_000945.png,frame_000946.png,0.2935405671596527,0.12868186831474304,0.07966357469558716,-0.007776456885039806,0.01155757438391447,0.09734201431274414
frame_000946.png,frame_000947.png,0.2913690209388733,0.12717747688293457,0.07262291014194489,-0.007693651132285595,0.010956875048577785,0.0989597737789154
frame_000947.png,frame_000948.png,0.29023393988609314,0.1278706192970276,0.06759239733219147,-0.004473763518035412,0.010101697407662868,0.09998844563961029
frame_000948.png,frame_000949.png,0.2913925051689148,0.12925440073013306,0.06470656394958496,-0.002806919626891613,0.009213405661284924,0.10099256038665771
frame_000949.png,frame_000950.png,0.29861804842948914,0.12828826904296875,0.06145019456744194,-0.0021771853789687157,0.00684481393545866,0.10740326344966888
frame_000950.png,frame_000951.png,0.3124195635318756,0.1310543417930603,0.061913277953863144,-0.006222090683877468,0.0042155710980296135,0.11411909759044647
frame_000951.png,frame_000952.png,0.3223274052143097,0.12980926036834717,0.06330345571041107,-0.008788763545453548,0.005489694885909557,0.11791396141052246
frame_000952.png,frame_000953.png,0.340290367603302,0.1277841031551361,0.060509201139211655,-0.016877610236406326,0.007996178232133389,0.11738723516464233
frame_000953.png,frame_000954.png,0.3771694600582123,0.138060063123703,0.06628946959972382,-0.018459681421518326,0.007703362964093685,0.10612539947032928
frame_000954.png,frame_000955.png,0.4016828238964081,0.14706435799598694,0.08888192474842072,-0.0200890451669693,0.006207681261003017,0.10926532745361328
frame_000955.png,frame_000956.png,0.37268128991127014,0.1392190158367157,0.09456954896450043,-0.01830805465579033,0.007939971052110195,0.09468415379524231
frame_000956.png,frame_000957.png,0.3642471134662628,0.13721951842308044,0.09458836913108826,-0.028738968074321747,0.0072984276339411736,0.10238714516162872
frame_000957.png,frame_000958.png,0.35834261775016785,0.13269373774528503,0.09797289967536926,-0.02492712065577507,0.014871000312268734,0.12455999851226807
frame_000958.png,frame_000959.png,0.29440534114837646,0.12093328684568405,0.09819065034389496,-0.017917968332767487,0.01207567285746336,0.11605596542358398
frame_000959.png,frame_000960.png,0.22863277792930603,0.12126316875219345,0.1580113172531128,-0.01656414195895195,0.020907320082187653,0.09737470000982285
frame_000960.png,frame_000961.png,0.2236400842666626,0.11589507013559341,0.1959591507911682,-0.01662563532590866,0.03190910443663597,0.08801063895225525
frame_000961.png,frame_000962.png,0.24027705192565918,0.0962410643696785,0.21355730295181274,-0.015494151972234249,0.029898658394813538,0.11040125787258148
frame_000962.png,frame_000963.png,0.2518526315689087,0.0800386294722557,0.20562005043029785,-0.007349635474383831,0.03328411653637886,0.10594534873962402
frame_000963.png,frame_000964.png,0.2348887026309967,0.07152942568063736,0.21813786029815674,-0.014271899126470089,0.03053707256913185,0.10958600044250488
frame_000964.png,frame_000965.png,0.25093334913253784,0.08243747800588608,0.22152747213840485,-0.010086624883115292,0.029401663690805435,0.11281797289848328
frame_000965.png,frame_000966.png,0.25236693024635315,0.0807385966181755,0.22813081741333008,-0.0007777800783514977,0.03121063858270645,0.11325205862522125
frame_000966.png,frame_000967.png,0.2366294264793396,0.07827500253915787,0.24214071035385132,0.00010735262185335159,0.030565444380044937,0.11801305413246155
frame_000967.png,frame_000968.png,0.22406244277954102,0.07966924458742142,0.25990769267082214,-0.016280777752399445,0.034183569252491,0.10507707297801971
frame_000968.png,frame_000969.png,0.218573659658432,0.0762074738740921,0.26984259486198425,-0.024002142250537872,0.03842835873365402,0.09992668032646179
frame_000969.png,frame_000970.png,0.21522831916809082,0.0760880559682846,0.27866503596305847,-0.01886061206459999,0.040072232484817505,0.104974165558815
frame_000970.png,frame_000971.png,0.22613397240638733,0.07677385210990906,0.271956205368042,-0.009827624075114727,0.03769109770655632,0.11090029776096344
frame_000971.png,frame_000972.png,0.23138275742530823,0.07913931459188461,0.267509788274765,-0.006750910542905331,0.03514258190989494,0.11063721776008606
frame_000972.png,frame_000973.png,0.22744882106781006,0.07514818012714386,0.25634318590164185,-0.012994556687772274,0.036710530519485474,0.11209063231945038
frame_000973.png,frame_000974.png,0.2246677577495575,0.07068169116973877,0.25123319029808044,-0.02090371772646904,0.037123505026102066,0.09826630353927612
frame_000974.png,frame_000975.png,0.2311135232448578,0.059974245727062225,0.2510371506214142,-0.032878726720809937,0.03979633003473282,0.08939938247203827
frame_000975.png,frame_000976.png,0.229969322681427,0.04895882308483124,0.24785643815994263,-0.0389576219022274,0.03784321993589401,0.09850656241178513
frame_000976.png,frame_000977.png,0.23321709036827087,0.04817946255207062,0.24743831157684326,-0.046008314937353134,0.029148153960704803,0.10159646719694138
frame_000977.png,frame_000978.png,0.22567880153656006,0.045746125280857086,0.24766388535499573,-0.0439385324716568,0.019284022971987724,0.11826469004154205
frame_000978.png,frame_000979.png,0.2324775755405426,0.05258888006210327,0.24886947870254517,-0.03077542409300804,0.018068403005599976,0.1250976324081421
frame_000979.png,frame_000980.png,0.23386690020561218,0.046806395053863525,0.22653687000274658,-0.017249472439289093,0.018837440758943558,0.11847580969333649
frame_000980.png,frame_000981.png,0.22997692227363586,0.05738289654254913,0.20210331678390503,-0.0016191517934203148,0.0177946537733078,0.1004197970032692
frame_000981.png,frame_000982.png,0.23536959290504456,0.07960689067840576,0.19871598482131958,-0.0019511720165610313,0.017206348478794098,0.0851728767156601
frame_000982.png,frame_000983.png,0.2309322953224182,0.09322717040777206,0.19955581426620483,-0.015673991292715073,0.013838371261954308,0.09172149747610092
frame_000983.png,frame_000984.png,0.2437950074672699,0.10202882438898087,0.20189854502677917,-0.009953944943845272,0.010436596348881721,0.09868835657835007
frame_000984.png,frame_000985.png,0.2864343225955963,0.09900213032960892,0.14688433706760406,0.0017739692702889442,0.010180431418120861,0.11703178286552429
frame_000985.png,frame_000986.png,0.33722227811813354,0.10696772485971451,0.09997884929180145,-0.0009112684056162834,0.011136961169540882,0.1190933883190155
frame_000986.png,frame_000987.png,0.369193434715271,0.11517281085252762,0.07346139848232269,-0.016396772116422653,0.004443044774234295,0.12145785987377167
frame_000987.png,frame_000988.png,0.37750503420829773,0.11348666995763779,0.07606072723865509,-0.029614422470331192,-0.0005301730707287788,0.12851719558238983
frame_000988.png,frame_000989.png,0.36843371391296387,0.11959677189588547,0.09670212864875793,-0.05599000304937363,0.005922730080783367,0.11667761206626892
frame_000989.png,frame_000990.png,0.3287687301635742,0.12487251311540604,0.12190763652324677,-0.09427667409181595,0.0067534660920500755,0.11606946587562561
frame_000990.png,frame_000991.png,0.3093735873699188,0.12280146032571793,0.1233987957239151,-0.12799087166786194,0.0070525361225008965,0.13453587889671326
frame_000991.png,frame_000992.png,0.30424925684928894,0.1299494206905365,0.10246388614177704,-0.13568362593650818,0.013524956069886684,0.1096143051981926
frame_000992.png,frame_000993.png,0.26414236426353455,0.12744241952896118,0.08425314724445343,-0.13092784583568573,0.016677290201187134,0.09554219245910645
frame_000993.png,frame_000994.png,0.2353624701499939,0.13199478387832642,0.09613391757011414,-0.13683034479618073,0.013197743333876133,0.08030782639980316
frame_000994.png,frame_000995.png,0.2358676791191101,0.13285419344902039,0.09252029657363892,-0.12363424897193909,0.013762186281383038,0.08330829441547394
frame_000995.png,frame_000996.png,0.22708868980407715,0.1336858868598938,0.11750087141990662,-0.10796826332807541,0.01677751913666725,0.06914937496185303
frame_000996.png,frame_000997.png,0.21499207615852356,0.1163555160164833,0.1269201636314392,-0.13008370995521545,0.021583329886198044,0.07990696281194687
frame_000997.png,frame_000998.png,0.22476261854171753,0.09200774878263474,0.07874645292758942,-0.10983189940452576,0.02840511128306389,0.09148941934108734
frame_000998.png,frame_000999.png,0.21366506814956665,0.08431778103113174,0.0818244218826294,-0.13138923048973083,0.047777630388736725,0.0840441957116127
frame_000999.png,frame_001000.png,0.21139460802078247,0.09608935564756393,0.08096353709697723,-0.15835140645503998,0.06374268233776093,0.06919580698013306
frame_001000.png,frame_001001.png,0.19261370599269867,0.08881475776433945,0.09541884064674377,-0.15113455057144165,0.07223214954137802,0.07366322726011276
frame_001001.png,frame_001002.png,0.19027067720890045,0.08938416093587875,0.12122465670108795,-0.12348916381597519,0.0773765966296196,0.08761157095432281
frame_001002.png,frame_001003.png,0.17955267429351807,0.08426541835069656,0.12179529666900635,-0.1181504875421524,0.07643992453813553,0.09160394966602325
frame_001003.png,frame_001004.png,0.1724415123462677,0.08599340170621872,0.1604117751121521,-0.12024720013141632,0.062390536069869995,0.11355175077915192
frame_001004.png,frame_001005.png,0.18445026874542236,0.08916953951120377,0.17994964122772217,-0.10951405763626099,0.04832536727190018,0.11295812577009201
frame_001005.png,frame_001006.png,0.19020786881446838,0.08129527419805527,0.20734617114067078,-0.07276357710361481,0.04188459366559982,0.11938506364822388
frame_001006.png,frame_001007.png,0.20620515942573547,0.07181087136268616,0.22062808275222778,-0.050151120871305466,0.04598090052604675,0.12635120749473572
frame_001007.png,frame_001008.png,0.19651231169700623,0.08824063092470169,0.240811288356781,-0.037712134420871735,0.035193026065826416,0.1096959263086319
frame_001008.png,frame_001009.png,0.18849526345729828,0.10968264192342758,0.26401543617248535,-0.03726693242788315,0.020229801535606384,0.09097462892532349
frame_001009.png,frame_001010.png,0.18020662665367126,0.1188712790608406,0.2846508324146271,-0.03737403452396393,0.018600594252347946,0.08602803945541382
frame_001010.png,frame_001011.png,0.18367218971252441,0.10961223393678665,0.2672214210033417,-0.038855891674757004,0.019336722791194916,0.09437762945890427
frame_001011.png,frame_001012.png,0.18290871381759644,0.10947103053331375,0.2547321021556854,-0.047452811151742935,0.010435660369694233,0.09704890847206116
frame_001012.png,frame_001013.png,0.18669557571411133,0.11860982328653336,0.2489846646785736,-0.048927221447229385,0.0023820875212550163,0.09261339902877808
frame_001013.png,frame_001014.png,0.17935273051261902,0.1239972785115242,0.25216421484947205,-0.044442687183618546,-0.00029253819957375526,0.0912274420261383
frame_001014.png,frame_001015.png,0.17782315611839294,0.12663263082504272,0.2572386860847473,-0.03935302048921585,-0.0025436924770474434,0.09661266952753067
frame_001015.png,frame_001016.png,0.17850680649280548,0.12368636578321457,0.26151522994041443,-0.03770022839307785,-0.005824343301355839,0.10181716084480286
frame_001016.png,frame_001017.png,0.18495431542396545,0.12188775092363358,0.26518210768699646,-0.035041507333517075,-0.00864401739090681,0.10765239596366882
frame_001017.png,frame_001018.png,0.1908283233642578,0.12072201818227768,0.26735439896583557,-0.03239233046770096,-0.011156545020639896,0.11145040392875671
frame_001018.png,frame_001019.png,0.19414955377578735,0.12187855690717697,0.2717733681201935,-0.031257688999176025,-0.012724627740681171,0.11303985863924026
frame_001019.png,frame_001020.png,0.19646474719047546,0.12350273877382278,0.27353107929229736,-0.030010495334863663,-0.013939081691205502,0.11696988344192505
frame_001020.png,frame_001021.png,0.19903647899627686,0.12409559637308121,0.2748672068119049,-0.030036959797143936,-0.013493047095835209,0.11956463754177094
frame_001021.png,frame_001022.png,0.20036011934280396,0.12384573370218277,0.27788159251213074,-0.03027554228901863,-0.011390750296413898,0.12181356549263
frame_001022.png,frame_001023.png,0.1976565718650818,0.12106043845415115,0.283820778131485,-0.030636679381132126,-0.007656477391719818,0.11951097846031189
frame_001023.png,frame_001024.png,0.19685259461402893,0.11818190664052963,0.2866151034832001,-0.029740191996097565,-0.003670746460556984,0.116294726729393
frame_001024.png,frame_001025.png,0.19668862223625183,0.11555583029985428,0.285169392824173,-0.029211297631263733,-0.0009425096213817596,0.11463858187198639
frame_001025.png,frame_001026.png,0.19390180706977844,0.11328376084566116,0.2838049530982971,-0.02829955890774727,-0.0006545782089233398,0.11512164771556854
frame_001026.png,frame_001027.png,0.19055834412574768,0.11134279519319534,0.28294843435287476,-0.028562162071466446,-0.0016557034105062485,0.11776721477508545
frame_001027.png,frame_001028.png,0.19053944945335388,0.11346905678510666,0.28254029154777527,-0.027320485562086105,-0.0031218314543366432,0.12318988144397736
frame_001028.png,frame_001029.png,0.18695956468582153,0.11607501655817032,0.2821965515613556,-0.02970285341143608,-0.00410471111536026,0.13234268128871918
frame_001029.png,frame_001030.png,0.1837000995874405,0.11820777505636215,0.2893238961696625,-0.0324597992002964,-0.004345530644059181,0.14014436304569244
frame_001030.png,frame_001031.png,0.1818791925907135,0.12059079855680466,0.2973114550113678,-0.03466443717479706,-0.004473689012229443,0.14039231836795807
frame_001031.png,frame_001032.png,0.1848239302635193,0.12378915399312973,0.3120366632938385,-0.03901870176196098,-0.0016337288543581963,0.13424573838710785
frame_001032.png,frame_001033.png,0.18741551041603088,0.12461066991090775,0.3255244493484497,-0.0483943447470665,-0.0010204790160059929,0.13134251534938812
frame_001033.png,frame_001034.png,0.18775007128715515,0.1267038881778717,0.32929757237434387,-0.054472122341394424,-0.006805934943258762,0.12683188915252686
frame_001034.png,frame_001035.png,0.18351487815380096,0.13133102655410767,0.3289020359516144,-0.056052856147289276,-0.008253306150436401,0.11639335751533508
frame_001035.png,frame_001036.png,0.17316019535064697,0.1347408890724182,0.32155081629753113,-0.05170802026987076,-0.009350600652396679,0.11110486835241318
frame_001036.png,frame_001037.png,0.1716463565826416,0.13900744915008545,0.31627437472343445,-0.04805343598127365,-0.007183426059782505,0.10964024066925049
frame_001037.png,frame_001038.png,0.17028066515922546,0.14229044318199158,0.3169017732143402,-0.04644692689180374,-0.004900566302239895,0.10510776937007904
frame_001038.png,frame_001039.png,0.17389148473739624,0.1458059549331665,0.3172091841697693,-0.05113846808671951,-0.006757368333637714,0.10502871125936508
frame_001039.png,frame_001040.png,0.1934557855129242,0.15023747086524963,0.31438538432121277,-0.05069010704755783,-0.00979942549020052,0.11147952079772949
frame_001040.png,frame_001041.png,0.21116036176681519,0.15364927053451538,0.3025757372379303,-0.05080501362681389,-0.010413301177322865,0.10278016328811646
frame_001041.png,frame_001042.png,0.22417184710502625,0.1542535424232483,0.2845700681209564,-0.05488559603691101,-0.004303872585296631,0.09593578428030014
frame_001042.png,frame_001043.png,0.25220364332199097,0.14635390043258667,0.2617167532444,-0.03935682028532028,-0.002002132125198841,0.10021394491195679
frame_001043.png,frame_001044.png,0.2861320376396179,0.15525323152542114,0.21269840002059937,-0.029314562678337097,-0.00971225742250681,0.10097724944353104
frame_001044.png,frame_001045.png,0.27697452902793884,0.14889541268348694,0.20679321885108948,-0.013209446333348751,-0.017519373446702957,0.11391082406044006
frame_001045.png,frame_001046.png,0.2660176753997803,0.1279900074005127,0.20137113332748413,-0.020291611552238464,-0.011577372439205647,0.10545571148395538
frame_001046.png,frame_001047.png,0.26084622740745544,0.10644973069429398,0.19541579484939575,-0.017834782600402832,-0.005620528943836689,0.08526699990034103
frame_001047.png,frame_001048.png,0.2568674087524414,0.08809653669595718,0.21692726016044617,-0.017801787704229355,0.008505727164447308,0.08324021846055984
frame_001048.png,frame_001049.png,0.27288714051246643,0.07610034197568893,0.22024142742156982,-0.016505185514688492,0.008829626254737377,0.08291991055011749
frame_001049.png,frame_001050.png,0.27514296770095825,0.06351573020219803,0.21631768345832825,-0.025390416383743286,-0.005549640394747257,0.08973190188407898
frame_001050.png,frame_001051.png,0.26749885082244873,0.06037088483572006,0.22540727257728577,-0.03477396443486214,-0.00651737954467535,0.09302987158298492
frame_001051.png,frame_001052.png,0.2636372745037079,0.056801632046699524,0.23867249488830566,-0.0369008406996727,0.004408515058457851,0.07304871082305908
frame_001052.png,frame_001053.png,0.25801366567611694,0.0535232350230217,0.25292345881462097,-0.029522832483053207,0.011555959470570087,0.03997112810611725
frame_001053.png,frame_001054.png,0.24723473191261292,0.05048905313014984,0.262166827917099,-0.0335826613008976,0.01638592779636383,0.009602517820894718
frame_001054.png,frame_001055.png,0.23497852683067322,0.04728682339191437,0.27203235030174255,-0.045820172876119614,0.018726028501987457,-0.011839690618216991
frame_001055.png,frame_001056.png,0.22405904531478882,0.04500458389520645,0.28602153062820435,-0.054384756833314896,0.021169964224100113,-0.02722969651222229
frame_001056.png,frame_001057.png,0.21381697058677673,0.04295153170824051,0.3046407103538513,-0.05908224731683731,0.023135166615247726,-0.03414888679981232
frame_001057.png,frame_001058.png,0.20282456278800964,0.04566501826047897,0.31860440969467163,-0.06332975625991821,0.026418257504701614,-0.04215720295906067
frame_001058.png,frame_001059.png,0.18899857997894287,0.0479467436671257,0.3297041952610016,-0.06526649743318558,0.030291400849819183,-0.048898521810770035
frame_001059.png,frame_001060.png,0.1740703582763672,0.04673919081687927,0.3365424573421478,-0.0610702745616436,0.03356139361858368,-0.055917005985975266
frame_001060.png,frame_001061.png,0.14557728171348572,0.03321894258260727,0.358615905046463,-0.04778766259551048,0.032901156693696976,-0.05311824008822441
frame_001061.png,frame_001062.png,0.12024451047182083,0.014853183180093765,0.39296287298202515,-0.036627836525440216,0.03761063888669014,-0.050222862511873245
frame_001062.png,frame_001063.png,0.0946878120303154,-0.002762768417596817,0.4294847249984741,-0.02309297025203705,0.041291769593954086,-0.042536742985248566
frame_001063.png,frame_001064.png,0.07698791474103928,-0.015315629541873932,0.45709219574928284,-0.011836308054625988,0.04335230588912964,-0.03687462583184242
frame_001064.png,frame_001065.png,0.06080862134695053,-0.026264920830726624,0.4751375615596771,-0.00664165522903204,0.04141414165496826,-0.03103087842464447
frame_001065.png,frame_001066.png,0.05600214749574661,-0.03604043275117874,0.4821796119213104,-0.0057913800701498985,0.037959467619657516,-0.022395629435777664
frame_001066.png,frame_001067.png,0.057238008826971054,-0.04320994019508362,0.48545631766319275,-0.007346907630562782,0.0355832614004612,-0.018920518457889557
frame_001067.png,frame_001068.png,0.062254708260297775,-0.04806403070688248,0.4855540692806244,-0.010361540131270885,0.03349480777978897,-0.01955009251832962
frame_001068.png,frame_001069.png,0.06797955930233002,-0.05024948716163635,0.48455682396888733,-0.012062516063451767,0.03144560381770134,-0.023140888661146164
frame_001069.png,frame_001070.png,0.07422870397567749,-0.049700524657964706,0.4841420352458954,-0.013369607739150524,0.030143018811941147,-0.02661452442407608
frame_001070.png,frame_001071.png,0.07687529921531677,-0.050156936049461365,0.4845995008945465,-0.01664012297987938,0.0297197625041008,-0.03059612587094307
frame_001071.png,frame_001072.png,0.08020833879709244,-0.04995882511138916,0.48707011342048645,-0.02284836769104004,0.03168289735913277,-0.03614940494298935
frame_001072.png,frame_001073.png,0.0884568989276886,-0.04780176654458046,0.47856637835502625,-0.02634640410542488,0.03621157258749008,-0.038216255605220795
frame_001073.png,frame_001074.png,0.10503572225570679,-0.039006538689136505,0.4562259018421173,-0.03469410911202431,0.03936091810464859,-0.0479198694229126
frame_001074.png,frame_001075.png,0.12809675931930542,-0.016149058938026428,0.41212907433509827,-0.04558310657739639,0.03994375839829445,-0.06394887715578079
frame_001075.png,frame_001076.png,0.14813074469566345,0.002035491168498993,0.3868406116962433,-0.05282863229513168,0.041634827852249146,-0.06272100657224655
frame_001076.png,frame_001077.png,0.16330337524414062,0.011220917105674744,0.3682554066181183,-0.06061788275837898,0.038428984582424164,-0.053652577102184296
frame_001077.png,frame_001078.png,0.1760866940021515,0.019474714994430542,0.34946784377098083,-0.0637471005320549,0.03578760474920273,-0.05106057599186897
frame_001078.png,frame_001079.png,0.18935710191726685,0.026873871684074402,0.33880966901779175,-0.05529940873384476,0.03249167278409004,-0.04907368868589401
frame_001079.png,frame_001080.png,0.19835588335990906,0.028910338878631592,0.33432433009147644,-0.04478760436177254,0.028898410499095917,-0.03567078709602356
frame_001080.png,frame_001081.png,0.2129007875919342,0.026213884353637695,0.3168654143810272,-0.0291484035551548,0.02256006747484207,-0.01779976859688759
frame_001081.png,frame_001082.png,0.2139780968427658,0.02242165058851242,0.3031444251537323,-0.022291216999292374,0.019837211817502975,-0.006969853304326534
frame_001082.png,frame_001083.png,0.20425409078598022,0.021173380315303802,0.2960900366306305,-0.018641848117113113,0.019729848951101303,0.002166018821299076
frame_001083.png,frame_001084.png,0.1997099220752716,0.01853788271546364,0.2892516255378723,-0.012968746945261955,0.017107229679822922,0.006188611499965191
frame_001084.png,frame_001085.png,0.19257211685180664,0.014657609164714813,0.2823134958744049,-0.012174329720437527,0.015954062342643738,0.012843537144362926
frame_001085.png,frame_001086.png,0.19003355503082275,0.012223482131958008,0.2796712815761566,-0.011425638571381569,0.015407188795506954,0.018326368182897568
frame_001086.png,frame_001087.png,0.19362203776836395,0.010496150702238083,0.27899089455604553,-0.009441443718969822,0.016594231128692627,0.01862732321023941
frame_001087.png,frame_001088.png,0.19098088145256042,0.007556311786174774,0.27978214621543884,-0.008235816843807697,0.01717827469110489,0.020700786262750626
frame_001088.png,frame_001089.png,0.19220474362373352,0.005882583558559418,0.28265580534935,-0.010743075050413609,0.017175044864416122,0.022044070065021515
frame_001089.png,frame_001090.png,0.20144815742969513,0.0034966804087162018,0.2836546003818512,-0.018313121050596237,0.017301376909017563,0.01949741318821907
frame_001090.png,frame_001091.png,0.21040064096450806,0.002947472035884857,0.28683891892433167,-0.017985697835683823,0.018815532326698303,0.020293638110160828
frame_001091.png,frame_001092.png,0.20477700233459473,0.006546922028064728,0.2997353971004486,-0.0226718969643116,0.017760057002305984,0.004071020521223545
frame_001092.png,frame_001093.png,0.194242462515831,0.011223219335079193,0.3245460093021393,-0.0271289125084877,0.019288823008537292,-0.005979555658996105
frame_001093.png,frame_001094.png,0.18558992445468903,0.021000035107135773,0.34510770440101624,-0.03249526023864746,0.02305184304714203,-0.009590967558324337
frame_001094.png,frame_001095.png,0.19798943400382996,0.03077593445777893,0.36305615305900574,-0.02747263014316559,0.020739484578371048,-0.009994546882808208
frame_001095.png,frame_001096.png,0.201424241065979,0.03855906426906586,0.37123405933380127,-0.03340369462966919,0.020744994282722473,-0.001699681393802166
frame_001096.png,frame_001097.png,0.200771301984787,0.043025851249694824,0.3763498365879059,-0.03520641475915909,0.025719627737998962,0.0031888028606772423
frame_001097.png,frame_001098.png,0.20025378465652466,0.03869595378637314,0.3748355209827423,-0.027517326176166534,0.01647697016596794,0.007156618870794773
frame_001098.png,frame_001099.png,0.19904351234436035,0.03461000323295593,0.3762049973011017,-0.020245585590600967,0.00832830835133791,0.013865218497812748
frame_001099.png,frame_001100.png,0.1984165608882904,0.022687062621116638,0.388408899307251,-0.013566954992711544,0.005139785818755627,0.023204553872346878
frame_001100.png,frame_001101.png,0.19345919787883759,0.01727815717458725,0.39716216921806335,-0.01439372356981039,0.003915752284228802,0.02851792424917221
frame_001101.png,frame_001102.png,0.1923849880695343,0.02058575302362442,0.41013723611831665,-0.02212265133857727,0.005389350466430187,0.02617785334587097
frame_001102.png,frame_001103.png,0.21054518222808838,0.031007304787635803,0.4153687655925751,-0.033553820103406906,0.010491612367331982,0.02465464174747467
frame_001103.png,frame_001104.png,0.2270810306072235,0.033899784088134766,0.40998008847236633,-0.037104055285453796,0.014002070762217045,0.03113139420747757
frame_001104.png,frame_001105.png,0.23429307341575623,0.03128908574581146,0.38458487391471863,-0.029147706925868988,0.00758304912596941,0.04875178262591362
frame_001105.png,frame_001106.png,0.26270636916160583,0.023028649389743805,0.33712103962898254,-0.019823558628559113,0.0017723506316542625,0.07839550077915192
frame_001106.png,frame_001107.png,0.2658226191997528,0.032714881002902985,0.31744083762168884,-0.010822727344930172,-0.0009608333930373192,0.10840179026126862
frame_001107.png,frame_001108.png,0.24175694584846497,0.05006270110607147,0.27597132325172424,-0.010598107241094112,-0.005020421929657459,0.0896473228931427
frame_001108.png,frame_001109.png,0.22617602348327637,0.0770980641245842,0.2517501413822174,-0.030142202973365784,-0.009757482446730137,0.048913631588220596
frame_001109.png,frame_001110.png,0.2308494746685028,0.08934397250413895,0.201033815741539,-0.025558985769748688,-0.022529836744070053,0.02143019065260887
frame_001110.png,frame_001111.png,0.2351657748222351,0.09928641468286514,0.15253543853759766,-0.022661689668893814,-0.019833847880363464,0.006529710255563259
frame_001111.png,frame_001112.png,0.1942458152770996,0.11468210071325302,0.14489208161830902,-0.025265946984291077,-0.019497428089380264,-0.008868207223713398
frame_001112.png,frame_001113.png,0.16229376196861267,0.12218425422906876,0.14722082018852234,-0.02082284539937973,-0.01667945832014084,-0.025178324431180954
frame_001113.png,frame_001114.png,0.14837980270385742,0.1115116998553276,0.16662809252738953,-0.01869390532374382,-0.010576614178717136,-0.01941196247935295
frame_001114.png,frame_001115.png,0.14418315887451172,0.10250324755907059,0.18738919496536255,-0.019377421587705612,-0.00815452728420496,-0.010200914926826954
frame_001115.png,frame_001116.png,0.15101009607315063,0.10311786085367203,0.18170109391212463,-0.017533447593450546,-0.010650747455656528,0.0044755758717656136
frame_001116.png,frame_001117.png,0.15943527221679688,0.10512135177850723,0.1440974622964859,-0.0239521823823452,-0.01236919779330492,0.016037408262491226
frame_001117.png,frame_001118.png,0.16865526139736176,0.1089264526963234,0.11237810552120209,-0.03475288301706314,-0.016991645097732544,0.018288560211658478
frame_001118.png,frame_001119.png,0.17303425073623657,0.11213207989931107,0.094490647315979,-0.04318399727344513,-0.01951019838452339,0.02122986689209938
frame_001119.png,frame_001120.png,0.15772265195846558,0.11673826724290848,0.07197728753089905,-0.04742403328418732,-0.020014688372612,0.040563564747571945
frame_001120.png,frame_001121.png,0.14552831649780273,0.1190684512257576,0.0844753086566925,-0.062283433973789215,-0.0197741761803627,0.051258739084005356
frame_001121.png,frame_001122.png,0.1254749745130539,0.12094110995531082,0.09485974907875061,-0.09559184312820435,-0.01654890924692154,0.05934674292802811
frame_001122.png,frame_001123.png,0.1348797082901001,0.11860207468271255,0.08977816998958588,-0.10985294729471207,-0.009296112693846226,0.05678162723779678
frame_001123.png,frame_001124.png,0.15732967853546143,0.11341755837202072,0.08689352869987488,-0.11887556314468384,0.007204274646937847,0.07202444970607758
frame_001124.png,frame_001125.png,0.1892368495464325,0.1012435033917427,0.06269587576389313,-0.11608986556529999,0.02963338792324066,0.07733555138111115
frame_001125.png,frame_001126.png,0.21205975115299225,0.09332182258367538,0.06526781618595123,-0.12185332179069519,0.04408282786607742,0.07838575541973114
frame_001126.png,frame_001127.png,0.22548222541809082,0.08536060899496078,0.06951375305652618,-0.14142629504203796,0.04867083951830864,0.07393808662891388
frame_001127.png,frame_001128.png,0.24232810735702515,0.07650577276945114,0.0838903933763504,-0.1381639689207077,0.05489465966820717,0.09220792353153229
frame_001128.png,frame_001129.png,0.22287917137145996,0.06376367807388306,0.11579255759716034,-0.12461496889591217,0.06114140897989273,0.11051630973815918
frame_001129.png,frame_001130.png,0.22187381982803345,0.0723162516951561,0.15501070022583008,-0.11029127240180969,0.05736658349633217,0.11888626217842102
frame_001130.png,frame_001131.png,0.1986812949180603,0.061011262238025665,0.19296854734420776,-0.1005076989531517,0.058665771037340164,0.14489728212356567
frame_001131.png,frame_001132.png,0.16418740153312683,0.057151831686496735,0.22796863317489624,-0.09001901745796204,0.055714938789606094,0.14581133425235748
frame_001132.png,frame_001133.png,0.15232032537460327,0.05521666258573532,0.25679811835289,-0.07320589572191238,0.053966082632541656,0.14452004432678223
frame_001133.png,frame_001134.png,0.14417818188667297,0.05185694247484207,0.2775527536869049,-0.06603937596082687,0.049555860459804535,0.13707122206687927
frame_001134.png,frame_001135.png,0.1402193307876587,0.043941937386989594,0.27757683396339417,-0.0615924708545208,0.04868698865175247,0.13241495192050934
frame_001135.png,frame_001136.png,0.14466427266597748,0.041326217353343964,0.26925280690193176,-0.05684058740735054,0.04366051405668259,0.12011881172657013
frame_001136.png,frame_001137.png,0.15204210579395294,0.038285546004772186,0.2640909254550934,-0.052946776151657104,0.04120412841439247,0.11573246121406555
frame_001137.png,frame_001138.png,0.15944939851760864,0.03263697773218155,0.24412137269973755,-0.05621965974569321,0.04201202094554901,0.11640936136245728
frame_001138.png,frame_001139.png,0.1625041365623474,0.03669010102748871,0.23294112086296082,-0.06433787196874619,0.037921544164419174,0.10577964037656784
frame_001139.png,frame_001140.png,0.18472719192504883,0.03856203705072403,0.2084263563156128,-0.08233784884214401,0.04023098573088646,0.09854517132043839
frame_001140.png,frame_001141.png,0.20906201004981995,0.042369335889816284,0.1789012998342514,-0.08472272008657455,0.04229247197508812,0.0883016288280487
frame_001141.png,frame_001142.png,0.21587887406349182,0.04766295105218887,0.16611510515213013,-0.0864565446972847,0.040390681475400925,0.08203834295272827
frame_001142.png,frame_001143.png,0.21940606832504272,0.053438104689121246,0.15874582529067993,-0.08667711168527603,0.04374910518527031,0.08579646050930023
frame_001143.png,frame_001144.png,0.21754682064056396,0.05700863152742386,0.1505264937877655,-0.08330060541629791,0.04792068898677826,0.08634400367736816
frame_001144.png,frame_001145.png,0.2139522135257721,0.06036034971475601,0.14630933105945587,-0.08555062115192413,0.049190789461135864,0.0856393426656723
frame_001145.png,frame_001146.png,0.2114153802394867,0.06554409116506577,0.1447298526763916,-0.08822330832481384,0.04873957484960556,0.0808701291680336
frame_001146.png,frame_001147.png,0.2133783996105194,0.0697360411286354,0.1448131501674652,-0.09408394992351532,0.049769073724746704,0.08297222852706909
frame_001147.png,frame_001148.png,0.2157728374004364,0.07088377326726913,0.1434043049812317,-0.09994460642337799,0.048842962831258774,0.08857853710651398
frame_001148.png,frame_001149.png,0.23078429698944092,0.07150384038686752,0.14937102794647217,-0.10513898730278015,0.054162684828042984,0.09541328251361847
frame_001149.png,frame_001150.png,0.21553894877433777,0.06406593322753906,0.15638944506645203,-0.11379209160804749,0.05842654034495354,0.09549946337938309
frame_001150.png,frame_001151.png,0.19304095208644867,0.06487315148115158,0.19084233045578003,-0.11009658128023148,0.053555574268102646,0.10449041426181793
frame_001151.png,frame_001152.png,0.2004934400320053,0.07707058638334274,0.21464914083480835,-0.10565157234668732,0.04872538894414902,0.11253644526004791
frame_001152.png,frame_001153.png,0.18861928582191467,0.07941753417253494,0.23133127391338348,-0.10431009531021118,0.046543579548597336,0.12592417001724243
frame_001153.png,frame_001154.png,0.17078518867492676,0.0896625891327858,0.24065101146697998,-0.08851665258407593,0.04285546764731407,0.12408146262168884
frame_001154.png,frame_001155.png,0.17041200399398804,0.09517756849527359,0.2493363320827484,-0.07939279824495316,0.043115049600601196,0.12356661260128021
frame_001155.png,frame_001156.png,0.1829596310853958,0.10829237848520279,0.23883628845214844,-0.06113007292151451,0.03931092843413353,0.11476868391036987
frame_001156.png,frame_001157.png,0.19507846236228943,0.11886099725961685,0.2267865091562271,-0.04534219205379486,0.031088560819625854,0.10979241877794266
frame_001157.png,frame_001158.png,0.20654036104679108,0.12134493142366409,0.21136903762817383,-0.030986979603767395,0.0233047753572464,0.10508719086647034
frame_001158.png,frame_001159.png,0.2184237837791443,0.12345588952302933,0.19970713555812836,-0.01866414025425911,0.017606865614652634,0.1003296971321106
frame_001159.png,frame_001160.png,0.22920012474060059,0.1254536509513855,0.19286030530929565,-0.012825912795960903,0.013549821451306343,0.09399549663066864
frame_001160.png,frame_001161.png,0.24103400111198425,0.1309223473072052,0.18711167573928833,-0.011335990391671658,0.010999016463756561,0.08895649015903473
frame_001161.png,frame_001162.png,0.24668222665786743,0.135885089635849,0.18524140119552612,-0.005269586108624935,0.009296063333749771,0.08419550955295563
frame_001162.png,frame_001163.png,0.2470293641090393,0.1435990035533905,0.1945563703775406,-0.013147673569619656,0.009113461710512638,0.07119932770729065
frame_001163.png,frame_001164.png,0.2460373044013977,0.13214287161827087,0.20936639606952667,-0.029069382697343826,0.021838665008544922,0.07880094647407532
frame_001164.png,frame_001165.png,0.2267048954963684,0.10723120719194412,0.21088343858718872,-0.06591416150331497,0.04118531569838524,0.10159747302532196
frame_001165.png,frame_001166.png,0.24425479769706726,0.0950591042637825,0.18581987917423248,-0.07077034562826157,0.049461230635643005,0.10949504375457764
frame_001166.png,frame_001167.png,0.27433446049690247,0.0859358087182045,0.1553616225719452,-0.08614403009414673,0.06426491588354111,0.09466983377933502
frame_001167.png,frame_001168.png,0.3119295835494995,0.08724407106637955,0.14572206139564514,-0.09191560000181198,0.06460113823413849,0.06499121338129044
frame_001168.png,frame_001169.png,0.33777767419815063,0.08952970057725906,0.1454658806324005,-0.07091598957777023,0.059910036623477936,0.05445361137390137
frame_001169.png,frame_001170.png,0.33499738574028015,0.09039818495512009,0.13505464792251587,-0.06399992108345032,0.046618349850177765,0.060280635952949524
frame_001170.png,frame_001171.png,0.30687931180000305,0.09409186989068985,0.12261092662811279,-0.05958913266658783,0.03478732332587242,0.06354101747274399
frame_001171.png,frame_001172.png,0.28082290291786194,0.10670984536409378,0.11436954140663147,-0.04285573959350586,0.02475639432668686,0.05674091726541519
frame_001172.png,frame_001173.png,0.26595330238342285,0.12081543356180191,0.11274467408657074,-0.0303448885679245,0.019981373101472855,0.06226527690887451
frame_001173.png,frame_001174.png,0.24476847052574158,0.12197085469961166,0.120351642370224,-0.0431390255689621,0.01658371090888977,0.05474822223186493
frame_001174.png,frame_001175.png,0.22485724091529846,0.12545350193977356,0.1315450519323349,-0.04891260340809822,0.0119327986612916,0.03858126327395439
frame_001175.png,frame_001176.png,0.2220284342765808,0.13259226083755493,0.13154996931552887,-0.03659884259104729,0.004966321401298046,0.023511584848165512
frame_001176.png,frame_001177.png,0.22121164202690125,0.13678079843521118,0.132136270403862,-0.027467187494039536,-0.0011161239817738533,0.015439816750586033
frame_001177.png,frame_001178.png,0.21843385696411133,0.13663169741630554,0.12980617582798004,-0.022813700139522552,-0.004487077705562115,0.010928760282695293
frame_001178.png,frame_001179.png,0.21718263626098633,0.13455939292907715,0.11721886694431305,-0.02204054966568947,-0.005568492226302624,0.008356946520507336
frame_001179.png,frame_001180.png,0.22645312547683716,0.13385620713233948,0.10040819644927979,-0.022213246673345566,-0.004554434679448605,0.00792903732508421
frame_001180.png,frame_001181.png,0.2321811318397522,0.1320427656173706,0.08713287115097046,-0.024836018681526184,-0.004457247443497181,0.005245392210781574
frame_001181.png,frame_001182.png,0.2375037968158722,0.13029265403747559,0.07518307864665985,-0.026195812970399857,-0.004195139743387699,0.00295280572026968
frame_001182.png,frame_001183.png,0.2412710189819336,0.12633037567138672,0.06801483035087585,-0.029085706919431686,-0.0037495018914341927,0.005834651179611683
frame_001183.png,frame_001184.png,0.23627248406410217,0.11984134465456009,0.06480982899665833,-0.025205206125974655,-0.004046441055834293,0.011550680734217167
frame_001184.png,frame_001185.png,0.22774717211723328,0.11376386135816574,0.06563316285610199,-0.0222151018679142,-0.0024376297369599342,0.013680464588105679
frame_001185.png,frame_001186.png,0.22726944088935852,0.1119222417473793,0.06398800015449524,-0.019315144047141075,-0.000987091101706028,0.010962317697703838
frame_001186.png,frame_001187.png,0.23507222533226013,0.11148307472467422,0.047558072954416275,-0.01692945510149002,0.0010989373549818993,0.010845107026398182
frame_001187.png,frame_001188.png,0.2422439157962799,0.11480007320642471,0.032349273562431335,-0.0230025015771389,0.0010622693225741386,0.013502794317901134
frame_001188.png,frame_001189.png,0.2508966326713562,0.12044619768857956,0.011070732027292252,-0.027231182903051376,0.001757732592523098,0.014433757402002811
frame_001189.png,frame_001190.png,0.2525435984134674,0.12770837545394897,-0.006710704416036606,-0.030932117253541946,-0.00012086424976587296,0.00931056309491396
frame_001190.png,frame_001191.png,0.2362023890018463,0.13488629460334778,-0.008506972342729568,-0.029108237475156784,0.001370246522128582,-0.0033231666311621666
frame_001191.png,frame_001192.png,0.20741337537765503,0.13916760683059692,0.004970308393239975,-0.033512067049741745,-0.0026860134676098824,-0.01416583638638258
frame_001192.png,frame_001193.png,0.1805586814880371,0.13251525163650513,0.028665367513895035,-0.04070974886417389,-0.008203432895243168,-0.02252022549510002
frame_001193.png,frame_001194.png,0.16438859701156616,0.11958978325128555,0.05906077101826668,-0.032477475702762604,-0.014606029726564884,-0.010729285888373852
frame_001194.png,frame_001195.png,0.1506178379058838,0.1104135736823082,0.08133777976036072,-0.03587667644023895,-0.02601195126771927,0.014230254106223583
frame_001195.png,frame_001196.png,0.1543886661529541,0.09744981676340103,0.08221478760242462,-0.037881117314100266,-0.03139537572860718,0.026485666632652283
frame_001196.png,frame_001197.png,0.16477316617965698,0.08987266570329666,0.08858142793178558,-0.040383536368608475,-0.03360118716955185,0.03600288927555084
frame_001197.png,frame_001198.png,0.16996508836746216,0.09335009008646011,0.09622551500797272,-0.04359917342662811,-0.03147347643971443,0.03475752845406532
frame_001198.png,frame_001199.png,0.16137400269508362,0.09613605588674545,0.10377679765224457,-0.05120734125375748,-0.031229402869939804,0.040563538670539856
frame_001199.png,frame_001200.png,0.15533220767974854,0.09668803960084915,0.10731764137744904,-0.05201523005962372,-0.029325373470783234,0.03854290395975113
frame_001200.png,frame_001201.png,0.14812874794006348,0.09803695231676102,0.1038941740989685,-0.05443483591079712,-0.03011373057961464,0.03324815258383751
frame_001201.png,frame_001202.png,0.13793039321899414,0.09965955466032028,0.09792807698249817,-0.05645943805575371,-0.030682392418384552,0.027773067355155945
frame_001202.png,frame_001203.png,0.12195854634046555,0.1009816899895668,0.09471863508224487,-0.059151891618967056,-0.03011653944849968,0.02858199179172516
frame_001203.png,frame_001204.png,0.11273659020662308,0.10347116738557816,0.094358891248703,-0.05915341526269913,-0.029971208423376083,0.02626856416463852
frame_001204.png,frame_001205.png,0.10261385887861252,0.10577336698770523,0.09183070063591003,-0.05836167559027672,-0.029398608952760696,0.028364695608615875
frame_001205.png,frame_001206.png,0.09336666762828827,0.10794257372617722,0.09721268713474274,-0.056530389934778214,-0.026818156242370605,0.02745644748210907
frame_001206.png,frame_001207.png,0.08802221715450287,0.10965431481599808,0.09887486696243286,-0.05386020243167877,-0.023289348930120468,0.032058559358119965
frame_001207.png,frame_001208.png,0.0838218554854393,0.11097715049982071,0.10160401463508606,-0.051780492067337036,-0.02193351462483406,0.04368356987833977
frame_001208.png,frame_001209.png,0.07906144112348557,0.11107634752988815,0.09771285951137543,-0.04776866361498833,-0.018403708934783936,0.04483212158083916
frame_001209.png,frame_001210.png,0.07780226320028305,0.10867635160684586,0.08630923926830292,-0.042529404163360596,-0.01450358983129263,0.04910511523485184
frame_001210.png,frame_001211.png,0.07727193832397461,0.10531225055456161,0.08164265751838684,-0.039733871817588806,-0.010353569872677326,0.048282478004693985
frame_001211.png,frame_001212.png,0.07646255940198898,0.10492048412561417,0.07909426093101501,-0.035071905702352524,-0.008937829174101353,0.04569064825773239
frame_001212.png,frame_001213.png,0.074256032705307,0.10375235229730606,0.07779346406459808,-0.03343809023499489,-0.00744151696562767,0.04100988060235977
frame_001213.png,frame_001214.png,0.07030175626277924,0.10426516085863113,0.07990056276321411,-0.032967470586299896,-0.006857971660792828,0.035988949239254
frame_001214.png,frame_001215.png,0.06745447218418121,0.10333707183599472,0.08293235301971436,-0.029934514313936234,-0.007780217565596104,0.03444264084100723
frame_001215.png,frame_001216.png,0.06373269855976105,0.10265911370515823,0.08484229445457458,-0.023653626441955566,-0.008923926390707493,0.03443557769060135
frame_001216.png,frame_001217.png,0.05895976722240448,0.10281070321798325,0.08694402873516083,-0.013692914508283138,-0.010582447983324528,0.04469463601708412
frame_001217.png,frame_001218.png,0.06257530301809311,0.10242775827646255,0.0876208245754242,-0.0036026081070303917,-0.002775651402771473,0.038841404020786285
frame_001218.png,frame_001219.png,0.06134508177638054,0.10576716810464859,0.09770913422107697,-0.002864978276193142,-0.0048503633588552475,0.036719560623168945
frame_001219.png,frame_001220.png,0.07140842825174332,0.10773620754480362,0.11247086524963379,-0.008523705415427685,-0.007734152488410473,0.020238399505615234
frame_001220.png,frame_001221.png,0.07235720753669739,0.09421027451753616,0.16786786913871765,-0.006637907586991787,-0.010186613537371159,0.0021287081763148308
frame_001221.png,frame_001222.png,0.07814402133226395,0.09653636068105698,0.1778729110956192,-0.008836704306304455,-0.017806224524974823,-0.02264496684074402
frame_001222.png,frame_001223.png,0.06475292146205902,0.10032466799020767,0.16249634325504303,-0.016627255827188492,-0.03213181346654892,-0.01944168657064438
frame_001223.png,frame_001224.png,0.058654095977544785,0.07994332909584045,0.11941447854042053,-0.003740980289876461,-0.03984411805868149,0.021210040897130966
frame_001224.png,frame_001225.png,0.06686842441558838,0.08469795435667038,0.11370852589607239,0.012290810234844685,-0.033501189202070236,0.04472340643405914
frame_001225.png,frame_001226.png,0.07869917154312134,0.07206470519304276,0.12430000305175781,-0.0033311275765299797,-0.02624388039112091,0.05494699627161026
frame_001226.png,frame_001227.png,0.08087700605392456,0.053543560206890106,0.14274686574935913,-0.022751368582248688,-0.01968863606452942,0.05488461256027222
frame_001227.png,frame_001228.png,0.10310579836368561,0.04793977737426758,0.15158452093601227,-0.021365929394960403,-0.00596147496253252,0.042523983865976334
frame_001228.png,frame_001229.png,0.10990609228610992,0.04009845107793808,0.18005891144275665,-0.023718226701021194,0.0024153487756848335,0.03340934216976166
frame_001229.png,frame_001230.png,0.12026484310626984,0.04661932587623596,0.20071610808372498,-0.020310863852500916,0.006966955028474331,0.028531815856695175
frame_001230.png,frame_001231.png,0.13011442124843597,0.06276582926511765,0.21300891041755676,-0.026632040739059448,0.006295954808592796,0.016825158149003983
frame_001231.png,frame_001232.png,0.12748125195503235,0.071964330971241,0.2092967927455902,-0.0441480427980423,0.005208511836826801,0.012360268272459507
frame_001232.png,frame_001233.png,0.13594363629817963,0.07376306504011154,0.19834569096565247,-0.041613735258579254,0.0036435374058783054,0.016191042959690094
frame_001233.png,frame_001234.png,0.11903280019760132,0.06161574274301529,0.17613928020000458,-0.033679332584142685,-0.0007470780983567238,0.034263771027326584
frame_001234.png,frame_001235.png,0.10931193083524704,0.04625261574983597,0.18209294974803925,-0.026351846754550934,-0.005741853266954422,0.056920818984508514
frame_001235.png,frame_001236.png,0.10549046099185944,0.054663434624671936,0.15832167863845825,0.004975699819624424,-0.00963305402547121,0.05844169855117798
frame_001236.png,frame_001237.png,0.09556642174720764,0.05076148360967636,0.09783771634101868,-0.020213991403579712,-0.018271274864673615,0.06270068138837814
frame_001237.png,frame_001238.png,0.1112324595451355,0.06839025765657425,0.05523485317826271,-0.03193463385105133,-0.011146537028253078,0.06909746676683426
frame_001238.png,frame_001239.png,0.08664578944444656,0.05633620172739029,0.07141602039337158,-0.06224416196346283,-0.014490255154669285,0.06884842365980148
frame_001239.png,frame_001240.png,0.07907484471797943,0.07548719644546509,0.11630088090896606,-0.06680215150117874,-0.009011995978653431,0.07086864858865738
frame_001240.png,frame_001241.png,0.07891541719436646,0.08328864723443985,0.10042333602905273,-0.06709499657154083,-0.003241666592657566,0.06930071115493774
frame_001241.png,frame_001242.png,0.07402752339839935,0.08108171075582504,0.0930233895778656,-0.05621352046728134,-0.001019725576043129,0.06634720414876938
frame_001242.png,frame_001243.png,0.08167435228824615,0.09699160605669022,0.09979774057865143,-0.07273846864700317,-0.0024027144536376,0.027754217386245728
frame_001243.png,frame_001244.png,0.09155692160129547,0.10856807976961136,0.08560307323932648,-0.10907255113124847,0.006046738475561142,0.016896717250347137
frame_001244.png,frame_001245.png,0.11503730714321136,0.09933245927095413,0.05899503454566002,-0.11171549558639526,0.00506365392357111,0.025855563580989838
frame_001245.png,frame_001246.png,0.12656813859939575,0.09971322864294052,0.0632009357213974,-0.07409748435020447,0.006335803307592869,0.039064064621925354
frame_001246.png,frame_001247.png,0.11801028251647949,0.10229817777872086,0.08686074614524841,-0.05137447267770767,0.013400242663919926,0.04723518341779709
frame_001247.png,frame_001248.png,0.13077619671821594,0.09444636851549149,0.10212670266628265,-0.0289309099316597,0.02361351251602173,0.05371910333633423
frame_001248.png,frame_001249.png,0.1436481475830078,0.08902250975370407,0.11666861176490784,-0.013873114250600338,0.032150667160749435,0.049406055361032486
frame_001249.png,frame_001250.png,0.14648336172103882,0.08964655548334122,0.13116592168807983,-0.011473710648715496,0.034529611468315125,0.051419079303741455
frame_001250.png,frame_001251.png,0.15213322639465332,0.0991765633225441,0.1301070898771286,-0.015632878988981247,0.030704036355018616,0.06268373876810074
frame_001251.png,frame_001252.png,0.13822034001350403,0.10247129946947098,0.12327443063259125,-0.029043283313512802,0.02496425434947014,0.07574259489774704
frame_001252.png,frame_001253.png,0.15384645760059357,0.11767692118883133,0.1182267814874649,-0.04542367160320282,0.023093655705451965,0.05924247205257416
frame_001253.png,frame_001254.png,0.12819145619869232,0.12674617767333984,0.1373772919178009,-0.059314124286174774,0.010682155378162861,0.03584282100200653
frame_001254.png,frame_001255.png,0.09327962249517441,0.12754464149475098,0.1753852814435959,-0.09861426055431366,0.0044888947159051895,-0.0043022288009524345
frame_001255.png,frame_001256.png,0.08508650213479996,0.1286332607269287,0.1651357263326645,-0.09614946693181992,0.0007268884219229221,-0.009143843315541744
frame_001256.png,frame_001257.png,0.09623828530311584,0.11813168972730637,0.13166595995426178,-0.06127360835671425,-0.001880258321762085,0.005870622582733631
frame_001257.png,frame_001258.png,0.08964689075946808,0.12167233973741531,0.10110385715961456,-0.061660781502723694,-0.00011909473687410355,0.022573068737983704
frame_001258.png,frame_001259.png,0.08609890192747116,0.12947532534599304,0.08886793255805969,-0.06414323300123215,8.934549987316132e-05,0.03967650979757309
frame_001259.png,frame_001260.png,0.08173497766256332,0.1394803822040558,0.09055450558662415,-0.03407017141580582,-0.005318853072822094,0.038552261888980865
frame_001260.png,frame_001261.png,0.07568386197090149,0.13739576935768127,0.10026489198207855,-0.02971247211098671,-0.004528617486357689,0.04750293120741844
frame_001261.png,frame_001262.png,0.061304666101932526,0.12884342670440674,0.11216580867767334,-0.02885870262980461,-0.003992845304310322,0.05112411081790924
frame_001262.png,frame_001263.png,0.02824264019727707,0.10806087404489517,0.11757978796958923,-0.014624717645347118,-0.0002178642898797989,0.045697860419750214
frame_001263.png,frame_001264.png,-0.017581507563591003,0.07943595200777054,0.12913286685943604,0.012901690788567066,0.004245216026902199,0.032381877303123474
frame_001264.png,frame_001265.png,-0.057728759944438934,0.04903630167245865,0.1474308967590332,0.009899984113872051,0.004696603864431381,0.04394298791885376
frame_001265.png,frame_001266.png,-0.1173725500702858,0.04045381397008896,0.16435030102729797,0.013640222139656544,-0.004729054868221283,0.043783798813819885
frame_001266.png,frame_001267.png,-0.09682448953390121,0.0330948606133461,0.1833408772945404,-0.00836255680769682,-9.26600769162178e-05,0.07846907526254654
frame_001267.png,frame_001268.png,-0.1029837355017662,0.046382226049900055,0.1710585355758667,-0.026684105396270752,0.0022388873621821404,0.05568992346525192
frame_001268.png,frame_001269.png,-0.09365957230329514,0.03816354274749756,0.15699928998947144,-0.07769418507814407,0.006909056566655636,0.09919604659080505
frame_001269.png,frame_001270.png,-0.11179328709840775,0.032720111310482025,0.17114725708961487,-0.08522172272205353,0.008982568047940731,0.07904144376516342
frame_001270.png,frame_001271.png,-0.02926669269800186,0.04515993595123291,0.15320844948291779,-0.0800304263830185,0.020162224769592285,0.09711899608373642
frame_001271.png,frame_001272.png,0.011086918413639069,0.04390867054462433,0.16703234612941742,-0.09973758459091187,0.015275987796485424,0.11054283380508423
frame_001272.png,frame_001273.png,0.05111069977283478,0.06432241201400757,0.2075531780719757,-0.056741099804639816,0.013097216375172138,0.13147981464862823
frame_001273.png,frame_001274.png,0.12257060408592224,0.08324665576219559,0.2051830291748047,-0.006832006387412548,0.005914396606385708,0.1260877251625061
frame_001274.png,frame_001275.png,0.19578629732131958,0.0896417573094368,0.15289165079593658,0.009842769242823124,0.000584716908633709,0.11919039487838745
frame_001275.png,frame_001276.png,0.2495725154876709,0.0804821327328682,0.1252431571483612,0.01856791228055954,0.002576901577413082,0.13223737478256226
frame_001276.png,frame_001277.png,0.2942872643470764,0.06050988286733627,0.09273992478847504,0.016721650958061218,0.006584085524082184,0.14885558187961578
frame_001277.png,frame_001278.png,0.30847418308258057,0.05343206971883774,0.10353545844554901,0.013728936202824116,0.005439860746264458,0.14484578371047974
frame_001278.png,frame_001279.png,0.312197744846344,0.05059283971786499,0.12141619622707367,0.019603874534368515,0.004481874871999025,0.14138534665107727
frame_001279.png,frame_001280.png,0.31454533338546753,0.05324379354715347,0.13760961592197418,0.021382831037044525,0.004370683804154396,0.1346437782049179
frame_001280.png,frame_001281.png,0.3250424265861511,0.05720379203557968,0.1511804312467575,0.021762728691101074,0.003897399641573429,0.13783961534500122
frame_001281.png,frame_001282.png,0.3429158627986908,0.06145913898944855,0.15018634498119354,0.022226110100746155,0.003825961612164974,0.1477196365594864
frame_001282.png,frame_001283.png,0.3273937702178955,0.06012357026338577,0.13369429111480713,0.028252586722373962,-0.0005478626117110252,0.1560429483652115
frame_001283.png,frame_001284.png,0.32363104820251465,0.0771849974989891,0.13374537229537964,0.04134234040975571,0.0011655008420348167,0.15215983986854553
frame_001284.png,frame_001285.png,0.32030582427978516,0.08469342440366745,0.13273105025291443,0.03770902752876282,0.02798464521765709,0.11494460701942444
frame_001285.png,frame_001286.png,0.2829785943031311,0.06904815882444382,0.18093860149383545,-0.030315257608890533,0.05067377910017967,0.10289844125509262
frame_001286.png,frame_001287.png,0.2620849609375,0.07085258513689041,0.1721045821905136,-0.017927147448062897,0.05566323548555374,0.08612625300884247
frame_001287.png,frame_001288.png,0.2806621789932251,0.07291156053543091,0.15879933536052704,-0.0569867342710495,0.05417442321777344,0.07107299566268921
frame_001288.png,frame_001289.png,0.2571122944355011,0.07977370172739029,0.16673250496387482,-0.05232982710003853,0.061595477163791656,0.07332964241504669
frame_001289.png,frame_001290.png,0.2038290798664093,0.07820921391248703,0.19603277742862701,-0.0883018895983696,0.06224839761853218,0.05683796852827072
frame_001290.png,frame_001291.png,0.15394005179405212,0.06795849651098251,0.20842553675174713,-0.0801425352692604,0.05154414474964142,0.0735970288515091
frame_001291.png,frame_001292.png,0.11718247830867767,0.059699662029743195,0.21930821239948273,-0.06256341189146042,0.046349912881851196,0.08793069422245026
frame_001292.png,frame_001293.png,0.09717382490634918,0.05174705386161804,0.22990204393863678,-0.048067606985569,0.042953088879585266,0.08574624359607697
frame_001293.png,frame_001294.png,0.07483244687318802,0.047213293612003326,0.2405354380607605,-0.04336803779006004,0.04084084928035736,0.08737974613904953
frame_001294.png,frame_001295.png,0.04878202825784683,0.03857823461294174,0.26015204191207886,-0.04681185260415077,0.04128492996096611,0.09055861830711365
frame_001295.png,frame_001296.png,0.027102068066596985,0.04357486963272095,0.2614728808403015,-0.05126136913895607,0.049153536558151245,0.08464792370796204
frame_001296.png,frame_001297.png,0.013464443385601044,0.051590412855148315,0.2549164891242981,-0.09418389946222305,0.044501904398202896,0.06778722256422043
frame_001297.png,frame_001298.png,0.05715863034129143,0.051070310175418854,0.2089991420507431,-0.09596412628889084,0.043632522225379944,0.09313663840293884
frame_001298.png,frame_001299.png,0.12402385473251343,0.05397207289934158,0.21457958221435547,-0.08638635277748108,0.046503305435180664,0.08132915943861008
frame_001299.png,frame_001300.png,0.14979125559329987,0.04215311259031296,0.24116748571395874,-0.08028577268123627,0.05466637387871742,0.1183881163597107
frame_001300.png,frame_001301.png,0.1863689422607422,0.058078981935977936,0.2585418224334717,-0.04734308645129204,0.04626278579235077,0.12640509009361267
frame_001301.png,frame_001302.png,0.21334585547447205,0.08148758858442307,0.22955933213233948,-0.006621698848903179,0.032765213400125504,0.14259599149227142
frame_001302.png,frame_001303.png,0.2776234447956085,0.08568701893091202,0.1975468397140503,0.021756134927272797,0.012193725444376469,0.14613237977027893
frame_001303.png,frame_001304.png,0.30075445771217346,0.06387800723314285,0.16026073694229126,0.030741896480321884,0.014092222787439823,0.16659137606620789
frame_001304.png,frame_001305.png,0.32135412096977234,0.053167976438999176,0.1478343904018402,0.03427177667617798,0.006219451315701008,0.1762455701828003
frame_001305.png,frame_001306.png,0.3535020649433136,0.04961691051721573,0.12800940871238708,0.04437637701630592,0.016252882778644562,0.14524796605110168
frame_001306.png,frame_001307.png,0.3585057556629181,0.052252545952796936,0.13041216135025024,0.05259888619184494,0.013141325674951077,0.12802588939666748
frame_001307.png,frame_001308.png,0.34443771839141846,0.055197618901729584,0.1436295509338379,0.05152014270424843,0.008155533112585545,0.11652114987373352
frame_001308.png,frame_001309.png,0.33695828914642334,0.053756505250930786,0.1576595902442932,0.052759893238544464,0.0027776798233389854,0.11635437607765198
frame_001309.png,frame_001310.png,0.3322616219520569,0.05680683255195618,0.17101705074310303,0.05219674110412598,-0.0016950452700257301,0.11373478174209595
frame_001310.png,frame_001311.png,0.332628071308136,0.06038474291563034,0.18240591883659363,0.048963725566864014,-0.005121263675391674,0.11381923407316208
frame_001311.png,frame_001312.png,0.3304601311683655,0.059515491127967834,0.18628132343292236,0.04526578634977341,-0.005353103391826153,0.11655423045158386
frame_001312.png,frame_001313.png,0.3276187479496002,0.05592235177755356,0.18921056389808655,0.04494170844554901,-0.0018004374578595161,0.11509276926517487
frame_001313.png,frame_001314.png,0.32342225313186646,0.05438411235809326,0.19581936299800873,0.04087310656905174,-0.0013477029278874397,0.11858808994293213
frame_001314.png,frame_001315.png,0.32364121079444885,0.05364248901605606,0.19403178989887238,0.03867173194885254,0.0015278374776244164,0.11770868301391602
frame_001315.png,frame_001316.png,0.297609806060791,0.0631539449095726,0.19393914937973022,0.03628639504313469,-0.005084541626274586,0.12666015326976776
frame_001316.png,frame_001317.png,0.27268490195274353,0.07136397808790207,0.1947629153728485,0.04111132770776749,-0.00687617901712656,0.12990538775920868
frame_001317.png,frame_001318.png,0.26356005668640137,0.07592751085758209,0.19256839156150818,0.03705015406012535,-0.009175262413918972,0.1375478208065033
frame_001318.png,frame_001319.png,0.26515433192253113,0.07246215641498566,0.17890343070030212,0.03559188172221184,-0.01385838445276022,0.1495385617017746
frame_001319.png,frame_001320.png,0.2732379138469696,0.07120119035243988,0.17772509157657623,0.039092302322387695,-0.01224920991808176,0.15373744070529938
frame_001320.png,frame_001321.png,0.2953914999961853,0.07038827985525131,0.1752801090478897,0.0400555394589901,-0.007033425383269787,0.1618160903453827
frame_001321.png,frame_001322.png,0.31126612424850464,0.06721844524145126,0.17328889667987823,0.03916511684656143,0.0008058520033955574,0.16357561945915222
frame_001322.png,frame_001323.png,0.31759387254714966,0.06603331118822098,0.17496828734874725,0.04086720943450928,0.0031643426045775414,0.16198697686195374
frame_001323.png,frame_001324.png,0.319022536277771,0.06557295471429825,0.1742546707391739,0.043603088706731796,0.0006124610081315041,0.16112089157104492
frame_001324.png,frame_001325.png,0.3266230523586273,0.062611885368824,0.17240633070468903,0.041424281895160675,-0.0015730606392025948,0.1540161669254303
frame_001325.png,frame_001326.png,0.3366904556751251,0.06034000962972641,0.16997011005878448,0.0391307957470417,-0.002015913836658001,0.1472107619047165
frame_001326.png,frame_001327.png,0.3391720950603485,0.05966953933238983,0.16981984674930573,0.03426152095198631,-0.003064488060772419,0.13849501311779022
frame_001327.png,frame_001328.png,0.33109620213508606,0.059258706867694855,0.1714339405298233,0.025598149746656418,-0.00480849202722311,0.12976805865764618
frame_001328.png,frame_001329.png,0.3184558153152466,0.062113553285598755,0.17304176092147827,0.018980715423822403,-0.00916862953454256,0.12773627042770386
frame_001329.png,frame_001330.png,0.3087449073791504,0.06757248193025589,0.17284245789051056,0.010720447637140751,-0.01051995437592268,0.12309104204177856
frame_001330.png,frame_001331.png,0.3075636029243469,0.07384542375802994,0.16601216793060303,0.008035656996071339,-0.010117833502590656,0.11548541486263275
frame_001331.png,frame_001332.png,0.31643274426460266,0.07862937450408936,0.1613117754459381,0.01092154998332262,-0.01087005902081728,0.10791105031967163
frame_001332.png,frame_001333.png,0.3024396002292633,0.07789366692304611,0.14860251545906067,0.01715712621808052,-0.02112746238708496,0.10780109465122223
frame_001333.png,frame_001334.png,0.3086780905723572,0.07560015469789505,0.1323240101337433,0.018647387623786926,-0.029242277145385742,0.11203166842460632
frame_001334.png,frame_001335.png,0.31294697523117065,0.07991158962249756,0.11716516315937042,0.01751839742064476,-0.03249206393957138,0.12807652354240417
frame_001335.png,frame_001336.png,0.29689815640449524,0.09062967449426651,0.12756645679473877,0.0004438692703843117,-0.013301954604685307,0.13450060784816742
frame_001336.png,frame_001337.png,0.2916354238986969,0.08409852534532547,0.14552953839302063,-0.01431987714022398,0.004561650566756725,0.12414345145225525
frame_001337.png,frame_001338.png,0.2980358898639679,0.09437816590070724,0.17490212619304657,-0.024831585586071014,0.022412482649087906,0.12335112690925598
frame_001338.png,frame_001339.png,0.27886614203453064,0.0853981003165245,0.19624647498130798,-0.044191598892211914,0.02804364264011383,0.1121475100517273
frame_001339.png,frame_001340.png,0.2740376591682434,0.08761096745729446,0.2033461034297943,-0.07286413013935089,0.030524078756570816,0.12243920564651489
frame_001340.png,frame_001341.png,0.3153229355812073,0.10339543968439102,0.14309333264827728,-0.04723958298563957,0.03406582400202751,0.1212942898273468
frame_001341.png,frame_001342.png,0.3423278331756592,0.13043740391731262,0.11352507770061493,0.006959755904972553,0.02928108349442482,0.08500684052705765
frame_001342.png,frame_001343.png,0.33592310547828674,0.15423166751861572,0.08709093928337097,-0.007604687474668026,0.005708268843591213,0.07117336988449097
frame_001343.png,frame_001344.png,0.2998596727848053,0.18031087517738342,0.09892670810222626,-0.007658771239221096,-0.012209714390337467,0.0270751491189003
frame_001344.png,frame_001345.png,0.24757730960845947,0.16547009348869324,0.12521278858184814,-0.02072860673069954,-0.023722801357507706,0.016037847846746445
frame_001345.png,frame_001346.png,0.21486061811447144,0.14283275604248047,0.13567346334457397,-0.03856131434440613,-0.022094998508691788,0.053558722138404846
frame_001346.png,frame_001347.png,0.2031530737876892,0.13464221358299255,0.11417809128761292,-0.03207528591156006,-0.019993700087070465,0.05864007771015167
frame_001347.png,frame_001348.png,0.1899101734161377,0.1177414134144783,0.14289262890815735,-0.05238720402121544,-0.01370770949870348,0.04971134662628174
frame_001348.png,frame_001349.png,0.18991656601428986,0.10161618143320084,0.17576119303703308,-0.04884297773241997,-0.012772426940500736,0.035977572202682495
frame_001349.png,frame_001350.png,0.1901955008506775,0.08879613131284714,0.18808352947235107,-0.032973095774650574,-0.01727050542831421,0.025622975081205368
frame_001350.png,frame_001351.png,0.17112842202186584,0.08625096827745438,0.17584633827209473,-0.004058041609823704,-0.023064900189638138,0.023399852216243744
frame_001351.png,frame_001352.png,0.16953060030937195,0.08926574140787125,0.1475287675857544,0.01841135323047638,-0.02419459819793701,0.03215093910694122
frame_001352.png,frame_001353.png,0.1744242012500763,0.09908393770456314,0.12300145626068115,0.020568791776895523,-0.025821931660175323,0.0419958122074604
frame_001353.png,frame_001354.png,0.17174679040908813,0.10317278653383255,0.09388545155525208,0.024375393986701965,-0.027225743979215622,0.053761810064315796
frame_001354.png,frame_001355.png,0.16391612589359283,0.10562232881784439,0.061179276555776596,0.03565600886940956,-0.027188561856746674,0.05986936390399933
frame_001355.png,frame_001356.png,0.15832170844078064,0.10420114547014236,0.034287694841623306,0.04559620842337608,-0.02494169771671295,0.06619291752576828
frame_001356.png,frame_001357.png,0.14842557907104492,0.10573510080575943,0.018507644534111023,0.047865837812423706,-0.023106858134269714,0.06555970758199692
frame_001357.png,frame_001358.png,0.13743381202220917,0.10337560623884201,0.01907443255186081,0.04708099365234375,-0.02180856093764305,0.06604884564876556
frame_001358.png,frame_001359.png,0.12742754817008972,0.09752611070871353,0.016668159514665604,0.05007830262184143,-0.019392240792512894,0.062090471386909485
frame_001359.png,frame_001360.png,0.11867112666368484,0.09010935574769974,0.013331111520528793,0.05625288933515549,-0.017660081386566162,0.05223071947693825
frame_001360.png,frame_001361.png,0.10877472907304764,0.07751123607158661,0.006175823509693146,0.0638987347483635,-0.013631285168230534,0.04345027357339859
frame_001361.png,frame_001362.png,0.085662342607975,0.05853709578514099,-0.0016313977539539337,0.07818542420864105,-0.010938677005469799,0.029822565615177155
frame_001362.png,frame_001363.png,0.06608991324901581,0.03645207732915878,-0.003826923668384552,0.08597880601882935,-0.00856513250619173,0.020274274051189423
frame_001363.png,frame_001364.png,0.04312983527779579,0.019724488258361816,0.008685734122991562,0.08548027276992798,-0.0067095207050442696,0.02207724004983902
frame_001364.png,frame_001365.png,0.012899965047836304,0.0033693164587020874,0.02872193232178688,0.08836407214403152,-0.007604691199958324,0.019426610320806503
frame_001365.png,frame_001366.png,0.005929954349994659,0.005152709782123566,0.05198073014616966,0.07936600595712662,-0.008882501162588596,0.03164041414856911
frame_001366.png,frame_001367.png,0.008705608546733856,0.013664327561855316,0.08304636180400848,0.057067714631557465,-0.012716022320091724,0.02211989089846611
frame_001367.png,frame_001368.png,0.02407877892255783,0.035533495247364044,0.08200739324092865,0.03751795366406441,-0.024884290993213654,0.039156269282102585
frame_001368.png,frame_001369.png,0.018635578453540802,0.04114263504743576,0.08461478352546692,0.015961769968271255,-0.032145000994205475,0.045492082834243774
frame_001369.png,frame_001370.png,0.005144812166690826,0.03667096048593521,0.09810173511505127,-0.003219231031835079,-0.03331547975540161,0.039209652692079544
frame_001370.png,frame_001371.png,-0.013809069991111755,0.02892441302537918,0.10387289524078369,0.0006555719301104546,-0.025767385959625244,0.020684268325567245
frame_001371.png,frame_001372.png,-0.027873188257217407,0.03078164905309677,0.09284685552120209,0.018031045794487,-0.0213206447660923,0.0003934362903237343
frame_001372.png,frame_001373.png,-0.026395805180072784,0.04325579106807709,0.08530972898006439,0.020851653069257736,-0.024653710424900055,-0.0045126816257834435
frame_001373.png,frame_001374.png,-0.02953946590423584,0.04377468675374985,0.09383606910705566,0.02302629128098488,-0.024734504520893097,-0.010431180708110332
frame_001374.png,frame_001375.png,-0.033731527626514435,0.040099672973155975,0.10571350157260895,0.023101523518562317,-0.024085532873868942,-0.0017006387934088707
frame_001375.png,frame_001376.png,-0.029214076697826385,0.03674400597810745,0.10397987067699432,0.02771037071943283,-0.026929441839456558,0.004882954992353916
frame_001376.png,frame_001377.png,-0.03330739587545395,0.03053220361471176,0.09801159799098969,0.02391548454761505,-0.030024774372577667,0.007634905166924
frame_001377.png,frame_001378.png,-0.05133464187383652,0.026447676122188568,0.10558940470218658,0.013897781260311604,-0.02905993163585663,0.014480103738605976
frame_001378.png,frame_001379.png,-0.04543709009885788,0.013051055371761322,0.10962605476379395,0.031257160007953644,-0.028705865144729614,0.03526889905333519
frame_001379.png,frame_001380.png,-0.05278780311346054,0.018343210220336914,0.140778586268425,0.05081477761268616,-0.016335908323526382,0.03416210412979126
frame_001380.png,frame_001381.png,-0.02563122659921646,0.050922639667987823,0.13739195466041565,0.04469679668545723,-0.0028485534712672234,0.03295275941491127
frame_001381.png,frame_001382.png,0.01492871344089508,0.06896131485700607,0.16389402747154236,0.020648378878831863,-0.004469169303774834,0.07037638872861862
frame_001382.png,frame_001383.png,0.06458506733179092,0.07878796011209488,0.1641753762960434,0.026029422879219055,-0.0012283427640795708,0.09621478617191315
frame_001383.png,frame_001384.png,0.07641662657260895,0.0929923728108406,0.1430698186159134,0.02465967833995819,0.004788856953382492,0.08043323457241058
frame_001384.png,frame_001385.png,0.060900162905454636,0.07857949286699295,0.1529475897550583,0.003981751389801502,-0.0038355523720383644,0.09634637832641602
frame_001385.png,frame_001386.png,0.09217944741249084,0.07871250063180923,0.14219434559345245,-0.02335790917277336,0.009429359808564186,0.06972791254520416
frame_001386.png,frame_001387.png,0.1189982146024704,0.10095260292291641,0.1872781366109848,-0.05862417817115784,-0.00023139175027608871,0.05221638083457947
frame_001387.png,frame_001388.png,0.152800053358078,0.09710056334733963,0.16458147764205933,-0.09042439609766006,-0.0015018610283732414,0.046253785490989685
frame_001388.png,frame_001389.png,0.16969794034957886,0.11238282173871994,0.1352832019329071,-0.07920381426811218,-0.0039525991305708885,0.049774639308452606
frame_001389.png,frame_001390.png,0.17184898257255554,0.12977677583694458,0.10410991311073303,-0.08313637971878052,-0.008532253094017506,0.0362691804766655
frame_001390.png,frame_001391.png,0.19758397340774536,0.1446496546268463,0.04924188181757927,-0.08348595350980759,0.006106969900429249,0.0160350538790226
frame_001391.png,frame_001392.png,0.21441060304641724,0.13751238584518433,0.03652814403176308,-0.11935953795909882,0.020483888685703278,0.035628363490104675
frame_001392.png,frame_001393.png,0.219124436378479,0.11773417145013809,0.04722590371966362,-0.12609171867370605,0.026864439249038696,0.06688907742500305
frame_001393.png,frame_001394.png,0.23779171705245972,0.10543107241392136,0.0917322039604187,-0.13347172737121582,0.037990130484104156,0.06860502064228058
frame_001394.png,frame_001395.png,0.25338661670684814,0.10487767308950424,0.1431254744529724,-0.10991880297660828,0.04512791335582733,0.08892100304365158
frame_001395.png,frame_001396.png,0.24662211537361145,0.09105656296014786,0.17243584990501404,-0.08818882703781128,0.050338178873062134,0.09897559881210327
frame_001396.png,frame_001397.png,0.2294464409351349,0.07358204573392868,0.17641238868236542,-0.09189005196094513,0.05392919108271599,0.10950486361980438
frame_001397.png,frame_001398.png,0.21106228232383728,0.06466805934906006,0.17130495607852936,-0.11179342865943909,0.05072896182537079,0.12045486271381378
frame_001398.png,frame_001399.png,0.21903064846992493,0.05252150446176529,0.14665216207504272,-0.11195085197687149,0.055789485573768616,0.12161263823509216
frame_001399.png,frame_001400.png,0.23830237984657288,0.03754037618637085,0.1303028166294098,-0.09744300693273544,0.05596745014190674,0.13495519757270813
frame_001400.png,frame_001401.png,0.25007033348083496,0.0297815203666687,0.1379934698343277,-0.07440335303544998,0.04881788790225983,0.13391542434692383
frame_001401.png,frame_001402.png,0.2630529999732971,0.03288447856903076,0.1471116840839386,-0.05006298050284386,0.03710833191871643,0.12890931963920593
frame_001402.png,frame_001403.png,0.27655360102653503,0.037657640874385834,0.1613965481519699,-0.03204408288002014,0.02604665979743004,0.12627919018268585
frame_001403.png,frame_001404.png,0.28483620285987854,0.03898746520280838,0.1708747297525406,-0.023822978138923645,0.021378323435783386,0.1308213770389557
frame_001404.png,frame_001405.png,0.29447174072265625,0.040667466819286346,0.16909274458885193,-0.019302569329738617,0.02014245092868805,0.13626433908939362
frame_001405.png,frame_001406.png,0.29434216022491455,0.043319761753082275,0.17715394496917725,-0.015336151234805584,0.01738598197698593,0.1372624784708023
frame_001406.png,frame_001407.png,0.2896943986415863,0.049127496778964996,0.20275422930717468,-0.010913162492215633,0.013198859058320522,0.13683076202869415
frame_001407.png,frame_001408.png,0.29155582189559937,0.05256768316030502,0.21813121438026428,-0.005526828579604626,0.007846343331038952,0.1432599425315857
frame_001408.png,frame_001409.png,0.2914465069770813,0.057340338826179504,0.22284357249736786,0.00012845639139413834,0.005465277470648289,0.14968033134937286
frame_001409.png,frame_001410.png,0.2912532091140747,0.05542926490306854,0.21590662002563477,0.006566406227648258,0.001306283287703991,0.15925711393356323
frame_001410.png,frame_001411.png,0.2840051054954529,0.05068033188581467,0.2105928361415863,0.013285861350595951,-0.0028608115389943123,0.1699477583169937
frame_001411.png,frame_001412.png,0.2720116972923279,0.05594237148761749,0.2190152108669281,0.01620534062385559,-0.011085336096584797,0.17368438839912415
frame_001412.png,frame_001413.png,0.24525490403175354,0.0591815784573555,0.22781077027320862,0.004136336036026478,-0.021969754248857498,0.173272505402565
frame_001413.png,frame_001414.png,0.23280403017997742,0.05211552232503891,0.2244008183479309,0.0027791233733296394,-0.015686962753534317,0.17762364447116852
frame_001414.png,frame_001415.png,0.24089890718460083,0.0521133691072464,0.19797685742378235,0.01722767949104309,-0.008572819642722607,0.18522024154663086
frame_001415.png,frame_001416.png,0.2543339133262634,0.052520692348480225,0.16383779048919678,0.02185560017824173,-0.0049574533477425575,0.18379491567611694
frame_001416.png,frame_001417.png,0.2608097195625305,0.055515535175800323,0.15113870799541473,0.020591232925653458,-0.004731449298560619,0.16773921251296997
frame_001417.png,frame_001418.png,0.2610223889350891,0.06434275954961777,0.14142748713493347,0.012243588455021381,-0.0015228958800435066,0.13960973918437958
frame_001418.png,frame_001419.png,0.2551683783531189,0.07893568277359009,0.17012998461723328,-0.012075795792043209,0.004033422563225031,0.0990079790353775
frame_001419.png,frame_001420.png,0.26163724064826965,0.08624590188264847,0.19232380390167236,-0.027099810540676117,0.008661692962050438,0.08218061923980713
frame_001420.png,frame_001421.png,0.273305207490921,0.08694056421518326,0.2004750669002533,-0.035673730075359344,0.01086006872355938,0.07976014912128448
frame_001421.png,frame_001422.png,0.27977755665779114,0.08560647815465927,0.20810753107070923,-0.040143489837646484,0.01060014683753252,0.0820164903998375
frame_001422.png,frame_001423.png,0.28145450353622437,0.08221068978309631,0.21234101057052612,-0.047362975776195526,0.011011958122253418,0.08507129549980164
frame_001423.png,frame_001424.png,0.28593119978904724,0.0674741342663765,0.20103010535240173,-0.04491211473941803,0.006664430722594261,0.11041160672903061
frame_001424.png,frame_001425.png,0.2787969410419464,0.06567520648241043,0.19708359241485596,-0.03861859813332558,0.0007023932412266731,0.12727439403533936
frame_001425.png,frame_001426.png,0.2687609791755676,0.06802798062562943,0.19068443775177002,-0.021502945572137833,-0.007244284264743328,0.14075414836406708
frame_001426.png,frame_001427.png,0.2496330738067627,0.06633743643760681,0.2218761146068573,-0.005847071297466755,-0.02282644435763359,0.1605597883462906
frame_001427.png,frame_001428.png,0.250196635723114,0.07167129963636398,0.2335686981678009,-0.0004974314942955971,-0.025392625480890274,0.1637800931930542
frame_001428.png,frame_001429.png,0.2627162039279938,0.06350138038396835,0.22939303517341614,-0.007634534500539303,-0.02467445284128189,0.1647787094116211
frame_001429.png,frame_001430.png,0.293416291475296,0.05482790619134903,0.19887509942054749,-0.0018014917150139809,-0.024576827883720398,0.16224494576454163
frame_001430.png,frame_001431.png,0.2935502827167511,0.0644850954413414,0.20518386363983154,-0.006809826008975506,-0.025465916842222214,0.1550370454788208
frame_001431.png,frame_001432.png,0.2965922951698303,0.08421402424573898,0.24905410408973694,0.0019182870164513588,-0.014578198082745075,0.1389608085155487
frame_001432.png,frame_001433.png,0.2815159559249878,0.09306714683771133,0.2592507302761078,0.0021797502413392067,-0.009277763776481152,0.13279032707214355
frame_001433.png,frame_001434.png,0.26048991084098816,0.0920649841427803,0.24974480271339417,-0.0043417913839221,-0.008790909312665462,0.1426314413547516
frame_001434.png,frame_001435.png,0.23974430561065674,0.08335215598344803,0.23829078674316406,-0.012870795093476772,-0.01004426646977663,0.15499304234981537
frame_001435.png,frame_001436.png,0.21889659762382507,0.07214971631765366,0.23690363764762878,-0.01920108124613762,-0.006055951118469238,0.15238121151924133
frame_001436.png,frame_001437.png,0.19387176632881165,0.06432429701089859,0.2571781873703003,-0.028917230665683746,0.00038903485983610153,0.13843315839767456
frame_001437.png,frame_001438.png,0.17296023666858673,0.058478377759456635,0.2829670310020447,-0.03459523245692253,0.005927807651460171,0.13119307160377502
frame_001438.png,frame_001439.png,0.17051303386688232,0.05662576109170914,0.30258962512016296,-0.033393118530511856,0.009728786535561085,0.13399645686149597
frame_001439.png,frame_001440.png,0.1771089732646942,0.06029559671878815,0.3234470784664154,-0.033117931336164474,0.01061647105962038,0.13767774403095245
frame_001440.png,frame_001441.png,0.1809515357017517,0.06934893876314163,0.35318922996520996,-0.03307952359318733,0.01476741861552,0.1341995894908905
frame_001441.png,frame_001442.png,0.19028517603874207,0.07772176712751389,0.3926612436771393,-0.03084922954440117,0.01820482686161995,0.13884150981903076
frame_001442.png,frame_001443.png,0.1643727719783783,0.07744210213422775,0.41170457005500793,-0.028302721679210663,0.0063104210421442986,0.1546744853258133
frame_001443.png,frame_001444.png,0.1674778163433075,0.06820010393857956,0.3808448910713196,-0.022906772792339325,-0.00885878223925829,0.15555520355701447
frame_001444.png,frame_001445.png,0.18350207805633545,0.06427094340324402,0.3338242173194885,-0.013444161042571068,-0.022208768874406815,0.14943675696849823
frame_001445.png,frame_001446.png,0.16646826267242432,0.03686141222715378,0.31115081906318665,-0.027806617319583893,-0.017474927008152008,0.15396693348884583
frame_001446.png,frame_001447.png,0.1757390797138214,0.03678402304649353,0.2941782772541046,0.002101191319525242,-0.01671641319990158,0.14779065549373627
frame_001447.png,frame_001448.png,0.1897829920053482,0.0331629142165184,0.2654609978199005,0.011838612146675587,-0.015577233396470547,0.16941694915294647
frame_001448.png,frame_001449.png,0.20348361134529114,0.03238599747419357,0.23656639456748962,0.004513890482485294,-0.006422257050871849,0.15512672066688538
frame_001449.png,frame_001450.png,0.22196486592292786,0.03724827617406845,0.23047837615013123,0.0009194323793053627,0.0029533756896853447,0.13987287878990173
frame_001450.png,frame_001451.png,0.2347274124622345,0.04173194617033005,0.2305336594581604,-0.008510190062224865,0.005481353960931301,0.13323257863521576
frame_001451.png,frame_001452.png,0.23672616481781006,0.04726562649011612,0.23715782165527344,-0.011169112287461758,0.0004976680502295494,0.13593599200248718
frame_001452.png,frame_001453.png,0.22586354613304138,0.056052498519420624,0.25294262170791626,0.006746877916157246,-0.010809061117470264,0.1480110138654709
frame_001453.png,frame_001454.png,0.20621420443058014,0.0638544037938118,0.26141074299812317,0.01991625875234604,-0.014208204112946987,0.13557028770446777
frame_001454.png,frame_001455.png,0.20439568161964417,0.05580864101648331,0.2705952823162079,0.027462035417556763,-0.013486298732459545,0.143467977643013
frame_001455.png,frame_001456.png,0.21552184224128723,0.05198702961206436,0.2670779824256897,0.01206968817859888,-0.011200116015970707,0.15591442584991455
frame_001456.png,frame_001457.png,0.25553545355796814,0.07622283697128296,0.2712458670139313,-0.01584319770336151,-0.00719244871288538,0.1465015411376953
frame_001457.png,frame_001458.png,0.3259982466697693,0.08904213458299637,0.2110520750284195,-0.018532566726207733,0.0038735689595341682,0.138727605342865
frame_001458.png,frame_001459.png,0.317321240901947,0.07624083757400513,0.18631702661514282,-0.03621494397521019,0.008167150430381298,0.15143531560897827
frame_001459.png,frame_001460.png,0.2777005434036255,0.06455782055854797,0.19201619923114777,-0.09090901911258698,0.020279306918382645,0.15751689672470093
frame_001460.png,frame_001461.png,0.22772172093391418,0.08225037157535553,0.22834137082099915,-0.11187027394771576,0.045259661972522736,0.14040671288967133
frame_001461.png,frame_001462.png,0.22358959913253784,0.09088344126939774,0.23329275846481323,-0.08945760130882263,0.04820173978805542,0.12031999230384827
frame_001462.png,frame_001463.png,0.255770206451416,0.09389977902173996,0.2062777578830719,-0.11160818487405777,0.03717530146241188,0.10911206156015396
frame_001463.png,frame_001464.png,0.28189536929130554,0.10951466113328934,0.15987518429756165,-0.0836232453584671,0.029270097613334656,0.10684935748577118
frame_001464.png,frame_001465.png,0.31420522928237915,0.1446768045425415,0.11308042705059052,-0.059307340532541275,0.004315479658544064,0.06901372969150543
frame_001465.png,frame_001466.png,0.30493998527526855,0.15915048122406006,0.10414682328701019,-0.04645232856273651,-0.014057201333343983,0.04990879446268082
frame_001466.png,frame_001467.png,0.30077314376831055,0.15828874707221985,0.09004618227481842,-0.03999616205692291,-0.01090341154485941,0.0402679443359375
frame_001467.png,frame_001468.png,0.3094031512737274,0.16107630729675293,0.092287078499794,-0.037161488085985184,-9.933579713106155e-05,0.04157376289367676
frame_001468.png,frame_001469.png,0.3082360625267029,0.1569366753101349,0.10189346969127655,-0.030087098479270935,0.008004111237823963,0.05234090983867645
frame_001469.png,frame_001470.png,0.3058353066444397,0.1500278115272522,0.10694009065628052,-0.028237827122211456,0.01283965166658163,0.05417526513338089
frame_001470.png,frame_001471.png,0.30545392632484436,0.14112535119056702,0.10615876317024231,-0.021712109446525574,0.012446804903447628,0.047829583287239075
frame_001471.png,frame_001472.png,0.308071106672287,0.1405816376209259,0.10009638965129852,-0.018305636942386627,0.008335254155099392,0.0539742037653923
frame_001472.png,frame_001473.png,0.32885682582855225,0.14180779457092285,0.07971939444541931,-0.009237672202289104,0.005622639320790768,0.05808459222316742
frame_001473.png,frame_001474.png,0.3450988233089447,0.13919991254806519,0.06266729533672333,-0.0013196608051657677,-0.0003987671807408333,0.0587892159819603
frame_001474.png,frame_001475.png,0.3570823669433594,0.14305570721626282,0.05670549347996712,0.001317848451435566,0.0035298196598887444,0.04419814422726631
frame_001475.png,frame_001476.png,0.35084858536720276,0.14929407835006714,0.056316208094358444,-0.006358287297189236,-0.0008039670065045357,0.028699949383735657
frame_001476.png,frame_001477.png,0.3410849869251251,0.15323388576507568,0.058135729283094406,-0.027493666857481003,0.0021735047921538353,0.011673030443489552
frame_001477.png,frame_001478.png,0.32716718316078186,0.1519625186920166,0.05983307585120201,-0.036071598529815674,0.007062218151986599,0.0036377673968672752
frame_001478.png,frame_001479.png,0.31388163566589355,0.15123727917671204,0.06180865690112114,-0.03924579173326492,0.010126768611371517,-0.002751409076154232
frame_001479.png,frame_001480.png,0.31079280376434326,0.15109050273895264,0.06945492327213287,-0.03502175584435463,0.008579588495194912,-0.012148982845246792
frame_001480.png,frame_001481.png,0.337426096200943,0.15378940105438232,0.06072099134325981,-0.018060877919197083,0.00013234373182058334,0.0020750248804688454
frame_001481.png,frame_001482.png,0.3454627990722656,0.15222588181495667,0.03847235441207886,-0.014367654919624329,-0.004422844387590885,0.028752483427524567
frame_001482.png,frame_001483.png,0.3365602195262909,0.14217588305473328,0.03938359394669533,-0.025953572243452072,0.008430617861449718,0.05338120460510254
frame_001483.png,frame_001484.png,0.2661150097846985,0.12378530949354172,0.0546535961329937,-0.0523105263710022,-0.005348202772438526,0.08916373550891876
frame_001484.png,frame_001485.png,0.23758253455162048,0.1157546117901802,0.06542561948299408,-0.0484793558716774,-0.007843202911317348,0.06949320435523987
frame_001485.png,frame_001486.png,0.2092251479625702,0.12979814410209656,0.09631480276584625,-0.05285125970840454,-0.008045661263167858,0.059709422290325165
frame_001486.png,frame_001487.png,0.18130448460578918,0.12410304695367813,0.1642829328775406,-0.06123620644211769,-0.009734909050166607,0.06351923942565918
frame_001487.png,frame_001488.png,0.14704753458499908,0.09801224619150162,0.19076943397521973,-0.056093547493219376,-0.00815124437212944,0.08315107226371765
frame_001488.png,frame_001489.png,0.12148623168468475,0.06726544350385666,0.1875668168067932,-0.050193510949611664,-0.01258289534598589,0.09670271724462509
frame_001489.png,frame_001490.png,0.0897730141878128,0.05062539130449295,0.174032062292099,-0.0473446249961853,-0.010770591907203197,0.09756520390510559
frame_001490.png,frame_001491.png,0.1181391030550003,0.06085976958274841,0.13288910686969757,-0.02682630717754364,-0.0037767430767416954,0.09187985211610794
frame_001491.png,frame_001492.png,0.15978887677192688,0.05577543377876282,0.10339747369289398,0.0032408656552433968,0.009095324203372002,0.09106765687465668
frame_001492.png,frame_001493.png,0.14941182732582092,0.046804748475551605,0.11871719360351562,0.021593276411294937,0.01275322213768959,0.09364438056945801
frame_001493.png,frame_001494.png,0.12427745759487152,0.031563498079776764,0.10382811725139618,0.040016885846853256,0.007755417376756668,0.09489545226097107
frame_001494.png,frame_001495.png,0.09954387694597244,0.02014194428920746,0.07310441136360168,0.05673716589808464,0.008254299871623516,0.07998374104499817
frame_001495.png,frame_001496.png,0.06648102402687073,0.008613593876361847,0.057118359953165054,0.08111053705215454,0.010175728239119053,0.058334946632385254
frame_001496.png,frame_001497.png,0.04539860039949417,0.002444617450237274,0.04078994318842888,0.08480563014745712,0.010649058036506176,0.05422848463058472
frame_001497.png,frame_001498.png,0.03310548886656761,0.0013159886002540588,0.030007634311914444,0.0916866734623909,0.007786243222653866,0.0432622954249382
frame_001498.png,frame_001499.png,0.01932709664106369,-0.000107545405626297,0.02461966499686241,0.09728897362947464,0.006232292391359806,0.039285361766815186
frame_001499.png,frame_001500.png,0.0005831271409988403,-9.316951036453247e-06,0.043583016842603683,0.09143982827663422,0.007902662269771099,0.04799075797200203
frame_001500.png,frame_001501.png,-0.006514303386211395,0.0024169161915779114,0.05549480393528938,0.0713827908039093,0.011877316050231457,0.05978120118379593
frame_001501.png,frame_001502.png,0.005845837295055389,0.005124285817146301,0.05117708072066307,0.039297278970479965,0.012292909435927868,0.06650354713201523
frame_001502.png,frame_001503.png,0.02618146687746048,0.012326505035161972,0.019404970109462738,0.031953878700733185,0.015440438874065876,0.06750532239675522
frame_001503.png,frame_001504.png,0.036055006086826324,0.012722618877887726,0.008182700723409653,0.02385110780596733,0.014804712496697903,0.06881771236658096
frame_001504.png,frame_001505.png,0.02568993717432022,0.01109394058585167,0.02801303192973137,0.012983252294361591,0.018407698720693588,0.06685934960842133
frame_001505.png,frame_001506.png,0.0021109655499458313,0.009087052196264267,0.07088619470596313,0.0023400308564305305,0.023364223539829254,0.06480899453163147
frame_001506.png,frame_001507.png,0.0011716783046722412,0.008098099380731583,0.10247348248958588,-0.008785291574895382,0.019206149503588676,0.06069297343492508
frame_001507.png,frame_001508.png,0.0141606405377388,0.010834496468305588,0.1292075663805008,-0.012890785001218319,0.01495460793375969,0.06527389585971832
frame_001508.png,frame_001509.png,0.022804319858551025,0.006495144218206406,0.15369285643100739,-0.007900415919721127,0.01283231656998396,0.07035533338785172
frame_001509.png,frame_001510.png,0.02212800830602646,-0.00048736482858657837,0.1535838097333908,0.005412747152149677,0.01349298283457756,0.06367596983909607
frame_001510.png,frame_001511.png,0.01860199123620987,-0.008127424865961075,0.14118364453315735,0.019980207085609436,0.014776279218494892,0.06473525613546371
frame_001511.png,frame_001512.png,0.021618157625198364,-0.007005073130130768,0.10717634856700897,0.050738219171762466,0.012168173678219318,0.058846741914749146
frame_001512.png,frame_001513.png,0.032598208636045456,0.007799595594406128,0.08987249433994293,0.07491753250360489,0.01836935430765152,0.05220005661249161
frame_001513.png,frame_001514.png,0.029817018657922745,0.010820411145687103,0.0700053721666336,0.0749104917049408,0.02556725963950157,0.05837254226207733
frame_001514.png,frame_001515.png,0.0059499964118003845,0.015105210244655609,0.08822900056838989,0.04739725589752197,0.02756054699420929,0.09250512719154358
frame_001515.png,frame_001516.png,-0.0011119022965431213,0.02022317424416542,0.0729171484708786,0.04783840477466583,0.02535264566540718,0.11715357005596161
frame_001516.png,frame_001517.png,-0.017525069415569305,0.024431057274341583,0.06069270893931389,0.045334409922361374,0.02310635894536972,0.09593738615512848
frame_001517.png,frame_001518.png,-0.02472669631242752,0.011874005198478699,0.05996665731072426,0.03344591706991196,0.01947804167866707,0.09046588838100433
frame_001518.png,frame_001519.png,-0.04338138550519943,-0.005395706743001938,0.07646144926548004,-0.0061335451900959015,0.017376340925693512,0.08914138376712799
frame_001519.png,frame_001520.png,-0.06150565296411514,-0.010533928871154785,0.09931915998458862,-0.039009932428598404,0.017075426876544952,0.07922384142875671
frame_001520.png,frame_001521.png,-0.07321812957525253,-0.008240662515163422,0.12394681572914124,-0.04797247797250748,0.016610465943813324,0.0700053721666336
frame_001521.png,frame_001522.png,-0.07762791961431503,-0.007769204676151276,0.1446676403284073,-0.04962364584207535,0.018033016473054886,0.06420758366584778
frame_001522.png,frame_001523.png,-0.08293383568525314,-0.0036207661032676697,0.1542225480079651,-0.036660630255937576,0.017343923449516296,0.04996071010828018
frame_001523.png,frame_001524.png,-0.0682278648018837,0.0009354688227176666,0.14788612723350525,-0.0239824578166008,0.02400783821940422,0.035630449652671814
frame_001524.png,frame_001525.png,-0.05706412345170975,0.0008569583296775818,0.11391493678092957,0.004308509640395641,0.02754201367497444,0.05593496561050415
frame_001525.png,frame_001526.png,-0.06611942499876022,-0.003727853298187256,0.09610618650913239,0.014574957080185413,0.02467571198940277,0.09743314981460571
frame_001526.png,frame_001527.png,-0.09015797823667526,-0.018198205158114433,0.15165288746356964,0.0025403033941984177,0.028478171676397324,0.10787379741668701
frame_001527.png,frame_001528.png,-0.024588927626609802,0.007700387388467789,0.1494653820991516,-0.009237715043127537,0.03295697644352913,0.09117674082517624
frame_001528.png,frame_001529.png,0.020424537360668182,0.02588806301355362,0.14914554357528687,-0.001525375060737133,0.03563498705625534,0.09703554958105087
frame_001529.png,frame_001530.png,0.02717466652393341,0.018014028668403625,0.18222370743751526,-0.020808186382055283,0.029177706688642502,0.14964553713798523
frame_001530.png,frame_001531.png,0.06781753897666931,0.03490329533815384,0.19758009910583496,-0.036757227033376694,0.010422103106975555,0.15019121766090393
frame_001531.png,frame_001532.png,0.07076168060302734,0.04241921752691269,0.20506243407726288,-0.032280635088682175,-0.0024531176313757896,0.14059346914291382
frame_001532.png,frame_001533.png,0.070046067237854,0.05096295475959778,0.22322994470596313,-0.02325771376490593,-0.005883087404072285,0.1361379623413086
frame_001533.png,frame_001534.png,0.08092990517616272,0.036243684589862823,0.23336604237556458,-0.028475463390350342,-0.01708114892244339,0.14795109629631042
frame_001534.png,frame_001535.png,0.10263760387897491,0.03134849667549133,0.21220532059669495,-0.019629910588264465,-0.022035468369722366,0.13197344541549683
frame_001535.png,frame_001536.png,0.08682727813720703,0.036070577800273895,0.21758244931697845,-0.03240882232785225,-0.02371303364634514,0.10189205408096313
frame_001536.png,frame_001537.png,0.09479722380638123,0.05070701986551285,0.2084658443927765,-0.04078207165002823,-0.021136939525604248,0.046602923423051834
frame_001537.png,frame_001538.png,0.11465093493461609,0.0772302970290184,0.18815089762210846,-0.030184689909219742,-0.013355792500078678,0.03456444293260574
frame_001538.png,frame_001539.png,0.13785631954669952,0.09901077300310135,0.16971412301063538,-0.02658892795443535,-0.00598862674087286,0.03963571786880493
frame_001539.png,frame_001540.png,0.14944174885749817,0.10716196149587631,0.1630236804485321,-0.022803761065006256,-0.010192367248237133,0.05988471210002899
frame_001540.png,frame_001541.png,0.17145320773124695,0.10657956451177597,0.1772877275943756,-0.014337255619466305,-0.009998791851103306,0.06467142701148987
frame_001541.png,frame_001542.png,0.18376794457435608,0.12069834023714066,0.16634713113307953,0.0016882764175534248,-0.008499820716679096,0.05326315015554428
frame_001542.png,frame_001543.png,0.17725679278373718,0.13834628462791443,0.15639568865299225,-0.010343936271965504,-0.004866429604589939,0.03371543064713478
frame_001543.png,frame_001544.png,0.18719998002052307,0.1511349081993103,0.12563222646713257,-0.025838162750005722,0.0005908254534006119,0.011535272933542728
frame_001544.png,frame_001545.png,0.20456427335739136,0.15682685375213623,0.09768612682819366,-0.04758621007204056,0.0031410856172442436,-0.00620753038674593
frame_001545.png,frame_001546.png,0.20554180443286896,0.158404141664505,0.07734419405460358,-0.052802227437496185,0.002924797125160694,-0.00898785050958395
frame_001546.png,frame_001547.png,0.2047894299030304,0.16542962193489075,0.08074167370796204,-0.058114830404520035,-0.0017281565815210342,0.006357532925903797
frame_001547.png,frame_001548.png,0.19633883237838745,0.15785512328147888,0.08333632349967957,-0.06404265761375427,-0.0036744819954037666,0.035707809031009674
frame_001548.png,frame_001549.png,0.18533453345298767,0.14033880829811096,0.0916958600282669,-0.07820536196231842,-0.00016661034896969795,0.04993733763694763
frame_001549.png,frame_001550.png,0.17849835753440857,0.13223031163215637,0.11644619703292847,-0.06948263943195343,-0.0023419102653861046,0.036294229328632355
frame_001550.png,frame_001551.png,0.1688651442527771,0.12001984566450119,0.13893510401248932,-0.05938081443309784,-0.003131238743662834,0.023349419236183167
frame_001551.png,frame_001552.png,0.17758634686470032,0.11297706514596939,0.15381136536598206,-0.03822915256023407,-0.0012076683342456818,0.0354384183883667
frame_001552.png,frame_001553.png,0.1795322597026825,0.10764981061220169,0.16031697392463684,-0.0033806106075644493,0.0032211244106292725,0.045863159000873566
frame_001553.png,frame_001554.png,0.1973368227481842,0.10650772601366043,0.15431976318359375,0.015242503024637699,0.005162951536476612,0.05849839746952057
frame_001554.png,frame_001555.png,0.21706798672676086,0.11520127207040787,0.15160159766674042,0.019341610372066498,0.0057558175176382065,0.07950254529714584
frame_001555.png,frame_001556.png,0.22243660688400269,0.12026280909776688,0.16762633621692657,0.006850377656519413,0.0052909450605511665,0.08928615599870682
frame_001556.png,frame_001557.png,0.24033212661743164,0.10456151515245438,0.19057722389698029,-0.03359390050172806,0.005042637698352337,0.10005984455347061
frame_001557.png,frame_001558.png,0.2357572615146637,0.09751827269792557,0.20701786875724792,-0.0487716868519783,-0.0021178806200623512,0.11330658942461014
frame_001558.png,frame_001559.png,0.23684373497962952,0.10059873014688492,0.21433734893798828,-0.049240514636039734,0.004194515757262707,0.11357851326465607
frame_001559.png,frame_001560.png,0.21201160550117493,0.10608088225126266,0.2493542730808258,-0.0700090080499649,0.006024985574185848,0.1044434905052185
frame_001560.png,frame_001561.png,0.19560623168945312,0.11188114434480667,0.3065236508846283,-0.066258005797863,0.01664665713906288,0.09522111713886261
frame_001561.png,frame_001562.png,0.2025945484638214,0.10952786356210709,0.3339858949184418,-0.06657171249389648,0.018314026296138763,0.08623795211315155
frame_001562.png,frame_001563.png,0.2064010202884674,0.11020203679800034,0.33501461148262024,-0.057621315121650696,0.013125299476087093,0.07401257008314133
frame_001563.png,frame_001564.png,0.20385468006134033,0.10864899307489395,0.3259447515010834,-0.04325096309185028,0.011997601948678493,0.07696850597858429
frame_001564.png,frame_001565.png,0.20682960748672485,0.10252467542886734,0.308491587638855,-0.028569601476192474,0.016135457903146744,0.08152458816766739
frame_001565.png,frame_001566.png,0.21627409756183624,0.09871578961610794,0.30418217182159424,-0.01989579200744629,0.01844412088394165,0.07942260801792145
frame_001566.png,frame_001567.png,0.22784623503684998,0.08805003017187119,0.29474785923957825,-0.009515081532299519,0.014905358664691448,0.07863061875104904
frame_001567.png,frame_001568.png,0.24066391587257385,0.08405346423387527,0.27979493141174316,-0.00784530770033598,0.009145907126367092,0.0653383806347847
frame_001568.png,frame_001569.png,0.2461235225200653,0.08388855308294296,0.259956032037735,-0.01005536038428545,0.005780869163572788,0.05503847450017929
frame_001569.png,frame_001570.png,0.24707329273223877,0.08738414198160172,0.2444324791431427,-0.014219379983842373,0.00384590495377779,0.047737911343574524
frame_001570.png,frame_001571.png,0.2480252981185913,0.0888284221291542,0.23426562547683716,-0.017479952424764633,0.0033773696050047874,0.04588402062654495
frame_001571.png,frame_001572.png,0.24886760115623474,0.09135345369577408,0.22803884744644165,-0.022507086396217346,0.005234654061496258,0.04213760420680046
frame_001572.png,frame_001573.png,0.24459439516067505,0.09289620071649551,0.2269131988286972,-0.021626755595207214,0.00850715022534132,0.04016432166099548
frame_001573.png,frame_001574.png,0.23707202076911926,0.09769061952829361,0.23310121893882751,-0.014760368503630161,0.01140038575977087,0.03691161051392555
frame_001574.png,frame_001575.png,0.23750343918800354,0.10311292856931686,0.236454576253891,-0.006612700410187244,0.013591011986136436,0.034544944763183594
frame_001575.png,frame_001576.png,0.24175497889518738,0.10885976999998093,0.23658397793769836,0.004651871509850025,0.01470725703984499,0.03398360684514046
frame_001576.png,frame_001577.png,0.24083128571510315,0.11175068467855453,0.2355300486087799,0.01050854567438364,0.013111178763210773,0.03188858926296234
frame_001577.png,frame_001578.png,0.24564796686172485,0.11405058950185776,0.23224514722824097,0.008836117573082447,0.012145436368882656,0.029134094715118408
frame_001578.png,frame_001579.png,0.23506057262420654,0.11911521106958389,0.25130653381347656,-0.006951390765607357,0.010594584979116917,0.025812849402427673
frame_001579.png,frame_001580.png,0.2244577407836914,0.11784974485635757,0.2836357057094574,-0.019384924322366714,0.011820516549050808,0.029493391513824463
frame_001580.png,frame_001581.png,0.21246135234832764,0.10961946099996567,0.31615516543388367,-0.025590993463993073,0.015329173766076565,0.031189516186714172
frame_001581.png,frame_001582.png,0.20821335911750793,0.10127273947000504,0.3348709046840668,-0.03237563744187355,0.014092250727117062,0.03585311025381088
frame_001582.png,frame_001583.png,0.21032670140266418,0.09497327357530594,0.34552592039108276,-0.0420161671936512,0.012512951157987118,0.03746262192726135
frame_001583.png,frame_001584.png,0.2090795338153839,0.08813530951738358,0.3539159297943115,-0.04729083180427551,0.011304869316518307,0.038726869970560074
frame_001584.png,frame_001585.png,0.20347842574119568,0.08265221863985062,0.3572087585926056,-0.04999541491270065,0.008406157605350018,0.0385417565703392
frame_001585.png,frame_001586.png,0.1997292935848236,0.08026298135519028,0.3613221347332001,-0.050948597490787506,0.0073853908106684685,0.03814893960952759
frame_001586.png,frame_001587.png,0.1973276138305664,0.07864870876073837,0.36183974146842957,-0.0488889142870903,0.007065757177770138,0.03982921317219734
frame_001587.png,frame_001588.png,0.20007288455963135,0.08108080923557281,0.36737260222435,-0.043052032589912415,0.008102159015834332,0.044040497392416
frame_001588.png,frame_001589.png,0.19821292161941528,0.08036093413829803,0.37033674120903015,-0.036374639719724655,0.007442931644618511,0.046157319098711014
frame_001589.png,frame_001590.png,0.1955355703830719,0.08242514729499817,0.3702814280986786,-0.02467580884695053,0.009795649908483028,0.04912678897380829
frame_001590.png,frame_001591.png,0.20230859518051147,0.08086645603179932,0.3733164370059967,-0.011310889385640621,0.014570067636668682,0.05461113899946213
frame_001591.png,frame_001592.png,0.20956704020500183,0.08044973760843277,0.37168172001838684,-0.0021295351907610893,0.019305221736431122,0.05381189286708832
frame_001592.png,frame_001593.png,0.22062823176383972,0.0769922062754631,0.35785576701164246,0.009462841786444187,0.022817395627498627,0.0491916760802269
frame_001593.png,frame_001594.png,0.22966748476028442,0.07460597157478333,0.3373563587665558,0.016998112201690674,0.02532181888818741,0.04202413931488991
frame_001594.png,frame_001595.png,0.22529691457748413,0.0708925873041153,0.3267042338848114,0.022399213165044785,0.026679839938879013,0.033559445291757584
frame_001595.png,frame_001596.png,0.22008264064788818,0.0684814453125,0.3203941285610199,0.025412678718566895,0.02760351076722145,0.02673022821545601
frame_001596.png,frame_001597.png,0.21313165128231049,0.06849388778209686,0.3194718658924103,0.025203365832567215,0.024360917508602142,0.026159323751926422
frame_001597.png,frame_001598.png,0.20633557438850403,0.07438705116510391,0.33051419258117676,0.024418026208877563,0.018660634756088257,0.03009476512670517
frame_001598.png,frame_001599.png,0.2108890414237976,0.0843055322766304,0.35929611325263977,0.017380356788635254,0.013518779538571835,0.03679763153195381
frame_001599.png,frame_001600.png,0.2199518084526062,0.08268843591213226,0.3468424379825592,-0.0017445040866732597,0.011134534142911434,0.04275650531053543
frame_001600.png,frame_001601.png,0.206319659948349,0.08200059086084366,0.3645499646663666,-0.022365082055330276,-0.0030242139473557472,0.035485029220581055
frame_001601.png,frame_001602.png,0.20891767740249634,0.08507982641458511,0.3869400918483734,-0.06343811750411987,-0.009148907847702503,0.025950618088245392
frame_001602.png,frame_001603.png,0.2496134638786316,0.08794372528791428,0.34951743483543396,-0.04553859308362007,-0.006339517422020435,0.0869305431842804
frame_001603.png,frame_001604.png,0.26821035146713257,0.10568345338106155,0.3050623834133148,-0.02356737107038498,-0.013047882355749607,0.10304702073335648
frame_001604.png,frame_001605.png,0.2615009546279907,0.10583394020795822,0.2821212410926819,-0.008448596112430096,0.0007370514795184135,0.10108211636543274
frame_001605.png,frame_001606.png,0.24409177899360657,0.13404738903045654,0.3034141957759857,-0.00629845168441534,0.0031044604256749153,0.05381910502910614
frame_001606.png,frame_001607.png,0.24203085899353027,0.13848057389259338,0.2821747958660126,-0.02271970734000206,0.0005731312558054924,0.05916941165924072
frame_001607.png,frame_001608.png,0.2214905321598053,0.14690545201301575,0.2519073486328125,-0.044531434774398804,-0.012475867755711079,0.0428374707698822
frame_001608.png,frame_001609.png,0.24240437150001526,0.1545220911502838,0.21596494317054749,-0.02536248415708542,-0.013878819532692432,0.03564048558473587
frame_001609.png,frame_001610.png,0.2758570909500122,0.16793301701545715,0.1797766238451004,0.008088731206953526,-0.01817985624074936,0.07122118771076202
frame_001610.png,frame_001611.png,0.2924480438232422,0.15889808535575867,0.1449112445116043,0.006798920221626759,-0.020727314054965973,0.10112380236387253
frame_001611.png,frame_001612.png,0.2528114318847656,0.1490328311920166,0.16882389783859253,-0.012906103394925594,-0.014920013956725597,0.11007256805896759
frame_001612.png,frame_001613.png,0.22987845540046692,0.14534828066825867,0.18831950426101685,-0.033513493835926056,-0.009900377131998539,0.08736449480056763
frame_001613.png,frame_001614.png,0.2059829831123352,0.1482698619365692,0.21312138438224792,-0.04780673608183861,-0.004840652458369732,0.042925406247377396
frame_001614.png,frame_001615.png,0.1915738880634308,0.14753201603889465,0.22281283140182495,-0.04942438751459122,-0.003783424384891987,0.01726873591542244
frame_001615.png,frame_001616.png,0.18648336827754974,0.14645880460739136,0.22862066328525543,-0.05181891471147537,-0.004536768421530724,0.015655267983675003
frame_001616.png,frame_001617.png,0.22260507941246033,0.1411755084991455,0.2016993761062622,-0.03501647710800171,-0.007841677404940128,0.03577428311109543
frame_001617.png,frame_001618.png,0.2513883411884308,0.13564357161521912,0.176681786775589,-0.004979479126632214,-0.01978558674454689,0.07272681593894958
frame_001618.png,frame_001619.png,0.26815885305404663,0.13976803421974182,0.15758991241455078,0.010254747234284878,-0.022147025913000107,0.09015054255723953
frame_001619.png,frame_001620.png,0.26991406083106995,0.1416146457195282,0.13139978051185608,-0.00033201929181814194,-0.028290290385484695,0.08302869647741318
frame_001620.png,frame_001621.png,0.2562978267669678,0.1429440975189209,0.11528214812278748,-0.01660500466823578,-0.028364330530166626,0.05797010660171509
frame_001621.png,frame_001622.png,0.2506258189678192,0.14029234647750854,0.09553435444831848,-0.0383913479745388,-0.01818535104393959,0.06654669344425201
frame_001622.png,frame_001623.png,0.2517147362232208,0.1336035430431366,0.09893567860126495,-0.045844390988349915,-0.012769407592713833,0.08028871566057205
frame_001623.png,frame_001624.png,0.2731722891330719,0.12604784965515137,0.1201498806476593,-0.04055534303188324,0.002993999980390072,0.08710713684558868
frame_001624.png,frame_001625.png,0.2717019021511078,0.11753944307565689,0.14245867729187012,-0.017391573637723923,0.011340669356286526,0.08917751163244247
frame_001625.png,frame_001626.png,0.2673195004463196,0.113693006336689,0.1653352528810501,0.001672503538429737,0.010759410448372364,0.09208623319864273
frame_001626.png,frame_001627.png,0.2618088722229004,0.10663753002882004,0.169411301612854,0.012687084265053272,0.011100969277322292,0.08476746082305908
frame_001627.png,frame_001628.png,0.248580664396286,0.10065024346113205,0.16330748796463013,0.02146662399172783,0.009173781611025333,0.0756649374961853
frame_001628.png,frame_001629.png,0.2398284673690796,0.09641531854867935,0.15454202890396118,0.023454230278730392,0.004826364107429981,0.0709817111492157
frame_001629.png,frame_001630.png,0.24843758344650269,0.09905930608510971,0.15774236619472504,0.02217691019177437,0.005384261719882488,0.07273398339748383
frame_001630.png,frame_001631.png,0.26764118671417236,0.1050088033080101,0.17202678322792053,0.009826877154409885,0.006308755837380886,0.0776083692908287
frame_001631.png,frame_001632.png,0.28112927079200745,0.11604734510183334,0.17889085412025452,-0.017130572348833084,-0.002414167858660221,0.07573951035737991
frame_001632.png,frame_001633.png,0.2889135181903839,0.12005666643381119,0.17745807766914368,-0.008477109484374523,-0.0064863162115216255,0.07352407276630402
frame_001633.png,frame_001634.png,0.32165732979774475,0.12783923745155334,0.14936357736587524,-0.008839721791446209,-0.0029412033036351204,0.06892316043376923
frame_001634.png,frame_001635.png,0.3508637249469757,0.14224427938461304,0.12835593521595,0.008830890990793705,-0.0036055678501725197,0.09699695557355881
frame_001635.png,frame_001636.png,0.35048165917396545,0.12974968552589417,0.10994817316532135,0.015217461623251438,-0.010637813247740269,0.11988286674022675
frame_001636.png,frame_001637.png,0.3505522906780243,0.1290249526500702,0.12826219201087952,0.009452109225094318,-0.006327726878225803,0.1474713236093521
frame_001637.png,frame_001638.png,0.28132709860801697,0.1350770890712738,0.1510361284017563,-0.014639223925769329,-0.0044938186183571815,0.11567077040672302
frame_001638.png,frame_001639.png,0.23366689682006836,0.10386122018098831,0.15111494064331055,-0.0001620156690478325,-0.0070540281012654305,0.1086186096072197
frame_001639.png,frame_001640.png,0.198312908411026,0.10037495940923691,0.15251584351062775,0.01250485423952341,-0.011467725969851017,0.09995219111442566
frame_001640.png,frame_001641.png,0.163216233253479,0.10907837003469467,0.17769545316696167,-0.020038776099681854,-0.0224427729845047,0.05833274871110916
frame_001641.png,frame_001642.png,0.19152221083641052,0.10638824850320816,0.17225904762744904,-0.028932739049196243,-0.023699365556240082,0.0660451278090477
frame_001642.png,frame_001643.png,0.2190587818622589,0.11202586442232132,0.17293214797973633,-0.022826943546533585,-0.016040876507759094,0.06304526329040527
frame_001643.png,frame_001644.png,0.22071316838264465,0.12506702542304993,0.17806898057460785,-0.015347171574831009,-0.020300429314374924,0.06262847781181335
frame_001644.png,frame_001645.png,0.215160071849823,0.13440752029418945,0.18488572537899017,-0.005078050773590803,-0.0251399464905262,0.06814763695001602
frame_001645.png,frame_001646.png,0.21120980381965637,0.1377340853214264,0.1891251653432846,0.00019505014643073082,-0.027307763695716858,0.07578921318054199
frame_001646.png,frame_001647.png,0.20601430535316467,0.13674357533454895,0.19457662105560303,-0.0025422628968954086,-0.030734531581401825,0.08679606020450592
frame_001647.png,frame_001648.png,0.20255345106124878,0.13422739505767822,0.19728881120681763,-0.0005015693604946136,-0.034013114869594574,0.09163199365139008
frame_001648.png,frame_001649.png,0.2021656632423401,0.13165736198425293,0.19946086406707764,-0.0010965969413518906,-0.03574386239051819,0.09476468712091446
frame_001649.png,frame_001650.png,0.1982792317867279,0.12671104073524475,0.20144151151180267,0.0011740578338503838,-0.037877947092056274,0.09916849434375763
frame_001650.png,frame_001651.png,0.1981159746646881,0.12127775698900223,0.2048681676387787,0.0024260263890028,-0.03627966344356537,0.10512292385101318
frame_001651.png,frame_001652.png,0.19093473255634308,0.11540155857801437,0.21155796945095062,0.0009863115847110748,-0.032498978078365326,0.11222271621227264
frame_001652.png,frame_001653.png,0.16817334294319153,0.11269805580377579,0.22978010773658752,-0.004446699284017086,-0.03286774456501007,0.10268130153417587
frame_001653.png,frame_001654.png,0.15492525696754456,0.10973767191171646,0.23883303999900818,-0.006762506440281868,-0.029172487556934357,0.10135854780673981
frame_001654.png,frame_001655.png,0.1421705186367035,0.10573352128267288,0.25817790627479553,-0.005340286530554295,-0.02323734760284424,0.09291441738605499
frame_001655.png,frame_001656.png,0.11937101185321808,0.10670173913240433,0.27715185284614563,-0.005436998791992664,-0.024721328169107437,0.08363153040409088
frame_001656.png,frame_001657.png,0.12923136353492737,0.10161743313074112,0.2512471079826355,0.012555406428873539,-0.022178348153829575,0.0761614516377449
frame_001657.png,frame_001658.png,0.1240045577287674,0.09475446492433548,0.21977278590202332,0.024151455610990524,-0.02826201543211937,0.05024586617946625
frame_001658.png,frame_001659.png,0.1234225407242775,0.11093498021364212,0.20455345511436462,0.035155653953552246,-0.039396729320287704,0.04174182936549187
frame_001659.png,frame_001660.png,0.10797858238220215,0.12201682478189468,0.19362199306488037,0.04312492161989212,-0.03638568893074989,0.05509648472070694
frame_001660.png,frame_001661.png,0.0790015310049057,0.1105942353606224,0.19429001212120056,0.038096264004707336,-0.03111102432012558,0.08079639077186584
frame_001661.png,frame_001662.png,0.08420845866203308,0.10745177417993546,0.18806388974189758,0.0462523028254509,-0.025303322821855545,0.07334083318710327
frame_001662.png,frame_001663.png,0.11385221034288406,0.11475468426942825,0.19944483041763306,0.011542479507625103,-0.032466206699609756,0.05696490406990051
frame_001663.png,frame_001664.png,0.11821942776441574,0.14298316836357117,0.2431614100933075,-0.03565862029790878,-0.03691856935620308,0.048600584268569946
frame_001664.png,frame_001665.png,0.11078208684921265,0.15048041939735413,0.2566787302494049,-0.03203768655657768,-0.027591541409492493,0.05388328433036804
frame_001665.png,frame_001666.png,0.13030925393104553,0.14877811074256897,0.2515828609466553,-0.005244570784270763,-0.02289177104830742,0.029365666210651398
frame_001666.png,frame_001667.png,0.13335496187210083,0.14116522669792175,0.2438419759273529,0.004446241073310375,-0.02882448583841324,0.020882632583379745
frame_001667.png,frame_001668.png,0.13772046566009521,0.12950852513313293,0.24396303296089172,0.0018967455253005028,-0.037377506494522095,0.02251608297228813
frame_001668.png,frame_001669.png,0.13514329493045807,0.12026641517877579,0.25028836727142334,0.007543169893324375,-0.040610216557979584,0.018366701900959015
frame_001669.png,frame_001670.png,0.12698477506637573,0.11664801090955734,0.25425469875335693,0.012903683818876743,-0.04480138421058655,0.006294899620115757
frame_001670.png,frame_001671.png,0.12263038009405136,0.11347935348749161,0.2530870735645294,0.010551025159657001,-0.046780556440353394,-0.0024229055270552635
frame_001671.png,frame_001672.png,0.11866755783557892,0.11334840208292007,0.26004767417907715,0.004120244644582272,-0.04611096531152725,-0.01340304035693407
frame_001672.png,frame_001673.png,0.13260364532470703,0.11126521974802017,0.2624586522579193,0.010184639133512974,-0.043288424611091614,-0.010594564490020275
frame_001673.png,frame_001674.png,0.15004877746105194,0.11212212592363358,0.27845844626426697,0.015072078444063663,-0.039963409304618835,-0.010766490362584591
frame_001674.png,frame_001675.png,0.15521284937858582,0.1112421378493309,0.29102054238319397,0.009075405076146126,-0.03960905969142914,-0.016515780240297318
frame_001675.png,frame_001676.png,0.1566699743270874,0.11056733876466751,0.3042427897453308,0.0016398895531892776,-0.034774623811244965,-0.017001885920763016
frame_001676.png,frame_001677.png,0.15039579570293427,0.10938536375761032,0.30475685000419617,-0.005495558492839336,-0.02926415577530861,-0.01922893151640892
frame_001677.png,frame_001678.png,0.15261223912239075,0.10971594601869583,0.30279412865638733,-0.006037003360688686,-0.025866203010082245,-0.01500780414789915
frame_001678.png,frame_001679.png,0.16179212927818298,0.11521793156862259,0.2904522716999054,-0.009575712494552135,-0.025141093879938126,0.000702165998518467
frame_001679.png,frame_001680.png,0.1807076632976532,0.12031491845846176,0.2714623510837555,-0.01131353434175253,-0.02120598405599594,0.015838105231523514
frame_001680.png,frame_001681.png,0.20590826869010925,0.12397067993879318,0.24986106157302856,-0.010508283041417599,-0.01634225994348526,0.03354805335402489
frame_001681.png,frame_001682.png,0.22163060307502747,0.12351415306329727,0.23475608229637146,-0.007565046660602093,-0.010371149517595768,0.042228613048791885
frame_001682.png,frame_001683.png,0.23724272847175598,0.11701101809740067,0.2161979377269745,0.001596970483660698,-0.0070610856637358665,0.05675271153450012
frame_001683.png,frame_001684.png,0.25153031945228577,0.11011069267988205,0.20177939534187317,0.011234006844460964,-0.004722817800939083,0.06467857211828232
frame_001684.png,frame_001685.png,0.260764479637146,0.10407746583223343,0.19462427496910095,0.01292374450713396,-0.00344686396420002,0.06536924839019775
frame_001685.png,frame_001686.png,0.26553604006767273,0.09715039283037186,0.18466061353683472,0.019274525344371796,-0.0038333116099238396,0.06614453345537186
frame_001686.png,frame_001687.png,0.2682647109031677,0.09540898352861404,0.17712417244911194,0.018833965063095093,-0.007721444591879845,0.0666457787156105
frame_001687.png,frame_001688.png,0.27145808935165405,0.09635122865438461,0.16867762804031372,0.01465302612632513,-0.01143005583435297,0.06594734638929367
frame_001688.png,frame_001689.png,0.27642005681991577,0.09961888939142227,0.16474992036819458,0.0122532295063138,-0.01402238104492426,0.06502382457256317
frame_001689.png,frame_001690.png,0.2793610692024231,0.10665958374738693,0.1859806478023529,0.005961579270660877,-0.015651259571313858,0.07749015092849731
frame_001690.png,frame_001691.png,0.2728840112686157,0.10393119603395462,0.18545877933502197,0.007961460389196873,-0.013905280269682407,0.08141175657510757
frame_001691.png,frame_001692.png,0.27105289697647095,0.1064741387963295,0.18444329500198364,0.012764022685587406,-0.014953945763409138,0.08548635989427567
frame_001692.png,frame_001693.png,0.266357421875,0.10893280059099197,0.18672770261764526,0.014159155078232288,-0.017238423228263855,0.08848896622657776
frame_001693.png,frame_001694.png,0.26462745666503906,0.1093902662396431,0.19346889853477478,0.022463642060756683,-0.020406972616910934,0.09262799471616745
frame_001694.png,frame_001695.png,0.273219496011734,0.10732588917016983,0.19468852877616882,0.036177538335323334,-0.019790679216384888,0.09629000723361969
frame_001695.png,frame_001696.png,0.2773590385913849,0.10397622734308243,0.19441255927085876,0.048595841974020004,-0.01658204197883606,0.09773844480514526
frame_001696.png,frame_001697.png,0.2859906256198883,0.09963635355234146,0.189674511551857,0.058931224048137665,-0.012711084447801113,0.10344159603118896
frame_001697.png,frame_001698.png,0.29464757442474365,0.09537225216627121,0.1834435760974884,0.06435893476009369,-0.006780165247619152,0.10703343152999878
frame_001698.png,frame_001699.png,0.3023914098739624,0.09134816378355026,0.1818568855524063,0.06696955859661102,-0.0018673846498131752,0.10902897268533707
frame_001699.png,frame_001700.png,0.3079789876937866,0.08939126878976822,0.17936885356903076,0.06798459589481354,0.0010077496990561485,0.10903049260377884
frame_001700.png,frame_001701.png,0.31052401661872864,0.08961821347475052,0.17710012197494507,0.0691438764333725,0.0018201805651187897,0.11060528457164764
frame_001701.png,frame_001702.png,0.3082845211029053,0.09062509983778,0.17814254760742188,0.06830258667469025,0.0004359660670161247,0.11646442115306854
frame_001702.png,frame_001703.png,0.3060512840747833,0.09396157413721085,0.18266242742538452,0.06909684836864471,-0.0004092017188668251,0.1182374656200409
frame_001703.png,frame_001704.png,0.3024582862854004,0.09303300827741623,0.19112055003643036,0.06873403489589691,-0.0008155219256877899,0.12100836634635925
frame_001704.png,frame_001705.png,0.30034714937210083,0.09198277443647385,0.18321126699447632,0.06315036863088608,-0.005983148701488972,0.11283143609762192
frame_001705.png,frame_001706.png,0.3008591830730438,0.09529069811105728,0.17605188488960266,0.051658667623996735,-0.00435178168118,0.10725786536931992
frame_001706.png,frame_001707.png,0.2919470965862274,0.09313873201608658,0.1744893193244934,0.03621278703212738,-0.0050798337906599045,0.11443937569856644
frame_001707.png,frame_001708.png,0.2814675569534302,0.09135665744543076,0.17220774292945862,0.021902963519096375,-0.0024160481989383698,0.11935582756996155
frame_001708.png,frame_001709.png,0.28943344950675964,0.07490391284227371,0.1660575270652771,0.029775291681289673,0.0010910043492913246,0.11692121624946594
frame_001709.png,frame_001710.png,0.2956892251968384,0.06827958673238754,0.14544540643692017,0.05653804540634155,0.0017649652436375618,0.11669421195983887
frame_001710.png,frame_001711.png,0.3040425181388855,0.06149592995643616,0.12990060448646545,0.07992786169052124,0.0012228554114699364,0.12698295712471008
frame_001711.png,frame_001712.png,0.3112689256668091,0.042641930282115936,0.1191253662109375,0.08504689484834671,-0.007177334278821945,0.12788255512714386
frame_001712.png,frame_001713.png,0.30388861894607544,0.019595500081777573,0.13879303634166718,0.0725666806101799,0.006769523955881596,0.13167594373226166
frame_001713.png,frame_001714.png,0.2490692138671875,0.0006703846156597137,0.22005333006381989,0.044537030160427094,0.008931483142077923,0.11479930579662323
frame_001714.png,frame_001715.png,0.2614932954311371,-0.012078683823347092,0.2400262951850891,0.04348801076412201,-0.007348787970840931,0.11686497926712036
frame_001715.png,frame_001716.png,0.25747010111808777,0.014592491090297699,0.28414759039878845,0.03316054493188858,-0.008766292594373226,0.11185939610004425
frame_001716.png,frame_001717.png,0.26272955536842346,0.03212227672338486,0.296769380569458,0.053467247635126114,-0.012117165140807629,0.1437215507030487
frame_001717.png,frame_001718.png,0.28498801589012146,0.03003690391778946,0.2539968192577362,0.060126692056655884,-0.010153860785067081,0.1668604612350464
frame_001718.png,frame_001719.png,0.2691098749637604,0.021258480846881866,0.22275951504707336,0.05986660718917847,-0.01971420645713806,0.13285520672798157
frame_001719.png,frame_001720.png,0.2222151756286621,0.04748579114675522,0.2092818319797516,0.06220153719186783,-0.031103037297725677,0.10535590350627899
frame_001720.png,frame_001721.png,0.19347934424877167,0.06685429066419601,0.2330765426158905,0.052812665700912476,-0.021465681493282318,0.10372485220432281
frame_001721.png,frame_001722.png,0.19895267486572266,0.054638952016830444,0.2523891031742096,0.03455048054456711,-0.006354425102472305,0.05750530958175659
frame_001722.png,frame_001723.png,0.21719041466712952,0.08335477858781815,0.27183249592781067,0.0001971432939171791,-0.029285896569490433,0.035619862377643585
frame_001723.png,frame_001724.png,0.2203528881072998,0.0799742341041565,0.20449645817279816,-0.011221337132155895,-0.014253572560846806,0.04965461045503616
frame_001724.png,frame_001725.png,0.22362035512924194,0.08369941264390945,0.18114900588989258,-0.004320790059864521,-0.006317353807389736,0.024524182081222534
frame_001725.png,frame_001726.png,0.21720528602600098,0.08637017756700516,0.15622511506080627,-0.009901429526507854,-0.007135631516575813,0.033770736306905746
frame_001726.png,frame_001727.png,0.2056945264339447,0.10292165726423264,0.12569883465766907,0.00602018553763628,-0.006056970916688442,0.02687491476535797
frame_001727.png,frame_001728.png,0.15685179829597473,0.1310194432735443,0.17372067272663116,-0.011594711802899837,-0.0036986349150538445,0.02005130425095558
frame_001728.png,frame_001729.png,0.19438660144805908,0.12662246823310852,0.14771230518817902,-0.04440828040242195,0.007128643803298473,0.07961052656173706
frame_001729.png,frame_001730.png,0.20454847812652588,0.12837153673171997,0.17388302087783813,-0.06322719156742096,0.01563127338886261,0.08236931264400482
frame_001730.png,frame_001731.png,0.20912761986255646,0.13112089037895203,0.22257483005523682,-0.03601163998246193,0.004983527585864067,0.10280345380306244
frame_001731.png,frame_001732.png,0.21416103839874268,0.1234525814652443,0.22390130162239075,-0.028462417423725128,-9.127147495746613e-05,0.09824509918689728
frame_001732.png,frame_001733.png,0.2541773021221161,0.12075262516736984,0.24443098902702332,-0.007611921988427639,0.000523972325026989,0.12157320976257324
frame_001733.png,frame_001734.png,0.289064884185791,0.09992841631174088,0.23795360326766968,0.003237740136682987,0.0016704564914107323,0.13530747592449188
frame_001734.png,frame_001735.png,0.2704477310180664,0.10274406522512436,0.25774648785591125,-0.008039911277592182,0.0009332774206995964,0.1306184083223343
frame_001735.png,frame_001736.png,0.2830249071121216,0.09784714132547379,0.2651088535785675,0.026649899780750275,-0.00699461717158556,0.13660156726837158
frame_001736.png,frame_001737.png,0.3214791715145111,0.10760702937841415,0.24209651350975037,0.01709180697798729,-0.028571870177984238,0.13700230419635773
frame_001737.png,frame_001738.png,0.3053268790245056,0.10145383328199387,0.2240479737520218,0.06379980593919754,-0.020334236323833466,0.1833445429801941
frame_001738.png,frame_001739.png,0.2486347258090973,0.09387495368719101,0.245038241147995,0.04681067168712616,-0.04725349694490433,0.16005180776119232
frame_001739.png,frame_001740.png,0.2074773609638214,0.08157198876142502,0.18094943463802338,0.10229536145925522,-0.01920183002948761,0.15836650133132935
frame_001740.png,frame_001741.png,0.16676558554172516,0.07597114145755768,0.22744643688201904,0.05334583297371864,-0.039222441613674164,0.1277075707912445
frame_001741.png,frame_001742.png,0.12317408621311188,0.05508218705654144,0.18485581874847412,0.0826178640127182,-0.009909857995808125,0.17078721523284912
frame_001742.png,frame_001743.png,0.12700214982032776,0.05354389548301697,0.18644557893276215,0.006070257164537907,-0.009843514300882816,0.17077676951885223
frame_001743.png,frame_001744.png,0.089164599776268,0.04667888581752777,0.22978614270687103,0.01850666105747223,0.010052192956209183,0.1550927311182022
frame_001744.png,frame_001745.png,0.154113307595253,0.07329932600259781,0.1830979287624359,0.01127565372735262,0.014990660361945629,0.09246992319822311
frame_001745.png,frame_001746.png,0.12666252255439758,0.04348035901784897,0.18356339633464813,0.004763313569128513,-0.005053545348346233,0.13399147987365723
frame_001746.png,frame_001747.png,0.128632590174675,0.0827641636133194,0.18143928050994873,0.0628097653388977,0.005210529081523418,0.1140730082988739
frame_001747.png,frame_001748.png,0.10292275995016098,0.09825078397989273,0.1848568171262741,0.05933906137943268,-0.008216319605708122,0.1339118778705597
frame_001748.png,frame_001749.png,0.09939458966255188,0.113601453602314,0.14404457807540894,0.07074832916259766,-0.02351251244544983,0.09621477872133255
frame_001749.png,frame_001750.png,0.0816057026386261,0.11680827289819717,0.11923161149024963,0.07897645235061646,-0.029716603457927704,0.08325697481632233
frame_001750.png,frame_001751.png,0.06779982149600983,0.12481392174959183,0.11398009955883026,0.08258315920829773,-0.03234892711043358,0.0796976238489151
frame_001751.png,frame_001752.png,0.06900231540203094,0.1372416913509369,0.10121344029903412,0.08973012119531631,-0.03880641236901283,0.07493595778942108
frame_001752.png,frame_001753.png,0.08675334602594376,0.1394076645374298,0.1281285285949707,0.1043177992105484,-0.022230345755815506,0.07254812121391296
frame_001753.png,frame_001754.png,0.0874844640493393,0.1132848933339119,0.18766164779663086,0.1023719385266304,-0.019536085426807404,0.0762750506401062
frame_001754.png,frame_001755.png,0.12564876675605774,0.10184565931558609,0.19029122591018677,0.07133542001247406,-0.025375179946422577,0.13622666895389557
frame_001755.png,frame_001756.png,0.07184228301048279,0.07024237513542175,0.3124102056026459,0.012982877902686596,0.0001780753955245018,0.13957525789737701
frame_001756.png,frame_001757.png,0.10947027057409286,0.04694198817014694,0.2941133677959442,-0.02224847301840782,-0.0047149742022156715,0.1668025255203247
frame_001757.png,frame_001758.png,0.08515701442956924,0.040024273097515106,0.2736544907093048,-0.009332365356385708,0.017584942281246185,0.18906691670417786
frame_001758.png,frame_001759.png,0.06735115498304367,0.019583381712436676,0.23183181881904602,0.001125839538872242,0.015017101541161537,0.14341244101524353
frame_001759.png,frame_001760.png,0.05375422164797783,0.05242925137281418,0.23736241459846497,-0.0025286609306931496,0.02143096551299095,0.0556306391954422
frame_001760.png,frame_001761.png,0.020650818943977356,0.032778725028038025,0.22816786170005798,0.01067762915045023,0.005987710319459438,0.11624433100223541
frame_001761.png,frame_001762.png,0.06498435139656067,0.05674076825380325,0.2322988212108612,-0.008726387284696102,-0.009762481786310673,0.06726673245429993
frame_001762.png,frame_001763.png,0.12544302642345428,0.10024494677782059,0.1962241530418396,0.05085631459951401,0.006119531579315662,0.05030403286218643
frame_001763.png,frame_001764.png,0.13439831137657166,0.0950634554028511,0.18265847861766815,0.06738295406103134,0.0027168160304427147,0.11666692793369293
frame_001764.png,frame_001765.png,0.17557024955749512,0.10453347116708755,0.22254574298858643,0.0508125014603138,-0.028733745217323303,0.08511339128017426
frame_001765.png,frame_001766.png,0.2357129156589508,0.0931752398610115,0.1933365762233734,0.049434594810009,-0.033207062631845474,0.13100838661193848
frame_001766.png,frame_001767.png,0.25597602128982544,0.08544344455003738,0.23023346066474915,0.0573217011988163,-0.029075264930725098,0.1400545835494995
frame_001767.png,frame_001768.png,0.28561797738075256,0.0738862007856369,0.24695375561714172,0.07665607333183289,-0.023499276489019394,0.14560790359973907
frame_001768.png,frame_001769.png,0.30920472741127014,0.0788327157497406,0.2418650984764099,0.09404796361923218,-0.02613990381360054,0.14812961220741272
frame_001769.png,frame_001770.png,0.29369625449180603,0.07309912145137787,0.26385438442230225,0.08568286895751953,-0.02416492998600006,0.16090373694896698
frame_001770.png,frame_001771.png,0.2904840111732483,0.07728815078735352,0.24491026997566223,0.10554175823926926,-0.01921374350786209,0.16071893274784088
frame_001771.png,frame_001772.png,0.26870012283325195,0.09347749501466751,0.2612210810184479,0.09531034529209137,-0.011266973800957203,0.14270664751529694
frame_001772.png,frame_001773.png,0.2648926377296448,0.09275747090578079,0.28654909133911133,0.06698858737945557,-0.01591205596923828,0.1469482183456421
frame_001773.png,frame_001774.png,0.25781378149986267,0.10361921042203903,0.28559577465057373,0.026042427867650986,-0.014770270325243473,0.12642861902713776
frame_001774.png,frame_001775.png,0.25595900416374207,0.114527128636837,0.2551385164260864,0.015578296966850758,-0.017651427537202835,0.10396093130111694
frame_001775.png,frame_001776.png,0.25834593176841736,0.09143660217523575,0.24428218603134155,0.019620057195425034,-0.01381643209606409,0.089594267308712
frame_001776.png,frame_001777.png,0.26152753829956055,0.1019837036728859,0.22100922465324402,0.017060037702322006,-0.012777338735759258,0.07913882285356522
frame_001777.png,frame_001778.png,0.2676430940628052,0.09326144307851791,0.19979605078697205,0.01571284607052803,-0.02258341759443283,0.06422722339630127
frame_001778.png,frame_001779.png,0.294430673122406,0.08525463193655014,0.18039971590042114,0.03612983226776123,-0.012295330874621868,0.09433542191982269
frame_001779.png,frame_001780.png,0.319898784160614,0.09038237482309341,0.18597543239593506,0.030090130865573883,-0.0031062671914696693,0.1191723495721817
frame_001780.png,frame_001781.png,0.32623764872550964,0.09551575034856796,0.1924557387828827,0.016176503151655197,-0.009199132211506367,0.14698012173175812
frame_001781.png,frame_001782.png,0.31166762113571167,0.10236433893442154,0.17547811567783356,0.013050095178186893,-0.009208020754158497,0.16766050457954407
frame_001782.png,frame_001783.png,0.32364270091056824,0.1111285611987114,0.16352584958076477,0.01660981774330139,-0.00772081408649683,0.18078964948654175
frame_001783.png,frame_001784.png,0.3226659297943115,0.12040429562330246,0.1343827247619629,0.026831001043319702,-0.006577395834028721,0.15274877846240997
frame_001784.png,frame_001785.png,0.3211482763290405,0.11300497502088547,0.08902822434902191,0.02005879208445549,-0.002383989281952381,0.12849825620651245
frame_001785.png,frame_001786.png,0.29608553647994995,0.1172531470656395,0.07704129815101624,0.02019951492547989,-0.0040876129642128944,0.09252630174160004
frame_001786.png,frame_001787.png,0.27144038677215576,0.11420267075300217,0.08159933984279633,0.007825993932783604,-0.0018203230574727058,0.07571592181921005
frame_001787.png,frame_001788.png,0.2734358310699463,0.1082553043961525,0.07879455387592316,0.005216329358518124,0.005982230417430401,0.06749675422906876
frame_001788.png,frame_001789.png,0.2841261923313141,0.10069603472948074,0.08509160578250885,-0.0016951924189925194,0.011558475904166698,0.06144007295370102
frame_001789.png,frame_001790.png,0.29303520917892456,0.09075839072465897,0.09284865856170654,-0.0031528929248452187,0.012620302848517895,0.06493090838193893
frame_001790.png,frame_001791.png,0.29619958996772766,0.08287591487169266,0.09909363090991974,-0.0030035478994250298,0.012650116346776485,0.07043427228927612
frame_001791.png,frame_001792.png,0.2921324670314789,0.07742618769407272,0.10028193891048431,-0.00023403670638799667,0.013971093110740185,0.07819845527410507
frame_001792.png,frame_001793.png,0.28790929913520813,0.07942309230566025,0.10436852276325226,-0.0010653873905539513,0.012510779313743114,0.07785379141569138
frame_001793.png,frame_001794.png,0.27403977513313293,0.0852917805314064,0.09492912888526917,0.015180164016783237,0.008645429275929928,0.06404285132884979
frame_001794.png,frame_001795.png,0.2913496196269989,0.09562493115663528,0.07456411421298981,0.01804380863904953,-0.00023289863020181656,0.06284962594509125
frame_001795.png,frame_001796.png,0.3049997091293335,0.11276654154062271,0.06401264667510986,0.01777569204568863,-0.014929008670151234,0.0673360601067543
frame_001796.png,frame_001797.png,0.2988322079181671,0.1230621263384819,0.0752759575843811,0.017066940665245056,-0.01959579810500145,0.09010426700115204
frame_001797.png,frame_001798.png,0.31375426054000854,0.12587177753448486,0.10869665443897247,0.000923563726246357,-0.009549281559884548,0.11869433522224426
frame_001798.png,frame_001799.png,0.3151700496673584,0.12029097229242325,0.11221405863761902,0.013787583447992802,-0.007148814387619495,0.12981554865837097
frame_001799.png,frame_001800.png,0.3190446197986603,0.12792101502418518,0.12291835248470306,0.019307173788547516,-0.001955443061888218,0.1348503977060318
frame_001800.png,frame_001801.png,0.32394516468048096,0.14150935411453247,0.12871313095092773,0.010826420970261097,-0.002241303212940693,0.1180715262889862
frame_001801.png,frame_001802.png,0.36300042271614075,0.13518747687339783,0.0948794037103653,0.01025256235152483,-0.0032756151631474495,0.11591610312461853
frame_001802.png,frame_001803.png,0.38633906841278076,0.12755048274993896,0.07909917831420898,0.0033411728218197823,-0.0037287110462784767,0.12971898913383484
frame_001803.png,frame_001804.png,0.38894185423851013,0.12059157341718674,0.08842247724533081,-0.0014925962314009666,-0.002956041134893894,0.1338832676410675
frame_001804.png,frame_001805.png,0.3619198501110077,0.11493610590696335,0.11903686821460724,-0.012827984057366848,0.00020603742450475693,0.11956031620502472
frame_001805.png,frame_001806.png,0.3366698622703552,0.1109224334359169,0.14357298612594604,-0.02044524997472763,0.004108111374080181,0.10648568719625473
frame_001806.png,frame_001807.png,0.3310896158218384,0.10843569785356522,0.15312089025974274,-0.024269968271255493,0.00416125264018774,0.11055256426334381
frame_001807.png,frame_001808.png,0.3132130205631256,0.11106876283884048,0.1665763556957245,-0.024908896535634995,0.0014620563015341759,0.10458320379257202
frame_001808.png,frame_001809.png,0.30136725306510925,0.12234923988580704,0.17871001362800598,-0.032610081136226654,-0.001697269268333912,0.10623468458652496
frame_001809.png,frame_001810.png,0.2892439365386963,0.13553237915039062,0.2013876587152481,-0.02846405655145645,0.005596629343926907,0.11010284721851349
frame_001810.png,frame_001811.png,0.27740752696990967,0.142618328332901,0.2431485652923584,-0.01634785532951355,0.010356483049690723,0.11853301525115967
frame_001811.png,frame_001812.png,0.26685941219329834,0.1381930708885193,0.27404409646987915,-0.013994536362588406,0.008964530192315578,0.14406174421310425
frame_001812.png,frame_001813.png,0.25938278436660767,0.1311524510383606,0.28251609206199646,-0.022582020610570908,0.004701091907918453,0.1481826901435852
frame_001813.png,frame_001814.png,0.24614709615707397,0.11722259968519211,0.26453036069869995,-0.030039262026548386,0.002284879796206951,0.15787196159362793
frame_001814.png,frame_001815.png,0.24500343203544617,0.11051587015390396,0.23114390671253204,-0.019131168723106384,0.0002769455313682556,0.14941927790641785
frame_001815.png,frame_001816.png,0.2601243555545807,0.10817549377679825,0.1867786943912506,-0.0006453273817896843,0.002659502439200878,0.12447547912597656
frame_001816.png,frame_001817.png,0.26818037033081055,0.10388501733541489,0.16896222531795502,-0.00192240159958601,0.007275864481925964,0.10042498260736465
frame_001817.png,frame_001818.png,0.25030767917633057,0.09962991625070572,0.16730879247188568,0.004919801838696003,0.003961717709898949,0.08721068501472473
frame_001818.png,frame_001819.png,0.24284279346466064,0.10522421449422836,0.16914045810699463,0.016190730035305023,0.005080866627395153,0.06732570379972458
frame_001819.png,frame_001820.png,0.24127626419067383,0.10130881518125534,0.13146917521953583,0.040701400488615036,0.0046787504106760025,0.052854299545288086
frame_001820.png,frame_001821.png,0.2267034351825714,0.10348043590784073,0.1080106794834137,0.048508331179618835,0.0013604220002889633,0.03916364163160324
frame_001821.png,frame_001822.png,0.207678884267807,0.11101482063531876,0.11034238338470459,0.048857759684324265,0.00784997921437025,0.03556935489177704
frame_001822.png,frame_001823.png,0.18936485052108765,0.10910040885210037,0.10031965374946594,0.04074396565556526,0.003826507367193699,0.019151419401168823
frame_001823.png,frame_001824.png,0.15611952543258667,0.10149355977773666,0.0693138986825943,0.04818286746740341,0.005388625897467136,-0.0027368618175387383
frame_001824.png,frame_001825.png,0.12183942645788193,0.0928182378411293,0.03996792435646057,0.05103210732340813,0.005824520252645016,-0.0076256124302744865
frame_001825.png,frame_001826.png,0.11346350610256195,0.08901058882474899,0.02619846537709236,0.054937269538640976,0.006812228821218014,0.004417036660015583
frame_001826.png,frame_001827.png,0.11987859010696411,0.08391467481851578,0.01411973312497139,0.04976861551403999,0.004698658362030983,0.01523264404386282
frame_001827.png,frame_001828.png,0.1197437196969986,0.07944893836975098,0.008399982005357742,0.043709322810173035,-0.00022369716316461563,0.015445676632225513
frame_001828.png,frame_001829.png,0.1128307655453682,0.07695633918046951,0.006568487733602524,0.041659850627183914,-0.0007130559533834457,0.017481576651334763
frame_001829.png,frame_001830.png,0.11703961342573166,0.07590485364198685,0.0035392306745052338,0.03570627421140671,3.406871110200882e-05,0.01855286955833435
frame_001830.png,frame_001831.png,0.1369614601135254,0.08194392174482346,0.009850960224866867,0.015771064907312393,-0.004069489426910877,0.022769473493099213
frame_001831.png,frame_001832.png,0.19263657927513123,0.09262394160032272,0.03398391976952553,-0.01518713403493166,-0.014573563821613789,0.03200501948595047
frame_001832.png,frame_001833.png,0.2394496500492096,0.09556359797716141,0.04922039434313774,-0.03960961475968361,-0.021668370813131332,0.028550736606121063
frame_001833.png,frame_001834.png,0.29706770181655884,0.09778300672769547,0.055728938430547714,-0.05148253217339516,-0.009032593108713627,0.02207818627357483
frame_001834.png,frame_001835.png,0.30906301736831665,0.09943968802690506,0.03284115716814995,-0.052762798964977264,0.0024774661287665367,-0.008927418850362301
frame_001835.png,frame_001836.png,0.3288235068321228,0.09494128078222275,0.025608960539102554,-0.03954704478383064,0.017748601734638214,-0.03370315209031105
frame_001836.png,frame_001837.png,0.3322886526584625,0.0863514319062233,0.019581187516450882,-0.014090518467128277,0.010559036396443844,-0.026072610169649124
frame_001837.png,frame_001838.png,0.32762500643730164,0.08178170025348663,0.01975574716925621,0.0028061838820576668,0.007676846347749233,0.007369306869804859
frame_001838.png,frame_001839.png,0.3006877303123474,0.06556756049394608,0.03326617181301117,0.011484854854643345,0.0011407127603888512,0.07318273186683655
frame_001839.png,frame_001840.png,0.27776673436164856,0.04426642507314682,0.08209100365638733,0.02815304324030876,-0.010076106525957584,0.1035570278763771
frame_001840.png,frame_001841.png,0.23282620310783386,0.040916360914707184,0.032349634915590286,0.04182004556059837,-0.007651711814105511,0.10959350317716599
frame_001841.png,frame_001842.png,0.18565893173217773,0.03383103758096695,0.007892478257417679,0.03973575681447983,-0.010772130452096462,0.08640062808990479
frame_001842.png,frame_001843.png,0.15894842147827148,0.020003508776426315,0.0004097744822502136,0.052870508283376694,-0.011048638261854649,0.07236446440219879
frame_001843.png,frame_001844.png,0.15615299344062805,0.015936624258756638,0.0021545030176639557,0.0590890496969223,-0.008129747584462166,0.05551551282405853
frame_001844.png,frame_001845.png,0.14945447444915771,0.014942176640033722,0.027099668979644775,0.060059428215026855,-0.008903066627681255,0.04010746628046036
frame_001845.png,frame_001846.png,0.12233814597129822,-0.009316392242908478,0.08120125532150269,0.05472753196954727,-0.009269478730857372,0.044483624398708344
frame_001846.png,frame_001847.png,0.10599063336849213,-0.024704109877347946,0.11737355589866638,0.05199292674660683,-0.0037450166419148445,0.033655863255262375
frame_001847.png,frame_001848.png,0.08118338882923126,-0.024279505014419556,0.16947276890277863,0.034738823771476746,0.008982541039586067,0.016148962080478668
frame_001848.png,frame_001849.png,0.10042019188404083,-0.026199879124760628,0.13519693911075592,-0.00488996971398592,0.014187287539243698,0.028463266789913177
frame_001849.png,frame_001850.png,0.10641605406999588,-0.014774605631828308,0.08969967067241669,-0.02359824627637863,0.02242298051714897,0.06749460101127625
frame_001850.png,frame_001851.png,0.1097320020198822,0.00729750469326973,0.07749414443969727,-0.0659446269273758,0.023774404078722,0.09247725456953049
frame_001851.png,frame_001852.png,0.08565513789653778,0.04756186157464981,0.13817854225635529,-0.05039742588996887,0.035853683948516846,0.06531260162591934
frame_001852.png,frame_001853.png,0.107437364757061,0.06626322120428085,0.124490886926651,-0.023271895945072174,0.035281021147966385,0.06129816174507141
frame_001853.png,frame_001854.png,0.10570021718740463,0.050251975655555725,0.08996003866195679,0.03727436065673828,0.041303664445877075,0.06205998361110687
frame_001854.png,frame_001855.png,0.0597173348069191,0.046247802674770355,0.10820579528808594,0.04518037289381027,0.022882573306560516,0.09517762064933777
frame_001855.png,frame_001856.png,0.017966225743293762,0.056639403104782104,0.15802901983261108,0.037163425236940384,0.007124913856387138,0.06999149173498154
frame_001856.png,frame_001857.png,0.013509415090084076,0.04720766097307205,0.1281120926141739,0.016210924834012985,-0.005212794058024883,0.0811404138803482
frame_001857.png,frame_001858.png,0.0034999772906303406,0.06609103828668594,0.1392410397529602,-0.01048725564032793,-0.0062834154814481735,0.08139040321111679
frame_001858.png,frame_001859.png,0.0032917484641075134,0.09666194766759872,0.17909076809883118,-0.05112738162279129,0.003122507594525814,0.06499876827001572
frame_001859.png,frame_001860.png,0.05333704873919487,0.11907384544610977,0.1980891227722168,-0.09638813883066177,0.013625954277813435,0.056691937148571014
frame_001860.png,frame_001861.png,0.1077023297548294,0.1150422915816307,0.16075870394706726,-0.08717978745698929,0.002834270242601633,0.0637320801615715
frame_001861.png,frame_001862.png,0.1416671872138977,0.10723338276147842,0.185167133808136,-0.08127935230731964,0.003752640448510647,0.09627173840999603
frame_001862.png,frame_001863.png,0.17258062958717346,0.107117660343647,0.1879737377166748,-0.07949420064687729,0.01360276248306036,0.09116102755069733
frame_001863.png,frame_001864.png,0.2015274465084076,0.11082442849874496,0.21359038352966309,-0.056989993900060654,0.0072393035516142845,0.08359652012586594
frame_001864.png,frame_001865.png,0.2273821234703064,0.11202646046876907,0.21799030900001526,-0.03378845751285553,0.004869616590440273,0.07378754019737244
frame_001865.png,frame_001866.png,0.2387712597846985,0.10962963849306107,0.19416069984436035,-0.013527867384254932,0.006798475049436092,0.08214075118303299
frame_001866.png,frame_001867.png,0.24643221497535706,0.1030445471405983,0.15880395472049713,0.005380571819841862,0.001997819170355797,0.09539483487606049
frame_001867.png,frame_001868.png,0.24600714445114136,0.09497783333063126,0.13928502798080444,0.014540796168148518,-0.003961276262998581,0.1096118912100792
frame_001868.png,frame_001869.png,0.23629841208457947,0.08574298769235611,0.12094767391681671,0.010824465192854404,-0.00584090780466795,0.11899948120117188
frame_001869.png,frame_001870.png,0.22192257642745972,0.07643616199493408,0.11194749176502228,-0.00027684401720762253,-0.003386523574590683,0.12178835272789001
frame_001870.png,frame_001871.png,0.20007038116455078,0.06406589597463608,0.10000208020210266,0.0004540989175438881,8.533569052815437e-05,0.11744216084480286
frame_001871.png,frame_001872.png,0.17615476250648499,0.04827474057674408,0.08108443021774292,0.009343964047729969,0.004944482818245888,0.11298029124736786
frame_001872.png,frame_001873.png,0.1613895148038864,0.03355935961008072,0.059203069657087326,0.014257998205721378,0.007577649317681789,0.11207205057144165
frame_001873.png,frame_001874.png,0.15775248408317566,0.030745819211006165,0.05869373306632042,0.017792511731386185,0.008417308330535889,0.11014680564403534
frame_001874.png,frame_001875.png,0.15502342581748962,0.02178473025560379,0.04722854122519493,0.020435035228729248,0.011221632361412048,0.10922756791114807
frame_001875.png,frame_001876.png,0.15592730045318604,0.01361750066280365,0.030141029506921768,0.014497493393719196,0.01665254309773445,0.10779595375061035
frame_001876.png,frame_001877.png,0.15354087948799133,0.003500159829854965,-0.03899967297911644,-0.00010378565639257431,0.023314472287893295,0.11178147047758102
frame_001877.png,frame_001878.png,0.15052242577075958,-0.004218194633722305,-0.08700859546661377,-0.018316783010959625,0.02666112408041954,0.0964522659778595
frame_001878.png,frame_001879.png,0.14045515656471252,-0.016995592042803764,-0.11187118291854858,-0.03372334688901901,0.025931701064109802,0.0762975662946701
frame_001879.png,frame_001880.png,0.1543298065662384,-0.014965422451496124,-0.09441342949867249,-0.04173247143626213,0.025061316788196564,0.07349442690610886
frame_001880.png,frame_001881.png,0.20599408447742462,-0.005455177277326584,-0.06758145242929459,-0.04771939292550087,0.017558302730321884,0.06435316056013107
frame_001881.png,frame_001882.png,0.24931973218917847,0.0055377297103405,-0.040583640336990356,-0.05007026717066765,0.008408008143305779,0.051283448934555054
frame_001882.png,frame_001883.png,0.260381817817688,0.015974227339029312,0.003251153975725174,-0.04795372858643532,-0.0004981979727745056,0.03312971442937851
frame_001883.png,frame_001884.png,0.2606016993522644,0.026921547949314117,0.032158706337213516,-0.03665876016020775,-0.005253965966403484,0.014870011247694492
frame_001884.png,frame_001885.png,0.26314398646354675,0.03384571522474289,0.04353978484869003,-0.022609665989875793,-0.007193413563072681,0.0016665728762745857
frame_001885.png,frame_001886.png,0.26783379912376404,0.0333823636174202,0.052710969001054764,-0.02086583897471428,-0.010273243300616741,-0.002453007735311985
frame_001886.png,frame_001887.png,0.2675883173942566,0.031206153333187103,0.0664147138595581,-0.03132718801498413,-0.011917081661522388,0.00012110266834497452
frame_001887.png,frame_001888.png,0.24953001737594604,0.021588720381259918,0.07188259065151215,-0.03701264411211014,-0.007480892352759838,0.018124423921108246
frame_001888.png,frame_001889.png,0.24569565057754517,0.015981677919626236,0.0712452083826065,-0.050212226808071136,-0.0031800363212823868,0.055600762367248535
frame_001889.png,frame_001890.png,0.21672552824020386,0.016605373471975327,0.07820585370063782,-0.06899318099021912,-0.0102925980463624,0.07549157738685608
frame_001890.png,frame_001891.png,0.2031809389591217,0.018851805478334427,0.0611325167119503,-0.06858792155981064,0.0009853774681687355,0.11566394567489624
frame_001891.png,frame_001892.png,0.1957552433013916,0.016438521444797516,0.07829393446445465,-0.04262504726648331,0.006817634217441082,0.13108715415000916
frame_001892.png,frame_001893.png,0.2163812816143036,0.010019928216934204,0.08785401284694672,-0.021809063851833344,0.021528616547584534,0.1495872437953949
frame_001893.png,frame_001894.png,0.20734792947769165,0.04383303225040436,0.12729716300964355,-0.029832914471626282,0.009877627715468407,0.1272304356098175
frame_001894.png,frame_001895.png,0.19988977909088135,0.07231651991605759,0.13706225156784058,-0.048838771879673004,0.01841859519481659,0.09829403460025787
frame_001895.png,frame_001896.png,0.2058185338973999,0.07406161725521088,0.1782597303390503,-0.05179763212800026,0.02754918485879898,0.11784769594669342
frame_001896.png,frame_001897.png,0.1799495369195938,0.1026790663599968,0.24667802453041077,-0.04362564906477928,0.020643707364797592,0.10428840667009354
frame_001897.png,frame_001898.png,0.1783362329006195,0.1263992190361023,0.2789199948310852,-0.07433511316776276,0.015160474926233292,0.08850731700658798
frame_001898.png,frame_001899.png,0.10530808568000793,0.12089302390813828,0.24602866172790527,-0.011250398121774197,0.006621465552598238,0.09238430857658386
frame_001899.png,frame_001900.png,0.14717960357666016,0.12098292261362076,0.20269884169101715,-0.00893960427492857,0.02123880758881569,0.10694591701030731
frame_001900.png,frame_001901.png,0.1456444263458252,0.1236429288983345,0.20185433328151703,-0.011238674633204937,0.027800705283880234,0.10085870325565338
frame_001901.png,frame_001902.png,0.21778681874275208,0.12927022576332092,0.17267414927482605,-0.03209087625145912,0.01722547970712185,0.09305348992347717
frame_001902.png,frame_001903.png,0.24187999963760376,0.11624256521463394,0.1389303058385849,-0.03890526294708252,0.0184563547372818,0.07801860570907593
frame_001903.png,frame_001904.png,0.2829143702983856,0.11149460822343826,0.08389155566692352,-0.040476180613040924,0.005335058085620403,0.03453352302312851
frame_001904.png,frame_001905.png,0.3103468120098114,0.1051449254155159,0.047059740871191025,-0.03553763031959534,-0.004766029305756092,0.029289644211530685
frame_001905.png,frame_001906.png,0.3340788185596466,0.10052178055047989,0.038256898522377014,-0.028031256049871445,-0.012015827931463718,0.028426319360733032
frame_001906.png,frame_001907.png,0.34061315655708313,0.09728901833295822,0.05276080593466759,-0.0070400116965174675,-0.01492291409522295,0.041096292436122894
frame_001907.png,frame_001908.png,0.3169163465499878,0.09724137932062149,0.07795675098896027,0.012521413154900074,-0.013267026282846928,0.05933167040348053
frame_001908.png,frame_001909.png,0.30346500873565674,0.10298622399568558,0.11638447642326355,0.009430688805878162,0.0031259646639227867,0.05697090923786163
frame_001909.png,frame_001910.png,0.29964765906333923,0.11210890859365463,0.13386492431163788,-0.007582326419651508,0.0064287250861525536,0.06456238031387329
frame_001910.png,frame_001911.png,0.2992287576198578,0.09981981664896011,0.13818365335464478,-0.014456401579082012,-0.0021286243572831154,0.07957363873720169
frame_001911.png,frame_001912.png,0.297604501247406,0.09873674064874649,0.1501578390598297,-0.015505135990679264,0.0038683516904711723,0.0751185417175293
frame_001912.png,frame_001913.png,0.2908519208431244,0.07890773564577103,0.16174530982971191,-0.012506245635449886,0.0055847084149718285,0.09444744884967804
frame_001913.png,frame_001914.png,0.2806580662727356,0.05578385293483734,0.17121750116348267,-0.005048620514571667,0.005359726957976818,0.10784893482923508
frame_001914.png,frame_001915.png,0.2764638662338257,0.05703303962945938,0.18180154263973236,-0.01016740407794714,0.0035835513845086098,0.09316366910934448
frame_001915.png,frame_001916.png,0.2905696928501129,0.05875321477651596,0.1567331999540329,-0.0071439435705542564,0.0023963628336787224,0.09131203591823578
frame_001916.png,frame_001917.png,0.2998756170272827,0.06375543773174286,0.14316847920417786,0.029033612459897995,-0.003162088803946972,0.06981292366981506
frame_001917.png,frame_001918.png,0.26749053597450256,0.06586895138025284,0.19551539421081543,0.003006444312632084,-0.0037571145221590996,0.02307155728340149
frame_001918.png,frame_001919.png,0.25954803824424744,0.051153168082237244,0.19688037037849426,0.02236553281545639,-0.0032021664083003998,0.03879021480679512
frame_001919.png,frame_001920.png,0.23899111151695251,0.042223721742630005,0.1962563544511795,0.02856937050819397,-0.007981132715940475,0.039631448686122894
frame_001920.png,frame_001921.png,0.22184139490127563,0.03884447365999222,0.1888294816017151,0.036053650081157684,-0.013385345228016376,0.016149885952472687
frame_001921.png,frame_001922.png,0.21349561214447021,0.04089982062578201,0.18182918429374695,0.0368419885635376,-0.01659310981631279,-0.005182492546737194
frame_001922.png,frame_001923.png,0.2344416379928589,0.05506376922130585,0.16239255666732788,0.04694477841258049,-0.018666550517082214,-0.004027641378343105
frame_001923.png,frame_001924.png,0.23425325751304626,0.07073773443698883,0.17178751528263092,0.036968737840652466,-0.016172729432582855,0.0025107311084866524
frame_001924.png,frame_001925.png,0.22874638438224792,0.07032976299524307,0.17038320004940033,0.032299820333719254,-0.01236907858401537,0.024797149002552032
frame_001925.png,frame_001926.png,0.2414933145046234,0.0816517099738121,0.13235697150230408,0.04309196025133133,-0.023668400943279266,0.04110689461231232
frame_001926.png,frame_001927.png,0.2542835772037506,0.09733057767152786,0.09088844060897827,0.042113833129405975,-0.01935645565390587,0.08010894805192947
frame_001927.png,frame_001928.png,0.2868618369102478,0.10474922508001328,0.05099157616496086,0.031565502285957336,-0.0035935910418629646,0.11106236279010773
frame_001928.png,frame_001929.png,0.2958241403102875,0.1312001347541809,0.07610349357128143,0.02096956968307495,0.007711357437074184,0.10440971702337265
frame_001929.png,frame_001930.png,0.2882824242115021,0.14201435446739197,0.05914522334933281,-0.0023544346913695335,0.016274336725473404,0.07739948481321335
frame_001930.png,frame_001931.png,0.23351812362670898,0.11426400393247604,0.0804699957370758,-0.08041743189096451,0.021130051463842392,0.08380472660064697
frame_001931.png,frame_001932.png,0.2214055061340332,0.10764060169458389,0.1337677240371704,-0.08115805685520172,0.013923103921115398,0.05850418657064438
frame_001932.png,frame_001933.png,0.18350335955619812,0.08113768696784973,0.11929130554199219,-0.08351781964302063,0.0310903899371624,0.018389452248811722
frame_001933.png,frame_001934.png,0.15455177426338196,0.0660092756152153,0.06062937155365944,-0.07839897274971008,0.031891100108623505,0.02243741974234581
frame_001934.png,frame_001935.png,0.07072364538908005,0.025343887507915497,0.04200301691889763,-0.05596010386943817,0.02805561199784279,0.0713915228843689
frame_001935.png,frame_001936.png,0.0990431010723114,0.009057760238647461,0.04449310526251793,-0.0556115098297596,0.00581535417586565,0.07411408424377441
frame_001936.png,frame_001937.png,0.13864107429981232,-0.00823892280459404,0.020155448466539383,-0.07061706483364105,0.002370174042880535,0.06801497936248779
frame_001937.png,frame_001938.png,0.1016625314950943,-0.008279994130134583,0.0751943439245224,-0.03780224919319153,0.0015640584751963615,0.020580533891916275
frame_001938.png,frame_001939.png,0.060413703322410583,-0.019774865359067917,0.14568042755126953,-0.007278041448444128,0.0175517238676548,0.004024059511721134
frame_001939.png,frame_001940.png,-9.207427501678467e-05,-0.027909686788916588,0.19485917687416077,-0.008082282729446888,0.026645056903362274,0.003563915379345417
frame_001940.png,frame_001941.png,-0.0600067600607872,-0.03451498970389366,0.20670127868652344,-0.01100995298475027,0.030342720448970795,0.00011532101780176163
frame_001941.png,frame_001942.png,-0.10235748440027237,-0.03952539712190628,0.1982738971710205,-0.0025887107476592064,0.029960662126541138,-0.009173712693154812
frame_001942.png,frame_001943.png,-0.13555294275283813,-0.04520120471715927,0.19638323783874512,0.0228852741420269,0.028254400938749313,-0.004306844435632229
frame_001943.png,frame_001944.png,-0.13172957301139832,-0.041502490639686584,0.16621504724025726,0.03911776840686798,0.022404316812753677,0.025463003665208817
frame_001944.png,frame_001945.png,-0.13871613144874573,-0.02119513228535652,0.09657081961631775,0.03610069304704666,0.02907182276248932,0.009870030917227268
frame_001945.png,frame_001946.png,-0.0952872708439827,-0.02652766741812229,0.0746593177318573,0.016551461070775986,0.03796498104929924,0.058863475918769836
frame_001946.png,frame_001947.png,-0.04330644756555557,-0.0013805963099002838,0.09389227628707886,0.04502970725297928,0.03821773827075958,0.08062131702899933
frame_001947.png,frame_001948.png,0.006108686327934265,0.008546795696020126,0.10629850625991821,0.007561878301203251,0.046650953590869904,0.07746070623397827
frame_001948.png,frame_001949.png,0.07210317254066467,0.027941390872001648,0.04550131782889366,-0.018990084528923035,0.05552676320075989,0.0872960090637207
frame_001949.png,frame_001950.png,0.08629437536001205,0.02283983677625656,0.04958076402544975,-0.018616247922182083,0.056205131113529205,0.10774646699428558
frame_001950.png,frame_001951.png,0.09306266158819199,0.03326047211885452,0.05189022049307823,-0.03127944469451904,0.058037169277668,0.08005163818597794
frame_001951.png,frame_001952.png,0.07269389182329178,0.017718125134706497,0.04669380560517311,-0.04328395426273346,0.06221285089850426,0.08051551133394241
frame_001952.png,frame_001953.png,0.08155377209186554,0.009261786937713623,0.06684994697570801,-0.059700123965740204,0.06529010087251663,0.05989941954612732
frame_001953.png,frame_001954.png,0.08202926814556122,0.01766127720475197,0.06649918854236603,-0.04862557351589203,0.06598369032144547,0.048149626702070236
frame_001954.png,frame_001955.png,0.09038791805505753,0.01583697646856308,0.06873364746570587,-0.0451597198843956,0.06368844211101532,0.038755904883146286
frame_001955.png,frame_001956.png,0.1302301287651062,0.018578704446554184,0.06959457695484161,-0.044049154967069626,0.05845335125923157,0.03953537344932556
frame_001956.png,frame_001957.png,0.1696641743183136,0.02140668034553528,0.06312134861946106,-0.03577341511845589,0.05802389979362488,0.04986673593521118
frame_001957.png,frame_001958.png,0.19360904395580292,0.019753023982048035,0.053244490176439285,-0.021473970264196396,0.060975443571805954,0.07305553555488586
frame_001958.png,frame_001959.png,0.19578737020492554,0.02125740796327591,0.04192270711064339,0.0009071743115782738,0.06045658886432648,0.09627968817949295
frame_001959.png,frame_001960.png,0.1903005689382553,0.032647110521793365,0.054294418543577194,0.004896600730717182,0.05415155738592148,0.09472572058439255
frame_001960.png,frame_001961.png,0.19070255756378174,0.048796482384204865,0.07449088990688324,0.002640855498611927,0.046779438853263855,0.085334911942482
frame_001961.png,frame_001962.png,0.21285977959632874,0.06402615457773209,0.10002435743808746,-0.00890802126377821,0.04135139659047127,0.07764947414398193
frame_001962.png,frame_001963.png,0.22933104634284973,0.07227052003145218,0.11831596493721008,-0.018462542444467545,0.032551154494285583,0.06837130337953568
frame_001963.png,frame_001964.png,0.23720970749855042,0.08135981112718582,0.13261644542217255,-0.032404739409685135,0.025786127895116806,0.06389749050140381
frame_001964.png,frame_001965.png,0.22374668717384338,0.08897105604410172,0.14915280044078827,-0.0315830260515213,0.0207601897418499,0.07363274693489075
frame_001965.png,frame_001966.png,0.23854270577430725,0.09582213312387466,0.12566882371902466,-0.0211159847676754,0.02102946862578392,0.0670844167470932
frame_001966.png,frame_001967.png,0.22710448503494263,0.09737107902765274,0.11347833275794983,-0.018111808225512505,0.016734085977077484,0.0520075261592865
frame_001967.png,frame_001968.png,0.21648246049880981,0.11111346632242203,0.1055552065372467,-0.02246672287583351,0.014973913319408894,0.04439216107130051
frame_001968.png,frame_001969.png,0.2088645100593567,0.1252949833869934,0.10456649959087372,-0.016935519874095917,0.002067895606160164,0.045160986483097076
frame_001969.png,frame_001970.png,0.2170412242412567,0.1231917217373848,0.10609982907772064,-0.017367161810398102,-0.01626688241958618,0.03337039425969124
frame_001970.png,frame_001971.png,0.24099785089492798,0.1317821741104126,0.10021908581256866,-0.01940779760479927,-0.028385452926158905,0.006342840380966663
frame_001971.png,frame_001972.png,0.227078378200531,0.13165593147277832,0.10973437130451202,-0.039358675479888916,-0.029790125787258148,-0.0007112110033631325
frame_001972.png,frame_001973.png,0.2351401448249817,0.1223028376698494,0.09570619463920593,-0.02741437405347824,-0.03282397612929344,-0.003447343595325947
frame_001973.png,frame_001974.png,0.24229499697685242,0.14003917574882507,0.09591005742549896,-0.03290918841958046,-0.029127024114131927,-0.006337578408420086
frame_001974.png,frame_001975.png,0.27061301469802856,0.14438846707344055,0.08965952694416046,-0.027575049549341202,-0.018696777522563934,0.011621111072599888
frame_001975.png,frame_001976.png,0.2554287612438202,0.13802796602249146,0.12202887237071991,-0.08670534938573837,-0.006665379740297794,0.03621450811624527
frame_001976.png,frame_001977.png,0.23552241921424866,0.13139694929122925,0.17554070055484772,-0.10260093212127686,0.0020220978185534477,0.032636016607284546
frame_001977.png,frame_001978.png,0.23448315262794495,0.11292972415685654,0.22684381902217865,-0.11409486830234528,0.01848892867565155,0.048639170825481415
frame_001978.png,frame_001979.png,0.23294153809547424,0.09512979537248611,0.25832387804985046,-0.11556894332170486,0.017092179507017136,0.05796784907579422
frame_001979.png,frame_001980.png,0.23036113381385803,0.08638180047273636,0.2676955759525299,-0.11376813799142838,0.01126886811107397,0.06233541667461395
frame_001980.png,frame_001981.png,0.22666150331497192,0.08041942119598389,0.26530352234840393,-0.10694163292646408,0.008593550883233547,0.07203702628612518
frame_001981.png,frame_001982.png,0.2171487808227539,0.07346364110708237,0.2629958987236023,-0.10424168407917023,0.007905284874141216,0.07797074317932129
frame_001982.png,frame_001983.png,0.20402108132839203,0.06825070828199387,0.26689043641090393,-0.10165932029485703,0.011397936381399632,0.07956185936927795
frame_001983.png,frame_001984.png,0.1870298981666565,0.06492298096418381,0.2527766227722168,-0.10281793773174286,0.017574302852153778,0.08529402315616608
frame_001984.png,frame_001985.png,0.1640181541442871,0.05870937556028366,0.24352538585662842,-0.10970339179039001,0.019998762756586075,0.09947194159030914
frame_001985.png,frame_001986.png,0.13539645075798035,0.05326981842517853,0.2499285638332367,-0.11510808765888214,0.022473279386758804,0.1157953143119812
frame_001986.png,frame_001987.png,0.11687984317541122,0.04955614358186722,0.2611725628376007,-0.12346959859132767,0.02500937134027481,0.11876966059207916
frame_001987.png,frame_001988.png,0.10624027252197266,0.05010297894477844,0.2661641240119934,-0.13451874256134033,0.026048876345157623,0.10779011249542236
frame_001988.png,frame_001989.png,0.11353637278079987,0.05323946475982666,0.25767502188682556,-0.1368892639875412,0.025059930980205536,0.09059040248394012
frame_001989.png,frame_001990.png,0.12558987736701965,0.05805505812168121,0.2555766999721527,-0.13993635773658752,0.03055718168616295,0.06941395252943039
frame_001990.png,frame_001991.png,0.13521814346313477,0.06543424725532532,0.24535128474235535,-0.14835405349731445,0.03698848560452461,0.053686752915382385
frame_001991.png,frame_001992.png,0.13813075423240662,0.06602048128843307,0.23184353113174438,-0.15028084814548492,0.04078584164381027,0.04232075437903404
frame_001992.png,frame_001993.png,0.13392792642116547,0.07037708908319473,0.22414210438728333,-0.14499838650226593,0.039528995752334595,0.02724497765302658
frame_001993.png,frame_001994.png,0.1267038732767105,0.07384631782770157,0.21996383368968964,-0.14603789150714874,0.037983108311891556,0.017947372049093246
frame_001994.png,frame_001995.png,0.12820258736610413,0.07840906828641891,0.21908505260944366,-0.14665111899375916,0.03550636023283005,0.012819656170904636
frame_001995.png,frame_001996.png,0.13601820170879364,0.08222245424985886,0.22140416502952576,-0.14573098719120026,0.033677838742733,0.008513105101883411
frame_001996.png,frame_001997.png,0.14253157377243042,0.08458668738603592,0.22384481132030487,-0.1440967321395874,0.03343992307782173,0.00833276379853487
frame_001997.png,frame_001998.png,0.1496199071407318,0.0834268257021904,0.22242140769958496,-0.14399193227291107,0.033096056431531906,0.013147019781172276
frame_001998.png,frame_001999.png,0.15786994993686676,0.08272609114646912,0.22425110638141632,-0.14222289621829987,0.03360055387020111,0.019659556448459625
frame_001999.png,frame_002000.png,0.1663619577884674,0.08552855998277664,0.23013287782669067,-0.13992641866207123,0.03365301713347435,0.02351957932114601
frame_002000.png,frame_002001.png,0.16783711314201355,0.08910494297742844,0.23146963119506836,-0.14096076786518097,0.03362250700592995,0.029652081429958344
frame_002001.png,frame_002002.png,0.17420142889022827,0.09377177804708481,0.23618122935295105,-0.1355615258216858,0.032044097781181335,0.03791387379169464
frame_002002.png,frame_002003.png,0.19040673971176147,0.10410896688699722,0.2280176877975464,-0.12169599533081055,0.03547007963061333,0.03905424475669861
frame_002003.png,frame_002004.png,0.2095305621623993,0.11707846075296402,0.20209436118602753,-0.09461554884910583,0.025816388428211212,0.032504428178071976
frame_002004.png,frame_002005.png,0.239965558052063,0.11735934764146805,0.15545687079429626,-0.06133671849966049,0.025726206600666046,0.032745521515607834
frame_002005.png,frame_002006.png,0.2539864480495453,0.13657939434051514,0.13161346316337585,-0.03231944143772125,0.020694006234407425,0.013418351300060749
frame_002006.png,frame_002007.png,0.22066307067871094,0.13796466588974,0.13140732049942017,-0.021139275282621384,0.0063282810151577,0.03386411443352699
frame_002007.png,frame_002008.png,0.21270787715911865,0.1561112403869629,0.11139094829559326,0.013084528036415577,-0.009079196490347385,0.01349311787635088
frame_002008.png,frame_002009.png,0.16267609596252441,0.1216992661356926,0.09734466671943665,-0.02678392082452774,0.002514454536139965,0.03049124777317047
frame_002009.png,frame_002010.png,0.13910898566246033,0.09870316833257675,0.1766887605190277,-0.03737659752368927,-0.018847528845071793,0.1062004417181015
frame_002010.png,frame_002011.png,0.16862627863883972,0.09856993705034256,0.16155503690242767,-0.041326623409986496,-0.009769036434590816,0.08637543022632599
frame_002011.png,frame_002012.png,0.16730578243732452,0.09673336893320084,0.13826870918273926,-0.07768375426530838,0.00927895586937666,-0.0029334817081689835
frame_002012.png,frame_002013.png,0.1283794492483139,0.11318416148424149,0.07300752401351929,-0.06363433599472046,0.01590363308787346,0.011923967860639095
frame_002013.png,frame_002014.png,0.12141314148902893,0.07347480207681656,0.07637596130371094,-0.042577482759952545,0.00804965477436781,0.06521390378475189
frame_002014.png,frame_002015.png,0.06556648015975952,0.012426409870386124,0.12845303118228912,-0.04762051999568939,0.031119707971811295,0.09468406438827515
frame_002015.png,frame_002016.png,0.07744745910167694,-0.024103781208395958,0.14356167614459991,-0.04447728767991066,0.039399467408657074,0.06543618440628052
frame_002016.png,frame_002017.png,0.059916187077760696,-0.045817889273166656,0.09141132235527039,-0.03835143893957138,0.044515907764434814,0.0804688036441803
frame_002017.png,frame_002018.png,-0.02229851484298706,-0.05873401090502739,0.10746526718139648,-0.04336410388350487,0.028148289769887924,0.09292612969875336
frame_002018.png,frame_002019.png,-0.05668928474187851,-0.023142537102103233,0.13913556933403015,-0.0658586174249649,0.010625186376273632,0.08906689286231995
frame_002019.png,frame_002020.png,-0.09605532139539719,-0.00677790492773056,0.13036952912807465,-0.06828345358371735,-0.002747391350567341,0.05855346471071243
frame_002020.png,frame_002021.png,-0.1535850465297699,-0.01338493824005127,0.15586717426776886,-0.06243910640478134,-0.0016632946208119392,0.044148072600364685
frame_002021.png,frame_002022.png,-0.19607993960380554,-0.029433155432343483,0.20543909072875977,-0.072001151740551,0.000886271707713604,0.061070673167705536
frame_002022.png,frame_002023.png,-0.19044679403305054,-0.044696301221847534,0.20535987615585327,-0.08506889641284943,0.009595870040357113,0.06691331416368484
frame_002023.png,frame_002024.png,-0.1589547097682953,-0.03819097578525543,0.13624894618988037,-0.0654548853635788,0.0199737548828125,0.05361749976873398
frame_002024.png,frame_002025.png,-0.13302704691886902,-0.028667721897363663,0.08806242048740387,-0.04235582798719406,0.016006778925657272,0.036032386124134064
frame_002025.png,frame_002026.png,-0.10152807086706161,-0.02232411690056324,0.07823844254016876,-0.03898182511329651,0.012783440761268139,0.038903623819351196
frame_002026.png,frame_002027.png,-0.0004664286971092224,-0.02744954079389572,0.058422211557626724,0.009904389269649982,0.020200621336698532,0.06966043263673782
frame_002027.png,frame_002028.png,0.06697094440460205,-0.018650630488991737,0.023479223251342773,0.020032420754432678,0.019422851502895355,0.07428359985351562
frame_002028.png,frame_002029.png,0.12273447215557098,0.01733376830816269,-0.006999246776103973,0.00935057271271944,0.027725186198949814,0.032534364610910416
frame_002029.png,frame_002030.png,0.17317017912864685,0.07093708962202072,-0.019938748329877853,0.0024196067824959755,0.0369730070233345,0.04312533885240555
frame_002030.png,frame_002031.png,0.1895933747291565,0.07862318307161331,0.02975650131702423,-0.003946616314351559,0.034242771565914154,0.06167419254779816
frame_002031.png,frame_002032.png,0.18655820190906525,0.07767502218484879,0.13911452889442444,-0.021854981780052185,0.023218829184770584,0.07555079460144043
frame_002032.png,frame_002033.png,0.2273174524307251,0.09031922370195389,0.12043480575084686,-0.006234436295926571,0.02797757461667061,0.10574015974998474
frame_002033.png,frame_002034.png,0.2314654290676117,0.08352071791887283,0.10791382193565369,-0.0013499511405825615,0.015011024661362171,0.10367807745933533
frame_002034.png,frame_002035.png,0.2428344190120697,0.10859129577875137,0.09767162799835205,0.026511043310165405,0.004780914634466171,0.06035047024488449
frame_002035.png,frame_002036.png,0.23352578282356262,0.1276455521583557,0.0999343991279602,0.007794097997248173,-0.008672426454722881,0.03552847355604172
frame_002036.png,frame_002037.png,0.25068363547325134,0.12331555038690567,0.07162858545780182,0.02413652464747429,-5.280878394842148e-05,0.023543234914541245
frame_002037.png,frame_002038.png,0.297285795211792,0.12342991679906845,0.03839537501335144,0.04007282853126526,0.0021844571456313133,0.027870886027812958
frame_002038.png,frame_002039.png,0.33334171772003174,0.12130505591630936,0.030014004558324814,0.03210071474313736,0.008914115838706493,0.044878039509058
frame_002039.png,frame_002040.png,0.34996575117111206,0.11087716370820999,0.046121712774038315,0.01813191920518875,0.020059723407030106,0.07150811702013016
frame_002040.png,frame_002041.png,0.3555722236633301,0.09693431109189987,0.059121113270521164,0.013140582479536533,0.031768493354320526,0.08063466846942902
frame_002041.png,frame_002042.png,0.3576565980911255,0.0869830921292305,0.07512938976287842,0.01570124179124832,0.03458283469080925,0.08184145390987396
frame_002042.png,frame_002043.png,0.356055349111557,0.08057592064142227,0.08264638483524323,0.022309105843305588,0.033376894891262054,0.0807100161910057
frame_002043.png,frame_002044.png,0.3618127703666687,0.07745986431837082,0.07941286265850067,0.028328541666269302,0.031028836965560913,0.08780641853809357
frame_002044.png,frame_002045.png,0.3593592345714569,0.07176709920167923,0.08226215839385986,0.03256857767701149,0.02903098240494728,0.09050798416137695
frame_002045.png,frame_002046.png,0.36114639043807983,0.06748846918344498,0.07755470275878906,0.03668610006570816,0.025840993970632553,0.10194131731987
frame_002046.png,frame_002047.png,0.36497703194618225,0.06250359863042831,0.07521060109138489,0.040418703109025955,0.025684360414743423,0.11057420819997787
frame_002047.png,frame_002048.png,0.3651246130466461,0.06183769553899765,0.08256630599498749,0.03981475904583931,0.025591500103473663,0.1223161518573761
frame_002048.png,frame_002049.png,0.3709476888179779,0.06293053925037384,0.08756779134273529,0.03886464238166809,0.021651271730661392,0.13456325232982635
frame_002049.png,frame_002050.png,0.37391719222068787,0.06472422182559967,0.08618806302547455,0.03793509677052498,0.016954805701971054,0.13582691550254822
frame_002050.png,frame_002051.png,0.3730446398258209,0.07322022318840027,0.10043571889400482,0.04311680793762207,0.007346517406404018,0.10515226423740387
frame_002051.png,frame_002052.png,0.36185118556022644,0.08665136247873306,0.11852526664733887,0.04338102042675018,0.006203017197549343,0.07478855550289154
frame_002052.png,frame_002053.png,0.3387065529823303,0.0912824496626854,0.17703993618488312,0.043619751930236816,0.0034980671480298042,0.07144632935523987
frame_002053.png,frame_002054.png,0.32199952006340027,0.09475807100534439,0.19361087679862976,0.0489736832678318,0.0003986610099673271,0.0598917156457901
frame_002054.png,frame_002055.png,0.31065356731414795,0.09873861819505692,0.18240192532539368,0.06936073303222656,0.00038148183375597,0.04093527793884277
frame_002055.png,frame_002056.png,0.3228100538253784,0.10651437193155289,0.1708562821149826,0.05158698558807373,-0.0017162235453724861,0.05310886353254318
frame_002056.png,frame_002057.png,0.29414990544319153,0.09846853464841843,0.16928589344024658,0.03045608103275299,-0.010618180967867374,0.08109463006258011
frame_002057.png,frame_002058.png,0.2630460858345032,0.07592292129993439,0.11456252634525299,0.029213231056928635,-0.021002091467380524,0.08019286394119263
frame_002058.png,frame_002059.png,0.26278623938560486,0.0739065483212471,0.09697623550891876,0.04263614863157272,-0.010389414615929127,0.04551035538315773
frame_002059.png,frame_002060.png,0.25942885875701904,0.09978560358285904,0.131145641207695,0.02049935609102249,-0.017959095537662506,0.00046734046190977097
frame_002060.png,frame_002061.png,0.24604535102844238,0.10268949717283249,0.1588893085718155,0.020527705550193787,-0.011797324754297733,0.0050827087834477425
frame_002061.png,frame_002062.png,0.23419630527496338,0.10858912020921707,0.16097448766231537,0.002421916462481022,-0.016058020293712616,0.012936917133629322
frame_002062.png,frame_002063.png,0.2550067603588104,0.1002672091126442,0.13910013437271118,0.01080497819930315,-0.01638321578502655,0.02555885538458824
frame_002063.png,frame_002064.png,0.27160972356796265,0.08970523625612259,0.11518938839435577,0.01936209201812744,-0.012907723896205425,0.04235178977251053
frame_002064.png,frame_002065.png,0.28316572308540344,0.08193836361169815,0.09252586960792542,0.025602366775274277,-0.010091164149343967,0.043802037835121155
frame_002065.png,frame_002066.png,0.2844429910182953,0.07493254542350769,0.07667276263237,0.02749975398182869,-0.004995821975171566,0.03615326061844826
frame_002066.png,frame_002067.png,0.2816139757633209,0.06984987109899521,0.06784063577651978,0.027590520679950714,-0.002558697946369648,0.03235941752791405
frame_002067.png,frame_002068.png,0.27790310978889465,0.06790460646152496,0.061014678329229355,0.022781729698181152,-0.005190766416490078,0.03296693414449692
frame_002068.png,frame_002069.png,0.2573244571685791,0.0736045390367508,0.07836903631687164,0.014341448433697224,-0.013305452652275562,0.030879665166139603
frame_002069.png,frame_002070.png,0.23613211512565613,0.08916463702917099,0.09685520827770233,0.010086373426020145,-0.021274041384458542,0.020890019834041595
frame_002070.png,frame_002071.png,0.21182836592197418,0.09282559901475906,0.13016065955162048,0.0070868441835045815,-0.018261529505252838,0.0033233696594834328
frame_002071.png,frame_002072.png,0.2021617591381073,0.10293377190828323,0.16402453184127808,0.006911364383995533,-0.01884547248482704,-0.011058404110372066
frame_002072.png,frame_002073.png,0.21698492765426636,0.11706148833036423,0.14021098613739014,0.022661760449409485,-0.02269914746284485,-0.0053949011489748955
frame_002073.png,frame_002074.png,0.26477405428886414,0.11273277550935745,0.1096314787864685,0.04834125563502312,-0.01909344270825386,0.019933924078941345
frame_002074.png,frame_002075.png,0.28568434715270996,0.11263994127511978,0.12982840836048126,0.05138518288731575,-0.012182201258838177,0.019801806658506393
frame_002075.png,frame_002076.png,0.29735398292541504,0.113007090985775,0.1399543285369873,0.05593857914209366,-0.013112516142427921,0.018527965992689133
frame_002076.png,frame_002077.png,0.27279970049858093,0.11916611343622208,0.16306418180465698,0.03891558572649956,-0.02604883909225464,0.03155967593193054
frame_002077.png,frame_002078.png,0.24106350541114807,0.12191427499055862,0.18333899974822998,0.03200284391641617,-0.026422172784805298,0.03216801956295967
frame_002078.png,frame_002079.png,0.24120914936065674,0.12298540025949478,0.19092637300491333,0.050169020891189575,-0.02771317958831787,0.046270959079265594
frame_002079.png,frame_002080.png,0.23737654089927673,0.10746895521879196,0.1950339525938034,0.04275732487440109,-0.02176140993833542,0.044559165835380554
frame_002080.png,frame_002081.png,0.24249109625816345,0.09913734346628189,0.22011375427246094,0.030404333025217056,-0.013851829804480076,0.02756570279598236
frame_002081.png,frame_002082.png,0.25324738025665283,0.09627512842416763,0.21566730737686157,0.02703075110912323,-0.010546202771365643,0.0226072296500206
frame_002082.png,frame_002083.png,0.25782930850982666,0.09240160137414932,0.2070300132036209,0.02874496951699257,-0.008244414813816547,0.022998549044132233
frame_002083.png,frame_002084.png,0.2639995515346527,0.08991856127977371,0.20089201629161835,0.02766726166009903,-0.0071213627234101295,0.02404031902551651
frame_002084.png,frame_002085.png,0.2643624246120453,0.086992047727108,0.19739942252635956,0.025966495275497437,-0.007489756681025028,0.02412564307451248
frame_002085.png,frame_002086.png,0.26284733414649963,0.09069038182497025,0.19723248481750488,0.02079569548368454,-0.007031640037894249,0.024392932653427124
frame_002086.png,frame_002087.png,0.25056105852127075,0.09963951259851456,0.20797045528888702,0.015774745494127274,-0.008779694326221943,0.0198257677257061
frame_002087.png,frame_002088.png,0.24871307611465454,0.10819625109434128,0.22366702556610107,0.019854020327329636,-0.008133462630212307,0.015496634878218174
frame_002088.png,frame_002089.png,0.24107670783996582,0.11424148827791214,0.2422388792037964,0.02540578320622444,-0.011691545136272907,0.02118026092648506
frame_002089.png,frame_002090.png,0.24448859691619873,0.12163189798593521,0.2522706687450409,0.027201659977436066,-0.01714378595352173,0.034973789006471634
frame_002090.png,frame_002091.png,0.24682918190956116,0.12289396673440933,0.251854807138443,0.032124437391757965,-0.02108159288764,0.04983037710189819
frame_002091.png,frame_002092.png,0.24135082960128784,0.11853223294019699,0.25247448682785034,0.03637243062257767,-0.02077469229698181,0.058361150324344635
frame_002092.png,frame_002093.png,0.23896747827529907,0.1123727336525917,0.252936989068985,0.04234623908996582,-0.017753954976797104,0.061203308403491974
frame_002093.png,frame_002094.png,0.23789888620376587,0.11034654825925827,0.24832990765571594,0.03989965468645096,-0.015470215119421482,0.060322344303131104
frame_002094.png,frame_002095.png,0.23834213614463806,0.11047958582639694,0.24486157298088074,0.03612705320119858,-0.014943516813218594,0.06533707678318024
frame_002095.png,frame_002096.png,0.2444385290145874,0.10525702685117722,0.2174014151096344,0.03151119500398636,-0.012461348436772823,0.050829093903303146
frame_002096.png,frame_002097.png,0.2448538839817047,0.10283354669809341,0.1945403516292572,0.04049123078584671,-0.013885666616261005,0.0451531857252121
frame_002097.png,frame_002098.png,0.24248531460762024,0.11013370007276535,0.1892106831073761,0.03937370330095291,-0.014634148217737675,0.04152593016624451
frame_002098.png,frame_002099.png,0.23678827285766602,0.12187740951776505,0.19954222440719604,0.0344981774687767,-0.01693495735526085,0.04031527787446976
frame_002099.png,frame_002100.png,0.2643369734287262,0.12179744988679886,0.1994616538286209,0.033685989677906036,-0.020538125187158585,0.04320021718740463
frame_002100.png,frame_002101.png,0.26915082335472107,0.11943749338388443,0.1955798715353012,0.03535422682762146,-0.01627732440829277,0.033337242901325226
frame_002101.png,frame_002102.png,0.3018634617328644,0.11543799191713333,0.17286162078380585,0.049254655838012695,-0.019626017659902573,0.06401047110557556
frame_002102.png,frame_002103.png,0.3037455379962921,0.1232549324631691,0.1834615170955658,0.030706599354743958,-0.020165234804153442,0.05006293207406998
frame_002103.png,frame_002104.png,0.3062596619129181,0.09850730746984482,0.1767299473285675,0.03624390810728073,-0.010645669884979725,0.048185788094997406
frame_002104.png,frame_002105.png,0.3182668089866638,0.07249817997217178,0.19043821096420288,0.01732933521270752,0.0025314195081591606,0.07400146871805191
frame_002105.png,frame_002106.png,0.2927022874355316,0.05627799779176712,0.23453450202941895,0.015086517669260502,0.003107774071395397,0.0812433511018753
frame_002106.png,frame_002107.png,0.2518266439437866,0.02646104246377945,0.25971081852912903,0.020121265202760696,-0.00691497977823019,0.0926857441663742
frame_002107.png,frame_002108.png,0.23122867941856384,0.017084404826164246,0.273688405752182,0.03614681586623192,-0.009207059629261494,0.0993587002158165
frame_002108.png,frame_002109.png,0.2265174388885498,0.008826564997434616,0.2679632008075714,0.04587404429912567,-0.013339762575924397,0.08749786764383316
frame_002109.png,frame_002110.png,0.22656595706939697,0.004808641970157623,0.2681627571582794,0.05037323012948036,-0.011699299328029156,0.08219712227582932
frame_002110.png,frame_002111.png,0.2322542667388916,-0.0008292794227600098,0.27516603469848633,0.048418596386909485,-0.0072778454050421715,0.08580215275287628
frame_002111.png,frame_002112.png,0.24233964085578918,-0.005821879953145981,0.27795740962028503,0.04861566424369812,-0.0026618028059601784,0.09921714663505554
frame_002112.png,frame_002113.png,0.24545803666114807,-0.00990450382232666,0.2826283872127533,0.05062219500541687,-0.0032888678833842278,0.11531609296798706
frame_002113.png,frame_002114.png,0.24377131462097168,-0.004782103002071381,0.2778194844722748,0.052186571061611176,0.0003915289416909218,0.11797180771827698
frame_002114.png,frame_002115.png,0.23976436257362366,0.003705650568008423,0.2719516456127167,0.03916655480861664,-0.0029691578820347786,0.0931100845336914
frame_002115.png,frame_002116.png,0.24461349844932556,0.026001647114753723,0.27166298031806946,0.041923828423023224,-0.005328061059117317,0.10774129629135132
frame_002116.png,frame_002117.png,0.23602432012557983,0.029523275792598724,0.26711758971214294,0.0291530080139637,-0.0026453929021954536,0.13337087631225586
frame_002117.png,frame_002118.png,0.24292439222335815,0.04791497439146042,0.24197131395339966,0.03396974876523018,-0.004668109118938446,0.11195585131645203
frame_002118.png,frame_002119.png,0.26940539479255676,0.08352064341306686,0.22243556380271912,0.038888122886419296,-0.012739676050841808,0.11267845332622528
frame_002119.png,frame_002120.png,0.29196006059646606,0.09291595965623856,0.16877862811088562,0.03607736900448799,-0.009753593243658543,0.10919888317584991
frame_002120.png,frame_002121.png,0.28840556740760803,0.10746077448129654,0.19269675016403198,0.03919997066259384,-0.0012138253077864647,0.0691150352358818
frame_002121.png,frame_002122.png,0.310921311378479,0.12184716016054153,0.200038880109787,0.02932651713490486,-0.006187859922647476,0.08889070153236389
frame_002122.png,frame_002123.png,0.3392215073108673,0.12464690953493118,0.1827840507030487,0.026464208960533142,-0.020181026309728622,0.11474497616291046
frame_002123.png,frame_002124.png,0.3500344753265381,0.11366372555494308,0.17769190669059753,0.023012634366750717,-0.023877352476119995,0.15045703947544098
frame_002124.png,frame_002125.png,0.3562966585159302,0.10778499394655228,0.1779031753540039,0.018893010914325714,-0.023584485054016113,0.16850198805332184
frame_002125.png,frame_002126.png,0.3653008043766022,0.10785675793886185,0.17616143822669983,0.03237069398164749,-0.02591165527701378,0.1732953041791916
frame_002126.png,frame_002127.png,0.3677423894405365,0.10988465696573257,0.17959241569042206,0.038718320429325104,-0.02804388850927353,0.16695137321949005
frame_002127.png,frame_002128.png,0.35641035437583923,0.11288685351610184,0.2166435420513153,0.039665337651968,-0.028625909239053726,0.16326525807380676
frame_002128.png,frame_002129.png,0.3266640305519104,0.11431390792131424,0.26341626048088074,0.036977943032979965,-0.03048621118068695,0.1475328803062439
frame_002129.png,frame_002130.png,0.32235637307167053,0.12661609053611755,0.266786128282547,0.04320739954710007,-0.016828227788209915,0.12714290618896484
frame_002130.png,frame_002131.png,0.314593106508255,0.132422536611557,0.23435959219932556,0.058530136942863464,-0.007590030319988728,0.08964985609054565
frame_002131.png,frame_002132.png,0.3499201834201813,0.12818744778633118,0.1830984354019165,0.06993661820888519,0.0020824838429689407,0.09975644946098328
frame_002132.png,frame_002133.png,0.34469854831695557,0.13491937518119812,0.17331092059612274,0.05917039513587952,-0.00805614609271288,0.11112158000469208
frame_002133.png,frame_002134.png,0.33390066027641296,0.12719455361366272,0.19364222884178162,0.037031594663858414,-0.007851674221456051,0.09218344837427139
frame_002134.png,frame_002135.png,0.27956467866897583,0.1034456267952919,0.20718438923358917,0.020899996161460876,-0.0049657030031085014,0.06456761062145233
frame_002135.png,frame_002136.png,0.28924673795700073,0.0939473882317543,0.20139366388320923,0.023387610912322998,0.006724256090819836,0.0813857913017273
frame_002136.png,frame_002137.png,0.3029945492744446,0.07490654289722443,0.1939171552658081,0.008035668171942234,0.008129953406751156,0.10571445524692535
frame_002137.png,frame_002138.png,0.30122166872024536,0.0600569024682045,0.20477445423603058,-0.00023425649851560593,0.006436428986489773,0.11855253577232361
frame_002138.png,frame_002139.png,0.27480611205101013,0.035633184015750885,0.24908092617988586,-0.012106738053262234,0.008243451826274395,0.10652636736631393
frame_002139.png,frame_002140.png,0.24539095163345337,0.013188403099775314,0.2922162711620331,-0.013296167366206646,0.008027933537960052,0.09693335741758347
frame_002140.png,frame_002141.png,0.22448688745498657,-0.0046255141496658325,0.3260999619960785,-0.007395075634121895,0.007012943737208843,0.09386953711509705
frame_002141.png,frame_002142.png,0.21386361122131348,-0.012551050633192062,0.3431534469127655,0.0020028240978717804,0.008934229612350464,0.095613032579422
frame_002142.png,frame_002143.png,0.19876664876937866,-0.015985265374183655,0.3657420575618744,-0.008205418474972248,0.012461488135159016,0.0892474427819252
frame_002143.png,frame_002144.png,0.2032146453857422,-0.012028206139802933,0.3739992082118988,-0.005509394221007824,0.01550989132374525,0.08431681245565414
frame_002144.png,frame_002145.png,0.21694812178611755,-0.009602461010217667,0.3840794861316681,0.0015681171789765358,0.010882500559091568,0.08416038751602173
frame_002145.png,frame_002146.png,0.23263216018676758,-0.0016921088099479675,0.38996121287345886,0.008952145464718342,0.0071135880425572395,0.08839322626590729
frame_002146.png,frame_002147.png,0.23612383008003235,0.005865875631570816,0.39364203810691833,0.01832694560289383,0.010496771894395351,0.07242706418037415
frame_002147.png,frame_002148.png,0.2603486478328705,0.02298615872859955,0.3851895034313202,0.03861929476261139,0.0046272482722997665,0.06748905032873154
frame_002148.png,frame_002149.png,0.27459800243377686,0.03620464354753494,0.3776094913482666,0.02963341400027275,0.0012133829295635223,0.0495431013405323
frame_002149.png,frame_002150.png,0.2777874171733856,0.044665999710559845,0.37824034690856934,0.028368405997753143,-0.00013738684356212616,0.02343735098838806
frame_002150.png,frame_002151.png,0.26688626408576965,0.047016508877277374,0.3791654407978058,0.033295031636953354,-0.0063519952818751335,0.008487840183079243
frame_002151.png,frame_002152.png,0.2573874294757843,0.0463440865278244,0.3783318102359772,0.04006357863545418,-0.012055386789143085,0.0038881832733750343
frame_002152.png,frame_002153.png,0.2462868094444275,0.04499109834432602,0.3755934536457062,0.04055003821849823,-0.01243485789746046,-0.004615246318280697
frame_002153.png,frame_002154.png,0.24918684363365173,0.046968184411525726,0.35992446541786194,0.038263194262981415,-0.013902057893574238,0.0024820053949952126
frame_002154.png,frame_002155.png,0.2553096413612366,0.05125608295202255,0.3425043523311615,0.03313562646508217,-0.015446794219315052,0.015836548060178757
frame_002155.png,frame_002156.png,0.2694408893585205,0.05752278119325638,0.3226630389690399,0.03565983474254608,-0.01789276674389839,0.034203607589006424
frame_002156.png,frame_002157.png,0.26417163014411926,0.0634504184126854,0.3412270247936249,0.03661390021443367,-0.004632819443941116,0.03968898206949234
frame_002157.png,frame_002158.png,0.2619728446006775,0.08472798019647598,0.3333386778831482,0.022269025444984436,-0.0004657898098230362,0.04733947664499283
frame_002158.png,frame_002159.png,0.2886020839214325,0.08539564162492752,0.2834700345993042,0.011046306230127811,0.0032012509182095528,0.06509069353342056
frame_002159.png,frame_002160.png,0.30613166093826294,0.07512006908655167,0.2454908788204193,0.009481639601290226,0.0037343641743063927,0.07039754092693329
frame_002160.png,frame_002161.png,0.3094676733016968,0.06978216022253036,0.2326972484588623,-0.0031965142115950584,0.00029718969017267227,0.08956943452358246
frame_002161.png,frame_002162.png,0.30174359679222107,0.0561542734503746,0.2571827471256256,-0.0052708825096488,0.005546855740249157,0.09161131829023361
frame_002162.png,frame_002163.png,0.2814847528934479,0.03630289435386658,0.3243497312068939,-0.00402661319822073,0.014908150769770145,0.08649574965238571
frame_002163.png,frame_002164.png,0.2592729330062866,0.0192815363407135,0.38413676619529724,-0.0041099367663264275,0.025390692055225372,0.08587370812892914
frame_002164.png,frame_002165.png,0.2348971664905548,0.010525599122047424,0.42483752965927124,-0.005054703913629055,0.031156424432992935,0.08210953325033188
frame_002165.png,frame_002166.png,0.2198827564716339,0.003064386546611786,0.44160953164100647,-0.00201518926769495,0.03209417685866356,0.07964196801185608
frame_002166.png,frame_002167.png,0.206525519490242,-0.00015606731176376343,0.4474460184574127,-3.989506512880325e-05,0.029557768255472183,0.07923147082328796
frame_002167.png,frame_002168.png,0.19667315483093262,-0.0020105279982089996,0.4421428143978119,-0.0007314300164580345,0.026068955659866333,0.07951674610376358
frame_002168.png,frame_002169.png,0.19373327493667603,-0.0022588521242141724,0.42818430066108704,0.0021393196657299995,0.025082338601350784,0.0830964744091034
frame_002169.png,frame_002170.png,0.20006650686264038,-0.0014898888766765594,0.4119590222835541,0.002997330389916897,0.026278488337993622,0.09029793739318848
frame_002170.png,frame_002171.png,0.20752787590026855,0.0016817115247249603,0.40562358498573303,0.002954724244773388,0.028967704623937607,0.09208804368972778
frame_002171.png,frame_002172.png,0.22073885798454285,0.0038149431347846985,0.4073542654514313,0.004335434176027775,0.027958407998085022,0.10761766135692596
frame_002172.png,frame_002173.png,0.23043829202651978,0.008152708411216736,0.38795241713523865,0.006241188384592533,0.022087786346673965,0.1210910826921463
frame_002173.png,frame_002174.png,0.24925383925437927,0.020711466670036316,0.3573653995990753,0.014397465623915195,0.009631901048123837,0.11883792281150818
frame_002174.png,frame_002175.png,0.2742118537425995,0.04809553921222687,0.30088773369789124,0.027925804257392883,-0.0016736844554543495,0.09643030166625977
frame_002175.png,frame_002176.png,0.29136592149734497,0.07789546996355057,0.25258079171180725,0.028539709746837616,-0.00705194566398859,0.07821788638830185
frame_002176.png,frame_002177.png,0.2985427677631378,0.11918749660253525,0.2529183328151703,0.03467880189418793,-0.018214546144008636,0.04930542781949043
frame_002177.png,frame_002178.png,0.289350688457489,0.13120609521865845,0.2580055296421051,0.013957061804831028,-0.0022972747683525085,0.04658346623182297
frame_002178.png,frame_002179.png,0.29642748832702637,0.12114939838647842,0.25536805391311646,0.03333478420972824,0.0005656061694025993,0.04533962160348892
frame_002179.png,frame_002180.png,0.31045103073120117,0.09611699730157852,0.22420848906040192,0.07695256173610687,-0.01243241224437952,0.06405267864465714
frame_002180.png,frame_002181.png,0.3113918602466583,0.07289544492959976,0.21125656366348267,0.09755010902881622,-0.012889870442450047,0.07124867290258408
frame_002181.png,frame_002182.png,0.3062865138053894,0.06675741076469421,0.21286651492118835,0.09133975207805634,-0.018508676439523697,0.0733087956905365
frame_002182.png,frame_002183.png,0.30032116174697876,0.0692889392375946,0.23933228850364685,0.08173671364784241,-0.020602133125066757,0.07299897819757462
frame_002183.png,frame_002184.png,0.30897167325019836,0.07467572391033173,0.24872097373008728,0.09788699448108673,-0.026391781866550446,0.09058667719364166
frame_002184.png,frame_002185.png,0.30759066343307495,0.07975376397371292,0.23802277445793152,0.1161012053489685,-0.034723490476608276,0.09716153144836426
frame_002185.png,frame_002186.png,0.29965725541114807,0.08232732862234116,0.22108112275600433,0.1260686218738556,-0.03457361459732056,0.10627447068691254
frame_002186.png,frame_002187.png,0.316845178604126,0.09131812304258347,0.19230802357196808,0.10601510852575302,-0.027090176939964294,0.09549392014741898
frame_002187.png,frame_002188.png,0.3279746174812317,0.1021430566906929,0.19031217694282532,0.09365005791187286,-0.032700758427381516,0.08906589448451996
frame_002188.png,frame_002189.png,0.32865625619888306,0.09539560228586197,0.17741653323173523,0.08320067077875137,-0.022640898823738098,0.05599544942378998
frame_002189.png,frame_002190.png,0.34402939677238464,0.1014057919383049,0.16331641376018524,0.0664166510105133,-0.021018758416175842,0.0689169317483902
frame_002190.png,frame_002191.png,0.3586709797382355,0.1049308255314827,0.17918001115322113,0.06649310141801834,-0.02888202667236328,0.07589074969291687
frame_002191.png,frame_002192.png,0.35215625166893005,0.11738906055688858,0.17181387543678284,0.04451021924614906,-0.031434595584869385,0.07435373216867447
frame_002192.png,frame_002193.png,0.3284252882003784,0.11128590255975723,0.1658497005701065,0.03766524791717529,-0.033554404973983765,0.09017360210418701
frame_002193.png,frame_002194.png,0.31523653864860535,0.10387574881315231,0.15570443868637085,0.02614840492606163,-0.03435516729950905,0.10006628930568695
frame_002194.png,frame_002195.png,0.31088078022003174,0.09167950600385666,0.15151041746139526,0.015933949500322342,-0.028982102870941162,0.11316455900669098
frame_002195.png,frame_002196.png,0.31536033749580383,0.08702199906110764,0.1488184928894043,0.020819563418626785,-0.021833065897226334,0.11652356386184692
frame_002196.png,frame_002197.png,0.31859442591667175,0.08867577463388443,0.1500658392906189,0.027857068926095963,-0.016705550253391266,0.12041176855564117
frame_002197.png,frame_002198.png,0.3225952386856079,0.09303943067789078,0.14660078287124634,0.03727953881025314,-0.009680901654064655,0.11956779658794403
frame_002198.png,frame_002199.png,0.32533150911331177,0.09477061778306961,0.14272606372833252,0.04079226776957512,-0.005176727660000324,0.11896425485610962
frame_002199.png,frame_002200.png,0.3244016468524933,0.0937015637755394,0.1409953236579895,0.04364500939846039,-0.0035507893189787865,0.12066161632537842
frame_002200.png,frame_002201.png,0.3238971531391144,0.0953938290476799,0.13726069033145905,0.04777828976511955,-0.003969845362007618,0.12253129482269287
frame_002201.png,frame_002202.png,0.31808215379714966,0.09463576227426529,0.1397552192211151,0.04645984619855881,-0.004724645055830479,0.11749202013015747
frame_002202.png,frame_002203.png,0.3187689185142517,0.09540899842977524,0.1417662501335144,0.03853098303079605,-0.005144358612596989,0.11921674013137817
frame_002203.png,frame_002204.png,0.31628838181495667,0.0892614796757698,0.15207520127296448,0.03569428250193596,-0.007609309628605843,0.12451183795928955
frame_002204.png,frame_002205.png,0.3134395182132721,0.07539307326078415,0.15983368456363678,0.036781612783670425,-0.01258921716362238,0.1263817399740219
frame_002205.png,frame_002206.png,0.31748276948928833,0.07520579546689987,0.1543954461812973,0.038384657353162766,-0.0182875357568264,0.12348490953445435
frame_002206.png,frame_002207.png,0.3276543617248535,0.07247739285230637,0.15267254412174225,0.03921164199709892,-0.01903032884001732,0.12253588438034058
frame_002207.png,frame_002208.png,0.3300548493862152,0.06591492146253586,0.16441898047924042,0.03934565186500549,-0.018138840794563293,0.1150163933634758
frame_002208.png,frame_002209.png,0.3162609934806824,0.05330398678779602,0.20407667756080627,0.04452149569988251,-0.012969444505870342,0.11200619488954544
frame_002209.png,frame_002210.png,0.2984149158000946,0.0426282063126564,0.25867438316345215,0.038777291774749756,-0.009569005109369755,0.11180488765239716
frame_002210.png,frame_002211.png,0.2668071687221527,0.03711409866809845,0.33502817153930664,0.023089636117219925,-0.0016042254865169525,0.10578009486198425
frame_002211.png,frame_002212.png,0.2443850040435791,0.020928524434566498,0.39547768235206604,0.01991574466228485,0.008257434703409672,0.12090441584587097
frame_002212.png,frame_002213.png,0.2062203288078308,0.010766927152872086,0.39606884121894836,0.03050936758518219,0.011022019200026989,0.126023069024086
frame_002213.png,frame_002214.png,0.19356748461723328,0.037850163877010345,0.3523097634315491,0.044942378997802734,0.007478444837033749,0.1265431046485901
frame_002214.png,frame_002215.png,0.20505648851394653,0.06538460403680801,0.2913599908351898,0.04338645935058594,0.004100879654288292,0.1039375364780426
frame_002215.png,frame_002216.png,0.22183802723884583,0.06685757637023926,0.24383604526519775,0.02263539284467697,0.010179382748901844,0.10492663085460663
frame_002216.png,frame_002217.png,0.20280542969703674,0.07497262209653854,0.21036610007286072,0.01332299504429102,0.010455713607370853,0.08584263920783997
frame_002217.png,frame_002218.png,0.17347246408462524,0.07366327941417694,0.1948445737361908,0.01692722737789154,0.00763119850307703,0.06870681047439575
frame_002218.png,frame_002219.png,0.144058495759964,0.07221923023462296,0.20027008652687073,0.002915416844189167,0.0023378990590572357,0.05854157358407974
frame_002219.png,frame_002220.png,0.13816800713539124,0.07210016995668411,0.20620030164718628,0.007528095506131649,-0.0032058758661150932,0.057471662759780884
frame_002220.png,frame_002221.png,0.14116348326206207,0.06382378935813904,0.19590041041374207,0.031838059425354004,0.004190557636320591,0.06867130100727081
frame_002221.png,frame_002222.png,0.08158905804157257,0.06459666788578033,0.22279363870620728,0.020343106240034103,-0.015092468820512295,0.08870863169431686
frame_002222.png,frame_002223.png,0.09321035444736481,0.05022590607404709,0.22459059953689575,0.00700327567756176,-0.0030404282733798027,0.0958598405122757
frame_002223.png,frame_002224.png,0.10753561556339264,0.04988669604063034,0.23471632599830627,0.0020339814946055412,-0.008765573613345623,0.1007717028260231
frame_002224.png,frame_002225.png,0.11984071135520935,0.04483912140130997,0.22141768038272858,0.015979677438735962,-0.019088536500930786,0.0943874791264534
frame_002225.png,frame_002226.png,0.13114140927791595,0.04979071766138077,0.21734341979026794,0.02386372908949852,-0.021819841116666794,0.08046068251132965
frame_002226.png,frame_002227.png,0.13846924901008606,0.057545363903045654,0.21526432037353516,0.03132113441824913,-0.02425716444849968,0.07727319002151489
frame_002227.png,frame_002228.png,0.13796252012252808,0.06460389494895935,0.2136988639831543,0.03370165079832077,-0.02351527288556099,0.08446349203586578
frame_002228.png,frame_002229.png,0.13244278728961945,0.06577285379171371,0.21459826827049255,0.0384242981672287,-0.016713391989469528,0.1081462949514389
frame_002229.png,frame_002230.png,0.11655452847480774,0.0609438419342041,0.21593308448791504,0.042771026492118835,-0.019158251583576202,0.12246164679527283
frame_002230.png,frame_002231.png,0.11673549562692642,0.04352071136236191,0.22729331254959106,0.03828822076320648,-0.021112829446792603,0.11969512701034546
frame_002231.png,frame_002232.png,0.09686848521232605,0.053083255887031555,0.2411947250366211,0.026707634329795837,-0.020457442849874496,0.11337195336818695
frame_002232.png,frame_002233.png,0.10287279635667801,0.054050423204898834,0.24247637391090393,0.04350292682647705,-0.010526959784328938,0.0933225154876709
frame_002233.png,frame_002234.png,0.09478601813316345,0.04736708849668503,0.22643747925758362,0.0323028489947319,-0.01130607444792986,0.08139611780643463
frame_002234.png,frame_002235.png,0.08502465486526489,0.03417808562517166,0.22493034601211548,0.0511091910302639,-0.010875527746975422,0.07179684937000275
frame_002235.png,frame_002236.png,0.08317036926746368,0.027636729180812836,0.23594185709953308,0.05127827450633049,-0.0022736666724085808,0.06361746788024902
frame_002236.png,frame_002237.png,0.1050979495048523,0.0351928174495697,0.2320680022239685,0.04181297495961189,0.006620354019105434,0.04936230182647705
frame_002237.png,frame_002238.png,0.13085564970970154,0.04148164391517639,0.22360548377037048,0.033905986696481705,0.015454107895493507,0.04570569470524788
frame_002238.png,frame_002239.png,0.15566614270210266,0.04141383618116379,0.21429596841335297,0.024408061057329178,0.020944364368915558,0.05489722639322281
frame_002239.png,frame_002240.png,0.1801263391971588,0.038368746638298035,0.2021009624004364,0.018584899604320526,0.025174595415592194,0.05846312642097473
frame_002240.png,frame_002241.png,0.19507840275764465,0.036249034106731415,0.18056964874267578,0.016847562044858932,0.023259639739990234,0.06378360092639923
frame_002241.png,frame_002242.png,0.20419180393218994,0.03612097352743149,0.14900323748588562,0.025450266897678375,0.018244940787553787,0.06564758718013763
frame_002242.png,frame_002243.png,0.1908843219280243,0.048447199165821075,0.10947799682617188,0.04230300709605217,0.014652022160589695,0.04950908571481705
frame_002243.png,frame_002244.png,0.15277878940105438,0.05287449061870575,0.09506912529468536,0.024831797927618027,-0.002116798423230648,0.057326048612594604
frame_002244.png,frame_002245.png,0.11958985030651093,0.043363600969314575,0.1428356170654297,0.003481268882751465,-0.005820794031023979,0.062455520033836365
frame_002245.png,frame_002246.png,0.08255309611558914,0.02731623500585556,0.1879764348268509,-0.00011125113815069199,-0.00723202433437109,0.05864609777927399
frame_002246.png,frame_002247.png,0.052480537444353104,0.022042766213417053,0.2018478810787201,-0.0049096522852778435,-0.014857188798487186,0.06443168222904205
frame_002247.png,frame_002248.png,0.023970581591129303,0.03254437446594238,0.19802400469779968,0.00790164340287447,-0.010781952179968357,0.07917720079421997
frame_002248.png,frame_002249.png,0.02331312745809555,0.02312634140253067,0.1859664022922516,0.011198887601494789,-0.017062097787857056,0.0825926661491394
frame_002249.png,frame_002250.png,-0.002187974750995636,0.016356252133846283,0.20622596144676208,0.018063902854919434,-0.007346265949308872,0.07272458076477051
frame_002250.png,frame_002251.png,0.009212441742420197,0.010729242116212845,0.21192221343517303,0.010880864225327969,-0.0019665034487843513,0.06838128715753555
frame_002251.png,frame_002252.png,-0.012849219143390656,0.001256834715604782,0.23941326141357422,0.006499705836176872,-0.0008307807147502899,0.07463248074054718
frame_002252.png,frame_002253.png,-0.02154221385717392,-0.005037680268287659,0.2361944615840912,0.015908341854810715,0.002938404679298401,0.05625370889902115
frame_002253.png,frame_002254.png,-0.02423950284719467,-0.007631152868270874,0.2202989161014557,0.024410471320152283,0.00569447036832571,0.033373698592185974
frame_002254.png,frame_002255.png,-0.020773738622665405,-0.0070770978927612305,0.20811092853546143,0.03392094746232033,0.0037760278210043907,0.008439828641712666
frame_002255.png,frame_002256.png,-0.015120677649974823,-0.011466044932603836,0.17609256505966187,0.034920066595077515,0.004679608158767223,-0.01664499193429947
frame_002256.png,frame_002257.png,-0.02508709579706192,-0.017142951488494873,0.17137354612350464,0.011509672738611698,0.01389469113200903,-0.01532264705747366
frame_002257.png,frame_002258.png,-0.03942302614450455,-0.016513608396053314,0.205774188041687,0.003239859826862812,0.005611727945506573,-0.0037588952109217644
frame_002258.png,frame_002259.png,-0.053221695125103,-0.01849059760570526,0.2295885980129242,0.008090879768133163,0.014600594528019428,-0.004880431108176708
frame_002259.png,frame_002260.png,-0.043774403631687164,-0.011209860444068909,0.2265152484178543,0.011883054859936237,0.009820220060646534,0.06996174156665802
frame_002260.png,frame_002261.png,-0.060834430158138275,-0.006191808730363846,0.23482736945152283,0.011525372974574566,0.0037588467821478844,0.08183126151561737
frame_002261.png,frame_002262.png,-0.07143297046422958,-0.015852373093366623,0.2184586524963379,0.020146656781435013,0.005286172963678837,0.054870136082172394
frame_002262.png,frame_002263.png,-0.08485399931669235,-0.010108545422554016,0.22193220257759094,0.030506834387779236,0.0039489297196269035,0.022364091128110886
frame_002263.png,frame_002264.png,-0.07927801460027695,-0.003224145621061325,0.19651539623737335,0.03214479237794876,0.003809838555753231,0.012245778925716877
frame_002264.png,frame_002265.png,-0.08583549410104752,0.0006250813603401184,0.1823386549949646,0.024470359086990356,0.0007519042119383812,-0.0052093518897891045
frame_002265.png,frame_002266.png,-0.0679626539349556,-0.009302068501710892,0.1632767617702484,0.02634430304169655,-0.005389407277107239,-0.019417598843574524
frame_002266.png,frame_002267.png,-0.05814402550458908,-0.011406909674406052,0.17036865651607513,0.024932142347097397,-0.011184590868651867,-0.031129442155361176
frame_002267.png,frame_002268.png,-0.05953992158174515,-0.008673850446939468,0.17901383340358734,0.01729419454932213,-0.013518118299543858,-0.03358253836631775
frame_002268.png,frame_002269.png,-0.05969487875699997,-0.010557107627391815,0.17445139586925507,0.017542988061904907,-0.014198067598044872,-0.032126285135746
frame_002269.png,frame_002270.png,-0.07609053701162338,-0.0004199594259262085,0.17638684809207916,0.0167156383395195,-0.019769977778196335,-0.02935270220041275
frame_002270.png,frame_002271.png,-0.08187464624643326,0.010325875133275986,0.16356778144836426,0.019713178277015686,-0.019779346883296967,-0.027112938463687897
frame_002271.png,frame_002272.png,-0.05700220912694931,0.012005243450403214,0.15981295704841614,0.02522386610507965,-0.012801836244761944,-0.026599209755659103
frame_002272.png,frame_002273.png,-0.07138087600469589,-0.007041133940219879,0.18426208198070526,0.01284115482121706,-0.002718627452850342,-0.009220371954143047
frame_002273.png,frame_002274.png,-0.08361174911260605,-0.004058968275785446,0.2200588881969452,-0.01673641800880432,0.01389701385051012,-0.02496306598186493
frame_002274.png,frame_002275.png,-0.10482385009527206,-0.0012671425938606262,0.2471609115600586,-0.03850431367754936,0.012082521803677082,-0.027207449078559875
frame_002275.png,frame_002276.png,-0.10241775959730148,0.00016496703028678894,0.2807169258594513,-0.033805496990680695,0.023855142295360565,-0.04663176089525223
frame_002276.png,frame_002277.png,-0.10204794257879257,-0.0026520229876041412,0.3197888433933258,-0.03865592181682587,0.025084499269723892,-0.05317892134189606
frame_002277.png,frame_002278.png,-0.11825727671384811,-0.009589273482561111,0.3661273419857025,-0.04675300419330597,0.0186442993581295,-0.05278301239013672
frame_002278.png,frame_002279.png,-0.13639143109321594,-0.015432752668857574,0.3943304717540741,-0.04993264377117157,0.011499064974486828,-0.03284534811973572
frame_002279.png,frame_002280.png,-0.14210200309753418,-0.00316624715924263,0.38407596945762634,-0.05581412836909294,0.0061323149129748344,-0.0033734655007719994
frame_002280.png,frame_002281.png,-0.14730140566825867,-0.0035014525055885315,0.3562605082988739,-0.0397045835852623,-0.0003944234922528267,0.01753266155719757
frame_002281.png,frame_002282.png,-0.15776807069778442,-0.014846395701169968,0.31784477829933167,-0.009206468239426613,-0.002882746048271656,0.02736072987318039
frame_002282.png,frame_002283.png,-0.19032379984855652,-0.034483835101127625,0.27568182349205017,0.010525475256145,-0.0054044174030423164,0.024468887597322464
frame_002283.png,frame_002284.png,-0.20785829424858093,-0.04368303716182709,0.25096359848976135,0.017756618559360504,-0.01310128066688776,0.022418588399887085
frame_002284.png,frame_002285.png,-0.2310466766357422,-0.055758632719516754,0.2602442502975464,0.009179913438856602,-0.0065443264320492744,0.007215295918285847
frame_002285.png,frame_002286.png,-0.23289933800697327,-0.03214551880955696,0.2428823709487915,0.00512005016207695,0.0017934991046786308,-0.0023158928379416466
frame_002286.png,frame_002287.png,-0.20487728714942932,-0.016157282516360283,0.2606283128261566,0.0034534186124801636,0.0002993931993842125,0.008468725718557835
frame_002287.png,frame_002288.png,-0.16015884280204773,0.0003648325800895691,0.26553085446357727,-0.0006259335204958916,-0.0023767882958054543,0.04502139985561371
frame_002288.png,frame_002289.png,-0.06863661855459213,0.039375536143779755,0.2775530517101288,-0.01334307063370943,0.005874532274901867,0.05808740109205246
frame_002289.png,frame_002290.png,-0.02816282957792282,0.051205821335315704,0.2689591348171234,-0.020469851791858673,0.010362272150814533,0.0878705382347107
frame_002290.png,frame_002291.png,-0.036434389650821686,0.05305224657058716,0.275369256734848,-0.01966174691915512,0.014515264891088009,0.09747382998466492
frame_002291.png,frame_002292.png,-0.0544847771525383,0.043293558061122894,0.2725733518600464,-0.04089152812957764,0.014795172028243542,0.10460364818572998
frame_002292.png,frame_002293.png,-0.06723975390195847,0.03794127702713013,0.26071012020111084,-0.03509916737675667,0.010217397473752499,0.10168410837650299
frame_002293.png,frame_002294.png,-0.0653235986828804,0.013730790466070175,0.24651387333869934,-0.05543127283453941,0.0125114182010293,0.10077079385519028
frame_002294.png,frame_002295.png,-0.057623155415058136,0.017284054309129715,0.24459651112556458,-0.05147809907793999,0.017312899231910706,0.06581515073776245
frame_002295.png,frame_002296.png,-0.03899986296892166,0.024719081819057465,0.21828803420066833,-0.03079802170395851,0.014638378284871578,0.029901623725891113
frame_002296.png,frame_002297.png,-0.02934286743402481,0.02816297858953476,0.19649969041347504,-0.026593144983053207,0.007171547971665859,-0.008021700195968151
frame_002297.png,frame_002298.png,-0.04531072825193405,0.0290522500872612,0.18984943628311157,-0.021039362996816635,0.00105342548340559,-0.03185888007283211
frame_002298.png,frame_002299.png,-0.07560434192419052,0.02630336582660675,0.17729075253009796,-0.01949266344308853,0.0041930219158530235,-0.051406845450401306
frame_002299.png,frame_002300.png,-0.10055124014616013,0.020803160965442657,0.16496096551418304,-0.02339792624115944,0.002979622222483158,-0.06264960020780563
frame_002300.png,frame_002301.png,-0.11625131219625473,0.01745641976594925,0.16020448505878448,-0.027775336056947708,-0.0019511422142386436,-0.07701954990625381
frame_002301.png,frame_002302.png,-0.13242563605308533,0.01876455545425415,0.1648751199245453,-0.014897755347192287,-0.002407667227089405,-0.0929863378405571
frame_002302.png,frame_002303.png,-0.16016122698783875,0.025013260543346405,0.17866668105125427,-0.0016661100089550018,-0.00037180352956056595,-0.08314967155456543
frame_002303.png,frame_002304.png,-0.1868411898612976,0.027445055544376373,0.1779816448688507,0.011325766332447529,0.008327695541083813,-0.06163020431995392
frame_002304.png,frame_002305.png,-0.23251613974571228,0.020817413926124573,0.21817129850387573,0.01722414419054985,0.015990648418664932,-0.022742457687854767
frame_002305.png,frame_002306.png,-0.25664615631103516,0.032092608511447906,0.23772406578063965,0.00031040795147418976,0.023661967366933823,-0.031358420848846436
frame_002306.png,frame_002307.png,-0.2589815557003021,0.03012818843126297,0.2132505178451538,0.022114284336566925,0.022727154195308685,-0.033518727868795395
frame_002307.png,frame_002308.png,-0.24155661463737488,0.023615241050720215,0.1978849172592163,0.021448835730552673,0.0197363942861557,-0.0407288558781147
frame_002308.png,frame_002309.png,-0.23733848333358765,0.01796591281890869,0.20781861245632172,0.012753372080624104,0.023164834827184677,-0.030636847019195557
frame_002309.png,frame_002310.png,-0.2337319552898407,0.00736294686794281,0.22577084600925446,0.0072449203580617905,0.022960875183343887,-0.03551719710230827
frame_002310.png,frame_002311.png,-0.2367306649684906,0.006362840533256531,0.22820892930030823,0.006388034671545029,0.015111594460904598,-0.04050304368138313
frame_002311.png,frame_002312.png,-0.24897798895835876,-0.006937481462955475,0.2543167769908905,0.0023293346166610718,0.00932211335748434,-0.04321925714612007
frame_002312.png,frame_002313.png,-0.24797043204307556,-0.012151176109910011,0.259738564491272,0.013320432044565678,0.0023939041420817375,-0.040762826800346375
frame_002313.png,frame_002314.png,-0.26291152834892273,-0.010909190401434898,0.25707384943962097,0.029114268720149994,-0.0017353268340229988,-0.03875851631164551
frame_002314.png,frame_002315.png,-0.29355016350746155,-0.002609267830848694,0.27412012219429016,0.019803311675786972,0.0019212355837225914,-0.04312099143862724
frame_002315.png,frame_002316.png,-0.2997001111507416,0.014890789985656738,0.25207555294036865,0.020234130322933197,0.0010489998385310173,-0.04867471754550934
frame_002316.png,frame_002317.png,-0.30118128657341003,0.005178220570087433,0.25511422753334045,0.018014002591371536,0.005849516950547695,-0.051218099892139435
frame_002317.png,frame_002318.png,-0.2993699908256531,0.014813799411058426,0.2502128779888153,-0.0021564001217484474,0.008928815834224224,-0.06763112545013428
frame_002318.png,frame_002319.png,-0.26426437497138977,0.019196245819330215,0.2088978886604309,-0.0032060686498880386,0.01062426995486021,-0.09392575174570084
frame_002319.png,frame_002320.png,-0.22019630670547485,0.012537196278572083,0.16649319231510162,-0.0043533844873309135,0.010530504398047924,-0.09849166870117188
frame_002320.png,frame_002321.png,-0.1625911295413971,0.009461160749197006,0.13909664750099182,-0.002314174547791481,0.013194811530411243,-0.07565067708492279
frame_002321.png,frame_002322.png,-0.10233091562986374,0.017599228769540787,0.11154362559318542,0.020565733313560486,-0.006471219472587109,-0.07494848966598511
frame_002322.png,frame_002323.png,-0.10785824805498123,0.007446598261594772,0.17712439596652985,0.018967870622873306,-0.005026773549616337,-0.08928719162940979
frame_002323.png,frame_002324.png,-0.10403003543615341,-0.004472710192203522,0.22889849543571472,0.03020201250910759,0.0009909914806485176,-0.08735780417919159
frame_002324.png,frame_002325.png,-0.09729009121656418,-0.013818060979247093,0.252737432718277,0.043376095592975616,0.005346226505935192,-0.0791318491101265
frame_002325.png,frame_002326.png,-0.07478179782629013,-0.013894151896238327,0.2627696990966797,0.04411526024341583,0.013924817554652691,-0.08087161183357239
frame_002326.png,frame_002327.png,-0.06197410076856613,-0.012658149003982544,0.2722208499908447,0.04720337688922882,0.013662547804415226,-0.07738503813743591
frame_002327.png,frame_002328.png,-0.04349205642938614,-0.001159120351076126,0.282783180475235,0.05015959218144417,0.013474725186824799,-0.06556903570890427
frame_002328.png,frame_002329.png,-0.01437406986951828,0.02144511789083481,0.3036372661590576,0.043202199041843414,0.010880789719522,-0.0494266003370285
frame_002329.png,frame_002330.png,-0.006851397454738617,0.03526107966899872,0.3220563232898712,0.021601073443889618,0.011492538265883923,-0.03719392046332359
frame_002330.png,frame_002331.png,0.0034132450819015503,0.04974181205034256,0.2864780128002167,0.00890140887349844,0.0015120357275009155,-0.05200084298849106
frame_002331.png,frame_002332.png,-0.017468169331550598,0.054374419152736664,0.26619741320610046,0.005863231606781483,0.0032691629603505135,-0.05352413281798363
frame_002332.png,frame_002333.png,-0.06635566800832748,0.03490855544805527,0.29080548882484436,0.005404739640653133,0.002941085956990719,-0.06099952012300491
frame_002333.png,frame_002334.png,-0.1067553386092186,0.015462063252925873,0.2541112005710602,0.010213498957455158,-0.008930287323892117,-0.08396773040294647
frame_002334.png,frame_002335.png,-0.14954593777656555,0.023539982736110687,0.2631847560405731,-0.008697072975337505,-0.012291637249290943,-0.12537124752998352
frame_002335.png,frame_002336.png,-0.17012083530426025,0.03241198509931564,0.25339439511299133,-0.016385434195399284,-0.008687310852110386,-0.14253394305706024
frame_002336.png,frame_002337.png,-0.19554120302200317,0.03110947459936142,0.2531960904598236,-0.011725712567567825,0.001035141758620739,-0.12911272048950195
frame_002337.png,frame_002338.png,-0.22671929001808167,0.01972310245037079,0.2720993757247925,-0.007161770947277546,0.0050560301169753075,-0.11155518889427185
frame_002338.png,frame_002339.png,-0.2400587797164917,0.02124810218811035,0.25598442554473877,0.0009238738566637039,0.00351525004953146,-0.10452956706285477
frame_002339.png,frame_002340.png,-0.2461211085319519,0.019646093249320984,0.23275014758110046,0.010617376305162907,0.0034892847761511803,-0.10273409634828568
frame_002340.png,frame_002341.png,-0.25101086497306824,0.01461971178650856,0.23355773091316223,0.01316209975630045,0.007886330597102642,-0.1108291745185852
frame_002341.png,frame_002342.png,-0.24466228485107422,0.013766266405582428,0.22252047061920166,0.02001754194498062,0.007789350114762783,-0.10808998346328735
frame_002342.png,frame_002343.png,-0.23366227746009827,0.008730985224246979,0.2237933874130249,0.01641339808702469,0.0052642738446593285,-0.11091909557580948
frame_002343.png,frame_002344.png,-0.24631503224372864,0.0036756619811058044,0.2533152401447296,0.014235767535865307,0.011675230227410793,-0.10186658799648285
frame_002344.png,frame_002345.png,-0.23725858330726624,0.02128518372774124,0.23365601897239685,0.020230531692504883,0.017215881496667862,-0.11764812469482422
frame_002345.png,frame_002346.png,-0.22356796264648438,0.03208289295434952,0.20285259187221527,0.006991245783865452,0.010524402372539043,-0.11501289904117584
frame_002346.png,frame_002347.png,-0.200240820646286,0.020775645971298218,0.1925688087940216,0.006054913625121117,0.012174448929727077,-0.11103470623493195
frame_002347.png,frame_002348.png,-0.19114187359809875,0.017081305384635925,0.19105446338653564,0.023820117115974426,0.010225680656731129,-0.08083638548851013
frame_002348.png,frame_002349.png,-0.17706605792045593,-0.007340520620346069,0.19704604148864746,0.025117233395576477,-0.0013330699875950813,-0.0585092157125473
frame_002349.png,frame_002350.png,-0.15829360485076904,-0.008382737636566162,0.22789442539215088,0.04662907496094704,-0.002472848631441593,-0.07633496075868607
frame_002350.png,frame_002351.png,-0.14277878403663635,-0.009673520922660828,0.2226085364818573,0.07600022107362747,-0.012847843579947948,-0.06662158668041229
frame_002351.png,frame_002352.png,-0.1160251721739769,-0.0072569213807582855,0.23601248860359192,0.07913276553153992,-0.0024379296228289604,-0.05915386974811554
frame_002352.png,frame_002353.png,-0.10783668607473373,-0.019922301173210144,0.2647888958454132,0.06920419633388519,0.006559460423886776,-0.034329041838645935
frame_002353.png,frame_002354.png,-0.07466242462396622,-0.027953915297985077,0.290938138961792,0.05958123505115509,0.014494023285806179,-0.04426053911447525
frame_002354.png,frame_002355.png,-0.04259523004293442,-0.03480193763971329,0.305136114358902,0.048728473484516144,0.016712579876184464,-0.037535205483436584
frame_002355.png,frame_002356.png,-0.010679244995117188,-0.042390406131744385,0.3105184733867645,0.04315754398703575,0.014590035192668438,-0.016017459332942963
frame_002356.png,frame_002357.png,0.02217072993516922,-0.046225689351558685,0.3014112412929535,0.04774231091141701,0.009502609260380268,0.0011859321966767311
frame_002357.png,frame_002358.png,0.0773037001490593,-0.03343714401125908,0.302202969789505,0.04702576994895935,0.0041533587500452995,0.010436964221298695
frame_002358.png,frame_002359.png,0.1297364979982376,-0.01698397472500801,0.318686842918396,0.037625350058078766,-0.004955691285431385,0.02380521595478058
frame_002359.png,frame_002360.png,0.173086479306221,-0.0025258883833885193,0.33232489228248596,0.03119165077805519,-0.008930736221373081,0.03705340251326561
frame_002360.png,frame_002361.png,0.19421079754829407,0.006772257387638092,0.33695974946022034,0.025967542082071304,-0.014576065354049206,0.034266043454408646
frame_002361.png,frame_002362.png,0.20518124103546143,0.013745445758104324,0.3437069058418274,0.028621945530176163,-0.01853097975254059,0.02906840294599533
frame_002362.png,frame_002363.png,0.20696082711219788,0.012706715613603592,0.35202857851982117,0.015245403163135052,-0.016614608466625214,0.028821192681789398
frame_002363.png,frame_002364.png,0.1945653110742569,0.013661157339811325,0.3694217801094055,0.007264186628162861,-0.008870459161698818,0.021001547574996948
frame_002364.png,frame_002365.png,0.1887345016002655,0.02024541050195694,0.37365058064460754,0.013377786614000797,-0.0041575124487280846,0.020063381642103195
frame_002365.png,frame_002366.png,0.19280216097831726,0.03781203180551529,0.36602917313575745,0.015187402255833149,-0.005672655068337917,0.02136210724711418
frame_002366.png,frame_002367.png,0.18513038754463196,0.051931366324424744,0.351261168718338,0.018154390156269073,-0.006898554973304272,0.02703338861465454
frame_002367.png,frame_002368.png,0.1645812690258026,0.050739213824272156,0.34197020530700684,0.02613886445760727,-0.003975800238549709,0.028617393225431442
frame_002368.png,frame_002369.png,0.15767993032932281,0.06273440271615982,0.3156602680683136,0.03352933004498482,-0.0032491283491253853,0.03207451477646828
frame_002369.png,frame_002370.png,0.15692922472953796,0.07048209011554718,0.28982779383659363,0.03179687261581421,0.00030491966754198074,0.032706987112760544
frame_002370.png,frame_002371.png,0.1533200442790985,0.07756806164979935,0.2786143720149994,0.02610134333372116,0.004560110159218311,0.02963874861598015
frame_002371.png,frame_002372.png,0.149335116147995,0.08273545652627945,0.2719368636608124,0.01914890855550766,0.005341335199773312,0.03022194281220436
frame_002372.png,frame_002373.png,0.1393633484840393,0.08212415874004364,0.2767178416252136,0.01034554187208414,0.0029994267970323563,0.032790131866931915
frame_002373.png,frame_002374.png,0.12810930609703064,0.07098350673913956,0.3049474060535431,0.0024755289778113365,0.0027781836688518524,0.030754748731851578
frame_002374.png,frame_002375.png,0.1354750096797943,0.0592905730009079,0.3314836919307709,0.0045804427936673164,0.0014036791399121284,0.02593892067670822
frame_002375.png,frame_002376.png,0.1387951374053955,0.04426148533821106,0.3688752055168152,-0.0006458545103669167,-0.004686995409429073,0.015217033214867115
frame_002376.png,frame_002377.png,0.13499556481838226,0.04036363214254379,0.3998837172985077,-0.007096483372151852,-0.0023980233818292618,0.0028975801542401314
frame_002377.png,frame_002378.png,0.13949091732501984,0.032612524926662445,0.4247824549674988,-0.017438825219869614,-0.0016284221783280373,0.0018311748281121254
frame_002378.png,frame_002379.png,0.14587174355983734,0.02825339138507843,0.4318599998950958,-0.021829918026924133,-0.0009517092257738113,-0.0005811220034956932
frame_002379.png,frame_002380.png,0.14860022068023682,0.020253021270036697,0.44099801778793335,-0.02417410910129547,0.0006752349436283112,-0.004050816409289837
frame_002380.png,frame_002381.png,0.15839168429374695,0.013625696301460266,0.44607362151145935,-0.021271493285894394,-0.0036802049726247787,-0.004638339392840862
frame_002381.png,frame_002382.png,0.1666359305381775,0.01585680991411209,0.44138261675834656,-0.019498661160469055,-0.006802430376410484,-0.006200290285050869
frame_002382.png,frame_002383.png,0.1692170798778534,0.01734752207994461,0.4463995397090912,-0.022660937160253525,-0.005956859327852726,-0.010446599684655666
frame_002383.png,frame_002384.png,0.1625249981880188,0.01873994991183281,0.45517101883888245,-0.026412252336740494,-0.004159293137490749,-0.014932475052773952
frame_002384.png,frame_002385.png,0.15001630783081055,0.020194046199321747,0.46419230103492737,-0.030972324311733246,-4.837010055780411e-05,-0.021151624619960785
frame_002385.png,frame_002386.png,0.14338651299476624,0.01877438649535179,0.46902182698249817,-0.03132819011807442,0.0072706276550889015,-0.026128116995096207
frame_002386.png,frame_002387.png,0.1278829127550125,0.019113503396511078,0.4511343836784363,-0.020593229681253433,0.007039223797619343,-0.03264720365405083
frame_002387.png,frame_002388.png,0.09643010050058365,0.016775086522102356,0.4562543034553528,-0.019663505256175995,0.00037108268588781357,-0.008984322659671307
frame_002388.png,frame_002389.png,0.050033293664455414,0.02237614244222641,0.4560534656047821,0.011231991462409496,0.008624901995062828,0.0014253268018364906
frame_002389.png,frame_002390.png,0.04079427197575569,0.021635226905345917,0.45051810145378113,0.020752619951963425,0.017089124768972397,0.015686895698308945
frame_002390.png,frame_002391.png,0.05659504234790802,0.04012961685657501,0.3940342366695404,0.03126240521669388,0.007594151422381401,0.02303421124815941
frame_002391.png,frame_002392.png,0.08009470999240875,0.055068857967853546,0.3620820939540863,-0.02475014328956604,-0.007455109618604183,-0.0014092279598116875
frame_002392.png,frame_002393.png,0.09646958112716675,0.059338368475437164,0.3283919095993042,-0.026350952684879303,-0.003686460666358471,-0.012605017982423306
frame_002393.png,frame_002394.png,0.10034504532814026,0.058988749980926514,0.29420167207717896,-0.04866330698132515,-0.01302762608975172,-0.024179991334676743
frame_002394.png,frame_002395.png,0.11246955394744873,0.043349288403987885,0.260418176651001,-0.0432247556746006,-0.00887273345142603,0.001746119000017643
frame_002395.png,frame_002396.png,0.08400022238492966,0.042087629437446594,0.22033749520778656,-0.01705952361226082,0.0011489875614643097,0.016457494348287582
frame_002396.png,frame_002397.png,0.08450078964233398,0.04906719923019409,0.20684126019477844,-0.026176150888204575,0.0026170071214437485,0.015601501800119877
frame_002397.png,frame_002398.png,0.10755319148302078,0.04363361746072769,0.20277170836925507,-0.027226824313402176,0.00854164082556963,0.030481252819299698
frame_002398.png,frame_002399.png,0.10954935103654861,0.039062030613422394,0.20067033171653748,-0.02259064093232155,0.007530520670115948,0.031333744525909424
frame_002399.png,frame_002400.png,0.10764195024967194,0.04200755059719086,0.20495854318141937,-0.02280644327402115,0.003966432996094227,0.02896542102098465
frame_002400.png,frame_002401.png,0.10044080018997192,0.04060736298561096,0.20365944504737854,-0.028735432773828506,-0.0004034852609038353,0.03008829429745674
frame_002401.png,frame_002402.png,0.0942675918340683,0.04220307618379593,0.21089394390583038,-0.03562921658158302,-0.0039053959771990776,0.03454478830099106
frame_002402.png,frame_002403.png,0.09434998035430908,0.05150838941335678,0.22046774625778198,-0.04251721501350403,-0.007019230164587498,0.03302762657403946
frame_002403.png,frame_002404.png,0.09159986674785614,0.0623776838183403,0.23154059052467346,-0.04582485184073448,-0.010927331633865833,0.02596520632505417
frame_002404.png,frame_002405.png,0.08292239904403687,0.06706652045249939,0.23459875583648682,-0.04569471254944801,-0.015729669481515884,0.016669876873493195
frame_002405.png,frame_002406.png,0.07573534548282623,0.07553044706583023,0.24838194251060486,-0.04757562652230263,-0.021090812981128693,0.010974745266139507
frame_002406.png,frame_002407.png,0.06852205097675323,0.07754089683294296,0.2720927298069,-0.05912826582789421,-0.02412918210029602,-0.0031513599678874016
frame_002407.png,frame_002408.png,0.07030287384986877,0.10086516290903091,0.2870337665081024,-0.05815491825342178,-0.023297902196645737,-0.011735114268958569
frame_002408.png,frame_002409.png,0.0524364709854126,0.1055932566523552,0.27974244952201843,-0.05009981989860535,-0.013324077241122723,0.006015480495989323
frame_002409.png,frame_002410.png,0.048068247735500336,0.08364192396402359,0.26727044582366943,-0.06101682037115097,-0.009705598466098309,0.007921875454485416
frame_002410.png,frame_002411.png,0.09124324470758438,0.05670298635959625,0.2600284516811371,-0.07507947832345963,0.00017835479229688644,0.03513239324092865
frame_002411.png,frame_002412.png,0.12636931240558624,0.051623694598674774,0.24357661604881287,-0.08379432559013367,-0.015533172525465488,0.012561128474771976
frame_002412.png,frame_002413.png,0.13237282633781433,0.0674007460474968,0.29469460248947144,-0.11195386201143265,-0.0241100937128067,0.024839099496603012
frame_002413.png,frame_002414.png,0.17205747961997986,0.046106599271297455,0.2626540958881378,-0.14738169312477112,-0.009523590095341206,0.0156045937910676
frame_002414.png,frame_002415.png,0.18744578957557678,0.07134386897087097,0.2941712439060211,-0.14526961743831635,-0.01221745926886797,-0.014676638878881931
frame_002415.png,frame_002416.png,0.18535801768302917,0.08440177887678146,0.2921248972415924,-0.13681407272815704,-0.01010242197662592,-0.004490413703024387
frame_002416.png,frame_002417.png,0.17987582087516785,0.08154900372028351,0.32213500142097473,-0.14982853829860687,-0.0049600983038544655,-0.02969871461391449
frame_002417.png,frame_002418.png,0.1346302330493927,0.08383791893720627,0.3094909191131592,-0.14940111339092255,-0.01908481866121292,-0.03770359978079796
frame_002418.png,frame_002419.png,0.11369271576404572,0.08695688098669052,0.3877503573894501,-0.16481390595436096,-0.004603986628353596,-0.08438904583454132
frame_002419.png,frame_002420.png,0.11091475933790207,0.06107734143733978,0.3716495633125305,-0.13853637874126434,0.0008993251249194145,-0.07415200024843216
frame_002420.png,frame_002421.png,0.08444581925868988,0.038992129266262054,0.3272682726383209,-0.12540924549102783,0.010855087079107761,-0.03407382220029831
frame_002421.png,frame_002422.png,0.03683390095829964,0.024968422949314117,0.3130682408809662,-0.13625302910804749,0.018965985625982285,-0.02162911742925644
frame_002422.png,frame_002423.png,0.01293182373046875,0.017044655978679657,0.3447566330432892,-0.15090133249759674,0.02271100878715515,-0.02943611890077591
frame_002423.png,frame_002424.png,0.017994768917560577,0.00890074297785759,0.36676594614982605,-0.17064599692821503,0.02669868990778923,-0.025230783969163895
frame_002424.png,frame_002425.png,0.01781293749809265,0.0034783966839313507,0.3777201473712921,-0.17583084106445312,0.033523157238960266,-0.016326960176229477
frame_002425.png,frame_002426.png,0.024437814950942993,0.0029894039034843445,0.37999287247657776,-0.1748138666152954,0.038007281720638275,-0.009983046911656857
frame_002426.png,frame_002427.png,0.029460787773132324,0.006586030125617981,0.37953755259513855,-0.17312754690647125,0.03656131774187088,-0.01178919430822134
frame_002427.png,frame_002428.png,0.026843339204788208,0.008635714650154114,0.36422696709632874,-0.16629399359226227,0.032543279230594635,-0.0026749512180685997
frame_002428.png,frame_002429.png,0.016954414546489716,0.025891825556755066,0.3364187777042389,-0.1552104502916336,0.02726045623421669,0.005267024971544743
frame_002429.png,frame_002430.png,0.019490443170070648,0.031355686485767365,0.3058183789253235,-0.1397256702184677,0.021852610632777214,-0.018702741712331772
frame_002430.png,frame_002431.png,0.048580899834632874,0.03588718920946121,0.295499712228775,-0.13973377645015717,0.01980622112751007,-0.0251220241189003
frame_002431.png,frame_002432.png,0.0771636813879013,0.050385065376758575,0.3049077093601227,-0.12530741095542908,0.0147547060623765,-0.04357398301362991
frame_002432.png,frame_002433.png,0.10796467959880829,0.07627177238464355,0.2917419373989105,-0.12535592913627625,0.012792891822755337,-0.04723361134529114
frame_002433.png,frame_002434.png,0.10761483013629913,0.0883636400103569,0.2843452990055084,-0.15533027052879333,0.004420504905283451,-0.08500632643699646
frame_002434.png,frame_002435.png,0.09697756171226501,0.10588205605745316,0.27265316247940063,-0.1572626680135727,0.0005093896761536598,-0.11299221962690353
frame_002435.png,frame_002436.png,0.10180608928203583,0.10662119835615158,0.25973373651504517,-0.1462448537349701,8.023809641599655e-05,-0.11194217950105667
frame_002436.png,frame_002437.png,0.10891970247030258,0.10053885728120804,0.24422013759613037,-0.14138579368591309,0.0029302118346095085,-0.1116960346698761
frame_002437.png,frame_002438.png,0.12613138556480408,0.08104800432920456,0.2241763174533844,-0.13492490351200104,0.006602662615478039,-0.10957589745521545
frame_002438.png,frame_002439.png,0.13413944840431213,0.0637420266866684,0.21678252518177032,-0.1263873130083084,0.009001637808978558,-0.11088252067565918
frame_002439.png,frame_002440.png,0.14468835294246674,0.06863376498222351,0.20194046199321747,-0.11502934992313385,0.011243498884141445,-0.10684190690517426
frame_002440.png,frame_002441.png,0.15543818473815918,0.07222561538219452,0.20584669709205627,-0.0937643051147461,0.013105793856084347,-0.10168755054473877
frame_002441.png,frame_002442.png,0.15164071321487427,0.08807376772165298,0.2211008071899414,-0.08330029249191284,0.004186139442026615,-0.10833397507667542
frame_002442.png,frame_002443.png,0.13450154662132263,0.08109009265899658,0.2491241991519928,-0.08601272106170654,-0.0028633112087845802,-0.10764244198799133
frame_002443.png,frame_002444.png,0.13626858592033386,0.09796256572008133,0.22782406210899353,-0.08930417895317078,-0.005824320949614048,-0.09717287123203278
frame_002444.png,frame_002445.png,0.1334517002105713,0.1186639592051506,0.25910332798957825,-0.11032845079898834,-0.006114467978477478,-0.11187180876731873
frame_002445.png,frame_002446.png,0.13738009333610535,0.10006452351808548,0.24716565012931824,-0.1387873739004135,-0.003005567006766796,-0.12583211064338684
frame_002446.png,frame_002447.png,0.1352495700120926,0.08569135516881943,0.2510746717453003,-0.12859046459197998,0.002629208378493786,-0.12310025095939636
frame_002447.png,frame_002448.png,0.1203254982829094,0.08574380725622177,0.2515772879123688,-0.09847233444452286,0.01012949738651514,-0.09593048691749573
frame_002448.png,frame_002449.png,0.13607922196388245,0.06553804129362106,0.23845499753952026,-0.054613202810287476,0.015467478893697262,-0.05686032772064209
frame_002449.png,frame_002450.png,0.14609377086162567,0.05177696794271469,0.24361082911491394,-0.03619924560189247,0.028947610408067703,-0.05460331588983536
frame_002450.png,frame_002451.png,0.14085513353347778,0.04384341835975647,0.2571275532245636,-0.053186461329460144,0.044748153537511826,-0.0705905631184578
frame_002451.png,frame_002452.png,0.1438618302345276,0.03802136331796646,0.2602798342704773,-0.05921127274632454,0.05460973083972931,-0.06758968532085419
frame_002452.png,frame_002453.png,0.15884412825107574,0.04414110630750656,0.2721463143825531,-0.06356527656316757,0.06171262264251709,-0.04880073666572571
frame_002453.png,frame_002454.png,0.16368669271469116,0.059521496295928955,0.26641330122947693,-0.04527677968144417,0.0637778639793396,-0.03295035660266876
frame_002454.png,frame_002455.png,0.14189258217811584,0.07330124825239182,0.2791479825973511,-0.036196522414684296,0.05262305215001106,-0.01168438233435154
frame_002455.png,frame_002456.png,0.11328479647636414,0.08320974558591843,0.280548095703125,0.006092648021876812,0.046811483800411224,0.027756281197071075
frame_002456.png,frame_002457.png,0.12478552013635635,0.07554499059915543,0.24258491396903992,0.03698563203215599,0.044315170496702194,0.0601944774389267
frame_002457.png,frame_002458.png,0.11705261468887329,0.10243814438581467,0.2281649112701416,0.02079317718744278,0.03559426963329315,0.027213163673877716
frame_002458.png,frame_002459.png,0.13359327614307404,0.10719989985227585,0.24657437205314636,-0.004613928496837616,0.028094306588172913,0.018117140978574753
frame_002459.png,frame_002460.png,0.2166857123374939,0.09908411651849747,0.22711911797523499,0.00028810370713472366,0.03780844435095787,0.02633407711982727
frame_002460.png,frame_002461.png,0.25870800018310547,0.11850445717573166,0.23331743478775024,0.02087879180908203,0.04337009787559509,0.024396635591983795
frame_002461.png,frame_002462.png,0.2938089668750763,0.11862447112798691,0.19809284806251526,0.028433814644813538,0.03701473027467728,0.065175361931324
frame_002462.png,frame_002463.png,0.27992284297943115,0.097248874604702,0.21763281524181366,0.004159742034971714,0.03619154170155525,0.05970650911331177
frame_002463.png,frame_002464.png,0.2980017066001892,0.10165650397539139,0.20203985273838043,0.03620847314596176,0.03078610450029373,0.04514826089143753
frame_002464.png,frame_002465.png,0.3120923638343811,0.08209226280450821,0.18632195889949799,0.03019155189394951,0.014025709591805935,0.07403483986854553
frame_002465.png,frame_002466.png,0.2933105528354645,0.10024309903383255,0.18051040172576904,0.044028040021657944,0.015030271373689175,0.05873823165893555
frame_002466.png,frame_002467.png,0.26210981607437134,0.08408891409635544,0.20287233591079712,0.034264951944351196,0.016135357320308685,0.02988210693001747
frame_002467.png,frame_002468.png,0.23538553714752197,0.05737866461277008,0.236596018075943,0.030413426458835602,0.01710209995508194,0.010422921739518642
frame_002468.png,frame_002469.png,0.21944290399551392,0.0641394704580307,0.2545475363731384,0.004099269397556782,0.018977701663970947,-0.006761114113032818
frame_002469.png,frame_002470.png,0.2570432126522064,0.07185034453868866,0.26710182428359985,-0.008655369281768799,0.014689548872411251,0.013531149365007877
frame_002470.png,frame_002471.png,0.29055866599082947,0.07343742251396179,0.27781131863594055,-0.01804308593273163,0.008827964775264263,0.010237080045044422
frame_002471.png,frame_002472.png,0.2987818717956543,0.0549158900976181,0.2998335063457489,-0.0203402079641819,0.012039697729051113,-0.01712707057595253
frame_002472.png,frame_002473.png,0.28596940636634827,0.03706248849630356,0.3195320665836334,-0.017867015674710274,0.014547388069331646,-0.027038704603910446
frame_002473.png,frame_002474.png,0.2867998480796814,0.036702193319797516,0.34348365664482117,-0.015835877507925034,0.010784692130982876,-0.027784794569015503
frame_002474.png,frame_002475.png,0.2945335805416107,0.048305995762348175,0.357181578874588,-0.01667134091258049,0.006597968749701977,-0.031397294253110886
frame_002475.png,frame_002476.png,0.2887132465839386,0.05904996395111084,0.36934152245521545,-0.025975406169891357,0.006054162047803402,-0.022359635680913925
frame_002476.png,frame_002477.png,0.26090869307518005,0.04452233761548996,0.3668796122074127,-0.00439072772860527,0.0002085743471980095,-0.007834701798856258
frame_002477.png,frame_002478.png,0.25068244338035583,0.05852241814136505,0.39066484570503235,-0.012372004799544811,0.0015260381624102592,-0.0011525163426995277
frame_002478.png,frame_002479.png,0.26438167691230774,0.051961444318294525,0.3695150315761566,0.0209185890853405,-0.004330352880060673,0.033054009079933167
frame_002479.png,frame_002480.png,0.2515321373939514,0.05461249500513077,0.3403383195400238,0.051288798451423645,0.00023649167269468307,0.04025242477655411
frame_002480.png,frame_002481.png,0.2745138704776764,0.073708675801754,0.3671010434627533,0.04699656367301941,-0.0005318867042660713,0.07441975921392441
frame_002481.png,frame_002482.png,0.26494982838630676,0.098802350461483,0.3708728849887848,0.008222882635891438,-0.0038454988971352577,0.06916708499193192
frame_002482.png,frame_002483.png,0.270956814289093,0.11808592826128006,0.3387141525745392,-0.0071814656257629395,0.00031025614589452744,0.055734723806381226
frame_002483.png,frame_002484.png,0.2569482922554016,0.10291803628206253,0.3405179977416992,0.011062056757509708,-0.002643936313688755,0.0617593377828598
frame_002484.png,frame_002485.png,0.23765286803245544,0.08134361356496811,0.34799429774284363,0.01554905716329813,0.0009360974654555321,0.08955735713243484
frame_002485.png,frame_002486.png,0.22848805785179138,0.07282065600156784,0.3467179238796234,0.02245301753282547,0.005139957182109356,0.10556712746620178
frame_002486.png,frame_002487.png,0.21423673629760742,0.08312588185071945,0.35186201333999634,0.014961552806198597,0.007507483474910259,0.09090622514486313
frame_002487.png,frame_002488.png,0.23106050491333008,0.0992620661854744,0.3399682343006134,0.005686846561729908,0.012818007729947567,0.08100716769695282
frame_002488.png,frame_002489.png,0.22396382689476013,0.10488363355398178,0.33665701746940613,-0.0017727222293615341,-0.01040638331323862,0.07855400443077087
frame_002489.png,frame_002490.png,0.26950758695602417,0.10432182997465134,0.33379706740379333,0.005568464286625385,0.002157422713935375,0.08816564083099365
frame_002490.png,frame_002491.png,0.2071925699710846,0.08690286427736282,0.36277493834495544,0.011061255820095539,0.013914159499108791,0.09084968268871307
frame_002491.png,frame_002492.png,0.1855509877204895,0.0629395842552185,0.3583934009075165,0.04498498514294624,0.017879217863082886,0.12175369262695312
frame_002492.png,frame_002493.png,0.1579197645187378,0.02967149019241333,0.3469304144382477,0.046782415360212326,0.01146626751869917,0.12750375270843506
frame_002493.png,frame_002494.png,0.2029350996017456,0.030352242290973663,0.30167046189308167,0.05879303067922592,0.01462108176201582,0.10316765308380127
frame_002494.png,frame_002495.png,0.21828141808509827,0.044700972735881805,0.32001468539237976,0.03745454549789429,0.017844244837760925,0.06748348474502563
frame_002495.png,frame_002496.png,0.21870079636573792,0.04481774568557739,0.3364514410495758,0.02179887145757675,0.018073875457048416,0.049776025116443634
frame_002496.png,frame_002497.png,0.21602994203567505,0.04311942309141159,0.341988742351532,0.01488675270229578,0.015420407988131046,0.04744310677051544
frame_002497.png,frame_002498.png,0.22552204132080078,0.037771038711071014,0.3086906671524048,0.02060660347342491,0.00948049034923315,0.06483007967472076
frame_002498.png,frame_002499.png,0.2106839418411255,0.019396726042032242,0.28712722659111023,0.025316104292869568,0.010912212543189526,0.08410338312387466
frame_002499.png,frame_002500.png,0.20274043083190918,0.016220320016145706,0.2745979428291321,0.05807523801922798,0.013347777538001537,0.1225627064704895
frame_002500.png,frame_002501.png,0.20523376762866974,0.0412735790014267,0.27507835626602173,0.06288916617631912,0.0176527202129364,0.12407195568084717
frame_002501.png,frame_002502.png,0.22821593284606934,0.07358010858297348,0.24786755442619324,0.07429984211921692,0.02055329829454422,0.09898357093334198
frame_002502.png,frame_002503.png,0.2382872998714447,0.07651522010564804,0.24146303534507751,0.04742296412587166,0.012984576635062695,0.11870497465133667
frame_002503.png,frame_002504.png,0.24996742606163025,0.07619445025920868,0.21849291026592255,0.027242060750722885,0.01233560498803854,0.12270891666412354
frame_002504.png,frame_002505.png,0.25213396549224854,0.08534014970064163,0.17576864361763,0.014815800823271275,-0.001985938288271427,0.10288693010807037
frame_002505.png,frame_002506.png,0.2432563304901123,0.10856930166482925,0.1735355705022812,-0.0019135409966111183,0.0011491505429148674,0.09525001049041748
frame_002506.png,frame_002507.png,0.25372791290283203,0.1123252734541893,0.18559789657592773,0.000962594524025917,0.006568483076989651,0.08679641038179398
frame_002507.png,frame_002508.png,0.26852965354919434,0.11388064175844193,0.18079012632369995,0.0022480329498648643,0.013731132261455059,0.07033097743988037
frame_002508.png,frame_002509.png,0.29032406210899353,0.10419698804616928,0.17335906624794006,0.005459274165332317,0.010113107971847057,0.07340648770332336
frame_002509.png,frame_002510.png,0.30683133006095886,0.0975438579916954,0.15038394927978516,0.018210068345069885,0.007682151161134243,0.08787021785974503
frame_002510.png,frame_002511.png,0.3119574785232544,0.09296906739473343,0.13885757327079773,0.031216774135828018,0.006192266009747982,0.09837797284126282
frame_002511.png,frame_002512.png,0.3041050434112549,0.09740421921014786,0.1446462869644165,0.026677198708057404,0.01105282362550497,0.0933140367269516
frame_002512.png,frame_002513.png,0.2888135313987732,0.10047294944524765,0.16129103302955627,0.019439809024333954,0.019302301108837128,0.0906137153506279
frame_002513.png,frame_002514.png,0.270752489566803,0.10412085801362991,0.17543134093284607,-0.0022906092926859856,0.01802128180861473,0.08859702199697495
frame_002514.png,frame_002515.png,0.262165904045105,0.09195951372385025,0.15208512544631958,-0.0008594347164034843,-0.008632584474980831,0.09437399357557297
frame_002515.png,frame_002516.png,0.2611594796180725,0.09069224447011948,0.1615775227546692,-0.006655300967395306,-0.011082437820732594,0.10482459515333176
frame_002516.png,frame_002517.png,0.2646395266056061,0.09996391087770462,0.1384437531232834,0.013627707026898861,-0.007283919490873814,0.0968923568725586
frame_002517.png,frame_002518.png,0.2605726420879364,0.09664308279752731,0.1730082929134369,0.033528514206409454,-0.0017673084512352943,0.09070192277431488
frame_002518.png,frame_002519.png,0.2520967423915863,0.06860166043043137,0.19214895367622375,0.03525980934500694,0.017414245754480362,0.10017827153205872
frame_002519.png,frame_002520.png,0.1724434792995453,0.03169211000204086,0.2694268524646759,0.0012840814888477325,0.02152746170759201,0.11504308134317398
frame_002520.png,frame_002521.png,0.17769765853881836,0.06317294389009476,0.2892927825450897,0.017095297574996948,0.00897237192839384,0.12185525894165039
frame_002521.png,frame_002522.png,0.1896756887435913,0.07060597091913223,0.30922064185142517,0.011236117221415043,-0.00404711440205574,0.11552521586418152
frame_002522.png,frame_002523.png,0.2101486176252365,0.07755926996469498,0.29696550965309143,0.015362939797341824,-0.006164009682834148,0.12221550941467285
frame_002523.png,frame_002524.png,0.20459714531898499,0.06987864524126053,0.3234228789806366,0.045007213950157166,-0.00725280586630106,0.08455222100019455
frame_002524.png,frame_002525.png,0.1892305314540863,0.055891238152980804,0.3167639672756195,0.043144095689058304,-0.007499919272959232,0.04917989298701286
frame_002525.png,frame_002526.png,0.213628888130188,0.06108082830905914,0.30516335368156433,0.049543432891368866,-0.0045919762924313545,0.03900064527988434
frame_002526.png,frame_002527.png,0.20854559540748596,0.06970392167568207,0.3251071274280548,0.020795851945877075,-0.0012983670458197594,0.025279216468334198
frame_002527.png,frame_002528.png,0.21779733896255493,0.06244894117116928,0.32778695225715637,0.009874125011265278,-0.0038789035752415657,0.023413702845573425
frame_002528.png,frame_002529.png,0.22697338461875916,0.058175601065158844,0.34832891821861267,-0.0006234543398022652,0.007282889448106289,0.02617775648832321
frame_002529.png,frame_002530.png,0.22159302234649658,0.06349149346351624,0.37692058086395264,0.0075280992314219475,0.015016107819974422,0.024355091154575348
frame_002530.png,frame_002531.png,0.2136479616165161,0.0630459263920784,0.38779887557029724,0.0077629974111914635,0.021081160753965378,0.01646317169070244
frame_002531.png,frame_002532.png,0.2166326940059662,0.055469296872615814,0.38962873816490173,0.009087014012038708,0.023805830627679825,0.014680047519505024
frame_002532.png,frame_002533.png,0.21734720468521118,0.04701937735080719,0.3872738778591156,0.012877457775175571,0.0204428993165493,0.019187234342098236
frame_002533.png,frame_002534.png,0.21960362792015076,0.030795134603977203,0.38221004605293274,0.024414006620645523,0.015227294526994228,0.025401361286640167
frame_002534.png,frame_002535.png,0.21806076169013977,0.020677663385868073,0.3813798725605011,0.029615093022584915,0.009058910422027111,0.028913628309965134
frame_002535.png,frame_002536.png,0.21336063742637634,0.015079356729984283,0.3777286410331726,0.032789647579193115,0.004376488737761974,0.031965650618076324
frame_002536.png,frame_002537.png,0.20652887225151062,0.014829982072114944,0.3747260272502899,0.03166938200592995,0.0036062775179743767,0.028685640543699265
frame_002537.png,frame_002538.png,0.19848239421844482,0.01612551510334015,0.3735208809375763,0.02562149614095688,0.003137628547847271,0.02424178272485733
frame_002538.png,frame_002539.png,0.19429165124893188,0.0174722820520401,0.3683285117149353,0.02029726281762123,0.0038402406498789787,0.017733756452798843
frame_002539.png,frame_002540.png,0.1957223117351532,0.020525306463241577,0.35616663098335266,0.020589277148246765,0.007335725240409374,0.013081938959658146
frame_002540.png,frame_002541.png,0.19694915413856506,0.016848519444465637,0.34734800457954407,0.01991739124059677,0.009541875682771206,0.012821135111153126
frame_002541.png,frame_002542.png,0.19224753975868225,0.013823635876178741,0.3460080921649933,0.009749705903232098,0.011402403004467487,0.011566714383661747
frame_002542.png,frame_002543.png,0.19492754340171814,0.013618115335702896,0.3609873354434967,-0.0077079348266124725,0.012840106151998043,0.017520103603601456
frame_002543.png,frame_002544.png,0.20700031518936157,0.012033049017190933,0.373312771320343,-0.02003619819879532,0.014990129508078098,0.03876884654164314
frame_002544.png,frame_002545.png,0.20795249938964844,0.013906501233577728,0.3802326023578644,-0.01949971169233322,0.01129170786589384,0.05041243135929108
frame_002545.png,frame_002546.png,0.22276389598846436,0.026336736977100372,0.3793250620365143,-0.02325044944882393,0.008319607935845852,0.04889816790819168
frame_002546.png,frame_002547.png,0.25055035948753357,0.03544946759939194,0.3622540533542633,-0.016237106174230576,0.0021562641486525536,0.06892033666372299
frame_002547.png,frame_002548.png,0.27201947569847107,0.05113253742456436,0.3443274199962616,0.010290605016052723,-0.0006161676719784737,0.10072813928127289
frame_002548.png,frame_002549.png,0.2750052511692047,0.04528409242630005,0.3529049754142761,0.0025610970333218575,-0.001164858229458332,0.09548355638980865
frame_002549.png,frame_002550.png,0.2607722878456116,0.03759320080280304,0.35346344113349915,0.016357894986867905,-0.0024339230731129646,0.07786892354488373
frame_002550.png,frame_002551.png,0.24557995796203613,0.03237590938806534,0.35965824127197266,0.02216949313879013,0.00047311652451753616,0.05664820224046707
frame_002551.png,frame_002552.png,0.23409897089004517,0.0335947722196579,0.37152305245399475,0.02638067677617073,0.004877391271293163,0.046572569757699966
frame_002552.png,frame_002553.png,0.23016008734703064,0.03959336131811142,0.38117337226867676,0.03994493931531906,0.00633919145911932,0.04991158843040466
frame_002553.png,frame_002554.png,0.2299266755580902,0.04211544245481491,0.39244019985198975,0.038574837148189545,0.008327540941536427,0.04375331476330757
frame_002554.png,frame_002555.png,0.22179120779037476,0.0345151349902153,0.4113764464855194,0.0380229577422142,0.010668876580893993,0.03679726645350456
frame_002555.png,frame_002556.png,0.21440771222114563,0.02474489063024521,0.4244474470615387,0.03792998939752579,0.012217818759381771,0.03244946897029877
frame_002556.png,frame_002557.png,0.21328243613243103,0.015453584492206573,0.42914941906929016,0.03536653518676758,0.013383637182414532,0.030522506684064865
frame_002557.png,frame_002558.png,0.22380971908569336,0.01761084794998169,0.418688029050827,0.03320188820362091,0.01201950665563345,0.037285543978214264
frame_002558.png,frame_002559.png,0.22933992743492126,0.022919654846191406,0.4018608629703522,0.02922794222831726,0.008383306674659252,0.04477924853563309
frame_002559.png,frame_002560.png,0.23201709985733032,0.023167841136455536,0.3967954218387604,0.02450701966881752,0.002814236097037792,0.045728545635938644
frame_002560.png,frame_002561.png,0.24523627758026123,0.02556898444890976,0.40677669644355774,0.017447050660848618,-0.0005101514980196953,0.061295926570892334
frame_002561.png,frame_002562.png,0.23387762904167175,0.024101927876472473,0.42874428629875183,-0.016994556412100792,0.0058615198358893394,0.07125356793403625
frame_002562.png,frame_002563.png,0.18217985332012177,0.03157640993595123,0.44136202335357666,-0.03247726708650589,0.01115767564624548,0.0838700532913208
frame_002563.png,frame_002564.png,0.1925216019153595,0.023160412907600403,0.41817376017570496,-0.023512504994869232,0.015503046102821827,0.08608049154281616
frame_002564.png,frame_002565.png,0.19498923420906067,0.025437235832214355,0.3830757737159729,0.017097588628530502,0.004798966459929943,0.0832972526550293
frame_002565.png,frame_002566.png,0.19363194704055786,0.043109409511089325,0.38165321946144104,0.017873115837574005,0.007020573131740093,0.08131758123636246
frame_002566.png,frame_002567.png,0.1833234429359436,0.05887670814990997,0.4003053605556488,-0.009846596978604794,-0.004324398003518581,0.054800309240818024
frame_002567.png,frame_002568.png,0.1989610195159912,0.07519173622131348,0.3566693663597107,0.0054713888093829155,-0.00826545525342226,0.046353526413440704
frame_002568.png,frame_002569.png,0.1927671581506729,0.07277436554431915,0.32222607731819153,0.013342407532036304,-0.010295347310602665,0.025586191564798355
frame_002569.png,frame_002570.png,0.20563766360282898,0.0813838392496109,0.3284588158130646,0.017266355454921722,-0.012001319788396358,0.033420246094465256
frame_002570.png,frame_002571.png,0.22181925177574158,0.09491262584924698,0.34846729040145874,0.016462627798318863,-0.010034346021711826,0.02827281877398491
frame_002571.png,frame_002572.png,0.2398974597454071,0.09276191145181656,0.3343792259693146,0.04446965828537941,-0.010097694583237171,0.03799762949347496
frame_002572.png,frame_002573.png,0.23030021786689758,0.0707441046833992,0.35897204279899597,0.05398209020495415,0.003130330704152584,0.02920236811041832
frame_002573.png,frame_002574.png,0.2056598961353302,0.038963839411735535,0.3890281319618225,0.04778830334544182,0.011438951827585697,0.01731240004301071
frame_002574.png,frame_002575.png,0.1893739104270935,0.018067102879285812,0.4171012341976166,0.04709234461188316,0.01801513507962227,0.005980354733765125
frame_002575.png,frame_002576.png,0.17986181378364563,0.011363018304109573,0.43325915932655334,0.05120665580034256,0.018753960728645325,0.0031428495422005653
frame_002576.png,frame_002577.png,0.17048509418964386,0.002473190426826477,0.4415561258792877,0.04995527118444443,0.014456911943852901,0.003225778229534626
frame_002577.png,frame_002578.png,0.16586318612098694,-0.00028540194034576416,0.43944093585014343,0.05174819007515907,0.012655745260417461,0.0017698490992188454
frame_002578.png,frame_002579.png,0.16802088916301727,-0.004304945468902588,0.4428979158401489,0.04649350419640541,0.011061650700867176,-0.002101379446685314
frame_002579.png,frame_002580.png,0.16754502058029175,-0.013980161398649216,0.4442809522151947,0.03788687288761139,0.008306088857352734,-0.0073239123448729515
frame_002580.png,frame_002581.png,0.16851449012756348,-0.016945337876677513,0.44750380516052246,0.03277784213423729,0.008100352250039577,-0.008317540399730206
frame_002581.png,frame_002582.png,0.17158380150794983,-0.01944730430841446,0.4522309899330139,0.027520254254341125,0.007494970224797726,-0.007424334995448589
frame_002582.png,frame_002583.png,0.17378345131874084,-0.021028760820627213,0.4552939236164093,0.024116843938827515,0.006725779734551907,-0.006150196306407452
frame_002583.png,frame_002584.png,0.1755790114402771,-0.021888716146349907,0.4577610492706299,0.026623275130987167,0.007365868426859379,-0.004216413013637066
frame_002584.png,frame_002585.png,0.17865079641342163,-0.0208459310233593,0.45981064438819885,0.027837231755256653,0.004638041369616985,-0.0005537969991564751
frame_002585.png,frame_002586.png,0.1737513542175293,-0.011015508323907852,0.4514254033565521,0.043205417692661285,0.0009320974349975586,-0.0007047494873404503
frame_002586.png,frame_002587.png,0.1659470498561859,0.0015749260783195496,0.4537027180194855,0.05634003505110741,-0.0010288162156939507,0.006723952479660511
frame_002587.png,frame_002588.png,0.16129058599472046,5.5942684412002563e-05,0.4557884633541107,0.06278612464666367,0.005262455902993679,0.01203345600515604
frame_002588.png,frame_002589.png,0.16898494958877563,-0.013093756511807442,0.4288109540939331,0.06576265394687653,0.009231952019035816,0.009141855873167515
frame_002589.png,frame_002590.png,0.20811381936073303,-0.01186499185860157,0.41787558794021606,0.052000872790813446,0.0017046639695763588,0.025294121354818344
frame_002590.png,frame_002591.png,0.21494778990745544,0.00105372816324234,0.421074241399765,0.0442948155105114,0.004727260209619999,0.015066255815327168
frame_002591.png,frame_002592.png,0.18878546357154846,-0.01072237640619278,0.42348363995552063,0.02721109613776207,0.0008100112900137901,0.028974130749702454
frame_002592.png,frame_002593.png,0.17784838378429413,-0.01909082941710949,0.44102025032043457,0.02146828919649124,0.0013959268108010292,0.038958869874477386
frame_002593.png,frame_002594.png,0.17701169848442078,-0.019910762086510658,0.4402056336402893,0.020360052585601807,0.0007449639961123466,0.03683969005942345
frame_002594.png,frame_002595.png,0.1742936074733734,-0.016274195164442062,0.4379105567932129,0.015514698810875416,-6.27441331744194e-05,0.03569270670413971
frame_002595.png,frame_002596.png,0.13864979147911072,-0.019516967236995697,0.4425366520881653,0.01221862155944109,-0.002285570837557316,0.045617733150720596
frame_002596.png,frame_002597.png,0.12013345956802368,-0.018938593566417694,0.43681013584136963,0.013890733011066914,0.002845180220901966,0.04088982567191124
frame_002597.png,frame_002598.png,0.11613169312477112,-0.017934449017047882,0.4230373203754425,0.006458993069827557,0.003255578689277172,0.03976232558488846
frame_002598.png,frame_002599.png,0.09827689081430435,-0.012695368379354477,0.42100760340690613,0.012839061208069324,0.0025374842807650566,0.045974817126989365
frame_002599.png,frame_002600.png,0.08419065177440643,-0.013856850564479828,0.4219687879085541,0.02021358162164688,0.008908537216484547,0.05275619029998779
frame_002600.png,frame_002601.png,0.08183051645755768,-0.013718517497181892,0.43413981795310974,0.021713346242904663,0.012180662713944912,0.05882296711206436
frame_002601.png,frame_002602.png,0.07636961340904236,-0.01463046483695507,0.4506010413169861,0.022801775485277176,0.012972286902368069,0.06392713636159897
frame_002602.png,frame_002603.png,0.06677431613206863,-0.008190087974071503,0.46650460362434387,0.02700771763920784,0.010646197013556957,0.0768234133720398
frame_002603.png,frame_002604.png,0.048403698951005936,-0.002996884286403656,0.4768001437187195,0.027907222509384155,0.006913819350302219,0.08361081033945084
frame_002604.png,frame_002605.png,0.033935513347387314,0.0004397444427013397,0.477123886346817,0.026983220130205154,0.005177962593734264,0.08582952618598938
frame_002605.png,frame_002606.png,0.031471218913793564,0.0033868327736854553,0.4738445580005646,0.02462666854262352,0.004908575676381588,0.08052697777748108
frame_002606.png,frame_002607.png,0.030229531228542328,0.006131429225206375,0.4739879071712494,0.019180472940206528,0.0028912462294101715,0.07705718278884888
frame_002607.png,frame_002608.png,0.0296250581741333,0.0062984563410282135,0.4707038700580597,0.012144953943789005,0.0010625272989273071,0.07908588647842407
frame_002608.png,frame_002609.png,0.022115111351013184,0.007080450654029846,0.46411773562431335,0.011309155263006687,0.0006314534693956375,0.07907450199127197
frame_002609.png,frame_002610.png,0.004863612353801727,0.011785175651311874,0.4631463885307312,0.011789017356932163,0.0024260617792606354,0.07786061614751816
frame_002610.png,frame_002611.png,-0.012406855821609497,0.018179941922426224,0.4655960500240326,0.013613411225378513,0.004117717035114765,0.06789661943912506
frame_002611.png,frame_002612.png,-0.030140385031700134,0.02595324069261551,0.4659753143787384,0.013802849687635899,0.007315082475543022,0.049012355506420135
frame_002612.png,frame_002613.png,-0.03199420124292374,0.03104531019926071,0.45667949318885803,0.018628209829330444,0.008469724096357822,0.03946477919816971
frame_002613.png,frame_002614.png,-0.03701307624578476,0.03461548686027527,0.4470200836658478,0.02364431694149971,0.006919898558408022,0.03828998655080795
frame_002614.png,frame_002615.png,-0.02969229966402054,0.035180896520614624,0.431499183177948,0.029048606753349304,0.003806215710937977,0.042475469410419464
frame_002615.png,frame_002616.png,-0.008221417665481567,0.036885879933834076,0.4129789173603058,0.0381794236600399,0.0028184475377202034,0.050086610019207
frame_002616.png,frame_002617.png,0.014105789363384247,0.030814357101917267,0.39234766364097595,0.038198791444301605,-0.0004083523526787758,0.053115956485271454
frame_002617.png,frame_002618.png,0.02030954509973526,0.027954690158367157,0.36407849192619324,0.01555884163826704,-0.003333011642098427,0.03197825327515602
frame_002618.png,frame_002619.png,0.033471789211034775,0.02953197807073593,0.3560204803943634,0.007765750400722027,0.005555370822548866,0.013454246334731579
frame_002619.png,frame_002620.png,0.03129412233829498,0.04057712107896805,0.3692798614501953,0.004539213143289089,0.010733182542026043,-0.013713120482861996
frame_002620.png,frame_002621.png,0.0509815476834774,0.022983916103839874,0.36913925409317017,0.017252884805202484,0.013621138408780098,0.002910769544541836
frame_002621.png,frame_002622.png,0.05982566252350807,0.0119558647274971,0.3625267446041107,0.01991477981209755,0.01651092618703842,0.008356002159416676
frame_002622.png,frame_002623.png,0.05416591092944145,0.0038249902427196503,0.36069801449775696,0.009862245991826057,0.023306123912334442,-0.025438271462917328
frame_002623.png,frame_002624.png,0.05238688364624977,-0.0020515993237495422,0.35524728894233704,0.005084017291665077,0.015656162053346634,-0.05072677507996559
frame_002624.png,frame_002625.png,0.05189342796802521,0.011833719909191132,0.3398893177509308,0.0018501030281186104,0.010499360971152782,-0.05059170722961426
frame_002625.png,frame_002626.png,0.053323596715927124,0.022654183208942413,0.30468568205833435,0.02083635702729225,0.0015236539766192436,-0.06508976966142654
frame_002626.png,frame_002627.png,0.059576187282800674,0.038745440542697906,0.2776617109775543,0.02298787236213684,-0.001666523516178131,-0.06408919394016266
frame_002627.png,frame_002628.png,0.06015666201710701,0.044846124947071075,0.2607463598251343,0.018461983650922775,0.0004900144413113594,-0.05464203283190727
frame_002628.png,frame_002629.png,0.03891598433256149,0.046776458621025085,0.2915683686733246,0.007507611066102982,0.00427795946598053,-0.04402555525302887
frame_002629.png,frame_002630.png,0.00948449969291687,0.05592986196279526,0.3086912930011749,-0.00022720545530319214,0.005304727703332901,-0.03517133742570877
frame_002630.png,frame_002631.png,-0.003850013017654419,0.057442598044872284,0.3259478807449341,-0.004870050586760044,0.01048669870942831,-0.021149028092622757
frame_002631.png,frame_002632.png,-0.005704164505004883,0.055030450224876404,0.330337792634964,-0.000763879157602787,0.015947837382555008,-0.0185204166918993
frame_002632.png,frame_002633.png,-0.0106983482837677,0.05251414328813553,0.33440959453582764,-0.00025704316794872284,0.017456520348787308,-0.02042090706527233
frame_002633.png,frame_002634.png,-0.016029343008995056,0.05593618005514145,0.32524412870407104,0.007273384369909763,0.016080182045698166,-0.030965376645326614
frame_002634.png,frame_002635.png,-0.028872251510620117,0.058578044176101685,0.3199290931224823,0.01240100059658289,0.010664043016731739,-0.04479628801345825
frame_002635.png,frame_002636.png,-0.034009747207164764,0.04942374676465988,0.3175685703754425,0.023680798709392548,0.009944255463778973,-0.04906320571899414
frame_002636.png,frame_002637.png,-0.017579950392246246,0.049000345170497894,0.29459983110427856,0.031818799674510956,0.0071168942376971245,-0.044743817299604416
frame_002637.png,frame_002638.png,-0.007136300206184387,0.060881949961185455,0.3012065589427948,0.03534822165966034,0.007596134208142757,-0.04414435848593712
frame_002638.png,frame_002639.png,0.0015270784497261047,0.07352054864168167,0.30745968222618103,0.036616597324609756,0.0034461570903658867,-0.05314142629504204
frame_002639.png,frame_002640.png,0.030509911477565765,0.056230343878269196,0.31136229634284973,0.0402018241584301,0.009712830185890198,-0.048035070300102234
frame_002640.png,frame_002641.png,0.04979867488145828,0.036969833076000214,0.35418859124183655,0.043251391500234604,0.02121204510331154,-0.02860645204782486
frame_002641.png,frame_002642.png,0.0708213821053505,0.0172140970826149,0.4073611795902252,0.046091388911008835,0.029353849589824677,-0.0030138930305838585
frame_002642.png,frame_002643.png,0.07279621064662933,-0.0010943114757537842,0.45175665616989136,0.04525740444660187,0.031571801751852036,-0.0010343929752707481
frame_002643.png,frame_002644.png,0.09514005482196808,0.005342524498701096,0.4509190022945404,0.04800568148493767,0.014033257029950619,0.004754018969833851
frame_002644.png,frame_002645.png,0.1149711161851883,0.020757310092449188,0.44077393412590027,0.04371451213955879,-0.0025223270058631897,0.008556199260056019
frame_002645.png,frame_002646.png,0.13755126297473907,0.034226194024086,0.4178071916103363,0.04622455686330795,-0.012615152634680271,-0.0015019094571471214
frame_002646.png,frame_002647.png,0.16614021360874176,0.04007933288812637,0.3873566687107086,0.05101441591978073,-0.01755683869123459,-0.016664113849401474
frame_002647.png,frame_002648.png,0.17211702466011047,0.036051034927368164,0.379503071308136,0.02935650199651718,-0.014133361168205738,-0.03017975017428398
frame_002648.png,frame_002649.png,0.2007192075252533,0.034248098731040955,0.33616188168525696,0.02211644873023033,-0.008662880398333073,-0.013267322443425655
frame_002649.png,frame_002650.png,0.21633991599082947,0.04541262239217758,0.32331880927085876,0.015098621137440205,-0.004853653721511364,-0.013085373677313328
frame_002650.png,frame_002651.png,0.23113542795181274,0.056062065064907074,0.321745365858078,0.011288699693977833,-0.0034779319539666176,-0.012957041151821613
frame_002651.png,frame_002652.png,0.24974459409713745,0.06652931123971939,0.31554606556892395,0.013554696924984455,-0.0026636095717549324,-0.015801265835762024
frame_002652.png,frame_002653.png,0.266696572303772,0.0743398666381836,0.30275481939315796,0.02176886796951294,-0.0038603367283940315,-0.009693562053143978
frame_002653.png,frame_002654.png,0.2839112877845764,0.07886490225791931,0.285893052816391,0.02923307567834854,-0.0064569273963570595,0.004350104369223118
frame_002654.png,frame_002655.png,0.29556047916412354,0.08190552890300751,0.2736331820487976,0.03202453628182411,-0.008563403971493244,0.017655212432146072
frame_002655.png,frame_002656.png,0.30382239818573,0.08515719324350357,0.2627464234828949,0.03230956196784973,-0.00843860674649477,0.026067111641168594
frame_002656.png,frame_002657.png,0.3076278269290924,0.08859767764806747,0.25509166717529297,0.03353623300790787,-0.009106275625526905,0.03037174418568611
frame_002657.png,frame_002658.png,0.30553874373435974,0.09424541145563126,0.25243595242500305,0.030096497386693954,-0.008878820575773716,0.033414945006370544
frame_002658.png,frame_002659.png,0.30383408069610596,0.10088539868593216,0.24332764744758606,0.026280134916305542,-0.006894820369780064,0.038987256586551666
frame_002659.png,frame_002660.png,0.30680039525032043,0.10911174863576889,0.22525270283222198,0.020132433623075485,-0.0024220170453190804,0.050838012248277664
frame_002660.png,frame_002661.png,0.30157211422920227,0.11069934815168381,0.2137109637260437,0.01803060621023178,-0.0006514536216855049,0.05921933054924011
frame_002661.png,frame_002662.png,0.2961605191230774,0.11015031486749649,0.20492537319660187,0.015701960772275925,5.351658910512924e-05,0.05950707942247391
frame_002662.png,frame_002663.png,0.2902279198169708,0.11089924722909927,0.19546647369861603,0.011854873038828373,-0.004035710357129574,0.05150941014289856
frame_002663.png,frame_002664.png,0.2871418595314026,0.11407936364412308,0.17579972743988037,0.003894367255270481,-0.013407188467681408,0.037518225610256195
frame_002664.png,frame_002665.png,0.2749249041080475,0.11672154814004898,0.15083777904510498,0.00011912453919649124,-0.022037439048290253,0.02740548551082611
frame_002665.png,frame_002666.png,0.2716023027896881,0.11970026046037674,0.15014410018920898,0.009089947678148746,-0.025259044021368027,0.030085183680057526
frame_002666.png,frame_002667.png,0.2670891284942627,0.12366778403520584,0.14291849732398987,0.0070742228999733925,-0.023517627269029617,0.03426682949066162
frame_002667.png,frame_002668.png,0.26873499155044556,0.11991631239652634,0.14849911630153656,0.02170446515083313,-0.02495204657316208,0.06789293885231018
frame_002668.png,frame_002669.png,0.2610650658607483,0.11125212162733078,0.1695595532655716,0.047453511506319046,-0.031201008707284927,0.09398791193962097
frame_002669.png,frame_002670.png,0.2931402921676636,0.13086846470832825,0.1908726841211319,0.0557081401348114,-0.022417381405830383,0.09063412994146347
frame_002670.png,frame_002671.png,0.29809606075286865,0.13363057374954224,0.1530575454235077,0.03528457134962082,-0.015287348069250584,0.10346982628107071
frame_002671.png,frame_002672.png,0.2956220209598541,0.12622925639152527,0.14447173476219177,-0.006674556992948055,-0.019138947129249573,0.12064455449581146
frame_002672.png,frame_002673.png,0.2502536177635193,0.1218467429280281,0.13562752306461334,-0.009943700395524502,-0.010028057731688023,0.08671371638774872
frame_002673.png,frame_002674.png,0.208541139960289,0.10070275515317917,0.125011146068573,-0.002905360423028469,-0.01231937576085329,0.07097408175468445
frame_002674.png,frame_002675.png,0.20215657353401184,0.08307034522294998,0.10742780566215515,0.007195823825895786,-0.0011742496863007545,0.07573074847459793
frame_002675.png,frame_002676.png,0.1860744208097458,0.06723086535930634,0.13118068873882294,0.010598507709801197,0.008608984760940075,0.09615068137645721
frame_002676.png,frame_002677.png,0.2165949046611786,0.05764155089855194,0.09424112737178802,0.027175959199666977,0.026841580867767334,0.10739031434059143
frame_002677.png,frame_002678.png,0.23912391066551208,0.023166127502918243,0.08125865459442139,0.007405676878988743,0.023047685623168945,0.12912076711654663
frame_002678.png,frame_002679.png,0.26102176308631897,0.02198495715856552,0.04144982248544693,-0.0157085582613945,0.034732282161712646,0.0990888923406601
frame_002679.png,frame_002680.png,0.2207501232624054,0.04014797508716583,0.052650440484285355,-0.009899615310132504,0.015539967454969883,0.07614269852638245
frame_002680.png,frame_002681.png,0.16452020406723022,0.05214386433362961,0.04896169528365135,-0.005179024301469326,0.011991558596491814,0.04502467066049576
frame_002681.png,frame_002682.png,0.11016818881034851,0.06589397042989731,0.06753332912921906,-0.018336400389671326,0.017721258103847504,0.021570011973381042
frame_002682.png,frame_002683.png,0.04196550324559212,0.0646299198269844,0.11019976437091827,-0.0324343740940094,0.010497963055968285,0.022748813033103943
frame_002683.png,frame_002684.png,0.008820921182632446,0.06544534116983414,0.11938712000846863,-0.04125085100531578,0.013326730579137802,0.06859128922224045
frame_002684.png,frame_002685.png,0.05920049548149109,0.08327009528875351,0.10920211672782898,-0.051189132034778595,0.011585567146539688,0.08945868909358978
frame_002685.png,frame_002686.png,0.046857357025146484,0.08535105735063553,0.12235128879547119,-0.053227949887514114,-0.008799145929515362,0.11069482564926147
frame_002686.png,frame_002687.png,0.040066953748464584,0.08594570308923721,0.10978055000305176,-0.023461852222681046,-0.007363269105553627,0.1007964015007019
frame_002687.png,frame_002688.png,-0.0060487911105155945,0.058241330087184906,0.13043862581253052,-0.027810052037239075,-0.0017740866169333458,0.10397939383983612
frame_002688.png,frame_002689.png,-0.038298092782497406,0.04251081496477127,0.14463409781455994,-0.019299954175949097,0.0003807432949542999,0.09792663902044296
frame_002689.png,frame_002690.png,-0.053912751376628876,0.03653096407651901,0.14170688390731812,-0.0056348396465182304,0.0011156173422932625,0.08293696492910385
frame_002690.png,frame_002691.png,-0.05188380926847458,0.03020258992910385,0.14740198850631714,-0.0027447426691651344,-0.007204916328191757,0.08021382242441177
frame_002691.png,frame_002692.png,-0.031209208071231842,0.029015086591243744,0.19878119230270386,-0.00678634736686945,-0.01115450356155634,0.10860903561115265
frame_002692.png,frame_002693.png,-0.03709255903959274,0.030477575957775116,0.24010387063026428,-0.02990538254380226,0.003942233510315418,0.16822564601898193
frame_002693.png,frame_002694.png,0.025787360966205597,0.04506004601716995,0.18320590257644653,-0.03382125496864319,0.015937186777591705,0.13852575421333313
frame_002694.png,frame_002695.png,0.01991429179906845,0.053930699825286865,0.16137520968914032,-0.0370556004345417,0.019381560385227203,0.07181130349636078
frame_002695.png,frame_002696.png,0.018735773861408234,0.0469735786318779,0.17637711763381958,-0.00721855740994215,0.008107725530862808,0.050452835857868195
frame_002696.png,frame_002697.png,0.03357377648353577,0.057227298617362976,0.183490589261055,-0.08006954193115234,0.00578857259824872,0.029026784002780914
frame_002697.png,frame_002698.png,0.03451843932271004,0.06538986414670944,0.14982250332832336,-0.04558350145816803,0.013246238231658936,0.035098593682050705
frame_002698.png,frame_002699.png,0.13194990158081055,0.0786077007651329,0.1057625412940979,-0.022554025053977966,0.013857120648026466,0.06694760918617249
frame_002699.png,frame_002700.png,0.16774016618728638,0.10200532525777817,0.16800546646118164,-0.050648368895053864,0.0017072604969143867,0.0795670747756958
frame_002700.png,frame_002701.png,0.23293420672416687,0.11923081427812576,0.18050509691238403,-0.008536125533282757,0.0031785471364855766,0.07693455368280411
frame_002701.png,frame_002702.png,0.22375962138175964,0.10254029184579849,0.20378468930721283,-0.008084400556981564,-0.010033131577074528,0.11171220242977142
frame_002702.png,frame_002703.png,0.2077655792236328,0.10486618429422379,0.2166203111410141,-0.004004708491265774,-0.021569103002548218,0.1207284927368164
frame_002703.png,frame_002704.png,0.19161400198936462,0.11093948036432266,0.2570652961730957,-0.020548827946186066,-0.024888955056667328,0.09311510622501373
frame_002704.png,frame_002705.png,0.18402361869812012,0.1165413036942482,0.25861015915870667,-0.05052001774311066,-0.025144584476947784,0.08872070908546448
frame_002705.png,frame_002706.png,0.1801178902387619,0.11655617505311966,0.2519078850746155,-0.0512470081448555,-0.025020964443683624,0.0668623298406601
frame_002706.png,frame_002707.png,0.1781633198261261,0.11572731286287308,0.24172869324684143,-0.037789229303598404,-0.03010072559118271,0.04075181111693382
frame_002707.png,frame_002708.png,0.17993465065956116,0.12342143803834915,0.2496333122253418,-0.03466005623340607,-0.033348970115184784,0.02282854914665222
frame_002708.png,frame_002709.png,0.18249782919883728,0.13761690258979797,0.24190792441368103,-0.02581818401813507,-0.034264951944351196,0.014630843885242939
frame_002709.png,frame_002710.png,0.1845267415046692,0.14362534880638123,0.2342492640018463,-0.01828376203775406,-0.03799585998058319,0.008612287230789661
frame_002710.png,frame_002711.png,0.1849236935377121,0.13690638542175293,0.2154872715473175,-0.011177494190633297,-0.04000599682331085,0.019606299698352814
frame_002711.png,frame_002712.png,0.18387851119041443,0.12993139028549194,0.19772937893867493,0.003128618933260441,-0.03716796264052391,0.02564457431435585
frame_002712.png,frame_002713.png,0.1826854646205902,0.1316746175289154,0.20090776681900024,0.0012260368093848228,-0.03532900661230087,0.03191455453634262
frame_002713.png,frame_002714.png,0.18670111894607544,0.1303851306438446,0.20788463950157166,0.0031567299738526344,-0.032774776220321655,0.06070619821548462
frame_002714.png,frame_002715.png,0.19141584634780884,0.12736934423446655,0.22284595668315887,-0.001495598815381527,-0.029389694333076477,0.07920213043689728
frame_002715.png,frame_002716.png,0.18169355392456055,0.12149669975042343,0.2134675830602646,0.003830702044069767,-0.028164781630039215,0.09555533528327942
frame_002716.png,frame_002717.png,0.15778644382953644,0.11302367597818375,0.21494784951210022,-0.014984340406954288,-0.03030579164624214,0.08088875561952591
frame_002717.png,frame_002718.png,0.12866783142089844,0.10798946768045425,0.23662373423576355,-0.034577954560518265,-0.03323989361524582,0.07046983391046524
frame_002718.png,frame_002719.png,0.09981030225753784,0.10353375226259232,0.2561584413051605,-0.04147976636886597,-0.03338751196861267,0.05260675400495529
frame_002719.png,frame_002720.png,0.07495668530464172,0.09708965569734573,0.26585623621940613,-0.06986374408006668,-0.03149209916591644,0.06020382046699524
frame_002720.png,frame_002721.png,0.07638566195964813,0.09549864381551743,0.26336750388145447,-0.07381851971149445,-0.02104124426841736,0.08570623397827148
frame_002721.png,frame_002722.png,0.09159813821315765,0.09840140491724014,0.27838632464408875,-0.07423943281173706,-0.01498651597648859,0.08793842792510986
frame_002722.png,frame_002723.png,0.12386362254619598,0.10500957816839218,0.28187766671180725,-0.07388930022716522,-0.015597888268530369,0.08231770992279053
frame_002723.png,frame_002724.png,0.16314324736595154,0.11505728214979172,0.2778962552547455,-0.06928384304046631,-0.004193111322820187,0.07256242632865906
frame_002724.png,frame_002725.png,0.1932988464832306,0.12035106867551804,0.28193923830986023,-0.04908815771341324,-0.001307937316596508,0.06816282868385315
frame_002725.png,frame_002726.png,0.17017722129821777,0.11960212141275406,0.3049219250679016,-0.03484949469566345,-0.0074018752202391624,0.09765605628490448
frame_002726.png,frame_002727.png,0.14513155817985535,0.10013247281312943,0.29030248522758484,-0.03956671059131622,-0.017936933785676956,0.12226372957229614
frame_002727.png,frame_002728.png,0.1911676526069641,0.10317910462617874,0.27701467275619507,-0.04762694984674454,-0.01880929246544838,0.09955848753452301
frame_002728.png,frame_002729.png,0.23040428757667542,0.11770621687173843,0.22741234302520752,-0.064827099442482,-0.024245332926511765,0.043615929782390594
frame_002729.png,frame_002730.png,0.19148138165473938,0.09394880384206772,0.2173287719488144,-0.03259139135479927,-0.018414556980133057,0.11154739558696747
frame_002730.png,frame_002731.png,0.19672313332557678,0.10905898362398148,0.1980130523443222,-0.05069177597761154,-0.02106543630361557,0.11695115268230438
frame_002731.png,frame_002732.png,0.20343360304832458,0.11493987590074539,0.21257582306861877,-0.04074274003505707,-0.013533887453377247,0.12933006882667542
frame_002732.png,frame_002733.png,0.21352240443229675,0.09114641696214676,0.1712551862001419,-0.03532622382044792,0.021516740322113037,0.15861372649669647
frame_002733.png,frame_002734.png,0.2118149846792221,0.1016152873635292,0.1795828640460968,-0.07319541275501251,0.03619194030761719,0.12578682601451874
frame_002734.png,frame_002735.png,0.060588061809539795,0.0723227709531784,0.22409376502037048,-0.08313769847154617,0.023720748722553253,0.11161798238754272
frame_002735.png,frame_002736.png,-0.024455077946186066,0.06875843554735184,0.18570658564567566,-0.09387286007404327,0.007970398291945457,0.10336831212043762
frame_002736.png,frame_002737.png,0.028383687138557434,0.07733915001153946,0.10099656879901886,-0.0649203360080719,0.014125451445579529,0.097354456782341
frame_002737.png,frame_002738.png,0.0025962889194488525,0.08273588120937347,0.01850574091076851,-0.05862068757414818,0.019253019243478775,0.05009535700082779
frame_002738.png,frame_002739.png,-0.051163800060749054,0.060215599834918976,0.008072536438703537,-0.04671354964375496,0.004126747138798237,0.031162340193986893
frame_002739.png,frame_002740.png,-0.07344415038824081,0.0476272776722908,0.06410667300224304,-0.05835443735122681,0.002784312702715397,0.007418992929160595
frame_002740.png,frame_002741.png,-0.09512724727392197,0.036750130355358124,0.08149576187133789,-0.0704076737165451,0.004514947067946196,0.01171883661299944
frame_002741.png,frame_002742.png,-0.09162653237581253,0.03486448526382446,0.07300315797328949,-0.06785611808300018,0.01108674705028534,0.020991884171962738
frame_002742.png,frame_002743.png,-0.08296745270490646,0.036283113062381744,0.06617064774036407,-0.06476388871669769,0.018479283899068832,0.018835067749023438
frame_002743.png,frame_002744.png,-0.07112618535757065,0.031461603939533234,0.06484843790531158,-0.06967459619045258,0.022164788097143173,0.01463248860090971
frame_002744.png,frame_002745.png,-0.05926144868135452,0.03306768089532852,0.06963257491588593,-0.06910962611436844,0.024966560304164886,0.016001760959625244
frame_002745.png,frame_002746.png,-0.03989171236753464,0.03412890434265137,0.06824348866939545,-0.06494524329900742,0.023455098271369934,0.016408246010541916
frame_002746.png,frame_002747.png,-0.005486048758029938,0.04782415181398392,0.08103540539741516,-0.07788590341806412,0.021095704287290573,0.028499480336904526
frame_002747.png,frame_002748.png,0.05688893422484398,0.06806906312704086,0.10164962708950043,-0.08672753721475601,0.015372835099697113,0.048172395676374435
frame_002748.png,frame_002749.png,0.0804494321346283,0.08051339536905289,0.08173114061355591,-0.08873634040355682,0.005197650752961636,0.07750000059604645
frame_002749.png,frame_002750.png,0.08650265634059906,0.07689010351896286,0.08124496042728424,-0.06680023670196533,0.014446481131017208,0.09491237252950668
frame_002750.png,frame_002751.png,0.0652569904923439,0.08391071110963821,0.04339591786265373,-0.06182928383350372,0.027209196239709854,0.1056688129901886
frame_002751.png,frame_002752.png,0.041681330651044846,0.08435850590467453,0.0253872312605381,-0.05654671788215637,0.03619326278567314,0.08088714629411697
frame_002752.png,frame_002753.png,0.0026573985815048218,0.08178580552339554,0.055984657257795334,-0.06555921584367752,0.04071609675884247,0.05047095566987991
frame_002753.png,frame_002754.png,-0.02440091222524643,0.07253359258174896,0.07829587161540985,-0.07217755913734436,0.039134472608566284,0.05054868757724762
frame_002754.png,frame_002755.png,-0.03724803775548935,0.07431187480688095,0.08861801028251648,-0.0857594758272171,0.03149426728487015,0.057596318423748016
frame_002755.png,frame_002756.png,-0.050030313432216644,0.06981470435857773,0.09487305581569672,-0.09268641471862793,0.021776344627141953,0.0623067170381546
frame_002756.png,frame_002757.png,-0.06916146725416183,0.06681273877620697,0.10282616317272186,-0.07991880923509598,0.014464532025158405,0.06591001152992249
frame_002757.png,frame_002758.png,-0.07762805372476578,0.06803426891565323,0.10951288044452667,-0.07119505107402802,0.010098735801875591,0.06155948340892792
frame_002758.png,frame_002759.png,-0.06754908710718155,0.06883347779512405,0.12016679346561432,-0.07833882421255112,0.011262872256338596,0.054489120841026306
frame_002759.png,frame_002760.png,-0.039482481777668,0.07367206364870071,0.1316961646080017,-0.0913839191198349,0.013156329281628132,0.056422159075737
frame_002760.png,frame_002761.png,-0.014727480709552765,0.08055233955383301,0.14112594723701477,-0.10110455751419067,0.014754400588572025,0.06345172226428986
frame_002761.png,frame_002762.png,-0.02598470449447632,0.0788765549659729,0.13606038689613342,-0.10535145550966263,0.01898830384016037,0.05398888885974884
frame_002762.png,frame_002763.png,-0.06437664479017258,0.06447020918130875,0.10687479376792908,-0.08713234961032867,0.023904696106910706,0.03635447472333908
frame_002763.png,frame_002764.png,-0.0798858180642128,0.07374732941389084,0.07954731583595276,-0.06250211596488953,0.031436119228601456,0.01241155806928873
frame_002764.png,frame_002765.png,-0.07919817417860031,0.08183875679969788,0.056655917316675186,-0.03697880730032921,0.040211014449596405,0.017748188227415085
frame_002765.png,frame_002766.png,-0.07611150294542313,0.07374289631843567,0.02893907204270363,-0.03193163871765137,0.04506869614124298,0.039499327540397644
frame_002766.png,frame_002767.png,-0.06390092521905899,0.06618760526180267,0.003735702484846115,-0.032951802015304565,0.05091375857591629,0.04847109690308571
frame_002767.png,frame_002768.png,-0.04919954389333725,0.06210771203041077,-0.007915183901786804,-0.0337868295609951,0.056392230093479156,0.058558858931064606
frame_002768.png,frame_002769.png,-0.0373234823346138,0.05846220999956131,-0.012550652027130127,-0.03571818396449089,0.05687792971730232,0.06770668923854828
frame_002769.png,frame_002770.png,-0.028988376259803772,0.05743756145238876,-0.013957802206277847,-0.03282344341278076,0.05527232959866524,0.07823748141527176
frame_002770.png,frame_002771.png,-0.022119469940662384,0.06736169755458832,-0.008876178413629532,-0.039324525743722916,0.05227627232670784,0.0696142241358757
frame_002771.png,frame_002772.png,-0.029040522873401642,0.07532385736703873,0.0040939487516880035,-0.040651291608810425,0.04547093063592911,0.05512278527021408
frame_002772.png,frame_002773.png,-0.018530137836933136,0.07505824416875839,0.023871291428804398,-0.03782728686928749,0.04351219907402992,0.034379348158836365
frame_002773.png,frame_002774.png,0.028437450528144836,0.06612703949213028,0.03102126717567444,-0.01671687886118889,0.033890172839164734,0.052429746836423874
frame_002774.png,frame_002775.png,0.07660333067178726,0.07609209418296814,0.03884156048297882,-0.025796808302402496,0.017131086438894272,0.07220759987831116
frame_002775.png,frame_002776.png,0.15287652611732483,0.10035637766122818,0.047379788011312485,-0.02555108070373535,0.005042371340095997,0.07478906959295273
frame_002776.png,frame_002777.png,0.18256917595863342,0.11921463161706924,0.043582890182733536,-0.031100668013095856,-0.013091200031340122,0.086903877556324
frame_002777.png,frame_002778.png,0.20015613734722137,0.13088089227676392,0.03309329226613045,-0.015336907468736172,-0.012883731164038181,0.07675529271364212
frame_002778.png,frame_002779.png,0.18895116448402405,0.12813302874565125,0.036634594202041626,0.001793556846678257,-0.007535074837505817,0.0902915894985199
frame_002779.png,frame_002780.png,0.18749535083770752,0.12066397815942764,0.0622226856648922,0.01781158521771431,-0.010120284743607044,0.09344449639320374
frame_002780.png,frame_002781.png,0.1933261901140213,0.12117127329111099,0.09984272718429565,0.022132597863674164,-0.008099761791527271,0.09027722477912903
frame_002781.png,frame_002782.png,0.20155109465122223,0.11651714891195297,0.1395508199930191,0.021636396646499634,-0.0015174560248851776,0.08878449350595474
frame_002782.png,frame_002783.png,0.20866364240646362,0.1104326918721199,0.18145130574703217,0.02175729349255562,0.007093188352882862,0.09510426968336105
frame_002783.png,frame_002784.png,0.22085785865783691,0.10175435990095139,0.20310072600841522,0.018771369010210037,0.012625190429389477,0.08762659132480621
frame_002784.png,frame_002785.png,0.21912837028503418,0.08836796134710312,0.2084447741508484,0.012724214233458042,0.013171517290174961,0.07937420904636383
frame_002785.png,frame_002786.png,0.2181428074836731,0.08032456785440445,0.2170160412788391,0.0069101834669709206,0.016173578798770905,0.07913709431886673
frame_002786.png,frame_002787.png,0.19083276391029358,0.07665971666574478,0.23705121874809265,0.010801400057971478,0.012085538357496262,0.07240921258926392
frame_002787.png,frame_002788.png,0.16573825478553772,0.07060593366622925,0.24011382460594177,0.022055037319660187,0.012828316539525986,0.10982358455657959
frame_002788.png,frame_002789.png,0.19336336851119995,0.07558538019657135,0.2307073473930359,0.030125387012958527,0.025694243609905243,0.10757414996623993
frame_002789.png,frame_002790.png,0.2217179536819458,0.08041472733020782,0.23532694578170776,0.038014691323041916,0.035272810608148575,0.11195096373558044
frame_002790.png,frame_002791.png,0.23264899849891663,0.0957932099699974,0.2532202899456024,0.011567790992558002,0.036410171538591385,0.09709307551383972
frame_002791.png,frame_002792.png,0.2473698854446411,0.09057211130857468,0.23284050822257996,-0.005598197691142559,0.03470875322818756,0.09903383255004883
frame_002792.png,frame_002793.png,0.24709492921829224,0.0986296609044075,0.20025986433029175,-0.005987989716231823,0.027742110192775726,0.07694465667009354
frame_002793.png,frame_002794.png,0.24634292721748352,0.09486889094114304,0.18714922666549683,0.0007669189944863319,0.020765874534845352,0.07121191173791885
frame_002794.png,frame_002795.png,0.2519267797470093,0.08415847271680832,0.1875210404396057,0.00020978134125471115,0.01729731634259224,0.05662067234516144
frame_002795.png,frame_002796.png,0.2609630525112152,0.07797499001026154,0.1902458220720291,0.0012525739148259163,0.013838193379342556,0.058999158442020416
frame_002796.png,frame_002797.png,0.26288414001464844,0.06872494518756866,0.1867302656173706,0.00876383576542139,0.0123562877997756,0.058739565312862396
frame_002797.png,frame_002798.png,0.25830474495887756,0.06462755054235458,0.18889367580413818,0.015125450678169727,0.012456330470740795,0.06265097111463547
frame_002798.png,frame_002799.png,0.25089219212532043,0.06753440946340561,0.20212769508361816,0.009113256819546223,0.014411087147891521,0.06413721293210983
frame_002799.png,frame_002800.png,0.24482980370521545,0.06963632255792618,0.21534664928913116,0.007029819302260876,0.01338870357722044,0.06152749061584473
frame_002800.png,frame_002801.png,0.24394020438194275,0.06360332667827606,0.2094707041978836,0.007966437377035618,0.014403804205358028,0.05417622625827789
frame_002801.png,frame_002802.png,0.23960760235786438,0.04615483433008194,0.20553061366081238,0.012141627259552479,0.011801323853433132,0.04994506388902664
frame_002802.png,frame_002803.png,0.22172492742538452,0.03944633901119232,0.235100656747818,0.010266070254147053,0.012845574878156185,0.03673204779624939
frame_002803.png,frame_002804.png,0.2236824631690979,0.03219745308160782,0.2625882029533386,0.005272316746413708,0.013054543174803257,0.03360743075609207
frame_002804.png,frame_002805.png,0.2186114490032196,0.02507578581571579,0.2803405523300171,0.026711665093898773,0.014957134611904621,0.036464665085077286
frame_002805.png,frame_002806.png,0.20948225259780884,0.022552073001861572,0.2932640016078949,0.03503477945923805,0.021424636244773865,0.03461471572518349
frame_002806.png,frame_002807.png,0.1864890158176422,0.022230692207813263,0.29845818877220154,0.021109305322170258,0.026167497038841248,0.013731108047068119
frame_002807.png,frame_002808.png,0.1605299711227417,0.01882588118314743,0.3106384575366974,0.005593345500528812,0.027952972799539566,0.01016316656023264
frame_002808.png,frame_002809.png,0.1402878314256668,0.01339312270283699,0.3321079909801483,-0.016506053507328033,0.02631259337067604,0.01006286684423685
frame_002809.png,frame_002810.png,0.1186983734369278,0.009181138128042221,0.3440094292163849,-0.03638226166367531,0.027012161910533905,0.0026382962241768837
frame_002810.png,frame_002811.png,0.09917222708463669,0.013899344950914383,0.3467698395252228,-0.04983735457062721,0.02179410308599472,0.0054404595866799355
frame_002811.png,frame_002812.png,0.08475159853696823,0.0182795487344265,0.34556591510772705,-0.052933160215616226,0.021098369732499123,0.007514038123190403
frame_002812.png,frame_002813.png,0.07605001330375671,0.022397302091121674,0.34345486760139465,-0.055592622607946396,0.02017960324883461,0.005479947663843632
frame_002813.png,frame_002814.png,0.07679792493581772,0.023780688643455505,0.33554530143737793,-0.054495759308338165,0.019046183675527573,0.002559409476816654
frame_002814.png,frame_002815.png,0.08671651035547256,0.023590631783008575,0.32574471831321716,-0.05019447207450867,0.018096523359417915,0.0023730630055069923
frame_002815.png,frame_002816.png,0.10460096597671509,0.018925249576568604,0.3178202211856842,-0.04999752342700958,0.018401846289634705,0.0002786824479699135
frame_002816.png,frame_002817.png,0.12484537810087204,0.015288639813661575,0.3140803873538971,-0.05107668414711952,0.01580377295613289,0.0005887458100914955
frame_002817.png,frame_002818.png,0.15091925859451294,0.014030762016773224,0.31253793835639954,-0.047072771936655045,0.014787799678742886,0.0011844867840409279
frame_002818.png,frame_002819.png,0.16920945048332214,0.01346052810549736,0.3162456452846527,-0.04528467357158661,0.013901217840611935,-0.0023074569180607796
frame_002819.png,frame_002820.png,0.18366923928260803,0.012207437306642532,0.31443920731544495,-0.04208822175860405,0.01416908297687769,-0.006994918920099735
frame_002820.png,frame_002821.png,0.1928071677684784,0.01645786687731743,0.3205115497112274,-0.037957578897476196,0.011624705977737904,-0.005120080895721912
frame_002821.png,frame_002822.png,0.19191604852676392,0.020064059644937515,0.3411414325237274,-0.036964789032936096,0.010455858893692493,-0.0084378095343709
frame_002822.png,frame_002823.png,0.18195977807044983,0.02154231071472168,0.3675410747528076,-0.035138145089149475,0.011018677614629269,-0.008366371504962444
frame_002823.png,frame_002824.png,0.17316380143165588,0.027343250811100006,0.3924339711666107,-0.027481675148010254,0.01117174793034792,-0.0023566959425807
frame_002824.png,frame_002825.png,0.16370460391044617,0.031176090240478516,0.40920141339302063,-0.030867960304021835,0.009667950682342052,-0.00035922881215810776
frame_002825.png,frame_002826.png,0.14998050034046173,0.04346224665641785,0.42223015427589417,-0.04623047262430191,0.014336972497403622,-0.015467560850083828
frame_002826.png,frame_002827.png,0.1372395157814026,0.060896582901477814,0.43627604842185974,-0.04913622513413429,0.016373729333281517,-0.017267629504203796
frame_002827.png,frame_002828.png,0.10546234250068665,0.06024223566055298,0.45300617814064026,-0.04774528741836548,0.01511115301400423,-0.007829374633729458
frame_002828.png,frame_002829.png,0.10604244470596313,0.0556078776717186,0.43706685304641724,-0.02073567360639572,0.01230583991855383,0.00301362294703722
frame_002829.png,frame_002830.png,0.12557533383369446,0.0560302808880806,0.421507865190506,0.0015759384259581566,0.012687120586633682,0.010032054968178272
frame_002830.png,frame_002831.png,0.1346801221370697,0.05405084043741226,0.40731826424598694,0.011460545472800732,0.019375815987586975,-0.006008907221257687
frame_002831.png,frame_002832.png,0.13022372126579285,0.04641781002283096,0.4149352014064789,0.021689366549253464,0.024277660995721817,-0.01042416226118803
frame_002832.png,frame_002833.png,0.13739566504955292,0.029522471129894257,0.42011120915412903,0.020687885582447052,0.03443058207631111,-0.016080420464277267
frame_002833.png,frame_002834.png,0.14550799131393433,0.016073934733867645,0.43509671092033386,0.022779565304517746,0.03632019832730293,-0.014037183485925198
frame_002834.png,frame_002835.png,0.14282472431659698,0.006907325237989426,0.44885626435279846,0.020438391715288162,0.03510908782482147,-0.006580456160008907
frame_002835.png,frame_002836.png,0.13671348989009857,0.0031534135341644287,0.4638703763484955,0.012852164916694164,0.030251748859882355,-0.0012440076097846031
frame_002836.png,frame_002837.png,0.1422305852174759,0.002218276262283325,0.4694325029850006,0.003923029638826847,0.02834039181470871,-0.004594764672219753
frame_002837.png,frame_002838.png,0.15354976058006287,0.0038954652845859528,0.46657755970954895,-0.003414223901927471,0.022075437009334564,0.00015123654156923294
frame_002838.png,frame_002839.png,0.16326555609703064,0.004859335720539093,0.45971664786338806,-0.012881766073405743,0.01981549710035324,0.00809375662356615
frame_002839.png,frame_002840.png,0.16681522130966187,0.005305066704750061,0.4564449191093445,-0.019491787999868393,0.018302395939826965,0.010630943812429905
frame_002840.png,frame_002841.png,0.1671731173992157,0.007204342633485794,0.46125301718711853,-0.017782166600227356,0.019667886197566986,0.008929173462092876
frame_002841.png,frame_002842.png,0.16360780596733093,0.008901689201593399,0.4674210548400879,-0.02063559740781784,0.01926397904753685,0.009020072408020496
frame_002842.png,frame_002843.png,0.15795978903770447,0.011925898492336273,0.46736806631088257,-0.020075399428606033,0.019361037760972977,0.013119322247803211
frame_002843.png,frame_002844.png,0.15236040949821472,0.016868561506271362,0.46802476048469543,-0.01985422894358635,0.01861676201224327,0.014764142222702503
frame_002844.png,frame_002845.png,0.14972403645515442,0.025066211819648743,0.46374791860580444,-0.021451111882925034,0.02143711969256401,0.0248166024684906
frame_002845.png,frame_002846.png,0.16058465838432312,0.025859855115413666,0.4502473473548889,-0.020871564745903015,0.024207957088947296,0.03492670878767967
frame_002846.png,frame_002847.png,0.17006902396678925,0.022345468401908875,0.4437865912914276,-0.01202638540416956,0.026604972779750824,0.03617183119058609
frame_002847.png,frame_002848.png,0.17186209559440613,0.014332331717014313,0.45093145966529846,-0.004553741775453091,0.02934897318482399,0.03722216188907623
frame_002848.png,frame_002849.png,0.17526844143867493,0.0064366720616817474,0.45849987864494324,0.0037652095779776573,0.03391391038894653,0.03968089446425438
frame_002849.png,frame_002850.png,0.17694450914859772,0.0009390786290168762,0.46106404066085815,0.011710788123309612,0.037130407989025116,0.04200831428170204
frame_002850.png,frame_002851.png,0.17675739526748657,-0.003659117966890335,0.4589124023914337,0.019813090562820435,0.03916168957948685,0.044460393488407135
frame_002851.png,frame_002852.png,0.17874771356582642,-0.006139088422060013,0.4572483003139496,0.02543916553258896,0.04076056927442551,0.04707491397857666
frame_002852.png,frame_002853.png,0.1792874038219452,-0.0029472261667251587,0.4556433856487274,0.024934787303209305,0.03957877308130264,0.05018797144293785
frame_002853.png,frame_002854.png,0.17107486724853516,0.004794135689735413,0.4572148621082306,0.0242045596241951,0.03804873675107956,0.05353924632072449
frame_002854.png,frame_002855.png,0.1813761591911316,0.014977708458900452,0.46444806456565857,0.020464248955249786,0.023998893797397614,0.058959364891052246
frame_002855.png,frame_002856.png,0.2016337513923645,0.02541802078485489,0.45443692803382874,0.029242876917123795,0.010278935544192791,0.0636308342218399
frame_002856.png,frame_002857.png,0.20350199937820435,0.03752189129590988,0.47142258286476135,0.039270758628845215,0.0020571472123265266,0.06714439392089844
frame_002857.png,frame_002858.png,0.20522770285606384,0.04661019891500473,0.4709860384464264,0.038232721388339996,0.004348345100879669,0.06704530119895935
frame_002858.png,frame_002859.png,0.2030559778213501,0.06533462554216385,0.42237216234207153,0.022639818489551544,0.004329392686486244,0.0755472406744957
frame_002859.png,frame_002860.png,0.17754292488098145,0.07550429552793503,0.4005054533481598,0.024893317371606827,-0.0008073737844824791,0.10220804810523987
frame_002860.png,frame_002861.png,0.19657962024211884,0.0888490155339241,0.38841870427131653,0.030741333961486816,-0.0019548218697309494,0.08682039380073547
frame_002861.png,frame_002862.png,0.23039549589157104,0.09048958867788315,0.34942731261253357,0.035354793071746826,-0.0039075082167983055,0.07347242534160614
frame_002862.png,frame_002863.png,0.2289312481880188,0.08723024278879166,0.3651953339576721,0.003194130025804043,-0.015678398311138153,0.06484449654817581
frame_002863.png,frame_002864.png,0.2240387499332428,0.07052678614854813,0.3729887306690216,-0.008282212540507317,-0.01894223690032959,0.06546513736248016
frame_002864.png,frame_002865.png,0.2135297954082489,0.053543590009212494,0.3787793219089508,-0.0077822245657444,-0.023638218641281128,0.07287739217281342
frame_002865.png,frame_002866.png,0.21673470735549927,0.06202951818704605,0.3821978271007538,0.0007525179535150528,-0.027984313666820526,0.08875465393066406
frame_002866.png,frame_002867.png,0.22660723328590393,0.07054305821657181,0.38048896193504333,0.0012401752173900604,-0.027682114392518997,0.1097354143857956
frame_002867.png,frame_002868.png,0.24214068055152893,0.07512092590332031,0.3436899185180664,0.0026024924591183662,-0.028173834085464478,0.11707091331481934
frame_002868.png,frame_002869.png,0.2677108943462372,0.09578750282526016,0.32507380843162537,0.0011543892323970795,-0.02473945915699005,0.10448842495679855
frame_002869.png,frame_002870.png,0.2511036992073059,0.11886710673570633,0.33562296628952026,0.020609963685274124,-0.013500421307981014,0.07889072597026825
frame_002870.png,frame_002871.png,0.2538018822669983,0.10320695489645004,0.28574010729789734,0.014502995647490025,-0.020731501281261444,0.11579599976539612
frame_002871.png,frame_002872.png,0.2480643093585968,0.08524418622255325,0.2232556939125061,0.017796695232391357,-0.017811443656682968,0.11756299436092377
frame_002872.png,frame_002873.png,0.24954509735107422,0.08403695374727249,0.16159075498580933,0.025604531168937683,-0.010256274603307247,0.11274689435958862
frame_002873.png,frame_002874.png,0.26653382182121277,0.0866604670882225,0.10856187343597412,0.034812480211257935,-0.010533795692026615,0.08183182775974274
frame_002874.png,frame_002875.png,0.2522958517074585,0.08209966868162155,0.08737821877002716,0.049343883991241455,-0.01941976696252823,0.07834259420633316
frame_002875.png,frame_002876.png,0.2577591836452484,0.08187601715326309,0.05791258439421654,0.039060309529304504,-0.021643266081809998,0.08359048515558243
frame_002876.png,frame_002877.png,0.27390339970588684,0.07866672426462173,0.04330386593937874,0.014273622073233128,-0.01652597263455391,0.10069675743579865
frame_002877.png,frame_002878.png,0.2763776481151581,0.08155173808336258,0.04497798904776573,0.004764002747833729,-0.007820111699402332,0.12553420662879944
frame_002878.png,frame_002879.png,0.2966151237487793,0.085955910384655,0.046518441289663315,0.01055543590337038,0.004316183738410473,0.15103009343147278
frame_002879.png,frame_002880.png,0.3039366900920868,0.08318952471017838,0.04189828410744667,0.01840178668498993,0.012438113801181316,0.16929122805595398
frame_002880.png,frame_002881.png,0.30427834391593933,0.0804675817489624,0.03989333286881447,0.018884606659412384,0.018597394227981567,0.1704438179731369
frame_002881.png,frame_002882.png,0.3050061762332916,0.07688511162996292,0.04096483811736107,0.01792919635772705,0.02243339642882347,0.17124423384666443
frame_002882.png,frame_002883.png,0.30453941226005554,0.07314884662628174,0.040061209350824356,0.014758625067770481,0.024461347609758377,0.1743994951248169
frame_002883.png,frame_002884.png,0.30658766627311707,0.07071997970342636,0.04329444840550423,0.011522234417498112,0.02371884509921074,0.17516827583312988
frame_002884.png,frame_002885.png,0.31098535656929016,0.06676105409860611,0.048394810408353806,0.009521530009806156,0.020162910223007202,0.1755223274230957
frame_002885.png,frame_002886.png,0.30987605452537537,0.06637147814035416,0.04654603824019432,0.008679267950356007,0.017430312931537628,0.17308253049850464
frame_002886.png,frame_002887.png,0.30335572361946106,0.06805644184350967,0.04795435443520546,0.006828040815889835,0.012319513596594334,0.16399550437927246
frame_002887.png,frame_002888.png,0.3013169467449188,0.06714623421430588,0.057334307581186295,0.004527267999947071,0.012177783064544201,0.15210404992103577
frame_002888.png,frame_002889.png,0.3060692548751831,0.06391327828168869,0.06296046078205109,0.008847338147461414,0.011951789259910583,0.14134755730628967
frame_002889.png,frame_002890.png,0.30882057547569275,0.06233669072389603,0.06800492107868195,0.013093465007841587,0.01093806978315115,0.13248512148857117
frame_002890.png,frame_002891.png,0.30720752477645874,0.06190081685781479,0.0776529461145401,0.015814252197742462,0.0090870950371027,0.12276861071586609
frame_002891.png,frame_002892.png,0.30976247787475586,0.06128843128681183,0.08406937122344971,0.019184160977602005,0.0069089531898498535,0.11750587821006775
frame_002892.png,frame_002893.png,0.31092962622642517,0.06186678260564804,0.08916705846786499,0.02242971956729889,0.005212508141994476,0.1145169734954834
frame_002893.png,frame_002894.png,0.3133080005645752,0.061469562351703644,0.09291376173496246,0.023640062659978867,0.0024368297308683395,0.1217975914478302
frame_002894.png,frame_002895.png,0.31336653232574463,0.06544023007154465,0.09578685462474823,0.028408389538526535,0.0007465928792953491,0.12662211060523987
frame_002895.png,frame_002896.png,0.305865615606308,0.06815993040800095,0.10389775037765503,0.030374664813280106,0.003004922531545162,0.13038203120231628
frame_002896.png,frame_002897.png,0.302371621131897,0.06949209421873093,0.11644308269023895,0.03538438677787781,0.005006064660847187,0.13204747438430786
frame_002897.png,frame_002898.png,0.3125889003276825,0.06769115477800369,0.11266033351421356,0.039833664894104004,0.007073529995977879,0.1366264522075653
frame_002898.png,frame_002899.png,0.3319913148880005,0.06602989137172699,0.09174597263336182,0.051300257444381714,0.006998657248914242,0.12499402463436127
frame_002899.png,frame_002900.png,0.3311680257320404,0.0731363371014595,0.11256055533885956,0.057792581617832184,0.008981703780591488,0.11349519342184067
frame_002900.png,frame_002901.png,0.3146882951259613,0.06439013034105301,0.12956586480140686,0.051885925233364105,0.009189045988023281,0.11718064546585083
frame_002901.png,frame_002902.png,0.29702574014663696,0.06180844455957413,0.13798049092292786,0.050313953310251236,0.008584673516452312,0.11077187955379486
frame_002902.png,frame_002903.png,0.2812102138996124,0.0638728216290474,0.12743817269802094,0.05413556843996048,0.00837091263383627,0.09530529379844666
frame_002903.png,frame_002904.png,0.27844271063804626,0.06716278940439224,0.1134885847568512,0.056629329919815063,0.0077242860570549965,0.077290378510952
frame_002904.png,frame_002905.png,0.28196635842323303,0.0725933164358139,0.10467199981212616,0.05958881229162216,0.005929551087319851,0.06139640510082245
frame_002905.png,frame_002906.png,0.28320813179016113,0.07443094253540039,0.09613187611103058,0.06212274730205536,0.003665725700557232,0.05342847853899002
frame_002906.png,frame_002907.png,0.2838819622993469,0.07154467701911926,0.09170842170715332,0.06535892188549042,0.0020414693281054497,0.04975514113903046
frame_002907.png,frame_002908.png,0.28255051374435425,0.06863368302583694,0.08964331448078156,0.06648954749107361,0.0030656447634100914,0.047502025961875916
frame_002908.png,frame_002909.png,0.282317191362381,0.06399108469486237,0.0919329822063446,0.06597941368818283,0.006645395420491695,0.046432074159383774
frame_002909.png,frame_002910.png,0.2737365961074829,0.05876801162958145,0.09907549619674683,0.06121759116649628,0.009649365209043026,0.049738261848688126
frame_002910.png,frame_002911.png,0.26288875937461853,0.05763757973909378,0.10913647711277008,0.06261391937732697,0.00872827973216772,0.05778028815984726
frame_002911.png,frame_002912.png,0.24910810589790344,0.052691809833049774,0.1105169951915741,0.059294193983078,0.006694185547530651,0.06235408037900925
frame_002912.png,frame_002913.png,0.25281772017478943,0.04730804264545441,0.131438747048378,0.06865845620632172,0.007953415624797344,0.05948870629072189
frame_002913.png,frame_002914.png,0.26313772797584534,0.04986869543790817,0.18359440565109253,0.0725330114364624,0.014099807478487492,0.06774641573429108
frame_002914.png,frame_002915.png,0.2697884440422058,0.04046567529439926,0.21685391664505005,0.05527835339307785,0.009256119839847088,0.07490617036819458
frame_002915.png,frame_002916.png,0.2777167856693268,0.05281335115432739,0.24476811289787292,0.041825488209724426,0.006775016896426678,0.0721970945596695
frame_002916.png,frame_002917.png,0.2755398154258728,0.05603349208831787,0.2646312713623047,0.053910400718450546,0.004064380191266537,0.08519138395786285
frame_002917.png,frame_002918.png,0.26673224568367004,0.055640630424022675,0.27438756823539734,0.04959911108016968,0.006566931493580341,0.11318652331829071
frame_002918.png,frame_002919.png,0.2752477526664734,0.054276242852211,0.2767355740070343,0.031808800995349884,0.014834252186119556,0.13648277521133423
frame_002919.png,frame_002920.png,0.29336127638816833,0.05755249410867691,0.2436191439628601,0.030676361173391342,0.021118994802236557,0.13883155584335327
frame_002920.png,frame_002921.png,0.3016379773616791,0.06047632545232773,0.1922876238822937,0.034939058125019073,0.022290004417300224,0.13709411025047302
frame_002921.png,frame_002922.png,0.30738365650177,0.06453488767147064,0.14443185925483704,0.0377880334854126,0.017360080033540726,0.14991000294685364
frame_002922.png,frame_002923.png,0.30454209446907043,0.06525950133800507,0.09813995659351349,0.03692140802741051,0.013431700877845287,0.1702367067337036
frame_002923.png,frame_002924.png,0.2989148497581482,0.07629112899303436,0.06785604357719421,0.03528769314289093,0.011049996130168438,0.17363013327121735
frame_002924.png,frame_002925.png,0.306722491979599,0.08065774291753769,0.05645964667201042,0.04038221389055252,0.019970208406448364,0.17694754898548126
frame_002925.png,frame_002926.png,0.30678942799568176,0.0807974562048912,0.0685967206954956,0.05016852915287018,0.017486531287431717,0.14900708198547363
frame_002926.png,frame_002927.png,0.2785632312297821,0.08341110497713089,0.1015050858259201,0.04215836524963379,0.010536336340010166,0.11641958355903625
frame_002927.png,frame_002928.png,0.22767743468284607,0.09886614233255386,0.12811237573623657,0.023550577461719513,0.006134731229394674,0.10026134550571442
frame_002928.png,frame_002929.png,0.24936211109161377,0.09384337812662125,0.10838243365287781,0.003953651525080204,0.014655177481472492,0.11856144666671753
frame_002929.png,frame_002930.png,0.2842976450920105,0.09158904105424881,0.03986940160393715,0.030066940933465958,0.00788410659879446,0.1060386449098587
frame_002930.png,frame_002931.png,0.25012749433517456,0.07759533822536469,0.07763797044754028,-0.014829921536147594,0.021173331886529922,0.12761658430099487
frame_002931.png,frame_002932.png,0.2562781572341919,0.09395413845777512,0.09785078465938568,0.0009331079199910164,0.01030180137604475,0.11944493651390076
frame_002932.png,frame_002933.png,0.20506206154823303,0.09397830814123154,0.14221903681755066,-0.0038500046357512474,0.008971569128334522,0.09469626843929291
frame_002933.png,frame_002934.png,0.16858132183551788,0.08371216803789139,0.18463025987148285,0.011931705288589,-0.0028040101751685143,0.1153249517083168
frame_002934.png,frame_002935.png,0.15135350823402405,0.08077254891395569,0.2181541621685028,0.02023032307624817,-0.010449673049151897,0.10720416903495789
frame_002935.png,frame_002936.png,0.14252030849456787,0.07192347198724747,0.23633798956871033,0.028085477650165558,-0.0142826484516263,0.10273148119449615
frame_002936.png,frame_002937.png,0.12504422664642334,0.067444808781147,0.24101778864860535,0.026440829038619995,-0.02231024205684662,0.10021472722291946
frame_002937.png,frame_002938.png,0.10787531733512878,0.07433409988880157,0.25607842206954956,0.019922729581594467,-0.025985486805438995,0.11053431034088135
frame_002938.png,frame_002939.png,0.133898064494133,0.07181506603956223,0.23258623480796814,0.04617222771048546,-0.014916968531906605,0.13469238579273224
frame_002939.png,frame_002940.png,0.14465481042861938,0.06621722131967545,0.22164009511470795,0.04157816246151924,0.001332155428826809,0.14973510801792145
frame_002940.png,frame_002941.png,0.17650547623634338,0.08298807591199875,0.19267705082893372,0.007984229363501072,0.000585394911468029,0.12499557435512543
frame_002941.png,frame_002942.png,0.1879921704530716,0.0979703739285469,0.17922797799110413,0.0011008651927113533,-0.0040015652775764465,0.11816346645355225
frame_002942.png,frame_002943.png,0.20573100447654724,0.11004633456468582,0.15842771530151367,-1.0542571544647217e-05,-0.0027627767994999886,0.09930943697690964
frame_002943.png,frame_002944.png,0.19116920232772827,0.10958615690469742,0.16942530870437622,0.014645506627857685,0.005709902383387089,0.10043792426586151
frame_002944.png,frame_002945.png,0.1782160997390747,0.10843566805124283,0.1729394793510437,0.040746044367551804,0.0036836741492152214,0.10739462077617645
frame_002945.png,frame_002946.png,0.18374399840831757,0.10813207179307938,0.17065754532814026,0.05193062499165535,0.0037335073575377464,0.0779370442032814
frame_002946.png,frame_002947.png,0.21882033348083496,0.1042494848370552,0.15483884513378143,0.05400580167770386,0.0005143610760569572,0.08766710013151169
frame_002947.png,frame_002948.png,0.22392553091049194,0.10277769714593887,0.15089482069015503,0.05104244500398636,-8.579250425100327e-05,0.1091669350862503
frame_002948.png,frame_002949.png,0.21958452463150024,0.09121713787317276,0.15149915218353271,0.0464840829372406,0.0018533756956458092,0.1220254898071289
frame_002949.png,frame_002950.png,0.19947853684425354,0.10024694353342056,0.15106843411922455,0.037851735949516296,0.005638839676976204,0.12712138891220093
frame_002950.png,frame_002951.png,0.2046019732952118,0.10482459515333176,0.12622477114200592,0.037969090044498444,-0.004939724691212177,0.12246525287628174
frame_002951.png,frame_002952.png,0.23772397637367249,0.10820508748292923,0.08373679220676422,0.04276914894580841,-0.012293421663343906,0.11259900033473969
frame_002952.png,frame_002953.png,0.2763524353504181,0.09837431460618973,0.06291824579238892,0.03354611247777939,-0.0048950063064694405,0.13121311366558075
frame_002953.png,frame_002954.png,0.30714479088783264,0.09731967002153397,0.0225076861679554,0.027382608503103256,-0.0008825631812214851,0.14459004998207092
frame_002954.png,frame_002955.png,0.3346083462238312,0.08789422363042831,-0.0011114366352558136,0.010246478952467442,0.00037399958819150925,0.170293390750885
frame_002955.png,frame_002956.png,0.32995277643203735,0.0835929587483406,0.0329078771173954,0.005853702314198017,-0.008546975441277027,0.16698786616325378
frame_002956.png,frame_002957.png,0.3346388339996338,0.07831910252571106,0.03282642364501953,0.02181960642337799,-0.007247925736010075,0.1626313030719757
frame_002957.png,frame_002958.png,0.3198908269405365,0.07521606236696243,0.012116994708776474,0.049411285668611526,0.014557491056621075,0.12433752417564392
frame_002958.png,frame_002959.png,0.3233497440814972,0.07021953910589218,-0.012085530906915665,0.06542813032865524,0.027434390038251877,0.10504566878080368
frame_002959.png,frame_002960.png,0.32243242859840393,0.07028158754110336,-0.028001118451356888,0.06676891446113586,0.02567322924733162,0.0974862203001976
frame_002960.png,frame_002961.png,0.30683907866477966,0.06516717374324799,-0.04189133271574974,0.06156393885612488,0.01266875397413969,0.08670924603939056
frame_002961.png,frame_002962.png,0.33731070160865784,0.06350743025541306,-0.03439870849251747,0.049761489033699036,0.009711048565804958,0.08263613283634186
frame_002962.png,frame_002963.png,0.35662606358528137,0.07339780777692795,-0.02104877308011055,0.029731865972280502,-0.004126640968024731,0.08159153163433075
frame_002963.png,frame_002964.png,0.33520904183387756,0.07178350538015366,0.03657400608062744,0.02669108659029007,-0.021670758724212646,0.09076812863349915
frame_002964.png,frame_002965.png,0.3371722400188446,0.09018119424581528,0.09184761345386505,0.02797844260931015,-0.02235659956932068,0.10657550394535065
frame_002965.png,frame_002966.png,0.3363642990589142,0.1032220795750618,0.12215159833431244,0.016050387173891068,-0.018828079104423523,0.11564332246780396
frame_002966.png,frame_002967.png,0.3423016369342804,0.10795191675424576,0.1304657757282257,0.015523632057011127,-0.008775685913860798,0.11155194044113159
frame_002967.png,frame_002968.png,0.33947011828422546,0.11616789549589157,0.1367327868938446,0.019505534321069717,-0.002173277549445629,0.08858755975961685
frame_002968.png,frame_002969.png,0.3450741469860077,0.11806037276983261,0.13987892866134644,0.027289971709251404,-0.0005174046382308006,0.09666471183300018
frame_002969.png,frame_002970.png,0.34465596079826355,0.1150900200009346,0.16311556100845337,0.027468398213386536,-0.004778227768838406,0.1094929575920105
frame_002970.png,frame_002971.png,0.3489017188549042,0.1143316850066185,0.16694992780685425,0.02212892845273018,-0.011091387830674648,0.11459596455097198
frame_002971.png,frame_002972.png,0.35094699263572693,0.11583971232175827,0.15701429545879364,0.02188287302851677,-0.01692788302898407,0.10432411730289459
frame_002972.png,frame_002973.png,0.35051777958869934,0.11612258106470108,0.1456615924835205,0.024988718330860138,-0.020926088094711304,0.09872326254844666
frame_002973.png,frame_002974.png,0.34892523288726807,0.1177494004368782,0.13533960282802582,0.02517540007829666,-0.023250475525856018,0.09565763920545578
frame_002974.png,frame_002975.png,0.3495272397994995,0.11773288995027542,0.1316651552915573,0.029499467462301254,-0.02613409236073494,0.09885784238576889
frame_002975.png,frame_002976.png,0.3521687686443329,0.11391504853963852,0.12834236025810242,0.03594885766506195,-0.029296301305294037,0.10539057850837708
frame_002976.png,frame_002977.png,0.35762420296669006,0.11345913261175156,0.12960664927959442,0.037950851023197174,-0.02701345831155777,0.10936833918094635
frame_002977.png,frame_002978.png,0.3613152801990509,0.11740469187498093,0.13095775246620178,0.02862628549337387,-0.021930333226919174,0.10490797460079193
frame_002978.png,frame_002979.png,0.36143550276756287,0.12786853313446045,0.13218364119529724,0.01438512746244669,-0.016493991017341614,0.09719783067703247
frame_002979.png,frame_002980.png,0.3735423982143402,0.1377372443675995,0.14152215421199799,0.01953199878334999,-0.014357945881783962,0.08961266279220581
frame_002980.png,frame_002981.png,0.3778240978717804,0.13481953740119934,0.13418258726596832,0.04040133208036423,-0.022250771522521973,0.09790825098752975
frame_002981.png,frame_002982.png,0.3722703158855438,0.13064152002334595,0.115658238530159,0.045477207750082016,-0.022478174418210983,0.11294175684452057
frame_002982.png,frame_002983.png,0.35856151580810547,0.1292840540409088,0.11697182059288025,0.037927597761154175,-0.022160042077302933,0.11573633551597595
frame_002983.png,frame_002984.png,0.3430546820163727,0.13121649622917175,0.12787200510501862,0.0284089595079422,-0.02047116681933403,0.11679434776306152
frame_002984.png,frame_002985.png,0.3452460467815399,0.13531139492988586,0.13505423069000244,0.021901119500398636,-0.016967017203569412,0.1161569356918335
frame_002985.png,frame_002986.png,0.35891884565353394,0.13053718209266663,0.13854986429214478,0.012574431486427784,-0.008515938185155392,0.11815781891345978
frame_002986.png,frame_002987.png,0.3571510314941406,0.11984918266534805,0.1335667371749878,0.0321982204914093,0.006591624580323696,0.10726462304592133
frame_002987.png,frame_002988.png,0.3255355954170227,0.09803356975317001,0.14932988584041595,0.03325884789228439,0.004161912016570568,0.1353875696659088
frame_002988.png,frame_002989.png,0.3072589039802551,0.09664305299520493,0.16124330461025238,0.02029642090201378,-0.01136236172169447,0.12349563837051392
frame_002989.png,frame_002990.png,0.28676921129226685,0.08629249781370163,0.1534091830253601,-0.01504830177873373,-0.01715588942170143,0.11115401983261108
frame_002990.png,frame_002991.png,0.279825896024704,0.09335286170244217,0.16518135368824005,-0.04092364385724068,-0.026846453547477722,0.12089668214321136
frame_002991.png,frame_002992.png,0.27036699652671814,0.09799081832170486,0.1792931705713272,-0.04816600680351257,-0.036633074283599854,0.13797226548194885
frame_002992.png,frame_002993.png,0.24791577458381653,0.11636624485254288,0.2473563253879547,-0.03095749393105507,-0.027708232402801514,0.1429082304239273
frame_002993.png,frame_002994.png,0.261299192905426,0.11240679770708084,0.2497701346874237,-0.03410216048359871,-0.016642790287733078,0.13428205251693726
frame_002994.png,frame_002995.png,0.23318088054656982,0.11456792801618576,0.22617676854133606,-0.0393795445561409,-0.02443993091583252,0.11391767114400864
frame_002995.png,frame_002996.png,0.26324817538261414,0.11076744645833969,0.15291641652584076,-0.015289098024368286,-0.029885049909353256,0.1004142165184021
frame_002996.png,frame_002997.png,0.26837143301963806,0.10517681390047073,0.11821472644805908,-0.023434851318597794,-0.03311002254486084,0.09176336228847504
frame_002997.png,frame_002998.png,0.2884216010570526,0.10227368026971817,0.09607698023319244,-0.01781541481614113,-0.03321894258260727,0.08110228180885315
frame_002998.png,frame_002999.png,0.31562915444374084,0.1033531203866005,0.07914818823337555,-0.006630248390138149,-0.024484679102897644,0.06787146627902985
frame_002999.png,frame_003000.png,0.3491276502609253,0.10012166947126389,0.09007151424884796,-0.005278781056404114,-0.014978894032537937,0.06876146793365479
frame_003000.png,frame_003001.png,0.36757853627204895,0.09705879539251328,0.11852781474590302,-0.013590416871011257,-0.007889446802437305,0.0772179514169693
frame_003001.png,frame_003002.png,0.37827879190444946,0.09081485122442245,0.1325155347585678,-0.033324290066957474,-0.002773475833237171,0.07537512481212616
frame_003002.png,frame_003003.png,0.35983362793922424,0.08888993412256241,0.12494179606437683,-0.03793182969093323,-0.019011419266462326,0.0755959004163742
frame_003003.png,frame_003004.png,0.3654874265193939,0.089222751557827,0.12311933934688568,-0.017803819850087166,-0.03182877600193024,0.08577972650527954
frame_003004.png,frame_003005.png,0.3374095857143402,0.09874963015317917,0.1518235206604004,-0.038320351392030716,-0.03652403503656387,0.08076296746730804
frame_003005.png,frame_003006.png,0.3529154360294342,0.10418752580881119,0.14345984160900116,-0.04680158942937851,-0.02906484156847,0.06645462661981583
frame_003006.png,frame_003007.png,0.35689616203308105,0.10527441650629044,0.11263725161552429,-0.03271377459168434,-0.022135913372039795,0.040808726102113724
frame_003007.png,frame_003008.png,0.3369125425815582,0.10046345740556717,0.1236596405506134,-0.03270497918128967,-0.018917128443717957,0.033898256719112396
frame_003008.png,frame_003009.png,0.32633471488952637,0.09455985575914383,0.12781788408756256,-0.04470531642436981,-0.01808854565024376,0.02148466557264328
frame_003009.png,frame_003010.png,0.2869919240474701,0.09752330929040909,0.14877226948738098,-0.0657324269413948,-0.027278054505586624,0.005057240836322308
frame_003010.png,frame_003011.png,0.24889332056045532,0.10947052389383316,0.1660967767238617,-0.07264572381973267,-0.02740050107240677,-0.019559789448976517
frame_003011.png,frame_003012.png,0.21881097555160522,0.11489150673151016,0.1835947036743164,-0.05991971492767334,-0.023443374782800674,-0.0251971073448658
frame_003012.png,frame_003013.png,0.2063904106616974,0.1221674308180809,0.18427473306655884,-0.05087827891111374,-0.020447198301553726,-0.016573991626501083
frame_003013.png,frame_003014.png,0.19666969776153564,0.12929531931877136,0.17574411630630493,-0.0457906536757946,-0.016927525401115417,-0.019480429589748383
frame_003014.png,frame_003015.png,0.20131778717041016,0.12951034307479858,0.17030474543571472,-0.039624832570552826,-0.014353114180266857,-0.021613791584968567
frame_003015.png,frame_003016.png,0.20361962914466858,0.12996599078178406,0.17152750492095947,-0.03766029328107834,-0.015323278494179249,-0.022857824340462685
frame_003016.png,frame_003017.png,0.20105546712875366,0.12538236379623413,0.17115658521652222,-0.03233901783823967,-0.01627987250685692,-0.02091268263757229
frame_003017.png,frame_003018.png,0.17335815727710724,0.12563568353652954,0.18993358314037323,-0.042566344141960144,-0.01840367540717125,-0.014786286279559135
frame_003018.png,frame_003019.png,0.1546471118927002,0.12189770489931107,0.21561463177204132,-0.04996617138385773,-0.01643306389451027,-0.012984352186322212
frame_003019.png,frame_003020.png,0.13545353710651398,0.11402647942304611,0.23864266276359558,-0.05590742081403732,-0.01497854758054018,-0.010972566902637482
frame_003020.png,frame_003021.png,0.12355516850948334,0.10165571421384811,0.24594712257385254,-0.05963906645774841,-0.012701881118118763,-0.008414453826844692
frame_003021.png,frame_003022.png,0.11845749616622925,0.0979078933596611,0.26347821950912476,-0.06183907389640808,-0.009250215254724026,0.010036568157374859
frame_003022.png,frame_003023.png,0.13622821867465973,0.08782393485307693,0.28229793906211853,-0.06389184296131134,-0.004005498252809048,0.03846028447151184
frame_003023.png,frame_003024.png,0.17047303915023804,0.09060386568307877,0.285084992647171,-0.07263516634702682,0.001306823454797268,0.05430416017770767
frame_003024.png,frame_003025.png,0.2435271441936493,0.0840294286608696,0.2449473738670349,-0.06553593277931213,0.012946601957082748,0.08080800622701645
frame_003025.png,frame_003026.png,0.2754635810852051,0.0728432685136795,0.20107567310333252,-0.0531870536506176,0.015264756046235561,0.12381470203399658
frame_003026.png,frame_003027.png,0.24920156598091125,0.04025723785161972,0.2301788330078125,-0.06438766419887543,0.01309730764478445,0.17984381318092346
frame_003027.png,frame_003028.png,0.2513643205165863,0.02394290268421173,0.17868876457214355,-0.06496953964233398,0.013574610464274883,0.173934206366539
frame_003028.png,frame_003029.png,0.22963765263557434,0.026601187884807587,0.14941397309303284,-0.05835184082388878,0.009601405821740627,0.14264819025993347
frame_003029.png,frame_003030.png,0.21912506222724915,0.01684410870075226,0.1404920071363449,-0.05870765820145607,0.013614940457046032,0.09300912916660309
frame_003030.png,frame_003031.png,0.225809246301651,0.03771103173494339,0.1490584760904312,-0.05431048572063446,0.015746932476758957,0.06626278162002563
frame_003031.png,frame_003032.png,0.14821943640708923,0.024366259574890137,0.16572865843772888,-0.06393497437238693,-0.0032959748059511185,0.10361302644014359
frame_003032.png,frame_003033.png,0.10205435752868652,0.030647091567516327,0.18825438618659973,-0.08007919043302536,-0.0019028009846806526,0.11642861366271973
frame_003033.png,frame_003034.png,0.043085988610982895,0.025760166347026825,0.18228641152381897,-0.0857640877366066,-0.002017318271100521,0.10157381743192673
frame_003034.png,frame_003035.png,-0.04098489135503769,0.003572024405002594,0.18260329961776733,-0.07591685652732849,0.004339477978646755,0.07411744445562363
frame_003035.png,frame_003036.png,-0.08729883283376694,-0.00834280252456665,0.16824430227279663,-0.07090452313423157,0.011467481963336468,0.05504414439201355
frame_003036.png,frame_003037.png,-0.10763733834028244,-7.731467485427856e-05,0.19000865519046783,-0.055060289800167084,0.014020401053130627,0.041793785989284515
frame_003037.png,frame_003038.png,-0.13916486501693726,0.006217695772647858,0.2603095471858978,-0.07971872389316559,0.028556041419506073,0.024965956807136536
frame_003038.png,frame_003039.png,-0.12199074774980545,0.02873963862657547,0.2391277253627777,-0.07163958251476288,0.032306969165802,0.023107144981622696
frame_003039.png,frame_003040.png,-0.03872302919626236,0.07219784706830978,0.22174066305160522,-0.07612960040569305,0.03259901702404022,0.05990752577781677
frame_003040.png,frame_003041.png,0.0016731247305870056,0.09566719084978104,0.22462467849254608,-0.09488856792449951,0.022549401968717575,0.09364613145589828
frame_003041.png,frame_003042.png,0.0016234144568443298,0.10266812890768051,0.2051793932914734,-0.11463017761707306,0.008561442606151104,0.0863206759095192
frame_003042.png,frame_003043.png,-0.00898134708404541,0.11124763637781143,0.18991585075855255,-0.10536159574985504,0.0010161017999053001,0.07279288023710251
frame_003043.png,frame_003044.png,-0.02914562076330185,0.09020621329545975,0.19436797499656677,-0.08833423256874084,-0.0003644907847046852,0.05998906493186951
frame_003044.png,frame_003045.png,-0.02061212807893753,0.08584441989660263,0.17310354113578796,-0.060127586126327515,0.0012349551543593407,0.042258623987436295
frame_003045.png,frame_003046.png,-0.007486619055271149,0.09025383740663528,0.16331499814987183,-0.0304252989590168,0.0014393730089068413,0.035122405737638474
frame_003046.png,frame_003047.png,-0.0009763166308403015,0.0917048379778862,0.14259135723114014,-0.022067561745643616,-0.002248481847345829,0.032361950725317
frame_003047.png,frame_003048.png,0.01847384124994278,0.08639437705278397,0.13278669118881226,-0.011131449602544308,-0.011033440940082073,0.03122968226671219
frame_003048.png,frame_003049.png,0.04113342612981796,0.09972717612981796,0.13906654715538025,0.01522426400333643,-0.022730257362127304,0.02848203107714653
frame_003049.png,frame_003050.png,0.06510846316814423,0.10414396971464157,0.13979193568229675,0.023683298379182816,-0.025854524224996567,0.02164369821548462
frame_003050.png,frame_003051.png,0.09118053317070007,0.10697690397500992,0.1441955715417862,0.03243248164653778,-0.02988453209400177,0.02174379676580429
frame_003051.png,frame_003052.png,0.09282152354717255,0.09582739323377609,0.1674249768257141,0.03868896886706352,-0.02823006361722946,0.034820444881916046
frame_003052.png,frame_003053.png,0.09060133993625641,0.07834598422050476,0.18853290379047394,0.03252135589718819,-0.024336155503988266,0.048462122678756714
frame_003053.png,frame_003054.png,0.07386511564254761,0.06756079941987991,0.2216460108757019,0.014433030970394611,-0.011387401260435581,0.04903264343738556
frame_003054.png,frame_003055.png,0.05800890177488327,0.07941505312919617,0.24140843749046326,0.005610652267932892,0.0004380778409540653,0.041487984359264374
frame_003055.png,frame_003056.png,0.05512334033846855,0.09343454986810684,0.25097599625587463,0.009337998926639557,0.005970031023025513,0.03672488406300545
frame_003056.png,frame_003057.png,0.06821904331445694,0.10447797924280167,0.269636869430542,0.008536930195987225,0.010901614092290401,0.03557406738400459
frame_003057.png,frame_003058.png,0.09075506776571274,0.11455792933702469,0.2879348695278168,-0.004138471558690071,0.012285634875297546,0.024188324809074402
frame_003058.png,frame_003059.png,0.1049957200884819,0.1143631860613823,0.29568615555763245,-0.020022807642817497,0.011424601078033447,0.014164418913424015
frame_003059.png,frame_003060.png,0.129924476146698,0.11762762814760208,0.2905365228652954,-0.013797949068248272,0.012327952310442924,0.011665509082376957
frame_003060.png,frame_003061.png,0.14764952659606934,0.11546937376260757,0.28857460618019104,-0.01342055108398199,0.010972604155540466,0.013728194870054722
frame_003061.png,frame_003062.png,0.15769919753074646,0.11010245233774185,0.2610030472278595,-0.007088888436555862,0.0022647054865956306,0.01325157005339861
frame_003062.png,frame_003063.png,0.169537752866745,0.10594583302736282,0.23555812239646912,0.011029412969946861,-0.0013122539967298508,0.02082369104027748
frame_003063.png,frame_003064.png,0.1770128309726715,0.09971020370721817,0.2156572937965393,0.01699380949139595,-0.007824666798114777,0.030997570604085922
frame_003064.png,frame_003065.png,0.16962119936943054,0.09018195420503616,0.21125036478042603,0.022130127996206284,-0.00977401528507471,0.0443430133163929
frame_003065.png,frame_003066.png,0.17456567287445068,0.07737275958061218,0.17685192823410034,0.034807078540325165,-0.00501719955354929,0.05862778425216675
frame_003066.png,frame_003067.png,0.1915724128484726,0.0679023489356041,0.12464961409568787,0.03856957331299782,-0.002519463188946247,0.06944023072719574
frame_003067.png,frame_003068.png,0.21743106842041016,0.05697525292634964,0.07419048249721527,0.028568647801876068,-0.003048003651201725,0.08582791686058044
frame_003068.png,frame_003069.png,0.21689888834953308,0.040001288056373596,0.05405004695057869,0.01455483678728342,-0.0022353781387209892,0.10624966770410538
frame_003069.png,frame_003070.png,0.2158038467168808,0.036684632301330566,0.048450689762830734,0.010675215162336826,0.004101256839931011,0.10254063457250595
frame_003070.png,frame_003071.png,0.21329659223556519,0.036947570741176605,0.06427323818206787,0.005938739515841007,0.011372282169759274,0.11200591921806335
frame_003071.png,frame_003072.png,0.21932187676429749,0.033538781106472015,0.09083792567253113,-0.0075714802369475365,0.025553598999977112,0.11188089102506638
frame_003072.png,frame_003073.png,0.22067144513130188,0.034681059420108795,0.11275307834148407,-0.009246389381587505,0.03428388014435768,0.09977034479379654
frame_003073.png,frame_003074.png,0.22898560762405396,0.03770057111978531,0.12741374969482422,-0.007193143479526043,0.03470766916871071,0.08640900999307632
frame_003074.png,frame_003075.png,0.24413064122200012,0.03939419984817505,0.1466308832168579,0.0002411985769867897,0.0265420600771904,0.07164481282234192
frame_003075.png,frame_003076.png,0.2462393045425415,0.03693602234125137,0.1472553312778473,0.0010687606409192085,0.02064582332968712,0.07003947347402573
frame_003076.png,frame_003077.png,0.24455365538597107,0.03977922350168228,0.16170568764209747,-0.00944074522703886,0.017548225820064545,0.07532870769500732
frame_003077.png,frame_003078.png,0.2313167154788971,0.044264376163482666,0.1766195297241211,-0.0270833782851696,0.014809615910053253,0.08290182054042816
frame_003078.png,frame_003079.png,0.21706315875053406,0.04988783597946167,0.1908467411994934,-0.044479891657829285,0.014529687352478504,0.08436696231365204
frame_003079.png,frame_003080.png,0.1965908408164978,0.06039605289697647,0.2114560306072235,-0.06411925703287125,0.014064164832234383,0.07541974633932114
frame_003080.png,frame_003081.png,0.17855510115623474,0.07050760835409164,0.2342422902584076,-0.079799585044384,0.01731654815375805,0.06345352530479431
frame_003081.png,frame_003082.png,0.17264096438884735,0.07664405554533005,0.2521929442882538,-0.08875126391649246,0.02046174183487892,0.061238184571266174
frame_003082.png,frame_003083.png,0.1752167046070099,0.08110903948545456,0.25741347670555115,-0.08744560927152634,0.020851584151387215,0.06517694145441055
frame_003083.png,frame_003084.png,0.17731264233589172,0.08177348971366882,0.24537476897239685,-0.07540321350097656,0.02002619579434395,0.06547383964061737
frame_003084.png,frame_003085.png,0.19202880561351776,0.08252116292715073,0.21825207769870758,-0.051370635628700256,0.014473604038357735,0.06893301010131836
frame_003085.png,frame_003086.png,0.21562322974205017,0.08151604980230331,0.19020871818065643,-0.029322661459445953,0.012283144518733025,0.06345869600772858
frame_003086.png,frame_003087.png,0.23699846863746643,0.07582656294107437,0.16022270917892456,-0.010420954786241055,0.010067158378660679,0.052352938801050186
frame_003087.png,frame_003088.png,0.24684268236160278,0.06693173199892044,0.13767604529857635,0.001387440599501133,0.006219351664185524,0.049874432384967804
frame_003088.png,frame_003089.png,0.2631692886352539,0.0628855898976326,0.1167154610157013,0.00783149991184473,0.004383326508104801,0.04808749631047249
frame_003089.png,frame_003090.png,0.2789040207862854,0.05051403492689133,0.08085960149765015,0.01418312732130289,0.0024279216304421425,0.05960497260093689
frame_003090.png,frame_003091.png,0.2909577190876007,0.04202151298522949,0.037843652069568634,0.020590338855981827,-0.0031419461593031883,0.07617416977882385
frame_003091.png,frame_003092.png,0.2919991910457611,0.03741755336523056,0.00430808961391449,0.026808597147464752,-0.010930194519460201,0.08731794357299805
frame_003092.png,frame_003093.png,0.2852061092853546,0.038771241903305054,-0.022026602178812027,0.02712753415107727,-0.013752021826803684,0.09335911273956299
frame_003093.png,frame_003094.png,0.27527445554733276,0.04027190059423447,-0.03513302281498909,0.022575441747903824,-0.016859620809555054,0.1018369272351265
frame_003094.png,frame_003095.png,0.25583383440971375,0.044463180005550385,-0.026713337749242783,0.01696743816137314,-0.013213452883064747,0.11469396948814392
frame_003095.png,frame_003096.png,0.23050442337989807,0.04895778000354767,-0.016531754285097122,0.011167113669216633,-0.007501647807657719,0.12759162485599518
frame_003096.png,frame_003097.png,0.2001742571592331,0.061778724193573,0.014850351959466934,0.005733818747103214,-0.0023856433108448982,0.13837787508964539
frame_003097.png,frame_003098.png,0.17023220658302307,0.07048289477825165,0.0562296099960804,0.0007866853848099709,0.005197984166443348,0.1415526419878006
frame_003098.png,frame_003099.png,0.15776172280311584,0.07054173201322556,0.076067715883255,0.006214176304638386,0.011898673139512539,0.13435396552085876
frame_003099.png,frame_003100.png,0.16572901606559753,0.06824558228254318,0.09209880232810974,0.004709289409220219,0.018058044835925102,0.11897285282611847
frame_003100.png,frame_003101.png,0.18615826964378357,0.07521910220384598,0.09865310788154602,0.00690904725342989,0.020368121564388275,0.10097432881593704
frame_003101.png,frame_003102.png,0.2119094878435135,0.0796218290925026,0.09232406318187714,0.007524547167122364,0.01844814606010914,0.08642835170030594
frame_003102.png,frame_003103.png,0.23526832461357117,0.07653104513883591,0.07375849783420563,0.0009143361821770668,0.018328499048948288,0.08960223197937012
frame_003103.png,frame_003104.png,0.24888229370117188,0.07617974281311035,0.051945168524980545,-0.0024375049397349358,0.015102340839803219,0.10062699764966965
frame_003104.png,frame_003105.png,0.258402019739151,0.08409876376390457,0.03831367567181587,-0.008114579133689404,0.012625458650290966,0.09970454126596451
frame_003105.png,frame_003106.png,0.26269304752349854,0.08896661549806595,0.020055580884218216,-0.013912810944020748,0.007363985292613506,0.102527916431427
frame_003106.png,frame_003107.png,0.2723189890384674,0.09074494987726212,-0.004515435546636581,-0.012788339518010616,0.007980835624039173,0.10159812122583389
frame_003107.png,frame_003108.png,0.2760973572731018,0.09515104442834854,-0.009951945394277573,-0.007525968365371227,0.010849201120436192,0.09958240389823914
frame_003108.png,frame_003109.png,0.2751215994358063,0.0936664268374443,-0.010588511824607849,-0.0018911799415946007,0.011478752829134464,0.10177311301231384
frame_003109.png,frame_003110.png,0.30338284373283386,0.09238583594560623,-0.02684570476412773,0.006001331843435764,0.008824392221868038,0.09567797183990479
frame_003110.png,frame_003111.png,0.32801467180252075,0.08143648505210876,-0.03012346848845482,-0.0016701286658644676,0.00623116921633482,0.0877612829208374
frame_003111.png,frame_003112.png,0.3125189244747162,0.07081123441457748,-0.00439835712313652,-0.0288531631231308,-0.0012271003797650337,0.06576361507177353
frame_003112.png,frame_003113.png,0.26998308300971985,0.0575115829706192,-0.00209929421544075,-0.04240364581346512,-0.008076443336904049,0.059680402278900146
frame_003113.png,frame_003114.png,0.23590725660324097,0.042339324951171875,-0.017616402357816696,-0.06776320189237595,-0.009988450445234776,0.06049657613039017
frame_003114.png,frame_003115.png,0.20771662890911102,0.04293607920408249,-0.007165085524320602,-0.08058244735002518,0.001841793768107891,0.07844330370426178
frame_003115.png,frame_003116.png,0.18643635511398315,0.03911033272743225,0.010209117084741592,-0.07955558598041534,0.013865707442164421,0.08536176383495331
frame_003116.png,frame_003117.png,0.19640979170799255,0.044820599257946014,0.011505339294672012,-0.06551823765039444,0.024768728762865067,0.07933539152145386
frame_003117.png,frame_003118.png,0.21398207545280457,0.0667533427476883,0.032964106649160385,-0.047343458980321884,0.03112751990556717,0.08633489906787872
frame_003118.png,frame_003119.png,0.20694345235824585,0.09728669375181198,0.05901644751429558,-0.026062585413455963,0.03763457387685776,0.09405994415283203
frame_003119.png,frame_003120.png,0.16962698101997375,0.10846623033285141,0.10625849664211273,-0.005121300928294659,0.04069564491510391,0.10895293205976486
frame_003120.png,frame_003121.png,0.13785123825073242,0.11131612211465836,0.11231686174869537,0.017464958131313324,0.038492608815431595,0.09815369546413422
frame_003121.png,frame_003122.png,0.14439190924167633,0.1037474200129509,0.07739399373531342,0.048285454511642456,0.03016795963048935,0.07454922050237656
frame_003122.png,frame_003123.png,0.12573909759521484,0.09115896373987198,0.027319427579641342,0.08138974756002426,0.02994915470480919,0.052055440843105316
frame_003123.png,frame_003124.png,0.12702350318431854,0.08855443447828293,0.058032047003507614,0.0409582182765007,0.020252835005521774,0.0823759138584137
frame_003124.png,frame_003125.png,0.09723934531211853,0.08099845051765442,0.08524051308631897,0.023486189544200897,0.010561391711235046,0.09623939543962479
frame_003125.png,frame_003126.png,0.07284101843833923,0.07637686282396317,0.11568492650985718,0.03105137124657631,0.008144683204591274,0.08490406721830368
frame_003126.png,frame_003127.png,0.03306505084037781,0.05586964637041092,0.1700563132762909,0.027018480002880096,0.0024132514372467995,0.08921150863170624
frame_003127.png,frame_003128.png,0.0017879977822303772,0.03703702241182327,0.23263534903526306,0.01921701431274414,-0.0001076357439160347,0.09141170233488083
frame_003128.png,frame_003129.png,-0.009632252156734467,0.027529045939445496,0.28530728816986084,0.001005471684038639,-0.00037594977766275406,0.07663898169994354
frame_003129.png,frame_003130.png,-0.015967443585395813,0.029390856623649597,0.32793769240379333,-0.014978897757828236,0.00017835106700658798,0.04959457740187645
frame_003130.png,frame_003131.png,-0.029618673026561737,0.03299172967672348,0.3603413999080658,-0.021354038268327713,0.001264258287847042,0.030850134789943695
frame_003131.png,frame_003132.png,-0.04274410754442215,0.0390813946723938,0.37496086955070496,-0.02123737707734108,0.0025519495829939842,0.021083485335111618
frame_003132.png,frame_003133.png,-0.05790983885526657,0.03695818781852722,0.3715271055698395,-0.011521517299115658,0.004702365957200527,0.021666407585144043
frame_003133.png,frame_003134.png,-0.08008437603712082,0.032484911382198334,0.3618306815624237,0.0021418044343590736,0.00748968031257391,0.021272338926792145
frame_003134.png,frame_003135.png,-0.08090799301862717,0.02184208482503891,0.35715582966804504,0.010033340193331242,0.009650095365941525,0.015818405896425247
frame_003135.png,frame_003136.png,-0.07498066872358322,0.015179790556430817,0.350861519575119,0.011775090359151363,0.012391953729093075,0.013382517732679844
frame_003136.png,frame_003137.png,-0.0674884095788002,0.009378321468830109,0.3386782705783844,-0.009338571690022945,0.01621640846133232,0.02713257074356079
frame_003137.png,frame_003138.png,-0.04770929366350174,0.02045954018831253,0.29677775502204895,-0.035602398216724396,0.01181186642497778,0.043256599456071854
frame_003138.png,frame_003139.png,-0.027121327817440033,0.03716106712818146,0.2561527192592621,-0.05302378535270691,0.008588860742747784,0.058235377073287964
frame_003139.png,frame_003140.png,-0.004444777965545654,0.049113862216472626,0.22699466347694397,-0.0541624091565609,0.008198286406695843,0.06268014013767242
frame_003140.png,frame_003141.png,0.008902318775653839,0.05320636183023453,0.20166292786598206,-0.05043506622314453,0.010554860346019268,0.06392714381217957
frame_003141.png,frame_003142.png,0.015320204198360443,0.04813630133867264,0.19201849400997162,-0.04749394208192825,0.013982716016471386,0.05928483605384827
frame_003142.png,frame_003143.png,0.011865988373756409,0.03123638778924942,0.20053493976593018,-0.046357057988643646,0.021658748388290405,0.05929934233427048
frame_003143.png,frame_003144.png,0.009394221007823944,0.009386353194713593,0.2362213432788849,-0.04002893343567848,0.03622991219162941,0.07112990319728851
frame_003144.png,frame_003145.png,-0.013509832322597504,-0.00405425950884819,0.2848740518093109,-0.03643333539366722,0.04561945050954819,0.07989933341741562
frame_003145.png,frame_003146.png,-0.03275538980960846,0.014820318669080734,0.30947670340538025,-0.03662344813346863,0.040352292358875275,0.09339557588100433
frame_003146.png,frame_003147.png,0.005437508225440979,0.026243798434734344,0.31503090262413025,-0.0214838944375515,0.025971848517656326,0.07085420191287994
frame_003147.png,frame_003148.png,0.010261952877044678,0.042675092816352844,0.34980377554893494,-0.011273792944848537,0.018636051565408707,0.04888003692030907
frame_003148.png,frame_003149.png,-0.02096986025571823,0.014278329908847809,0.39640572667121887,-0.03822200372815132,0.02127942442893982,0.06164535880088806
frame_003149.png,frame_003150.png,-0.010277800261974335,0.00878296047449112,0.4124726355075836,-0.039140671491622925,0.030030138790607452,0.060642972588539124
frame_003150.png,frame_003151.png,0.023042753338813782,0.05346706509590149,0.3993976414203644,-0.008129426278173923,0.020716652274131775,0.05232246592640877
frame_003151.png,frame_003152.png,0.05058206617832184,0.07688544690608978,0.36605098843574524,-0.041064776480197906,0.0015182485803961754,0.04455103725194931
frame_003152.png,frame_003153.png,0.11893802881240845,0.08504874259233475,0.31963804364204407,-0.03223767131567001,-0.0045632412657141685,0.11479855328798294
frame_003153.png,frame_003154.png,0.1524224728345871,0.10574425011873245,0.2880772054195404,-0.0106734624132514,-0.0057334089651703835,0.11045295000076294
frame_003154.png,frame_003155.png,0.17881526052951813,0.11945966631174088,0.2705039978027344,0.002841510809957981,-0.007449514232575893,0.08940623700618744
frame_003155.png,frame_003156.png,0.19961288571357727,0.12256897240877151,0.24341896176338196,-0.007818619720637798,-0.0038131950423121452,0.029953397810459137
frame_003156.png,frame_003157.png,0.21323958039283752,0.11506084352731705,0.2087722271680832,-0.002849656157195568,-0.003527478314936161,-0.0018777279183268547
frame_003157.png,frame_003158.png,0.19997301697731018,0.10430458933115005,0.19511210918426514,0.0030577527359128,-0.009947237558662891,-0.013921110890805721
frame_003158.png,frame_003159.png,0.17016232013702393,0.09744050353765488,0.19615589082241058,0.0012013856321573257,-0.016434885561466217,-0.022585034370422363
frame_003159.png,frame_003160.png,0.15582293272018433,0.09221921116113663,0.1849651038646698,0.006530411541461945,-0.02419443428516388,-0.012892699800431728
frame_003160.png,frame_003161.png,0.15782710909843445,0.0931730642914772,0.17963595688343048,0.013460868038237095,-0.027577940374612808,0.0029837926849722862
frame_003161.png,frame_003162.png,0.14186404645442963,0.10209541767835617,0.22403976321220398,-0.003908627666532993,-0.022459249943494797,-0.008773700334131718
frame_003162.png,frame_003163.png,0.1595146209001541,0.11369667202234268,0.2564660608768463,-0.017939459532499313,-0.004858766682446003,0.01481731329113245
frame_003163.png,frame_003164.png,0.15240152180194855,0.11297140270471573,0.257688969373703,-0.039082691073417664,0.003943989984691143,0.0336674302816391
frame_003164.png,frame_003165.png,0.13791243731975555,0.10605550557374954,0.2683342397212982,-0.0721811056137085,0.016310811042785645,0.04367663711309433
frame_003165.png,frame_003166.png,0.13859200477600098,0.09618847817182541,0.2643735706806183,-0.06228865310549736,0.02030313014984131,0.06127434968948364
frame_003166.png,frame_003167.png,0.15431621670722961,0.08843616396188736,0.249955952167511,-0.05023996904492378,0.01996113359928131,0.07667629420757294
frame_003167.png,frame_003168.png,0.1364019215106964,0.06828305870294571,0.2553977072238922,-0.05908966436982155,0.02856392040848732,0.08668117225170135
frame_003168.png,frame_003169.png,0.10514804720878601,0.04684983193874359,0.25323131680488586,-0.06570680439472198,0.031230520457029343,0.08413423597812653
frame_003169.png,frame_003170.png,0.06399887800216675,0.030982740223407745,0.24524810910224915,-0.06031617894768715,0.03023505210876465,0.07057832181453705
frame_003170.png,frame_003171.png,0.0421910285949707,0.029999591410160065,0.22563952207565308,-0.05676170065999031,0.029132086783647537,0.06413143873214722
frame_003171.png,frame_003172.png,0.01977802813053131,0.02851429581642151,0.21558813750743866,-0.054155077785253525,0.026158254593610764,0.054139941930770874
frame_003172.png,frame_003173.png,0.026748880743980408,0.03350271284580231,0.2024526745080948,-0.04767661541700363,0.019344745203852654,0.053576208651065826
frame_003173.png,frame_003174.png,0.06047607213258743,0.05949755758047104,0.1966940313577652,-0.043918147683143616,0.013512603007256985,0.03742607682943344
frame_003174.png,frame_003175.png,0.09614633768796921,0.08568979054689407,0.1896481066942215,-0.04427856579422951,0.008419033139944077,0.02078476920723915
frame_003175.png,frame_003176.png,0.13097739219665527,0.10127267986536026,0.19000035524368286,-0.03947734832763672,0.0060513196513056755,0.008781527169048786
frame_003176.png,frame_003177.png,0.17990756034851074,0.11087759584188461,0.1770927906036377,-0.011826782487332821,0.0020551150664687157,0.03399747237563133
frame_003177.png,frame_003178.png,0.21354424953460693,0.11461616307497025,0.16462698578834534,0.009513759054243565,0.0033849673345685005,0.06186243146657944
frame_003178.png,frame_003179.png,0.23330724239349365,0.11666231602430344,0.16122962534427643,0.031567011028528214,0.004660164006054401,0.06468787789344788
frame_003179.png,frame_003180.png,0.2398887276649475,0.11763020604848862,0.16265562176704407,0.041938360780477524,0.0004298528656363487,0.052576951682567596
frame_003180.png,frame_003181.png,0.23119476437568665,0.11113747209310532,0.16636988520622253,0.032948702573776245,-0.0020534610375761986,0.04856221377849579
frame_003181.png,frame_003182.png,0.23123642802238464,0.0976777896285057,0.20606175065040588,0.028658732771873474,-0.00398875679820776,0.028474297374486923
frame_003182.png,frame_003183.png,0.2403029501438141,0.0874524638056755,0.24378511309623718,0.03262656554579735,-0.011881663464009762,0.003256336785852909
frame_003183.png,frame_003184.png,0.24416249990463257,0.07883650809526443,0.2627846300601959,0.023723777383565903,-0.01776130497455597,-0.01393770519644022
frame_003184.png,frame_003185.png,0.2411191165447235,0.07178069651126862,0.27309587597846985,0.01892148330807686,-0.01773037761449814,-0.0204450823366642
frame_003185.png,frame_003186.png,0.23583826422691345,0.06447812914848328,0.27095314860343933,0.021551746875047684,-0.01774057373404503,-0.013144445605576038
frame_003186.png,frame_003187.png,0.23091325163841248,0.06017860025167465,0.2624589502811432,0.03178592398762703,-0.017354652285575867,0.0006253626197576523
frame_003187.png,frame_003188.png,0.22612982988357544,0.06371241062879562,0.26013484597206116,0.029338672757148743,-0.018948737531900406,0.010297355242073536
frame_003188.png,frame_003189.png,0.22468343377113342,0.07162903249263763,0.2559344470500946,0.012309261597692966,-0.017527349293231964,0.012559051625430584
frame_003189.png,frame_003190.png,0.23944386839866638,0.07607892155647278,0.269720196723938,-0.0005777878686785698,-0.004325315356254578,0.013998144306242466
frame_003190.png,frame_003191.png,0.24570277333259583,0.08322713524103165,0.29915255308151245,-0.0063806092366576195,0.0032709743827581406,0.015516196377575397
frame_003191.png,frame_003192.png,0.23659029603004456,0.08500564843416214,0.34750503301620483,-0.026805106550455093,0.01034596562385559,0.008628745563328266
frame_003192.png,frame_003193.png,0.22789165377616882,0.07493273168802261,0.3699682056903839,-0.03950076922774315,0.012987788766622543,-0.0009957924485206604
frame_003193.png,frame_003194.png,0.21228328347206116,0.06021636724472046,0.3792400062084198,-0.04427844285964966,0.016024969518184662,-0.01809462159872055
frame_003194.png,frame_003195.png,0.1656966209411621,0.04120107740163803,0.3963957726955414,-0.0332886166870594,0.020891478285193443,-0.04352698475122452
frame_003195.png,frame_003196.png,0.13660940527915955,0.026468686759471893,0.39762672781944275,-0.017615560442209244,0.023325115442276,-0.06182406097650528
frame_003196.png,frame_003197.png,0.133012056350708,0.014014706015586853,0.39048001170158386,-0.007563282735645771,0.021329786628484726,-0.05962766706943512
frame_003197.png,frame_003198.png,0.15822981297969818,0.014621812850236893,0.38799232244491577,-0.008998086676001549,0.018994957208633423,-0.04829821363091469
frame_003198.png,frame_003199.png,0.18730813264846802,0.02006196603178978,0.3659726083278656,-0.018890518695116043,0.018180102109909058,-0.05288940295577049
frame_003199.png,frame_003200.png,0.19862574338912964,0.02385314553976059,0.3405996561050415,-0.02945011854171753,0.02071956731379032,-0.04672315716743469
frame_003200.png,frame_003201.png,0.20029917359352112,0.02836500108242035,0.3189330995082855,-0.03301309794187546,0.026010282337665558,-0.04722678288817406
frame_003201.png,frame_003202.png,0.19086295366287231,0.029229581356048584,0.3098393976688385,-0.038766972720623016,0.027157418429851532,-0.045953210443258286
frame_003202.png,frame_003203.png,0.17176717519760132,0.03479260951280594,0.3212575912475586,-0.042602792382240295,0.027476344257593155,-0.05582980439066887
frame_003203.png,frame_003204.png,0.14924544095993042,0.03399436175823212,0.33944180607795715,-0.03459206223487854,0.023016761988401413,-0.058451391756534576
frame_003204.png,frame_003205.png,0.14953333139419556,0.0372452437877655,0.3395285904407501,-0.02493330091238022,0.01912730187177658,-0.057103231549263
frame_003205.png,frame_003206.png,0.16362690925598145,0.052908577024936676,0.3451111912727356,-0.02664145454764366,0.015791255980730057,-0.06829310208559036
frame_003206.png,frame_003207.png,0.1752416491508484,0.061348460614681244,0.3483678102493286,-0.03441265970468521,0.014318801462650299,-0.0747794657945633
frame_003207.png,frame_003208.png,0.18899716436862946,0.06929711997509003,0.3328339457511902,-0.043182067573070526,0.017610054463148117,-0.07802889496088028
frame_003208.png,frame_003209.png,0.1944730281829834,0.06181851029396057,0.31194695830345154,-0.05017128959298134,0.026873387396335602,-0.06843727082014084
frame_003209.png,frame_003210.png,0.19082006812095642,0.049911998212337494,0.3010818660259247,-0.05169391632080078,0.03412153199315071,-0.05247106775641441
frame_003210.png,frame_003211.png,0.18466618657112122,0.04736093431711197,0.29325002431869507,-0.04832550883293152,0.037271469831466675,-0.037585292011499405
frame_003211.png,frame_003212.png,0.15764084458351135,0.043288715183734894,0.2904475927352905,-0.04943685233592987,0.03740159794688225,-0.017247900366783142
frame_003212.png,frame_003213.png,0.11425955593585968,0.04693467170000076,0.31435707211494446,-0.04296223819255829,0.03141826018691063,0.002741643227636814
frame_003213.png,frame_003214.png,0.09964470565319061,0.04242149740457535,0.3274252116680145,-0.0333319753408432,0.035392191261053085,0.006904252804815769
frame_003214.png,frame_003215.png,0.09220537543296814,0.024163395166397095,0.3223622143268585,-0.04191398248076439,0.04525778070092201,0.024469442665576935
frame_003215.png,frame_003216.png,0.06903891265392303,-0.001993246376514435,0.31218740344047546,-0.04505165293812752,0.04783477634191513,0.05475054681301117
frame_003216.png,frame_003217.png,0.05208910256624222,-0.014661084860563278,0.3302666246891022,-0.03889017552137375,0.04189377278089523,0.07993338257074356
frame_003217.png,frame_003218.png,0.03431513160467148,0.007449258118867874,0.3576975166797638,-0.05329601839184761,0.03681473061442375,0.06247203052043915
frame_003218.png,frame_003219.png,0.0236307755112648,0.0292380228638649,0.3810202479362488,-0.07807061821222305,0.030411694198846817,0.048815492540597916
frame_003219.png,frame_003220.png,0.010659568011760712,0.04207629710435867,0.40154829621315,-0.09739315509796143,0.025193646550178528,0.03614353388547897
frame_003220.png,frame_003221.png,-0.0019608959555625916,0.04646112769842148,0.4142031967639923,-0.10997392982244492,0.024996843189001083,0.025657031685113907
frame_003221.png,frame_003222.png,-0.01805475354194641,0.04762502759695053,0.42353692650794983,-0.11830684542655945,0.024747155606746674,0.012504889629781246
frame_003222.png,frame_003223.png,-0.033675484359264374,0.04302266240119934,0.42832908034324646,-0.11747751384973526,0.025749433785676956,0.004927665926516056
frame_003223.png,frame_003224.png,-0.03950197249650955,0.03725556284189224,0.4274697005748749,-0.1170998364686966,0.028858743607997894,-0.005112878046929836
frame_003224.png,frame_003225.png,-0.03546769171953201,0.03305969387292862,0.4252792298793793,-0.11436040699481964,0.02925223857164383,-0.014756462536752224
frame_003225.png,frame_003226.png,-0.0340324267745018,0.030323468148708344,0.41760119795799255,-0.10961729288101196,0.027713865041732788,-0.02743435651063919
frame_003226.png,frame_003227.png,-0.024397432804107666,0.029532037675380707,0.40405991673469543,-0.10734689235687256,0.0300418920814991,-0.03200123459100723
frame_003227.png,frame_003228.png,-0.026003867387771606,0.02995680272579193,0.3941850960254669,-0.10048490762710571,0.03385201841592789,-0.030021600425243378
frame_003228.png,frame_003229.png,-0.019095517694950104,0.02589995414018631,0.3621252477169037,-0.08819332718849182,0.028813309967517853,-0.01932322233915329
frame_003229.png,frame_003230.png,-0.01043660193681717,0.02221914380788803,0.3231792151927948,-0.0750841274857521,0.015517606399953365,-0.0018630875274538994
frame_003230.png,frame_003231.png,0.002203024923801422,0.026826858520507812,0.28672683238983154,-0.05798974633216858,0.008588849566876888,0.026719916611909866
frame_003231.png,frame_003232.png,0.007042340934276581,0.04105985909700394,0.25949880480766296,-0.04704291373491287,0.011033984832465649,0.049483221024274826
frame_003232.png,frame_003233.png,0.007912248373031616,0.046908363699913025,0.25517433881759644,-0.0484406016767025,0.0194430910050869,0.06663737446069717
frame_003233.png,frame_003234.png,0.011936910450458527,0.04522452503442764,0.25351741909980774,-0.047420524060726166,0.02676934376358986,0.0778726190328598
frame_003234.png,frame_003235.png,0.0067619457840919495,0.03724882751703262,0.263905793428421,-0.04291076213121414,0.029802020639181137,0.08885958790779114
frame_003235.png,frame_003236.png,0.005079478025436401,0.029295235872268677,0.2906794250011444,-0.03276630863547325,0.031953342258930206,0.09385699778795242
frame_003236.png,frame_003237.png,-0.003132179379463196,0.019043903797864914,0.31570807099342346,-0.016990914940834045,0.03216135501861572,0.0918073058128357
frame_003237.png,frame_003238.png,-0.021201804280281067,0.010189071297645569,0.3293732702732086,-0.00814597588032484,0.03447902575135231,0.08354885876178741
frame_003238.png,frame_003239.png,-0.03965016454458237,0.0036335811018943787,0.3297313451766968,-0.005351749248802662,0.03362923860549927,0.07593921571969986
frame_003239.png,frame_003240.png,-0.047891534864902496,-0.0031734853982925415,0.32869336009025574,-0.013227134011685848,0.03264075517654419,0.07915621250867844
frame_003240.png,frame_003241.png,-0.04422681778669357,-0.009481482207775116,0.3183015286922455,-0.018802132457494736,0.026024237275123596,0.08284161984920502
frame_003241.png,frame_003242.png,-0.040235795080661774,-0.011824104934930801,0.32405635714530945,-0.021561142057180405,0.022322464734315872,0.08782488107681274
frame_003242.png,frame_003243.png,-0.04312529414892197,-0.000707186758518219,0.3456808626651764,-0.04091658815741539,0.021331414580345154,0.06737309694290161
frame_003243.png,frame_003244.png,-0.03783836215734482,0.021799251437187195,0.3372425436973572,-0.060132820159196854,0.018376938998699188,0.054162606596946716
frame_003244.png,frame_003245.png,-0.03179679065942764,0.039365507662296295,0.3277280628681183,-0.07650596648454666,0.01707690954208374,0.05058453977108002
frame_003245.png,frame_003246.png,-0.03544687479734421,0.0465099960565567,0.32718053460121155,-0.09011189639568329,0.017441347241401672,0.05077533423900604
frame_003246.png,frame_003247.png,-0.03886296600103378,0.05050070583820343,0.34140631556510925,-0.10530629009008408,0.017943404614925385,0.04836157709360123
frame_003247.png,frame_003248.png,-0.04060880094766617,0.05191162973642349,0.3569962680339813,-0.11464225500822067,0.01927500218153,0.0429682731628418
frame_003248.png,frame_003249.png,-0.04041367024183273,0.05083095282316208,0.3637971580028534,-0.1161927804350853,0.021983489394187927,0.04059586673974991
frame_003249.png,frame_003250.png,-0.040011875331401825,0.04646839201450348,0.3667413294315338,-0.11709259450435638,0.02491464465856552,0.040936291217803955
frame_003250.png,frame_003251.png,-0.04005872458219528,0.03782513737678528,0.36389005184173584,-0.1178736537694931,0.02495861053466797,0.03511231765151024
frame_003251.png,frame_003252.png,-0.030693091452121735,0.028027556836605072,0.35577550530433655,-0.11641953885555267,0.027194373309612274,0.02718953788280487
frame_003252.png,frame_003253.png,-0.025047756731510162,0.020211968570947647,0.36206120252609253,-0.10692261159420013,0.02833601087331772,0.0179985910654068
frame_003253.png,frame_003254.png,-0.02323349565267563,0.012632489204406738,0.3694238066673279,-0.10302718728780746,0.025856509804725647,0.01035855058580637
frame_003254.png,frame_003255.png,-0.024807564914226532,0.0053601451218128204,0.366064190864563,-0.09508290886878967,0.023129012435674667,0.007186795584857464
frame_003255.png,frame_003256.png,-0.04002892225980759,0.001330796629190445,0.36533239483833313,-0.09210249781608582,0.016640543937683105,0.007462014444172382
frame_003256.png,frame_003257.png,-0.05089839547872543,0.0030999109148979187,0.35393068194389343,-0.08971381187438965,0.008987120352685452,0.025283299386501312
frame_003257.png,frame_003258.png,-0.04892826825380325,0.006687905639410019,0.3205457031726837,-0.07863592356443405,0.004230565391480923,0.04828334227204323
frame_003258.png,frame_003259.png,-0.03407428413629532,0.01326347142457962,0.30220648646354675,-0.07251118123531342,0.0005235029384493828,0.07291121780872345
frame_003259.png,frame_003260.png,-0.026493877172470093,0.02230999618768692,0.2951221466064453,-0.06625277549028397,-0.0014985324814915657,0.08575671166181564
frame_003260.png,frame_003261.png,-0.019944213330745697,0.03387027233839035,0.29425910115242004,-0.06386520713567734,0.003300040028989315,0.0957394391298294
frame_003261.png,frame_003262.png,-0.007873713970184326,0.04506942629814148,0.30115243792533875,-0.05757617577910423,0.008993673138320446,0.10065747797489166
frame_003262.png,frame_003263.png,0.00012176483869552612,0.04168053716421127,0.3140106499195099,-0.049779996275901794,0.015341895632445812,0.10023894906044006
frame_003263.png,frame_003264.png,0.003371812403202057,0.033836714923381805,0.3208642899990082,-0.03719593957066536,0.01665978878736496,0.09931585192680359
frame_003264.png,frame_003265.png,0.013152897357940674,0.0279073566198349,0.3314625322818756,-0.025419555604457855,0.017141837626695633,0.09689013659954071
frame_003265.png,frame_003266.png,0.016428835690021515,0.022185012698173523,0.31082525849342346,-0.017732158303260803,0.013703293167054653,0.0915030762553215
frame_003266.png,frame_003267.png,0.022710151970386505,0.0251707062125206,0.2824417054653168,-0.014371662400662899,0.010809569619596004,0.08119836449623108
frame_003267.png,frame_003268.png,0.02971932291984558,0.029505521059036255,0.26104602217674255,-0.014672121964395046,0.008000793866813183,0.07749205827713013
frame_003268.png,frame_003269.png,0.040737226605415344,0.038829050958156586,0.24588051438331604,-0.01489316951483488,0.0028112782165408134,0.07922244071960449
frame_003269.png,frame_003270.png,0.04351496696472168,0.04887720197439194,0.23815110325813293,-0.019233521074056625,-0.003532865084707737,0.07333746552467346
frame_003270.png,frame_003271.png,0.03658115863800049,0.0593191459774971,0.24172353744506836,-0.029780369251966476,-0.009247166104614735,0.06366842240095139
frame_003271.png,frame_003272.png,0.020101480185985565,0.06444723904132843,0.25192490220069885,-0.041035402566194534,-0.013270244933664799,0.061093591153621674
frame_003272.png,frame_003273.png,-0.0002680644392967224,0.06894630193710327,0.2741946876049042,-0.05338526517152786,-0.01609795168042183,0.05476108938455582
frame_003273.png,frame_003274.png,-0.016393356025218964,0.07327074557542801,0.2920268476009369,-0.062189679592847824,-0.013745301403105259,0.051327843219041824
frame_003274.png,frame_003275.png,-0.026210948824882507,0.07744600623846054,0.3137272894382477,-0.07470008730888367,-0.009097733534872532,0.04150211438536644
frame_003275.png,frame_003276.png,-0.03162861615419388,0.07791010290384293,0.34188827872276306,-0.08286208659410477,-0.005441208370029926,0.03744851052761078
frame_003276.png,frame_003277.png,-0.032776400446891785,0.07390348613262177,0.3623780310153961,-0.08744121342897415,-0.002671332098543644,0.0305766798555851
frame_003277.png,frame_003278.png,-0.02161223441362381,0.06242506951093674,0.36398664116859436,-0.08390860259532928,5.026441067457199e-05,0.023543566465377808
frame_003278.png,frame_003279.png,-0.005955524742603302,0.05267568677663803,0.3651915490627289,-0.08755481988191605,0.0064405640587210655,0.010919635184109211
frame_003279.png,frame_003280.png,0.0005531385540962219,0.04346023499965668,0.37092825770378113,-0.09282709658145905,0.008154540322721004,-0.008425799198448658
frame_003280.png,frame_003281.png,0.0028703883290290833,0.03367358446121216,0.37204787135124207,-0.09071612358093262,0.005802745930850506,-0.026339378207921982
frame_003281.png,frame_003282.png,0.01603759080171585,0.02585739642381668,0.3538714349269867,-0.07653924077749252,0.0025837337598204613,-0.030654694885015488
frame_003282.png,frame_003283.png,0.008396565914154053,0.022511012852191925,0.3324459493160248,-0.05480867624282837,-0.005400096066296101,-0.0304136760532856
frame_003283.png,frame_003284.png,-0.023654676973819733,0.02156863361597061,0.30060508847236633,-0.03176714479923248,-0.016517773270606995,-0.023001253604888916
frame_003284.png,frame_003285.png,-0.06851425021886826,0.023104973137378693,0.2657141089439392,-0.018023215234279633,-0.022143572568893433,-0.004638011567294598
frame_003285.png,frame_003286.png,-0.09118419140577316,0.024500273168087006,0.2612988352775574,-0.020755421370267868,-0.015534323640167713,0.03703700006008148
frame_003286.png,frame_003287.png,-0.08064251393079758,0.034372396767139435,0.2774248421192169,-0.021337568759918213,-0.004500546492636204,0.06561379134654999
frame_003287.png,frame_003288.png,-0.08209734410047531,0.027038775384426117,0.3227151930332184,-0.019565097987651825,0.005772962234914303,0.09182561933994293
frame_003288.png,frame_003289.png,-0.07546182721853256,0.01117546483874321,0.3614244759082794,-0.018611803650856018,0.019278239458799362,0.10687681287527084
frame_003289.png,frame_003290.png,-0.07238291949033737,0.006355490535497665,0.4051271378993988,-0.01431667897850275,0.026651453226804733,0.099266916513443
frame_003290.png,frame_003291.png,-0.05836416035890579,0.016827348619699478,0.4278219938278198,0.007797230966389179,0.029814019799232483,0.08355391770601273
frame_003291.png,frame_003292.png,-0.05549313873052597,0.03351440280675888,0.4321701228618622,0.018132008612155914,0.02761717140674591,0.06591008603572845
frame_003292.png,frame_003293.png,-0.06276019662618637,0.03848366439342499,0.43785157799720764,0.014395062811672688,0.027982160449028015,0.046122245490550995
frame_003293.png,frame_003294.png,-0.06307101994752884,0.04844934493303299,0.4375338852405548,0.010055636055767536,0.02985137701034546,0.012732402421534061
frame_003294.png,frame_003295.png,-0.05548473447561264,0.057182468473911285,0.4141075313091278,-0.0019738832488656044,0.023771855980157852,-0.007310607470571995
frame_003295.png,frame_003296.png,-0.05335160344839096,0.05572132021188736,0.40301069617271423,-0.02248646318912506,0.024388954043388367,-0.008824621327221394
frame_003296.png,frame_003297.png,-0.0726606473326683,0.053599998354911804,0.38441142439842224,-0.02603008598089218,0.023131918162107468,-0.023439109325408936
frame_003297.png,frame_003298.png,-0.08922388404607773,0.05424787104129791,0.37465721368789673,-0.037688203155994415,0.0177178792655468,-0.041496649384498596
frame_003298.png,frame_003299.png,-0.09361016005277634,0.0529777929186821,0.37926435470581055,-0.04257649928331375,0.01930391415953636,-0.047059740871191025
frame_003299.png,frame_003300.png,-0.09879042953252792,0.04652022570371628,0.3811279237270355,-0.032601725310087204,0.02236313372850418,-0.03675948828458786
frame_003300.png,frame_003301.png,-0.08609048277139664,0.036990463733673096,0.3667236864566803,-0.022001761943101883,0.024790771305561066,-0.01451932918280363
frame_003301.png,frame_003302.png,-0.0764571949839592,0.035953179001808167,0.35145679116249084,-0.02746008336544037,0.026343997567892075,0.0018004896119236946
frame_003302.png,frame_003303.png,-0.059174783527851105,0.033953674137592316,0.342357873916626,-0.03841927647590637,0.02964070811867714,0.010780845768749714
frame_003303.png,frame_003304.png,-0.04589415341615677,0.026846356689929962,0.33027878403663635,-0.04817283898591995,0.03472511097788811,0.030107218772172928
frame_003304.png,frame_003305.png,-0.05049895495176315,0.0068059153854846954,0.3021269142627716,-0.049177855253219604,0.03896313160657883,0.03523445874452591
frame_003305.png,frame_003306.png,-0.05502072721719742,-0.0033670812845230103,0.2678469121456146,-0.04294837266206741,0.03921281546354294,0.03488155081868172
frame_003306.png,frame_003307.png,-0.039994560182094574,0.0074956417083740234,0.2713564336299896,-0.05010226368904114,0.041500210762023926,0.032591432332992554
frame_003307.png,frame_003308.png,-0.04538511484861374,0.027471713721752167,0.3186158239841461,-0.0632801353931427,0.04201943427324295,0.024322103708982468
frame_003308.png,frame_003309.png,-0.061863236129283905,0.04028501361608505,0.36792001128196716,-0.07900289446115494,0.04232683405280113,-0.016951199620962143
frame_003309.png,frame_003310.png,-0.09621497243642807,0.04602891951799393,0.3871663510799408,-0.08250776678323746,0.03555338457226753,-0.05061712861061096
frame_003310.png,frame_003311.png,-0.12771114706993103,0.043380528688430786,0.39722082018852234,-0.08400535583496094,0.02476789802312851,-0.07072155922651291
frame_003311.png,frame_003312.png,-0.15725219249725342,0.03503794968128204,0.40912720561027527,-0.08699793368577957,0.017633724957704544,-0.08040592819452286
frame_003312.png,frame_003313.png,-0.18518027663230896,0.02237755060195923,0.4100498557090759,-0.08639544248580933,0.012678994797170162,-0.08581648021936417
frame_003313.png,frame_003314.png,-0.2005736231803894,0.016167163848876953,0.4015692174434662,-0.08156071603298187,0.012817501090466976,-0.08875411748886108
frame_003314.png,frame_003315.png,-0.20310422778129578,0.009923715144395828,0.3782159984111786,-0.07249337434768677,0.005953553132712841,-0.08135797083377838
frame_003315.png,frame_003316.png,-0.18433859944343567,0.00463283434510231,0.3348907232284546,-0.04659075289964676,-0.009694510139524937,-0.04906584322452545
frame_003316.png,frame_003317.png,-0.15713149309158325,-0.0018466673791408539,0.3012964427471161,-0.02657412365078926,-0.011532333679497242,-0.010318580083549023
frame_003317.png,frame_003318.png,-0.11154452711343765,0.0006755441427230835,0.2863333821296692,-0.014673623256385326,-0.002870396710932255,0.02436245232820511
frame_003318.png,frame_003319.png,-0.071274034678936,-0.004844270646572113,0.3372756838798523,-0.011367802508175373,0.01602119952440262,0.060600340366363525
frame_003319.png,frame_003320.png,-0.048518650233745575,-0.013214867562055588,0.3882482945919037,-0.0035939468070864677,0.024458937346935272,0.0757233202457428
frame_003320.png,frame_003321.png,-0.04093854874372482,-0.021596025675535202,0.41500625014305115,-0.0020744754001498222,0.03164442256093025,0.07773832976818085
frame_003321.png,frame_003322.png,-0.041286639869213104,-0.025500787422060966,0.434466689825058,-0.003952872008085251,0.03140345215797424,0.07663729041814804
frame_003322.png,frame_003323.png,-0.04537387937307358,-0.02601722627878189,0.4507315456867218,-0.0033314423635601997,0.02845592051744461,0.07362986356019974
frame_003323.png,frame_003324.png,-0.05850527435541153,-0.030133049935102463,0.4529874920845032,-0.0056487927213311195,0.025445230305194855,0.0672987848520279
frame_003324.png,frame_003325.png,-0.06632044166326523,-0.029023589566349983,0.46186086535453796,-0.025249384343624115,0.02747531235218048,0.04410526156425476
frame_003325.png,frame_003326.png,-0.06482001394033432,-0.024409469217061996,0.4620242416858673,-0.04255199059844017,0.03133965656161308,0.022324170917272568
frame_003326.png,frame_003327.png,-0.044870056211948395,-0.01584358885884285,0.42020487785339355,-0.04864858090877533,0.026852618902921677,0.015015051700174809
frame_003327.png,frame_003328.png,-0.026808999478816986,-0.0031893476843833923,0.3995901942253113,-0.06763914972543716,0.02378690242767334,0.003000260330736637
frame_003328.png,frame_003329.png,-0.010135315358638763,0.01370314508676529,0.39316874742507935,-0.08340484648942947,0.023591753095388412,0.0009242566302418709
frame_003329.png,frame_003330.png,0.0007051974534988403,0.02836759388446808,0.4003927707672119,-0.09786856174468994,0.029431793838739395,0.0059399912133812904
frame_003330.png,frame_003331.png,0.030069246888160706,0.03844607621431351,0.40103065967559814,-0.09758606553077698,0.03612251952290535,0.012876194901764393
frame_003331.png,frame_003332.png,0.04559123516082764,0.03901766985654831,0.3965102732181549,-0.08992477506399155,0.039512183517217636,0.02432781457901001
frame_003332.png,frame_003333.png,0.03997974842786789,0.038717903196811676,0.3854556381702423,-0.07892230898141861,0.03485211730003357,0.023026227951049805
frame_003333.png,frame_003334.png,0.030383046716451645,0.03498413413763046,0.3721446990966797,-0.0593646764755249,0.03195876255631447,0.018994390964508057
frame_003334.png,frame_003335.png,0.021030187606811523,0.03297857195138931,0.3664166331291199,-0.038744714111089706,0.027741048485040665,0.022130019962787628
frame_003335.png,frame_003336.png,0.007271416485309601,0.032049402594566345,0.3624641001224518,-0.03261745721101761,0.024385850876569748,0.027386408299207687
frame_003336.png,frame_003337.png,-0.008398942649364471,0.03412260860204697,0.36008232831954956,-0.042569298297166824,0.02074975147843361,0.023948196321725845
frame_003337.png,frame_003338.png,-0.034421615302562714,0.0360533744096756,0.36355701088905334,-0.06394574046134949,0.018431197851896286,0.014164653606712818
frame_003338.png,frame_003339.png,-0.05673874169588089,0.033121027052402496,0.3644217848777771,-0.0735754668712616,0.017290398478507996,0.0056504616513848305
frame_003339.png,frame_003340.png,-0.08560644835233688,0.02085580676794052,0.35609331727027893,-0.07390731573104858,0.015439941547811031,0.00043626967817544937
frame_003340.png,frame_003341.png,-0.11559983342885971,0.0021250471472740173,0.3314712345600128,-0.06420264393091202,0.01492981519550085,-0.005498929880559444
frame_003341.png,frame_003342.png,-0.12803077697753906,-0.007782772183418274,0.3067505657672882,-0.05472738295793533,0.016431737691164017,-0.01987515017390251
frame_003342.png,frame_003343.png,-0.11890146881341934,-0.0013521388173103333,0.31649109721183777,-0.0810212790966034,0.02077706903219223,-0.02345069870352745
frame_003343.png,frame_003344.png,-0.06824106723070145,0.014346607029438019,0.3475823700428009,-0.08751459419727325,0.0346343107521534,-0.022940609604120255
frame_003344.png,frame_003345.png,-0.052520476281642914,0.022625476121902466,0.3953499495983124,-0.07523513585329056,0.037986986339092255,-0.026615679264068604
frame_003345.png,frame_003346.png,-0.008579745888710022,0.031031504273414612,0.3942262530326843,-0.04339011758565903,0.03691718727350235,-0.004747877828776836
frame_003346.png,frame_003347.png,0.07150518149137497,0.037344858050346375,0.3838004767894745,-0.040524013340473175,0.027430541813373566,0.013771490193903446
frame_003347.png,frame_003348.png,0.134602889418602,0.027395591139793396,0.3414444029331207,-0.012822120450437069,0.028883200138807297,-0.005087166093289852
frame_003348.png,frame_003349.png,0.15462380647659302,0.023439235985279083,0.31548717617988586,0.012784861959517002,0.027603406459093094,-0.018179934471845627
frame_003349.png,frame_003350.png,0.18681123852729797,0.01326783001422882,0.2681315541267395,0.02610219269990921,0.02335023507475853,-0.010321403853595257
frame_003350.png,frame_003351.png,0.20780698955059052,0.019435107707977295,0.2272566258907318,0.046410106122493744,0.019701873883605003,0.007248769514262676
frame_003351.png,frame_003352.png,0.24540755152702332,0.040403105318546295,0.20779475569725037,0.05815054476261139,0.018398266285657883,0.0175357386469841
frame_003352.png,frame_003353.png,0.22766077518463135,0.05219460278749466,0.2415969967842102,0.045344673097133636,0.016430974006652832,0.0006292639300227165
frame_003353.png,frame_003354.png,0.214115709066391,0.07092129439115524,0.2590222656726837,0.03428110480308533,0.011185755021870136,-0.015012347139418125
frame_003354.png,frame_003355.png,0.19155985116958618,0.08265630900859833,0.2682759761810303,0.03909261152148247,0.006989407353103161,-0.026942122727632523
frame_003355.png,frame_003356.png,0.1867138147354126,0.07996195554733276,0.3085419833660126,0.016418319195508957,-0.0014426009729504585,-0.025257069617509842
frame_003356.png,frame_003357.png,0.18836119771003723,0.08427435904741287,0.32754871249198914,0.02568218857049942,-0.004746060818433762,-0.003723074682056904
frame_003357.png,frame_003358.png,0.18282610177993774,0.08185184001922607,0.3146267831325531,0.04397013410925865,-0.0082783168181777,-0.013033399358391762
frame_003358.png,frame_003359.png,0.1872192621231079,0.0771707072854042,0.30513039231300354,0.039560094475746155,-0.0037751244381070137,-0.014184549450874329
frame_003359.png,frame_003360.png,0.21471881866455078,0.04984106868505478,0.2894514501094818,0.03868808597326279,-0.012499644421041012,0.0179295651614666
frame_003360.png,frame_003361.png,0.18476396799087524,0.05095634609460831,0.3344137966632843,-0.002314670942723751,-0.01019641850143671,0.0096847889944911
frame_003361.png,frame_003362.png,0.15413202345371246,0.04645080119371414,0.3511093854904175,-0.0010591177269816399,-0.012837340123951435,0.027575992047786713
frame_003362.png,frame_003363.png,0.12917017936706543,0.041343457996845245,0.3734278976917267,-0.008670118637382984,-0.010102813132107258,-0.0066321780905127525
frame_003363.png,frame_003364.png,0.1154036670923233,0.06869101524353027,0.3742845952510834,-0.01459828857332468,-0.004897397011518478,-0.042184293270111084
frame_003364.png,frame_003365.png,0.09396735578775406,0.09096314758062363,0.37177422642707825,-0.04497484117746353,-0.004819965921342373,-0.06142089143395424
frame_003365.png,frame_003366.png,0.09666786342859268,0.09819101542234421,0.3895780146121979,-0.05272812396287918,-0.0033688778057694435,-0.06484832614660263
frame_003366.png,frame_003367.png,0.0874895229935646,0.10308743268251419,0.3895341753959656,-0.043564748018980026,-0.0008091544732451439,-0.07786349952220917
frame_003367.png,frame_003368.png,0.08434148877859116,0.09717660397291183,0.3764629364013672,-0.051207028329372406,0.0011993879452347755,-0.06540286540985107
frame_003368.png,frame_003369.png,0.08093499392271042,0.07905032485723495,0.3636283278465271,-0.04640054330229759,0.00902531947940588,-0.05276070535182953
frame_003369.png,frame_003370.png,0.07965809106826782,0.07816462963819504,0.35659414529800415,-0.04007560387253761,0.013240214437246323,-0.06552336364984512
frame_003370.png,frame_003371.png,0.09387727081775665,0.07509692758321762,0.38217440247535706,-0.0440392829477787,0.008742266334593296,-0.06300038844347
frame_003371.png,frame_003372.png,0.1110915094614029,0.06962687522172928,0.39401188492774963,-0.0467379204928875,0.007691388949751854,-0.06569045037031174
frame_003372.png,frame_003373.png,0.11575666815042496,0.0631590485572815,0.40055185556411743,-0.04345878213644028,0.006580272689461708,-0.05673748254776001
frame_003373.png,frame_003374.png,0.12317955493927002,0.06474154442548752,0.39946144819259644,-0.028494127094745636,0.004728072322905064,-0.04752572253346443
frame_003374.png,frame_003375.png,0.11976619064807892,0.07613109052181244,0.3896937668323517,-0.03147238492965698,0.003513351082801819,-0.04308801144361496
frame_003375.png,frame_003376.png,0.1373300850391388,0.08993426710367203,0.3802627623081207,-0.02923891320824623,0.005950157530605793,-0.04086550325155258
frame_003376.png,frame_003377.png,0.16051366925239563,0.11474824696779251,0.3681495785713196,0.009033930487930775,0.013666766695678234,-0.05167819559574127
frame_003377.png,frame_003378.png,0.1452748030424118,0.1345095932483673,0.34448346495628357,0.014088057912886143,0.0090482197701931,-0.05548063665628433
frame_003378.png,frame_003379.png,0.14898794889450073,0.10126905888319016,0.35477277636528015,-0.0055553605780005455,0.006675657816231251,-0.030347324907779694
frame_003379.png,frame_003380.png,0.1697985827922821,0.0892922505736351,0.3307921588420868,0.020737238228321075,0.003050432540476322,-0.004859398119151592
frame_003380.png,frame_003381.png,0.17998367547988892,0.10521260648965836,0.3196873962879181,0.023332767188549042,-0.0025102319195866585,-0.0032822107896208763
frame_003381.png,frame_003382.png,0.21758699417114258,0.09667328745126724,0.30426713824272156,0.0018107080832123756,-0.002337220124900341,0.015606594271957874
frame_003382.png,frame_003383.png,0.2120390683412552,0.11764926463365555,0.3221520483493805,-3.719981759786606e-05,-0.008934990502893925,0.0009832615032792091
frame_003383.png,frame_003384.png,0.22600993514060974,0.1017589345574379,0.3056493103504181,0.030801542103290558,-0.015527523122727871,0.016067616641521454
frame_003384.png,frame_003385.png,0.20005199313163757,0.08301787823438644,0.34760531783103943,-0.003489927388727665,-0.014998686499893665,-0.010059027932584286
frame_003385.png,frame_003386.png,0.2048901915550232,0.08418586105108261,0.3458634316921234,0.005996161140501499,-5.5237673223018646e-05,-0.02628307044506073
frame_003386.png,frame_003387.png,0.22357472777366638,0.08475381880998611,0.32075461745262146,0.00508060771971941,0.003498791716992855,-0.006422770209610462
frame_003387.png,frame_003388.png,0.22881454229354858,0.07317963987588882,0.30894792079925537,0.008012068457901478,0.0016506379470229149,0.024454496800899506
frame_003388.png,frame_003389.png,0.224084734916687,0.0898662582039833,0.2917160391807556,0.022971469908952713,-0.004218707792460918,0.013883468694984913
frame_003389.png,frame_003390.png,0.22994866967201233,0.10260096937417984,0.2880309522151947,0.0350896380841732,-0.005610932596027851,0.004868409596383572
frame_003390.png,frame_003391.png,0.23011037707328796,0.10246524959802628,0.2740749418735504,0.02909081056714058,4.861410707235336e-05,0.007606877945363522
frame_003391.png,frame_003392.png,0.23877668380737305,0.09417899698019028,0.276138037443161,0.03354114294052124,0.003914237953722477,-0.0006244862452149391
frame_003392.png,frame_003393.png,0.24249732494354248,0.0916796401143074,0.28949907422065735,0.01806613802909851,0.0040325624868273735,-0.0019089635461568832
frame_003393.png,frame_003394.png,0.2520175278186798,0.06426966935396194,0.2663818299770355,0.029160581529140472,0.003640684299170971,-0.005811723880469799
frame_003394.png,frame_003395.png,0.27143797278404236,0.04887247085571289,0.25545555353164673,0.023705240339040756,0.011102565564215183,-0.007168159820139408
frame_003395.png,frame_003396.png,0.2855445146560669,0.04517094045877457,0.25856873393058777,0.023110289126634598,0.006878956221044064,-0.006159075535833836
frame_003396.png,frame_003397.png,0.2766532599925995,0.03914881497621536,0.256917804479599,0.029598239809274673,0.002509203739464283,-0.00065635796636343
frame_003397.png,frame_003398.png,0.25005966424942017,0.027453511953353882,0.2728738486766815,0.036505844444036484,0.005501571111381054,-0.009504360146820545
frame_003398.png,frame_003399.png,0.22490853071212769,0.016147010028362274,0.2937629520893097,0.04025206342339516,0.007737866602838039,-0.012722047977149487
frame_003399.png,frame_003400.png,0.21846482157707214,0.01433514803647995,0.30016812682151794,0.03447307273745537,0.007831097580492496,-0.019087255001068115
frame_003400.png,frame_003401.png,0.21301418542861938,0.014964766800403595,0.3017062246799469,0.026675168424844742,0.002393036149442196,-0.020874209702014923
frame_003401.png,frame_003402.png,0.20384931564331055,0.011452972888946533,0.30106404423713684,0.02818143367767334,-0.003510507754981518,-0.01751890778541565
frame_003402.png,frame_003403.png,0.1895189881324768,0.0076342374086380005,0.30830350518226624,0.026261717081069946,-0.006877608597278595,-0.01795654371380806
frame_003403.png,frame_003404.png,0.1707838475704193,0.0018015578389167786,0.3183121979236603,0.023880131542682648,-0.007782801985740662,-0.01687869057059288
frame_003404.png,frame_003405.png,0.1514558047056198,-0.006086669862270355,0.32431894540786743,0.016461998224258423,-0.007958735339343548,-0.010062620975077152
frame_003405.png,frame_003406.png,0.12879419326782227,-0.012720862403512001,0.3352331221103668,0.008207479491829872,-0.002812301740050316,-0.010020366869866848
frame_003406.png,frame_003407.png,0.10136553645133972,-0.02302263118326664,0.37289080023765564,-0.0029436852782964706,0.00787836778908968,-0.00873888935893774
frame_003407.png,frame_003408.png,0.0752917006611824,-0.035857025533914566,0.40372195839881897,-0.007863464765250683,0.021280933171510696,-0.0005988804623484612
frame_003408.png,frame_003409.png,0.05242644622921944,-0.049984533339738846,0.4259157180786133,-0.012853245250880718,0.0279424749314785,0.004800652153789997
frame_003409.png,frame_003410.png,0.03599844500422478,-0.056403353810310364,0.44197261333465576,-0.02199237048625946,0.026695776730775833,0.0044269924983382225
frame_003410.png,frame_003411.png,0.02774229645729065,-0.05799797177314758,0.4521808922290802,-0.018368415534496307,0.025177408009767532,0.012381256558001041
frame_003411.png,frame_003412.png,0.03836097568273544,-0.057553552091121674,0.41894659399986267,-0.012162025086581707,0.01615293323993683,0.03653089702129364
frame_003412.png,frame_003413.png,0.03157433122396469,-0.03225361555814743,0.40859928727149963,-0.0027197860181331635,0.024520721286535263,0.04026683419942856
frame_003413.png,frame_003414.png,0.007043786346912384,-0.01485084742307663,0.34834328293800354,0.008735368959605694,0.02054869756102562,0.04694139212369919
frame_003414.png,frame_003415.png,0.026668258011341095,-0.005876872688531876,0.3192770183086395,0.0008934019133448601,0.03230397403240204,0.049841344356536865
frame_003415.png,frame_003416.png,-0.003258220851421356,0.005897700786590576,0.3100496232509613,-0.03953859955072403,0.031099654734134674,0.07521248608827591
frame_003416.png,frame_003417.png,0.01949913054704666,0.04137272387742996,0.27802395820617676,-0.06775233894586563,0.03044392541050911,0.039549849927425385
frame_003417.png,frame_003418.png,0.01906994730234146,0.04201224446296692,0.2286994606256485,-0.04134434089064598,0.03033093735575676,0.029238633811473846
frame_003418.png,frame_003419.png,-0.017530083656311035,0.025527410209178925,0.18149501085281372,-0.015260358341038227,0.02226930856704712,0.04906625300645828
frame_003419.png,frame_003420.png,-0.03906398266553879,0.003035981208086014,0.1590273380279541,-0.009380463510751724,0.014983512461185455,0.08082900941371918
frame_003420.png,frame_003421.png,-0.05897956341505051,-0.00113021582365036,0.14847397804260254,-0.021204810589551926,0.014892598614096642,0.07439146935939789
frame_003421.png,frame_003422.png,-0.058114536106586456,0.003193803131580353,0.12974518537521362,-0.01724851131439209,0.014882146380841732,0.05920661240816116
frame_003422.png,frame_003423.png,-0.05434573441743851,0.007979437708854675,0.11955541372299194,-0.015867693349719048,0.016200300306081772,0.04568695276975632
frame_003423.png,frame_003424.png,-0.04893200844526291,0.014674589037895203,0.12453776597976685,-0.01479338575154543,0.01663818582892418,0.03481384366750717
frame_003424.png,frame_003425.png,-0.017048455774784088,0.017415989190340042,0.11914774775505066,-0.008289734832942486,0.017290744930505753,0.03694288432598114
frame_003425.png,frame_003426.png,-0.001863129436969757,0.013374485075473785,0.12451684474945068,-0.002147899940609932,0.015833362936973572,0.03798006847500801
frame_003426.png,frame_003427.png,0.038884781301021576,0.02521982043981552,0.13145294785499573,0.012047656811773777,0.02711400017142296,0.027364060282707214
frame_003427.png,frame_003428.png,0.06306534260511398,0.020725935697555542,0.12420721352100372,0.018292967230081558,0.028480857610702515,0.04246789589524269
frame_003428.png,frame_003429.png,0.06439963728189468,0.04300307482481003,0.15186366438865662,0.02232043445110321,0.022717371582984924,0.03851360082626343
frame_003429.png,frame_003430.png,0.08497324585914612,0.05267766863107681,0.17651866376399994,0.026458431035280228,0.016642477363348007,0.06038965284824371
frame_003430.png,frame_003431.png,0.07207946479320526,0.0747966542840004,0.2272765189409256,0.009370152838528156,0.016661319881677628,0.031196948140859604
frame_003431.png,frame_003432.png,0.09851773083209991,0.08465329557657242,0.23615553975105286,0.019443687051534653,0.018442586064338684,0.003094598650932312
frame_003432.png,frame_003433.png,0.11020034551620483,0.07326249033212662,0.24525997042655945,0.010705412365496159,0.012250395491719246,0.02498680353164673
frame_003433.png,frame_003434.png,0.14533907175064087,0.06666577607393265,0.2569502294063568,-0.0020932937040925026,0.013404492288827896,0.03779684752225876
frame_003434.png,frame_003435.png,0.17946124076843262,0.061542049050331116,0.25556331872940063,-0.012404902838170528,0.01693500205874443,0.0537818968296051
frame_003435.png,frame_003436.png,0.21202883124351501,0.0544934943318367,0.24524345993995667,-0.01961919665336609,0.019962448626756668,0.06469076871871948
frame_003436.png,frame_003437.png,0.23050981760025024,0.05102543532848358,0.22958888113498688,-0.030996885150671005,0.022829022258520126,0.06541038304567337
frame_003437.png,frame_003438.png,0.23292577266693115,0.05328741669654846,0.2133781611919403,-0.04908451437950134,0.024246320128440857,0.05734805017709732
frame_003438.png,frame_003439.png,0.2271081805229187,0.05821835249662399,0.21436786651611328,-0.06020071730017662,0.02727138251066208,0.05113840103149414
frame_003439.png,frame_003440.png,0.2158825695514679,0.05709480494260788,0.2182399034500122,-0.06818842887878418,0.028338268399238586,0.05263787508010864
frame_003440.png,frame_003441.png,0.2095487415790558,0.055344656109809875,0.21860679984092712,-0.06835301965475082,0.028985299170017242,0.059291936457157135
frame_003441.png,frame_003442.png,0.20076441764831543,0.056441888213157654,0.22702926397323608,-0.07230623066425323,0.029116619378328323,0.058775097131729126
frame_003442.png,frame_003443.png,0.2021273970603943,0.055557817220687866,0.22435757517814636,-0.0750441700220108,0.029198043048381805,0.06390833854675293
frame_003443.png,frame_003444.png,0.20941239595413208,0.05541115999221802,0.21887248754501343,-0.07465238869190216,0.030863426625728607,0.07137766480445862
frame_003444.png,frame_003445.png,0.21854159235954285,0.05613338202238083,0.20987239480018616,-0.07685983926057816,0.03372929245233536,0.0757480263710022
frame_003445.png,frame_003446.png,0.2303065061569214,0.05473630130290985,0.20264017581939697,-0.07799433916807175,0.0352819561958313,0.08035161346197128
frame_003446.png,frame_003447.png,0.23979386687278748,0.05282305181026459,0.20342698693275452,-0.07914736866950989,0.03514841943979263,0.0852634385228157
frame_003447.png,frame_003448.png,0.24798238277435303,0.049531325697898865,0.2096271514892578,-0.0767287015914917,0.033586032688617706,0.08694790303707123
frame_003448.png,frame_003449.png,0.2555968761444092,0.04847205430269241,0.2155930995941162,-0.06986354291439056,0.031001470983028412,0.08614744246006012
frame_003449.png,frame_003450.png,0.2575916349887848,0.04807575047016144,0.22401957213878632,-0.06274327635765076,0.027925662696361542,0.08226832747459412
frame_003450.png,frame_003451.png,0.2577803134918213,0.05228755623102188,0.2337985634803772,-0.05657258257269859,0.025375284254550934,0.07716776430606842
frame_003451.png,frame_003452.png,0.2547411024570465,0.059794872999191284,0.24627700448036194,-0.0506381094455719,0.023253750056028366,0.07010535895824432
frame_003452.png,frame_003453.png,0.2483575940132141,0.06608914583921432,0.2591208815574646,-0.0487489178776741,0.021231897175312042,0.06277291476726532
frame_003453.png,frame_003454.png,0.24458938837051392,0.0637337863445282,0.2555760145187378,-0.03994778171181679,0.018764905631542206,0.06658205389976501
frame_003454.png,frame_003455.png,0.24160879850387573,0.06288208812475204,0.2586287558078766,-0.030689235776662827,0.017819181084632874,0.06812623888254166
frame_003455.png,frame_003456.png,0.21935653686523438,0.059498660266399384,0.2767355144023895,-0.03724110871553421,0.02123090997338295,0.06193156540393829
frame_003456.png,frame_003457.png,0.19021201133728027,0.07361096888780594,0.3150025010108948,-0.04280175641179085,0.02799609676003456,0.0388350673019886
frame_003457.png,frame_003458.png,0.1640501618385315,0.07335411757230759,0.3400176763534546,-0.04569060727953911,0.03370560333132744,0.02301716059446335
frame_003458.png,frame_003459.png,0.15869615972042084,0.06783629208803177,0.34182170033454895,-0.010344143025577068,0.032606225460767746,0.026455387473106384
frame_003459.png,frame_003460.png,0.16155079007148743,0.07135284692049026,0.3451908826828003,0.0013030515983700752,0.024037547409534454,0.023225408047437668
frame_003460.png,frame_003461.png,0.17413398623466492,0.07235778123140335,0.3552529513835907,-0.008037238381803036,0.03478124737739563,0.019025828689336777
frame_003461.png,frame_003462.png,0.16068245470523834,0.06857500970363617,0.37396129965782166,-0.01816287264227867,0.029855884611606598,0.04400208964943886
frame_003462.png,frame_003463.png,0.14869797229766846,0.05324020981788635,0.3647824823856354,-0.02118290588259697,0.02964956685900688,0.04991874843835831
frame_003463.png,frame_003464.png,0.15400007367134094,0.04881288856267929,0.38038623332977295,-0.0161113403737545,0.030338499695062637,0.05843249708414078
frame_003464.png,frame_003465.png,0.1728951781988144,0.048307813704013824,0.4058280289173126,-0.013861658982932568,0.03282672166824341,0.06323836743831635
frame_003465.png,frame_003466.png,0.1743181347846985,0.05175653100013733,0.42137160897254944,-0.0219462551176548,0.028139419853687286,0.054612986743450165
frame_003466.png,frame_003467.png,0.1758774369955063,0.05487843602895737,0.420309841632843,-0.019818127155303955,0.02055194228887558,0.03636235371232033
frame_003467.png,frame_003468.png,0.18274632096290588,0.057091958820819855,0.4223627746105194,-0.016645532101392746,0.01761728897690773,0.020375758409500122
frame_003468.png,frame_003469.png,0.18184629082679749,0.05668504536151886,0.4259093701839447,-0.01512704323977232,0.01591571420431137,0.006644857116043568
frame_003469.png,frame_003470.png,0.17505308985710144,0.049329645931720734,0.4310469925403595,-0.018206067383289337,0.013373649679124355,-0.0002412768080830574
frame_003470.png,frame_003471.png,0.16504457592964172,0.04064827412366867,0.4433266222476959,-0.023229453712701797,0.012849993072450161,-0.002714979462325573
frame_003471.png,frame_003472.png,0.15819492936134338,0.0355042889714241,0.44380760192871094,-0.028983809053897858,0.011640735901892185,-0.01030572410672903
frame_003472.png,frame_003473.png,0.17468397319316864,0.03721209615468979,0.4390339255332947,-0.02717835083603859,0.008747993968427181,0.00528195034712553
frame_003473.png,frame_003474.png,0.20077282190322876,0.037433259189128876,0.4283272922039032,-0.01969202235341072,0.006981260143220425,0.039986465126276016
frame_003474.png,frame_003475.png,0.20088061690330505,0.046186111867427826,0.42389389872550964,-0.016599934548139572,0.006737056188285351,0.07105860114097595
frame_003475.png,frame_003476.png,0.21714365482330322,0.058028966188430786,0.40825721621513367,-0.00881961826235056,0.012274269014596939,0.07039186358451843
frame_003476.png,frame_003477.png,0.20783904194831848,0.06323859840631485,0.3886895179748535,0.0034238481894135475,0.0060465382412076,0.06879274547100067
frame_003477.png,frame_003478.png,0.19355779886245728,0.06070060282945633,0.3714353144168854,0.008968503214418888,0.006661738269031048,0.05995459109544754
frame_003478.png,frame_003479.png,0.18245023488998413,0.05470607429742813,0.3458033800125122,0.012215313501656055,0.014399969018995762,0.044393766671419144
frame_003479.png,frame_003480.png,0.18939423561096191,0.03942664712667465,0.32180023193359375,-0.013411643914878368,0.016214456409215927,0.04788636043667793
frame_003480.png,frame_003481.png,0.21004942059516907,0.031269267201423645,0.278750479221344,-0.021238617599010468,0.012955348007380962,0.06070869415998459
frame_003481.png,frame_003482.png,0.21672722697257996,0.03227657079696655,0.23015040159225464,-0.032207898795604706,0.007286611013114452,0.05964047461748123
frame_003482.png,frame_003483.png,0.21646523475646973,0.04231305420398712,0.2177644520998001,-0.02207048609852791,0.0061626797541975975,0.05455972999334335
frame_003483.png,frame_003484.png,0.19897820055484772,0.04670044034719467,0.2347058355808258,-0.012253775261342525,0.009537558071315289,0.047453150153160095
frame_003484.png,frame_003485.png,0.17852620780467987,0.050883106887340546,0.2578440010547638,-0.008949239738285542,0.01104296650737524,0.040021009743213654
frame_003485.png,frame_003486.png,0.17112071812152863,0.057105787098407745,0.2860378921031952,-0.008002067916095257,0.016966111958026886,0.0403507798910141
frame_003486.png,frame_003487.png,0.15812470018863678,0.051199644804000854,0.2852902412414551,-0.01896178349852562,0.019358213990926743,0.052912428975105286
frame_003487.png,frame_003488.png,0.15681391954421997,0.03814613074064255,0.27007147669792175,-0.03263815492391586,0.02310885861515999,0.05902835726737976
frame_003488.png,frame_003489.png,0.14653094112873077,0.026359327137470245,0.28338077664375305,-0.06909430027008057,0.03413999080657959,0.06112324446439743
frame_003489.png,frame_003490.png,0.1391759067773819,0.023931287229061127,0.28989559412002563,-0.10115106403827667,0.04238337278366089,0.056741371750831604
frame_003490.png,frame_003491.png,0.13312901556491852,0.026227697730064392,0.29024356603622437,-0.13720488548278809,0.04706565663218498,0.06124669313430786
frame_003491.png,frame_003492.png,0.12633858621120453,0.03410717844963074,0.26980647444725037,-0.15795102715492249,0.051397524774074554,0.07169639319181442
frame_003492.png,frame_003493.png,0.12027784436941147,0.042420364916324615,0.2472458779811859,-0.17531955242156982,0.05206581950187683,0.08528949320316315
frame_003493.png,frame_003494.png,0.11826851218938828,0.05965539813041687,0.24322140216827393,-0.19219925999641418,0.04811912775039673,0.09270519763231277
frame_003494.png,frame_003495.png,0.12327887117862701,0.07517518103122711,0.22885596752166748,-0.18320153653621674,0.04366666451096535,0.09671390801668167
frame_003495.png,frame_003496.png,0.11844401061534882,0.08303622156381607,0.20601786673069,-0.16799691319465637,0.03558865934610367,0.11031484603881836
frame_003496.png,frame_003497.png,0.11988945305347443,0.08368996530771255,0.17730027437210083,-0.14886818826198578,0.030856985598802567,0.11659036576747894
frame_003497.png,frame_003498.png,0.1320061981678009,0.0748516097664833,0.1451001912355423,-0.12846621870994568,0.0268043652176857,0.1222117692232132
frame_003498.png,frame_003499.png,0.1406601369380951,0.07117283344268799,0.1174619048833847,-0.11025407165288925,0.01991347409784794,0.12590572237968445
frame_003499.png,frame_003500.png,0.14520969986915588,0.07428181916475296,0.11017802357673645,-0.09142983704805374,0.014338530600070953,0.11904062330722809
frame_003500.png,frame_003501.png,0.15509217977523804,0.08608625084161758,0.1098862737417221,-0.08454395085573196,0.010847590863704681,0.11164344847202301
frame_003501.png,frame_003502.png,0.1445937305688858,0.09714669734239578,0.1270962357521057,-0.06429999321699142,0.01154312677681446,0.10072920471429825
frame_003502.png,frame_003503.png,0.13050034642219543,0.11066531389951706,0.14377634227275848,-0.05426505208015442,0.006538702175021172,0.0859118178486824
frame_003503.png,frame_003504.png,0.12393197417259216,0.12078135460615158,0.14620301127433777,-0.051448240876197815,0.0005832565948367119,0.07443994283676147
frame_003504.png,frame_003505.png,0.12702608108520508,0.12901490926742554,0.14556539058685303,-0.051538772881031036,-0.005919511429965496,0.06712200492620468
frame_003505.png,frame_003506.png,0.13250276446342468,0.13235706090927124,0.14372190833091736,-0.053068485110998154,-0.009714723564684391,0.0676327794790268
frame_003506.png,frame_003507.png,0.14016374945640564,0.1372327208518982,0.14910125732421875,-0.057176291942596436,-0.011040410958230495,0.0693744421005249
frame_003507.png,frame_003508.png,0.14790546894073486,0.1395474672317505,0.1535797268152237,-0.05996827408671379,-0.010739869438111782,0.06970445811748505
frame_003508.png,frame_003509.png,0.15490272641181946,0.14275074005126953,0.15879034996032715,-0.05994117259979248,-0.009966480545699596,0.0672527328133583
frame_003509.png,frame_003510.png,0.15893477201461792,0.1433981955051422,0.16053853929042816,-0.06211986392736435,-0.010153505019843578,0.06155557930469513
frame_003510.png,frame_003511.png,0.1548399031162262,0.14045622944831848,0.16624721884727478,-0.062455855309963226,-0.011507679708302021,0.05822291970252991
frame_003511.png,frame_003512.png,0.14326763153076172,0.13836133480072021,0.172138512134552,-0.06271131336688995,-0.0115134222432971,0.05895072966814041
frame_003512.png,frame_003513.png,0.12515109777450562,0.1328459084033966,0.17925694584846497,-0.06077798083424568,-0.009879271499812603,0.06730550527572632
frame_003513.png,frame_003514.png,0.1051073670387268,0.12621083855628967,0.1837472915649414,-0.05448319390416145,-0.00894771609455347,0.07573240995407104
frame_003514.png,frame_003515.png,0.08583956211805344,0.12090335041284561,0.19103063642978668,-0.05140076205134392,-0.00950514618307352,0.08484490215778351
frame_003515.png,frame_003516.png,0.08989401161670685,0.11864519864320755,0.18309500813484192,-0.046063050627708435,-0.0084890341386199,0.08589018881320953
frame_003516.png,frame_003517.png,0.08854630589485168,0.11297912150621414,0.1650789976119995,-0.04392096772789955,-0.006703038699924946,0.07171215116977692
frame_003517.png,frame_003518.png,0.10363657772541046,0.11007160693407059,0.15232017636299133,-0.0498143695294857,-0.002070167101919651,0.06893536448478699
frame_003518.png,frame_003519.png,0.10781745612621307,0.09252917021512985,0.13357152044773102,-0.051964495331048965,0.0010801469907164574,0.09229874610900879
frame_003519.png,frame_003520.png,0.11225778609514236,0.08486699312925339,0.12377488613128662,-0.07443355023860931,0.013574931770563126,0.08653883635997772
frame_003520.png,frame_003521.png,0.09551645070314407,0.07385697960853577,0.1573900729417801,-0.10479185730218887,0.028451278805732727,0.08265524357557297
frame_003521.png,frame_003522.png,0.05375552922487259,0.06701365858316422,0.20630374550819397,-0.1287652552127838,0.037916045635938644,0.0856383740901947
frame_003522.png,frame_003523.png,0.04393395036458969,0.0495680570602417,0.2547098398208618,-0.1467866599559784,0.0460505336523056,0.11548985540866852
frame_003523.png,frame_003524.png,0.04841366410255432,0.05625694990158081,0.29460716247558594,-0.1380518674850464,0.05819311365485191,0.09964727610349655
frame_003524.png,frame_003525.png,0.03660595417022705,0.05465536564588547,0.3310663402080536,-0.11801543831825256,0.051305025815963745,0.11183998733758926
frame_003525.png,frame_003526.png,0.04548368230462074,0.07181089371442795,0.3510967791080475,-0.07398459315299988,0.04417309910058975,0.09454841911792755
frame_003526.png,frame_003527.png,0.0726817399263382,0.07958590239286423,0.32826244831085205,-0.031915053725242615,0.03632662072777748,0.10450875014066696
frame_003527.png,frame_003528.png,0.11427012085914612,0.0870639756321907,0.2685471773147583,-0.01880405843257904,0.022030144929885864,0.1105959340929985
frame_003528.png,frame_003529.png,0.14663076400756836,0.09029389172792435,0.22422455251216888,-0.015192768536508083,0.008982186205685139,0.10272994637489319
frame_003529.png,frame_003530.png,0.16790863871574402,0.08323214203119278,0.2157871276140213,-0.018256917595863342,0.003946560434997082,0.09539209306240082
frame_003530.png,frame_003531.png,0.18350115418434143,0.08580461889505386,0.2223602533340454,-0.02730562910437584,0.004907366819679737,0.08888159692287445
frame_003531.png,frame_003532.png,0.1913386434316635,0.08993496745824814,0.22337689995765686,-0.0256832093000412,0.004943594336509705,0.08027102798223495
frame_003532.png,frame_003533.png,0.195002943277359,0.09650992602109909,0.22709962725639343,-0.026280172169208527,0.004300473257899284,0.07228109240531921
frame_003533.png,frame_003534.png,0.19865533709526062,0.10262567549943924,0.23467481136322021,-0.029393766075372696,0.0024318723008036613,0.06880007684230804
frame_003534.png,frame_003535.png,0.21412327885627747,0.1095908060669899,0.24503666162490845,-0.03666730597615242,2.6083551347255707e-05,0.06256265938282013
frame_003535.png,frame_003536.png,0.21826696395874023,0.10702178627252579,0.2499919831752777,-0.044737137854099274,-0.002867351286113262,0.05543322116136551
frame_003536.png,frame_003537.png,0.22201713919639587,0.09839228540658951,0.2549057900905609,-0.04872285574674606,-7.170718163251877e-05,0.04977719485759735
frame_003537.png,frame_003538.png,0.21718361973762512,0.08819914609193802,0.2533278167247772,-0.04930846393108368,0.004842381924390793,0.038026757538318634
frame_003538.png,frame_003539.png,0.20862862467765808,0.07625957578420639,0.24141564965248108,-0.039228715002536774,0.005021274089813232,0.03087572008371353
frame_003539.png,frame_003540.png,0.20515157282352448,0.06557656079530716,0.21646839380264282,-0.012934344820678234,0.00561500433832407,0.015683531761169434
frame_003540.png,frame_003541.png,0.19863548874855042,0.05634598433971405,0.2107386589050293,0.0028306366875767708,0.005997081287205219,-0.0011984165757894516
frame_003541.png,frame_003542.png,0.19353032112121582,0.04305823892354965,0.23302796483039856,-0.0004916815087199211,0.0032873935997486115,-0.0029171928763389587
frame_003542.png,frame_003543.png,0.20056048035621643,0.0333038866519928,0.2646876275539398,0.001056457869708538,0.0038199322298169136,0.01014558132737875
frame_003543.png,frame_003544.png,0.21881729364395142,0.03413672000169754,0.26969486474990845,0.0028303423896431923,0.008510238490998745,0.010473624803125858
frame_003544.png,frame_003545.png,0.21727138757705688,0.035607583820819855,0.2729768455028534,0.007187266834080219,0.012015425600111485,0.0026419656351208687
frame_003545.png,frame_003546.png,0.21580573916435242,0.026679322123527527,0.27417683601379395,0.005260326899588108,0.0163738951086998,-0.0064586615189909935
frame_003546.png,frame_003547.png,0.20481985807418823,0.023685336112976074,0.2770589292049408,-0.00771879218518734,0.021433038637042046,-0.029000800102949142
frame_003547.png,frame_003548.png,0.18769687414169312,0.018987592309713364,0.2743394672870636,-0.01300322450697422,0.024750426411628723,-0.044701769948005676
frame_003548.png,frame_003549.png,0.17295441031455994,0.022493012249469757,0.2525666654109955,-0.012884702533483505,0.02510996162891388,-0.05687423795461655
frame_003549.png,frame_003550.png,0.16544713079929352,0.028747037053108215,0.24275240302085876,-0.013199036940932274,0.02748706191778183,-0.05718082934617996
frame_003550.png,frame_003551.png,0.15648949146270752,0.026652440428733826,0.2413051426410675,-0.0114749725908041,0.028701644390821457,-0.04953543841838837
frame_003551.png,frame_003552.png,0.1406257450580597,0.022483520209789276,0.2464493215084076,-0.009115532971918583,0.029119625687599182,-0.04174463823437691
frame_003552.png,frame_003553.png,0.1232714056968689,0.014933623373508453,0.2556135952472687,-0.008120892569422722,0.02850472554564476,-0.03329665586352348
frame_003553.png,frame_003554.png,0.11474363505840302,0.01170460507273674,0.2578881084918976,-0.008074791170656681,0.027858100831508636,-0.02613317221403122
frame_003554.png,frame_003555.png,0.11088468134403229,0.012776415795087814,0.25888538360595703,-0.004470693878829479,0.027131594717502594,-0.020946908742189407
frame_003555.png,frame_003556.png,0.10528689622879028,0.016026906669139862,0.2590724527835846,-0.00018150173127651215,0.02651260420680046,-0.018143795430660248
frame_003556.png,frame_003557.png,0.10000185668468475,0.02023548260331154,0.2606694996356964,0.003207222558557987,0.02642429992556572,-0.011468092910945415
frame_003557.png,frame_003558.png,0.09513268619775772,0.02207362651824951,0.2681606113910675,0.004950830712914467,0.02650940790772438,-0.010911109857261181
frame_003558.png,frame_003559.png,0.08974993973970413,0.019491657614707947,0.28219810128211975,0.007413740269839764,0.02719680219888687,-0.007951839827001095
frame_003559.png,frame_003560.png,0.08155536651611328,0.011488452553749084,0.29985538125038147,0.0058205220848321915,0.02686157450079918,-0.006974884308874607
frame_003560.png,frame_003561.png,0.06828202307224274,0.0027780532836914062,0.32118546962738037,0.005490702576935291,0.02712642401456833,-0.009225971065461636
frame_003561.png,frame_003562.png,0.054622832685709,-0.0017287880182266235,0.3425561487674713,0.0016883034259080887,0.026967257261276245,-0.012849546037614346
frame_003562.png,frame_003563.png,0.04378538951277733,-0.007429052144289017,0.36313602328300476,-0.003665456548333168,0.0294843390583992,-0.010145924054086208
frame_003563.png,frame_003564.png,0.031065575778484344,-0.016106611117720604,0.37895530462265015,-0.010079978965222836,0.030188214033842087,-0.007014784030616283
frame_003564.png,frame_003565.png,0.018425166606903076,-0.01863502524793148,0.38341933488845825,-0.017440857365727425,0.027346353977918625,-0.009408931247889996
frame_003565.png,frame_003566.png,0.016526415944099426,-0.014359816908836365,0.38262808322906494,-0.025064893066883087,0.02497478574514389,-0.007389935664832592
frame_003566.png,frame_003567.png,0.02087729424238205,-0.012822343036532402,0.3815510869026184,-0.03357347100973129,0.023188110440969467,-0.0037845252081751823
frame_003567.png,frame_003568.png,0.027305670082569122,-0.011375201866030693,0.3778538405895233,-0.03899495303630829,0.020999234169721603,2.0318664610385895e-05
frame_003568.png,frame_003569.png,0.033822447061538696,-0.010853426530957222,0.37512215971946716,-0.0421987883746624,0.02139001339673996,0.0015128673985600471
frame_003569.png,frame_003570.png,0.038563549518585205,-0.009734023362398148,0.37590453028678894,-0.04341735690832138,0.023276057094335556,0.0027594799175858498
frame_003570.png,frame_003571.png,0.038535118103027344,-0.008233115077018738,0.37991586327552795,-0.04619252309203148,0.02366456761956215,0.005117439664900303
frame_003571.png,frame_003572.png,0.036776211112737656,-0.006913922727108002,0.3802308738231659,-0.047201260924339294,0.024961937218904495,0.00810245517641306
frame_003572.png,frame_003573.png,0.03622005134820938,-0.0053840503096580505,0.37601080536842346,-0.044746965169906616,0.023457340896129608,0.01759287342429161
frame_003573.png,frame_003574.png,0.03863799199461937,-0.008217595517635345,0.36866581439971924,-0.04054660350084305,0.02028948813676834,0.027675732970237732
frame_003574.png,frame_003575.png,0.041673339903354645,-0.010546162724494934,0.3616849482059479,-0.03716910630464554,0.015410489402711391,0.030516497790813446
frame_003575.png,frame_003576.png,0.04822781682014465,-0.008109446614980698,0.35195788741111755,-0.032080989331007004,0.011804948560893536,0.02452719211578369
frame_003576.png,frame_003577.png,0.048905279487371445,-0.0031427815556526184,0.3473517894744873,-0.030868791043758392,0.007981671951711178,0.014999979175627232
frame_003577.png,frame_003578.png,0.05373195558786392,0.001040622591972351,0.3430197536945343,-0.025782305747270584,0.007529526017606258,0.011757486499845982
frame_003578.png,frame_003579.png,0.05584316328167915,0.0056704990565776825,0.34246331453323364,-0.023557208478450775,0.009257442317903042,0.012472589500248432
frame_003579.png,frame_003580.png,0.053834058344364166,0.010044068098068237,0.34328144788742065,-0.018946873024106026,0.009330223314464092,0.011259549297392368
frame_003580.png,frame_003581.png,0.051034681499004364,0.014722973108291626,0.340013712644577,-0.021183717995882034,0.007891013287007809,0.008249075151979923
frame_003581.png,frame_003582.png,0.05083999037742615,0.016577914357185364,0.3313489258289337,-0.021044757217168808,0.008773804642260075,0.005569689907133579
frame_003582.png,frame_003583.png,0.06143020838499069,0.01847076416015625,0.32400059700012207,-0.00960628129541874,0.013594011776149273,0.004431813023984432
frame_003583.png,frame_003584.png,0.06296317279338837,0.0211147740483284,0.337862491607666,-0.010626770555973053,0.0200079046189785,-0.0038320673629641533
frame_003584.png,frame_003585.png,0.05393995717167854,0.024124011397361755,0.3650954067707062,-0.020224783569574356,0.023970946669578552,-0.013956583105027676
frame_003585.png,frame_003586.png,0.04350835829973221,0.02672646939754486,0.3770522177219391,-0.024670559912919998,0.021319061517715454,-0.015192224644124508
frame_003586.png,frame_003587.png,0.03239127993583679,0.03070354461669922,0.38181155920028687,-0.025707785040140152,0.01431062538176775,-0.015283416025340557
frame_003587.png,frame_003588.png,0.02399028092622757,0.03885301202535629,0.38487955927848816,-0.026976097375154495,0.010138406418263912,-0.012405495159327984
frame_003588.png,frame_003589.png,0.03360780328512192,0.0462944433093071,0.37690022587776184,-0.021324031054973602,0.009988834150135517,0.0036988044157624245
frame_003589.png,frame_003590.png,0.0475086010992527,0.05362097918987274,0.36067190766334534,-0.005564775317907333,0.014998114667832851,0.01181322056800127
frame_003590.png,frame_003591.png,0.051633477210998535,0.04551436007022858,0.37939903140068054,-0.00011702068150043488,0.02434387058019638,0.02005445957183838
frame_003591.png,frame_003592.png,0.05120464414358139,0.023733526468276978,0.4014330804347992,0.010951385833323002,0.0326404832303524,0.03967491537332535
frame_003592.png,frame_003593.png,0.0356866829097271,0.0038749761879444122,0.4097900092601776,0.014282421208918095,0.037626828998327255,0.04841947928071022
frame_003593.png,frame_003594.png,0.0196867436170578,-0.0132087841629982,0.4127943515777588,0.008441093377768993,0.04065150022506714,0.038386840373277664
frame_003594.png,frame_003595.png,0.021026551723480225,-0.021063435822725296,0.4141024649143219,-0.0051253791898489,0.048799172043800354,0.006896470673382282
frame_003595.png,frame_003596.png,0.023500904440879822,-0.023135241121053696,0.41988834738731384,-0.01898529753088951,0.05607495456933975,-0.015291030518710613
frame_003596.png,frame_003597.png,0.029680751264095306,-0.03226437419652939,0.41389819979667664,-0.026144906878471375,0.05913890525698662,-0.028764262795448303
frame_003597.png,frame_003598.png,0.031048931181430817,-0.032738879323005676,0.41759538650512695,-0.03232501074671745,0.06146472692489624,-0.03510087728500366
frame_003598.png,frame_003599.png,0.03419293090701103,-0.030930964276194572,0.413540244102478,-0.03333868086338043,0.05315947160124779,-0.02771153673529625
frame_003599.png,frame_003600.png,0.046484507620334625,-0.02575586549937725,0.39188000559806824,-0.02327929064631462,0.03816536068916321,-0.023600537329912186
frame_003600.png,frame_003601.png,0.06542786955833435,-0.019743451848626137,0.3641819655895233,-0.011346000246703625,0.024039078503847122,-0.022624380886554718
frame_003601.png,frame_003602.png,0.08955497294664383,-0.015250951051712036,0.3374006152153015,-0.0017751967534422874,0.012705694884061813,-0.01877714693546295
frame_003602.png,frame_003603.png,0.12310358881950378,-0.0066449567675590515,0.30481311678886414,0.009513945318758488,0.002734050154685974,-0.013038002885878086
frame_003603.png,frame_003604.png,0.1547904908657074,-0.0013791881501674652,0.28826162219047546,0.015970252454280853,-0.006548210978507996,-0.0063473815098404884
frame_003604.png,frame_003605.png,0.17436660826206207,0.0038629546761512756,0.2769317030906677,0.01995106413960457,-0.014501282013952732,-0.0035980241373181343
frame_003605.png,frame_003606.png,0.19312068819999695,0.007905866950750351,0.2758387327194214,0.021043315529823303,-0.019997432827949524,0.002058125101029873
frame_003606.png,frame_003607.png,0.20735079050064087,0.010386422276496887,0.2782418429851532,0.01819368079304695,-0.025865286588668823,0.008701483719050884
frame_003607.png,frame_003608.png,0.21514734625816345,0.011508528143167496,0.28701820969581604,0.019158873707056046,-0.027313556522130966,0.017549116164445877
frame_003608.png,frame_003609.png,0.21716472506523132,0.016246162354946136,0.2984863221645355,0.023591186851263046,-0.02791367471218109,0.024080052971839905
frame_003609.png,frame_003610.png,0.22464409470558167,0.02393660694360733,0.3119047284126282,0.021902084350585938,-0.029110610485076904,0.04271220788359642
frame_003610.png,frame_003611.png,0.2306467592716217,0.029842965304851532,0.3210051357746124,0.014015470631420612,-0.028697945177555084,0.07245340943336487
frame_003611.png,frame_003612.png,0.23927709460258484,0.037507183849811554,0.328264981508255,0.009958331473171711,-0.02538478747010231,0.09193886071443558
frame_003612.png,frame_003613.png,0.24930670857429504,0.04013141244649887,0.3339656889438629,0.006368548609316349,-0.021961789578199387,0.09660196304321289
frame_003613.png,frame_003614.png,0.25793325901031494,0.04367198050022125,0.33797499537467957,0.005296510644257069,-0.01805967092514038,0.09380654990673065
frame_003614.png,frame_003615.png,0.2632322311401367,0.04419855773448944,0.33692115545272827,0.0027018049731850624,-0.017725422978401184,0.08949305862188339
frame_003615.png,frame_003616.png,0.26242589950561523,0.0424237996339798,0.34193170070648193,-0.004332142882049084,-0.013973751105368137,0.0792081356048584
frame_003616.png,frame_003617.png,0.24945491552352905,0.04288473725318909,0.35446253418922424,-0.016788393259048462,-0.00947145838290453,0.06303511559963226
frame_003617.png,frame_003618.png,0.23468250036239624,0.042712099850177765,0.3684364855289459,-0.025656133890151978,-0.004234439693391323,0.051323309540748596
frame_003618.png,frame_003619.png,0.22435814142227173,0.04192323237657547,0.37688931822776794,-0.030423171818256378,-0.0019935788586735725,0.04812603071331978
frame_003619.png,frame_003620.png,0.22152310609817505,0.03916114568710327,0.37875860929489136,-0.030445445328950882,-0.00014115963131189346,0.050730809569358826
frame_003620.png,frame_003621.png,0.2281777560710907,0.03641010820865631,0.37492045760154724,-0.021022967994213104,-0.00015426147729158401,0.0596768856048584
frame_003621.png,frame_003622.png,0.23423457145690918,0.0383787527680397,0.37484320998191833,-0.013593842275440693,-0.0007883394137024879,0.06453260779380798
frame_003622.png,frame_003623.png,0.2424076497554779,0.03953973203897476,0.37177518010139465,-0.005045688711106777,-0.003195050172507763,0.074180006980896
frame_003623.png,frame_003624.png,0.2505582571029663,0.043722182512283325,0.3700390160083771,-0.0003355974331498146,-0.008500714786350727,0.09150657057762146
frame_003624.png,frame_003625.png,0.25793150067329407,0.052791811525821686,0.36489543318748474,0.0026467079296708107,-0.014013365842401981,0.10599121451377869
frame_003625.png,frame_003626.png,0.2715347409248352,0.05607212334871292,0.33836284279823303,0.006734699942171574,-0.016813460737466812,0.1160094290971756
frame_003626.png,frame_003627.png,0.2852723300457001,0.06749705970287323,0.3283188045024872,0.010850374586880207,-0.016712743788957596,0.11039704084396362
frame_003627.png,frame_003628.png,0.28360551595687866,0.0825892761349678,0.3306442201137543,0.016165394335985184,-0.017015673220157623,0.09512902796268463
frame_003628.png,frame_003629.png,0.26419100165367126,0.09997845441102982,0.332121878862381,0.021091975271701813,-0.01902102306485176,0.07505027204751968
frame_003629.png,frame_003630.png,0.23742663860321045,0.11252505332231522,0.3339727818965912,0.015893127769231796,-0.023071788251399994,0.05847308039665222
frame_003630.png,frame_003631.png,0.2171015441417694,0.12176940590143204,0.34716862440109253,0.0058803865686059,-0.018991056829690933,0.05317142605781555
frame_003631.png,frame_003632.png,0.20359084010124207,0.1215757206082344,0.3494572341442108,-0.0065635694190859795,-0.018178176134824753,0.05324167013168335
frame_003632.png,frame_003633.png,0.198537677526474,0.11825311928987503,0.34479907155036926,-0.012962180189788342,-0.016550052911043167,0.05599471926689148
frame_003633.png,frame_003634.png,0.1883980631828308,0.11505857855081558,0.33271488547325134,-0.013604863546788692,-0.02057759463787079,0.05579127371311188
frame_003634.png,frame_003635.png,0.17798860371112823,0.1111413761973381,0.32532232999801636,-0.01001854706555605,-0.02429911494255066,0.054856881499290466
frame_003635.png,frame_003636.png,0.1717415750026703,0.10740498453378677,0.3213129937648773,-0.0067608533427119255,-0.027597889304161072,0.056362442672252655
frame_003636.png,frame_003637.png,0.16117089986801147,0.10560739785432816,0.33039215207099915,-0.00856961589306593,-0.02793535217642784,0.04701860994100571
frame_003637.png,frame_003638.png,0.15591368079185486,0.10764621943235397,0.3350038528442383,-0.005546639673411846,-0.029965553432703018,0.04234040528535843
frame_003638.png,frame_003639.png,0.1487729400396347,0.10490167886018753,0.34757256507873535,-0.016148075461387634,-0.029682744294404984,0.03675873577594757
frame_003639.png,frame_003640.png,0.14551107585430145,0.10276032239198685,0.35902151465415955,-0.019493088126182556,-0.02884514629840851,0.03120724856853485
frame_003640.png,frame_003641.png,0.1463494896888733,0.10184044390916824,0.3634500801563263,-0.01971970498561859,-0.02819810062646866,0.027247294783592224
frame_003641.png,frame_003642.png,0.14578081667423248,0.0993812307715416,0.35818788409233093,-0.019284401088953018,-0.026566434651613235,0.02237144112586975
frame_003642.png,frame_003643.png,0.14659377932548523,0.09662158042192459,0.35493651032447815,-0.019467025995254517,-0.024611089378595352,0.01811223477125168
frame_003643.png,frame_003644.png,0.14633925259113312,0.09220636636018753,0.350622296333313,-0.016835127025842667,-0.021031692624092102,0.013895963318645954
frame_003644.png,frame_003645.png,0.14309941232204437,0.08481428772211075,0.3490271270275116,-0.012166503816843033,-0.018620986491441727,0.012006332166492939
frame_003645.png,frame_003646.png,0.13344168663024902,0.08181522786617279,0.35087850689888,-0.01168892439454794,-0.0162687748670578,0.007887349463999271
frame_003646.png,frame_003647.png,0.12602598965168,0.0808846652507782,0.35506945848464966,-0.00882861576974392,-0.01480164285749197,0.0043616751208901405
frame_003647.png,frame_003648.png,0.11669865250587463,0.08090180903673172,0.3608427047729492,-0.005590613000094891,-0.012347462587058544,-0.003248537890613079
frame_003648.png,frame_003649.png,0.10737074166536331,0.07821417599916458,0.3621033728122711,-0.0005646953359246254,-0.008886943571269512,-0.012564255855977535
frame_003649.png,frame_003650.png,0.10769638419151306,0.08049530535936356,0.3651197850704193,0.006303553469479084,-0.00537943746894598,-0.02293621376156807
frame_003650.png,frame_003651.png,0.11206784099340439,0.08305273205041885,0.3677137494087219,0.01320697832852602,-0.001209610141813755,-0.03488887473940849
frame_003651.png,frame_003652.png,0.11769425868988037,0.08079276233911514,0.36674419045448303,0.019462626427412033,0.002912028692662716,-0.043332017958164215
frame_003652.png,frame_003653.png,0.12013140320777893,0.07717487961053848,0.36456137895584106,0.022529616951942444,0.0077858297154307365,-0.048039890825748444
frame_003653.png,frame_003654.png,0.13124023377895355,0.07162279635667801,0.3610703647136688,0.023976963013410568,0.012221458368003368,-0.048431146889925
frame_003654.png,frame_003655.png,0.13642103970050812,0.06475261598825455,0.35838860273361206,0.02388487383723259,0.015963949263095856,-0.045393481850624084
frame_003655.png,frame_003656.png,0.14176496863365173,0.059768639504909515,0.3563888370990753,0.025153279304504395,0.019686058163642883,-0.04135827720165253
frame_003656.png,frame_003657.png,0.14357435703277588,0.05158389359712601,0.35354846715927124,0.02700333297252655,0.023179594427347183,-0.03903641179203987
frame_003657.png,frame_003658.png,0.14484457671642303,0.04426494240760803,0.3551330864429474,0.02129271626472473,0.022296160459518433,-0.036694131791591644
frame_003658.png,frame_003659.png,0.13996882736682892,0.034556224942207336,0.3564368188381195,0.015546794049441814,0.020367365330457687,-0.033040452748537064
frame_003659.png,frame_003660.png,0.13691377639770508,0.026091642677783966,0.3731902241706848,0.009479513391852379,0.01975267007946968,-0.02952123060822487
frame_003660.png,frame_003661.png,0.13531138002872467,0.019312113523483276,0.3849673569202423,0.0035244515165686607,0.020344944670796394,-0.027555610984563828
frame_003661.png,frame_003662.png,0.1426542103290558,0.01724311336874962,0.3892892301082611,-0.0033405059948563576,0.02123456448316574,-0.03051815554499626
frame_003662.png,frame_003663.png,0.1506047397851944,0.015362650156021118,0.39153972268104553,-0.004712856374680996,0.021244309842586517,-0.03268106281757355
frame_003663.png,frame_003664.png,0.15603435039520264,0.015400003641843796,0.390716552734375,-0.006230383180081844,0.020852915942668915,-0.03808656334877014
frame_003664.png,frame_003665.png,0.16153088212013245,0.0168776698410511,0.39390867948532104,-0.005550086498260498,0.019850682467222214,-0.042291633784770966
frame_003665.png,frame_003666.png,0.16445370018482208,0.016652610152959824,0.3956463634967804,-0.006597497500479221,0.02006024494767189,-0.045565154403448105
frame_003666.png,frame_003667.png,0.17279979586601257,0.020379573106765747,0.3916510045528412,-0.007399343885481358,0.020532749593257904,-0.050774283707141876
frame_003667.png,frame_003668.png,0.17961379885673523,0.02356264740228653,0.38312405347824097,-0.0035742241889238358,0.02038642019033432,-0.055835090577602386
frame_003668.png,frame_003669.png,0.1870829313993454,0.026012971997261047,0.3743448555469513,-0.0007856069132685661,0.02048049122095108,-0.05826085805892944
frame_003669.png,frame_003670.png,0.19182316958904266,0.027956165373325348,0.3666928708553314,0.0018574772402644157,0.021114561706781387,-0.05789243429899216
frame_003670.png,frame_003671.png,0.19329765439033508,0.02802727371454239,0.362566202878952,0.0015927711501717567,0.020679015666246414,-0.058574944734573364
frame_003671.png,frame_003672.png,0.19562210142612457,0.029338441789150238,0.35865506529808044,0.0026198402047157288,0.020921897143125534,-0.05944563448429108
frame_003672.png,frame_003673.png,0.19229182600975037,0.02913496643304825,0.3573678731918335,0.0017980141565203667,0.02160843089222908,-0.05900394544005394
frame_003673.png,frame_003674.png,0.18962115049362183,0.029033400118350983,0.3571041524410248,-0.0003352724015712738,0.02220740169286728,-0.060145940631628036
frame_003674.png,frame_003675.png,0.1877555102109909,0.028387241065502167,0.3556019961833954,0.00017901510000228882,0.0230824276804924,-0.058894842863082886
frame_003675.png,frame_003676.png,0.18876872956752777,0.029863104224205017,0.3529360890388489,0.0002868594601750374,0.02572648972272873,-0.056668784469366074
frame_003676.png,frame_003677.png,0.18980956077575684,0.031486399471759796,0.34537890553474426,-0.001946825534105301,0.026888985186815262,-0.05697344243526459
frame_003677.png,frame_003678.png,0.19303357601165771,0.03207375854253769,0.3375193178653717,-0.003506142646074295,0.027588296681642532,-0.0570942685008049
frame_003678.png,frame_003679.png,0.19466732442378998,0.031612321734428406,0.3292749226093292,-0.006341136060655117,0.030193977057933807,-0.05555170029401779
frame_003679.png,frame_003680.png,0.19389697909355164,0.028830982744693756,0.3263058364391327,-0.00716005265712738,0.03340080380439758,-0.05430601164698601
frame_003680.png,frame_003681.png,0.1872696578502655,0.02504420280456543,0.3277638852596283,-0.004239112138748169,0.03431408107280731,-0.054350346326828
frame_003681.png,frame_003682.png,0.1600954830646515,0.012576740235090256,0.34899434447288513,-0.0015834132209420204,0.034222234040498734,-0.04688800126314163
frame_003682.png,frame_003683.png,0.12498018145561218,-0.0018323250114917755,0.37904080748558044,0.003174928016960621,0.03372170403599739,-0.03286469355225563
frame_003683.png,frame_003684.png,0.1020456850528717,-0.014256346970796585,0.4053898751735687,0.008407233282923698,0.036969054490327835,-0.021619852632284164
frame_003684.png,frame_003685.png,0.09051024913787842,-0.021459918469190598,0.42230525612831116,0.011312861926853657,0.038739755749702454,-0.012584573589265347
frame_003685.png,frame_003686.png,0.08625995367765427,-0.02623044326901436,0.439548522233963,0.016837559640407562,0.03973941132426262,-0.00908117275685072
frame_003686.png,frame_003687.png,0.08198270946741104,-0.027183813974261284,0.44635769724845886,0.023296013474464417,0.03697871044278145,-0.008774618618190289
frame_003687.png,frame_003688.png,0.08151435852050781,-0.025343284010887146,0.4475037157535553,0.02858004719018936,0.03333504498004913,-0.008811741136014462
frame_003688.png,frame_003689.png,0.08191027492284775,-0.02431860938668251,0.4432554543018341,0.03177807107567787,0.029402077198028564,-0.009522817097604275
frame_003689.png,frame_003690.png,0.07993093878030777,-0.022798314690589905,0.446055144071579,0.03306500241160393,0.028956372290849686,-0.007078780792653561
frame_003690.png,frame_003691.png,0.07947756350040436,-0.023559894412755966,0.4513462483882904,0.03364560008049011,0.02911987155675888,-0.005890137515962124
frame_003691.png,frame_003692.png,0.07496596872806549,-0.026010457426309586,0.45702239871025085,0.033523332327604294,0.031045228242874146,-0.0038740811869502068
frame_003692.png,frame_003693.png,0.06921281665563583,-0.027560735121369362,0.4640469253063202,0.03390809893608093,0.031987566500902176,-0.0008068298920989037
frame_003693.png,frame_003694.png,0.06352420151233673,-0.028745079413056374,0.4704761207103729,0.032308585941791534,0.03216322883963585,0.004161478020250797
frame_003694.png,frame_003695.png,0.05946327745914459,-0.031115779653191566,0.4707154929637909,0.030703753232955933,0.03253116086125374,0.000356488861143589
frame_003695.png,frame_003696.png,0.05730024725198746,-0.031382542103528976,0.4685523509979248,0.02920708805322647,0.0322335846722126,-0.0023439964279532433
frame_003696.png,frame_003697.png,0.05634378641843796,-0.03277401626110077,0.46462321281433105,0.02885543555021286,0.031440846621990204,-0.005297373048961163
frame_003697.png,frame_003698.png,0.05530882254242897,-0.034186579287052155,0.46301326155662537,0.026067465543746948,0.03044690564274788,-0.005971810780465603
frame_003698.png,frame_003699.png,0.05518576130270958,-0.034418560564517975,0.4637468159198761,0.02421833574771881,0.02951033040881157,-0.007216262631118298
frame_003699.png,frame_003700.png,0.057932786643505096,-0.03397507220506668,0.4643418490886688,0.02277655526995659,0.028515610843896866,-0.007278512232005596
frame_003700.png,frame_003701.png,0.06014597788453102,-0.034654032438993454,0.46501803398132324,0.021261565387248993,0.029454849660396576,-0.009064733050763607
frame_003701.png,frame_003702.png,0.061438724398612976,-0.033828750252723694,0.4603510797023773,0.017683058977127075,0.032305147498846054,-0.012299477122724056
frame_003702.png,frame_003703.png,0.06705114245414734,-0.03367766737937927,0.45763567090034485,0.01685444265604019,0.032720502465963364,-0.015792615711688995
frame_003703.png,frame_003704.png,0.06802599877119064,-0.0338379368185997,0.45511409640312195,0.018662892282009125,0.03241271898150444,-0.01665576547384262
frame_003704.png,frame_003705.png,0.0652146190404892,-0.035238683223724365,0.45363032817840576,0.018367290496826172,0.032108381390571594,-0.011738705448806286
frame_003705.png,frame_003706.png,0.06264865398406982,-0.03458687663078308,0.45742255449295044,0.022029034793376923,0.030922111123800278,-0.010286501608788967
frame_003706.png,frame_003707.png,0.05819863826036453,-0.024595089256763458,0.4563651978969574,0.012386594898998737,0.028514329344034195,-0.004232804290950298
frame_003707.png,frame_003708.png,0.0729595497250557,-0.03828583285212517,0.43656298518180847,0.04747994989156723,0.015760095790028572,-0.0009905798360705376
frame_003708.png,frame_003709.png,0.0877174362540245,-0.004774920642375946,0.40833941102027893,0.03368351608514786,-0.008358961902558804,0.011116527952253819
frame_003709.png,frame_003710.png,0.07080654054880142,0.018903017044067383,0.3669761121273041,-0.01884038746356964,-0.01568397879600525,-0.01961711049079895
frame_003710.png,frame_003711.png,0.0590641051530838,0.027702294290065765,0.34084251523017883,-0.06467391550540924,-0.004179392941296101,0.03429953753948212
frame_003711.png,frame_003712.png,0.042390208691358566,0.011431481689214706,0.26055458188056946,-0.07560887932777405,0.00900669489055872,0.06003017723560333
frame_003712.png,frame_003713.png,0.05701269954442978,0.0196806862950325,0.19415095448493958,-0.0704767182469368,0.011842827312648296,0.012028836645185947
frame_003713.png,frame_003714.png,0.09906750917434692,0.018765412271022797,0.17727550864219666,-0.08161944150924683,0.002085428684949875,0.00929273758083582
frame_003714.png,frame_003715.png,0.07374600321054459,-0.001605495810508728,0.17097288370132446,-0.06383820623159409,0.0037045730277895927,0.017690248787403107
frame_003715.png,frame_003716.png,0.029186856001615524,-0.019002242013812065,0.21941819787025452,-0.0705866813659668,-0.00032095424830913544,0.04317869618535042
frame_003716.png,frame_003717.png,-0.0027282387018203735,-0.021357940509915352,0.2676437199115753,-0.08475825190544128,0.004198375158011913,0.023477613925933838
frame_003717.png,frame_003718.png,-0.03252115100622177,-0.029986359179019928,0.26334887742996216,-0.07775108516216278,0.014760654419660568,0.0013465872034430504
frame_003718.png,frame_003719.png,-0.05779757350683212,-0.03991691768169403,0.23674872517585754,-0.06479567289352417,0.021823767572641373,-0.0011325636878609657
frame_003719.png,frame_003720.png,-0.056624941527843475,-0.04664025455713272,0.20218884944915771,-0.05635812133550644,0.02347589284181595,0.0003412002697587013
frame_003720.png,frame_003721.png,-0.04911794513463974,-0.04977652430534363,0.1929929256439209,-0.054611947387456894,0.02510879933834076,-0.012267855927348137
frame_003721.png,frame_003722.png,-0.010555140674114227,-0.03592498227953911,0.18747659027576447,-0.06358552724123001,0.035110361874103546,-0.02635164186358452
frame_003722.png,frame_003723.png,0.03656812757253647,-0.027152929455041885,0.18623089790344238,-0.06642270088195801,0.03916660323739052,-0.047833703458309174
frame_003723.png,frame_003724.png,0.0795775055885315,-0.01928887888789177,0.18887798488140106,-0.06757821887731552,0.040906473994255066,-0.05699731782078743
frame_003724.png,frame_003725.png,0.09686845541000366,-0.01355075091123581,0.19217613339424133,-0.06465791910886765,0.042763493955135345,-0.07167094200849533
frame_003725.png,frame_003726.png,0.10591006278991699,-0.01021961122751236,0.1948530673980713,-0.06456815451383591,0.040717437863349915,-0.07251887768507004
frame_003726.png,frame_003727.png,0.10777682065963745,-0.00911710038781166,0.1990271359682083,-0.06652451306581497,0.03773190453648567,-0.07092473655939102
frame_003727.png,frame_003728.png,0.11526766419410706,-0.013415072113275528,0.2081529200077057,-0.06805144250392914,0.038244619965553284,-0.07708949595689774
frame_003728.png,frame_003729.png,0.11613309383392334,-0.017337683588266373,0.24010935425758362,-0.09834612160921097,0.03983939811587334,-0.09386339038610458
frame_003729.png,frame_003730.png,0.17162060737609863,0.0020965859293937683,0.29819825291633606,-0.11754617094993591,0.05049114674329758,-0.07169297337532043
frame_003730.png,frame_003731.png,0.19550396502017975,0.009487006813287735,0.3010345995426178,-0.14406463503837585,0.04002493619918823,-0.028130516409873962
frame_003731.png,frame_003732.png,0.17914769053459167,0.03906722366809845,0.2940276563167572,-0.11228898912668228,0.039459142833948135,0.018237587064504623
frame_003732.png,frame_003733.png,0.13159960508346558,0.039409659802913666,0.25884154438972473,-0.10787304490804672,0.04667634516954422,0.019207868725061417
frame_003733.png,frame_003734.png,0.10878442227840424,0.038952477276325226,0.27573874592781067,-0.08563446998596191,0.0385742150247097,-0.02691587433218956
frame_003734.png,frame_003735.png,0.07564576715230942,0.0528588593006134,0.3013553321361542,-0.09749475121498108,-0.0029807807877659798,-0.004452546127140522
frame_003735.png,frame_003736.png,-0.04116762429475784,0.056970708072185516,0.27694806456565857,-0.10064924508333206,-0.00964027363806963,-0.024373594671487808
frame_003736.png,frame_003737.png,-0.07516973465681076,0.037680208683013916,0.2978683412075043,-0.08895470947027206,-0.004020002670586109,0.0551823228597641
frame_003737.png,frame_003738.png,0.07194103300571442,0.07672276347875595,0.24857684969902039,-0.0423666276037693,-0.023997846990823746,0.11117879301309586
frame_003738.png,frame_003739.png,0.1490756869316101,0.1020732894539833,0.18898481130599976,-0.027111392468214035,-0.019442971795797348,0.0335383340716362
frame_003739.png,frame_003740.png,0.24694305658340454,0.08457151800394058,0.14048324525356293,0.010512792505323887,-0.028170861303806305,0.058641545474529266
frame_003740.png,frame_003741.png,0.31939730048179626,0.07307392358779907,0.1251801997423172,0.04040035977959633,-0.0259447880089283,0.10316167026758194
frame_003741.png,frame_003742.png,0.35853859782218933,0.07188378274440765,0.1174720972776413,0.05317680537700653,-0.021045930683612823,0.12069815397262573
frame_003742.png,frame_003743.png,0.3571870028972626,0.06812559068202972,0.1171140968799591,0.05738469585776329,-0.01926063746213913,0.14525577425956726
frame_003743.png,frame_003744.png,0.3505825102329254,0.07072407752275467,0.11412137746810913,0.04501160606741905,-0.018936730921268463,0.17720624804496765
frame_003744.png,frame_003745.png,0.3092797100543976,0.07117652148008347,0.13966497778892517,0.021565552800893784,-0.01718909665942192,0.15696458518505096
frame_003745.png,frame_003746.png,0.2890121042728424,0.07407286018133163,0.16734139621257782,-0.007752767764031887,-0.0006061745807528496,0.1322147101163864
frame_003746.png,frame_003747.png,0.32683879137039185,0.09272439032793045,0.16073080897331238,0.002756902016699314,-0.016124892979860306,0.14868801832199097
frame_003747.png,frame_003748.png,0.3274229168891907,0.0947776511311531,0.14691121876239777,-0.026643261313438416,0.008327160030603409,0.1449081003665924
frame_003748.png,frame_003749.png,0.2706562280654907,0.06894927471876144,0.14158204197883606,-0.04826645180583,0.007430447265505791,0.16098901629447937
frame_003749.png,frame_003750.png,0.21409374475479126,0.05948169529438019,0.10927973687648773,-0.03983961418271065,0.004682640545070171,0.1519034206867218
frame_003750.png,frame_003751.png,0.15580278635025024,0.04751268029212952,0.03977181017398834,-0.006654528900980949,-0.005115047097206116,0.12279078364372253
frame_003751.png,frame_003752.png,0.04135068133473396,0.04247281700372696,0.06827804446220398,0.00933923851698637,0.00046202074736356735,0.06946654617786407
frame_003752.png,frame_003753.png,-0.06768762320280075,0.04510311782360077,0.12975764274597168,0.010101963765919209,-0.0009841891005635262,0.05142936483025551
frame_003753.png,frame_003754.png,-0.1442713439464569,0.058179132640361786,0.16231070458889008,-0.0021955007687211037,0.0010234853252768517,0.034084998071193695
frame_003754.png,frame_003755.png,-0.19551753997802734,0.05942588299512863,0.2136334478855133,-0.02861776202917099,0.001652783714234829,0.0009692581370472908
frame_003755.png,frame_003756.png,-0.1802954375743866,0.04271038621664047,0.2369408905506134,-0.061371639370918274,0.006204924546182156,-0.03187645226716995
frame_003756.png,frame_003757.png,-0.14020231366157532,0.04289068281650543,0.22901663184165955,-0.07843126356601715,0.016574058681726456,-0.027956631034612656
frame_003757.png,frame_003758.png,-0.0888332650065422,0.038947559893131256,0.23677074909210205,-0.07794328778982162,0.028087325394153595,-0.033523231744766235
frame_003758.png,frame_003759.png,-0.058339037001132965,0.024878546595573425,0.25655892491340637,-0.07876478135585785,0.039976201951503754,-0.026656802743673325
frame_003759.png,frame_003760.png,-0.03902050107717514,0.010859083384275436,0.2870582044124603,-0.06962636113166809,0.04758911579847336,-0.02624668926000595
frame_003760.png,frame_003761.png,-0.016265161335468292,0.0010192915797233582,0.3042157292366028,-0.057764932513237,0.04730493575334549,-0.0331999771296978
frame_003761.png,frame_003762.png,-0.017923347651958466,-0.008501172065734863,0.33259594440460205,-0.07345528900623322,0.04528017342090607,-0.05774673819541931
frame_003762.png,frame_003763.png,0.01630348712205887,0.0004139542579650879,0.3420129716396332,-0.07068847864866257,0.04941345751285553,-0.06292290985584259
frame_003763.png,frame_003764.png,0.014795832335948944,0.00871855765581131,0.3698914051055908,-0.06725700199604034,0.04871097207069397,-0.04719247668981552
frame_003764.png,frame_003765.png,0.022121526300907135,0.012980028986930847,0.39115896821022034,-0.0916881337761879,0.05369484797120094,-0.014117741025984287
frame_003765.png,frame_003766.png,0.04283797740936279,0.03688108175992966,0.41852453351020813,-0.09465593099594116,0.05473311245441437,0.0051394058391451836
frame_003766.png,frame_003767.png,0.017693601548671722,0.04718368500471115,0.4258345365524292,-0.11539409309625626,0.05088292807340622,0.02431151270866394
frame_003767.png,frame_003768.png,-0.009088441729545593,0.026859574019908905,0.4433843195438385,-0.12589414417743683,0.05295353755354881,0.021182168275117874
frame_003768.png,frame_003769.png,-0.029074199497699738,0.010949280112981796,0.4605453312397003,-0.12665203213691711,0.05672949552536011,-0.00017182063311338425
frame_003769.png,frame_003770.png,-0.019736342132091522,0.014089494943618774,0.47285354137420654,-0.10438733547925949,0.046236686408519745,-0.024630893021821976
frame_003770.png,frame_003771.png,0.01776709407567978,0.022713281214237213,0.45918670296669006,-0.10353060066699982,0.03066777065396309,-0.01899588108062744
frame_003771.png,frame_003772.png,0.10315893590450287,0.04019981622695923,0.42977654933929443,-0.06806883960962296,0.031086105853319168,0.0069471122696995735
frame_003772.png,frame_003773.png,0.1428486704826355,0.06490794569253922,0.41813960671424866,-0.056908875703811646,0.04042520001530647,-0.018627885729074478
frame_003773.png,frame_003774.png,0.15022790431976318,0.05155651271343231,0.38821959495544434,-0.05713198333978653,0.04337112978100777,-0.024399280548095703
frame_003774.png,frame_003775.png,0.1509864628314972,0.03724033385515213,0.38088202476501465,-0.05881568044424057,0.04697803407907486,-0.029355738312005997
frame_003775.png,frame_003776.png,0.14255234599113464,0.017266687005758286,0.39577174186706543,-0.05791207775473595,0.05204632878303528,-0.02853737771511078
frame_003776.png,frame_003777.png,0.1270236223936081,-0.0013469681143760681,0.41700443625450134,-0.05417177826166153,0.055842526257038116,-0.025344248861074448
frame_003777.png,frame_003778.png,0.11080876737833023,-0.014607354998588562,0.43142110109329224,-0.04963114485144615,0.056241411715745926,-0.021751437336206436
frame_003778.png,frame_003779.png,0.09977003931999207,-0.021335730329155922,0.4398527443408966,-0.046665385365486145,0.056802600622177124,-0.021202120929956436
frame_003779.png,frame_003780.png,0.0920182466506958,-0.02462041564285755,0.4494151771068573,-0.04626202583312988,0.05609374865889549,-0.020619280636310577
frame_003780.png,frame_003781.png,0.08624687790870667,-0.02679615467786789,0.4566131830215454,-0.045686986297369,0.0550038181245327,-0.023405268788337708
frame_003781.png,frame_003782.png,0.08594854921102524,-0.027652284130454063,0.4577851891517639,-0.03864302113652229,0.05052800104022026,-0.025627654045820236
frame_003782.png,frame_003783.png,0.08605474978685379,-0.019357074052095413,0.4522720277309418,-0.026919730007648468,0.04405096918344498,-0.033231720328330994
frame_003783.png,frame_003784.png,0.07569906115531921,-0.01040991023182869,0.4477795660495758,-0.014622136019170284,0.03542686253786087,-0.04035613685846329
frame_003784.png,frame_003785.png,0.07613599300384521,-0.008270848542451859,0.4387308657169342,0.00249389186501503,0.02828744798898697,-0.03919875621795654
frame_003785.png,frame_003786.png,0.08606176823377609,-0.007839422672986984,0.4267931878566742,0.01717294380068779,0.02417895570397377,-0.0348578542470932
frame_003786.png,frame_003787.png,0.0941259041428566,0.0026750080287456512,0.41704657673835754,0.017289355397224426,0.017439208924770355,-0.04452309012413025
frame_003787.png,frame_003788.png,0.10220223665237427,0.022736169397830963,0.3988625705242157,0.012292522005736828,0.004777845926582813,-0.04865620285272598
frame_003788.png,frame_003789.png,0.10060448199510574,0.036962173879146576,0.38677313923835754,0.006611933000385761,-0.002258612774312496,-0.039636943489313126
frame_003789.png,frame_003790.png,0.1010877788066864,0.045209430158138275,0.3820439875125885,0.006694343872368336,-0.008389436639845371,-0.03109883889555931
frame_003790.png,frame_003791.png,0.1028304249048233,0.05115646868944168,0.37725672125816345,0.0059173619374632835,-0.012716746889054775,-0.023307468742132187
frame_003791.png,frame_003792.png,0.10359196364879608,0.05693579465150833,0.3772325813770294,0.008098750375211239,-0.013488543219864368,-0.017952758818864822
frame_003792.png,frame_003793.png,0.10797056555747986,0.060573287308216095,0.36922773718833923,0.006350467912852764,-0.014696347527205944,-0.014784245751798153
frame_003793.png,frame_003794.png,0.11516368389129639,0.06337129324674606,0.36175182461738586,0.00410283450037241,-0.016459353268146515,-0.01065483596175909
frame_003794.png,frame_003795.png,0.11772064864635468,0.07134712487459183,0.3594636023044586,0.003024626523256302,-0.018294010311365128,-0.00840130727738142
frame_003795.png,frame_003796.png,0.12552085518836975,0.07114209979772568,0.3477754592895508,0.004380169324576855,-0.021935265511274338,-0.0020588701590895653
frame_003796.png,frame_003797.png,0.1347605139017105,0.07487114518880844,0.3399304747581482,0.010061759501695633,-0.022250425070524216,-0.003416820429265499
frame_003797.png,frame_003798.png,0.14719823002815247,0.07829848676919937,0.3323220908641815,0.01736023649573326,-0.020935840904712677,-0.013027763925492764
frame_003798.png,frame_003799.png,0.1608399748802185,0.07976383715867996,0.31998634338378906,0.02075371891260147,-0.020527735352516174,-0.022777020931243896
frame_003799.png,frame_003800.png,0.17609885334968567,0.07751026004552841,0.3130876123905182,0.020777050405740738,-0.019540701061487198,-0.02568885311484337
frame_003800.png,frame_003801.png,0.19284996390342712,0.0732409879565239,0.3046906888484955,0.02437378466129303,-0.016248825937509537,-0.02292664349079132
frame_003801.png,frame_003802.png,0.20069774985313416,0.06544817984104156,0.29189157485961914,0.029496796429157257,-0.008763485588133335,-0.014605137519538403
frame_003802.png,frame_003803.png,0.20455661416053772,0.05228941887617111,0.27541065216064453,0.03358197957277298,-0.0017040902748703957,-0.014073689468204975
frame_003803.png,frame_003804.png,0.20060177147388458,0.034791603684425354,0.26964041590690613,0.03347116336226463,0.00490234512835741,-0.020422562956809998
frame_003804.png,frame_003805.png,0.18622975051403046,0.008279424160718918,0.2953872084617615,0.02689478173851967,0.015369104221463203,-0.02597450464963913
frame_003805.png,frame_003806.png,0.16987377405166626,-0.009553946554660797,0.3288019299507141,0.018933109939098358,0.024630863219499588,-0.03199093043804169
frame_003806.png,frame_003807.png,0.1526045799255371,-0.02114757150411606,0.3569294512271881,0.005916884168982506,0.02995918318629265,-0.03845813497900963
frame_003807.png,frame_003808.png,0.1335294097661972,-0.02897554263472557,0.37864550948143005,-0.0031841835007071495,0.031583163887262344,-0.03913000226020813
frame_003808.png,frame_003809.png,0.12386919558048248,-0.03150536119937897,0.39688703417778015,-0.0019551897421479225,0.0327802337706089,-0.02912982553243637
frame_003809.png,frame_003810.png,0.11460266262292862,-0.03465985506772995,0.4072825014591217,-0.003064344637095928,0.03231213614344597,-0.031699057668447495
frame_003810.png,frame_003811.png,0.10618354380130768,-0.029091838747262955,0.41453805565834045,0.006133886985480785,0.02975841984152794,-0.033175028860569
frame_003811.png,frame_003812.png,0.1114639863371849,-0.023007022216916084,0.4044199585914612,0.026106368750333786,0.020647186785936356,-0.03106767311692238
frame_003812.png,frame_003813.png,0.12340337038040161,-0.017328929156064987,0.39294490218162537,0.021956562995910645,0.023455455899238586,-0.0393126904964447
frame_003813.png,frame_003814.png,0.12108045816421509,-0.008446604013442993,0.3976753056049347,0.030257448554039,0.020728692412376404,-0.0385102815926075
frame_003814.png,frame_003815.png,0.11891847848892212,0.0035021528601646423,0.37280574440956116,0.021380815654993057,0.009484066627919674,-0.0502048134803772
frame_003815.png,frame_003816.png,0.12537163496017456,0.007393892854452133,0.3780272901058197,0.014142234809696674,0.012274563312530518,-0.04836157336831093
frame_003816.png,frame_003817.png,0.15157850086688995,0.03220211714506149,0.3566726744174957,0.01456963736563921,0.010925555601716042,-0.05274082347750664
frame_003817.png,frame_003818.png,0.18787506222724915,0.03656942397356033,0.3157128393650055,0.013612435199320316,0.015293668024241924,-0.029962431639432907
frame_003818.png,frame_003819.png,0.21129435300827026,0.04225384443998337,0.31490764021873474,0.0006009126082062721,0.03135880082845688,0.01629820466041565
frame_003819.png,frame_003820.png,0.18110975623130798,0.062279604375362396,0.3548048734664917,-0.03155219927430153,0.04422851651906967,0.0024464139714837074
frame_003820.png,frame_003821.png,0.15801803767681122,0.07084555178880692,0.37619540095329285,-0.05380509793758392,0.043815989047288895,-0.007067202590405941
frame_003821.png,frame_003822.png,0.1524186134338379,0.07064064592123032,0.3795953691005707,-0.05064873769879341,0.04003521054983139,-0.02083326131105423
frame_003822.png,frame_003823.png,0.16538414359092712,0.07308981567621231,0.37156036496162415,-0.03612815588712692,0.03310313820838928,-0.022625956684350967
frame_003823.png,frame_003824.png,0.17870919406414032,0.07994282245635986,0.3713028132915497,-0.03656177222728729,0.03007553145289421,-0.026650529354810715
frame_003824.png,frame_003825.png,0.19164007902145386,0.0802638903260231,0.36656737327575684,-0.03953677788376808,0.027465444058179855,-0.01680012419819832
frame_003825.png,frame_003826.png,0.2076551765203476,0.07842810451984406,0.3574516475200653,-0.03660579025745392,0.025557763874530792,0.00020373892039060593
frame_003826.png,frame_003827.png,0.22058400511741638,0.07646847516298294,0.3508107364177704,-0.03485448658466339,0.022996291518211365,0.015452942810952663
frame_003827.png,frame_003828.png,0.23031878471374512,0.07355352491140366,0.34619611501693726,-0.03133870288729668,0.02081488072872162,0.02582646906375885
frame_003828.png,frame_003829.png,0.23587849736213684,0.07019874453544617,0.3394263684749603,-0.023952089250087738,0.019110482186079025,0.029309548437595367
frame_003829.png,frame_003830.png,0.2413349449634552,0.06912729889154434,0.3305068910121918,-0.01748058572411537,0.017278030514717102,0.026471272110939026
frame_003830.png,frame_003831.png,0.24402323365211487,0.07042217999696732,0.3257220685482025,-0.010679083876311779,0.014288459904491901,0.020313158631324768
frame_003831.png,frame_003832.png,0.24495524168014526,0.07341921329498291,0.324660062789917,-0.0032998835667967796,0.011621511541306973,0.009205096401274204
frame_003832.png,frame_003833.png,0.24102911353111267,0.077542744576931,0.33161890506744385,0.001299952156841755,0.009933536872267723,-0.0031167464330792427
frame_003833.png,frame_003834.png,0.23359042406082153,0.08197646588087082,0.3441382944583893,0.003491434268653393,0.008581830188632011,-0.011615714989602566
frame_003834.png,frame_003835.png,0.22734501957893372,0.08166932314634323,0.3570183217525482,-0.002483009360730648,0.009908594191074371,-0.01207698043435812
frame_003835.png,frame_003836.png,0.218051940202713,0.08181674778461456,0.37973448634147644,-0.019583571702241898,0.014198694378137589,-0.020384181290864944
frame_003836.png,frame_003837.png,0.21219578385353088,0.08521958440542221,0.40452811121940613,-0.02433719113469124,0.018876122310757637,-0.0214075930416584
frame_003837.png,frame_003838.png,0.2085321843624115,0.08767197281122208,0.415169894695282,-0.02110694721341133,0.02020474523305893,-0.015124018304049969
frame_003838.png,frame_003839.png,0.2086833119392395,0.0900384709239006,0.4171575903892517,-0.012563380412757397,0.01990862935781479,-0.0009540906175971031
frame_003839.png,frame_003840.png,0.21664538979530334,0.09164906293153763,0.41793134808540344,-0.0048601338639855385,0.017393607646226883,0.011870314367115498
frame_003840.png,frame_003841.png,0.223598450422287,0.09009508043527603,0.4117819368839264,-0.0019458280876278877,0.014387243427336216,0.02269677072763443
frame_003841.png,frame_003842.png,0.2240087389945984,0.08561716228723526,0.40662041306495667,0.0019461968913674355,0.014464542269706726,0.022612981498241425
frame_003842.png,frame_003843.png,0.22551515698432922,0.08079753071069717,0.4028681814670563,0.008028964512050152,0.015608148649334908,0.019510507583618164
frame_003843.png,frame_003844.png,0.22951817512512207,0.07711143046617508,0.3998096287250519,0.014260399155318737,0.015243670903146267,0.01777123287320137
frame_003844.png,frame_003845.png,0.23521330952644348,0.08364855498075485,0.4071349501609802,0.012592080049216747,0.015910480171442032,0.02413567155599594
frame_003845.png,frame_003846.png,0.23508316278457642,0.08998668938875198,0.419523149728775,0.013835136778652668,0.02035710960626602,0.023625284433364868
frame_003846.png,frame_003847.png,0.2296980917453766,0.09098809212446213,0.44713258743286133,0.00644249003380537,0.02579617127776146,0.024869859218597412
frame_003847.png,frame_003848.png,0.19937798380851746,0.08136165887117386,0.4577319324016571,-0.011667377315461636,0.028939969837665558,0.007714410312473774
frame_003848.png,frame_003849.png,0.18932223320007324,0.0764923170208931,0.47513845562934875,-0.02293083816766739,0.047028444707393646,-0.0006121573969721794
frame_003849.png,frame_003850.png,0.17782872915267944,0.07858938723802567,0.48340144753456116,-0.022238098084926605,0.04619353264570236,0.011306998319923878
frame_003850.png,frame_003851.png,0.1738681197166443,0.06618433445692062,0.4737333655357361,-0.02807840332388878,0.0315534844994545,0.041129060089588165
frame_003851.png,frame_003852.png,0.1708405315876007,0.05233720690011978,0.441497802734375,-0.03668101131916046,0.024807535111904144,0.07552408427000046
frame_003852.png,frame_003853.png,0.17455656826496124,0.05854726582765579,0.4429342448711395,-0.061580024659633636,0.017528502270579338,0.1013808324933052
frame_003853.png,frame_003854.png,0.19724425673484802,0.06863297522068024,0.43553870916366577,-0.0752497985959053,0.01674959436058998,0.09990829229354858
frame_003854.png,frame_003855.png,0.2535775303840637,0.07448246330022812,0.430679053068161,-0.0650690495967865,0.017934385687112808,0.10867524147033691
frame_003855.png,frame_003856.png,0.2839491069316864,0.0829312652349472,0.41803327202796936,-0.057941656559705734,0.015073048882186413,0.10482640564441681
frame_003856.png,frame_003857.png,0.30693620443344116,0.08988986164331436,0.40891939401626587,-0.05515667796134949,0.008050027303397655,0.09735281020402908
frame_003857.png,frame_003858.png,0.32486194372177124,0.09559393674135208,0.4047718346118927,-0.052296705543994904,-0.0008315304294228554,0.09583791345357895
frame_003858.png,frame_003859.png,0.314765989780426,0.09723035246133804,0.40959054231643677,-0.05540972948074341,-0.004387316294014454,0.09946737438440323
frame_003859.png,frame_003860.png,0.26594775915145874,0.09399057179689407,0.41158202290534973,-0.06846952438354492,-0.005589739419519901,0.1137864887714386
frame_003860.png,frame_003861.png,0.21772447228431702,0.0993868038058281,0.40373048186302185,-0.08363240212202072,-0.006757763214409351,0.12124109268188477
frame_003861.png,frame_003862.png,0.20553863048553467,0.10347650200128555,0.3644945025444031,-0.08655944466590881,-0.009688210673630238,0.11638450622558594
frame_003862.png,frame_003863.png,0.1911434382200241,0.09989225119352341,0.32269588112831116,-0.08251655101776123,-0.0280868262052536,0.1277482509613037
frame_003863.png,frame_003864.png,0.1673935055732727,0.0931118056178093,0.28077489137649536,-0.0718468725681305,-0.03398817405104637,0.11404868960380554
frame_003864.png,frame_003865.png,0.19934290647506714,0.089323990046978,0.2036667764186859,-0.05829073488712311,-0.03850205987691879,0.05815912038087845
frame_003865.png,frame_003866.png,0.21717941761016846,0.07510197162628174,0.13273081183433533,-0.012228683568537235,-0.02956625446677208,0.04241941124200821
frame_003866.png,frame_003867.png,0.21339565515518188,0.04195600003004074,0.10844346880912781,-0.005570217035710812,-0.006050114519894123,0.05886276811361313
frame_003867.png,frame_003868.png,0.21079221367835999,0.03839811682701111,0.08501087129116058,0.028125613927841187,-0.00803733617067337,0.040751807391643524
frame_003868.png,frame_003869.png,0.1806969940662384,0.03851579874753952,0.13826537132263184,-0.02038629725575447,0.018438775092363358,0.06348931044340134
frame_003869.png,frame_003870.png,0.14592431485652924,0.04973465949296951,0.19031745195388794,-0.04131477326154709,0.011413461528718472,0.06667650490999222
frame_003870.png,frame_003871.png,0.1567676067352295,0.10307054966688156,0.16006958484649658,-0.009386739693582058,-0.01471946481615305,0.07041183114051819
frame_003871.png,frame_003872.png,0.17575737833976746,0.12737268209457397,0.15668778121471405,0.018157057464122772,-0.01381444651633501,0.07213146984577179
frame_003872.png,frame_003873.png,0.19786806404590607,0.14320075511932373,0.16280755400657654,0.014611617662012577,-0.022594884037971497,0.06476908922195435
frame_003873.png,frame_003874.png,0.2482644021511078,0.14368900656700134,0.1803445816040039,0.019317839294672012,-0.022109102457761765,0.0917796939611435
frame_003874.png,frame_003875.png,0.2765328288078308,0.1311902105808258,0.1858762800693512,0.021629944443702698,-0.019880186766386032,0.10432971268892288
frame_003875.png,frame_003876.png,0.287259042263031,0.1279483437538147,0.1867499053478241,0.024784959852695465,-0.018569443374872208,0.10688372701406479
frame_003876.png,frame_003877.png,0.3007373511791229,0.12809279561042786,0.18889503180980682,0.026146341115236282,-0.016106784343719482,0.10969778895378113
frame_003877.png,frame_003878.png,0.3027828335762024,0.12577024102210999,0.19418931007385254,0.020934753119945526,-0.0173337422311306,0.12181460857391357
frame_003878.png,frame_003879.png,0.3069740831851959,0.12642276287078857,0.19849762320518494,0.01960955560207367,-0.022967122495174408,0.11921662092208862
frame_003879.png,frame_003880.png,0.307860404253006,0.1281537115573883,0.19010330736637115,0.020659368485212326,-0.03331029787659645,0.10410069674253464
frame_003880.png,frame_003881.png,0.3018065094947815,0.13153457641601562,0.18470236659049988,0.01899106428027153,-0.03989877551794052,0.08974781632423401
frame_003881.png,frame_003882.png,0.2952810227870941,0.1329939365386963,0.17973753809928894,0.02711498737335205,-0.03432036563754082,0.0753152072429657
frame_003882.png,frame_003883.png,0.2827766239643097,0.12434072047472,0.18297934532165527,0.017640050500631332,-0.02989407628774643,0.05553825944662094
frame_003883.png,frame_003884.png,0.25740113854408264,0.11504501849412918,0.18948115408420563,0.007165473885834217,-0.02613706886768341,0.04271259903907776
frame_003884.png,frame_003885.png,0.23095449805259705,0.1110062524676323,0.20882254838943481,-0.0084958141669631,-0.02540619671344757,0.012015129439532757
frame_003885.png,frame_003886.png,0.2066483199596405,0.10660318285226822,0.2193039357662201,-0.013570970855653286,-0.0242932066321373,0.00367752555757761
frame_003886.png,frame_003887.png,0.1842418611049652,0.10341455787420273,0.2226313352584839,0.0005839886143803596,-0.018510881811380386,0.008833386935293674
frame_003887.png,frame_003888.png,0.1603323221206665,0.09341282397508621,0.2248353213071823,0.016062337905168533,-0.012351385317742825,0.007741824723780155
frame_003888.png,frame_003889.png,0.14129897952079773,0.091792993247509,0.22553975880146027,0.015926845371723175,-0.012638409622013569,-0.005562636069953442
frame_003889.png,frame_003890.png,0.12076196074485779,0.09260716289281845,0.233004629611969,0.009086919017136097,-0.01130614522844553,-0.008688460104167461
frame_003890.png,frame_003891.png,0.1320977509021759,0.09388215094804764,0.2129082828760147,0.00824409443885088,-0.002874867059290409,-0.0014990782365202904
frame_003891.png,frame_003892.png,0.15607869625091553,0.08738226443529129,0.18567177653312683,0.014493861235678196,0.010065385140478611,0.004319467581808567
frame_003892.png,frame_003893.png,0.17163929343223572,0.08572690933942795,0.17775708436965942,0.02223953604698181,0.01797514781355858,0.007686757482588291
frame_003893.png,frame_003894.png,0.19707423448562622,0.08594159036874771,0.17399051785469055,0.018624942749738693,0.02034667506814003,0.0007417211309075356
frame_003894.png,frame_003895.png,0.21724596619606018,0.09320326894521713,0.1683809906244278,0.019979100674390793,0.019174743443727493,-0.002445749007165432
frame_003895.png,frame_003896.png,0.22791695594787598,0.10066679865121841,0.16625915467739105,0.01674099639058113,0.015135020948946476,0.002793417312204838
frame_003896.png,frame_003897.png,0.2322050929069519,0.10621576756238937,0.19778123497962952,0.012535751797258854,0.01416440773755312,-0.004521115683019161
frame_003897.png,frame_003898.png,0.2257138192653656,0.10892731696367264,0.24696359038352966,0.009269424714148045,0.014499017968773842,-0.0077781518921256065
frame_003898.png,frame_003899.png,0.2144167423248291,0.10648130625486374,0.2979922592639923,0.0034525180235505104,0.016039682552218437,-0.012824512086808681
frame_003899.png,frame_003900.png,0.20659023523330688,0.10261047631502151,0.33973637223243713,-0.0028212880715727806,0.020202334970235825,-0.009573078714311123
frame_003900.png,frame_003901.png,0.20243191719055176,0.09762123972177505,0.36673957109451294,-0.007374650798738003,0.022773047909140587,-0.010706841014325619
frame_003901.png,frame_003902.png,0.2207818627357483,0.09433848410844803,0.38011685013771057,0.00983449723571539,0.02602411061525345,-0.003545849584043026
frame_003902.png,frame_003903.png,0.23437312245368958,0.09629131108522415,0.40048161149024963,0.021468766033649445,0.0378689207136631,0.004326035268604755
frame_003903.png,frame_003904.png,0.2323281168937683,0.08652996271848679,0.4259219169616699,0.02491225302219391,0.05097658932209015,0.015168064273893833
frame_003904.png,frame_003905.png,0.2164078950881958,0.07598400115966797,0.43276843428611755,0.02875588834285736,0.05268177390098572,0.008510486222803593
frame_003905.png,frame_003906.png,0.21998852491378784,0.07761456072330475,0.3988477289676666,0.016161572188138962,0.04892051964998245,0.00975190568715334
frame_003906.png,frame_003907.png,0.23006650805473328,0.08325500041246414,0.36108818650245667,-0.01786341518163681,0.033165059983730316,0.03190044313669205
frame_003907.png,frame_003908.png,0.23175054788589478,0.08381899446249008,0.3406282365322113,-0.02789860963821411,0.02218073233962059,0.05578342080116272
frame_003908.png,frame_003909.png,0.23394891619682312,0.09174307435750961,0.3290625512599945,-0.03558729588985443,0.014645103365182877,0.07408732175827026
frame_003909.png,frame_003910.png,0.23598235845565796,0.09815723448991776,0.3221709430217743,-0.04702513664960861,0.009782778099179268,0.08949899673461914
frame_003910.png,frame_003911.png,0.248643696308136,0.10577716678380966,0.3053272068500519,-0.0523967519402504,0.006398139521479607,0.0917457640171051
frame_003911.png,frame_003912.png,0.2662571370601654,0.11498980969190598,0.2974349558353424,-0.05873320996761322,0.0017103459686040878,0.09147410094738007
frame_003912.png,frame_003913.png,0.2963065505027771,0.12048035115003586,0.2941727936267853,-0.05519499257206917,-0.004741732031106949,0.09061499685049057
frame_003913.png,frame_003914.png,0.33189353346824646,0.1208510473370552,0.2918124496936798,-0.044443193823099136,-0.010131723247468472,0.09300120174884796
frame_003914.png,frame_003915.png,0.3605596125125885,0.12278314679861069,0.29202911257743835,-0.035452354699373245,-0.015027751214802265,0.09570160508155823
frame_003915.png,frame_003916.png,0.37368765473365784,0.12428758293390274,0.28758537769317627,-0.027961935847997665,-0.020517967641353607,0.09723243862390518
frame_003916.png,frame_003917.png,0.375762015581131,0.1268971562385559,0.27595949172973633,-0.022568780928850174,-0.025859661400318146,0.09786037355661392
frame_003917.png,frame_003918.png,0.3485638201236725,0.13417527079582214,0.26619675755500793,-0.029764831066131592,-0.02962268888950348,0.10459337383508682
frame_003918.png,frame_003919.png,0.3245920240879059,0.14484575390815735,0.2561620771884918,-0.03474811837077141,-0.03225450962781906,0.10197236388921738
frame_003919.png,frame_003920.png,0.3211165964603424,0.1357744336128235,0.22042712569236755,-0.019896943122148514,-0.03361223638057709,0.1082853376865387
frame_003920.png,frame_003921.png,0.31174319982528687,0.12945538759231567,0.17121054232120514,0.002597925253212452,-0.029648859053850174,0.08561484515666962
frame_003921.png,frame_003922.png,0.28594350814819336,0.11938490718603134,0.16328448057174683,0.018927760422229767,-0.022026419639587402,0.08134790509939194
frame_003922.png,frame_003923.png,0.26965993642807007,0.1009887233376503,0.15310755372047424,0.025544479489326477,-0.01387071330100298,0.06951092183589935
frame_003923.png,frame_003924.png,0.25463616847991943,0.0638461485505104,0.10898338258266449,0.05156616121530533,-0.009694990701973438,0.048120178282260895
frame_003924.png,frame_003925.png,0.2269924283027649,0.07487662136554718,0.15670116245746613,0.01851242035627365,0.013755022548139095,0.026796914637088776
frame_003925.png,frame_003926.png,0.19906321167945862,0.06420636177062988,0.18579693138599396,0.016489196568727493,0.022185172885656357,0.01898987591266632
frame_003926.png,frame_003927.png,0.16212409734725952,0.052696846425533295,0.21009325981140137,0.006630216725170612,0.02567281201481819,0.02485625445842743
frame_003927.png,frame_003928.png,0.13333755731582642,0.0546213760972023,0.24575397372245789,0.01122924406081438,0.024312879890203476,0.0031580468639731407
frame_003928.png,frame_003929.png,0.13272824883460999,0.05771658569574356,0.3017817437648773,0.022434964776039124,0.017014717683196068,-0.0017801662907004356
frame_003929.png,frame_003930.png,0.132745161652565,0.05248425900936127,0.31944596767425537,0.021821413189172745,0.014166711829602718,-0.00665686558932066
frame_003930.png,frame_003931.png,0.15109243988990784,0.05437212437391281,0.2959092855453491,0.024904802441596985,0.00695700291544199,-0.0015621846541762352
frame_003931.png,frame_003932.png,0.16804172098636627,0.05423835664987564,0.2813631594181061,0.029417172074317932,0.005426106043159962,-0.011599007062613964
frame_003932.png,frame_003933.png,0.18392497301101685,0.045613572001457214,0.26628348231315613,0.03028188645839691,-0.000764600932598114,-0.025238994508981705
frame_003933.png,frame_003934.png,0.19600825011730194,0.03493295609951019,0.26245608925819397,0.030522160232067108,-0.004146755672991276,-0.020626205950975418
frame_003934.png,frame_003935.png,0.20259296894073486,0.026638932526111603,0.26008960604667664,0.025239702314138412,-0.0057271262630820274,-0.010316829197108746
frame_003935.png,frame_003936.png,0.2182893455028534,0.0217178612947464,0.26307496428489685,0.024838242679834366,-0.0073761967942118645,0.0015051336959004402
frame_003936.png,frame_003937.png,0.23079898953437805,0.021382927894592285,0.26592564582824707,0.03585554659366608,-0.012023464776575565,0.014326323755085468
frame_003937.png,frame_003938.png,0.23880189657211304,0.022417940199375153,0.2601962089538574,0.05105830729007721,-0.017009489238262177,0.026570308953523636
frame_003938.png,frame_003939.png,0.24193301796913147,0.028864510357379913,0.2695658504962921,0.054258327931165695,-0.02553754299879074,0.021671343594789505
frame_003939.png,frame_003940.png,0.22867867350578308,0.05342652648687363,0.2822912037372589,0.05179474502801895,-0.027066830545663834,0.009839600883424282
frame_003940.png,frame_003941.png,0.20970183610916138,0.07282090932130814,0.3188548982143402,0.03826788067817688,-0.026865214109420776,0.003571438603103161
frame_003941.png,frame_003942.png,0.17309899628162384,0.07693289965391159,0.3252885937690735,0.04020502418279648,-0.024146243929862976,0.0034396881237626076
frame_003942.png,frame_003943.png,0.14263471961021423,0.07617035508155823,0.32422587275505066,0.031272903084754944,-0.018398050218820572,-0.01164689939469099
frame_003943.png,frame_003944.png,0.12423478066921234,0.08136861026287079,0.3302644193172455,0.021433841437101364,-0.015423436649143696,-0.024437174201011658
frame_003944.png,frame_003945.png,0.11694349348545074,0.08287572115659714,0.33384010195732117,0.017756681889295578,-0.011700510047376156,-0.030213452875614166
frame_003945.png,frame_003946.png,0.11413967609405518,0.07812576740980148,0.3337576687335968,0.012126670219004154,-0.008980310522019863,-0.029342032968997955
frame_003946.png,frame_003947.png,0.11626462638378143,0.07174244523048401,0.3308134078979492,0.013308879919350147,-0.006961205042898655,-0.03294219821691513
frame_003947.png,frame_003948.png,0.12132328748703003,0.06639962643384933,0.3232262432575226,0.01569916307926178,-0.0056769466027617455,-0.035664938390254974
frame_003948.png,frame_003949.png,0.12606990337371826,0.0667983889579773,0.31161898374557495,0.020726796239614487,-0.006123467348515987,-0.039436373859643936
frame_003949.png,frame_003950.png,0.12908554077148438,0.06626422703266144,0.3018847405910492,0.025686390697956085,-0.008115672506392002,-0.04271151125431061
frame_003950.png,frame_003951.png,0.12880852818489075,0.0636269673705101,0.3003866374492645,0.02906109392642975,-0.0076368423178792,-0.04345249384641647
frame_003951.png,frame_003952.png,0.12675876915454865,0.060818858444690704,0.29005828499794006,0.03741073980927467,-0.006497145630419254,-0.04348200187087059
frame_003952.png,frame_003953.png,0.11997207999229431,0.06419694423675537,0.28238311409950256,0.037835314869880676,-0.00700493436306715,-0.036088552325963974
frame_003953.png,frame_003954.png,0.12100338935852051,0.06300141662359238,0.2985793948173523,0.02776281163096428,-0.006927001290023327,-0.03071828931570053
frame_003954.png,frame_003955.png,0.12938222289085388,0.05963640660047531,0.32972416281700134,0.02220980077981949,-0.0036030346527695656,-0.02943968027830124
frame_003955.png,frame_003956.png,0.12273696064949036,0.055428460240364075,0.36929869651794434,0.018129248172044754,-0.0060089631006121635,-0.02254030853509903
frame_003956.png,frame_003957.png,0.11802472919225693,0.05488773435354233,0.3972727358341217,0.018907885998487473,-0.005046951584517956,-0.01542546134442091
frame_003957.png,frame_003958.png,0.1290053427219391,0.05462319403886795,0.38543620705604553,0.02845912054181099,-0.009690004400908947,-0.0013551292940974236
frame_003958.png,frame_003959.png,0.148219034075737,0.056324444711208344,0.37914523482322693,0.02398468181490898,-0.01754266396164894,0.004507378675043583
frame_003959.png,frame_003960.png,0.17026790976524353,0.06003319472074509,0.36280328035354614,0.014467970468103886,-0.02251093089580536,0.008030910976231098
frame_003960.png,frame_003961.png,0.18804281949996948,0.06099403649568558,0.3361195921897888,0.012695890851318836,-0.025003381073474884,0.010882210917770863
frame_003961.png,frame_003962.png,0.1990957260131836,0.057172127068042755,0.3143596053123474,0.014686976559460163,-0.024164222180843353,0.011642158962786198
frame_003962.png,frame_003963.png,0.20778292417526245,0.04955780506134033,0.2968708276748657,0.01739811897277832,-0.023554984480142593,0.008505445905029774
frame_003963.png,frame_003964.png,0.2139490842819214,0.041623733937740326,0.28645655512809753,0.019331414252519608,-0.022203605622053146,0.008808453567326069
frame_003964.png,frame_003965.png,0.21926167607307434,0.03776067495346069,0.2792932391166687,0.02455468848347664,-0.022103309631347656,0.01014952827244997
frame_003965.png,frame_003966.png,0.22228717803955078,0.03647518903017044,0.27613604068756104,0.033919911831617355,-0.022861219942569733,0.009747275151312351
frame_003966.png,frame_003967.png,0.2251962423324585,0.0380435511469841,0.27881380915641785,0.042792171239852905,-0.0227188877761364,0.00963424239307642
frame_003967.png,frame_003968.png,0.22569257020950317,0.04477507621049881,0.2861187756061554,0.04200780391693115,-0.01961679384112358,0.001117565669119358
frame_003968.png,frame_003969.png,0.2092502862215042,0.05937263369560242,0.30797144770622253,0.03668064624071121,-0.018231969326734543,-0.010523003526031971
frame_003969.png,frame_003970.png,0.19078673422336578,0.0694487914443016,0.32818832993507385,0.03580629080533981,-0.019273966550827026,-0.012035434134304523
frame_003970.png,frame_003971.png,0.1506132185459137,0.06850448995828629,0.3402300477027893,0.030148733407258987,-0.012137808836996555,-0.0076204268261790276
frame_003971.png,frame_003972.png,0.12587977945804596,0.07420501857995987,0.3400198221206665,0.03016122430562973,-0.007328617386519909,-0.026050373911857605
frame_003972.png,frame_003973.png,0.10569113492965698,0.06855132430791855,0.3544410169124603,0.01996421068906784,-0.0035101966932415962,-0.031117044389247894
frame_003973.png,frame_003974.png,0.09580084681510925,0.06538103520870209,0.36593741178512573,0.015176317654550076,0.0005341498181223869,-0.02174946293234825
frame_003974.png,frame_003975.png,0.10326825827360153,0.07048975676298141,0.34954017400741577,0.017324794083833694,-0.0034412937238812447,-0.01835867390036583
frame_003975.png,frame_003976.png,0.1130235344171524,0.08116663247346878,0.3173523545265198,0.013395746238529682,-0.009328369982540607,-0.02041412889957428
frame_003976.png,frame_003977.png,0.14197933673858643,0.08059319853782654,0.28573235869407654,0.01819751411676407,-0.008318574167788029,-0.014356992207467556
frame_003977.png,frame_003978.png,0.17517414689064026,0.07758502662181854,0.24062368273735046,0.03371536731719971,-0.00874283630400896,-0.0017267828807234764
frame_003978.png,frame_003979.png,0.18720433115959167,0.07621142268180847,0.21958285570144653,0.03694015368819237,-0.00365279708057642,0.0004367595538496971
frame_003979.png,frame_003980.png,0.18435698747634888,0.07292032241821289,0.21980637311935425,0.03572367504239082,0.00428425706923008,0.002714746631681919
frame_003980.png,frame_003981.png,0.17870166897773743,0.07157609611749649,0.2287726104259491,0.03589896112680435,0.010856176726520061,-0.0013083694502711296
frame_003981.png,frame_003982.png,0.183182030916214,0.0730324536561966,0.2261631339788437,0.039293184876441956,0.007440694607794285,-0.007394849322736263
frame_003982.png,frame_003983.png,0.19276630878448486,0.07924657315015793,0.22673016786575317,0.04451208561658859,0.0026654964312911034,-0.020636994391679764
frame_003983.png,frame_003984.png,0.18130925297737122,0.08687091618776321,0.23357579112052917,0.04742686077952385,-0.002906505949795246,-0.029180195182561874
frame_003984.png,frame_003985.png,0.17701157927513123,0.09172410517930984,0.24728748202323914,0.046316005289554596,-0.003500928170979023,-0.03626912087202072
frame_003985.png,frame_003986.png,0.15804946422576904,0.08526847511529922,0.25432321429252625,0.03728051856160164,-0.009816675446927547,-0.0274813212454319
frame_003986.png,frame_003987.png,0.13680347800254822,0.08712693303823471,0.2778457701206207,0.030191801488399506,-0.009087353013455868,-0.03167865052819252
frame_003987.png,frame_003988.png,0.13516902923583984,0.07004599273204803,0.32711783051490784,0.020186789333820343,-0.0054571302607655525,-0.011450394056737423
frame_003988.png,frame_003989.png,0.12030574679374695,0.07248397916555405,0.36167630553245544,0.01289485115557909,-0.010755942203104496,0.00786531437188387
frame_003989.png,frame_003990.png,0.1143585741519928,0.06764839589595795,0.33582499623298645,0.03337004408240318,-0.014836923219263554,0.034567251801490784
frame_003990.png,frame_003991.png,0.14846745133399963,0.08067094534635544,0.3381709158420563,0.04446613788604736,-0.01553261000663042,0.03855321928858757
frame_003991.png,frame_003992.png,0.19830822944641113,0.08210805803537369,0.3231297433376312,0.04786384478211403,-0.01642255112528801,0.045976802706718445
frame_003992.png,frame_003993.png,0.23268410563468933,0.08642735332250595,0.31128302216529846,0.06339044868946075,-0.012366755865514278,0.05319596827030182
frame_003993.png,frame_003994.png,0.24306553602218628,0.07455182075500488,0.3061921000480652,0.07055816799402237,-0.01648304983973503,0.06674951314926147
frame_003994.png,frame_003995.png,0.24175575375556946,0.058113932609558105,0.30870893597602844,0.06156039237976074,-0.018628668040037155,0.06355170160531998
frame_003995.png,frame_003996.png,0.24121838808059692,0.04224415868520737,0.3306697905063629,0.04338889941573143,-0.015423414297401905,0.07507725059986115
frame_003996.png,frame_003997.png,0.25401705503463745,0.0334356352686882,0.3411634564399719,0.047243259847164154,-0.012566319666802883,0.09964382648468018
frame_003997.png,frame_003998.png,0.26012080907821655,0.030369587242603302,0.35356542468070984,0.048023149371147156,-0.010306966491043568,0.11895012855529785
frame_003998.png,frame_003999.png,0.2693540155887604,0.033955901861190796,0.3614589273929596,0.0478287935256958,-0.006068439222872257,0.1287318766117096
frame_003999.png,frame_004000.png,0.2744515538215637,0.041427671909332275,0.36636945605278015,0.046734768897295,-0.0028166333213448524,0.13384518027305603
frame_004000.png,frame_004001.png,0.2718108594417572,0.04906986653804779,0.3580525517463684,0.043553099036216736,-0.004349564202129841,0.1397283971309662
frame_004001.png,frame_004002.png,0.2728714942932129,0.06238832324743271,0.34778791666030884,0.04039134085178375,-0.0063094208016991615,0.14366668462753296
frame_004002.png,frame_004003.png,0.27220866084098816,0.08358501642942429,0.32737383246421814,0.04196399077773094,-0.008482539094984531,0.14412441849708557
frame_004003.png,frame_004004.png,0.2799169421195984,0.1022021546959877,0.3042706549167633,0.04917360469698906,-0.010025889612734318,0.12747560441493988
frame_004004.png,frame_004005.png,0.2789512574672699,0.11905313283205032,0.2841656804084778,0.05978615581989288,-0.014633634127676487,0.105333611369133
frame_004005.png,frame_004006.png,0.25868695974349976,0.13934245705604553,0.2652378976345062,0.0744967982172966,-0.01463459525257349,0.07387629896402359
frame_004006.png,frame_004007.png,0.23476994037628174,0.15553537011146545,0.23898303508758545,0.07252316176891327,-0.007458417676389217,0.053549304604530334
frame_004007.png,frame_004008.png,0.224119633436203,0.16284891963005066,0.19620147347450256,0.04994139075279236,-0.003394107334315777,0.04762762412428856
frame_004008.png,frame_004009.png,0.22662010788917542,0.1626524031162262,0.14727318286895752,0.03818225488066673,-0.007714086212217808,0.044290442019701004
frame_004009.png,frame_004010.png,0.23027554154396057,0.1621081829071045,0.11528705060482025,0.02921680361032486,-0.013384181074798107,0.039776962250471115
frame_004010.png,frame_004011.png,0.23230484127998352,0.16020479798316956,0.0978638082742691,0.020675387233495712,-0.020049944519996643,0.03582724928855896
frame_004011.png,frame_004012.png,0.23082363605499268,0.1581416130065918,0.09505051374435425,0.01395410019904375,-0.02473367378115654,0.034426722675561905
frame_004012.png,frame_004013.png,0.22328495979309082,0.1549864411354065,0.09481954574584961,0.007542707957327366,-0.02654515579342842,0.03357437625527382
frame_004013.png,frame_004014.png,0.21753919124603271,0.1520640254020691,0.09602843225002289,-0.0007159607484936714,-0.027141664177179337,0.0364975742995739
frame_004014.png,frame_004015.png,0.21069923043251038,0.14838263392448425,0.09535802900791168,-0.015091071836650372,-0.02515525370836258,0.04158084839582443
frame_004015.png,frame_004016.png,0.20680361986160278,0.14904794096946716,0.09259480237960815,-0.02239919826388359,-0.026176366955041885,0.04207500442862511
frame_004016.png,frame_004017.png,0.20463089644908905,0.15043967962265015,0.0843854546546936,-0.02727651223540306,-0.025492895394563675,0.04301011562347412
frame_004017.png,frame_004018.png,0.20879070460796356,0.15478432178497314,0.07514916360378265,-0.0350089967250824,-0.02697315812110901,0.03525234013795853
frame_004018.png,frame_004019.png,0.2129279375076294,0.16310960054397583,0.0718614012002945,-0.03137347847223282,-0.026769191026687622,0.028844859451055527
frame_004019.png,frame_004020.png,0.2199980616569519,0.16941198706626892,0.06876486539840698,-0.024169430136680603,-0.028560608625411987,0.022351417690515518
frame_004020.png,frame_004021.png,0.22657933831214905,0.17402592301368713,0.07484817504882812,-0.015087702311575413,-0.02531452476978302,0.024369537830352783
frame_004021.png,frame_004022.png,0.24334847927093506,0.17342737317085266,0.08016996085643768,-0.0034986352548003197,-0.022624023258686066,0.025307700037956238
frame_004022.png,frame_004023.png,0.27250343561172485,0.16438093781471252,0.07953175902366638,0.014062256552278996,-0.020806387066841125,0.024462111294269562
frame_004023.png,frame_004024.png,0.2999199628829956,0.15587735176086426,0.08533594012260437,0.0308963842689991,-0.016113363206386566,0.032307155430316925
frame_004024.png,frame_004025.png,0.31719669699668884,0.15054938197135925,0.08379752933979034,0.036987725645303726,-0.018492966890335083,0.03488986939191818
frame_004025.png,frame_004026.png,0.32998523116111755,0.14702925086021423,0.08972702920436859,0.044983964413404465,-0.020265616476535797,0.04214172810316086
frame_004026.png,frame_004027.png,0.3340642750263214,0.14688247442245483,0.09780201315879822,0.050417400896549225,-0.02231604978442192,0.05497473478317261
frame_004027.png,frame_004028.png,0.3339855372905731,0.14776673913002014,0.10783079266548157,0.05192160978913307,-0.023548997938632965,0.0669795423746109
frame_004028.png,frame_004029.png,0.32971471548080444,0.15091630816459656,0.11127251386642456,0.0533607117831707,-0.02455148473381996,0.07433602213859558
frame_004029.png,frame_004030.png,0.3163471817970276,0.15434658527374268,0.11222845315933228,0.05663538724184036,-0.028381958603858948,0.07686980813741684
frame_004030.png,frame_004031.png,0.3058512210845947,0.1594122350215912,0.11027964949607849,0.0669330433011055,-0.029791489243507385,0.07958153635263443
frame_004031.png,frame_004032.png,0.3003051280975342,0.1596338152885437,0.10668742656707764,0.07300388813018799,-0.02945024147629738,0.08008234202861786
frame_004032.png,frame_004033.png,0.2996499538421631,0.1641654074192047,0.10023973882198334,0.07846185564994812,-0.026399556547403336,0.07676982879638672
frame_004033.png,frame_004034.png,0.29692745208740234,0.1699206829071045,0.09328404068946838,0.08189339935779572,-0.024895351380109787,0.07405190914869308
frame_004034.png,frame_004035.png,0.2927399277687073,0.17236784100532532,0.08872132003307343,0.07652018964290619,-0.026732511818408966,0.07634936273097992
frame_004035.png,frame_004036.png,0.2761276364326477,0.17381098866462708,0.09152288734912872,0.07083050906658173,-0.028891392052173615,0.07819883525371552
frame_004036.png,frame_004037.png,0.26533153653144836,0.17231762409210205,0.08830119669437408,0.0708451122045517,-0.029678240418434143,0.07696276903152466
frame_004037.png,frame_004038.png,0.2507270574569702,0.16996514797210693,0.08723478019237518,0.07093234360218048,-0.033977508544921875,0.06968467682600021
frame_004038.png,frame_004039.png,0.22275149822235107,0.16113698482513428,0.09386463463306427,0.05652143061161041,-0.03740055859088898,0.08185930550098419
frame_004039.png,frame_004040.png,0.180955171585083,0.14389318227767944,0.1157216727733612,0.04130948334932327,-0.04070229083299637,0.09600271284580231
frame_004040.png,frame_004041.png,0.15195214748382568,0.12691262364387512,0.14619770646095276,0.04200371354818344,-0.040581248700618744,0.10059234499931335
frame_004041.png,frame_004042.png,0.12287422269582748,0.1141963079571724,0.1829061508178711,0.0364530086517334,-0.037225931882858276,0.09350526332855225
frame_004042.png,frame_004043.png,0.09553924947977066,0.09702635556459427,0.20860669016838074,0.02527458593249321,-0.03257884457707405,0.0805586576461792
frame_004043.png,frame_004044.png,0.07852587103843689,0.08362778276205063,0.2372499704360962,0.012567252852022648,-0.02710811048746109,0.0686146467924118
frame_004044.png,frame_004045.png,0.07061654329299927,0.0725749284029007,0.2552085220813751,0.006927604787051678,-0.02412736788392067,0.061653465032577515
frame_004045.png,frame_004046.png,0.06618406623601913,0.060485392808914185,0.27254369854927063,0.011301797814667225,-0.02021937444806099,0.055696770548820496
frame_004046.png,frame_004047.png,0.06158304959535599,0.04928598552942276,0.29053744673728943,0.01584334298968315,-0.018484871834516525,0.05061829462647438
frame_004047.png,frame_004048.png,0.06311564147472382,0.04540121555328369,0.30339738726615906,0.01728670299053192,-0.016559496521949768,0.04377191513776779
frame_004048.png,frame_004049.png,0.08633317053318024,0.050815850496292114,0.29942598938941956,0.020178314298391342,-0.012439214624464512,0.03340481221675873
frame_004049.png,frame_004050.png,0.11352310329675674,0.057910338044166565,0.2870311439037323,0.019314665347337723,-0.00997998472303152,0.02593667432665825
frame_004050.png,frame_004051.png,0.14103193581104279,0.06663009524345398,0.2683469355106354,0.01985107734799385,-0.011229394935071468,0.02022489532828331
frame_004051.png,frame_004052.png,0.15877008438110352,0.07454981654882431,0.24993982911109924,0.015067853964865208,-0.01209282036870718,0.018221262842416763
frame_004052.png,frame_004053.png,0.17383700609207153,0.07821475714445114,0.23255884647369385,0.008261610753834248,-0.015871454030275345,0.026006266474723816
frame_004053.png,frame_004054.png,0.19467422366142273,0.07389754801988602,0.21340517699718475,0.012184535153210163,-0.01760411262512207,0.038885485380887985
frame_004054.png,frame_004055.png,0.20493173599243164,0.06451144069433212,0.21791620552539825,0.014556393958628178,-0.014616855420172215,0.04788239300251007
frame_004055.png,frame_004056.png,0.20663627982139587,0.051694490015506744,0.22904691100120544,0.022820301353931427,-0.012819700874388218,0.055709317326545715
frame_004056.png,frame_004057.png,0.20268964767456055,0.04242587089538574,0.2437221109867096,0.03399281203746796,-0.011454717256128788,0.0654221624135971
frame_004057.png,frame_004058.png,0.20086300373077393,0.03983432799577713,0.25897565484046936,0.046934839338064194,-0.012483919970691204,0.0760144591331482
frame_004058.png,frame_004059.png,0.20969879627227783,0.04776149243116379,0.25433769822120667,0.069768026471138,-0.02102227509021759,0.08975604176521301
frame_004059.png,frame_004060.png,0.23695164918899536,0.0740843117237091,0.22458416223526,0.07884350419044495,-0.038929302245378494,0.10438665747642517
frame_004060.png,frame_004061.png,0.24735835194587708,0.11563577502965927,0.1955413818359375,0.08727166056632996,-0.04726758599281311,0.09261217713356018
frame_004061.png,frame_004062.png,0.22656801342964172,0.14622214436531067,0.14933548867702484,0.0846877247095108,-0.04440052807331085,0.05643589794635773
frame_004062.png,frame_004063.png,0.2333671748638153,0.1653195321559906,0.10798081755638123,0.06299062818288803,-0.03337341547012329,0.03754270821809769
frame_004063.png,frame_004064.png,0.2585487365722656,0.16402435302734375,0.06887021660804749,0.04017900303006172,-0.0264936164021492,0.04264957085251808
frame_004064.png,frame_004065.png,0.2538016140460968,0.16170161962509155,0.04103373736143112,0.012465265579521656,-0.019899480044841766,0.05532664805650711
frame_004065.png,frame_004066.png,0.22585025429725647,0.15677225589752197,0.042164918035268784,-0.028169285506010056,-0.016331113874912262,0.06345033645629883
frame_004066.png,frame_004067.png,0.189396932721138,0.1422041356563568,0.058439213782548904,-0.05554734915494919,-0.014705236069858074,0.06909648329019547
frame_004067.png,frame_004068.png,0.1676877737045288,0.12834703922271729,0.0349024198949337,-0.05580606311559677,-0.01112459134310484,0.06941980123519897
frame_004068.png,frame_004069.png,0.16067452728748322,0.11857148259878159,-0.005549687892198563,-0.046286068856716156,-0.0038841748610138893,0.0797315388917923
frame_004069.png,frame_004070.png,0.1617281138896942,0.11251337081193924,-0.024851087480783463,-0.03744925558567047,0.003115537576377392,0.08418038487434387
frame_004070.png,frame_004071.png,0.16227833926677704,0.1052752211689949,-0.025833334773778915,-0.03289302438497543,0.014544190838932991,0.08411650359630585
frame_004071.png,frame_004072.png,0.15011748671531677,0.10179690271615982,0.000639941543340683,-0.03208088502287865,0.030430220067501068,0.08114729821681976
frame_004072.png,frame_004073.png,0.14086711406707764,0.09946315735578537,0.027924563735723495,-0.02644805982708931,0.033492740243673325,0.07648243010044098
frame_004073.png,frame_004074.png,0.1287415772676468,0.09879196435213089,0.04892337694764137,-0.022534333169460297,0.02984178066253662,0.07358237355947495
frame_004074.png,frame_004075.png,0.12129624933004379,0.09490624815225601,0.0561346672475338,-0.02167137712240219,0.021811529994010925,0.07942362129688263
frame_004075.png,frame_004076.png,0.10802934318780899,0.09237707406282425,0.06626258790493011,-0.027288414537906647,0.006799164228141308,0.07674507796764374
frame_004076.png,frame_004077.png,0.08857271820306778,0.09788773208856583,0.08185350894927979,-0.02871021255850792,0.0004333173856139183,0.07175137102603912
frame_004077.png,frame_004078.png,0.0644412636756897,0.10982149094343185,0.09673184156417847,-0.0009407992474734783,-0.005365350283682346,0.06881127506494522
frame_004078.png,frame_004079.png,0.0869910717010498,0.12812000513076782,0.11862324178218842,0.03617892414331436,-0.0150097431614995,0.04127927124500275
frame_004079.png,frame_004080.png,0.10577929019927979,0.13905999064445496,0.14952267706394196,0.05541840195655823,-0.02681238204240799,0.0392787866294384
frame_004080.png,frame_004081.png,0.16113853454589844,0.13471516966819763,0.11537986993789673,0.06628914177417755,-0.030147463083267212,0.015096963383257389
frame_004081.png,frame_004082.png,0.19329440593719482,0.111236073076725,0.12383759021759033,0.02641242742538452,-0.020930562168359756,0.05999456346035004
frame_004082.png,frame_004083.png,0.22520601749420166,0.09474294632673264,0.12323090434074402,0.019019342958927155,-0.014874405227601528,0.08785342425107956
frame_004083.png,frame_004084.png,0.23875167965888977,0.09159437566995621,0.13318800926208496,0.003822402097284794,-0.018469441682100296,0.044397126883268356
frame_004084.png,frame_004085.png,0.22504353523254395,0.09430072456598282,0.1402987688779831,0.015024605207145214,-0.016923539340496063,0.04256574809551239
frame_004085.png,frame_004086.png,0.23354721069335938,0.08220671117305756,0.1486615240573883,0.020730894058942795,-0.004175039939582348,0.02915414795279503
frame_004086.png,frame_004087.png,0.21831625699996948,0.053374163806438446,0.1736655831336975,0.03123088926076889,-0.00706025306135416,0.07326564937829971
frame_004087.png,frame_004088.png,0.2114441692829132,0.05328395962715149,0.17120009660720825,0.05333588272333145,-0.00897758174687624,0.05396299064159393
frame_004088.png,frame_004089.png,0.1898023784160614,0.04494312405586243,0.19305741786956787,0.05308030918240547,-0.012295342050492764,0.07025681436061859
frame_004089.png,frame_004090.png,0.18266898393630981,0.041867904365062714,0.20074135065078735,0.06941299140453339,-0.012849663384258747,0.06441034376621246
frame_004090.png,frame_004091.png,0.1847611516714096,0.035192348062992096,0.20862862467765808,0.0772147998213768,-0.01818856969475746,0.07236848771572113
frame_004091.png,frame_004092.png,0.21068984270095825,0.035778798162937164,0.20679627358913422,0.08140062540769577,-0.015419167466461658,0.07274563610553741
frame_004092.png,frame_004093.png,0.24378010630607605,0.02413327246904373,0.1897301822900772,0.08529220521450043,-0.011780397035181522,0.07112374901771545
frame_004093.png,frame_004094.png,0.24202239513397217,0.020049721002578735,0.18976955115795135,0.08245231956243515,-0.009251861833035946,0.07946578413248062
frame_004094.png,frame_004095.png,0.20542946457862854,0.026648811995983124,0.2130686491727829,0.07755433022975922,-0.012727332301437855,0.08945466578006744
frame_004095.png,frame_004096.png,0.1932508945465088,0.03177924454212189,0.2272661030292511,0.08431382477283478,-0.02088242769241333,0.0808340311050415
frame_004096.png,frame_004097.png,0.20200061798095703,0.039948590099811554,0.21196411550045013,0.090198814868927,-0.013459757901728153,0.09378603100776672
frame_004097.png,frame_004098.png,0.2277524769306183,0.07827738672494888,0.1699109822511673,0.0806557685136795,-0.010577135719358921,0.07404707372188568
frame_004098.png,frame_004099.png,0.2191077172756195,0.07437505573034286,0.15543371438980103,0.0710834190249443,-0.015901729464530945,0.11116164177656174
frame_004099.png,frame_004100.png,0.2333022952079773,0.0817665085196495,0.11789162456989288,0.06350697576999664,-0.010973365046083927,0.09194885939359665
frame_004100.png,frame_004101.png,0.1934041976928711,0.07166489213705063,0.18232795596122742,0.0571388341486454,-0.014133659191429615,0.14269667863845825
frame_004101.png,frame_004102.png,0.20912308990955353,0.07436146587133408,0.19046050310134888,0.05589909106492996,-0.005945765413343906,0.13191404938697815
frame_004102.png,frame_004103.png,0.1837456226348877,0.05443715304136276,0.23442283272743225,0.031866587698459625,0.008834830485284328,0.13699810206890106
frame_004103.png,frame_004104.png,0.15726596117019653,0.0543295219540596,0.3132500648498535,0.022788655012845993,0.006384056992828846,0.127516508102417
frame_004104.png,frame_004105.png,0.14699755609035492,0.052217163145542145,0.3149356544017792,0.03214820846915245,0.0020202286541461945,0.10387975722551346
frame_004105.png,frame_004106.png,0.15911591053009033,0.041581712663173676,0.31155624985694885,0.03882924094796181,0.009725992567837238,0.1092652752995491
frame_004106.png,frame_004107.png,0.16693496704101562,0.03684506565332413,0.3214316964149475,0.061184048652648926,0.019898276776075363,0.07564642280340195
frame_004107.png,frame_004108.png,0.16564908623695374,0.025098048150539398,0.32857850193977356,0.04790087416768074,0.018061868846416473,0.034108854830265045
frame_004108.png,frame_004109.png,0.15491020679473877,0.01513785868883133,0.35241666436195374,0.02620290219783783,0.029146619141101837,-0.003700530156493187
frame_004109.png,frame_004110.png,0.15929508209228516,0.012781929224729538,0.35393181443214417,0.01865984871983528,0.03361459821462631,-0.029786430299282074
frame_004110.png,frame_004111.png,0.17114660143852234,0.014529787003993988,0.3538876175880432,0.01917460188269615,0.03639267757534981,-0.038233015686273575
frame_004111.png,frame_004112.png,0.17840072512626648,0.01939597725868225,0.35170260071754456,0.01680048555135727,0.036525171250104904,-0.04239779710769653
frame_004112.png,frame_004113.png,0.18062222003936768,0.02283520996570587,0.3462643325328827,0.014843535609543324,0.036104220896959305,-0.043250858783721924
frame_004113.png,frame_004114.png,0.18153202533721924,0.026469402015209198,0.33216342329978943,0.012893007136881351,0.03288285806775093,-0.03916004300117493
frame_004114.png,frame_004115.png,0.17950370907783508,0.03126726299524307,0.32351651787757874,0.012060505338013172,0.029207661747932434,-0.03515034541487694
frame_004115.png,frame_004116.png,0.18310701847076416,0.02747318148612976,0.3201056122779846,0.022767044603824615,0.030137162655591965,-0.024343758821487427
frame_004116.png,frame_004117.png,0.17836205661296844,0.01393761858344078,0.3424168527126312,0.018818803131580353,0.03398154303431511,-0.024229031056165695
frame_004117.png,frame_004118.png,0.16064229607582092,0.0030297264456748962,0.3824373781681061,0.007656545378267765,0.0334005169570446,-0.03895433247089386
frame_004118.png,frame_004119.png,0.13588157296180725,-0.00406414270401001,0.4135155975818634,-0.003174341283738613,0.03378735110163689,-0.051739536225795746
frame_004119.png,frame_004120.png,0.12506484985351562,-0.00997212901711464,0.4214142858982086,-0.013238820247352123,0.031580884009599686,-0.04904251545667648
frame_004120.png,frame_004121.png,0.12445515394210815,-0.0057383254170417786,0.40501052141189575,-0.01449577510356903,0.027748964726924896,-0.04243697226047516
frame_004121.png,frame_004122.png,0.12708643078804016,-0.006993524730205536,0.3888060450553894,-0.015493454411625862,0.02865571528673172,-0.0414806604385376
frame_004122.png,frame_004123.png,0.1263790726661682,-0.01487777940928936,0.3929745554924011,-0.015610062517225742,0.03406470641493797,-0.03837428614497185
frame_004123.png,frame_004124.png,0.12656357884407043,-0.024155545979738235,0.39839449524879456,-0.01408231072127819,0.035796307027339935,-0.03614257648587227
frame_004124.png,frame_004125.png,0.12666043639183044,-0.028742434456944466,0.4041488468647003,-0.014587854035198689,0.0366411991417408,-0.03866957128047943
frame_004125.png,frame_004126.png,0.12706954777240753,-0.028601467609405518,0.41485434770584106,-0.01921672746539116,0.03903249651193619,-0.04521305486559868
frame_004126.png,frame_004127.png,0.12188221514225006,-0.03228989243507385,0.4242500364780426,-0.009898681193590164,0.0395793691277504,-0.03578047454357147
frame_004127.png,frame_004128.png,0.10821563005447388,-0.03208085894584656,0.42545464634895325,-0.0013385601341724396,0.032846737653017044,-0.023786168545484543
frame_004128.png,frame_004129.png,0.10907775908708572,-0.026142030954360962,0.40950217843055725,-0.006395844742655754,0.03244606405496597,-0.025784939527511597
frame_004129.png,frame_004130.png,0.10219576954841614,-0.019586477428674698,0.4161927402019501,-0.0006970493122935295,0.03353279083967209,-0.025131329894065857
frame_004130.png,frame_004131.png,0.08694495260715485,-0.021789943799376488,0.40788447856903076,-0.0012944983318448067,0.028602421283721924,-0.019046887755393982
frame_004131.png,frame_004132.png,0.0845138281583786,-0.015619765967130661,0.3977127969264984,0.0013723140582442284,0.02503625676035881,-0.028013788163661957
frame_004132.png,frame_004133.png,0.08782777190208435,-0.015259411185979843,0.39732807874679565,0.0015483908355236053,0.027550019323825836,-0.02057330310344696
frame_004133.png,frame_004134.png,0.07678138464689255,-0.011369014158844948,0.3914283812046051,-0.005193299613893032,0.02424367517232895,-0.022105935961008072
frame_004134.png,frame_004135.png,0.06518333405256271,-0.020861398428678513,0.3979894816875458,-0.010701327584683895,0.03155765309929848,-0.022342372685670853
frame_004135.png,frame_004136.png,0.055810362100601196,-0.03090730682015419,0.40539517998695374,-0.009651030413806438,0.03550611063838005,-0.009449503384530544
frame_004136.png,frame_004137.png,0.05801873654127121,-0.032397106289863586,0.4047390818595886,-0.008392482064664364,0.036664288491010666,-0.0033893687650561333
frame_004137.png,frame_004138.png,0.06093989685177803,-0.03149578720331192,0.3998151123523712,-0.004540221765637398,0.03594804182648659,-0.002181406132876873
frame_004138.png,frame_004139.png,0.06613588333129883,-0.030854912474751472,0.39044812321662903,1.2433156371116638e-06,0.03405408561229706,0.0007690126076340675
frame_004139.png,frame_004140.png,0.06788036227226257,-0.029616283252835274,0.38508322834968567,0.002681972458958626,0.03288508951663971,-0.0003500087186694145
frame_004140.png,frame_004141.png,0.07197429239749908,-0.02538641169667244,0.3795209228992462,0.0036241840571165085,0.03188116475939751,-0.0037582358345389366
frame_004141.png,frame_004142.png,0.07450331747531891,-0.015968607738614082,0.37534263730049133,0.00596264936029911,0.03007940948009491,-0.012581239454448223
frame_004142.png,frame_004143.png,0.07106543332338333,-0.004169899970293045,0.36618825793266296,3.562029451131821e-05,0.024605311453342438,-0.028546307235956192
frame_004143.png,frame_004144.png,0.07916773855686188,0.00801556184887886,0.3596557378768921,-0.009838880971074104,0.024422530084848404,-0.05113361030817032
frame_004144.png,frame_004145.png,0.11879797279834747,0.013307373970746994,0.34527692198753357,-0.004667298868298531,0.025192338973283768,-0.059531159698963165
frame_004145.png,frame_004146.png,0.16501951217651367,0.009555436670780182,0.3272048532962799,0.0083948178216815,0.02236572653055191,-0.05101998150348663
frame_004146.png,frame_004147.png,0.18696026504039764,-0.002344217151403427,0.31300070881843567,0.01760118082165718,0.014445086009800434,-0.04861203581094742
frame_004147.png,frame_004148.png,0.19688627123832703,-0.0014191344380378723,0.30049875378608704,0.022053074091672897,0.0102682551369071,-0.04133220389485359
frame_004148.png,frame_004149.png,0.2044389843940735,0.0010670796036720276,0.2941461503505707,0.02284149080514908,0.010004633106291294,-0.030923228710889816
frame_004149.png,frame_004150.png,0.20206911861896515,0.007724735885858536,0.2884308099746704,0.021180283278226852,0.013489133678376675,-0.02353048324584961
frame_004150.png,frame_004151.png,0.18710638582706451,0.017404597252607346,0.3011147677898407,0.017271719872951508,0.01572626456618309,-0.029759496450424194
frame_004151.png,frame_004152.png,0.17314285039901733,0.023599989712238312,0.3074803650379181,0.017293855547904968,0.016965031623840332,-0.03550923615694046
frame_004152.png,frame_004153.png,0.1673722267150879,0.030605792999267578,0.3156937062740326,0.01969275251030922,0.01709824427962303,-0.04101598262786865
frame_004153.png,frame_004154.png,0.16194093227386475,0.03584650903940201,0.3236227035522461,0.020563971251249313,0.018335476517677307,-0.04373050481081009
frame_004154.png,frame_004155.png,0.15591248869895935,0.037645235657691956,0.32822588086128235,0.022452667355537415,0.019876129925251007,-0.04551824927330017
frame_004155.png,frame_004156.png,0.15403565764427185,0.03689640015363693,0.33128294348716736,0.025039270520210266,0.02110566571354866,-0.047510139644145966
frame_004156.png,frame_004157.png,0.1554890125989914,0.03291302174329758,0.3321003019809723,0.023256517946720123,0.019619755446910858,-0.04648285359144211
frame_004157.png,frame_004158.png,0.1614840179681778,0.026231668889522552,0.32851818203926086,0.020988523960113525,0.016699422150850296,-0.04242940619587898
frame_004158.png,frame_004159.png,0.1744900941848755,0.02254875749349594,0.3173590302467346,0.023646797984838486,0.013416485860943794,-0.037790391594171524
frame_004159.png,frame_004160.png,0.18788038194179535,0.020424794405698776,0.30416610836982727,0.022917889058589935,0.009564581327140331,-0.022455450147390366
frame_004160.png,frame_004161.png,0.22480255365371704,0.014800913631916046,0.2766992449760437,0.026292644441127777,0.01150753628462553,-0.0011237980797886848
frame_004161.png,frame_004162.png,0.24909469485282898,0.009215813130140305,0.25304484367370605,0.024394206702709198,0.013205324299633503,0.011190523393452168
frame_004162.png,frame_004163.png,0.25445085763931274,0.01356932520866394,0.23838159441947937,0.02328495681285858,0.012767721898853779,0.013407663442194462
frame_004163.png,frame_004164.png,0.25498640537261963,0.022652961313724518,0.23475030064582825,0.016549240797758102,0.0163571797311306,0.018897149711847305
frame_004164.png,frame_004165.png,0.24280208349227905,0.02996111661195755,0.24862229824066162,0.004846696741878986,0.01826745644211769,0.023461349308490753
frame_004165.png,frame_004166.png,0.22122609615325928,0.03728163242340088,0.26708024740219116,-0.004903973080217838,0.01600024104118347,0.022199243307113647
frame_004166.png,frame_004167.png,0.2049650251865387,0.043110191822052,0.28126847743988037,-0.010979912243783474,0.015469464473426342,0.01689276471734047
frame_004167.png,frame_004168.png,0.19410710036754608,0.04463472217321396,0.2944278419017792,-0.011973232962191105,0.015407572500407696,0.011546640656888485
frame_004168.png,frame_004169.png,0.19098687171936035,0.04413982480764389,0.3083212077617645,-0.014690588228404522,0.01626797392964363,0.008944266475737095
frame_004169.png,frame_004170.png,0.18809907138347626,0.04066861420869827,0.31822142004966736,-0.016212765127420425,0.016229312866926193,0.006258943118155003
frame_004170.png,frame_004171.png,0.18332380056381226,0.03718048334121704,0.3255915939807892,-0.018375925719738007,0.01599309965968132,0.002162863500416279
frame_004171.png,frame_004172.png,0.18446144461631775,0.03612922132015228,0.3320155739784241,-0.020023711025714874,0.0171574167907238,-0.0012064585462212563
frame_004172.png,frame_004173.png,0.1897890567779541,0.035642869770526886,0.3348192274570465,-0.019257422536611557,0.017136789858341217,-0.0016524353995919228
frame_004173.png,frame_004174.png,0.1906966269016266,0.0343983992934227,0.33512094616889954,-0.01847182959318161,0.01422443613409996,-0.0008609360083937645
frame_004174.png,frame_004175.png,0.19779567420482635,0.033535562455654144,0.3212820589542389,-0.013544048182666302,0.010518052615225315,-0.003929858095943928
frame_004175.png,frame_004176.png,0.20435866713523865,0.028333663940429688,0.30270394682884216,-0.0039698900654911995,0.009520331397652626,-0.002986573614180088
frame_004176.png,frame_004177.png,0.21340958774089813,0.02668946236371994,0.28720346093177795,0.002748263068497181,0.009370661340653896,-0.00033955182880163193
frame_004177.png,frame_004178.png,0.22626733779907227,0.022390499711036682,0.27632156014442444,0.00969910342246294,0.011767403222620487,0.008059187792241573
frame_004178.png,frame_004179.png,0.2262324094772339,0.02003289759159088,0.2795892357826233,0.014677208848297596,0.014275684021413326,0.011938068084418774
frame_004179.png,frame_004180.png,0.21473291516304016,0.015242360532283783,0.2850348949432373,0.014580902643501759,0.016499754041433334,0.001487421803176403
frame_004180.png,frame_004181.png,0.20485782623291016,0.01884496584534645,0.3024769127368927,0.010960632003843784,0.017787877470254898,-0.00965746771544218
frame_004181.png,frame_004182.png,0.19275066256523132,0.019945483654737473,0.31263360381126404,0.009362972341477871,0.02291940525174141,-0.02198602631688118
frame_004182.png,frame_004183.png,0.19040530920028687,0.020263344049453735,0.31500929594039917,0.009806870482861996,0.026873238384723663,-0.030011236667633057
frame_004183.png,frame_004184.png,0.18472954630851746,0.026576489210128784,0.31999441981315613,-7.68415629863739e-05,0.031346820294857025,-0.04741881787776947
frame_004184.png,frame_004185.png,0.17769280076026917,0.030894674360752106,0.3242373764514923,-0.010722246021032333,0.03300326690077782,-0.061024293303489685
frame_004185.png,frame_004186.png,0.16862323880195618,0.03013569861650467,0.32405170798301697,-0.016266781836748123,0.0318729467689991,-0.0689193531870842
frame_004186.png,frame_004187.png,0.14898081123828888,0.024836674332618713,0.3339933454990387,-0.015154261142015457,0.027745787054300308,-0.06538108736276627
frame_004187.png,frame_004188.png,0.12643586099147797,0.01711384579539299,0.34771618247032166,-0.013667936436831951,0.02526022493839264,-0.05775529891252518
frame_004188.png,frame_004189.png,0.10221762955188751,0.011320970952510834,0.36272963881492615,-0.01770036108791828,0.02615184709429741,-0.05617855116724968
frame_004189.png,frame_004190.png,0.08712241053581238,0.008120503276586533,0.380898118019104,-0.018500151112675667,0.02933109551668167,-0.05665538087487221
frame_004190.png,frame_004191.png,0.08258921653032303,0.004002265632152557,0.397439569234848,-0.025821920484304428,0.033648230135440826,-0.05465390533208847
frame_004191.png,frame_004192.png,0.09288319200277328,0.008322492241859436,0.3955875635147095,-0.028602633625268936,0.03553047031164169,-0.056790247559547424
frame_004192.png,frame_004193.png,0.10871654748916626,0.014534186571836472,0.3864830732345581,-0.03527862951159477,0.03857898712158203,-0.06513411551713943
frame_004193.png,frame_004194.png,0.13129183650016785,0.01889117807149887,0.37570300698280334,-0.03225923702120781,0.036726437509059906,-0.06736573576927185
frame_004194.png,frame_004195.png,0.15770995616912842,0.01509871706366539,0.3599596619606018,-0.022059783339500427,0.030282020568847656,-0.051962710916996
frame_004195.png,frame_004196.png,0.1663362681865692,0.01454818993806839,0.347077876329422,-0.014056351967155933,0.024329449981451035,-0.04710834473371506
frame_004196.png,frame_004197.png,0.17583756148815155,0.012989301234483719,0.33763375878334045,-0.006802509538829327,0.017289739102125168,-0.04098999500274658
frame_004197.png,frame_004198.png,0.17746856808662415,0.012366220355033875,0.3345266282558441,-0.00434295367449522,0.014739840291440487,-0.037582963705062866
frame_004198.png,frame_004199.png,0.17485937476158142,0.01165962964296341,0.3366628587245941,-0.010529107414186,0.011081789620220661,-0.030512455850839615
frame_004199.png,frame_004200.png,0.17256870865821838,0.012207001447677612,0.3397199213504791,-0.01806822046637535,0.00832574162632227,-0.02326490357518196
frame_004200.png,frame_004201.png,0.17539426684379578,0.01538839191198349,0.33854392170906067,-0.0270131453871727,0.005528547801077366,-0.006432504393160343
frame_004201.png,frame_004202.png,0.1793380081653595,0.016666192561388016,0.3292106091976166,-0.03439417481422424,0.0017865989357233047,0.01832234486937523
frame_004202.png,frame_004203.png,0.19892939925193787,0.015802204608917236,0.30222514271736145,-0.031616851687431335,0.0007373252883553505,0.03494913503527641
frame_004203.png,frame_004204.png,0.21683457493782043,0.018713664263486862,0.2752027213573456,-0.02608542889356613,-0.0010764235630631447,0.0385415256023407
frame_004204.png,frame_004205.png,0.24247214198112488,0.02440822869539261,0.24222609400749207,-0.022498231381177902,-0.0009628022089600563,0.039913859218358994
frame_004205.png,frame_004206.png,0.2609986364841461,0.02496243268251419,0.2148706018924713,-0.021018199622631073,-0.0031338995322585106,0.048982203006744385
frame_004206.png,frame_004207.png,0.2810792028903961,0.026424527168273926,0.19957783818244934,-0.016846053302288055,-0.0055425940081477165,0.05730418115854263
frame_004207.png,frame_004208.png,0.29840216040611267,0.04402484744787216,0.20798954367637634,-0.0038847392424941063,-0.0003275284543633461,0.055601902306079865
frame_004208.png,frame_004209.png,0.30000030994415283,0.06993434578180313,0.23249110579490662,0.010713540948927402,0.011083736084401608,0.04075806215405464
frame_004209.png,frame_004210.png,0.28220728039741516,0.08899355679750443,0.247959703207016,0.011268001981079578,0.017271440476179123,0.012601594440639019
frame_004210.png,frame_004211.png,0.26116952300071716,0.10038741677999496,0.25881192088127136,0.0019497955217957497,0.01999421790242195,-0.01932569220662117
frame_004211.png,frame_004212.png,0.2304542064666748,0.10254033654928207,0.2713491916656494,-0.014873550273478031,0.020706184208393097,-0.04214313626289368
frame_004212.png,frame_004213.png,0.2027888298034668,0.10357668250799179,0.27768418192863464,-0.02138030156493187,0.02015296183526516,-0.05261436104774475
frame_004213.png,frame_004214.png,0.18637719750404358,0.10408266633749008,0.2848941385746002,-0.018508268520236015,0.01899184286594391,-0.05407606437802315
frame_004214.png,frame_004215.png,0.1741262525320053,0.10289763659238815,0.28710994124412537,-0.0178007110953331,0.017439141869544983,-0.05380864441394806
frame_004215.png,frame_004216.png,0.16766899824142456,0.10148606449365616,0.2917656898498535,-0.013368089683353901,0.015789955854415894,-0.05241846293210983
frame_004216.png,frame_004217.png,0.16810137033462524,0.09947594255208969,0.2963032126426697,-0.010275505483150482,0.014462764374911785,-0.05395711585879326
frame_004217.png,frame_004218.png,0.17054519057273865,0.0957920029759407,0.29873865842819214,-0.009026848711073399,0.012212683446705341,-0.05270633473992348
frame_004218.png,frame_004219.png,0.17734062671661377,0.09044373780488968,0.2999947965145111,-0.0028496552258729935,0.012772961519658566,-0.04585333913564682
frame_004219.png,frame_004220.png,0.19405832886695862,0.08370020240545273,0.2881746292114258,0.009532990865409374,0.014552672393620014,-0.03031904622912407
frame_004220.png,frame_004221.png,0.2199283242225647,0.07620900869369507,0.2592363953590393,0.02217000722885132,0.013273525051772594,-0.009853155352175236
frame_004221.png,frame_004222.png,0.23700681328773499,0.0692136138677597,0.23318883776664734,0.023358896374702454,0.0139390854164958,0.00401186291128397
frame_004222.png,frame_004223.png,0.24828246235847473,0.059529878199100494,0.2161216139793396,0.016800105571746826,0.015838030725717545,0.016212277114391327
frame_004223.png,frame_004224.png,0.2513795793056488,0.05141986906528473,0.20662471652030945,0.0034540751948952675,0.0166575089097023,0.02699202299118042
frame_004224.png,frame_004225.png,0.2540484368801117,0.0475555956363678,0.21067893505096436,-0.010920061729848385,0.015488828532397747,0.03750429302453995
frame_004225.png,frame_004226.png,0.2619550824165344,0.04900506138801575,0.21393531560897827,-0.01451180037111044,0.013195659033954144,0.03996433690190315
frame_004226.png,frame_004227.png,0.26855573058128357,0.048032984137535095,0.2142079919576645,-0.01799418404698372,0.012721910141408443,0.04715868830680847
frame_004227.png,frame_004228.png,0.2731858193874359,0.04366684705018997,0.21407771110534668,-0.029991932213306427,0.014155804179608822,0.05235746502876282
frame_004228.png,frame_004229.png,0.26939821243286133,0.04280206561088562,0.2192201316356659,-0.03961176425218582,0.014166823588311672,0.050477929413318634
frame_004229.png,frame_004230.png,0.2478974461555481,0.044888511300086975,0.24922126531600952,-0.04946606233716011,0.013299955986440182,0.043516676872968674
frame_004230.png,frame_004231.png,0.22927963733673096,0.04403490573167801,0.27077212929725647,-0.054004088044166565,0.012414651922881603,0.03570772707462311
frame_004231.png,frame_004232.png,0.21423465013504028,0.04265932738780975,0.28494009375572205,-0.05919715389609337,0.013038967736065388,0.030713167041540146
frame_004232.png,frame_004233.png,0.2055075466632843,0.04199572652578354,0.29167482256889343,-0.05970323830842972,0.013032403774559498,0.02650759369134903
frame_004233.png,frame_004234.png,0.20432019233703613,0.04210518300533295,0.29454877972602844,-0.059644605964422226,0.013646946288645267,0.028180286288261414
frame_004234.png,frame_004235.png,0.2114623486995697,0.043574027717113495,0.2856415808200836,-0.059154849499464035,0.011304843239486217,0.029729660600423813
frame_004235.png,frame_004236.png,0.22371309995651245,0.04690694808959961,0.26960256695747375,-0.05550234019756317,0.009632368572056293,0.031639426946640015
frame_004236.png,frame_004237.png,0.24090760946273804,0.047153472900390625,0.2406737208366394,-0.0505327507853508,0.008429265581071377,0.03176110237836838
frame_004237.png,frame_004238.png,0.26409292221069336,0.041674576699733734,0.1953015923500061,-0.03993535041809082,0.005234888754785061,0.037854164838790894
frame_004238.png,frame_004239.png,0.27875927090644836,0.03818126767873764,0.16598132252693176,-0.03127187862992287,0.004760841839015484,0.045369505882263184
frame_004239.png,frame_004240.png,0.28818342089653015,0.039956219494342804,0.16051852703094482,-0.02076243981719017,0.005359507165849209,0.059176430106163025
frame_004240.png,frame_004241.png,0.2920726239681244,0.04946478456258774,0.1606530100107193,-0.015268555842339993,0.00746051874011755,0.06122604012489319
frame_004241.png,frame_004242.png,0.29294463992118835,0.06482066214084625,0.12975740432739258,-0.011710981838405132,0.010786737315356731,0.07452543079853058
frame_004242.png,frame_004243.png,0.2810356616973877,0.06774585694074631,0.09398648142814636,-0.008512384258210659,0.015161513350903988,0.0668959766626358
frame_004243.png,frame_004244.png,0.26679667830467224,0.07015106081962585,0.08144402503967285,0.0009817229583859444,0.017171498388051987,0.051737457513809204
frame_004244.png,frame_004245.png,0.25761696696281433,0.06870212405920029,0.06658323109149933,0.01321853045374155,0.013761426322162151,0.038450468331575394
frame_004245.png,frame_004246.png,0.24823781847953796,0.0649743601679802,0.06199618801474571,0.016668163239955902,0.010124756954610348,0.03070211037993431
frame_004246.png,frame_004247.png,0.23484233021736145,0.06442847102880478,0.07227231562137604,0.016995050013065338,0.004963207058608532,0.018759284168481827
frame_004247.png,frame_004248.png,0.22350701689720154,0.06413254886865616,0.08551055192947388,0.013278947211802006,0.0014565708115696907,0.012197536416351795
frame_004248.png,frame_004249.png,0.22618886828422546,0.06364212185144424,0.0935506671667099,0.015191608108580112,-0.0001742541790008545,0.009548918344080448
frame_004249.png,frame_004250.png,0.23259365558624268,0.06218705326318741,0.09591515362262726,0.021073266863822937,-0.0017425911501049995,0.011200354434549809
frame_004250.png,frame_004251.png,0.2520068287849426,0.06291947513818741,0.09423224627971649,0.03350606560707092,0.0006039924919605255,0.013286006636917591
frame_004251.png,frame_004252.png,0.27313464879989624,0.06002545356750488,0.09758831560611725,0.04257269948720932,0.0061021242290735245,0.017619002610445023
frame_004252.png,frame_004253.png,0.275466650724411,0.05633208900690079,0.10381509363651276,0.0398261658847332,0.009436620399355888,0.025663718581199646
frame_004253.png,frame_004254.png,0.27935394644737244,0.05468427389860153,0.117870032787323,0.04014778137207031,0.00697446521371603,0.045789867639541626
frame_004254.png,frame_004255.png,0.2878386974334717,0.04797007888555527,0.12496720254421234,0.03348464518785477,0.008622372522950172,0.05409000813961029
frame_004255.png,frame_004256.png,0.29054805636405945,0.05005413293838501,0.12782704830169678,0.03665120527148247,0.007026029750704765,0.03924039006233215
frame_004256.png,frame_004257.png,0.28108370304107666,0.0523165762424469,0.13137376308441162,0.02739226445555687,0.0025645988062024117,0.03923285752534866
frame_004257.png,frame_004258.png,0.26859864592552185,0.04503913223743439,0.11731724441051483,0.02825847640633583,-0.008111110888421535,0.04295061528682709
frame_004258.png,frame_004259.png,0.25964173674583435,0.04262910783290863,0.10228435695171356,0.02721790224313736,-0.01282701175659895,0.035673998296260834
frame_004259.png,frame_004260.png,0.23251420259475708,0.04152040183544159,0.09061707556247711,0.03369759023189545,-0.016305875033140182,0.01975235342979431
frame_004260.png,frame_004261.png,0.21604838967323303,0.04273455590009689,0.08679310977458954,0.03172672912478447,-0.014342919923365116,0.006032896228134632
frame_004261.png,frame_004262.png,0.2038707584142685,0.045688413083553314,0.07459045946598053,0.026765186339616776,-0.01800021529197693,-0.007371910847723484
frame_004262.png,frame_004263.png,0.20231983065605164,0.048438504338264465,0.07457160949707031,0.01542495284229517,-0.02168799191713333,-0.014437769539654255
frame_004263.png,frame_004264.png,0.2079012393951416,0.042259328067302704,0.08338071405887604,0.00842596497386694,-0.01919133961200714,-0.006136852316558361
frame_004264.png,frame_004265.png,0.19444116950035095,0.027153514325618744,0.12203472852706909,0.004851098172366619,-0.01238956768065691,0.0050595710054039955
frame_004265.png,frame_004266.png,0.1677122712135315,0.008153237402439117,0.16471979022026062,0.010097062215209007,-0.004756244830787182,0.009102323092520237
frame_004266.png,frame_004267.png,0.149419367313385,-0.00496041402220726,0.19778627157211304,0.018064208328723907,0.0020648716017603874,0.01551430020481348
frame_004267.png,frame_004268.png,0.1417590230703354,-0.013406781479716301,0.22941811382770538,0.01816406473517418,0.008311555720865726,0.02042311429977417
frame_004268.png,frame_004269.png,0.13098907470703125,-0.01953759789466858,0.25146982073783875,0.013492000289261341,0.008459752425551414,0.014881969429552555
frame_004269.png,frame_004270.png,0.12829360365867615,-0.0226764976978302,0.26480811834335327,0.010600605048239231,0.00758757721632719,0.009538383223116398
frame_004270.png,frame_004271.png,0.13434672355651855,-0.021421946585178375,0.2723175287246704,0.00951757375150919,0.007267978973686695,0.008390904404222965
frame_004271.png,frame_004272.png,0.13872495293617249,-0.020340275019407272,0.27830955386161804,0.007075776346027851,0.006609143223613501,0.007813536562025547
frame_004272.png,frame_004273.png,0.1415598839521408,-0.019778523594141006,0.28646084666252136,0.005360933020710945,0.006658555939793587,0.012722511775791645
frame_004273.png,frame_004274.png,0.14213502407073975,-0.019693370908498764,0.29180070757865906,0.0063117993995547295,0.0071675521321594715,0.018682032823562622
frame_004274.png,frame_004275.png,0.13889442384243011,-0.02431773953139782,0.29321327805519104,0.007746540941298008,0.006157013587653637,0.023164741694927216
frame_004275.png,frame_004276.png,0.12812724709510803,-0.026673294603824615,0.2943026125431061,0.012883405201137066,0.0054781511425971985,0.01595919579267502
frame_004276.png,frame_004277.png,0.11868956685066223,-0.032124973833560944,0.2926079332828522,0.01877673715353012,0.006680767051875591,0.002265692688524723
frame_004277.png,frame_004278.png,0.11824286729097366,-0.037780649960041046,0.2971831262111664,0.025996457785367966,0.004863079637289047,0.003895350731909275
frame_004278.png,frame_004279.png,0.11610560864210129,-0.04345723241567612,0.3047845661640167,0.026707757264375687,0.007379378192126751,0.0019391747191548347
frame_004279.png,frame_004280.png,0.10918723046779633,-0.05108856037259102,0.3000754415988922,0.025776837021112442,0.012995846569538116,-0.0047470396384596825
frame_004280.png,frame_004281.png,0.10057336091995239,-0.048797886818647385,0.30052950978279114,0.02188226580619812,0.016345150768756866,-0.010225552134215832
frame_004281.png,frame_004282.png,0.09577611088752747,-0.04618675634264946,0.29815149307250977,0.014408080838620663,0.017562661319971085,-0.01447006594389677
frame_004282.png,frame_004283.png,0.09559999406337738,-0.04617457836866379,0.2892446517944336,0.007714773528277874,0.018528033047914505,-0.018079355359077454
frame_004283.png,frame_004284.png,0.09756988286972046,-0.04449246823787689,0.2783418893814087,0.010936161503195763,0.01748332753777504,-0.018501702696084976
frame_004284.png,frame_004285.png,0.09491086006164551,-0.03950505331158638,0.2812707722187042,0.013871916569769382,0.017176222056150436,-0.023512497544288635
frame_004285.png,frame_004286.png,0.08979624509811401,-0.03566230833530426,0.2884044945240021,0.007946956902742386,0.01905418559908867,-0.03005923703312874
frame_004286.png,frame_004287.png,0.09429317712783813,-0.027539264410734177,0.2934347689151764,-0.00040926504880189896,0.01969943568110466,-0.03492249175906181
frame_004287.png,frame_004288.png,0.09517553448677063,-0.019036252051591873,0.29071423411369324,-0.006806213408708572,0.01520945131778717,-0.03412086144089699
frame_004288.png,frame_004289.png,0.10551629215478897,-0.001592341810464859,0.2894483506679535,-0.012533833272755146,0.01147390715777874,-0.03643399849534035
frame_004289.png,frame_004290.png,0.12524192035198212,0.009249836206436157,0.28843191266059875,-0.018463939428329468,0.006592512130737305,-0.0463268905878067
frame_004290.png,frame_004291.png,0.1385599970817566,0.009618964046239853,0.3020797371864319,-0.017369337379932404,0.005226207431405783,-0.051819369196891785
frame_004291.png,frame_004292.png,0.15983107686042786,0.013710632920265198,0.30765578150749207,-0.01595700904726982,0.004641525447368622,-0.04784499853849411
frame_004292.png,frame_004293.png,0.17411549389362335,0.017527852207422256,0.3131917119026184,-0.01764202117919922,0.0045700678601861,-0.04412863776087761
frame_004293.png,frame_004294.png,0.17878302931785583,0.01854269951581955,0.3216579258441925,-0.01901700347661972,0.005901220254600048,-0.039857957512140274
frame_004294.png,frame_004295.png,0.1836007833480835,0.018387727439403534,0.3325224220752716,-0.01528431847691536,0.006912193261086941,-0.02944614738225937
frame_004295.png,frame_004296.png,0.18354809284210205,0.014937128871679306,0.34595292806625366,-0.013876484706997871,0.006424899213016033,-0.021523375064134598
frame_004296.png,frame_004297.png,0.18369433283805847,0.009240381419658661,0.3554176986217499,-0.008048455230891705,0.003744504414498806,-0.019222881644964218
frame_004297.png,frame_004298.png,0.19070526957511902,0.009218122810125351,0.35576364398002625,-0.00017627514898777008,0.0009162323549389839,-0.015865515917539597
frame_004298.png,frame_004299.png,0.20145300030708313,0.015325605869293213,0.3445356786251068,0.004888193681836128,-0.002545432187616825,-0.013850978575646877
frame_004299.png,frame_004300.png,0.21711888909339905,0.021943211555480957,0.3251742422580719,0.010489721782505512,-0.006754384376108646,-0.012145967222750187
frame_004300.png,frame_004301.png,0.23106613755226135,0.02807830274105072,0.3085925281047821,0.016640886664390564,-0.009019591845571995,-0.01064059417694807
frame_004301.png,frame_004302.png,0.24250254034996033,0.03437858074903488,0.29421165585517883,0.020522531121969223,-0.009877239353954792,-0.010397511534392834
frame_004302.png,frame_004303.png,0.24851027131080627,0.04041738063097,0.28352341055870056,0.025407448410987854,-0.011836030520498753,-0.011695015244185925
frame_004303.png,frame_004304.png,0.2518869638442993,0.045990556478500366,0.27416786551475525,0.028990186750888824,-0.012932674027979374,-0.012830077670514584
frame_004304.png,frame_004305.png,0.25446492433547974,0.05136726051568985,0.26712197065353394,0.02894580364227295,-0.013764233328402042,-0.013913962058722973
frame_004305.png,frame_004306.png,0.25699901580810547,0.054157137870788574,0.2641125023365021,0.02802269160747528,-0.01392845343798399,-0.013972322456538677
frame_004306.png,frame_004307.png,0.2589263617992401,0.05820754915475845,0.2614232003688812,0.026135262101888657,-0.014644800685346127,-0.012116936035454273
frame_004307.png,frame_004308.png,0.2603684067726135,0.06094968318939209,0.25449657440185547,0.025454431772232056,-0.013712340034544468,-0.011378037743270397
frame_004308.png,frame_004309.png,0.26736146211624146,0.06210159510374069,0.24626892805099487,0.02398274466395378,-0.015436648391187191,-0.013382368721067905
frame_004309.png,frame_004310.png,0.26528996229171753,0.055234238505363464,0.2480570673942566,0.02273634821176529,-0.014214389957487583,-0.010360405780375004
frame_004310.png,frame_004311.png,0.2554701268672943,0.048884086310863495,0.25607356429100037,0.01987302675843239,-0.013262641616165638,-0.009798130951821804
frame_004311.png,frame_004312.png,0.23164284229278564,0.051578499376773834,0.2722565233707428,0.01558117475360632,-0.011159487999975681,-0.021012388169765472
frame_004312.png,frame_004313.png,0.20654384791851044,0.053054079413414,0.2883034646511078,0.012504036538302898,-0.007652739994227886,-0.033118464052677155
frame_004313.png,frame_004314.png,0.1925312578678131,0.058375731110572815,0.29777660965919495,-0.0038978951051831245,-0.0062791453674435616,-0.037798479199409485
frame_004314.png,frame_004315.png,0.18033447861671448,0.0657147467136383,0.3049824833869934,-0.01556435041129589,-0.0021531451493501663,-0.041597601026296616
frame_004315.png,frame_004316.png,0.17028601467609406,0.0697212964296341,0.30928537249565125,-0.015240062959492207,-1.1538155376911163e-05,-0.03897988796234131
frame_004316.png,frame_004317.png,0.1654616892337799,0.07615066319704056,0.3161226212978363,-0.012815997004508972,0.0024579614400863647,-0.033203642815351486
frame_004317.png,frame_004318.png,0.14808404445648193,0.08033781498670578,0.32579663395881653,-0.007910656742751598,0.00548905972391367,-0.03841445595026016
frame_004318.png,frame_004319.png,0.12036405503749847,0.07691330462694168,0.32885488867759705,-0.01632120832800865,0.012888704426586628,-0.03596213459968567
frame_004319.png,frame_004320.png,0.10910991579294205,0.06288125365972519,0.34709814190864563,-0.021512091159820557,0.022960249334573746,-0.023779965937137604
frame_004320.png,frame_004321.png,0.09849333018064499,0.03911220282316208,0.36945459246635437,-0.015461494214832783,0.03323982656002045,-0.016154758632183075
frame_004321.png,frame_004322.png,0.10325875133275986,0.015759572386741638,0.3708191215991974,0.006306177005171776,0.03777020797133446,-0.00017350073903799057
frame_004322.png,frame_004323.png,0.1113339215517044,0.004311174154281616,0.3668515384197235,0.02390696480870247,0.03564480319619179,0.00973541010171175
frame_004323.png,frame_004324.png,0.11991965770721436,-0.0002891905605792999,0.36346712708473206,0.03689826652407646,0.03249070420861244,0.012346883304417133
frame_004324.png,frame_004325.png,0.12560656666755676,-0.00023740530014038086,0.3640662729740143,0.044676296412944794,0.02995195984840393,0.011402257718145847
frame_004325.png,frame_004326.png,0.11277143657207489,-0.00234183669090271,0.37823185324668884,0.04256190359592438,0.024845074862241745,0.014292088337242603
frame_004326.png,frame_004327.png,0.08384105563163757,-0.011406434699892998,0.40599963068962097,0.04139000177383423,0.019913572818040848,0.020694535225629807
frame_004327.png,frame_004328.png,0.055107299238443375,-0.02387228049337864,0.43166637420654297,0.03817128390073776,0.017797399312257767,0.02311062067747116
frame_004328.png,frame_004329.png,0.03595811873674393,-0.03705983608961105,0.4429578483104706,0.0401165708899498,0.015632256865501404,0.03103170543909073
frame_004329.png,frame_004330.png,0.01968308538198471,-0.04252397641539574,0.4583180844783783,0.03236205875873566,0.01335456408560276,0.034693315625190735
frame_004330.png,frame_004331.png,0.0011640861630439758,-0.042614057660102844,0.4710722863674164,0.02437606453895569,0.009360992349684238,0.028817296028137207
frame_004331.png,frame_004332.png,-0.010494284331798553,-0.04644954949617386,0.47614917159080505,0.025466997176408768,0.0037671150639653206,0.03335689380764961
frame_004332.png,frame_004333.png,-0.010868482291698456,-0.04824358969926834,0.47922760248184204,0.015639178454875946,0.008240706287324429,0.02535383403301239
frame_004333.png,frame_004334.png,0.002734728157520294,-0.040565140545368195,0.47277209162712097,-0.004766260273754597,0.010356071405112743,-0.0029470985755324364
frame_004334.png,frame_004335.png,0.058795273303985596,-0.01985485479235649,0.43227246403694153,-0.032205965369939804,0.007328469306230545,-0.026356875896453857
frame_004335.png,frame_004336.png,0.12820495665073395,0.009676426649093628,0.3669743239879608,-0.04594309628009796,0.0032995501533150673,-0.038046568632125854
frame_004336.png,frame_004337.png,0.18662264943122864,0.03169065713882446,0.32250282168388367,-0.04485991597175598,0.002649433445185423,-0.03615082427859306
frame_004337.png,frame_004338.png,0.22219598293304443,0.044057637453079224,0.30747583508491516,-0.04427669942378998,0.010303999297320843,-0.039855580776929855
frame_004338.png,frame_004339.png,0.23750603199005127,0.043217986822128296,0.3132595121860504,-0.044622913002967834,0.016518380492925644,-0.042631328105926514
frame_004339.png,frame_004340.png,0.24992641806602478,0.03922244906425476,0.3139331638813019,-0.03734370693564415,0.019545074552297592,-0.0487595871090889
frame_004340.png,frame_004341.png,0.26085954904556274,0.02875601500272751,0.31147024035453796,-0.022631540894508362,0.022389594465494156,-0.05167875066399574
frame_004341.png,frame_004342.png,0.26620081067085266,0.01948734000325203,0.3107652962207794,-0.007481868378818035,0.02175237238407135,-0.04819417744874954
frame_004342.png,frame_004343.png,0.27542948722839355,0.017707228660583496,0.3071465492248535,0.003131710924208164,0.01974162459373474,-0.04835446551442146
frame_004343.png,frame_004344.png,0.28677302598953247,0.024827122688293457,0.29920029640197754,-0.0021116947755217552,0.015871059149503708,-0.052071575075387955
frame_004344.png,frame_004345.png,0.3059300184249878,0.03910313546657562,0.27304700016975403,0.0002032807096838951,0.004049281589686871,-0.04028908908367157
frame_004345.png,frame_004346.png,0.31622302532196045,0.05393293499946594,0.24978819489479065,0.006302141584455967,-0.00605886522680521,-0.029438834637403488
frame_004346.png,frame_004347.png,0.3191274404525757,0.06755005568265915,0.2272011786699295,0.021740321069955826,-0.015424230135977268,-0.012890349142253399
frame_004347.png,frame_004348.png,0.3149298131465912,0.07873567938804626,0.22780588269233704,0.020866286009550095,-0.02045629546046257,-0.005400295369327068
frame_004348.png,frame_004349.png,0.2964298129081726,0.08568228036165237,0.24910089373588562,0.015436225570738316,-0.02558935061097145,-0.006721979938447475
frame_004349.png,frame_004350.png,0.2778388559818268,0.08584340661764145,0.28393420577049255,0.004548943601548672,-0.025918468832969666,-0.019606776535511017
frame_004350.png,frame_004351.png,0.26525774598121643,0.07748398929834366,0.30805519223213196,-0.0005712704733014107,-0.019963469356298447,-0.017727110534906387
frame_004351.png,frame_004352.png,0.2583000659942627,0.06886349618434906,0.30954113602638245,-0.004877932369709015,-0.019688289612531662,-0.011166120879352093
frame_004352.png,frame_004353.png,0.24617409706115723,0.06075543165206909,0.29946205019950867,-0.005218851380050182,-0.02199125662446022,-0.0009415028616786003
frame_004353.png,frame_004354.png,0.23556312918663025,0.04482162743806839,0.2814423739910126,0.002818831242620945,-0.017693251371383667,0.014197767712175846
frame_004354.png,frame_004355.png,0.21177104115486145,0.03025268018245697,0.2609892785549164,0.007429803721606731,-0.01493495050817728,0.037230271846055984
frame_004355.png,frame_004356.png,0.19696229696273804,0.01803993433713913,0.24950984120368958,0.012544429861009121,-0.01118131447583437,0.054084017872810364
frame_004356.png,frame_004357.png,0.1994348168373108,0.01470634713768959,0.2553645670413971,0.02363831177353859,-0.00613828469067812,0.050813257694244385
frame_004357.png,frame_004358.png,0.21085554361343384,0.012184973806142807,0.2557224929332733,0.03215831145644188,0.0006057014688849449,0.04840831831097603
frame_004358.png,frame_004359.png,0.21970343589782715,0.011536046862602234,0.2536729574203491,0.03942336142063141,0.007092139683663845,0.05342130362987518
frame_004359.png,frame_004360.png,0.2270011007785797,0.01674700900912285,0.26387810707092285,0.04133570194244385,0.009319624863564968,0.06437996029853821
frame_004360.png,frame_004361.png,0.23117095232009888,0.02654442936182022,0.2867024838924408,0.03956940025091171,0.007751177065074444,0.08326319605112076
frame_004361.png,frame_004362.png,0.24100017547607422,0.033461734652519226,0.2942281663417816,0.042511023581027985,0.00856247078627348,0.10167354345321655
frame_004362.png,frame_004363.png,0.254159152507782,0.04310231655836105,0.281287282705307,0.05304133892059326,0.00968738179653883,0.1186549961566925
frame_004363.png,frame_004364.png,0.2733755111694336,0.05186548829078674,0.24671795964241028,0.060177870094776154,0.009421906433999538,0.13213148713111877
frame_004364.png,frame_004365.png,0.28953230381011963,0.0528520792722702,0.20897355675697327,0.06943212449550629,0.003397657535970211,0.13597488403320312
frame_004365.png,frame_004366.png,0.30402234196662903,0.05495651811361313,0.16701799631118774,0.08050396293401718,-0.005898655392229557,0.12801113724708557
frame_004366.png,frame_004367.png,0.31110912561416626,0.058579735457897186,0.14275532960891724,0.08949504792690277,-0.011269890703260899,0.12186385691165924
frame_004367.png,frame_004368.png,0.30341196060180664,0.054570041596889496,0.1381269246339798,0.08922205865383148,-0.016304798424243927,0.1290690153837204
frame_004368.png,frame_004369.png,0.279732346534729,0.05310776084661484,0.1351483315229416,0.07430203258991241,-0.02396872267127037,0.13637661933898926
frame_004369.png,frame_004370.png,0.2512560188770294,0.040746577084064484,0.17273090779781342,0.06361328065395355,-0.018823903053998947,0.14351986348628998
frame_004370.png,frame_004371.png,0.2658352553844452,0.03453552722930908,0.16741707921028137,0.059498608112335205,-0.01788429170846939,0.12727399170398712
frame_004371.png,frame_004372.png,0.2493034303188324,0.05330730974674225,0.16810278594493866,0.05902447551488876,-0.02719789743423462,0.0850791484117508
frame_004372.png,frame_004373.png,0.21634486317634583,0.05929212272167206,0.15968726575374603,0.06788807362318039,-0.03191749006509781,0.06721892952919006
frame_004373.png,frame_004374.png,0.24313154816627502,0.07351693511009216,0.11164715886116028,0.06445556879043579,-0.026446469128131866,0.037992317229509354
frame_004374.png,frame_004375.png,0.27301156520843506,0.09263939410448074,0.09078063070774078,0.039712321013212204,-0.0347786620259285,0.034240733832120895
frame_004375.png,frame_004376.png,0.2467283308506012,0.10804177075624466,0.10513633489608765,0.020398903638124466,-0.043161675333976746,0.027936115860939026
frame_004376.png,frame_004377.png,0.2169020175933838,0.10494329780340195,0.1048005074262619,0.009264749474823475,-0.027204614132642746,0.0562121719121933
frame_004377.png,frame_004378.png,0.23987418413162231,0.12198928743600845,0.08564375340938568,0.04129292815923691,-0.020465992391109467,0.05696079879999161
frame_004378.png,frame_004379.png,0.20292037725448608,0.12971723079681396,0.061818692833185196,0.034902893006801605,-0.020660720765590668,0.032858893275260925
frame_004379.png,frame_004380.png,0.20627933740615845,0.1187162771821022,0.05177263543009758,0.033236242830753326,-0.01308149378746748,0.023335590958595276
frame_004380.png,frame_004381.png,0.21380749344825745,0.1242639496922493,0.05505416914820671,0.03562498092651367,-0.017434261739253998,0.021246079355478287
frame_004381.png,frame_004382.png,0.22561588883399963,0.11559011787176132,0.05103221908211708,0.019341368228197098,-0.031024880707263947,0.034524913877248764
frame_004382.png,frame_004383.png,0.2527763843536377,0.11559107154607773,0.025002922862768173,0.020870991051197052,-0.026056285947561264,0.050932396203279495
frame_004383.png,frame_004384.png,0.26289430260658264,0.11953539401292801,0.036017727106809616,-0.011165219359099865,-0.02836395800113678,0.05463743954896927
frame_004384.png,frame_004385.png,0.29900383949279785,0.12663206458091736,0.0385030098259449,-0.018097717314958572,-0.019991334527730942,0.05491805821657181
frame_004385.png,frame_004386.png,0.3090175986289978,0.13088133931159973,0.06768198311328888,-0.022876910865306854,-0.007190329022705555,0.04962906986474991
frame_004386.png,frame_004387.png,0.3304641842842102,0.12214184552431107,0.07585403323173523,-0.02211128920316696,0.012271092273294926,0.0666356012225151
frame_004387.png,frame_004388.png,0.3577759265899658,0.10879068821668625,0.05274757370352745,-0.001286461018025875,0.01176567655056715,0.08924783766269684
frame_004388.png,frame_004389.png,0.38014736771583557,0.11069565266370773,0.03167886659502983,0.004456334747374058,0.007999098859727383,0.11113487184047699
frame_004389.png,frame_004390.png,0.3899552524089813,0.11787278205156326,0.03639381006360054,0.02322504296898842,-0.002022099681198597,0.11489544808864594
frame_004390.png,frame_004391.png,0.38913998007774353,0.1183178499341011,0.03907138854265213,0.024415187537670135,-0.007648318074643612,0.1208861768245697
frame_004391.png,frame_004392.png,0.4040866792201996,0.1187383309006691,0.03073965385556221,0.034096792340278625,-0.01367820706218481,0.12541696429252625
frame_004392.png,frame_004393.png,0.4112565219402313,0.11695899814367294,0.02779940888285637,0.035506732761859894,-0.01597793772816658,0.13288360834121704
frame_004393.png,frame_004394.png,0.4145523011684418,0.1153322234749794,0.023928340524435043,0.03516057878732681,-0.018396399915218353,0.13295990228652954
frame_004394.png,frame_004395.png,0.41735807061195374,0.11227364093065262,0.0202568881213665,0.037082210183143616,-0.022521667182445526,0.13520199060440063
frame_004395.png,frame_004396.png,0.4224901497364044,0.11147911101579666,0.019784655421972275,0.03961113095283508,-0.024893593043088913,0.13433155417442322
frame_004396.png,frame_004397.png,0.43451252579689026,0.11257792264223099,0.016333702951669693,0.04307037591934204,-0.027320709079504013,0.1305946409702301
frame_004397.png,frame_004398.png,0.44149383902549744,0.11206725984811783,0.010339099913835526,0.0438770055770874,-0.026657234877347946,0.12203513085842133
frame_004398.png,frame_004399.png,0.4455006420612335,0.11254879087209702,0.0011395327746868134,0.047086067497730255,-0.02521088346838951,0.11673502624034882
frame_004399.png,frame_004400.png,0.45152828097343445,0.11178380995988846,0.0005938969552516937,0.049177058041095734,-0.022509146481752396,0.11200632154941559
frame_004400.png,frame_004401.png,0.4502851665019989,0.1130724623799324,0.006478484719991684,0.052857525646686554,-0.023000847548246384,0.1079864501953125
frame_004401.png,frame_004402.png,0.4459485113620758,0.11462555080652237,0.005528729408979416,0.05509287863969803,-0.02355159819126129,0.11017169058322906
frame_004402.png,frame_004403.png,0.4305538535118103,0.111613430082798,0.01243557408452034,0.05900631099939346,-0.02647356688976288,0.11616292595863342
frame_004403.png,frame_004404.png,0.40303561091423035,0.10843580216169357,0.03524831309914589,0.06103750318288803,-0.029819339513778687,0.11256200075149536
frame_004404.png,frame_004405.png,0.3857335150241852,0.10366839915513992,0.052724432200193405,0.06780944764614105,-0.03280391916632652,0.10475152730941772
frame_004405.png,frame_004406.png,0.3916131258010864,0.0996026024222374,0.06891848146915436,0.07691693305969238,-0.034412164241075516,0.09761331230401993
frame_004406.png,frame_004407.png,0.3979818522930145,0.09303341060876846,0.08094887435436249,0.08039729297161102,-0.03706607222557068,0.09016603231430054
frame_004407.png,frame_004408.png,0.39719608426094055,0.09213302284479141,0.10570155084133148,0.07478496432304382,-0.03698379918932915,0.08171941339969635
frame_004408.png,frame_004409.png,0.38414645195007324,0.09111175686120987,0.14449743926525116,0.06525469571352005,-0.03525195270776749,0.06955497711896896
frame_004409.png,frame_004410.png,0.3616228699684143,0.08199816197156906,0.1906827688217163,0.05929672718048096,-0.030570335686206818,0.065030038356781
frame_004410.png,frame_004411.png,0.34246015548706055,0.06995996832847595,0.2330392599105835,0.05474596470594406,-0.026052124798297882,0.0657021552324295
frame_004411.png,frame_004412.png,0.3199869692325592,0.06166243553161621,0.2648530602455139,0.04710366576910019,-0.022219624370336533,0.06488540768623352
frame_004412.png,frame_004413.png,0.29154494404792786,0.05644523352384567,0.28337475657463074,0.04265405610203743,-0.019904419779777527,0.06618212163448334
frame_004413.png,frame_004414.png,0.269296795129776,0.05515899509191513,0.303872674703598,0.03571448102593422,-0.01727427914738655,0.06757371127605438
frame_004414.png,frame_004415.png,0.25099319219589233,0.051994726061820984,0.32903990149497986,0.024631571024656296,-0.014790420420467854,0.06540416181087494
frame_004415.png,frame_004416.png,0.237679123878479,0.051305703818798065,0.3499188721179962,0.017663508653640747,-0.01335997600108385,0.06472469866275787
frame_004416.png,frame_004417.png,0.2090860903263092,0.04894612729549408,0.3611465394496918,0.0070457374677062035,-0.011031166650354862,0.06606180965900421
frame_004417.png,frame_004418.png,0.1800810694694519,0.04242879897356033,0.38234850764274597,-0.0018844129517674446,-0.008010955527424812,0.06886179745197296
frame_004418.png,frame_004419.png,0.16304101049900055,0.031120508909225464,0.40015509724617004,-0.006301592104136944,0.002497929148375988,0.07646523416042328
frame_004419.png,frame_004420.png,0.15115752816200256,0.025339163839817047,0.40548497438430786,-0.004795270971953869,0.009042901918292046,0.0788162499666214
frame_004420.png,frame_004421.png,0.15087571740150452,0.02656862884759903,0.40425464510917664,-0.003445676527917385,0.008912782184779644,0.07662512362003326
frame_004421.png,frame_004422.png,0.14874470233917236,0.028024934232234955,0.40307047963142395,0.005690057761967182,0.007536035962402821,0.06858142465353012
frame_004422.png,frame_004423.png,0.14333824813365936,0.024897970259189606,0.39903417229652405,0.00966289360076189,0.008020265027880669,0.06167769432067871
frame_004423.png,frame_004424.png,0.13947151601314545,0.028905607759952545,0.4003300666809082,0.010124352760612965,0.00743577117100358,0.055694952607154846
frame_004424.png,frame_004425.png,0.13581590354442596,0.034534260630607605,0.3963525593280792,0.007380162365734577,0.008404203690588474,0.0459422692656517
frame_004425.png,frame_004426.png,0.1311037689447403,0.04046054184436798,0.39718347787857056,-0.00031271856278181076,0.011807921342551708,0.0373007170855999
frame_004426.png,frame_004427.png,0.12524423003196716,0.047614552080631256,0.39048734307289124,-0.00813117902725935,0.011920176446437836,0.025683287531137466
frame_004427.png,frame_004428.png,0.13209092617034912,0.05374045670032501,0.3827072083950043,-0.012589956633746624,0.013067559339106083,0.017188962548971176
frame_004428.png,frame_004429.png,0.13482260704040527,0.0577237531542778,0.3757988512516022,-0.01440108846873045,0.014339320361614227,0.011873320676386356
frame_004429.png,frame_004430.png,0.13579270243644714,0.06266561895608902,0.3651946485042572,-0.015697967261075974,0.014368543401360512,0.004281704314053059
frame_004430.png,frame_004431.png,0.1369665563106537,0.06767120212316513,0.3534044623374939,-0.015735354274511337,0.01298311073333025,-0.001544657163321972
frame_004431.png,frame_004432.png,0.13549911975860596,0.06830676645040512,0.34283533692359924,-0.014789084903895855,0.011497828178107738,-0.0016635535284876823
frame_004432.png,frame_004433.png,0.14166215062141418,0.07249420881271362,0.3223402202129364,-0.014251735992729664,0.010256432928144932,-0.0007072305306792259
frame_004433.png,frame_004434.png,0.15074515342712402,0.07902684062719345,0.29793092608451843,-0.015332839451730251,0.00699953269213438,-0.0016278615221381187
frame_004434.png,frame_004435.png,0.15902817249298096,0.08434075862169266,0.2755568325519562,-0.013696636073291302,0.004792158491909504,0.0013802098110318184
frame_004435.png,frame_004436.png,0.17157359421253204,0.08734112232923508,0.2498626410961151,-0.0065411170944571495,0.002513810060918331,0.008430988527834415
frame_004436.png,frame_004437.png,0.17905105650424957,0.08970922976732254,0.23126542568206787,-0.001145283691585064,0.002347727306187153,0.0166776180267334
frame_004437.png,frame_004438.png,0.18497228622436523,0.09096848219633102,0.21510645747184753,-0.0004908395931124687,0.0017578592523932457,0.02303653210401535
frame_004438.png,frame_004439.png,0.1895461082458496,0.09113533049821854,0.2061469852924347,0.0020455876365303993,0.0021616751328110695,0.02469966560602188
frame_004439.png,frame_004440.png,0.19100423157215118,0.08899078518152237,0.1973642110824585,0.0006218152120709419,0.006282397545874119,0.02806580811738968
frame_004440.png,frame_004441.png,0.19740664958953857,0.08480855077505112,0.18194836378097534,0.0004349732771515846,0.010041252709925175,0.0293816477060318
frame_004441.png,frame_004442.png,0.20974218845367432,0.07635729014873505,0.16049154102802277,0.005942028947174549,0.014358480460941792,0.03189977630972862
frame_004442.png,frame_004443.png,0.22103607654571533,0.07074948400259018,0.14751625061035156,0.015569639392197132,0.01848193258047104,0.04521550238132477
frame_004443.png,frame_004444.png,0.23764538764953613,0.06428558379411697,0.11097601056098938,0.018011339008808136,0.01744411513209343,0.06167776882648468
frame_004444.png,frame_004445.png,0.2445610761642456,0.05794113129377365,0.08978602290153503,0.018915139138698578,0.016659889370203018,0.07683113217353821
frame_004445.png,frame_004446.png,0.24432158470153809,0.0531558021903038,0.08894625306129456,0.013835207559168339,0.01990048959851265,0.07380885630846024
frame_004446.png,frame_004447.png,0.23614957928657532,0.044590868055820465,0.0958804041147232,0.00390597153455019,0.02487131580710411,0.06234149634838104
frame_004447.png,frame_004448.png,0.21514365077018738,0.04135521501302719,0.12658445537090302,-0.004485073499381542,0.025679368525743484,0.0391981415450573
frame_004448.png,frame_004449.png,0.19848842918872833,0.03908547759056091,0.15296977758407593,-0.0051193078979849815,0.021545983850955963,0.019675742834806442
frame_004449.png,frame_004450.png,0.1800670623779297,0.04074864834547043,0.1881258636713028,-0.016404051333665848,0.02213423326611519,-0.003502759151160717
frame_004450.png,frame_004451.png,0.16928720474243164,0.04024001210927963,0.2091054767370224,-0.022591810673475266,0.023318201303482056,-0.013020980171859264
frame_004451.png,frame_004452.png,0.16295109689235687,0.03834407776594162,0.21672913432121277,-0.02701512724161148,0.024428922683000565,-0.017152562737464905
frame_004452.png,frame_004453.png,0.16496628522872925,0.038691796362400055,0.2190583050251007,-0.031535468995571136,0.024357855319976807,-0.018885381519794464
frame_004453.png,frame_004454.png,0.1708388328552246,0.03866076469421387,0.2223084568977356,-0.03903545066714287,0.028427492827177048,-0.020404979586601257
frame_004454.png,frame_004455.png,0.1767779290676117,0.03680753707885742,0.22651433944702148,-0.04348597675561905,0.03493981435894966,-0.018969960510730743
frame_004455.png,frame_004456.png,0.18722474575042725,0.0337260439991951,0.2325565218925476,-0.04082320258021355,0.03847848251461983,-0.014951522462069988
frame_004456.png,frame_004457.png,0.20036056637763977,0.03709561377763748,0.22182857990264893,-0.03114386275410652,0.03783782571554184,-0.018259700387716293
frame_004457.png,frame_004458.png,0.18308880925178528,0.03172270208597183,0.23248982429504395,-0.023676171898841858,0.03208126500248909,-0.010726365260779858
frame_004458.png,frame_004459.png,0.16634079813957214,0.02744431048631668,0.2509267330169678,-0.01007924135774374,0.027268894016742706,-0.009767706505954266
frame_004459.png,frame_004460.png,0.14785213768482208,0.02172543853521347,0.2760114371776581,-0.0021489476785063744,0.023662716150283813,-0.012587043456733227
frame_004460.png,frame_004461.png,0.13492101430892944,0.02265283465385437,0.2718326151371002,0.0013251565396785736,0.020624086260795593,-0.022857829928398132
frame_004461.png,frame_004462.png,0.1256641447544098,0.02268960326910019,0.26507270336151123,-0.0016781855374574661,0.01965394616127014,-0.028479591012001038
frame_004462.png,frame_004463.png,0.14082930982112885,0.032828159630298615,0.25310632586479187,-0.0003949785605072975,0.01823221892118454,-0.034000273793935776
frame_004463.png,frame_004464.png,0.15079352259635925,0.04122159630060196,0.23840850591659546,-0.00718452874571085,0.016626525670289993,-0.030498508363962173
frame_004464.png,frame_004465.png,0.15201346576213837,0.04525370895862579,0.23460957407951355,-0.015490706078708172,0.01841432973742485,-0.024838417768478394
frame_004465.png,frame_004466.png,0.15285539627075195,0.04515451937913895,0.2370699942111969,-0.0229828879237175,0.021940216422080994,-0.019022449851036072
frame_004466.png,frame_004467.png,0.15130174160003662,0.042089663445949554,0.2422025501728058,-0.02719351276755333,0.026254650205373764,-0.01070051547139883
frame_004467.png,frame_004468.png,0.14599543809890747,0.03794776648283005,0.2534259259700775,-0.03530015051364899,0.03294473513960838,-0.0060043735429644585
frame_004468.png,frame_004469.png,0.13724465668201447,0.03403215855360031,0.2724398374557495,-0.04389219358563423,0.03973386436700821,-0.003907010890543461
frame_004469.png,frame_004470.png,0.12784303724765778,0.028259702026844025,0.2929397225379944,-0.050595588982105255,0.04414843022823334,-0.0027263881638646126
frame_004470.png,frame_004471.png,0.11939696222543716,0.02013375610113144,0.310452401638031,-0.05266943573951721,0.04739546775817871,-0.005475657992064953
frame_004471.png,frame_004472.png,0.11135958880186081,0.012310311198234558,0.31813332438468933,-0.05203337222337723,0.04921189695596695,-0.01195839699357748
frame_004472.png,frame_004473.png,0.1030045598745346,0.006228715181350708,0.32471832633018494,-0.04905349761247635,0.05070022493600845,-0.016562238335609436
frame_004473.png,frame_004474.png,0.08294950425624847,-0.005385588854551315,0.3336774706840515,-0.041477784514427185,0.04970914125442505,-0.017908796668052673
frame_004474.png,frame_004475.png,0.07023333013057709,-0.01125468872487545,0.33670586347579956,-0.03202231600880623,0.045909274369478226,-0.015684157609939575
frame_004475.png,frame_004476.png,0.06207415089011192,-0.010826801881194115,0.3281785547733307,-0.025155991315841675,0.03895653784275055,-0.012543498538434505
frame_004476.png,frame_004477.png,0.05967310070991516,-0.0061348192393779755,0.3108137547969818,-0.024328503757715225,0.03288795053958893,-0.010984702967107296
frame_004477.png,frame_004478.png,0.06630562245845795,-0.0032080896198749542,0.2906776964664459,-0.02261035144329071,0.03232567384839058,-0.007364447228610516
frame_004478.png,frame_004479.png,0.07336996495723724,-0.0009734407067298889,0.2781318426132202,-0.020952731370925903,0.03163734823465347,-0.0057387640699744225
frame_004479.png,frame_004480.png,0.07487796992063522,0.00021839141845703125,0.27161136269569397,-0.02091895043849945,0.030655179172754288,-0.005898083560168743
frame_004480.png,frame_004481.png,0.07383494824171066,0.0016466230154037476,0.26715365052223206,-0.021564185619354248,0.029255807399749756,-0.006964310072362423
frame_004481.png,frame_004482.png,0.07113634049892426,0.0021136030554771423,0.2662908136844635,-0.02370137721300125,0.026921935379505157,-0.008516394533216953
frame_004482.png,frame_004483.png,0.06842999905347824,0.0008196458220481873,0.2675240933895111,-0.026866257190704346,0.025515668094158173,-0.01020959485322237
frame_004483.png,frame_004484.png,0.06497335433959961,0.0013581141829490662,0.26904791593551636,-0.02830825373530388,0.024699270725250244,-0.013448742218315601
frame_004484.png,frame_004485.png,0.059767015278339386,0.003475569188594818,0.27238520979881287,-0.02922794595360756,0.023365911096334457,-0.01671193167567253
frame_004485.png,frame_004486.png,0.05867774039506912,0.005459599196910858,0.2772649824619293,-0.031162694096565247,0.02234804630279541,-0.01600893959403038
frame_004486.png,frame_004487.png,0.06065240129828453,0.007554836571216583,0.2813987135887146,-0.027780689299106598,0.022937677800655365,-0.01888030394911766
frame_004487.png,frame_004488.png,0.061757832765579224,0.007969152182340622,0.28484269976615906,-0.03056960180401802,0.02241794392466545,-0.019749969244003296
frame_004488.png,frame_004489.png,0.07091177254915237,0.016050923615694046,0.2865678369998932,-0.033051542937755585,0.019385986030101776,-0.023453790694475174
frame_004489.png,frame_004490.png,0.08552470803260803,0.024929605424404144,0.2731878459453583,-0.030895311385393143,0.01694999262690544,-0.016271550208330154
frame_004490.png,frame_004491.png,0.09956838190555573,0.03882809728384018,0.2540503740310669,-0.02227018028497696,0.016568129882216454,-0.009992946870625019
frame_004491.png,frame_004492.png,0.13460470736026764,0.04733341187238693,0.2400531768798828,-0.016055148094892502,0.01974909007549286,8.006114512681961e-05
frame_004492.png,frame_004493.png,0.15530240535736084,0.058550626039505005,0.25903376936912537,-0.036863986402750015,0.01711346209049225,0.014032966457307339
frame_004493.png,frame_004494.png,0.1747405230998993,0.06663388758897781,0.2695860266685486,-0.040343545377254486,0.012507581152021885,0.02602512389421463
frame_004494.png,frame_004495.png,0.1894679069519043,0.07631849497556686,0.2779872715473175,-0.04233205318450928,0.005486070178449154,0.029573824256658554
frame_004495.png,frame_004496.png,0.1949400156736374,0.08493777364492416,0.29152145981788635,-0.04854034259915352,0.004563025198876858,0.031037654727697372
frame_004496.png,frame_004497.png,0.2084970474243164,0.0843338593840599,0.2901831269264221,-0.05140291154384613,0.008115946315228939,0.02538900077342987
frame_004497.png,frame_004498.png,0.25286734104156494,0.08789319545030594,0.2779509127140045,-0.029411491006612778,0.0012877248227596283,0.030667420476675034
frame_004498.png,frame_004499.png,0.2942270040512085,0.09527767449617386,0.2762005627155304,-0.010825659148395061,-0.0027764486148953438,0.035819076001644135
frame_004499.png,frame_004500.png,0.315653532743454,0.1010756865143776,0.2795998752117157,0.006661147810518742,-0.009443414397537708,0.041265860199928284
frame_004500.png,frame_004501.png,0.3241618573665619,0.09947308152914047,0.2727779448032379,0.009068005718290806,-0.011487663723528385,0.046174801886081696
frame_004501.png,frame_004502.png,0.3080988824367523,0.09332377463579178,0.29100197553634644,0.007050969637930393,-0.005119742825627327,0.03721381723880768
frame_004502.png,frame_004503.png,0.28644028306007385,0.07910095900297165,0.3278510272502899,0.009222415275871754,0.0004600677639245987,0.036667242646217346
frame_004503.png,frame_004504.png,0.2642280161380768,0.06780775636434555,0.35623082518577576,0.019983217120170593,0.003162291832268238,0.036100342869758606
frame_004504.png,frame_004505.png,0.24847856163978577,0.058431707322597504,0.37738940119743347,0.031123731285333633,0.007142079994082451,0.04250960052013397
frame_004505.png,frame_004506.png,0.22730949521064758,0.040175698697566986,0.3850945234298706,0.04722621291875839,0.009519505314528942,0.05523598939180374
frame_004506.png,frame_004507.png,0.1981186866760254,0.02758263796567917,0.3866035044193268,0.06531171500682831,0.0072669051587581635,0.05636955052614212
frame_004507.png,frame_004508.png,0.1703290045261383,0.026756606996059418,0.3810344636440277,0.0793144702911377,-0.003804923966526985,0.0618150532245636
frame_004508.png,frame_004509.png,0.1808692067861557,0.027309782803058624,0.35419967770576477,0.10973528027534485,-0.017596542835235596,0.07916182279586792
frame_004509.png,frame_004510.png,0.20302608609199524,0.032996661961078644,0.3402347266674042,0.12086252868175507,-0.02881511300802231,0.08074763417243958
frame_004510.png,frame_004511.png,0.2108880579471588,0.03461515158414841,0.34682485461235046,0.10475043207406998,-0.0337139293551445,0.05910324305295944
frame_004511.png,frame_004512.png,0.1930650919675827,0.027653194963932037,0.36398011445999146,0.08789369463920593,-0.034074850380420685,0.04177635535597801
frame_004512.png,frame_004513.png,0.15859729051589966,0.02174929529428482,0.37791356444358826,0.08304446190595627,-0.04039176553487778,0.03866225481033325
frame_004513.png,frame_004514.png,0.14366751909255981,0.020239651203155518,0.38108229637145996,0.07302816212177277,-0.043659016489982605,0.03533794358372688
frame_004514.png,frame_004515.png,0.1494763046503067,0.023598484694957733,0.3568268418312073,0.08224929124116898,-0.047267768532037735,0.03461052104830742
frame_004515.png,frame_004516.png,0.1585593968629837,0.03441338986158371,0.34207215905189514,0.0833534225821495,-0.04969891160726547,0.022186782211065292
frame_004516.png,frame_004517.png,0.16165560483932495,0.04578215628862381,0.30381080508232117,0.08558391779661179,-0.04852384701371193,0.01731375977396965
frame_004517.png,frame_004518.png,0.18050417304039001,0.05929256230592728,0.28598514199256897,0.0808354914188385,-0.03944066911935806,0.030371878296136856
frame_004518.png,frame_004519.png,0.18119627237319946,0.06730779260396957,0.29692980647087097,0.06382443755865097,-0.02801894024014473,0.024985358119010925
frame_004519.png,frame_004520.png,0.1755068600177765,0.07928748428821564,0.3174796402454376,0.045107096433639526,-0.022918321192264557,0.010628399439156055
frame_004520.png,frame_004521.png,0.1687803566455841,0.08395025879144669,0.33049696683883667,0.03375318646430969,-0.02073705941438675,-0.005065028555691242
frame_004521.png,frame_004522.png,0.16108283400535583,0.08342870324850082,0.3427339494228363,0.02763616293668747,-0.019186049699783325,-0.013464783318340778
frame_004522.png,frame_004523.png,0.15839898586273193,0.08419353514909744,0.3556182384490967,0.02663954719901085,-0.01896660029888153,-0.015789106488227844
frame_004523.png,frame_004524.png,0.16113881766796112,0.08503056317567825,0.3474408984184265,0.033937133848667145,-0.02201319858431816,0.002701849676668644
frame_004524.png,frame_004525.png,0.16095927357673645,0.07737627625465393,0.3200552761554718,0.03038252890110016,-0.025069978088140488,0.012478441931307316
frame_004525.png,frame_004526.png,0.1595253348350525,0.07748566567897797,0.34154054522514343,0.019819561392068863,-0.026559673249721527,0.005011978559195995
frame_004526.png,frame_004527.png,0.15565019845962524,0.06635484844446182,0.3076416552066803,0.024709898978471756,-0.03949233889579773,0.036677855998277664
frame_004527.png,frame_004528.png,0.15720170736312866,0.05201973766088486,0.31037765741348267,0.036147888749837875,-0.027633100748062134,0.07863101363182068
frame_004528.png,frame_004529.png,0.14455628395080566,0.05191033333539963,0.2869718372821808,0.02640586718916893,-0.028852734714746475,0.03459908440709114
frame_004529.png,frame_004530.png,0.13752609491348267,0.07556727528572083,0.29918190836906433,0.025522660464048386,-0.02188863232731819,0.05410633981227875
frame_004530.png,frame_004531.png,0.08093886822462082,0.0624220073223114,0.3494091331958771,0.014781109057366848,-0.013360708020627499,0.04313148558139801
frame_004531.png,frame_004532.png,0.07547856867313385,0.050509676337242126,0.36137840151786804,0.019275739789009094,0.002300727181136608,0.03916458040475845
frame_004532.png,frame_004533.png,0.0745219960808754,0.029897578060626984,0.38544973731040955,0.024324078112840652,0.016055239364504814,0.028820864856243134
frame_004533.png,frame_004534.png,0.06982523947954178,0.01859220117330551,0.41699567437171936,0.020761903375387192,0.023260481655597687,0.030424512922763824
frame_004534.png,frame_004535.png,0.0616791769862175,0.02021474391222,0.41298940777778625,0.012309177778661251,0.012098542414605618,0.004463746212422848
frame_004535.png,frame_004536.png,0.07053746283054352,0.029525958001613617,0.39045193791389465,0.0037653716281056404,0.00740403775125742,-0.00434577651321888
frame_004536.png,frame_004537.png,0.094475656747818,0.04488386958837509,0.37894102931022644,0.006675190292298794,0.003934768028557301,-0.006132268346846104
frame_004537.png,frame_004538.png,0.101621113717556,0.03868024796247482,0.3644988536834717,-0.003775065764784813,0.0049661872908473015,-0.004692363552749157
frame_004538.png,frame_004539.png,0.12318340688943863,0.03979452699422836,0.3483743369579315,-0.023070238530635834,0.016236811876296997,-0.00795189943164587
frame_004539.png,frame_004540.png,0.1329302191734314,0.03432559221982956,0.34848859906196594,-0.03112165257334709,0.028354056179523468,-0.005894511006772518
frame_004540.png,frame_004541.png,0.14967328310012817,0.034893445670604706,0.3410106599330902,-0.0357966423034668,0.032873932272195816,-0.008378668688237667
frame_004541.png,frame_004542.png,0.1603921800851822,0.03766021877527237,0.32821372151374817,-0.04056579992175102,0.03356892615556717,-0.023562632501125336
frame_004542.png,frame_004543.png,0.1724897027015686,0.041099876165390015,0.317072331905365,-0.046505264937877655,0.03468549996614456,-0.03526259586215019
frame_004543.png,frame_004544.png,0.17906484007835388,0.043993525207042694,0.3091105818748474,-0.05144448205828667,0.03483426198363304,-0.043328020721673965
frame_004544.png,frame_004545.png,0.18075969815254211,0.04450885206460953,0.30345025658607483,-0.056452419608831406,0.0361286960542202,-0.048026129603385925
frame_004545.png,frame_004546.png,0.17926689982414246,0.04220546782016754,0.3009524643421173,-0.06182192638516426,0.03830643743276596,-0.048414263874292374
frame_004546.png,frame_004547.png,0.17311406135559082,0.03900126367807388,0.30298057198524475,-0.0643165335059166,0.04127538949251175,-0.04349702224135399
frame_004547.png,frame_004548.png,0.16301004588603973,0.03241993486881256,0.3112437129020691,-0.06264129281044006,0.0449201762676239,-0.03247308358550072
frame_004548.png,frame_004549.png,0.15288981795310974,0.0254761204123497,0.3239782750606537,-0.05498278886079788,0.046021077781915665,-0.02646535634994507
frame_004549.png,frame_004550.png,0.12905198335647583,0.01687544956803322,0.3442264497280121,-0.04607526212930679,0.042687758803367615,-0.018595971167087555
frame_004550.png,frame_004551.png,0.13773223757743835,0.017081186175346375,0.3488840162754059,-0.04782364144921303,0.03961104154586792,-0.028151728212833405
frame_004551.png,frame_004552.png,0.14156565070152283,0.011340204626321793,0.34984517097473145,-0.04498506337404251,0.036984775215387344,-0.02485962212085724
frame_004552.png,frame_004553.png,0.1469893902540207,0.004149597138166428,0.3250179886817932,-0.03715066984295845,0.033261723816394806,-0.03526395931839943
frame_004553.png,frame_004554.png,0.13937309384346008,0.0059446655213832855,0.3208947479724884,-0.017992787063121796,0.02811625599861145,-0.033196888864040375
frame_004554.png,frame_004555.png,0.1636798083782196,0.008907418698072433,0.29356035590171814,-0.00019962992519140244,0.022689975798130035,-0.0367756150662899
frame_004555.png,frame_004556.png,0.18213769793510437,0.01642167568206787,0.2828540503978729,0.012587190605700016,0.020226217806339264,-0.030830547213554382
frame_004556.png,frame_004557.png,0.18584540486335754,0.02841850370168686,0.27379271388053894,0.031534142792224884,0.011230409145355225,-0.012637089006602764
frame_004557.png,frame_004558.png,0.19600974023342133,0.0363803431391716,0.28681573271751404,0.025147367268800735,0.0009881267324090004,-0.014416269026696682
frame_004558.png,frame_004559.png,0.18763378262519836,0.06357740610837936,0.3065645098686218,0.02508850395679474,0.0023000845685601234,-0.03324722871184349
frame_004559.png,frame_004560.png,0.20268824696540833,0.06198035925626755,0.3011045455932617,0.03626811131834984,-0.0008814474567770958,-0.012237903662025928
frame_004560.png,frame_004561.png,0.22353515028953552,0.0593484491109848,0.30451810359954834,0.0318223312497139,-0.000949065200984478,0.006405551917850971
frame_004561.png,frame_004562.png,0.23236608505249023,0.06645862013101578,0.3140711784362793,0.027271553874015808,-0.0018114754930138588,0.01888168603181839
frame_004562.png,frame_004563.png,0.22700077295303345,0.07783748209476471,0.31167060136795044,0.020242072641849518,-0.008679338730871677,0.03240267559885979
frame_004563.png,frame_004564.png,0.21275010704994202,0.08608794957399368,0.3063564598560333,0.012067017145454884,-0.014061600901186466,0.04015620797872543
frame_004564.png,frame_004565.png,0.201120987534523,0.08631794899702072,0.30181384086608887,0.006134497933089733,-0.01449387427419424,0.049376070499420166
frame_004565.png,frame_004566.png,0.19714727997779846,0.08195407688617706,0.29791370034217834,-0.004402357153594494,-0.00897840317338705,0.05246280878782272
frame_004566.png,frame_004567.png,0.19742421805858612,0.07557934522628784,0.2951110899448395,-0.0029400894418358803,-0.0033723944798111916,0.057307273149490356
frame_004567.png,frame_004568.png,0.18426400423049927,0.10167569667100906,0.3023427426815033,0.03232504799962044,0.006335056386888027,0.04992961138486862
frame_004568.png,frame_004569.png,0.16180557012557983,0.10799197107553482,0.3076402544975281,0.01312174741178751,0.010750419460237026,0.07974041998386383
frame_004569.png,frame_004570.png,0.13799405097961426,0.09691468626260757,0.30664053559303284,0.003021019510924816,0.0035218345001339912,0.049727264791727066
frame_004570.png,frame_004571.png,0.13273102045059204,0.08799678832292557,0.2997381389141083,-0.0016477582976222038,0.003945041447877884,0.038913749158382416
frame_004571.png,frame_004572.png,0.13205651938915253,0.09186462312936783,0.31885841488838196,-0.004473819397389889,0.007039375603199005,0.03151668980717659
frame_004572.png,frame_004573.png,0.1370576024055481,0.0944133773446083,0.30821219086647034,0.013539445586502552,0.008507504127919674,0.020813696086406708
frame_004573.png,frame_004574.png,0.14804641902446747,0.09312250465154648,0.29392486810684204,0.0020999135449528694,-0.0002940269187092781,0.02033326029777527
frame_004574.png,frame_004575.png,0.1993958055973053,0.07702513784170151,0.23526531457901,-0.005065358243882656,-0.0008617769926786423,0.049903254956007004
frame_004575.png,frame_004576.png,0.24089676141738892,0.06040237843990326,0.1943482607603073,-0.029611259698867798,0.008806697092950344,0.08100789785385132
frame_004576.png,frame_004577.png,0.26288294792175293,0.05342545360326767,0.1655275672674179,-0.016441237181425095,0.009100462310016155,0.08835027366876602
frame_004577.png,frame_004578.png,0.26770707964897156,0.046407803893089294,0.1511591523885727,-0.013823120854794979,0.01244374644011259,0.09306653589010239
frame_004578.png,frame_004579.png,0.26553240418434143,0.03763283044099808,0.13902072608470917,-0.010813656263053417,0.010331659577786922,0.09438984096050262
frame_004579.png,frame_004580.png,0.263570636510849,0.032100677490234375,0.1215590387582779,-0.010582598857581615,0.005025840364396572,0.0825204998254776
frame_004580.png,frame_004581.png,0.25547677278518677,0.034281231462955475,0.10863193869590759,-0.00873896386474371,0.003209172748029232,0.06899342685937881
frame_004581.png,frame_004582.png,0.25341397523880005,0.06038931757211685,0.13685207068920135,-0.007375861518085003,0.0066683171316981316,0.05047693848609924
frame_004582.png,frame_004583.png,0.25157463550567627,0.08336540311574936,0.17950834333896637,-0.009107119403779507,0.009398437105119228,0.04529572278261185
frame_004583.png,frame_004584.png,0.22377809882164001,0.09105741232633591,0.1956649124622345,-0.008832852356135845,0.012984069995582104,0.035815462470054626
frame_004584.png,frame_004585.png,0.1896938681602478,0.09186927229166031,0.22987355291843414,-0.054200179874897,0.010669498704373837,0.03508728742599487
frame_004585.png,frame_004586.png,0.17178326845169067,0.08044523000717163,0.27879753708839417,-0.049132511019706726,0.014690806157886982,0.06695032119750977
frame_004586.png,frame_004587.png,0.15813659131526947,0.07738510519266129,0.3261639177799225,-0.052624255418777466,0.013763646595180035,0.07635338604450226
frame_004587.png,frame_004588.png,0.14588598906993866,0.08461203426122665,0.3771807849407196,-0.062180597335100174,0.019054830074310303,0.0804130807518959
frame_004588.png,frame_004589.png,0.13394080102443695,0.09446180611848831,0.37982773780822754,-0.08098392188549042,0.024734042584896088,0.09342263638973236
frame_004589.png,frame_004590.png,0.11626306921243668,0.10210535675287247,0.3626724183559418,-0.06166019290685654,0.028478551656007767,0.09122313559055328
frame_004590.png,frame_004591.png,0.10406839102506638,0.11084432154893875,0.344172865152359,-0.04016970843076706,0.029903482645750046,0.09132925420999527
frame_004591.png,frame_004592.png,0.10580705106258392,0.11512406915426254,0.3175155818462372,-0.029167119413614273,0.03159716725349426,0.0987420380115509
frame_004592.png,frame_004593.png,0.11687633395195007,0.11310527473688126,0.28391483426094055,-0.025996871292591095,0.030613306909799576,0.10032089799642563
frame_004593.png,frame_004594.png,0.12760213017463684,0.10702788084745407,0.2514171600341797,-0.026504933834075928,0.028142068535089493,0.10531479865312576
frame_004594.png,frame_004595.png,0.14420701563358307,0.10044447332620621,0.22651782631874084,-0.0317101925611496,0.024297568947076797,0.11600032448768616
frame_004595.png,frame_004596.png,0.14142900705337524,0.09923616796731949,0.22469711303710938,-0.03545202314853668,0.013279604725539684,0.11621031165122986
frame_004596.png,frame_004597.png,0.14509698748588562,0.08393401652574539,0.22147461771965027,-0.043222278356552124,0.015985805541276932,0.12333005666732788
frame_004597.png,frame_004598.png,0.1325896978378296,0.06507880985736847,0.2070515751838684,-0.03500615432858467,0.024046670645475388,0.12823548913002014
frame_004598.png,frame_004599.png,0.11355683207511902,0.0731014683842659,0.20864170789718628,-0.07262371480464935,0.03000611439347267,0.11640362441539764
frame_004599.png,frame_004600.png,0.13329435884952545,0.10061115771532059,0.22067517042160034,-0.027671687304973602,0.021352391690015793,0.10202207416296005
frame_004600.png,frame_004601.png,0.16511309146881104,0.0779411718249321,0.1949848234653473,-0.0710892528295517,0.023120898753404617,0.12559619545936584
frame_004601.png,frame_004602.png,0.2079164981842041,0.08276823908090591,0.15036657452583313,-0.05469624698162079,0.03940135985612869,0.15019963681697845
frame_004602.png,frame_004603.png,0.22391566634178162,0.09423986822366714,0.15218785405158997,-0.059280142188072205,0.044445186853408813,0.12161719799041748
frame_004603.png,frame_004604.png,0.2375676929950714,0.10035043209791183,0.14269419014453888,-0.03719474375247955,0.04833707958459854,0.10021920502185822
frame_004604.png,frame_004605.png,0.26174211502075195,0.10011615604162216,0.16699114441871643,-0.04332428053021431,0.04286237806081772,0.09874659776687622
frame_004605.png,frame_004606.png,0.2525709867477417,0.0875389352440834,0.2044130265712738,-0.038375962525606155,0.04074893891811371,0.10877572000026703
frame_004606.png,frame_004607.png,0.22541630268096924,0.08574969321489334,0.2727021872997284,-0.04676695913076401,0.03259572386741638,0.10201561450958252
frame_004607.png,frame_004608.png,0.20623010396957397,0.07438194006681442,0.29390397667884827,-0.0364682637155056,0.03231766074895859,0.09344913065433502
frame_004608.png,frame_004609.png,0.22365084290504456,0.07192637771368027,0.26787975430488586,-0.01767219603061676,0.028934337198734283,0.10167776048183441
frame_004609.png,frame_004610.png,0.24198201298713684,0.0663963183760643,0.22254741191864014,-0.011260091327130795,0.03075527399778366,0.1130160242319107
frame_004610.png,frame_004611.png,0.26821571588516235,0.06265724450349808,0.17140376567840576,-0.011152065359055996,0.03809075802564621,0.12235605716705322
frame_004611.png,frame_004612.png,0.29849904775619507,0.06643665581941605,0.1149839460849762,-0.006373382173478603,0.04221770167350769,0.11901924014091492
frame_004612.png,frame_004613.png,0.3124191462993622,0.0740249902009964,0.07733535766601562,-0.007687508128583431,0.0410836786031723,0.10802474617958069
frame_004613.png,frame_004614.png,0.30998390913009644,0.07799924910068512,0.07487261295318604,-0.008230875246226788,0.03879624977707863,0.10562010109424591
frame_004614.png,frame_004615.png,0.30034658312797546,0.08443839102983475,0.09423328936100006,-0.014843697659671307,0.036840297281742096,0.10348823666572571
frame_004615.png,frame_004616.png,0.28743356466293335,0.08891139179468155,0.11779965460300446,-0.024249020963907242,0.03448880463838577,0.10394641011953354
frame_004616.png,frame_004617.png,0.2880137860774994,0.08936608582735062,0.13442258536815643,-0.02748297154903412,0.03439294919371605,0.0962962806224823
frame_004617.png,frame_004618.png,0.2905314564704895,0.08843936771154404,0.15594840049743652,-0.02931692823767662,0.033019743859767914,0.08325212448835373
frame_004618.png,frame_004619.png,0.28892749547958374,0.08945102244615555,0.1773524284362793,-0.023144423961639404,0.0283614881336689,0.06718875467777252
frame_004619.png,frame_004620.png,0.27729523181915283,0.0903269425034523,0.1995522677898407,-0.01642720028758049,0.02227497473359108,0.055110640823841095
frame_004620.png,frame_004621.png,0.26708298921585083,0.0905793234705925,0.22097207605838776,-0.024055127054452896,0.01569328084588051,0.04693199694156647
frame_004621.png,frame_004622.png,0.26159217953681946,0.09198791533708572,0.23786994814872742,-0.029532823711633682,0.009633313864469528,0.0383567288517952
frame_004622.png,frame_004623.png,0.25481194257736206,0.09240315109491348,0.25345972180366516,-0.03104802966117859,0.003448215778917074,0.0414784699678421
frame_004623.png,frame_004624.png,0.2482573390007019,0.09552807360887527,0.26304879784584045,-0.029090385884046555,-0.0010354295372962952,0.04242521524429321
frame_004624.png,frame_004625.png,0.2459229826927185,0.09986282140016556,0.2644362151622772,-0.028031565248966217,-0.004244414158165455,0.04128416255116463
frame_004625.png,frame_004626.png,0.2571578323841095,0.10447854548692703,0.2670195996761322,-0.03039253130555153,-0.005712511949241161,0.03944633528590202
frame_004626.png,frame_004627.png,0.25733640789985657,0.10752197355031967,0.27712973952293396,-0.025805722922086716,-0.006381700746715069,0.04141191393136978
frame_004627.png,frame_004628.png,0.24537009000778198,0.11003745347261429,0.286373108625412,-0.021627046167850494,-0.009569684974849224,0.053802765905857086
frame_004628.png,frame_004629.png,0.23317188024520874,0.10787468403577805,0.28383874893188477,-0.013349841348826885,-0.010120476596057415,0.06626388430595398
frame_004629.png,frame_004630.png,0.22433051466941833,0.10408640652894974,0.268677681684494,-0.011651947163045406,-0.012702570296823978,0.07198429107666016
frame_004630.png,frame_004631.png,0.2170964479446411,0.09839583188295364,0.23885169625282288,-0.011218382976949215,-0.014883377589285374,0.0643233135342598
frame_004631.png,frame_004632.png,0.21345755457878113,0.09573488682508469,0.2136090099811554,-0.013607858680188656,-0.011112256906926632,0.05700092017650604
frame_004632.png,frame_004633.png,0.2097393274307251,0.09149419516324997,0.18507063388824463,-0.019454974681138992,-0.0049563562497496605,0.0508103147149086
frame_004633.png,frame_004634.png,0.22490960359573364,0.08865856379270554,0.15290386974811554,-0.0270213782787323,0.0033917436376214027,0.057676419615745544
frame_004634.png,frame_004635.png,0.25479650497436523,0.07648280262947083,0.11749044060707092,-0.029071621596813202,0.009974201209843159,0.07212313264608383
frame_004635.png,frame_004636.png,0.27237388491630554,0.07481539994478226,0.0968727320432663,-0.02219317853450775,0.01765841245651245,0.07815723866224289
frame_004636.png,frame_004637.png,0.2786368429660797,0.08033756166696548,0.08952091634273529,-0.01780787855386734,0.020183946937322617,0.09554299712181091
frame_004637.png,frame_004638.png,0.2809922993183136,0.07314515858888626,0.10557551681995392,-0.03677438944578171,0.02330009639263153,0.11326700448989868
frame_004638.png,frame_004639.png,0.26848113536834717,0.0727451741695404,0.12763339281082153,-0.02789776772260666,0.030943386256694794,0.12696777284145355
frame_004639.png,frame_004640.png,0.2613832950592041,0.07145082950592041,0.1316688060760498,-0.06804855167865753,0.038517244160175323,0.14417652785778046
frame_004640.png,frame_004641.png,0.25590255856513977,0.08913808315992355,0.10976731777191162,-0.07230278849601746,0.03171011805534363,0.10584422945976257
frame_004641.png,frame_004642.png,0.27622729539871216,0.10996628552675247,0.11157944798469543,-0.06495346873998642,0.042216673493385315,0.0782054141163826
frame_004642.png,frame_004643.png,0.24946436285972595,0.11918770521879196,0.14915207028388977,-0.022153202444314957,0.02533455565571785,0.10616923868656158
frame_004643.png,frame_004644.png,0.18704703450202942,0.1179153099656105,0.14997869729995728,-0.05695369094610214,0.033629707992076874,0.12445423007011414
frame_004644.png,frame_004645.png,0.159367173910141,0.10353002697229385,0.14015933871269226,-0.08214712142944336,0.017387419939041138,0.0980374738574028
frame_004645.png,frame_004646.png,0.17809893190860748,0.12232639640569687,0.14250428974628448,-0.05995939299464226,0.00854905042797327,0.08810438960790634
frame_004646.png,frame_004647.png,0.16963598132133484,0.12061931937932968,0.14682847261428833,-0.05072518438100815,0.020764797925949097,0.08453488349914551
frame_004647.png,frame_004648.png,0.17312747240066528,0.1078726276755333,0.12913894653320312,-0.05919477716088295,0.026249393820762634,0.07917951047420502
frame_004648.png,frame_004649.png,0.198846697807312,0.10317016392946243,0.10931402444839478,-0.06898313760757446,0.02754337713122368,0.08264978229999542
frame_004649.png,frame_004650.png,0.22618591785430908,0.10892554372549057,0.11298204958438873,-0.08201303333044052,0.02674383670091629,0.087740458548069
frame_004650.png,frame_004651.png,0.20439141988754272,0.10140400379896164,0.1404557228088379,-0.10393844544887543,0.02195623144507408,0.09862340241670609
frame_004651.png,frame_004652.png,0.18540680408477783,0.09107469767332077,0.14389388263225555,-0.07962939143180847,0.012735537253320217,0.1115281879901886
frame_004652.png,frame_004653.png,0.16450081765651703,0.08388910442590714,0.11923886835575104,-0.0876060202717781,0.018739260733127594,0.1086934357881546
frame_004653.png,frame_004654.png,0.15885573625564575,0.09224364906549454,0.10608087480068207,-0.030486568808555603,0.020696643739938736,0.08845781534910202
frame_004654.png,frame_004655.png,0.15793104469776154,0.10615416616201401,0.11770087480545044,-0.013983632437884808,0.01663566380739212,0.0848429948091507
frame_004655.png,frame_004656.png,0.1761852353811264,0.08850442618131638,0.06932272017002106,-0.001409965567290783,0.01150050200521946,0.12180610001087189
frame_004656.png,frame_004657.png,0.21864742040634155,0.0742374137043953,0.046919140964746475,0.007324405945837498,0.016720689833164215,0.15454992651939392
frame_004657.png,frame_004658.png,0.21241021156311035,0.06918973475694656,0.08071118593215942,-0.00889692734926939,0.02363390475511551,0.15369579195976257
frame_004658.png,frame_004659.png,0.22645068168640137,0.0614018589258194,0.10412387549877167,-0.016292620450258255,0.030160177499055862,0.11788544058799744
frame_004659.png,frame_004660.png,0.24996718764305115,0.051328763365745544,0.1172657459974289,-0.0240485742688179,0.03090931475162506,0.09306080639362335
frame_004660.png,frame_004661.png,0.2653462588787079,0.03575218468904495,0.11137175559997559,-0.022099420428276062,0.03186921775341034,0.07670266926288605
frame_004661.png,frame_004662.png,0.26680994033813477,0.021747708320617676,0.10772423446178436,-0.015481784008443356,0.03337399289011955,0.06170883774757385
frame_004662.png,frame_004663.png,0.26020967960357666,0.01438133791089058,0.10553830862045288,-0.00620065163820982,0.03272693231701851,0.049964893609285355
frame_004663.png,frame_004664.png,0.25771984457969666,0.012211460620164871,0.10747303068637848,0.0022537605836987495,0.03160298615694046,0.04585517942905426
frame_004664.png,frame_004665.png,0.2561977803707123,0.011675231158733368,0.11176255345344543,0.00010433141142129898,0.029337503015995026,0.03297973796725273
frame_004665.png,frame_004666.png,0.25340735912323,0.01512029767036438,0.12585674226284027,-0.0004576267674565315,0.021706748753786087,0.03234884887933731
frame_004666.png,frame_004667.png,0.26941415667533875,0.021705344319343567,0.14336541295051575,0.013526194728910923,0.015926193445920944,0.04802392050623894
frame_004667.png,frame_004668.png,0.2689567804336548,0.024611182510852814,0.14064554870128632,0.03212013095617294,0.009796875528991222,0.05885206162929535
frame_004668.png,frame_004669.png,0.2641136944293976,0.031903356313705444,0.1353599727153778,0.025713950395584106,0.009778606705367565,0.06727160513401031
frame_004669.png,frame_004670.png,0.25389114022254944,0.045620694756507874,0.12806633114814758,0.023465581238269806,0.005224256776273251,0.07230386137962341
frame_004670.png,frame_004671.png,0.21294158697128296,0.04946518689393997,0.11843027174472809,0.025801774114370346,0.0018989630043506622,0.08293239772319794
frame_004671.png,frame_004672.png,0.1809116005897522,0.05151117593050003,0.10831421613693237,0.0326458215713501,-0.0009542200714349747,0.09304654598236084
frame_004672.png,frame_004673.png,0.15011025965213776,0.06103743612766266,0.09615325927734375,0.03734194487333298,-0.001452145166695118,0.09137284010648727
frame_004673.png,frame_004674.png,0.13262571394443512,0.06878063082695007,0.0815296322107315,0.03651749715209007,-0.0025235405191779137,0.0888833999633789
frame_004674.png,frame_004675.png,0.1332266479730606,0.07410219311714172,0.07084514200687408,0.0349232442677021,-0.0043742479756474495,0.08315954357385635
frame_004675.png,frame_004676.png,0.15962101519107819,0.08610787242650986,0.07787369191646576,0.034947097301483154,-0.0036877887323498726,0.08154948055744171
frame_004676.png,frame_004677.png,0.17746120691299438,0.08854236453771591,0.06517766416072845,0.028785452246665955,-0.0011999141424894333,0.0778818130493164
frame_004677.png,frame_004678.png,0.19325673580169678,0.08627063781023026,0.07479381561279297,0.03129693493247032,0.00568134430795908,0.0873364508152008
frame_004678.png,frame_004679.png,0.17303428053855896,0.06878901273012161,0.10324744880199432,0.02076350897550583,0.013570877723395824,0.08549323678016663
frame_004679.png,frame_004680.png,0.16235177218914032,0.04961589723825455,0.1290808916091919,0.024070579558610916,0.027699101716279984,0.08840035647153854
frame_004680.png,frame_004681.png,0.19089698791503906,0.04369440674781799,0.1344338059425354,0.017136387526988983,0.03553390875458717,0.0706571713089943
frame_004681.png,frame_004682.png,0.19545647501945496,0.025935187935829163,0.12967070937156677,0.019178062677383423,0.03036162629723549,0.06375128775835037
frame_004682.png,frame_004683.png,0.18694788217544556,0.013559766113758087,0.13216932117938995,0.008003451861441135,0.024788931012153625,0.05560123920440674
frame_004683.png,frame_004684.png,0.16945546865463257,0.011396847665309906,0.14473921060562134,0.002326260320842266,0.030222930014133453,0.02692452073097229
frame_004684.png,frame_004685.png,0.1641957312822342,0.015513718128204346,0.16262763738632202,-0.003148176707327366,0.030507992953062057,0.010542784817516804
frame_004685.png,frame_004686.png,0.1587577760219574,0.02160549908876419,0.17377907037734985,-0.005894414149224758,0.029262620955705643,0.004376651719212532
frame_004686.png,frame_004687.png,0.14910906553268433,0.024230830371379852,0.17442867159843445,0.0013725543394684792,0.02999970316886902,0.004662456922233105
frame_004687.png,frame_004688.png,0.15203747153282166,0.02504970133304596,0.18188679218292236,-0.0013467930257320404,0.031099524348974228,0.0038954000920057297
frame_004688.png,frame_004689.png,0.14794974029064178,0.024989396333694458,0.18713796138763428,-0.0038012051954865456,0.032032255083322525,0.003292008303105831
frame_004689.png,frame_004690.png,0.14588814973831177,0.0219108983874321,0.19302132725715637,-0.0065684327855706215,0.032813847064971924,0.0026299776509404182
frame_004690.png,frame_004691.png,0.14465372264385223,0.01745637133717537,0.20316150784492493,-0.009123665280640125,0.03313782066106796,0.005393956787884235
frame_004691.png,frame_004692.png,0.1391642689704895,0.009342461824417114,0.2211790233850479,-0.009905138052999973,0.033050358295440674,0.00700767058879137
frame_004692.png,frame_004693.png,0.1329871565103531,0.0014285631477832794,0.23941758275032043,-0.011382301338016987,0.03261052444577217,0.007604158483445644
frame_004693.png,frame_004694.png,0.13006922602653503,-0.0035746507346630096,0.25112295150756836,-0.013872711919248104,0.03144162520766258,0.00434867013245821
frame_004694.png,frame_004695.png,0.13683238625526428,-0.008556470274925232,0.25441715121269226,-0.01540556363761425,0.03078073263168335,-0.003894568420946598
frame_004695.png,frame_004696.png,0.14217299222946167,-0.014065075665712357,0.2526623010635376,-0.015770526602864265,0.03212570399045944,-0.013724557124078274
frame_004696.png,frame_004697.png,0.1465321183204651,-0.01876683346927166,0.25092509388923645,-0.015198950655758381,0.03453221544623375,-0.023768100887537003
frame_004697.png,frame_004698.png,0.14372485876083374,-0.023443439975380898,0.2509869635105133,-0.010273456573486328,0.0353424958884716,-0.03321542590856552
frame_004698.png,frame_004699.png,0.139654278755188,-0.02780786156654358,0.24724918603897095,-0.0021773241460323334,0.03398619964718819,-0.03565845638513565
frame_004699.png,frame_004700.png,0.13115815818309784,-0.031217459589242935,0.2514097988605499,-5.953013896942139e-06,0.031862448900938034,-0.03266407176852226
frame_004700.png,frame_004701.png,0.1259402632713318,-0.0342421680688858,0.2658958435058594,-0.003475499339401722,0.029811814427375793,-0.028219744563102722
frame_004701.png,frame_004702.png,0.11596570909023285,-0.04032399505376816,0.2944185435771942,-0.01105236355215311,0.028512880206108093,-0.02843892201781273
frame_004702.png,frame_004703.png,0.09677815437316895,-0.05152043700218201,0.34014013409614563,-0.009751681238412857,0.024306729435920715,-0.028598517179489136
frame_004703.png,frame_004704.png,0.09584873914718628,-0.05415534973144531,0.37870311737060547,-0.019736861810088158,0.024626273661851883,-0.02473127469420433
frame_004704.png,frame_004705.png,0.09734749048948288,-0.04963545873761177,0.401323139667511,-0.025780394673347473,0.0320245660841465,-0.032879456877708435
frame_004705.png,frame_004706.png,0.10194093734025955,-0.040212757885456085,0.41870883107185364,-0.03243699669837952,0.03133675828576088,-0.02975878119468689
frame_004706.png,frame_004707.png,0.1102578192949295,-0.04844433069229126,0.42369529604911804,-0.024696093052625656,0.031026385724544525,-0.02686668559908867
frame_004707.png,frame_004708.png,0.12781460583209991,-0.04817958176136017,0.4123404324054718,-0.007230403833091259,0.028074011206626892,-0.0433070994913578
frame_004708.png,frame_004709.png,0.1422804296016693,-0.03436781466007233,0.41154745221138,0.004837720654904842,0.02166815847158432,-0.0537966825067997
frame_004709.png,frame_004710.png,0.15719833970069885,-0.01590055599808693,0.38792312145233154,0.00972334947437048,0.011728034354746342,-0.05081197991967201
frame_004710.png,frame_004711.png,0.17027300596237183,-0.009696997702121735,0.3771251142024994,0.009412450715899467,0.009564259089529514,-0.051660794764757156
frame_004711.png,frame_004712.png,0.16975991427898407,0.004226911813020706,0.36663419008255005,-0.0015337485820055008,0.008146465755999088,-0.057004425674676895
frame_004712.png,frame_004713.png,0.18062609434127808,0.023675359785556793,0.35382649302482605,-0.015094030648469925,0.01006503775715828,-0.06950481235980988
frame_004713.png,frame_004714.png,0.18817327916622162,0.04279569536447525,0.34951022267341614,-0.03067665919661522,0.006600195541977882,-0.07446683198213577
frame_004714.png,frame_004715.png,0.1998678594827652,0.05268585681915283,0.33987727761268616,-0.03423397243022919,0.006889756768941879,-0.06385081261396408
frame_004715.png,frame_004716.png,0.21042144298553467,0.05752651393413544,0.3315518796443939,-0.03195739910006523,0.0072255851700901985,-0.047289133071899414
frame_004716.png,frame_004717.png,0.20771118998527527,0.05978483706712723,0.3228093683719635,-0.031215041875839233,0.00923861563205719,-0.04267571121454239
frame_004717.png,frame_004718.png,0.20266875624656677,0.06016462296247482,0.3188224136829376,-0.029200758785009384,0.011990814469754696,-0.04013944789767265
frame_004718.png,frame_004719.png,0.2046060860157013,0.06283145397901535,0.31612643599510193,-0.0305594764649868,0.012253694236278534,-0.04259795695543289
frame_004719.png,frame_004720.png,0.2048659324645996,0.06495880335569382,0.3173854649066925,-0.033649343997240067,0.0071218619123101234,-0.037806879729032516
frame_004720.png,frame_004721.png,0.20702359080314636,0.06368258595466614,0.314639151096344,-0.03626159206032753,0.01728028431534767,-0.04843926057219505
frame_004721.png,frame_004722.png,0.2069721817970276,0.047712452709674835,0.307341605424881,-0.0276835598051548,0.02207150310277939,-0.04495728760957718
frame_004722.png,frame_004723.png,0.17720943689346313,0.040990181267261505,0.31079021096229553,-0.011241801083087921,0.020623207092285156,-0.04189997911453247
frame_004723.png,frame_004724.png,0.16839061677455902,0.042804569005966187,0.3196900486946106,-0.012420815415680408,0.026912663131952286,-0.05424779653549194
frame_004724.png,frame_004725.png,0.15762975811958313,0.03337685763835907,0.3262694776058197,-0.010662272572517395,0.024473275989294052,-0.03340355306863785
frame_004725.png,frame_004726.png,0.1527348905801773,0.01266072690486908,0.32629039883613586,0.005719935521483421,0.028916317969560623,-0.03857649862766266
frame_004726.png,frame_004727.png,0.1507921814918518,-0.0037931054830551147,0.3705727159976959,0.0005684718489646912,0.03677032142877579,-0.026636511087417603
frame_004727.png,frame_004728.png,0.1355709731578827,-0.019506119191646576,0.39828628301620483,-0.011621222831308842,0.03740333765745163,-0.016145214438438416
frame_004728.png,frame_004729.png,0.10985539853572845,-0.036964625120162964,0.416146457195282,-0.015725795179605484,0.036003097891807556,-0.013125794939696789
frame_004729.png,frame_004730.png,0.08720936626195908,-0.042824745178222656,0.43063855171203613,-0.012375044636428356,0.03262625262141228,-0.02179107815027237
frame_004730.png,frame_004731.png,0.06625010818243027,-0.05259448289871216,0.44068703055381775,-0.007342350669205189,0.03856797516345978,-0.02922387793660164
frame_004731.png,frame_004732.png,0.06016448885202408,-0.05893503874540329,0.44038042426109314,0.006254988722503185,0.037276338785886765,-0.03476085886359215
frame_004732.png,frame_004733.png,0.07701888680458069,-0.06107048690319061,0.43818560242652893,0.001766636036336422,0.03525063395500183,-0.04196177050471306
frame_004733.png,frame_004734.png,0.0819339007139206,-0.06202370673418045,0.43169867992401123,-0.008702273480594158,0.033159784972667694,-0.04048095643520355
frame_004734.png,frame_004735.png,0.07631714642047882,-0.05652789771556854,0.4269431531429291,-0.016200870275497437,0.03180757164955139,-0.04053528979420662
frame_004735.png,frame_004736.png,0.08769342303276062,-0.053831685334444046,0.4093821346759796,-0.018701396882534027,0.029721900820732117,-0.04599931091070175
frame_004736.png,frame_004737.png,0.11393845081329346,-0.04096538946032524,0.3923265337944031,-0.028013214468955994,0.02162161096930504,-0.056914083659648895
frame_004737.png,frame_004738.png,0.1404157280921936,-0.025912661105394363,0.3711487352848053,-0.020914945751428604,0.014209735207259655,-0.054408907890319824
frame_004738.png,frame_004739.png,0.15911561250686646,-0.012013435363769531,0.3573305308818817,-0.01745748519897461,0.013645540922880173,-0.05218297988176346
frame_004739.png,frame_004740.png,0.1757981777191162,-0.008521001785993576,0.34941840171813965,-0.007501443848013878,0.010832318104803562,-0.04399424046278
frame_004740.png,frame_004741.png,0.1912858784198761,0.008110146969556808,0.34825432300567627,0.004730015993118286,0.012275166809558868,-0.03887632489204407
frame_004741.png,frame_004742.png,0.1786973774433136,0.01548779383301735,0.3559139370918274,0.01404153648763895,0.01569966971874237,-0.04041437432169914
frame_004742.png,frame_004743.png,0.17358070611953735,0.018448341637849808,0.36484357714653015,0.014412731863558292,0.01966490037739277,-0.034191615879535675
frame_004743.png,frame_004744.png,0.17076578736305237,0.02734684944152832,0.37476685643196106,0.02377825230360031,0.021732348948717117,-0.0023536263033747673
frame_004744.png,frame_004745.png,0.17987903952598572,0.033593811094760895,0.39254316687583923,0.011919020675122738,0.017718935385346413,0.024370796978473663
frame_004745.png,frame_004746.png,0.18021145462989807,0.037942156195640564,0.3961499035358429,0.0014626821503043175,0.01183689758181572,0.056974560022354126
frame_004746.png,frame_004747.png,0.19292882084846497,0.0574783980846405,0.4066416621208191,0.006707736290991306,0.015857499092817307,0.08040584623813629
frame_004747.png,frame_004748.png,0.21199101209640503,0.0636460930109024,0.3865550458431244,0.007577338255941868,0.01157547626644373,0.09031917154788971
frame_004748.png,frame_004749.png,0.21187061071395874,0.05437377840280533,0.3310031592845917,0.028461456298828125,0.006464852951467037,0.0749824121594429
frame_004749.png,frame_004750.png,0.190547913312912,0.07113388180732727,0.29902562499046326,0.06048238277435303,0.012611211277544498,0.04931513965129852
frame_004750.png,frame_004751.png,0.18091422319412231,0.06395280361175537,0.3178800642490387,0.09328857064247131,0.01755678281188011,0.055511265993118286
frame_004751.png,frame_004752.png,0.17952565848827362,0.05822376161813736,0.3242087960243225,0.08875662833452225,0.010342215187847614,0.02540881559252739
frame_004752.png,frame_004753.png,0.15880830585956573,0.07209933549165726,0.3549194931983948,0.03175283223390579,-0.0041648950427770615,-0.030018046498298645
frame_004753.png,frame_004754.png,0.14673864841461182,0.0718083530664444,0.37801679968833923,0.012572373263537884,-0.002909229137003422,-0.01495896652340889
frame_004754.png,frame_004755.png,0.1323336809873581,0.05638595670461655,0.4032963216304779,-0.0010851421393454075,0.00264845322817564,-0.021512087434530258
frame_004755.png,frame_004756.png,0.11465994268655777,0.0449252650141716,0.42979106307029724,-0.016499273478984833,0.006523965857923031,-0.032101429998874664
frame_004756.png,frame_004757.png,0.10955005139112473,0.0432056188583374,0.43593576550483704,-0.005857652984559536,0.006079418584704399,-0.03702717646956444
frame_004757.png,frame_004758.png,0.12394507974386215,0.042977191507816315,0.42835310101509094,0.01959851384162903,0.01113526988774538,-0.025469765067100525
frame_004758.png,frame_004759.png,0.1344849169254303,0.028067946434020996,0.42256009578704834,0.03947267681360245,0.009890134446322918,0.01732971891760826
frame_004759.png,frame_004760.png,0.10054074972867966,0.020287401974201202,0.4083631932735443,0.04983258619904518,0.018502887338399887,-0.002843285910785198
frame_004760.png,frame_004761.png,0.11505069583654404,0.0439479798078537,0.40102237462997437,0.04998315870761871,0.011662350036203861,0.00021762121468782425
frame_004761.png,frame_004762.png,0.13476036489009857,0.03512803465127945,0.402285635471344,0.0030980482697486877,0.01103865448385477,-0.014120767824351788
frame_004762.png,frame_004763.png,0.12022747844457626,0.021547913551330566,0.40100497007369995,-0.010714844800531864,0.01354991178959608,-0.014107502065598965
frame_004763.png,frame_004764.png,0.1484830528497696,0.027205929160118103,0.39555636048316956,-0.0009436672553420067,0.02277148887515068,-0.022967103868722916
frame_004764.png,frame_004765.png,0.16233468055725098,0.027378462255001068,0.3776339888572693,-0.012040370143949986,0.012557449750602245,-0.03885993734002113
frame_004765.png,frame_004766.png,0.1718735694885254,0.02656126767396927,0.37216678261756897,-0.0007506143301725388,0.012867704965174198,-0.03405807539820671
frame_004766.png,frame_004767.png,0.1901858150959015,0.02373899519443512,0.37148788571357727,0.010606125928461552,0.01622687838971615,-0.02607203647494316
frame_004767.png,frame_004768.png,0.20308086276054382,0.023736678063869476,0.37092122435569763,0.013778791762888432,0.01796881854534149,-0.03262442350387573
frame_004768.png,frame_004769.png,0.20657223463058472,0.024400465190410614,0.36473771929740906,0.014757507480680943,0.0181483905762434,-0.0382809117436409
frame_004769.png,frame_004770.png,0.20738127827644348,0.022504590451717377,0.3569537103176117,0.013910503126680851,0.01873990148305893,-0.039108600467443466
frame_004770.png,frame_004771.png,0.20499613881111145,0.0232900008559227,0.3539371192455292,0.01677626743912697,0.018760710954666138,-0.038908734917640686
frame_004771.png,frame_004772.png,0.2018193006515503,0.019905004650354385,0.34927716851234436,0.02323528751730919,0.017199506983160973,-0.034721069037914276
frame_004772.png,frame_004773.png,0.19885078072547913,0.021362818777561188,0.34501275420188904,0.02668919414281845,0.01323745958507061,-0.02840307354927063
frame_004773.png,frame_004774.png,0.20072942972183228,0.025767356157302856,0.34076371788978577,0.01164680253714323,0.0072999028488993645,-0.014882984571158886
frame_004774.png,frame_004775.png,0.18450607359409332,0.03182259202003479,0.35583892464637756,-0.002707536332309246,0.00020237918943166733,-0.014213445596396923
frame_004775.png,frame_004776.png,0.16718682646751404,0.04564771056175232,0.373533695936203,-0.00940095167607069,0.0021073799580335617,-0.027361154556274414
frame_004776.png,frame_004777.png,0.17790037393569946,0.046945951879024506,0.3990152180194855,-0.02887154370546341,-0.0003822026774287224,-0.021622061729431152
frame_004777.png,frame_004778.png,0.18061453104019165,0.03898034989833832,0.3711574971675873,-0.006099577061831951,0.00662472378462553,0.0018727527931332588
frame_004778.png,frame_004779.png,0.1802668571472168,0.027118168771266937,0.34330442547798157,-0.0007079783827066422,0.005189224146306515,0.0036172261461615562
frame_004779.png,frame_004780.png,0.18626704812049866,0.03090585023164749,0.3306140899658203,0.01362390536814928,0.01202735211700201,-0.0023441826924681664
frame_004780.png,frame_004781.png,0.1797126978635788,0.037571460008621216,0.32090994715690613,0.031985778361558914,0.012811929918825626,-0.001170310191810131
frame_004781.png,frame_004782.png,0.18560728430747986,0.03550216555595398,0.31673896312713623,0.05073195695877075,0.012622026726603508,0.002724696882069111
frame_004782.png,frame_004783.png,0.1872289776802063,0.022405505180358887,0.33104512095451355,0.05670788139104843,0.015483399853110313,-0.0010808324441313744
frame_004783.png,frame_004784.png,0.1833999902009964,0.0018164515495300293,0.3517642915248871,0.05815477669239044,0.015211493708193302,-0.0036475686356425285
frame_004784.png,frame_004785.png,0.18577182292938232,-0.012352937832474709,0.3622499704360962,0.06317941844463348,0.011473753489553928,-0.004657118581235409
frame_004785.png,frame_004786.png,0.18382874131202698,-0.0173417329788208,0.36999306082725525,0.06650131940841675,0.008290058001875877,-0.005919869057834148
frame_004786.png,frame_004787.png,0.17637091875076294,-0.018587078899145126,0.3783048093318939,0.06584194302558899,0.006010669283568859,-0.009548983536660671
frame_004787.png,frame_004788.png,0.16939249634742737,-0.01710953749716282,0.38173630833625793,0.07454151660203934,0.0032595889642834663,-0.0008171079680323601
frame_004788.png,frame_004789.png,0.15997163951396942,-0.019039418548345566,0.38051649928092957,0.08296467363834381,0.0035629021003842354,0.003675968386232853
frame_004789.png,frame_004790.png,0.1529482752084732,-0.02129831165075302,0.37269076704978943,0.08848568797111511,0.0038202330470085144,0.0006552590057253838
frame_004790.png,frame_004791.png,0.15709929168224335,-0.02225097082555294,0.35543158650398254,0.08715836703777313,0.003464171662926674,-0.007285376079380512
frame_004791.png,frame_004792.png,0.165867418050766,-0.0214530061930418,0.33346083760261536,0.0854094922542572,0.0028594983741641045,-0.007649512030184269
frame_004792.png,frame_004793.png,0.17058980464935303,-0.01850803941488266,0.32238319516181946,0.08371905982494354,-0.00019603874534368515,-0.00022293906658887863
frame_004793.png,frame_004794.png,0.1733112335205078,-0.018297042697668076,0.31588634848594666,0.08299554884433746,-0.003794991411268711,0.010117213241755962
frame_004794.png,frame_004795.png,0.1691533923149109,-0.006215013563632965,0.3291904628276825,0.08041614294052124,-0.005007571540772915,0.019608762115240097
frame_004795.png,frame_004796.png,0.15801548957824707,0.0033766813576221466,0.34186601638793945,0.07834362238645554,-0.0007238974794745445,0.027972523123025894
frame_004796.png,frame_004797.png,0.16259163618087769,0.016928523778915405,0.3317476809024811,0.06539729237556458,-0.001496308483183384,0.025242283940315247
frame_004797.png,frame_004798.png,0.16802047193050385,0.037140220403671265,0.30549725890159607,0.07280601561069489,0.0012944107875227928,0.02115018293261528
frame_004798.png,frame_004799.png,0.1708897352218628,0.04355252534151077,0.3078932464122772,0.07008934020996094,-0.0052995821461081505,0.02363339439034462
frame_004799.png,frame_004800.png,0.19633764028549194,0.05722592771053314,0.33849504590034485,0.028302635997533798,-0.00649010855704546,0.0436345674097538
frame_004800.png,frame_004801.png,0.2005760669708252,0.07821556180715561,0.3712860643863678,0.020741216838359833,-0.007215471938252449,0.03458226099610329
frame_004801.png,frame_004802.png,0.19846639037132263,0.0924357995390892,0.3743284046649933,0.014066209085285664,0.009509812109172344,0.005023890174925327
frame_004802.png,frame_004803.png,0.218552827835083,0.09788734465837479,0.3858771026134491,0.012289308942854404,0.009274066425859928,0.02701389789581299
frame_004803.png,frame_004804.png,0.17094168066978455,0.09895547479391098,0.41197463870048523,-0.012983947061002254,0.005136508494615555,0.03636666759848595
frame_004804.png,frame_004805.png,0.15384984016418457,0.09320012480020523,0.41291341185569763,-0.0027508726343512535,0.01020849496126175,0.01795380190014839
frame_004805.png,frame_004806.png,0.13610278069972992,0.08508642762899399,0.407706081867218,0.015089214779436588,0.006397107150405645,0.04838807135820389
frame_004806.png,frame_004807.png,0.14533571898937225,0.08200762420892715,0.4146791398525238,0.016059067100286484,0.009335602633655071,0.05007559061050415
frame_004807.png,frame_004808.png,0.18229565024375916,0.09013370424509048,0.4141170084476471,0.04083763435482979,0.018326546996831894,0.07391594350337982
frame_004808.png,frame_004809.png,0.18272539973258972,0.09855585545301437,0.428568571805954,0.031925737857818604,0.010359260253608227,0.06829799711704254
frame_004809.png,frame_004810.png,0.18711712956428528,0.08369126170873642,0.4059004485607147,0.02204051986336708,0.008103172294795513,0.0779472216963768
frame_004810.png,frame_004811.png,0.2333361804485321,0.0704907476902008,0.367184042930603,0.05292176082730293,0.0022863345220685005,0.09465080499649048
frame_004811.png,frame_004812.png,0.2540070712566376,0.0670972689986229,0.36238351464271545,0.07068060338497162,-0.0024507949128746986,0.08067748695611954
frame_004812.png,frame_004813.png,0.24350494146347046,0.05762810260057449,0.3703780472278595,0.08828389644622803,-0.002457219175994396,0.06358733773231506
frame_004813.png,frame_004814.png,0.2094598114490509,0.0456787571310997,0.38067010045051575,0.10297146439552307,-0.003284245729446411,0.039152730256319046
frame_004814.png,frame_004815.png,0.1868099868297577,0.02856571227312088,0.39282044768333435,0.10212727636098862,-0.011603844352066517,0.039022620767354965
frame_004815.png,frame_004816.png,0.16504310071468353,0.021258898079395294,0.41118499636650085,0.08762016147375107,-0.014934339560568333,0.023878809064626694
frame_004816.png,frame_004817.png,0.15162934362888336,0.017333827912807465,0.4259188771247864,0.08271428942680359,-0.01636999100446701,0.01801474392414093
frame_004817.png,frame_004818.png,0.13792617619037628,0.009870659559965134,0.43800798058509827,0.0691092312335968,-0.007423119619488716,0.003868364728987217
frame_004818.png,frame_004819.png,0.1316424012184143,0.00270182266831398,0.4343556761741638,0.057046931236982346,-0.004003011621534824,0.0014543095603585243
frame_004819.png,frame_004820.png,0.12108589708805084,0.0024669356644153595,0.4281144440174103,0.04989074915647507,-0.0026355916634202003,-0.006905886344611645
frame_004820.png,frame_004821.png,0.11240469664335251,0.00041423365473747253,0.42756187915802,0.04832177609205246,-0.001649053767323494,-0.0036768605932593346
frame_004821.png,frame_004822.png,0.11578206717967987,0.006059139966964722,0.43797367811203003,0.04767749458551407,-0.0016992520540952682,-0.009874961338937283
frame_004822.png,frame_004823.png,0.1187201663851738,0.008929453790187836,0.44162821769714355,0.04846716299653053,0.008216510526835918,-0.022425435483455658
frame_004823.png,frame_004824.png,0.13183102011680603,0.01589391753077507,0.41214898228645325,0.04839303344488144,0.0018694903701543808,-0.01849225163459778
frame_004824.png,frame_004825.png,0.16071410477161407,0.025462888181209564,0.3661670982837677,0.05597315728664398,-0.0056418003514409065,0.012910296209156513
frame_004825.png,frame_004826.png,0.20346790552139282,0.03593903034925461,0.3153895437717438,0.03800131753087044,-0.021070446819067,0.029893118888139725
frame_004826.png,frame_004827.png,0.22740447521209717,0.06378144770860672,0.2821744978427887,0.027765896171331406,-0.023760665208101273,0.04592423141002655
frame_004827.png,frame_004828.png,0.23099714517593384,0.07391927391290665,0.24856922030448914,0.01774592697620392,-0.021764114499092102,0.06390440464019775
frame_004828.png,frame_004829.png,0.22960561513900757,0.08418730646371841,0.2271309345960617,0.009259560145437717,-0.02097921073436737,0.08022864162921906
frame_004829.png,frame_004830.png,0.19464674592018127,0.07470529526472092,0.23055997490882874,-0.014900821261107922,-0.006008025258779526,0.09723855555057526
frame_004830.png,frame_004831.png,0.17194485664367676,0.06372867524623871,0.22545626759529114,0.006982279010117054,-0.0022297343239188194,0.09545818716287613
frame_004831.png,frame_004832.png,0.1501314491033554,0.062345512211322784,0.23651573061943054,0.0020833397284150124,0.003235258162021637,0.09999202191829681
frame_004832.png,frame_004833.png,0.14869087934494019,0.06494808197021484,0.22846658527851105,-0.012132014147937298,0.003920755349099636,0.08535479754209518
frame_004833.png,frame_004834.png,0.1784570813179016,0.0734441727399826,0.19300267100334167,-0.03570859134197235,0.010526387952268124,0.08915547281503677
frame_004834.png,frame_004835.png,0.19414903223514557,0.07929586619138718,0.13744573295116425,-0.047026362270116806,0.013188018463551998,0.08589315414428711
frame_004835.png,frame_004836.png,0.2077847421169281,0.08768673986196518,0.11058878898620605,-0.0642974004149437,0.01770094782114029,0.06826592981815338
frame_004836.png,frame_004837.png,0.21836316585540771,0.09261449426412582,0.10297979414463043,-0.07468120008707047,0.022485733032226562,0.060960158705711365
frame_004837.png,frame_004838.png,0.22109466791152954,0.09248267859220505,0.11320410668849945,-0.07963194698095322,0.02652747929096222,0.05783875286579132
frame_004838.png,frame_004839.png,0.2214781641960144,0.09183264523744583,0.1296030730009079,-0.08287400007247925,0.02913781628012657,0.05497466027736664
frame_004839.png,frame_004840.png,0.2204703390598297,0.09188481420278549,0.14429789781570435,-0.08486826717853546,0.03029599040746689,0.05409381538629532
frame_004840.png,frame_004841.png,0.22018137574195862,0.09141411632299423,0.1550382673740387,-0.08742664754390717,0.03022383525967598,0.053795814514160156
frame_004841.png,frame_004842.png,0.21712061762809753,0.09254952520132065,0.16286101937294006,-0.08772961050271988,0.029877133667469025,0.05428522825241089
frame_004842.png,frame_004843.png,0.21446198225021362,0.09389769285917282,0.16631054878234863,-0.08606848120689392,0.030527357012033463,0.058300621807575226
frame_004843.png,frame_004844.png,0.21003150939941406,0.0929495170712471,0.1672855019569397,-0.08558758348226547,0.02992205321788788,0.05824505537748337
frame_004844.png,frame_004845.png,0.20541536808013916,0.09009014815092087,0.16856184601783752,-0.08362840116024017,0.026600386947393417,0.05323157459497452
frame_004845.png,frame_004846.png,0.20081287622451782,0.08934266120195389,0.17215970158576965,-0.08038227260112762,0.023566827178001404,0.05124039947986603
frame_004846.png,frame_004847.png,0.19366386532783508,0.08748798817396164,0.1762590855360031,-0.07831252366304398,0.021258939057588577,0.04813753440976143
frame_004847.png,frame_004848.png,0.19022873044013977,0.0870261862874031,0.17529815435409546,-0.07568615674972534,0.020644262433052063,0.047955818474292755
frame_004848.png,frame_004849.png,0.18878012895584106,0.08722060173749924,0.1722470223903656,-0.0745120570063591,0.02241768315434456,0.05091075599193573
frame_004849.png,frame_004850.png,0.19218191504478455,0.0874173566699028,0.16972053050994873,-0.07531870901584625,0.025717411190271378,0.05302336812019348
frame_004850.png,frame_004851.png,0.19881457090377808,0.08791080862283707,0.17089515924453735,-0.07595548033714294,0.027618542313575745,0.052065327763557434
frame_004851.png,frame_004852.png,0.2117619514465332,0.08965560048818588,0.17282137274742126,-0.07524944841861725,0.03097931668162346,0.05517017841339111
frame_004852.png,frame_004853.png,0.22552284598350525,0.09004165977239609,0.16831669211387634,-0.07607196271419525,0.034469686448574066,0.05649743229150772
frame_004853.png,frame_004854.png,0.23863819241523743,0.08681920915842056,0.15814805030822754,-0.07632842659950256,0.035685520619153976,0.0584440678358078
frame_004854.png,frame_004855.png,0.24388006329536438,0.07927097380161285,0.14512965083122253,-0.07627888023853302,0.035157211124897,0.05886427313089371
frame_004855.png,frame_004856.png,0.24411234259605408,0.07469870150089264,0.1269540637731552,-0.07592284679412842,0.03722812235355377,0.054225578904151917
frame_004856.png,frame_004857.png,0.2443443238735199,0.07409774512052536,0.10005193948745728,-0.07668732851743698,0.042399272322654724,0.05046046897768974
frame_004857.png,frame_004858.png,0.2449125349521637,0.07679127901792526,0.05175298824906349,-0.07974517345428467,0.045992348343133926,0.04429333657026291
frame_004858.png,frame_004859.png,0.23177459836006165,0.07248768210411072,0.004861705005168915,-0.08368717133998871,0.043682537972927094,0.03300584480166435
frame_004859.png,frame_004860.png,0.2139715701341629,0.06616581231355667,-0.02789584919810295,-0.0824342668056488,0.037971481680870056,0.014467095024883747
frame_004860.png,frame_004861.png,0.20050624012947083,0.06072764843702316,-0.043335072696208954,-0.07586076855659485,0.03164565563201904,0.0021273260936141014
frame_004861.png,frame_004862.png,0.19004832208156586,0.05614975839853287,-0.04832461476325989,-0.06902649253606796,0.027450375258922577,0.0019296417012810707
frame_004862.png,frame_004863.png,0.1778632402420044,0.05102545768022537,-0.048101700842380524,-0.06464104354381561,0.024178698658943176,0.003916140645742416
frame_004863.png,frame_004864.png,0.1676267385482788,0.04669162631034851,-0.0451972633600235,-0.05917780101299286,0.024227973073720932,0.005189921706914902
frame_004864.png,frame_004865.png,0.15642622113227844,0.04295425862073898,-0.03453904390335083,-0.053693704307079315,0.02491898462176323,0.004108828492462635
frame_004865.png,frame_004866.png,0.1442137360572815,0.041935212910175323,-0.018271949142217636,-0.046840883791446686,0.024488162249326706,0.0032469844445586205
frame_004866.png,frame_004867.png,0.13100473582744598,0.041664332151412964,-0.002710200846195221,-0.040528587996959686,0.02478623017668724,0.004146966151893139
frame_004867.png,frame_004868.png,0.11589443683624268,0.04628020524978638,0.018755793571472168,-0.03574906289577484,0.024666961282491684,0.0039249686524271965
frame_004868.png,frame_004869.png,0.0993594378232956,0.04901035130023956,0.034672681242227554,-0.030855577439069748,0.024318445473909378,0.006140236742794514
frame_004869.png,frame_004870.png,0.07946153730154037,0.04931078106164932,0.04381585493683815,-0.024198278784751892,0.024556536227464676,0.007082917727530003
frame_004870.png,frame_004871.png,0.05769193917512894,0.046972133219242096,0.04682796820998192,-0.017361652106046677,0.02450474351644516,0.011785256676375866
frame_004871.png,frame_004872.png,0.044234853237867355,0.0468289777636528,0.04828436300158501,-0.010603065602481365,0.023790456354618073,0.017062325030565262
frame_004872.png,frame_004873.png,0.043815020471811295,0.043782949447631836,0.0497218556702137,-0.00571401696652174,0.024512063711881638,0.028887812048196793
frame_004873.png,frame_004874.png,0.05763857811689377,0.05248347669839859,0.05460531637072563,-0.004247455857694149,0.026766840368509293,0.0337301641702652
frame_004874.png,frame_004875.png,0.07446430623531342,0.060224778950214386,0.062415894120931625,-0.006712908856570721,0.027982056140899658,0.04024296998977661
frame_004875.png,frame_004876.png,0.08268401026725769,0.06163886934518814,0.07616545259952545,-0.0075051551684737206,0.027118980884552002,0.0441129207611084
frame_004876.png,frame_004877.png,0.0884961485862732,0.05920923501253128,0.08958914875984192,-0.009234403260052204,0.026549022644758224,0.044000208377838135
frame_004877.png,frame_004878.png,0.08722108602523804,0.05609510838985443,0.1069645881652832,-0.011453522369265556,0.02724538743495941,0.041309185326099396
frame_004878.png,frame_004879.png,0.08818848431110382,0.052717722952365875,0.11812503635883331,-0.0128482012078166,0.029947955161333084,0.03937912732362747
frame_004879.png,frame_004880.png,0.08646497130393982,0.04944845288991928,0.12575410306453705,-0.011832782998681068,0.03163262456655502,0.03902088850736618
frame_004880.png,frame_004881.png,0.08543459326028824,0.04727057367563248,0.12929964065551758,-0.009506132453680038,0.032068632543087006,0.04183996468782425
frame_004881.png,frame_004882.png,0.07825931161642075,0.049238935112953186,0.13952933251857758,-0.004635359160602093,0.029370825737714767,0.045722171664237976
frame_004882.png,frame_004883.png,0.06489869952201843,0.044496215879917145,0.14440816640853882,-0.005476388148963451,0.02849861979484558,0.061978779733181
frame_004883.png,frame_004884.png,0.05618384853005409,0.03989099711179733,0.14390791952610016,-0.011922530829906464,0.031243901699781418,0.07966752350330353
frame_004884.png,frame_004885.png,0.037079598754644394,0.031910546123981476,0.14379526674747467,-0.009258909150958061,0.027892082929611206,0.09117230772972107
frame_004885.png,frame_004886.png,0.0027802512049674988,0.021625295281410217,0.12844200432300568,0.0027355439960956573,0.02206718921661377,0.09821077436208725
frame_004886.png,frame_004887.png,-0.056179217994213104,0.013365112245082855,0.11269041895866394,0.00351039320230484,0.0166131854057312,0.0872306376695633
frame_004887.png,frame_004888.png,-0.10616012662649155,0.01633734256029129,0.11152535676956177,-0.005297430790960789,0.01158078107982874,0.08897940069437027
frame_004888.png,frame_004889.png,-0.14518055319786072,0.03392084687948227,0.13305100798606873,-0.025923918932676315,0.008709165267646313,0.07679818570613861
frame_004889.png,frame_004890.png,-0.16438299417495728,0.03978990763425827,0.15090444684028625,-0.03604118898510933,0.006114636547863483,0.07021646946668625
frame_004890.png,frame_004891.png,-0.1576671600341797,0.047191135585308075,0.14241135120391846,-0.026575874537229538,0.001817462034523487,0.0636942908167839
frame_004891.png,frame_004892.png,-0.13596051931381226,0.04861476272344589,0.12373436987400055,-0.0019752560183405876,-0.003693409264087677,0.06851420551538467
frame_004892.png,frame_004893.png,-0.1311568021774292,0.053678981959819794,0.12537279725074768,0.014029298909008503,-0.01190792117267847,0.0590239018201828
frame_004893.png,frame_004894.png,-0.12742897868156433,0.06577747315168381,0.13124942779541016,0.022137150168418884,-0.017798449844121933,0.04649508744478226
frame_004894.png,frame_004895.png,-0.11574751883745193,0.07883064448833466,0.1270807981491089,0.02758185938000679,-0.020426325500011444,0.03335876017808914
frame_004895.png,frame_004896.png,-0.10937007516622543,0.08164267241954803,0.12803882360458374,0.031062718480825424,-0.02127574384212494,0.024068042635917664
frame_004896.png,frame_004897.png,-0.10317506641149521,0.07689312845468521,0.12958090007305145,0.037587668746709824,-0.024834927171468735,0.019719764590263367
frame_004897.png,frame_004898.png,-0.10558997839689255,0.07059373706579208,0.1269213855266571,0.037961218506097794,-0.026655472815036774,0.019978605210781097
frame_004898.png,frame_004899.png,-0.11526980251073837,0.0675007551908493,0.11961588263511658,0.029210813343524933,-0.020758841186761856,0.031324319541454315
frame_004899.png,frame_004900.png,-0.12884768843650818,0.059899672865867615,0.11813035607337952,0.014425129629671574,-0.0134240398183465,0.036427002400159836
frame_004900.png,frame_004901.png,-0.13366106152534485,0.05913315713405609,0.14443425834178925,0.013874231837689877,-0.006674090400338173,0.038518618792295456
frame_004901.png,frame_004902.png,-0.14505288004875183,0.05007507652044296,0.15800327062606812,-0.011144028976559639,-0.00037061888724565506,0.05014476925134659
frame_004902.png,frame_004903.png,-0.16506469249725342,0.03697989135980606,0.17666317522525787,-0.030094485729932785,0.006096440367400646,0.0718795508146286
frame_004903.png,frame_004904.png,-0.15648555755615234,0.03221208602190018,0.1530015468597412,-0.01961369812488556,0.02310023456811905,0.08478076756000519
frame_004904.png,frame_004905.png,-0.1548462212085724,0.031042583286762238,0.13924923539161682,-0.025674544274806976,0.028284534811973572,0.0902436226606369
frame_004905.png,frame_004906.png,-0.14398983120918274,0.030860573053359985,0.12744024395942688,-0.050672292709350586,0.029100585728883743,0.06862199306488037
frame_004906.png,frame_004907.png,-0.13789767026901245,0.034691035747528076,0.13745072484016418,-0.07176469266414642,0.024423521012067795,0.037665631622076035
frame_004907.png,frame_004908.png,-0.12997204065322876,0.040185026824474335,0.15052548050880432,-0.07046718895435333,0.02371230721473694,0.03479433059692383
frame_004908.png,frame_004909.png,-0.13648688793182373,0.042901575565338135,0.1560131460428238,-0.06368479132652283,0.024474631994962692,0.03413426876068115
frame_004909.png,frame_004910.png,-0.13745072484016418,0.043663784861564636,0.16431787610054016,-0.06122637540102005,0.026159223169088364,0.03496298938989639
frame_004910.png,frame_004911.png,-0.13448110222816467,0.04918736219406128,0.17950712144374847,-0.06085187941789627,0.02490052953362465,0.03198652341961861
frame_004911.png,frame_004912.png,-0.12894216179847717,0.05723515897989273,0.19403184950351715,-0.06515024602413177,0.023312490433454514,0.023134805262088776
frame_004912.png,frame_004913.png,-0.10836847871541977,0.06809203326702118,0.20578916370868683,-0.07336405664682388,0.02187798172235489,0.014568128623068333
frame_004913.png,frame_004914.png,-0.07634641975164413,0.08029755204916,0.217574805021286,-0.08066823333501816,0.020099114626646042,0.01085649523884058
frame_004914.png,frame_004915.png,-0.046473629772663116,0.08970875293016434,0.22331503033638,-0.08437298238277435,0.01822325959801674,0.010627266950905323
frame_004915.png,frame_004916.png,-0.03052224963903427,0.0934913232922554,0.22945429384708405,-0.08790479600429535,0.015420121140778065,0.013425887562334538
frame_004916.png,frame_004917.png,-0.019242793321609497,0.09684636443853378,0.22889848053455353,-0.08952023833990097,0.01638565957546234,0.016537681221961975
frame_004917.png,frame_004918.png,-0.013995140790939331,0.09902612119913101,0.22831404209136963,-0.09078162908554077,0.015878573060035706,0.019647859036922455
frame_004918.png,frame_004919.png,-0.014479577541351318,0.09955257922410965,0.2222583293914795,-0.09189775586128235,0.015069632790982723,0.01963026076555252
frame_004919.png,frame_004920.png,-0.020667031407356262,0.09771595150232315,0.21786300837993622,-0.09405793994665146,0.01388720516115427,0.019158367067575455
frame_004920.png,frame_004921.png,-0.03252892941236496,0.09452170878648758,0.20756900310516357,-0.09195452183485031,0.013651552610099316,0.013971247710287571
frame_004921.png,frame_004922.png,-0.049683235585689545,0.09072328358888626,0.19640575349330902,-0.08717560768127441,0.01400799211114645,0.007362117059528828
frame_004922.png,frame_004923.png,-0.05926293879747391,0.08949383348226547,0.19441017508506775,-0.08478034287691116,0.014298464171588421,0.0033858688548207283
frame_004923.png,frame_004924.png,-0.07038404792547226,0.08729485422372818,0.19141000509262085,-0.08142513036727905,0.015118029899895191,0.0016682157292962074
frame_004924.png,frame_004925.png,-0.07777776569128036,0.0848587229847908,0.19575002789497375,-0.08541423827409744,0.014198177494108677,0.008462411351501942
frame_004925.png,frame_004926.png,-0.07853289693593979,0.08439325541257858,0.20523285865783691,-0.08916748315095901,0.014683236368000507,0.014332440681755543
frame_004926.png,frame_004927.png,-0.08056188374757767,0.08314522355794907,0.21737182140350342,-0.09092513471841812,0.01706533506512642,0.020587317645549774
frame_004927.png,frame_004928.png,-0.09576182812452316,0.07485439628362656,0.2222529947757721,-0.07691635936498642,0.023313459008932114,0.01807728409767151
frame_004928.png,frame_004929.png,-0.12906932830810547,0.057162702083587646,0.21902383863925934,-0.05403286963701248,0.027405671775341034,0.014943706803023815
frame_004929.png,frame_004930.png,-0.15356695652008057,0.042246200144290924,0.22254326939582825,-0.03971720114350319,0.026858612895011902,0.012396096251904964
frame_004930.png,frame_004931.png,-0.15579891204833984,0.030764251947402954,0.23290112614631653,-0.033623795956373215,0.024117104709148407,0.017584338784217834
frame_004931.png,frame_004932.png,-0.15356019139289856,0.02404635399580002,0.2307591289281845,-0.035708896815776825,0.02430122345685959,0.01780897006392479
frame_004932.png,frame_004933.png,-0.16250696778297424,0.012248348444700241,0.22339025139808655,-0.03601957857608795,0.020266685634851456,0.020591698586940765
frame_004933.png,frame_004934.png,-0.171444833278656,-0.0004913955926895142,0.2121996432542801,-0.023401912301778793,0.01911027729511261,0.027929794043302536
frame_004934.png,frame_004935.png,-0.17524001002311707,-0.013050269335508347,0.19879332184791565,-0.013804555870592594,0.014719958417117596,0.0266818106174469
frame_004935.png,frame_004936.png,-0.17333769798278809,-0.02401740290224552,0.18903161585330963,-0.0015863040462136269,0.015917282551527023,0.03570171445608139
frame_004936.png,frame_004937.png,-0.16935643553733826,-0.0329505130648613,0.18155908584594727,0.009662010706961155,0.019026510417461395,0.042076196521520615
frame_004937.png,frame_004938.png,-0.17199790477752686,-0.036526940762996674,0.1960640698671341,0.011678908951580524,0.0192360021173954,0.0419977568089962
frame_004938.png,frame_004939.png,-0.17850372195243835,-0.04110656678676605,0.21967542171478271,0.013577465899288654,0.021796103566884995,0.04171813651919365
frame_004939.png,frame_004940.png,-0.18347010016441345,-0.047295551747083664,0.24294769763946533,0.014396331273019314,0.02589740976691246,0.039628881961107254
frame_004940.png,frame_004941.png,-0.1831071376800537,-0.05227005481719971,0.25862619280815125,0.016222815960645676,0.028668105602264404,0.035824213176965714
frame_004941.png,frame_004942.png,-0.1717437505722046,-0.052620477974414825,0.27028948068618774,0.019961580634117126,0.030026551336050034,0.033686187118291855
frame_004942.png,frame_004943.png,-0.1477750539779663,-0.05231877788901329,0.2697592079639435,0.02834000438451767,0.028392627835273743,0.035012174397706985
frame_004943.png,frame_004944.png,-0.11888938397169113,-0.05216316133737564,0.2611474096775055,0.03583979234099388,0.024966321885585785,0.03163272887468338
frame_004944.png,frame_004945.png,-0.09185128659009933,-0.04715722054243088,0.261661559343338,0.04179321974515915,0.02054496854543686,0.02587265521287918
frame_004945.png,frame_004946.png,-0.08067134767770767,-0.04041353240609169,0.26795753836631775,0.04669133946299553,0.01685011014342308,0.022412419319152832
frame_004946.png,frame_004947.png,-0.0772411897778511,-0.035876207053661346,0.27294307947158813,0.05235285684466362,0.014333470724523067,0.023538313806056976
frame_004947.png,frame_004948.png,-0.07555689662694931,-0.0320848673582077,0.2757507264614105,0.0575064979493618,0.01118407305330038,0.02436015009880066
frame_004948.png,frame_004949.png,-0.07180578261613846,-0.030083471909165382,0.2742069661617279,0.059391334652900696,0.0107439449056983,0.02378888800740242
frame_004949.png,frame_004950.png,-0.0721050277352333,-0.027655500918626785,0.27093902230262756,0.05722018703818321,0.008979610167443752,0.02671583741903305
frame_004950.png,frame_004951.png,-0.07521141320466995,-0.02259569987654686,0.2630968689918518,0.05318644642829895,0.010098406113684177,0.030491679906845093
frame_004951.png,frame_004952.png,-0.08441340178251266,-0.015450583770871162,0.24258825182914734,0.04990290105342865,0.01006182562559843,0.0329635851085186
frame_004952.png,frame_004953.png,-0.09162314981222153,-0.00826406478881836,0.21087434887886047,0.04665002599358559,0.010270453058183193,0.034040629863739014
frame_004953.png,frame_004954.png,-0.10113158077001572,-0.000986199826002121,0.18929237127304077,0.04334012418985367,0.008997722528874874,0.03270941600203514
frame_004954.png,frame_004955.png,-0.10958237200975418,0.003990713506937027,0.1762033998966217,0.0379423089325428,0.007277659140527248,0.027888350188732147
frame_004955.png,frame_004956.png,-0.11665474623441696,0.007152151316404343,0.17324504256248474,0.03793937340378761,0.008473861031234264,0.023313984274864197
frame_004956.png,frame_004957.png,-0.11384253948926926,0.012846596539020538,0.16584353148937225,0.04004191607236862,0.00850463192909956,0.013957037590444088
frame_004957.png,frame_004958.png,-0.0868888720870018,0.030320733785629272,0.1649104356765747,0.0327545665204525,0.00604111235588789,0.006852936930954456
frame_004958.png,frame_004959.png,-0.054896436631679535,0.04858110845088959,0.1771954894065857,0.018330134451389313,-0.00040933769196271896,0.0020677512511610985
frame_004959.png,frame_004960.png,-0.028411343693733215,0.060991570353507996,0.18273252248764038,0.011326520703732967,-0.005347094498574734,-0.007580806501209736
frame_004960.png,frame_004961.png,-0.014878310263156891,0.07070703059434891,0.18121804296970367,0.008826092816889286,-0.01125494297593832,-0.018656790256500244
frame_004961.png,frame_004962.png,-0.004194736480712891,0.0774305984377861,0.1759929358959198,0.008577780798077583,-0.017284169793128967,-0.03033292293548584
frame_004962.png,frame_004963.png,0.002011112868785858,0.08232638984918594,0.17108780145645142,0.008949686773121357,-0.022670626640319824,-0.04195333272218704
frame_004963.png,frame_004964.png,0.019163616001605988,0.08415935188531876,0.16228780150413513,0.01367905456572771,-0.02284371480345726,-0.05131642147898674
frame_004964.png,frame_004965.png,0.04161922633647919,0.08412017673254013,0.15445685386657715,0.013359089381992817,-0.021527573466300964,-0.05489753931760788
frame_004965.png,frame_004966.png,0.054416097700595856,0.08408699184656143,0.1552477777004242,0.006838977336883545,-0.019342970103025436,-0.055510155856609344
frame_004966.png,frame_004967.png,0.064482681453228,0.08093533664941788,0.16157302260398865,0.0029536448419094086,-0.016831006854772568,-0.05185747146606445
frame_004967.png,frame_004968.png,0.0666356235742569,0.07692670077085495,0.17565453052520752,-0.0015193508006632328,-0.013895959593355656,-0.04825742170214653
frame_004968.png,frame_004969.png,0.062311992049217224,0.07233346253633499,0.18990401923656464,-0.003896328154951334,-0.01389192882925272,-0.04417017847299576
frame_004969.png,frame_004970.png,0.06373779475688934,0.07051488757133484,0.19106818735599518,-0.0013699939008802176,-0.01595161482691765,-0.04050160571932793
frame_004970.png,frame_004971.png,0.06525354087352753,0.07157466560602188,0.179365873336792,0.002832346595823765,-0.01981395110487938,-0.037496235221624374
frame_004971.png,frame_004972.png,0.06672177463769913,0.07438451051712036,0.153824582695961,0.0076905107125639915,-0.025433510541915894,-0.0313611663877964
frame_004972.png,frame_004973.png,0.07284016907215118,0.0735960528254509,0.13621686398983002,0.012228432111442089,-0.02481812983751297,-0.02888818085193634
frame_004973.png,frame_004974.png,0.06712168455123901,0.06631537526845932,0.1378808617591858,0.011631540022790432,-0.023917503654956818,-0.022842615842819214
frame_004974.png,frame_004975.png,0.04720807448029518,0.05776525288820267,0.1589866280555725,-0.004289173986762762,-0.01909811422228813,-0.015338546596467495
frame_004975.png,frame_004976.png,0.03959110006690025,0.05134329944849014,0.16369840502738953,-0.023186057806015015,-0.009295579977333546,-0.011718451045453548
frame_004976.png,frame_004977.png,0.03358598053455353,0.047997333109378815,0.16021406650543213,-0.040620096027851105,-0.003910328261554241,-0.017620932310819626
frame_004977.png,frame_004978.png,0.05051632225513458,0.05701024830341339,0.1371702253818512,-0.044887203723192215,-0.0027022073045372963,-0.02731042355298996
frame_004978.png,frame_004979.png,0.061404999345541,0.05261985957622528,0.12317878007888794,-0.04793407768011093,0.005037306807935238,-0.023094691336154938
frame_004979.png,frame_004980.png,0.0640464499592781,0.04595055431127548,0.14197024703025818,-0.05633912235498428,0.011381722055375576,-0.00816886406391859
frame_004980.png,frame_004981.png,0.0704742893576622,0.040147148072719574,0.1554148644208908,-0.05124126374721527,0.019930988550186157,0.008822727017104626
frame_004981.png,frame_004982.png,0.05578038841485977,0.024390466511249542,0.17807111144065857,-0.04273686558008194,0.02060825750231743,0.027351871132850647
frame_004982.png,frame_004983.png,0.03853294625878334,0.014550194144248962,0.19846370816230774,-0.03463726490736008,0.021468304097652435,0.04931962490081787
frame_004983.png,frame_004984.png,0.0323333814740181,0.019289538264274597,0.1897745281457901,-0.026957117021083832,0.01971369981765747,0.059174343943595886
frame_004984.png,frame_004985.png,0.020976193249225616,0.021352030336856842,0.19095301628112793,-0.02202540636062622,0.018056858330965042,0.06377463787794113
frame_004985.png,frame_004986.png,-0.004845641553401947,0.017032355070114136,0.18836456537246704,-0.013634252361953259,0.019106846302747726,0.06369883567094803
frame_004986.png,frame_004987.png,-0.05072746425867081,0.008857548236846924,0.15749986469745636,0.0025882450863718987,0.017586439847946167,0.052011922001838684
frame_004987.png,frame_004988.png,-0.10114385932683945,-0.0025032833218574524,0.13435104489326477,0.0076393382623791695,0.011941573582589626,0.036358144134283066
frame_004988.png,frame_004989.png,-0.14442342519760132,-0.0191054530441761,0.13566270470619202,0.004578131251037121,0.011859073303639889,0.035801783204078674
frame_004989.png,frame_004990.png,-0.18622490763664246,-0.024862442165613174,0.16462360322475433,-0.0007088994607329369,0.01394250150769949,0.038878872990608215
frame_004990.png,frame_004991.png,-0.21028122305870056,-0.02651589922606945,0.18672242760658264,-0.002395410556346178,0.014137047342956066,0.03749661147594452
frame_004991.png,frame_004992.png,-0.22096297144889832,-0.030091440305113792,0.2003297656774521,0.012305748648941517,0.015958860516548157,0.023088358342647552
frame_004992.png,frame_004993.png,-0.21931543946266174,-0.021237637847661972,0.2251550257205963,0.009164021350443363,0.01933729276061058,0.011812553741037846
frame_004993.png,frame_004994.png,-0.2142130434513092,-0.011664142832159996,0.22930926084518433,0.0008750492706894875,0.025964483618736267,-0.009765001945197582
frame_004994.png,frame_004995.png,-0.20315083861351013,-0.0037709251046180725,0.23427993059158325,-0.008479050360620022,0.017944645136594772,-0.009538906626403332
frame_004995.png,frame_004996.png,-0.17307540774345398,0.0035989731550216675,0.22099623084068298,-0.007789666764438152,0.017238028347492218,-0.012271354906260967
frame_004996.png,frame_004997.png,-0.1525728404521942,0.008913040161132812,0.21372172236442566,-0.004341828636825085,0.015927042812108994,-0.013659982942044735
frame_004997.png,frame_004998.png,-0.1331835389137268,0.011979121714830399,0.20327118039131165,0.00599047914147377,0.016787990927696228,-0.009824949316680431
frame_004998.png,frame_004999.png,-0.10532545298337936,0.017979338765144348,0.19809266924858093,0.005223291926085949,0.019481182098388672,-0.0017197700217366219
frame_004999.png,frame_005000.png,-0.053106971085071564,0.0308651402592659,0.20737645030021667,-0.006029688753187656,0.020967260003089905,0.013681364245712757
frame_005000.png,frame_005001.png,0.0007778182625770569,0.03833246976137161,0.21391533315181732,-0.016459759324789047,0.020814839750528336,0.03159914165735245
frame_005001.png,frame_005002.png,0.04654558002948761,0.04651346057653427,0.21661387383937836,-0.023428618907928467,0.021008417010307312,0.040749430656433105
frame_005002.png,frame_005003.png,0.06586562097072601,0.054723985493183136,0.224465012550354,-0.04118793085217476,0.019881073385477066,0.03382701799273491
frame_005003.png,frame_005004.png,0.04841227829456329,0.06029019504785538,0.22907502949237823,-0.05851459503173828,0.011192082427442074,0.018152132630348206
frame_005004.png,frame_005005.png,0.03118623048067093,0.05728410184383392,0.2190888673067093,-0.05293663218617439,0.007716326974332333,0.028978243470191956
frame_005005.png,frame_005006.png,0.013764433562755585,0.0531187579035759,0.20462141931056976,-0.04692970961332321,0.00794671755284071,0.04222027212381363
frame_005006.png,frame_005007.png,0.00734439492225647,0.05535575747489929,0.19907116889953613,-0.048912666738033295,0.01117148157209158,0.05854448676109314
frame_005007.png,frame_005008.png,0.02178087830543518,0.05825900286436081,0.18934839963912964,-0.049757249653339386,0.014522588811814785,0.064134880900383
frame_005008.png,frame_005009.png,0.005326874554157257,0.05389261990785599,0.17896243929862976,-0.04599340260028839,0.01845937967300415,0.06466817855834961
frame_005009.png,frame_005010.png,-0.04526176303625107,0.03472454100847244,0.1546928584575653,-0.04641810804605484,0.01589689403772354,0.06327465921640396
frame_005010.png,frame_005011.png,-0.029771938920021057,0.02104591578245163,0.11931315064430237,-0.052766136825084686,0.0268440842628479,0.06758953630924225
frame_005011.png,frame_005012.png,-0.09917495399713516,0.017662905156612396,0.14148926734924316,-0.09356892853975296,0.023544996976852417,0.063096784055233
frame_005012.png,frame_005013.png,-0.051286764442920685,0.02303897589445114,0.15723834931850433,-0.09459780901670456,0.034932054579257965,0.05560939013957977
frame_005013.png,frame_005014.png,0.027770183980464935,0.040431760251522064,0.18909668922424316,-0.08387983590364456,0.03548779338598251,0.02680947259068489
frame_005014.png,frame_005015.png,0.0637805163860321,0.049390554428100586,0.20930051803588867,-0.06744977831840515,0.04019162058830261,0.026121869683265686
frame_005015.png,frame_005016.png,0.08651285618543625,0.06871731579303741,0.2497555911540985,-0.07821842283010483,0.03178565949201584,0.07236771285533905
frame_005016.png,frame_005017.png,0.044576793909072876,0.03786839544773102,0.2583771347999573,-0.04319264739751816,0.03449362888932228,0.0751447081565857
frame_005017.png,frame_005018.png,0.02955077588558197,0.02907688170671463,0.2745736539363861,-0.04381125047802925,0.028131142258644104,0.045931607484817505
frame_005018.png,frame_005019.png,0.015451550483703613,0.031443022191524506,0.28958025574684143,-0.04358559474349022,0.025119677186012268,0.03266109526157379
frame_005019.png,frame_005020.png,0.005378462374210358,0.03236111253499985,0.29348132014274597,-0.04405660554766655,0.02301868051290512,0.029472194612026215
frame_005020.png,frame_005021.png,0.0022813528776168823,0.03476113826036453,0.29828527569770813,-0.04620937258005142,0.021098632365465164,0.03067614883184433
frame_005021.png,frame_005022.png,-0.006853431463241577,0.03495267778635025,0.301798552274704,-0.050302449613809586,0.02233634516596794,0.02761206403374672
frame_005022.png,frame_005023.png,-0.00990641862154007,0.036674052476882935,0.3093169629573822,-0.055759452283382416,0.024101033806800842,0.026677940040826797
frame_005023.png,frame_005024.png,-0.015382371842861176,0.038867317140102386,0.31335198879241943,-0.05767408758401871,0.025632355362176895,0.02277618646621704
frame_005024.png,frame_005025.png,-0.02549373358488083,0.03254089504480362,0.32436588406562805,-0.06313689798116684,0.02773807942867279,0.042681410908699036
frame_005025.png,frame_005026.png,-0.006116136908531189,0.0385829359292984,0.315634548664093,-0.05572742223739624,0.02609032765030861,0.04495397210121155
frame_005026.png,frame_005027.png,-0.004487916827201843,0.04424358159303665,0.31151366233825684,-0.05479826778173447,0.02953898161649704,0.02899917960166931
frame_005027.png,frame_005028.png,0.0043872445821762085,0.043748967349529266,0.2947758734226227,-0.04566553235054016,0.028228558599948883,0.029614679515361786
frame_005028.png,frame_005029.png,0.00513835996389389,0.04537421464920044,0.27350708842277527,-0.033178023993968964,0.021092873066663742,0.03633222356438637
frame_005029.png,frame_005030.png,0.01763061434030533,0.04544701427221298,0.30588409304618835,-0.038503389805555344,0.017633989453315735,0.07904597371816635
frame_005030.png,frame_005031.png,0.04105471819639206,0.04002770036458969,0.30084705352783203,-0.04873715341091156,0.022837169468402863,0.08583571016788483
frame_005031.png,frame_005032.png,0.02552367001771927,0.041891954839229584,0.30370113253593445,-0.051162607967853546,0.019865795969963074,0.06182628124952316
frame_005032.png,frame_005033.png,0.00611017644405365,0.038156986236572266,0.3117257356643677,-0.05258503183722496,0.020204752683639526,0.044999875128269196
frame_005033.png,frame_005034.png,-0.007428325712680817,0.03724370896816254,0.3136462867259979,-0.055150486528873444,0.017320342361927032,0.03947148472070694
frame_005034.png,frame_005035.png,-0.008008219301700592,0.03655960410833359,0.3144260346889496,-0.05560148507356644,0.019444435834884644,0.03121989220380783
frame_005035.png,frame_005036.png,-0.007616303861141205,0.03694730997085571,0.31528225541114807,-0.053485799580812454,0.02078235149383545,0.026258237659931183
frame_005036.png,frame_005037.png,-0.0004781186580657959,0.03562094271183014,0.3056122958660126,-0.04655728489160538,0.021757274866104126,0.03236260265111923
frame_005037.png,frame_005038.png,-0.0028500109910964966,0.03857164829969406,0.3036855161190033,-0.04680612310767174,0.020996782928705215,0.014721366576850414
frame_005038.png,frame_005039.png,-0.0047429949045181274,0.03862147778272629,0.31432411074638367,-0.05280943959951401,0.021784652024507523,0.01521527860313654
frame_005039.png,frame_005040.png,-0.008770950138568878,0.038875043392181396,0.3410070240497589,-0.06076196953654289,0.027636874467134476,0.012669560499489307
frame_005040.png,frame_005041.png,-0.011216439306735992,0.04010339826345444,0.3531610071659088,-0.06422275304794312,0.03518480062484741,0.003874874673783779
frame_005041.png,frame_005042.png,0.009569153189659119,0.04420121759176254,0.33661800622940063,-0.04742482677102089,0.03959593176841736,0.005591453053057194
frame_005042.png,frame_005043.png,0.03121296316385269,0.041726209223270416,0.3118962347507477,-0.022960077971220016,0.03676361218094826,0.013063625432550907
frame_005043.png,frame_005044.png,0.03444003686308861,0.03967604786157608,0.29256460070610046,-0.012258949689567089,0.029735185205936432,0.003491186536848545
frame_005044.png,frame_005045.png,0.017149068415164948,0.028772875666618347,0.29907935857772827,-0.00872922781854868,0.022826675325632095,-0.013748441822826862
frame_005045.png,frame_005046.png,-0.0021999701857566833,0.011406563222408295,0.3204461634159088,-0.00654938817024231,0.02017207071185112,-0.019924350082874298
frame_005046.png,frame_005047.png,-0.005015648901462555,0.003226637840270996,0.3309679329395294,-0.009266591630876064,0.024940431118011475,-0.02206101268529892
frame_005047.png,frame_005048.png,0.015452951192855835,0.005931127816438675,0.3392554819583893,-0.007156857289373875,0.03377097472548485,-0.03750552609562874
frame_005048.png,frame_005049.png,0.04732547700405121,0.00846126675605774,0.33769091963768005,0.007034891285002232,0.03303437680006027,-0.04958729445934296
frame_005049.png,frame_005050.png,0.08346257358789444,0.012316402047872543,0.3168141543865204,0.025757767260074615,0.019007764756679535,-0.02468191832304001
frame_005050.png,frame_005051.png,0.08867021650075912,0.023711740970611572,0.3213864862918854,0.01249272096902132,0.017141874879598618,-0.02822374552488327
frame_005051.png,frame_005052.png,0.09571658819913864,0.03326818346977234,0.3008723556995392,-0.002342681400477886,0.010126038454473019,-0.03197385370731354
frame_005052.png,frame_005053.png,0.11848253011703491,0.044452004134655,0.25939610600471497,-0.00027966219931840897,0.007304650731384754,-0.027243252843618393
frame_005053.png,frame_005054.png,0.13504770398139954,0.05349215120077133,0.2428978979587555,0.015463602729141712,0.009601851925253868,-0.010706494562327862
frame_005054.png,frame_005055.png,0.141862154006958,0.05437641590833664,0.24486595392227173,0.022699743509292603,0.01347375102341175,0.014590454287827015
frame_005055.png,frame_005056.png,0.13515038788318634,0.05539470165967941,0.23394867777824402,0.03175811842083931,0.015170671045780182,0.02639840915799141
frame_005056.png,frame_005057.png,0.14825817942619324,0.058725155889987946,0.20282211899757385,0.037162896245718,0.010622852481901646,0.023011766374111176
frame_005057.png,frame_005058.png,0.15853488445281982,0.054030388593673706,0.1852574199438095,0.037454672157764435,0.0007132953032851219,0.03712652996182442
frame_005058.png,frame_005059.png,0.184709370136261,0.04986163228750229,0.16136057674884796,0.019451983273029327,-0.00604120921343565,0.04242600500583649
frame_005059.png,frame_005060.png,0.21673151850700378,0.05037806183099747,0.14452409744262695,0.006547712720930576,-0.004892729222774506,0.08097101747989655
frame_005060.png,frame_005061.png,0.23904770612716675,0.059441812336444855,0.1308601200580597,-0.002490757964551449,-0.002798818051815033,0.09004178643226624
frame_005061.png,frame_005062.png,0.2568069100379944,0.07996048778295517,0.12940312922000885,-0.007313883863389492,0.002731197513639927,0.08272609114646912
frame_005062.png,frame_005063.png,0.25333860516548157,0.09662064164876938,0.14934487640857697,-0.009836296550929546,0.00020846910774707794,0.07859575748443604
frame_005063.png,frame_005064.png,0.2350538969039917,0.10467422753572464,0.1774139702320099,-0.008922765962779522,-0.004923432134091854,0.08923704922199249
frame_005064.png,frame_005065.png,0.2243236005306244,0.10228771716356277,0.17470550537109375,-0.030323337763547897,-0.003918016329407692,0.09922275692224503
frame_005065.png,frame_005066.png,0.22172248363494873,0.10526212304830551,0.18028895556926727,-0.04349731653928757,-0.0012964652851223946,0.09300397336483002
frame_005066.png,frame_005067.png,0.23948752880096436,0.10416216403245926,0.17398479580879211,-0.04053977131843567,-0.0018854374065995216,0.09742303192615509
frame_005067.png,frame_005068.png,0.25814709067344666,0.10336164385080338,0.17104572057724,-0.019421175122261047,-0.002398182637989521,0.0778164267539978
frame_005068.png,frame_005069.png,0.25910401344299316,0.10888490825891495,0.224592924118042,-0.018909920006990433,3.052782267332077e-05,0.04134063422679901
frame_005069.png,frame_005070.png,0.24405354261398315,0.11001559346914291,0.2809911072254181,-0.009731422178447247,0.00104582030326128,0.03370485454797745
frame_005070.png,frame_005071.png,0.21984854340553284,0.08611822873353958,0.30234280228614807,-0.010375003330409527,0.004560132510960102,0.009159591980278492
frame_005071.png,frame_005072.png,0.20694500207901,0.07368480414152145,0.3025282919406891,0.007023283280432224,0.01355982106178999,-0.02809639647603035
frame_005072.png,frame_005073.png,0.2007259726524353,0.059446610510349274,0.3101250231266022,0.014667094685137272,0.019479483366012573,-0.05762096494436264
frame_005073.png,frame_005074.png,0.18761798739433289,0.03577061742544174,0.33297619223594666,0.0006495509296655655,0.032628435641527176,-0.07196397334337234
frame_005074.png,frame_005075.png,0.14658041298389435,0.0019645318388938904,0.3744904398918152,-0.011426863260567188,0.04380880668759346,-0.06565684080123901
frame_005075.png,frame_005076.png,0.08816941827535629,-0.028272677212953568,0.40754249691963196,-0.011682228185236454,0.04638984426856041,-0.055192817002534866
frame_005076.png,frame_005077.png,0.03693285211920738,-0.046707287430763245,0.4333864152431488,-0.005422989837825298,0.04620100557804108,-0.04682111740112305
frame_005077.png,frame_005078.png,0.0054398030042648315,-0.05664847046136856,0.4512878358364105,-0.00048628542572259903,0.04728135094046593,-0.04423489421606064
frame_005078.png,frame_005079.png,-0.014462187886238098,-0.06147296354174614,0.47072097659111023,0.001127476803958416,0.048696137964725494,-0.04769669473171234
frame_005079.png,frame_005080.png,-0.02192595601081848,-0.06300537288188934,0.48457321524620056,-0.003194020129740238,0.049748778343200684,-0.04819347709417343
frame_005080.png,frame_005081.png,-0.01243000477552414,-0.05738774687051773,0.4995059669017792,-0.004818362183868885,0.04980505257844925,-0.0525948628783226
frame_005081.png,frame_005082.png,0.012607738375663757,-0.04819421097636223,0.4972971975803375,-0.0018983380869030952,0.04819786548614502,-0.05625450611114502
frame_005082.png,frame_005083.png,0.04190095514059067,-0.04207608103752136,0.48731520771980286,-0.0005595944821834564,0.044692885130643845,-0.060918524861335754
frame_005083.png,frame_005084.png,0.06576435267925262,-0.037497833371162415,0.47874727845191956,0.002214718610048294,0.03579870983958244,-0.06545519828796387
frame_005084.png,frame_005085.png,0.07895281165838242,-0.032821111381053925,0.47402748465538025,0.0009070849046111107,0.027666840702295303,-0.06839906424283981
frame_005085.png,frame_005086.png,0.09097074717283249,-0.026839427649974823,0.46153727173805237,0.00013503339141607285,0.01921810209751129,-0.068566232919693
frame_005086.png,frame_005087.png,0.10711340606212616,-0.019329514354467392,0.4205356240272522,0.0005687708035111427,0.010695558041334152,-0.06893093883991241
frame_005087.png,frame_005088.png,0.12252543866634369,-0.00795828178524971,0.39377740025520325,5.842931568622589e-05,0.008535012602806091,-0.05985255166888237
frame_005088.png,frame_005089.png,0.12931911647319794,-2.9884278774261475e-05,0.37877240777015686,0.003208860754966736,0.008296206593513489,-0.05520453304052353
frame_005089.png,frame_005090.png,0.14566025137901306,0.006555207073688507,0.35931989550590515,0.009219138883054256,0.012090214528143406,-0.055737633258104324
frame_005090.png,frame_005091.png,0.15406560897827148,0.015826988965272903,0.34774795174598694,0.019542250782251358,0.012708242051303387,-0.055622268468141556
frame_005091.png,frame_005092.png,0.1679193079471588,0.02571754902601242,0.3453557789325714,0.021228846162557602,0.016832072287797928,-0.057470861822366714
frame_005092.png,frame_005093.png,0.16845908761024475,0.025532156229019165,0.36100807785987854,0.016082264482975006,0.02753603830933571,-0.057062603533267975
frame_005093.png,frame_005094.png,0.1624026596546173,0.015590604394674301,0.3766934871673584,0.00768332090228796,0.0359773226082325,-0.05675503984093666
frame_005094.png,frame_005095.png,0.15041522681713104,0.0006040669977664948,0.395086407661438,0.002253272570669651,0.04311101883649826,-0.05380067974328995
frame_005095.png,frame_005096.png,0.12983708083629608,-0.016117937862873077,0.4105660021305084,-0.004687896929681301,0.04849579185247421,-0.05315876752138138
frame_005096.png,frame_005097.png,0.09679023921489716,-0.031397245824337006,0.42673587799072266,-0.010948620736598969,0.052245333790779114,-0.0503811314702034
frame_005097.png,frame_005098.png,0.06519223749637604,-0.04329200088977814,0.4380580186843872,-0.013863482512533665,0.054145053029060364,-0.04380179941654205
frame_005098.png,frame_005099.png,0.04017231613397598,-0.050603095442056656,0.443827748298645,-0.015989210456609726,0.054107606410980225,-0.034175023436546326
frame_005099.png,frame_005100.png,0.01395755261182785,-0.05603621527552605,0.452548623085022,-0.014164119027554989,0.051998481154441833,-0.02433900162577629
frame_005100.png,frame_005101.png,-0.00563395768404007,-0.06183629482984543,0.4622381031513214,-0.009070093743503094,0.05002062767744064,-0.015795551240444183
frame_005101.png,frame_005102.png,-0.017216287553310394,-0.06494761258363724,0.4688419997692108,-0.004047983326017857,0.04655300825834274,-0.01054942887276411
frame_005102.png,frame_005103.png,-0.025038622319698334,-0.06712257117033005,0.4750155806541443,-0.003012898378074169,0.04359866678714752,-0.012246540747582912
frame_005103.png,frame_005104.png,-0.029552556574344635,-0.06582421064376831,0.47936537861824036,-0.003750198520720005,0.04328874498605728,-0.011355544440448284
frame_005104.png,frame_005105.png,-0.031190425157546997,-0.06581824272871017,0.4777231514453888,-0.004216923378407955,0.04231778532266617,-0.006581663154065609
frame_005105.png,frame_005106.png,-0.0268494114279747,-0.0656522810459137,0.47781550884246826,-0.004602978937327862,0.04301529750227928,-0.006502150557935238
frame_005106.png,frame_005107.png,-0.027216948568820953,-0.0645069107413292,0.47631922364234924,-0.0022672628983855247,0.040824033319950104,-0.005641191266477108
frame_005107.png,frame_005108.png,-0.03141926974058151,-0.06354369223117828,0.4729560613632202,0.0012886645272374153,0.034600671380758286,-0.006381220184266567
frame_005108.png,frame_005109.png,-0.02895202487707138,-0.06460307538509369,0.4712250530719757,0.003472805954515934,0.03187832236289978,-0.006037062965333462
frame_005109.png,frame_005110.png,-0.027868621051311493,-0.06377594918012619,0.4699447453022003,0.0060607800260186195,0.032930441200733185,-0.011323808692395687
frame_005110.png,frame_005111.png,-0.030545435845851898,-0.0630527138710022,0.4674800634384155,0.005462181754410267,0.033985719084739685,-0.01574084535241127
frame_005111.png,frame_005112.png,-0.03338044136762619,-0.06446374952793121,0.465491384267807,0.004062318243086338,0.036223385483026505,-0.02071555331349373
frame_005112.png,frame_005113.png,-0.03551787883043289,-0.06529255211353302,0.4648793935775757,0.003278893418610096,0.037404388189315796,-0.023668542504310608
frame_005113.png,frame_005114.png,-0.03736748546361923,-0.06505783647298813,0.46613478660583496,0.0011055273935198784,0.03756187483668327,-0.024397041648626328
frame_005114.png,frame_005115.png,-0.03849359601736069,-0.06463050842285156,0.4665762484073639,-0.0012059034779667854,0.03844139352440834,-0.023655511438846588
frame_005115.png,frame_005116.png,-0.03822591155767441,-0.06449152529239655,0.465946227312088,-0.0008904701098799706,0.03958925977349281,-0.024341505020856857
frame_005116.png,frame_005117.png,-0.03910962492227554,-0.06479062139987946,0.4647824466228485,-0.0029605207964777946,0.04008025303483009,-0.02581898495554924
frame_005117.png,frame_005118.png,-0.039319805800914764,-0.06415710598230362,0.4649703800678253,-0.004293537698686123,0.03978678584098816,-0.028253886848688126
frame_005118.png,frame_005119.png,-0.03946938365697861,-0.06271690130233765,0.46452271938323975,-0.0030953632667660713,0.039030298590660095,-0.03080539032816887
frame_005119.png,frame_005120.png,-0.03692164272069931,-0.061049047857522964,0.4648173749446869,0.001224392093718052,0.040068142116069794,-0.031829629093408585
frame_005120.png,frame_005121.png,-0.0354033038020134,-0.05975860357284546,0.46538594365119934,0.003012203611433506,0.04105912894010544,-0.03086511418223381
frame_005121.png,frame_005122.png,-0.03605967015028,-0.05885418504476547,0.46602413058280945,0.005391188897192478,0.0416504442691803,-0.030788853764533997
frame_005122.png,frame_005123.png,-0.03748234361410141,-0.05852334946393967,0.46560126543045044,0.00743591133505106,0.04131898656487465,-0.03215054050087929
frame_005123.png,frame_005124.png,-0.03911926597356796,-0.060054875910282135,0.46478864550590515,0.007533692754805088,0.03961050882935524,-0.033456385135650635
frame_005124.png,frame_005125.png,-0.03937412053346634,-0.061983074992895126,0.46335843205451965,0.007113405503332615,0.038952797651290894,-0.03413648530840874
frame_005125.png,frame_005126.png,-0.04020030051469803,-0.0647205263376236,0.46230313181877136,0.0069234417751431465,0.03837241232395172,-0.03422250226140022
frame_005126.png,frame_005127.png,-0.04146086424589157,-0.06405510008335114,0.461016446352005,0.007079693488776684,0.03885771334171295,-0.03715481981635094
frame_005127.png,frame_005128.png,-0.03947377949953079,-0.06198430806398392,0.46096697449684143,0.006735530681908131,0.03997509181499481,-0.03958459943532944
frame_005128.png,frame_005129.png,-0.04294043034315109,-0.06157258525490761,0.45962363481521606,0.004198537208139896,0.03912561386823654,-0.040783219039440155
frame_005129.png,frame_005130.png,-0.04497014731168747,-0.06346811354160309,0.4588066637516022,0.002987823449075222,0.037330757826566696,-0.03867696598172188
frame_005130.png,frame_005131.png,-0.043303437530994415,-0.06079983711242676,0.455947607755661,0.0021958155557513237,0.03626567870378494,-0.037694722414016724
frame_005131.png,frame_005132.png,-0.04305305331945419,-0.060871802270412445,0.4505039155483246,0.0005663493648171425,0.03493870794773102,-0.038212619721889496
frame_005132.png,frame_005133.png,-0.03569187968969345,-0.06060745194554329,0.4452548921108246,0.0016574328765273094,0.03609892725944519,-0.0356689989566803
frame_005133.png,frame_005134.png,-0.02334846556186676,-0.061843641102313995,0.4409736692905426,0.004989077337086201,0.038572147488594055,-0.033533934503793716
frame_005134.png,frame_005135.png,-0.015161700546741486,-0.06429426372051239,0.44285646080970764,0.004949974827468395,0.040417931973934174,-0.037267979234457016
frame_005135.png,frame_005136.png,-0.013582058250904083,-0.0637887567281723,0.44791772961616516,0.0019676219671964645,0.043003588914871216,-0.044791389256715775
frame_005136.png,frame_005137.png,-0.01275651901960373,-0.06170458346605301,0.4544021785259247,-0.0015049027279019356,0.04538929462432861,-0.04982699453830719
frame_005137.png,frame_005138.png,-0.010724551975727081,-0.05970904231071472,0.4562421441078186,-0.0033495211973786354,0.04557971656322479,-0.05118430033326149
frame_005138.png,frame_005139.png,-0.010490663349628448,-0.05845509469509125,0.45568814873695374,-0.003208574838936329,0.04283086210489273,-0.05015985295176506
frame_005139.png,frame_005140.png,-0.010946772992610931,-0.05739917606115341,0.45843642950057983,-0.00042281579226255417,0.04020580276846886,-0.048419248312711716
frame_005140.png,frame_005141.png,-0.013683512806892395,-0.05754654109477997,0.4621630907058716,0.001710544340312481,0.03815954178571701,-0.04795075207948685
frame_005141.png,frame_005142.png,-0.011779166758060455,-0.06022019684314728,0.4666668474674225,0.0027815597131848335,0.03803951293230057,-0.049323100596666336
frame_005142.png,frame_005143.png,-0.010630816221237183,-0.06202992796897888,0.46896013617515564,0.0030123600736260414,0.03806702420115471,-0.050212010741233826
frame_005143.png,frame_005144.png,-0.012047432363033295,-0.0629316046833992,0.47255176305770874,0.0025225142017006874,0.03866328299045563,-0.05005798488855362
frame_005144.png,frame_005145.png,-0.016909316182136536,-0.0645657628774643,0.4769078195095062,0.004531034268438816,0.03757799416780472,-0.04701567441225052
frame_005145.png,frame_005146.png,-0.020617417991161346,-0.06546544283628464,0.4808160066604614,0.0042056674137711525,0.03597921133041382,-0.04350200295448303
frame_005146.png,frame_005147.png,-0.021507970988750458,-0.06598150730133057,0.4827190935611725,0.0033249082043766975,0.03404365852475166,-0.04200579226016998
frame_005147.png,frame_005148.png,-0.01601962000131607,-0.05781838670372963,0.4691132605075836,0.0028173858299851418,0.029097024351358414,-0.04870818182826042
frame_005148.png,frame_005149.png,-0.009660936892032623,-0.04632461816072464,0.44998180866241455,0.001041053794324398,0.02444964274764061,-0.05717059597373009
frame_005149.png,frame_005150.png,-0.00036591291427612305,-0.03742150217294693,0.439802885055542,0.0005489140748977661,0.023250259459018707,-0.06338657438755035
frame_005150.png,frame_005151.png,0.0030592232942581177,-0.0303487665951252,0.4325120747089386,-0.00031868740916252136,0.021615564823150635,-0.0678894892334938
frame_005151.png,frame_005152.png,0.011476032435894012,-0.026855330914258957,0.43087252974510193,-0.0017724419012665749,0.02380545437335968,-0.07216931879520416
frame_005152.png,frame_005153.png,0.02376686781644821,-0.022580169141292572,0.4214893877506256,-0.0019547846168279648,0.02314244583249092,-0.07324887812137604
frame_005153.png,frame_005154.png,0.03940806910395622,-0.018704691901803017,0.40781059861183167,-0.001501312479376793,0.025111276656389236,-0.07083472609519958
frame_005154.png,frame_005155.png,0.05367456004023552,-0.014112820848822594,0.3985568881034851,-0.003143797628581524,0.02895030751824379,-0.06998937577009201
frame_005155.png,frame_005156.png,0.0611293725669384,-0.012861881405115128,0.38933825492858887,-0.0024725645780563354,0.033292483538389206,-0.0670243427157402
frame_005156.png,frame_005157.png,0.05805420130491257,-0.019377555698156357,0.39581093192100525,-0.0022767111659049988,0.037520136684179306,-0.05853462591767311
frame_005157.png,frame_005158.png,0.047873158007860184,-0.028672069311141968,0.41758403182029724,-0.001972593367099762,0.040997352451086044,-0.051222383975982666
frame_005158.png,frame_005159.png,0.03731268644332886,-0.036691419780254364,0.43344977498054504,-0.002121361903846264,0.04335019364953041,-0.04626072943210602
frame_005159.png,frame_005160.png,0.030419480055570602,-0.043614938855171204,0.4418915808200836,-0.0028179315850138664,0.043596409261226654,-0.04339703172445297
frame_005160.png,frame_005161.png,0.027829207479953766,-0.0459328293800354,0.44872137904167175,-0.0029426133260130882,0.040729813277721405,-0.04385795444250107
frame_005161.png,frame_005162.png,0.026739247143268585,-0.04847988858819008,0.4581509828567505,-0.003506726585328579,0.040201738476753235,-0.04372360557317734
frame_005162.png,frame_005163.png,0.0253751277923584,-0.05468880385160446,0.4639945328235626,-0.005497216247022152,0.03964187577366829,-0.04273631423711777
frame_005163.png,frame_005164.png,0.0266558900475502,-0.059348881244659424,0.46851682662963867,-0.0065054623410105705,0.04078568518161774,-0.042138077318668365
frame_005164.png,frame_005165.png,0.031141143292188644,-0.0584237203001976,0.474258154630661,-0.00487090926617384,0.04294203966856003,-0.04453004151582718
frame_005165.png,frame_005166.png,0.03812374919652939,-0.05632871389389038,0.474160760641098,-0.005245533771812916,0.04168906435370445,-0.04995329678058624
frame_005166.png,frame_005167.png,0.04497189819812775,-0.05254317447543144,0.4704371988773346,-0.00709132757037878,0.04079527407884598,-0.054500337690114975
frame_005167.png,frame_005168.png,0.04931005835533142,-0.052196115255355835,0.47225555777549744,-0.010466900654137135,0.04058480262756348,-0.05942801758646965
frame_005168.png,frame_005169.png,0.05715790018439293,-0.05366646498441696,0.47348281741142273,-0.01231794711202383,0.04132721573114395,-0.059374332427978516
frame_005169.png,frame_005170.png,0.06767090409994125,-0.055796775966882706,0.4701770842075348,-0.013242258690297604,0.042152829468250275,-0.06083156168460846
frame_005170.png,frame_005171.png,0.07878154516220093,-0.05695449188351631,0.4659728705883026,-0.015881404280662537,0.045000024139881134,-0.06339940428733826
frame_005171.png,frame_005172.png,0.08411230146884918,-0.05859197676181793,0.46509745717048645,-0.01737574115395546,0.046524133533239365,-0.06409133970737457
frame_005172.png,frame_005173.png,0.08470820635557175,-0.059416383504867554,0.465152770280838,-0.015627797693014145,0.04693395271897316,-0.06325611472129822
frame_005173.png,frame_005174.png,0.08435246348381042,-0.060135625302791595,0.46772605180740356,-0.013303854502737522,0.04662664607167244,-0.06064000725746155
frame_005174.png,frame_005175.png,0.07996870577335358,-0.06043004244565964,0.470886766910553,-0.010476670227944851,0.044846661388874054,-0.05964266508817673
frame_005175.png,frame_005176.png,0.0745459496974945,-0.06153662130236626,0.47206351161003113,-0.008287242613732815,0.0421610102057457,-0.059346433728933334
frame_005176.png,frame_005177.png,0.06952172517776489,-0.06407114863395691,0.47355911135673523,-0.006600822322070599,0.03948375582695007,-0.05836416780948639
frame_005177.png,frame_005178.png,0.06752149760723114,-0.06490039080381393,0.47612014412879944,-0.00745465699583292,0.038241442292928696,-0.05408704653382301
frame_005178.png,frame_005179.png,0.0659341812133789,-0.06362289190292358,0.47585105895996094,-0.007328628562390804,0.03848155215382576,-0.05147218704223633
frame_005179.png,frame_005180.png,0.0686885416507721,-0.05881883203983307,0.47478941082954407,-0.004990589804947376,0.0372900627553463,-0.05008307099342346
frame_005180.png,frame_005181.png,0.0798436850309372,-0.05437213182449341,0.4707002639770508,-0.008227852173149586,0.038032904267311096,-0.05357306823134422
frame_005181.png,frame_005182.png,0.09475348889827728,-0.051284827291965485,0.46650370955467224,-0.011206637136638165,0.0388164147734642,-0.05702178552746773
frame_005182.png,frame_005183.png,0.10488658398389816,-0.050250619649887085,0.4587908387184143,-0.01365130115300417,0.03752522170543671,-0.05708398297429085
frame_005183.png,frame_005184.png,0.11556677520275116,-0.048757266253232956,0.44693297147750854,-0.014374101534485817,0.035850342363119125,-0.05690101534128189
frame_005184.png,frame_005185.png,0.1272578090429306,-0.04854384809732437,0.43605485558509827,-0.01455053873360157,0.03578168898820877,-0.054608337581157684
frame_005185.png,frame_005186.png,0.1336124688386917,-0.049922533333301544,0.43061402440071106,-0.014068822376430035,0.036944471299648285,-0.05506642907857895
frame_005186.png,frame_005187.png,0.13687676191329956,-0.04948882758617401,0.42950597405433655,-0.014133846387267113,0.03713442012667656,-0.05578315258026123
frame_005187.png,frame_005188.png,0.13793599605560303,-0.049571044743061066,0.42911770939826965,-0.014532038941979408,0.03761355206370354,-0.05565313249826431
frame_005188.png,frame_005189.png,0.13518095016479492,-0.04870151728391647,0.4311615526676178,-0.014782684855163097,0.038565050810575485,-0.05322667211294174
frame_005189.png,frame_005190.png,0.1312091052532196,-0.04906335473060608,0.43442603945732117,-0.01823178306221962,0.039630912244319916,-0.05058202147483826
frame_005190.png,frame_005191.png,0.12691161036491394,-0.04866673797369003,0.44106337428092957,-0.022238843142986298,0.04220128059387207,-0.04425451532006264
frame_005191.png,frame_005192.png,0.12400692701339722,-0.04863486438989639,0.44494983553886414,-0.024725981056690216,0.044580623507499695,-0.04203712195158005
frame_005192.png,frame_005193.png,0.1168980747461319,-0.0519491583108902,0.45081886649131775,-0.0273270383477211,0.04398167133331299,-0.040382444858551025
frame_005193.png,frame_005194.png,0.10685621947050095,-0.055441632866859436,0.46234413981437683,-0.024294495582580566,0.04240274801850319,-0.039472851902246475
frame_005194.png,frame_005195.png,0.09508808702230453,-0.058626968413591385,0.4748702943325043,-0.02026626095175743,0.04060884565114975,-0.03756299987435341
frame_005195.png,frame_005196.png,0.08452904969453812,-0.06078113988041878,0.48301365971565247,-0.01432331558316946,0.040277618914842606,-0.035816043615341187
frame_005196.png,frame_005197.png,0.07833162695169449,-0.06150789558887482,0.4887544810771942,-0.009568237699568272,0.041353706270456314,-0.03461899980902672
frame_005197.png,frame_005198.png,0.07507437467575073,-0.06274069845676422,0.4893086850643158,-0.005875692702829838,0.04173402488231659,-0.03434402495622635
frame_005198.png,frame_005199.png,0.07609584182500839,-0.061945054680109024,0.48917272686958313,-0.0037502096965909004,0.04193594679236412,-0.033937543630599976
frame_005199.png,frame_005200.png,0.0769299566745758,-0.0612439401447773,0.48762503266334534,-0.002757021225988865,0.04153304174542427,-0.033308204263448715
frame_005200.png,frame_005201.png,0.07668274641036987,-0.06139583885669708,0.4866272509098053,-0.0024781012907624245,0.040984734892845154,-0.033314019441604614
frame_005201.png,frame_005202.png,0.0766817182302475,-0.06044064834713936,0.48760393261909485,-0.004323954693973064,0.04120051860809326,-0.033881958574056625
frame_005202.png,frame_005203.png,0.07746735960245132,-0.06140115112066269,0.48648324608802795,-0.008359470404684544,0.041722364723682404,-0.034151118248701096
frame_005203.png,frame_005204.png,0.07999137043952942,-0.05956846475601196,0.48328670859336853,-0.013129393570125103,0.04282243177294731,-0.03689916804432869
frame_005204.png,frame_005205.png,0.08449270576238632,-0.05652841180562973,0.47961243987083435,-0.016103647649288177,0.04478814825415611,-0.039186108857393265
frame_005205.png,frame_005206.png,0.08765899389982224,-0.055099967867136,0.4742062985897064,-0.017121467739343643,0.046631284058094025,-0.04095358029007912
frame_005206.png,frame_005207.png,0.09008098393678665,-0.05256330966949463,0.4708474576473236,-0.018112745136022568,0.047482945024967194,-0.04113999009132385
frame_005207.png,frame_005208.png,0.0897701159119606,-0.051994629204273224,0.46790987253189087,-0.018384717404842377,0.047863949090242386,-0.04001800715923309
frame_005208.png,frame_005209.png,0.08572724461555481,-0.05288757383823395,0.4662007987499237,-0.01615116372704506,0.04733312875032425,-0.037694018334150314
frame_005209.png,frame_005210.png,0.08238965272903442,-0.052730459719896317,0.46591004729270935,-0.01201546285301447,0.04650205373764038,-0.034668516367673874
frame_005210.png,frame_005211.png,0.07734757661819458,-0.05435704439878464,0.4662717282772064,-0.009210451506078243,0.04570287838578224,-0.03199998661875725
frame_005211.png,frame_005212.png,0.07159867882728577,-0.05556267499923706,0.46795767545700073,-0.00612556841224432,0.04445747286081314,-0.029515903443098068
frame_005212.png,frame_005213.png,0.06518960744142532,-0.05751867592334747,0.4667448401451111,-0.0046141492202878,0.043740496039390564,-0.026745587587356567
frame_005213.png,frame_005214.png,0.06117026507854462,-0.05858418345451355,0.4668038785457611,-0.002819242887198925,0.04346060752868652,-0.024820536375045776
frame_005214.png,frame_005215.png,0.05789497494697571,-0.05822673812508583,0.46759018301963806,-0.0008570542559027672,0.0425882488489151,-0.024188045412302017
frame_005215.png,frame_005216.png,0.055776260793209076,-0.05740661174058914,0.46750304102897644,0.0001161256805062294,0.041997093707323074,-0.02239883691072464
frame_005216.png,frame_005217.png,0.055080920457839966,-0.05612253397703171,0.4674403965473175,-1.069437712430954e-05,0.04176553711295128,-0.02187499776482582
frame_005217.png,frame_005218.png,0.056714240461587906,-0.05502637103199959,0.46718695759773254,0.0007161172106862068,0.04124666750431061,-0.021006282418966293
frame_005218.png,frame_005219.png,0.056778207421302795,-0.054835379123687744,0.46599239110946655,0.0027021924033761024,0.040567632764577866,-0.019066419452428818
frame_005219.png,frame_005220.png,0.05596498027443886,-0.055501580238342285,0.4635349214076996,0.0032042553648352623,0.04015349969267845,-0.01856464520096779
frame_005220.png,frame_005221.png,0.055526841431856155,-0.0550178661942482,0.4636784791946411,0.0050039710476994514,0.038157716393470764,-0.019111089408397675
frame_005221.png,frame_005222.png,0.05408378690481186,-0.05424356833100319,0.462923526763916,0.00557598564773798,0.03643117845058441,-0.020037036389112473
frame_005222.png,frame_005223.png,0.051608093082904816,-0.05378067493438721,0.4605139493942261,0.006624502129852772,0.0346544049680233,-0.020754553377628326
frame_005223.png,frame_005224.png,0.048840489238500595,-0.052513524889945984,0.4590180516242981,0.005842392332851887,0.03369541093707085,-0.021150149405002594
frame_005224.png,frame_005225.png,0.045890532433986664,-0.05306639522314072,0.4584029018878937,0.004218836314976215,0.033286046236753464,-0.020179472863674164
frame_005225.png,frame_005226.png,0.04684528708457947,-0.05300397053360939,0.45622754096984863,0.005283373408019543,0.03266506269574165,-0.018365051597356796
frame_005226.png,frame_005227.png,0.04716327041387558,-0.05253363400697708,0.45631012320518494,0.00592587236315012,0.03216663748025894,-0.016229599714279175
frame_005227.png,frame_005228.png,0.04688716679811478,-0.05291249603033066,0.4567180573940277,0.006410426460206509,0.032394517213106155,-0.016320180147886276
frame_005228.png,frame_005229.png,0.04595596343278885,-0.05372624844312668,0.4580226540565491,0.006867441348731518,0.032565679401159286,-0.01536522712558508
frame_005229.png,frame_005230.png,0.04498057812452316,-0.05419400334358215,0.4591132700443268,0.0076745906844735146,0.03255034610629082,-0.013802680186927319
frame_005230.png,frame_005231.png,0.04328509420156479,-0.05468985438346863,0.4590242803096771,0.007823069579899311,0.03287820145487785,-0.011889285407960415
frame_005231.png,frame_005232.png,0.04261920228600502,-0.05484412610530853,0.4590120017528534,0.007476414553821087,0.03375096619129181,-0.011312021873891354
frame_005232.png,frame_005233.png,0.04334643483161926,-0.054156992584466934,0.4582642912864685,0.007185912691056728,0.03445284068584442,-0.010869770310819149
frame_005233.png,frame_005234.png,0.04457347095012665,-0.05285223200917244,0.4594933092594147,0.008298871107399464,0.03460150584578514,-0.009824021719396114
frame_005234.png,frame_005235.png,0.04624014347791672,-0.0513058640062809,0.46046802401542664,0.01003390271216631,0.034824665635824203,-0.008959955535829067
frame_005235.png,frame_005236.png,0.048756007105112076,-0.04994872584939003,0.45977672934532166,0.011735626496374607,0.03453884273767471,-0.008079632185399532
frame_005236.png,frame_005237.png,0.051175206899642944,-0.04958609491586685,0.45892134308815,0.015010287053883076,0.034195370972156525,-0.008623975329101086
frame_005237.png,frame_005238.png,0.05017852038145065,-0.050161413848400116,0.4577278792858124,0.019841067492961884,0.03254612535238266,-0.009613598696887493
frame_005238.png,frame_005239.png,0.04523460566997528,-0.04954786226153374,0.45675885677337646,0.021350234746932983,0.031369004398584366,-0.007729007862508297
frame_005239.png,frame_005240.png,0.042244456708431244,-0.048856060951948166,0.4563194215297699,0.02234291285276413,0.031048379838466644,-0.005179072730243206
frame_005240.png,frame_005241.png,0.04387660324573517,-0.0466255322098732,0.4567331373691559,0.025392744690179825,0.030008547008037567,-0.003029237501323223
frame_005241.png,frame_005242.png,0.044745367020368576,-0.04446893185377121,0.4565080404281616,0.028314728289842606,0.02756374701857567,-0.0019769100472331047
frame_005242.png,frame_005243.png,0.046800728887319565,-0.04079781472682953,0.45681312680244446,0.03289742022752762,0.025512605905532837,-0.00014970730990171432
frame_005243.png,frame_005244.png,0.04702982306480408,-0.036968111991882324,0.45455825328826904,0.03715914115309715,0.02344420924782753,-0.00047600921243429184
frame_005244.png,frame_005245.png,0.04424060136079788,-0.032882824540138245,0.45565763115882874,0.038956169039011,0.02150145173072815,-0.001660349778831005
frame_005245.png,frame_005246.png,0.04531683772802353,-0.029434164986014366,0.4573594033718109,0.038945455104112625,0.02127906307578087,-0.002388480119407177
frame_005246.png,frame_005247.png,0.04422283172607422,-0.028026366606354713,0.4578723609447479,0.03699975088238716,0.02093798667192459,-0.004172257147729397
frame_005247.png,frame_005248.png,0.044042207300662994,-0.026934528723359108,0.4589911997318268,0.03449513390660286,0.0219762921333313,-0.006696364842355251
frame_005248.png,frame_005249.png,0.04185936972498894,-0.026842959225177765,0.4592582881450653,0.029813751578330994,0.02255260944366455,-0.008384923450648785
frame_005249.png,frame_005250.png,0.03979656100273132,-0.02753516659140587,0.45909401774406433,0.026805981993675232,0.023284420371055603,-0.01024757232517004
frame_005250.png,frame_005251.png,0.03680873662233353,-0.02654976397752762,0.45848262310028076,0.022237222641706467,0.02279273420572281,-0.010974663309752941
frame_005251.png,frame_005252.png,0.037223730236291885,-0.02567986026406288,0.4572601914405823,0.02073776349425316,0.023956462740898132,-0.010746772401034832
frame_005252.png,frame_005253.png,0.03787415847182274,-0.023973803967237473,0.45661625266075134,0.019251279532909393,0.023380182683467865,-0.00998422410339117
frame_005253.png,frame_005254.png,0.038875825703144073,-0.02297145687043667,0.4572620987892151,0.017475664615631104,0.024169329553842545,-0.008849727921187878
frame_005254.png,frame_005255.png,0.037998709827661514,-0.021959559991955757,0.45831313729286194,0.013223567046225071,0.024319440126419067,-0.009398463182151318
frame_005255.png,frame_005256.png,0.038435012102127075,-0.021031474694609642,0.45830079913139343,0.010454154573380947,0.024358179420232773,-0.011036130599677563
frame_005256.png,frame_005257.png,0.03660691902041435,-0.01996222883462906,0.4575567841529846,0.00613404531031847,0.024012163281440735,-0.011068488471210003
frame_005257.png,frame_005258.png,0.03498613089323044,-0.01836206018924713,0.45535507798194885,0.005449335090816021,0.024035871028900146,-0.012134942226111889
frame_005258.png,frame_005259.png,0.03249119967222214,-0.015975354239344597,0.45463132858276367,0.004016285762190819,0.023469310253858566,-0.01207530777901411
frame_005259.png,frame_005260.png,0.029033169150352478,-0.017127621918916702,0.4538760185241699,0.002222674898803234,0.023422889411449432,-0.014057721011340618
frame_005260.png,frame_005261.png,0.02640312910079956,-0.01657826639711857,0.4534139335155487,0.00168590247631073,0.02292930707335472,-0.015069185756146908
frame_005261.png,frame_005262.png,0.025405235588550568,-0.01531687006354332,0.45394790172576904,0.0017935317009687424,0.02197517454624176,-0.01556683611124754
frame_005262.png,frame_005263.png,0.025345206260681152,-0.014618702232837677,0.45478978753089905,0.001286049373447895,0.022381160408258438,-0.016680657863616943
frame_005263.png,frame_005264.png,0.0251229926943779,-0.012375924736261368,0.45415350794792175,0.00020904280245304108,0.021880468353629112,-0.017451941967010498
frame_005264.png,frame_005265.png,0.02695474773645401,-0.006921906024217606,0.4470967948436737,0.0016458509489893913,0.019687652587890625,-0.01684972271323204
frame_005265.png,frame_005266.png,0.03043648600578308,-2.9690563678741455e-05,0.43698999285697937,0.006770222447812557,0.016709323972463608,-0.01648452877998352
frame_005266.png,frame_005267.png,0.0329023152589798,0.0022263750433921814,0.43638622760772705,0.010035506449639797,0.015710966661572456,-0.014587006531655788
frame_005267.png,frame_005268.png,0.031580448150634766,0.0018229968845844269,0.44281521439552307,0.01204840186983347,0.015160207636654377,-0.01018537487834692
frame_005268.png,frame_005269.png,0.03223247453570366,0.0009498633444309235,0.4473420977592468,0.016571156680583954,0.015328657813370228,-0.00735569279640913
frame_005269.png,frame_005270.png,0.03150556981563568,0.001839756965637207,0.45208740234375,0.01825815811753273,0.014080170542001724,-0.0018708696588873863
frame_005270.png,frame_005271.png,0.029949568212032318,0.001200210303068161,0.456841379404068,0.019715800881385803,0.013629021123051643,0.0031793462112545967
frame_005271.png,frame_005272.png,0.026870019733905792,0.001839030534029007,0.45757681131362915,0.023500148206949234,0.012224710546433926,0.003680051304399967
frame_005272.png,frame_005273.png,0.025532297790050507,0.002860933542251587,0.4549747407436371,0.02724737673997879,0.011725956574082375,0.0012180330231785774
frame_005273.png,frame_005274.png,0.023819684982299805,0.0031720399856567383,0.4526057541370392,0.03170686960220337,0.011688404716551304,0.00012555066496133804
frame_005274.png,frame_005275.png,0.02461356669664383,0.004721637815237045,0.4484066963195801,0.037328727543354034,0.011327367275953293,0.00183796975761652
frame_005275.png,frame_005276.png,0.026654191315174103,0.0028990991413593292,0.44454213976860046,0.04239865392446518,0.010832669213414192,0.003814895637333393
frame_005276.png,frame_005277.png,0.03156101703643799,-0.0007953904569149017,0.4372114837169647,0.05032848194241524,0.009590775705873966,0.01077165175229311
frame_005277.png,frame_005278.png,0.030228503048419952,-0.005091015249490738,0.4343925416469574,0.05497312173247337,0.010151666589081287,0.018395304679870605
frame_005278.png,frame_005279.png,0.024587959051132202,-0.010138802230358124,0.4284447729587555,0.05872514843940735,0.01242105383425951,0.020603395998477936
frame_005279.png,frame_005280.png,0.017501063644886017,-0.013779979199171066,0.4233096241950989,0.06269119679927826,0.014405143447220325,0.01958571746945381
frame_005280.png,frame_005281.png,0.011501803994178772,-0.019270962104201317,0.4228878915309906,0.05976388603448868,0.018365982919931412,0.014714823104441166
frame_005281.png,frame_005282.png,0.0029526427388191223,-0.02742437645792961,0.43206968903541565,0.04543210566043854,0.026177141815423965,0.0038088271394371986
frame_005282.png,frame_005283.png,-0.002979293465614319,-0.03603849932551384,0.44522425532341003,0.02849598228931427,0.034354012459516525,-0.0016123829409480095
frame_005283.png,frame_005284.png,-0.011899806559085846,-0.04491744562983513,0.46257105469703674,0.013503550551831722,0.041480086743831635,-0.008573579601943493
frame_005284.png,frame_005285.png,-0.013920985162258148,-0.04753771051764488,0.47297170758247375,0.0017281360924243927,0.04796232283115387,-0.0135445361956954
frame_005285.png,frame_005286.png,-0.004113323986530304,-0.044391050934791565,0.47159332036972046,-0.0063862549141049385,0.05187765508890152,-0.019239652901887894
frame_005286.png,frame_005287.png,0.005456872284412384,-0.04084118455648422,0.4666096866130829,-0.016139943152666092,0.05527326092123985,-0.021581605076789856
frame_005287.png,frame_005288.png,0.005141884088516235,-0.039240188896656036,0.4613666832447052,-0.02288724109530449,0.0558018684387207,-0.020303644239902496
frame_005288.png,frame_005289.png,0.0018825158476829529,-0.03432241827249527,0.4527452886104584,-0.028877433389425278,0.05382798612117767,-0.016937680542469025
frame_005289.png,frame_005290.png,0.0020670518279075623,-0.026233142241835594,0.4376715123653412,-0.032515741884708405,0.050020504742860794,-0.016050785779953003
frame_005290.png,frame_005291.png,0.005143448710441589,-0.017433278262615204,0.4210658073425293,-0.034111328423023224,0.04676172882318497,-0.013520612381398678
frame_005291.png,frame_005292.png,0.009895965456962585,-0.011758863925933838,0.4132256805896759,-0.032786037772893906,0.04504820704460144,-0.01051278319209814
frame_005292.png,frame_005293.png,0.012144327163696289,-0.01308184303343296,0.4186955392360687,-0.027450192719697952,0.04535070061683655,-0.006782404147088528
frame_005293.png,frame_005294.png,0.014681734144687653,-0.017062684521079063,0.42899978160858154,-0.02349228784441948,0.04702387750148773,2.0937062799930573e-05
frame_005294.png,frame_005295.png,0.02292044460773468,-0.018216978758573532,0.43276074528694153,-0.018641646951436996,0.04876841977238655,0.0037693018093705177
frame_005295.png,frame_005296.png,0.043088220059871674,-0.018335480242967606,0.42286738753318787,-0.016546986997127533,0.04893374443054199,0.00612280610948801
frame_005296.png,frame_005297.png,0.06911198049783707,-0.015772348269820213,0.41352036595344543,-0.013511269353330135,0.04710235819220543,0.0045852335169911385
frame_005297.png,frame_005298.png,0.0885363519191742,-0.014900937676429749,0.4003271758556366,-0.014066297560930252,0.044542230665683746,-0.0023654168471693993
frame_005298.png,frame_005299.png,0.1053500548005104,-0.013036249205470085,0.3839399516582489,-0.015861667692661285,0.04118892177939415,-0.010514757595956326
frame_005299.png,frame_005300.png,0.12211430817842484,-0.006384376436471939,0.3574658930301666,-0.016561182215809822,0.036022212356328964,-0.022073358297348022
frame_005300.png,frame_005301.png,0.13888514041900635,0.0020560435950756073,0.3309825658798218,-0.015313220210373402,0.030063476413488388,-0.0311683788895607
frame_005301.png,frame_005302.png,0.15372717380523682,0.009984243661165237,0.3106857240200043,-0.017390966415405273,0.023951321840286255,-0.03953593969345093
frame_005302.png,frame_005303.png,0.16337791085243225,0.016057167202234268,0.2977224588394165,-0.019904380664229393,0.018817029893398285,-0.04389450326561928
frame_005303.png,frame_005304.png,0.17167305946350098,0.020737312734127045,0.2887282073497772,-0.02257230132818222,0.015203594230115414,-0.04507054015994072
frame_005304.png,frame_005305.png,0.178805410861969,0.023314043879508972,0.2823784649372101,-0.02387150749564171,0.011949775740504265,-0.043442606925964355
frame_005305.png,frame_005306.png,0.1886482983827591,0.02653060108423233,0.2764640152454376,-0.02551965042948723,0.010019585490226746,-0.04233117029070854
frame_005306.png,frame_005307.png,0.19849596917629242,0.02710609883069992,0.27069392800331116,-0.024857815355062485,0.00996315199881792,-0.04035951942205429
frame_005307.png,frame_005308.png,0.20488685369491577,0.025798365473747253,0.2651435434818268,-0.021582625806331635,0.010229448787868023,-0.03992433473467827
frame_005308.png,frame_005309.png,0.21193626523017883,0.024332232773303986,0.26053354144096375,-0.017584824934601784,0.009485014714300632,-0.03917766362428665
frame_005309.png,frame_005310.png,0.21345379948616028,0.022386819124221802,0.2624985873699188,-0.01520532462745905,0.009787634946405888,-0.03796403855085373
frame_005310.png,frame_005311.png,0.2161441445350647,0.021556369960308075,0.2658558487892151,-0.012899319641292095,0.011317013762891293,-0.03689534217119217
frame_005311.png,frame_005312.png,0.21869856119155884,0.019616100937128067,0.2659662067890167,-0.01022828184068203,0.012397733516991138,-0.037501804530620575
frame_005312.png,frame_005313.png,0.2214929461479187,0.01915951445698738,0.2668493688106537,-0.006872034631669521,0.014152112416923046,-0.03622940555214882
frame_005313.png,frame_005314.png,0.22795870900154114,0.018787283450365067,0.26805901527404785,-0.0028254068456590176,0.01601303368806839,-0.03461471572518349
frame_005314.png,frame_005315.png,0.23035302758216858,0.019085679203271866,0.27303919196128845,-0.0006510540843009949,0.01562657207250595,-0.03712904453277588
frame_005315.png,frame_005316.png,0.2320897877216339,0.022321917116642,0.2777962386608124,-0.0006145830266177654,0.016270816326141357,-0.04423123970627785
frame_005316.png,frame_005317.png,0.23074433207511902,0.026476815342903137,0.2832516133785248,-0.0015709898434579372,0.016634151339530945,-0.05500417202711105
frame_005317.png,frame_005318.png,0.22900277376174927,0.029878802597522736,0.2890424430370331,-0.0017017507925629616,0.01734502613544464,-0.06379777193069458
frame_005318.png,frame_005319.png,0.2239469587802887,0.03284241259098053,0.29638299345970154,-0.002170152962207794,0.017085257917642593,-0.07391086965799332
frame_005319.png,frame_005320.png,0.2152262032032013,0.0350726917386055,0.30478915572166443,-0.004596788436174393,0.01681329682469368,-0.08275681734085083
frame_005320.png,frame_005321.png,0.20674239099025726,0.035875774919986725,0.3118889629840851,-0.007677663117647171,0.01657833531498909,-0.08816847205162048
frame_005321.png,frame_005322.png,0.20415419340133667,0.036113440990448,0.3170929253101349,-0.009265659376978874,0.01676325500011444,-0.09036695957183838
frame_005322.png,frame_005323.png,0.2046046257019043,0.035715460777282715,0.3204176127910614,-0.012021483853459358,0.01685057207942009,-0.09159688651561737
frame_005323.png,frame_005324.png,0.20809820294380188,0.035732701420784,0.3222631812095642,-0.01226018089801073,0.01744326949119568,-0.09171813726425171
frame_005324.png,frame_005325.png,0.2127370834350586,0.03595550358295441,0.3252047002315521,-0.012049884535372257,0.0174485482275486,-0.0882408618927002
frame_005325.png,frame_005326.png,0.21625038981437683,0.03437865525484085,0.3279486894607544,-0.008810344152152538,0.017148632556200027,-0.07928964495658875
frame_005326.png,frame_005327.png,0.22094035148620605,0.03429502248764038,0.33665329217910767,-0.006829898804426193,0.014407719485461712,-0.06912437826395035
frame_005327.png,frame_005328.png,0.2280941605567932,0.033859074115753174,0.34619560837745667,-0.010046136565506458,0.01233703549951315,-0.06378032267093658
frame_005328.png,frame_005329.png,0.23866388201713562,0.034740038216114044,0.3497723639011383,-0.010271424427628517,0.010880920104682446,-0.06075993925333023
frame_005329.png,frame_005330.png,0.24678292870521545,0.03655107319355011,0.3512381613254547,-0.00740404799580574,0.00983747560530901,-0.06092063710093498
frame_005330.png,frame_005331.png,0.2576535940170288,0.0396590456366539,0.35125061869621277,-0.0030270563438534737,0.008531494997441769,-0.058450452983379364
frame_005331.png,frame_005332.png,0.2650391161441803,0.04236921668052673,0.3492189943790436,0.000783069059252739,0.006502634845674038,-0.05265849828720093
frame_005332.png,frame_005333.png,0.27119433879852295,0.04363636672496796,0.3412729501724243,0.006570455618202686,0.003410433419048786,-0.045106999576091766
frame_005333.png,frame_005334.png,0.27435237169265747,0.04422004520893097,0.3328072726726532,0.010416518896818161,-0.0009055370464920998,-0.03693418577313423
frame_005334.png,frame_005335.png,0.27805063128471375,0.04551072418689728,0.32233691215515137,0.015420314855873585,-0.004783765412867069,-0.02814674749970436
frame_005335.png,frame_005336.png,0.27793335914611816,0.045722588896751404,0.31658321619033813,0.01982298493385315,-0.006638766266405582,-0.02019239217042923
frame_005336.png,frame_005337.png,0.2761097252368927,0.04635218530893326,0.31186357140541077,0.02350299060344696,-0.00865695159882307,-0.0121714873239398
frame_005337.png,frame_005338.png,0.27470365166664124,0.04716254025697708,0.30629217624664307,0.028339795768260956,-0.01010760385543108,-0.005153394304215908
frame_005338.png,frame_005339.png,0.2732238173484802,0.046480126678943634,0.29652151465415955,0.030525874346494675,-0.012493141926825047,0.0016072066500782967
frame_005339.png,frame_005340.png,0.273323118686676,0.04701055586338043,0.2833267152309418,0.03142261505126953,-0.015045550651848316,0.012242783792316914
frame_005340.png,frame_005341.png,0.2806982398033142,0.04647601395845413,0.26026347279548645,0.030881930142641068,-0.0141690568998456,0.027822643518447876
frame_005341.png,frame_005342.png,0.2893989384174347,0.04812595248222351,0.23907890915870667,0.02848738804459572,-0.011899472214281559,0.04107722267508507
frame_005342.png,frame_005343.png,0.29208511114120483,0.0489649623632431,0.22852498292922974,0.02385219931602478,-0.008594580926001072,0.05459994077682495
frame_005343.png,frame_005344.png,0.2898530960083008,0.04989408701658249,0.22276675701141357,0.018243253231048584,-0.004189659841358662,0.06552565097808838
frame_005344.png,frame_005345.png,0.2850186824798584,0.051842041313648224,0.2226271629333496,0.013320610858500004,0.00015038158744573593,0.07445424795150757
frame_005345.png,frame_005346.png,0.283622682094574,0.05441819876432419,0.22299690544605255,0.007652808912098408,0.006384721957147121,0.08170627057552338
frame_005346.png,frame_005347.png,0.27882903814315796,0.056885890662670135,0.22669723629951477,0.003622354008257389,0.012736356817185879,0.08863900601863861
frame_005347.png,frame_005348.png,0.2739202678203583,0.057229481637477875,0.23004257678985596,-7.920246571302414e-05,0.017036616802215576,0.0915236547589302
frame_005348.png,frame_005349.png,0.27206483483314514,0.058439016342163086,0.23299959301948547,-0.002370997332036495,0.0214323028922081,0.09405192732810974
frame_005349.png,frame_005350.png,0.27047106623649597,0.05926399677991867,0.23418772220611572,-0.004021662287414074,0.0245136097073555,0.09520787745714188
frame_005350.png,frame_005351.png,0.269118070602417,0.062393493950366974,0.2199781835079193,-0.006340368650853634,0.02772803232073784,0.09896592795848846
frame_005351.png,frame_005352.png,0.27355867624282837,0.06633494049310684,0.18834856152534485,-0.010555910877883434,0.032022859901189804,0.10589215904474258
frame_005352.png,frame_005353.png,0.28309324383735657,0.06911367177963257,0.1594896912574768,-0.012924372218549252,0.036198582500219345,0.10920175909996033
frame_005353.png,frame_005354.png,0.29297617077827454,0.06969472020864487,0.13888031244277954,-0.01385191734880209,0.03935248404741287,0.10973215103149414
frame_005354.png,frame_005355.png,0.3003044128417969,0.06899664551019669,0.12590354681015015,-0.013896862976253033,0.03947118669748306,0.11066333949565887
frame_005355.png,frame_005356.png,0.3076457381248474,0.07254312932491302,0.1168832778930664,-0.008193052373826504,0.03684365749359131,0.11677055060863495
frame_005356.png,frame_005357.png,0.308981716632843,0.07384393364191055,0.11517675220966339,-0.00763301458209753,0.03297802805900574,0.11449729651212692
frame_005357.png,frame_005358.png,0.3096997141838074,0.07548519223928452,0.11437466740608215,-0.006971544586122036,0.029988810420036316,0.11844111979007721
frame_005358.png,frame_005359.png,0.3099372982978821,0.07869766652584076,0.11658626794815063,-0.004171273671090603,0.026154130697250366,0.12004341185092926
frame_005359.png,frame_005360.png,0.3106202781200409,0.08178818225860596,0.11680756509304047,-0.0004977425560355186,0.02410309389233589,0.11983904242515564
frame_005360.png,frame_005361.png,0.3092060387134552,0.08325497061014175,0.1149127334356308,0.0036655375733971596,0.023940309882164,0.11920508742332458
frame_005361.png,frame_005362.png,0.30630776286125183,0.08336987346410751,0.11130939424037933,0.004829687066376209,0.02235298603773117,0.11462400108575821
frame_005362.png,frame_005363.png,0.30253341794013977,0.08397138863801956,0.10760357975959778,0.005475384183228016,0.01942552626132965,0.11016358435153961
frame_005363.png,frame_005364.png,0.3017747402191162,0.08404579013586044,0.10291698575019836,0.008414284326136112,0.018010329455137253,0.10435426980257034
frame_005364.png,frame_005365.png,0.3048507571220398,0.08374112099409103,0.09856785833835602,0.013921511359512806,0.016700882464647293,0.09990677982568741
frame_005365.png,frame_005366.png,0.3068969249725342,0.08254025876522064,0.09695751965045929,0.018589381128549576,0.014736185781657696,0.09638717025518417
frame_005366.png,frame_005367.png,0.3121373653411865,0.08129487931728363,0.09334971010684967,0.022107291966676712,0.012712712399661541,0.08911805599927902
frame_005367.png,frame_005368.png,0.3127051889896393,0.08065707236528397,0.09429226815700531,0.024806998670101166,0.009910895489156246,0.08168019354343414
frame_005368.png,frame_005369.png,0.315029501914978,0.07778216898441315,0.09818817675113678,0.02643962949514389,0.0063688261434435844,0.07788897305727005
frame_005369.png,frame_005370.png,0.3115571439266205,0.0761936604976654,0.10554791986942291,0.023849762976169586,0.0006177788600325584,0.06973797082901001
frame_005370.png,frame_005371.png,0.30473852157592773,0.0768069252371788,0.12305159866809845,0.022426143288612366,-0.00429453793913126,0.06582145392894745
frame_005371.png,frame_005372.png,0.2995455265045166,0.07720845937728882,0.1332390159368515,0.023378726094961166,-0.00817356538027525,0.0631709098815918
frame_005372.png,frame_005373.png,0.29795733094215393,0.07588837295770645,0.14225205779075623,0.022967543452978134,-0.010160590521991253,0.06543494015932083
frame_005373.png,frame_005374.png,0.2967701554298401,0.07453475147485733,0.14571711421012878,0.026104427874088287,-0.011449209414422512,0.06870497763156891
frame_005374.png,frame_005375.png,0.29268401861190796,0.07350800186395645,0.14432936906814575,0.024820774793624878,-0.01381304208189249,0.07465681433677673
frame_005375.png,frame_005376.png,0.28809717297554016,0.07342351227998734,0.14660108089447021,0.021463405340909958,-0.015028581954538822,0.07732024043798447
frame_005376.png,frame_005377.png,0.2888573706150055,0.07601825147867203,0.15086326003074646,0.023070815950632095,-0.014802505262196064,0.08146781474351883
frame_005377.png,frame_005378.png,0.2890617549419403,0.0758470743894577,0.15270274877548218,0.02370486781001091,-0.014068800024688244,0.08217567950487137
frame_005378.png,frame_005379.png,0.28854724764823914,0.0749981477856636,0.15517401695251465,0.024354878813028336,-0.012974736280739307,0.08235329389572144
frame_005379.png,frame_005380.png,0.29156360030174255,0.07361753284931183,0.15902240574359894,0.025797411799430847,-0.010779581032693386,0.0839134156703949
frame_005380.png,frame_005381.png,0.2960679829120636,0.0725141316652298,0.1623990386724472,0.02826083078980446,-0.006971823982894421,0.0788305401802063
frame_005381.png,frame_005382.png,0.2985580265522003,0.06914485991001129,0.16520224511623383,0.027831919491291046,-0.003019244410097599,0.07141147553920746
frame_005382.png,frame_005383.png,0.3023340404033661,0.06552400439977646,0.16883248090744019,0.025376249104738235,0.0006089871749281883,0.06077510118484497
frame_005383.png,frame_005384.png,0.30307111144065857,0.06109540909528732,0.17196395993232727,0.02221575379371643,0.004084126092493534,0.05255546048283577
frame_005384.png,frame_005385.png,0.30372515320777893,0.0560302734375,0.18402352929115295,0.023196596652269363,0.007377973757684231,0.04890531301498413
frame_005385.png,frame_005386.png,0.3029633164405823,0.049398794770240784,0.1877042055130005,0.022439129650592804,0.010621855966746807,0.047657426446676254
frame_005386.png,frame_005387.png,0.2981712520122528,0.043497949838638306,0.19419686496257782,0.025281481444835663,0.0109829967841506,0.04786539822816849
frame_005387.png,frame_005388.png,0.30004122853279114,0.0403607040643692,0.1938408762216568,0.022934559732675552,0.013369324617087841,0.04521613568067551
frame_005388.png,frame_005389.png,0.30270087718963623,0.03793812543153763,0.1911231130361557,0.020777765661478043,0.01489806454628706,0.04245704784989357
frame_005389.png,frame_005390.png,0.3042095899581909,0.035651907324790955,0.18568475544452667,0.02678961306810379,0.014632808975875378,0.03857376426458359
frame_005390.png,frame_005391.png,0.30112525820732117,0.03501623123884201,0.1807393878698349,0.03325032815337181,0.010697579942643642,0.035484619438648224
frame_005391.png,frame_005392.png,0.29492291808128357,0.038498975336551666,0.18928763270378113,0.02993926778435707,0.009710351936519146,0.02601122111082077
frame_005392.png,frame_005393.png,0.2915249168872833,0.0379626527428627,0.19351425766944885,0.028110351413488388,0.010337485931813717,0.026986628770828247
frame_005393.png,frame_005394.png,0.2848951816558838,0.03774690628051758,0.1987449824810028,0.022722162306308746,0.012830394320189953,0.02747494727373123
frame_005394.png,frame_005395.png,0.28350400924682617,0.036103568971157074,0.19816139340400696,0.018470529466867447,0.016666028648614883,0.027550458908081055
frame_005395.png,frame_005396.png,0.28147944808006287,0.03542725741863251,0.19604167342185974,0.011768766678869724,0.018956944346427917,0.02330746129155159
frame_005396.png,frame_005397.png,0.2781253457069397,0.034266985952854156,0.18842841684818268,0.0076918890699744225,0.018805447965860367,0.019305188208818436
frame_005397.png,frame_005398.png,0.26650628447532654,0.03573668748140335,0.18710704147815704,-0.00026957783848047256,0.017794787883758545,0.0056830840185284615
frame_005398.png,frame_005399.png,0.2559974193572998,0.040278494358062744,0.18905304372310638,0.001774645410478115,0.019873008131980896,-0.006251412443816662
frame_005399.png,frame_005400.png,0.22999617457389832,0.04120960086584091,0.2070280909538269,-0.0011782897636294365,0.01926909200847149,-0.008325810544192791
frame_005400.png,frame_005401.png,0.19210724532604218,0.034298405051231384,0.22482338547706604,-0.008016158826649189,0.021628238260746002,-0.007664470933377743
frame_005401.png,frame_005402.png,0.1622646301984787,0.028149202466011047,0.2425154149532318,-0.012980216182768345,0.021923810243606567,-0.00900453981012106
frame_005402.png,frame_005403.png,0.14804565906524658,0.03134129196405411,0.2518441379070282,-0.01641971804201603,0.02547641471028328,-0.014021690003573895
frame_005403.png,frame_005404.png,0.13708212971687317,0.03033846616744995,0.253955215215683,-0.01908225193619728,0.028525229543447495,-0.011921740137040615
frame_005404.png,frame_005405.png,0.1260373592376709,0.024756141006946564,0.2567158043384552,-0.020085450261831284,0.028081774711608887,-0.012526246719062328
frame_005405.png,frame_005406.png,0.12289215624332428,0.02543438971042633,0.2520572245121002,-0.011468663811683655,0.029471267014741898,-0.0200185589492321
frame_005406.png,frame_005407.png,0.11837735772132874,0.02624688297510147,0.25996217131614685,-0.0063675157725811005,0.03176460042595863,-0.01811247691512108
frame_005407.png,frame_005408.png,0.11475616693496704,0.024088211357593536,0.26333656907081604,-0.004890290088951588,0.03144378587603569,-0.018933739513158798
frame_005408.png,frame_005409.png,0.12981465458869934,0.03267025947570801,0.255149245262146,-0.003607163205742836,0.03418755158782005,-0.028918977826833725
frame_005409.png,frame_005410.png,0.12758831679821014,0.03413321077823639,0.25328999757766724,-0.004117300733923912,0.03267393633723259,-0.031908031553030014
frame_005410.png,frame_005411.png,0.12839242815971375,0.03509268909692764,0.25723588466644287,-0.0064659081399440765,0.034221041947603226,-0.03360345587134361
frame_005411.png,frame_005412.png,0.12673623859882355,0.03426022827625275,0.26958781480789185,-0.0049235038459300995,0.035978663712739944,-0.037862807512283325
frame_005412.png,frame_005413.png,0.12537409365177155,0.032654352486133575,0.29230988025665283,-0.005818303674459457,0.03852419555187225,-0.04714937508106232
frame_005413.png,frame_005414.png,0.12239745259284973,0.0304681658744812,0.3181898295879364,-0.006149980239570141,0.038962967693805695,-0.05534473434090614
frame_005414.png,frame_005415.png,0.12499447166919708,0.033956706523895264,0.33801135420799255,-0.006696064956486225,0.039173733443021774,-0.058968398720026016
frame_005415.png,frame_005416.png,0.12967509031295776,0.03534792363643646,0.34535205364227295,-0.005746704526245594,0.03853850066661835,-0.05944721773266792
frame_005416.png,frame_005417.png,0.1347924917936325,0.03345540910959244,0.3472282588481903,-0.001433568075299263,0.0393807627260685,-0.059480637311935425
frame_005417.png,frame_005418.png,0.13986223936080933,0.03428080677986145,0.35110703110694885,-0.0024730460718274117,0.041308581829071045,-0.05687961354851723
frame_005418.png,frame_005419.png,0.14200133085250854,0.030877485871315002,0.34344378113746643,-0.007925283163785934,0.043440453708171844,-0.05091189965605736
frame_005419.png,frame_005420.png,0.14427854120731354,0.02640043944120407,0.34035471081733704,-0.010688171721994877,0.04202960804104805,-0.04816284775733948
frame_005420.png,frame_005421.png,0.13752180337905884,0.019534800201654434,0.3444689214229584,-0.013946200720965862,0.036168139427900314,-0.03307908773422241
frame_005421.png,frame_005422.png,0.14172948896884918,0.014307819306850433,0.34302619099617004,-0.010815136134624481,0.03383082151412964,-0.026970025151968002
frame_005422.png,frame_005423.png,0.14176791906356812,0.0106300488114357,0.3424532115459442,-0.01104493997991085,0.031123388558626175,-0.02689976990222931
frame_005423.png,frame_005424.png,0.1438709944486618,0.011752985417842865,0.34388449788093567,-0.011716860346496105,0.029333557933568954,-0.030055448412895203
frame_005424.png,frame_005425.png,0.14493989944458008,0.010850172489881516,0.34519514441490173,-0.009388296864926815,0.02654091641306877,-0.032708682119846344
frame_005425.png,frame_005426.png,0.14627069234848022,0.009518429636955261,0.3444361388683319,-0.008543017320334911,0.02501218393445015,-0.03611002117395401
frame_005426.png,frame_005427.png,0.1505231261253357,0.010102342814207077,0.3453557789325714,-0.007254169322550297,0.0255819633603096,-0.03997255861759186
frame_005427.png,frame_005428.png,0.15319162607192993,0.009296059608459473,0.34738388657569885,-0.006417006254196167,0.02553693577647209,-0.04105351120233536
frame_005428.png,frame_005429.png,0.15581083297729492,0.010224949568510056,0.3508938252925873,-0.0024418700486421585,0.024878110736608505,-0.03848060593008995
frame_005429.png,frame_005430.png,0.15839332342147827,0.012191351503133774,0.35498034954071045,0.001794286072254181,0.023614760488271713,-0.03643421456217766
frame_005430.png,frame_005431.png,0.161625474691391,0.014221776276826859,0.36034008860588074,0.0024925144389271736,0.022001702338457108,-0.02933122217655182
frame_005431.png,frame_005432.png,0.16640132665634155,0.016777757555246353,0.35964763164520264,0.005001411773264408,0.020599571987986565,-0.01977221667766571
frame_005432.png,frame_005433.png,0.17931947112083435,0.01388990506529808,0.34444335103034973,0.01985754817724228,0.016685474663972855,0.0009355703368782997
frame_005433.png,frame_005434.png,0.18744882941246033,0.015655778348445892,0.331134170293808,0.0362100750207901,0.017643574625253677,0.005627241916954517
frame_005434.png,frame_005435.png,0.18278419971466064,0.018182631582021713,0.32385316491127014,0.04309112951159477,0.017761509865522385,0.004459601826965809
frame_005435.png,frame_005436.png,0.17981085181236267,0.013288263231515884,0.3149881660938263,0.056956030428409576,0.019831977784633636,0.01476967427879572
frame_005436.png,frame_005437.png,0.18814536929130554,0.01210172101855278,0.3067483603954315,0.0715349018573761,0.021956544369459152,0.015842344611883163
frame_005437.png,frame_005438.png,0.19411632418632507,0.01201535016298294,0.30099621415138245,0.08059293031692505,0.02335376664996147,0.017706476151943207
frame_005438.png,frame_005439.png,0.18460652232170105,0.00521782785654068,0.30546262860298157,0.0826229676604271,0.01722654700279236,0.022802945226430893
frame_005439.png,frame_005440.png,0.17522278428077698,-0.003277953714132309,0.3181476891040802,0.0817422941327095,0.013745120726525784,0.02818995714187622
frame_005440.png,frame_005441.png,0.16489404439926147,-0.01161867007613182,0.33754655718803406,0.0731547400355339,0.01321371179074049,0.028603173792362213
frame_005441.png,frame_005442.png,0.16541504859924316,-0.01374412328004837,0.3455199897289276,0.06939782947301865,0.012523752637207508,0.022125352174043655
frame_005442.png,frame_005443.png,0.1727467179298401,-0.01392691396176815,0.345146507024765,0.06589639186859131,0.010872316546738148,0.015006867237389088
frame_005443.png,frame_005444.png,0.17805951833724976,-0.012572875246405602,0.3407004773616791,0.05835874378681183,0.010277281515300274,0.0032878080382943153
frame_005444.png,frame_005445.png,0.18081068992614746,-0.012669382616877556,0.3308560848236084,0.05415837839245796,0.008328634314239025,-0.0009201085194945335
frame_005445.png,frame_005446.png,0.18824800848960876,-0.01036856323480606,0.3218771517276764,0.047524433583021164,0.008365011774003506,-0.009245048277080059
frame_005446.png,frame_005447.png,0.19837728142738342,-0.008976444602012634,0.3063759505748749,0.049592673778533936,0.006452540867030621,-0.011937952600419521
frame_005447.png,frame_005448.png,0.20975056290626526,-0.0051506683230400085,0.29087555408477783,0.050913289189338684,0.0050665149465203285,-0.014302670024335384
frame_005448.png,frame_005449.png,0.22185412049293518,-0.0002891421318054199,0.27578306198120117,0.05178382247686386,0.0042192088440060616,-0.014451517723500729
frame_005449.png,frame_005450.png,0.23177921772003174,0.004787243902683258,0.26284632086753845,0.05386470630764961,0.0030544614419341087,-0.015950877219438553
frame_005450.png,frame_005451.png,0.2420901358127594,0.008292332291603088,0.2526862323284149,0.05464285984635353,0.0020880503579974174,-0.013948912732303143
frame_005451.png,frame_005452.png,0.24822181463241577,0.008592091500759125,0.24615341424942017,0.05237899720668793,0.0032293153926730156,-0.013598228804767132
frame_005452.png,frame_005453.png,0.252543181180954,0.009310685098171234,0.24506723880767822,0.04880981147289276,0.004340860061347485,-0.014253186993300915
frame_005453.png,frame_005454.png,0.25313425064086914,0.009618598967790604,0.24765321612358093,0.04470422863960266,0.005215439014136791,-0.015253930352628231
frame_005454.png,frame_005455.png,0.2522481679916382,0.007784567773342133,0.2485983967781067,0.04198458045721054,0.005800276063382626,-0.015051557682454586
frame_005455.png,frame_005456.png,0.251380980014801,0.005979806184768677,0.24874883890151978,0.04052088409662247,0.006846367381513119,-0.01583651453256607
frame_005456.png,frame_005457.png,0.24878361821174622,0.004353471100330353,0.2522556781768799,0.03876081109046936,0.007605734281241894,-0.017161212861537933
frame_005457.png,frame_005458.png,0.2465275526046753,0.003499086946249008,0.25636041164398193,0.03692106530070305,0.00838503148406744,-0.018298406153917313
frame_005458.png,frame_005459.png,0.2444399893283844,0.003312535583972931,0.2600306570529938,0.03422129154205322,0.009141921065747738,-0.021141916513442993
frame_005459.png,frame_005460.png,0.24933207035064697,0.004752974957227707,0.2578946352005005,0.03462575376033783,0.009724724106490612,-0.023104917258024216
frame_005460.png,frame_005461.png,0.2568248212337494,0.007691703736782074,0.2558063566684723,0.032952431589365005,0.010062417946755886,-0.025470156222581863
frame_005461.png,frame_005462.png,0.26395148038864136,0.010312817990779877,0.2551414668560028,0.028912760317325592,0.010205346159636974,-0.02895817533135414
frame_005462.png,frame_005463.png,0.2705143094062805,0.010993625968694687,0.2526966333389282,0.025710202753543854,0.009923282079398632,-0.031117551028728485
frame_005463.png,frame_005464.png,0.27292606234550476,0.01324431598186493,0.2561192810535431,0.01863272488117218,0.010563618503510952,-0.0364881232380867
frame_005464.png,frame_005465.png,0.27798333764076233,0.01538962870836258,0.25673338770866394,0.016668099910020828,0.010822451673448086,-0.0419626459479332
frame_005465.png,frame_005466.png,0.27588459849357605,0.017634253948926926,0.2660548985004425,0.010768351145088673,0.010753883980214596,-0.04983744025230408
frame_005466.png,frame_005467.png,0.2733176350593567,0.020243272185325623,0.2718120217323303,0.006900331936776638,0.009653723798692226,-0.051565706729888916
frame_005467.png,frame_005468.png,0.2770706117153168,0.020944543182849884,0.2755487263202667,0.007920500822365284,0.006859212182462215,-0.0442153625190258
frame_005468.png,frame_005469.png,0.276648610830307,0.024992957711219788,0.28405624628067017,0.008538556285202503,0.004733881913125515,-0.034822627902030945
frame_005469.png,frame_005470.png,0.2747385799884796,0.028437867760658264,0.29341408610343933,0.011351830326020718,0.003188180737197399,-0.024124085903167725
frame_005470.png,frame_005471.png,0.27018100023269653,0.03320711851119995,0.29928988218307495,0.017035089433193207,0.0005232701078057289,-0.007209296338260174
frame_005471.png,frame_005472.png,0.27009057998657227,0.04054123908281326,0.30323562026023865,0.01766832172870636,0.0003927862271666527,0.00874210987240076
frame_005472.png,frame_005473.png,0.26661384105682373,0.046247705817222595,0.30020788311958313,0.013497673906385899,-0.00302212405949831,0.01671973615884781
frame_005473.png,frame_005474.png,0.2581993043422699,0.049096859991550446,0.2866668403148651,0.008631293661892414,-0.007742983289062977,0.018017642199993134
frame_005474.png,frame_005475.png,0.2573526203632355,0.05973687022924423,0.2640746533870697,0.012058458290994167,-0.007427130825817585,0.02200084924697876
frame_005475.png,frame_005476.png,0.26364725828170776,0.0699344128370285,0.24283623695373535,0.011337361298501492,-0.003136289305984974,0.03806595504283905
frame_005476.png,frame_005477.png,0.26615986227989197,0.08390910178422928,0.20126166939735413,0.010252214036881924,0.00553541537374258,0.05905568599700928
frame_005477.png,frame_005478.png,0.27047160267829895,0.09167125076055527,0.15275810658931732,0.005401608534157276,0.012767448090016842,0.07080578058958054
frame_005478.png,frame_005479.png,0.28780120611190796,0.09656406193971634,0.11685396730899811,-0.0024431468918919563,0.018461041152477264,0.07307948917150497
frame_005479.png,frame_005480.png,0.3021043539047241,0.09569542855024338,0.09620456397533417,-0.004524244926869869,0.025244325399398804,0.07849715650081635
frame_005480.png,frame_005481.png,0.3296204209327698,0.09995385259389877,0.07854510843753815,-0.007785937748849392,0.03038977086544037,0.08530096709728241
frame_005481.png,frame_005482.png,0.3475757837295532,0.10082907229661942,0.06949074566364288,-0.011743991635739803,0.03533285856246948,0.08644910156726837
frame_005482.png,frame_005483.png,0.3492618799209595,0.10056813806295395,0.06647227704524994,-0.007191794924438,0.037924401462078094,0.09154622256755829
frame_005483.png,frame_005484.png,0.3476290702819824,0.09973058849573135,0.05815054103732109,-0.00395104568451643,0.03845924884080887,0.09331285953521729
frame_005484.png,frame_005485.png,0.34527119994163513,0.0976855531334877,0.050041649490594864,-0.003146960400044918,0.039051517844200134,0.09287851303815842
frame_005485.png,frame_005486.png,0.34775057435035706,0.09361133724451065,0.047548312693834305,-0.0035931793972849846,0.039832960814237595,0.09343981742858887
frame_005486.png,frame_005487.png,0.3498915433883667,0.09080620855093002,0.04690195992588997,0.0003172168508172035,0.03777603805065155,0.09390019625425339
frame_005487.png,frame_005488.png,0.35777848958969116,0.08975134044885635,0.04543019458651543,0.005916939117014408,0.036511704325675964,0.09747184813022614
frame_005488.png,frame_005489.png,0.3659130930900574,0.0932755246758461,0.04569082334637642,0.012545310892164707,0.0353274941444397,0.10045672953128815
frame_005489.png,frame_005490.png,0.36584556102752686,0.09705033153295517,0.04560929909348488,0.013530728407204151,0.03504471853375435,0.10038334131240845
frame_005490.png,frame_005491.png,0.3697180449962616,0.09933822602033615,0.03947437182068825,0.011972089298069477,0.03825479373335838,0.10051969438791275
frame_005491.png,frame_005492.png,0.37230825424194336,0.10267757624387741,0.031286608427762985,0.00665645394474268,0.04310566931962967,0.10025374591350555
frame_005492.png,frame_005493.png,0.3765888512134552,0.10280729085206985,0.029768165200948715,0.0019819820299744606,0.048400599509477615,0.09360814094543457
frame_005493.png,frame_005494.png,0.374227911233902,0.10049175471067429,0.03533271327614784,-0.004106531850993633,0.05160786584019661,0.09350660443305969
frame_005494.png,frame_005495.png,0.3642280101776123,0.09496157616376877,0.061131324619054794,-0.008326745592057705,0.052769217640161514,0.09621846675872803
frame_005495.png,frame_005496.png,0.34030312299728394,0.08286059647798538,0.10373033583164215,-0.011947630904614925,0.05437012016773224,0.09551053494215012
frame_005496.png,frame_005497.png,0.3152807652950287,0.07280628383159637,0.13995835185050964,-0.009546536020934582,0.049609921872615814,0.08253354579210281
frame_005497.png,frame_005498.png,0.2911039888858795,0.06151901185512543,0.17682765424251556,-0.006435205228626728,0.04304952174425125,0.07461199164390564
frame_005498.png,frame_005499.png,0.26894524693489075,0.05520022660493851,0.213567852973938,-0.00402179267257452,0.031829483807086945,0.06548275798559189
frame_005499.png,frame_005500.png,0.2509739100933075,0.052484795451164246,0.24604713916778564,-0.0027330806478857994,0.019518133252859116,0.056992433965206146
frame_005500.png,frame_005501.png,0.24348297715187073,0.053908102214336395,0.2773977220058441,-0.00711457896977663,0.014529685489833355,0.056411951780319214
frame_005501.png,frame_005502.png,0.2475256323814392,0.05439182370901108,0.2907586395740509,-0.010929522104561329,0.013644852675497532,0.048469699919223785
frame_005502.png,frame_005503.png,0.2548064887523651,0.0544060617685318,0.288818895816803,-0.006698879413306713,0.013078098185360432,0.0390973798930645
frame_005503.png,frame_005504.png,0.26352086663246155,0.05547598749399185,0.27159544825553894,-0.0031647393479943275,0.006762153469026089,0.02499615028500557
frame_005504.png,frame_005505.png,0.2744012773036957,0.05726052075624466,0.25958558917045593,-0.0020262543112039566,-0.0006775418296456337,0.012217757292091846
frame_005505.png,frame_005506.png,0.2775345742702484,0.06569894403219223,0.2621597349643707,0.006936355493962765,-7.015559822320938e-05,0.005779311992228031
frame_005506.png,frame_005507.png,0.2774818241596222,0.0673651397228241,0.25773006677627563,0.018402840942144394,0.00029437150806188583,0.006455087102949619
frame_005507.png,frame_005508.png,0.25549349188804626,0.05826184153556824,0.25829222798347473,0.012467977590858936,-0.00223697442561388,0.019078973680734634
frame_005508.png,frame_005509.png,0.24069344997406006,0.05428168177604675,0.2700440585613251,0.010469486005604267,-0.0011235559359192848,0.02412816509604454
frame_005509.png,frame_005510.png,0.22602269053459167,0.0587565153837204,0.2721124589443207,0.014050380326807499,0.008541497401893139,0.013479289598762989
frame_005510.png,frame_005511.png,0.21027827262878418,0.06514456123113632,0.28643563389778137,0.00856729131191969,0.015518373809754848,0.008405507542192936
frame_005511.png,frame_005512.png,0.1812918484210968,0.05934687703847885,0.32024675607681274,-0.011813652701675892,0.01686904951930046,-0.012364394031465054
frame_005512.png,frame_005513.png,0.15624645352363586,0.056492261588573456,0.34586966037750244,-0.022507566958665848,0.016715411096811295,-0.01839209720492363
frame_005513.png,frame_005514.png,0.13641847670078278,0.05615530163049698,0.3645794093608856,-0.038806360214948654,0.014232602901756763,-0.027187690138816833
frame_005514.png,frame_005515.png,0.13174206018447876,0.05928637832403183,0.3727235198020935,-0.04455231502652168,0.016145527362823486,-0.029453586786985397
frame_005515.png,frame_005516.png,0.13571178913116455,0.06371600180864334,0.37221646308898926,-0.04108152911067009,0.018098559230566025,-0.03580568730831146
frame_005516.png,frame_005517.png,0.13561251759529114,0.06602588295936584,0.36894306540489197,-0.037384647876024246,0.018685899674892426,-0.045462071895599365
frame_005517.png,frame_005518.png,0.13352340459823608,0.06711342185735703,0.3607310354709625,-0.035251684486866,0.017577312886714935,-0.04947690665721893
frame_005518.png,frame_005519.png,0.13179269433021545,0.06736616790294647,0.35337236523628235,-0.03265025094151497,0.020234832540154457,-0.04422290623188019
frame_005519.png,frame_005520.png,0.128692626953125,0.06843399256467819,0.3423863351345062,-0.02404029667377472,0.023567110300064087,-0.038344889879226685
frame_005520.png,frame_005521.png,0.12741070985794067,0.07038869708776474,0.33788278698921204,-0.020482409745454788,0.02816220000386238,-0.037191227078437805
frame_005521.png,frame_005522.png,0.12038514018058777,0.07072990387678146,0.3435688316822052,-0.026095394045114517,0.03237379342317581,-0.044037722051143646
frame_005522.png,frame_005523.png,0.11627162992954254,0.06828401982784271,0.34763652086257935,-0.028331611305475235,0.03849024325609207,-0.0419996902346611
frame_005523.png,frame_005524.png,0.10608019679784775,0.06231892853975296,0.35123851895332336,-0.03902927041053772,0.03969425708055496,-0.03313358128070831
frame_005524.png,frame_005525.png,0.08384394645690918,0.058587901294231415,0.35929492115974426,-0.049671269953250885,0.04096399247646332,-0.036431096494197845
frame_005525.png,frame_005526.png,0.06249937042593956,0.04629135876893997,0.37137559056282043,-0.04799655079841614,0.03844611346721649,-0.033607449382543564
frame_005526.png,frame_005527.png,0.046562664210796356,0.041858501732349396,0.3903147876262665,-0.051587313413619995,0.04001327231526375,-0.03572767600417137
frame_005527.png,frame_005528.png,0.05409719794988632,0.04073110222816467,0.38874682784080505,-0.04524105787277222,0.03937719762325287,-0.03468739986419678
frame_005528.png,frame_005529.png,0.05124890059232712,0.036660462617874146,0.3862752914428711,-0.035772208124399185,0.038467977195978165,-0.03675854951143265
frame_005529.png,frame_005530.png,0.07723590731620789,0.024516716599464417,0.3693319261074066,-0.01210282277315855,0.03630615398287773,-0.02387995272874832
frame_005530.png,frame_005531.png,0.1136375218629837,0.022029198706150055,0.3536595106124878,0.010499262250959873,0.03383424133062363,-0.03298184648156166
frame_005531.png,frame_005532.png,0.14291684329509735,0.010082151740789413,0.3247140944004059,0.027199015021324158,0.02628164365887642,-0.035625360906124115
frame_005532.png,frame_005533.png,0.16201993823051453,0.003451351076364517,0.2909020781517029,0.04414871335029602,0.019137077033519745,-0.046137768775224686
frame_005533.png,frame_005534.png,0.17598265409469604,0.007664874196052551,0.2708810269832611,0.0566706657409668,0.01253664679825306,-0.05979389697313309
frame_005534.png,frame_005535.png,0.1877356767654419,0.01596592739224434,0.26105061173439026,0.05671711266040802,0.009304122067987919,-0.06418764591217041
frame_005535.png,frame_005536.png,0.18466101586818695,0.02351304143667221,0.2592920958995819,0.04984380677342415,0.003972024656832218,-0.06353969871997833
frame_005536.png,frame_005537.png,0.1858711540699005,0.033056244254112244,0.2643158733844757,0.03935623914003372,0.00331218633800745,-0.06016433238983154
frame_005537.png,frame_005538.png,0.19521713256835938,0.036320336163043976,0.26176804304122925,0.02767857164144516,0.001033383421599865,-0.04919051006436348
frame_005538.png,frame_005539.png,0.22491422295570374,0.041334524750709534,0.25544750690460205,0.026231732219457626,0.0011930251494050026,-0.03339533135294914
frame_005539.png,frame_005540.png,0.23936617374420166,0.04073724150657654,0.26737308502197266,0.023221537470817566,-0.0006352225318551064,-0.011295470409095287
frame_005540.png,frame_005541.png,0.24442577362060547,0.03821059316396713,0.27919748425483704,0.018678124994039536,-0.001893351785838604,0.0019766269251704216
frame_005541.png,frame_005542.png,0.25525981187820435,0.031596168875694275,0.2941814661026001,0.015702366828918457,0.0002675401046872139,0.01953037455677986
frame_005542.png,frame_005543.png,0.2670919895172119,0.0336766391992569,0.3104662001132965,0.012328802607953548,0.0071554286405444145,0.04051141068339348
frame_005543.png,frame_005544.png,0.25682497024536133,0.03905726969242096,0.3257949948310852,-0.00043555861338973045,0.011805958114564419,0.0503036230802536
frame_005544.png,frame_005545.png,0.24399134516716003,0.037860505282878876,0.3356216847896576,-0.0026819021441042423,0.016227733343839645,0.05264716222882271
frame_005545.png,frame_005546.png,0.2392706274986267,0.03683791309595108,0.3320474326610565,-0.0009455904364585876,0.019974730908870697,0.055769726634025574
frame_005546.png,frame_005547.png,0.23563212156295776,0.0344303622841835,0.3344086706638336,0.0006301784887909889,0.021165259182453156,0.05702270567417145
frame_005547.png,frame_005548.png,0.2299966812133789,0.033726632595062256,0.3365016281604767,0.003964831121265888,0.021600086241960526,0.056215375661849976
frame_005548.png,frame_005549.png,0.22650131583213806,0.03235898166894913,0.344411700963974,0.00908748060464859,0.022208373993635178,0.056258589029312134
frame_005549.png,frame_005550.png,0.22337624430656433,0.03322833031415939,0.34332677721977234,0.020872455090284348,0.020338479429483414,0.060464657843112946
frame_005550.png,frame_005551.png,0.22237083315849304,0.031680747866630554,0.3439682424068451,0.03195074945688248,0.020094793289899826,0.0647372379899025
frame_005551.png,frame_005552.png,0.22245782613754272,0.03356579691171646,0.34426745772361755,0.03942589461803436,0.020559851080179214,0.0687369629740715
frame_005552.png,frame_005553.png,0.221623957157135,0.03446367383003235,0.3436882197856903,0.04342713952064514,0.02013217657804489,0.07445874810218811
frame_005553.png,frame_005554.png,0.21788454055786133,0.03775236755609512,0.3396960198879242,0.0494832843542099,0.01986955851316452,0.07823924720287323
frame_005554.png,frame_005555.png,0.2102852314710617,0.04365517199039459,0.334992915391922,0.0484304204583168,0.01921321079134941,0.07898314297199249
frame_005555.png,frame_005556.png,0.20713849365711212,0.04929293692111969,0.32940834760665894,0.045147597789764404,0.017990875989198685,0.07656916230916977
frame_005556.png,frame_005557.png,0.20265895128250122,0.05153041332960129,0.3208865225315094,0.03939521312713623,0.014784677885472775,0.07143263518810272
frame_005557.png,frame_005558.png,0.19810864329338074,0.05440323054790497,0.31563881039619446,0.03886924311518669,0.01273911539465189,0.06976846605539322
frame_005558.png,frame_005559.png,0.1965285837650299,0.05548831820487976,0.3148173391819,0.03959721326828003,0.012215782888233662,0.06869670748710632
frame_005559.png,frame_005560.png,0.19766376912593842,0.05286282300949097,0.3155200779438019,0.036878518760204315,0.01292011234909296,0.06961929798126221
frame_005560.png,frame_005561.png,0.2005433887243271,0.05600065737962723,0.31595849990844727,0.0367097482085228,0.015351447276771069,0.06937089562416077
frame_005561.png,frame_005562.png,0.20345185697078705,0.056706786155700684,0.31960126757621765,0.03686004877090454,0.016315385699272156,0.070986308157444
frame_005562.png,frame_005563.png,0.21108634769916534,0.055413052439689636,0.3242718279361725,0.038198333233594894,0.016064688563346863,0.07407303899526596
frame_005563.png,frame_005564.png,0.22063946723937988,0.05089440196752548,0.32445570826530457,0.0403628796339035,0.016704298555850983,0.07687000185251236
frame_005564.png,frame_005565.png,0.22723916172981262,0.046562984585762024,0.3261006772518158,0.04140884056687355,0.01511924248188734,0.07955802232027054
frame_005565.png,frame_005566.png,0.23023799061775208,0.04237418621778488,0.3277704417705536,0.04090980440378189,0.01572244241833687,0.08233341574668884
frame_005566.png,frame_005567.png,0.2325228452682495,0.041241906583309174,0.3367389142513275,0.045055631548166275,0.015709172934293747,0.08220460265874863
frame_005567.png,frame_005568.png,0.23981499671936035,0.040019720792770386,0.34085267782211304,0.04132881015539169,0.01875300332903862,0.073873370885849
frame_005568.png,frame_005569.png,0.24329927563667297,0.0382404699921608,0.3469559848308563,0.0378824807703495,0.02007921412587166,0.07026481628417969
frame_005569.png,frame_005570.png,0.24095529317855835,0.03280210494995117,0.3683205544948578,0.03215104341506958,0.02108444646000862,0.06863616406917572
frame_005570.png,frame_005571.png,0.2287345826625824,0.025606222450733185,0.38820192217826843,0.022622954100370407,0.025128446519374847,0.06361251324415207
frame_005571.png,frame_005572.png,0.2141285240650177,0.020295221358537674,0.40172240138053894,0.01684211567044258,0.02638951689004898,0.050875887274742126
frame_005572.png,frame_005573.png,0.19963142275810242,0.02162269502878189,0.39563533663749695,0.01136454101651907,0.02433311566710472,0.03852958604693413
frame_005573.png,frame_005574.png,0.1918209195137024,0.020230650901794434,0.3944895565509796,0.003065105527639389,0.025460395961999893,0.029024314135313034
frame_005574.png,frame_005575.png,0.1911991834640503,0.018730204552412033,0.3868592083454132,0.0012850891798734665,0.02603260800242424,0.017443519085645676
frame_005575.png,frame_005576.png,0.18402200937271118,0.018127813935279846,0.3859047293663025,-0.003992598503828049,0.02813837304711342,-0.0011036498472094536
frame_005576.png,frame_005577.png,0.17886796593666077,0.019236162304878235,0.38357749581336975,-0.009022791869938374,0.02876945585012436,-0.0103174252435565
frame_005577.png,frame_005578.png,0.18015241622924805,0.02925228327512741,0.36445972323417664,-0.0056146290153265,0.029906444251537323,-0.010841711424291134
frame_005578.png,frame_005579.png,0.1659964621067047,0.022263742983341217,0.3623029887676239,-0.002091973088681698,0.024117261171340942,0.004722182638943195
frame_005579.png,frame_005580.png,0.1457464098930359,0.002946574240922928,0.38721606135368347,-0.0054063331335783005,0.017492447048425674,0.014242005534470081
frame_005580.png,frame_005581.png,0.1353830099105835,0.00010256096720695496,0.4007677137851715,-0.004411786794662476,0.014953739941120148,0.02110501378774643
frame_005581.png,frame_005582.png,0.1257772147655487,0.003622841089963913,0.4097296893596649,0.003640054725110531,0.021606087684631348,0.0073388246819376945
frame_005582.png,frame_005583.png,0.12394819408655167,4.6953558921813965e-05,0.4190872609615326,0.011367748491466045,0.02995137870311737,-0.003878018818795681
frame_005583.png,frame_005584.png,0.12341032922267914,-0.006378408521413803,0.42595359683036804,0.0219254232943058,0.032370664179325104,-0.010199698619544506
frame_005584.png,frame_005585.png,0.11440560966730118,0.006920434534549713,0.44005757570266724,0.021496005356311798,0.027285028249025345,-0.012774246744811535
frame_005585.png,frame_005586.png,0.09612414240837097,0.017298638820648193,0.4395396411418915,0.00106088537722826,0.018698465079069138,-0.028413936495780945
frame_005586.png,frame_005587.png,0.09431689977645874,0.03378240019083023,0.4228099584579468,-0.016980845481157303,0.008659840561449528,-0.06653821468353271
frame_005587.png,frame_005588.png,0.11225251853466034,0.04757256060838699,0.41248223185539246,-0.016431111842393875,0.000821736641228199,-0.07436881214380264
frame_005588.png,frame_005589.png,0.14428819715976715,0.050920434296131134,0.406459242105484,-0.009339924901723862,-0.010081165470182896,-0.06434828788042068
frame_005589.png,frame_005590.png,0.14845091104507446,0.05788390338420868,0.4161328673362732,-0.023983005434274673,-0.009497924707829952,-0.04437931254506111
frame_005590.png,frame_005591.png,0.12531828880310059,0.049654074013233185,0.4259929358959198,-0.02163848653435707,-0.007777499966323376,-0.026682209223508835
frame_005591.png,frame_005592.png,0.10580358654260635,0.035375528037548065,0.44273456931114197,-0.007037113420665264,-0.00351642444729805,-0.0149536756798625
frame_005592.png,frame_005593.png,0.09713687747716904,0.031941793859004974,0.46366578340530396,-0.0015820423141121864,0.000431891530752182,-0.010894550941884518
frame_005593.png,frame_005594.png,0.09547664225101471,0.037652552127838135,0.4702889323234558,0.007459461688995361,-0.0008183605968952179,-0.010800071991980076
frame_005594.png,frame_005595.png,0.0952848568558693,0.03907705098390579,0.466055691242218,0.016521237790584564,-0.006588509306311607,-0.0016317041590809822
frame_005595.png,frame_005596.png,0.1053490936756134,0.042070113122463226,0.44873857498168945,0.023100461810827255,-0.006524926982820034,0.0009034546092152596
frame_005596.png,frame_005597.png,0.125220388174057,0.03644026070833206,0.41449400782585144,0.034088391810655594,-0.010568914003670216,0.014038489200174809
frame_005597.png,frame_005598.png,0.14940810203552246,0.03611893951892853,0.3811264634132385,0.0365167111158371,-0.01766088232398033,0.04055514559149742
frame_005598.png,frame_005599.png,0.15563148260116577,0.03796856850385666,0.34935811161994934,0.032733991742134094,-0.02855851501226425,0.04376756772398949
frame_005599.png,frame_005600.png,0.17322471737861633,0.04866328090429306,0.3218255937099457,0.04083562642335892,-0.023971159011125565,0.05637480318546295
frame_005600.png,frame_005601.png,0.1753820776939392,0.05668719857931137,0.28908443450927734,0.033748604357242584,-0.026830442249774933,0.08388146013021469
frame_005601.png,frame_005602.png,0.20501968264579773,0.07720021158456802,0.24094346165657043,0.04346147179603577,-0.009786340408027172,0.07184512913227081
frame_005602.png,frame_005603.png,0.2174542248249054,0.08568450063467026,0.20437860488891602,0.038039371371269226,0.00571692269295454,0.06936308741569519
frame_005603.png,frame_005604.png,0.24169600009918213,0.07546177506446838,0.14422455430030823,0.044898271560668945,0.009418039582669735,0.08896884322166443
frame_005604.png,frame_005605.png,0.2666577100753784,0.06374528259038925,0.0897233635187149,0.0542106069624424,0.010422616265714169,0.08553442358970642
frame_005605.png,frame_005606.png,0.2957170307636261,0.06365861743688583,0.08311204612255096,0.03272925689816475,0.02278202399611473,0.08286899328231812
frame_005606.png,frame_005607.png,0.3118198812007904,0.07852407544851303,0.09317640960216522,0.024480078369379044,0.02390395849943161,0.07794222235679626
frame_005607.png,frame_005608.png,0.3181837201118469,0.07857812196016312,0.10493192076683044,0.022253572940826416,0.01908165216445923,0.086733378469944
frame_005608.png,frame_005609.png,0.31216707825660706,0.0836666002869606,0.12108577787876129,0.026224777102470398,0.016048632562160492,0.07139928638935089
frame_005609.png,frame_005610.png,0.29257258772850037,0.08396346122026443,0.17142480611801147,0.030485350638628006,0.008146139793097973,0.048828914761543274
frame_005610.png,frame_005611.png,0.2695726454257965,0.07176543027162552,0.23041865229606628,0.029812507331371307,0.0010312283411622047,0.03293267637491226
frame_005611.png,frame_005612.png,0.26038801670074463,0.06493839621543884,0.2768407464027405,0.03013845533132553,-0.0012214640155434608,0.029708854854106903
frame_005612.png,frame_005613.png,0.25480228662490845,0.06795089691877365,0.29329004883766174,0.033607758581638336,-0.0030815554782748222,0.027294248342514038
frame_005613.png,frame_005614.png,0.25316402316093445,0.07422792911529541,0.29879647493362427,0.028208106756210327,-0.002512945793569088,0.025190308690071106
frame_005614.png,frame_005615.png,0.2511219084262848,0.08198872953653336,0.2952156960964203,0.022073913365602493,-0.0009185029193758965,0.025019749999046326
frame_005615.png,frame_005616.png,0.24635514616966248,0.08913169056177139,0.30106815695762634,0.013684612698853016,0.0006689457222819328,0.026779085397720337
frame_005616.png,frame_005617.png,0.2390245795249939,0.09245241433382034,0.3077056109905243,0.012958151288330555,0.0007009385153651237,0.02980482205748558
frame_005617.png,frame_005618.png,0.222962886095047,0.08364000171422958,0.33559784293174744,0.010128426365554333,0.003893229179084301,0.029638070613145828
frame_005618.png,frame_005619.png,0.19887462258338928,0.0714130625128746,0.36790886521339417,0.0014183549210429192,0.008674354292452335,0.033827513456344604
frame_005619.png,frame_005620.png,0.17674654722213745,0.061556704342365265,0.4001556932926178,1.3253651559352875e-05,0.015190157108008862,0.03797094523906708
frame_005620.png,frame_005621.png,0.16859665513038635,0.05728890746831894,0.4136805236339569,0.008371435105800629,0.018181804567575455,0.03740302473306656
frame_005621.png,frame_005622.png,0.15979285538196564,0.053512170910835266,0.42120978236198425,0.012049789540469646,0.0173940546810627,0.04993424937129021
frame_005622.png,frame_005623.png,0.15049336850643158,0.05220670998096466,0.43049147725105286,0.024936992675065994,0.021816354244947433,0.06420087814331055
frame_005623.png,frame_005624.png,0.13836589455604553,0.043939851224422455,0.45709845423698425,0.02167397364974022,0.031005043536424637,0.0633634626865387
frame_005624.png,frame_005625.png,0.13693490624427795,0.03137199580669403,0.4630493223667145,0.0326160192489624,0.035781633108854294,0.06839363276958466
frame_005625.png,frame_005626.png,0.12500545382499695,0.01092018187046051,0.46831372380256653,0.020682860165834427,0.03205744922161102,0.05683966726064682
frame_005626.png,frame_005627.png,0.12831780314445496,-0.006316337734460831,0.4795200526714325,0.011982656084001064,0.037768930196762085,0.035541728138923645
frame_005627.png,frame_005628.png,0.13219770789146423,-0.011652406305074692,0.4758857786655426,0.019055277109146118,0.03584675118327141,0.02672942727804184
frame_005628.png,frame_005629.png,0.1318146288394928,-0.009232893586158752,0.48534950613975525,0.013288737274706364,0.03945240378379822,-0.0058133481070399284
frame_005629.png,frame_005630.png,0.1124730259180069,-0.009555187076330185,0.4897196590900421,0.004377453587949276,0.03894990310072899,-0.022427085787057877
frame_005630.png,frame_005631.png,0.0889541506767273,-0.014487527310848236,0.49612364172935486,0.007502716965973377,0.030824407935142517,-0.02831852063536644
frame_005631.png,frame_005632.png,0.0823531225323677,-0.01584921032190323,0.4912514388561249,0.028360221534967422,0.018775546923279762,-0.0018001412972807884
frame_005632.png,frame_005633.png,0.06481289863586426,-0.011843178421258926,0.47718125581741333,0.03952721506357193,0.01193235907703638,0.005461086519062519
frame_005633.png,frame_005634.png,0.0366431400179863,-0.007962699979543686,0.49043282866477966,0.034480683505535126,0.011985593475401402,-0.02342192828655243
frame_005634.png,frame_005635.png,0.013761267066001892,-0.0018713101744651794,0.49106332659721375,0.03232255578041077,0.01704901084303856,-0.03329544514417648
frame_005635.png,frame_005636.png,0.0027262941002845764,-0.0008825808763504028,0.47441810369491577,0.03681594133377075,0.018407553434371948,-0.0386960469186306
frame_005636.png,frame_005637.png,0.0033590495586395264,0.0028556250035762787,0.4512804448604584,0.04607037454843521,0.014012353494763374,-0.03667595237493515
frame_005637.png,frame_005638.png,-0.0025200769305229187,0.004224937409162521,0.43624019622802734,0.03731805086135864,0.006730755791068077,-0.02698655053973198
frame_005638.png,frame_005639.png,-0.014300227165222168,-0.003103606402873993,0.4213995039463043,0.03885307163000107,-0.002710600383579731,-0.0060859015211462975
frame_005639.png,frame_005640.png,-0.020986586809158325,-0.01109432801604271,0.39612630009651184,0.05435902625322342,-0.011586240492761135,0.0005451487377285957
frame_005640.png,frame_005641.png,-0.020798765122890472,-0.015382060781121254,0.37975093722343445,0.06289152055978775,-0.021472007036209106,-0.006337505765259266
frame_005641.png,frame_005642.png,-0.005124308168888092,-0.011739667505025864,0.36817097663879395,0.06878063827753067,-0.027012992650270462,-0.015541805885732174
frame_005642.png,frame_005643.png,0.014806434512138367,0.0010440535843372345,0.36116382479667664,0.0728708952665329,-0.026966840028762817,-0.011859887279570103
frame_005643.png,frame_005644.png,0.010208897292613983,0.005870364606380463,0.371561199426651,0.07551822066307068,-0.02404847741127014,-0.0032665403559803963
frame_005644.png,frame_005645.png,-0.0008151158690452576,0.008417092263698578,0.3829100430011749,0.07701036334037781,-0.01515906397253275,0.002865132875740528
frame_005645.png,frame_005646.png,-0.0036611407995224,0.006970155984163284,0.3850388824939728,0.07590494304895401,-0.007559307850897312,0.009028817526996136
frame_005646.png,frame_005647.png,-0.008825041353702545,0.00537475198507309,0.3786602318286896,0.06931376457214355,-0.007474985904991627,0.00829985085874796
frame_005647.png,frame_005648.png,0.002987191081047058,0.0026189498603343964,0.3602239191532135,0.06039922684431076,-0.014172016642987728,-0.0007171677425503731
frame_005648.png,frame_005649.png,0.008704416453838348,-0.004220206290483475,0.34766438603401184,0.04988572746515274,-0.020042840391397476,-0.009020580910146236
frame_005649.png,frame_005650.png,-0.004909493029117584,-0.012331493198871613,0.34740591049194336,0.038084372878074646,-0.018028147518634796,-0.018265776336193085
frame_005650.png,frame_005651.png,-0.016877852380275726,-0.01722017675638199,0.3505057394504547,0.03283589705824852,-0.010819085873663425,-0.026316240429878235
frame_005651.png,frame_005652.png,-0.01874462515115738,-0.023407168686389923,0.35344675183296204,0.035518623888492584,-0.005017047747969627,-0.02542836219072342
frame_005652.png,frame_005653.png,-0.013663358986377716,-0.027182109653949738,0.35280150175094604,0.041388701647520065,-0.0055122384801507,-0.020214293152093887
frame_005653.png,frame_005654.png,-0.007707349956035614,-0.02869512140750885,0.35024192929267883,0.046525128185749054,-0.004954108968377113,-0.016887493431568146
frame_005654.png,frame_005655.png,-0.0025384947657585144,-0.027908042073249817,0.3464621603488922,0.05091560631990433,-0.0031785154715180397,-0.014360263012349606
frame_005655.png,frame_005656.png,-0.0055975541472435,-0.02343462035059929,0.3451554775238037,0.05510363727807999,-0.0028112148866057396,-0.00909148808568716
frame_005656.png,frame_005657.png,-0.014704786241054535,-0.01423133909702301,0.3500271141529083,0.057853925973176956,-0.0040178848430514336,0.001147066242992878
frame_005657.png,frame_005658.png,-0.024282880127429962,-0.00033092498779296875,0.357098251581192,0.06833424419164658,-0.0026329709216952324,0.01395286712795496
frame_005658.png,frame_005659.png,-0.025220178067684174,0.0036178864538669586,0.3587202727794647,0.07706883549690247,0.0017618276178836823,0.028429336845874786
frame_005659.png,frame_005660.png,-0.022557474672794342,0.0022169947624206543,0.3622833788394928,0.08238451182842255,0.009317493066191673,0.04423830658197403
frame_005660.png,frame_005661.png,-0.015848703682422638,-0.0015399493277072906,0.36425235867500305,0.08712361752986908,0.01645038090646267,0.053617581725120544
frame_005661.png,frame_005662.png,-0.012907616794109344,-0.005380153656005859,0.36910784244537354,0.08845341950654984,0.02130298689007759,0.04923141002655029
frame_005662.png,frame_005663.png,-0.015382453799247742,-0.0031166113913059235,0.37222257256507874,0.08023901283740997,0.023836370557546616,0.04046660661697388
frame_005663.png,frame_005664.png,-0.022104524075984955,0.0014033466577529907,0.3889854848384857,0.05847787857055664,0.028219033032655716,0.023542657494544983
frame_005664.png,frame_005665.png,-0.03207024186849594,0.0028633661568164825,0.40673184394836426,0.04001150280237198,0.032096024602651596,0.009151157923042774
frame_005665.png,frame_005666.png,-0.044073425233364105,0.002706427127122879,0.42561641335487366,0.023616917431354523,0.0329178050160408,0.005453695543110371
frame_005666.png,frame_005667.png,-0.04962063580751419,0.0017742365598678589,0.43997135758399963,0.01288116816431284,0.032155487686395645,0.005498816259205341
frame_005667.png,frame_005668.png,-0.05437866598367691,0.003274396061897278,0.452006995677948,0.007786610163748264,0.03046615794301033,0.0049089426174759865
frame_005668.png,frame_005669.png,-0.056734003126621246,0.004203084856271744,0.4611597955226898,0.004307666793465614,0.027953792363405228,0.002727947197854519
frame_005669.png,frame_005670.png,-0.06559287756681442,0.004269406199455261,0.47324925661087036,0.0009678062051534653,0.026333492249250412,-0.007826258428394794
frame_005670.png,frame_005671.png,-0.06956035643815994,-0.0009406022727489471,0.47563281655311584,0.004334119148552418,0.028116997331380844,-0.019477147608995438
frame_005671.png,frame_005672.png,-0.05911041051149368,-0.0046037957072257996,0.4816088378429413,0.0047014327719807625,0.0318574532866478,-0.024145860224962234
frame_005672.png,frame_005673.png,-0.04993652552366257,-0.005936276167631149,0.4783777594566345,0.013670765794813633,0.031923145055770874,-0.02346440777182579
frame_005673.png,frame_005674.png,-0.03576213866472244,-0.0031816065311431885,0.4693537652492523,0.01687723398208618,0.027362417429685593,-0.03475763648748398
frame_005674.png,frame_005675.png,-0.02231661230325699,0.0010669790208339691,0.46382781863212585,0.021243996918201447,0.02379891276359558,-0.04818076267838478
frame_005675.png,frame_005676.png,-0.010016314685344696,0.004910945892333984,0.4695446491241455,0.024215813726186752,0.016192980110645294,-0.04624233394861221
frame_005676.png,frame_005677.png,-0.0010001957416534424,0.001317150890827179,0.4807016849517822,0.029001545161008835,0.013893714174628258,-0.04942644014954567
frame_005677.png,frame_005678.png,-0.0026193037629127502,-0.006914597004652023,0.4826537072658539,0.042099304497241974,0.01192933227866888,-0.04506630077958107
frame_005678.png,frame_005679.png,0.0038328468799591064,-0.005187205970287323,0.4707402288913727,0.04253755509853363,0.01006894838064909,-0.058405742049217224
frame_005679.png,frame_005680.png,0.02987680211663246,0.003835536539554596,0.4390921890735626,0.046708349138498306,0.007618061266839504,-0.07951101660728455
frame_005680.png,frame_005681.png,0.04328615963459015,0.005988113582134247,0.437240332365036,0.04502217471599579,0.009799689054489136,-0.0916777178645134
frame_005681.png,frame_005682.png,0.05695654824376106,-0.0015042312443256378,0.4509769380092621,0.03665411099791527,0.015680652111768723,-0.08581263571977615
frame_005682.png,frame_005683.png,0.06243705749511719,-0.01221531629562378,0.45791003108024597,0.032770223915576935,0.01959889754652977,-0.08130590617656708
frame_005683.png,frame_005684.png,0.06654886156320572,-0.0159321166574955,0.4623616635799408,0.034477125853300095,0.0163097083568573,-0.07881803065538406
frame_005684.png,frame_005685.png,0.0630153939127922,-0.014257719740271568,0.4406185448169708,0.06808815151453018,0.002334822900593281,-0.05245782062411308
frame_005685.png,frame_005686.png,0.08451291173696518,-0.0032164566218852997,0.39330512285232544,0.09511374682188034,-0.006750456057488918,-0.04476318508386612
frame_005686.png,frame_005687.png,0.09981004148721695,0.008557043969631195,0.3568055331707001,0.10606116056442261,-0.002659459598362446,-0.03574083372950554
frame_005687.png,frame_005688.png,0.10269980877637863,0.0018601901829242706,0.350868821144104,0.10274499654769897,-0.007147458381950855,-0.03736749291419983
frame_005688.png,frame_005689.png,0.12465031445026398,0.018015146255493164,0.3169732391834259,0.09424141049385071,0.0006220126524567604,-0.024227812886238098
frame_005689.png,frame_005690.png,0.12474356591701508,0.015068061649799347,0.2915817201137543,0.0709303617477417,-0.0013966765254735947,0.0029264381155371666
frame_005690.png,frame_005691.png,0.09514717012643814,0.009791843593120575,0.3296795189380646,0.02995537593960762,0.004778511822223663,-0.012977740727365017
frame_005691.png,frame_005692.png,0.07594884932041168,0.013705991208553314,0.37024542689323425,0.010849745944142342,0.01069001667201519,-0.0354287251830101
frame_005692.png,frame_005693.png,0.04860604926943779,0.01372893899679184,0.4081975221633911,0.00023909658193588257,0.013192667625844479,-0.03555668145418167
frame_005693.png,frame_005694.png,0.018826402723789215,0.0024127401411533356,0.4588528275489807,-0.0025844043120741844,0.02642335370182991,-0.03274678438901901
frame_005694.png,frame_005695.png,0.0029321834444999695,-0.016642967239022255,0.4890444576740265,-0.006347066722810268,0.03490971773862839,-0.026680581271648407
frame_005695.png,frame_005696.png,-0.015034623444080353,-0.035762205719947815,0.5004222393035889,-0.0038577374070882797,0.0413467101752758,-0.023147184401750565
frame_005696.png,frame_005697.png,-0.02292162925004959,-0.04805075377225876,0.5059161186218262,-0.002743973396718502,0.04352665692567825,-0.019964896142482758
frame_005697.png,frame_005698.png,-0.025450192391872406,-0.05190179497003555,0.5076276659965515,-0.0027210889384150505,0.042893946170806885,-0.02331588789820671
frame_005698.png,frame_005699.png,-0.029414527118206024,-0.05238433554768562,0.5070977807044983,-0.0002697249874472618,0.04073290526866913,-0.027319930493831635
frame_005699.png,frame_005700.png,-0.03389289230108261,-0.05257885530591011,0.5070919394493103,0.0004846462979912758,0.03863176703453064,-0.03032131865620613
frame_005700.png,frame_005701.png,-0.04001074284315109,-0.052007824182510376,0.5087494254112244,-0.001115669496357441,0.03732127323746681,-0.033609308302402496
frame_005701.png,frame_005702.png,-0.04574088007211685,-0.04788118600845337,0.505571186542511,-0.003378043882548809,0.035709016025066376,-0.03903541341423988
frame_005702.png,frame_005703.png,-0.0509599968791008,-0.04299416393041611,0.4985078275203705,-0.004245116375386715,0.032502446323633194,-0.04479008540511131
frame_005703.png,frame_005704.png,-0.052493683993816376,-0.03666255250573158,0.48623666167259216,-0.002229149453341961,0.02994934841990471,-0.048790063709020615
frame_005704.png,frame_005705.png,-0.05227162688970566,-0.03241492062807083,0.4663556218147278,-0.003900553099811077,0.027949806302785873,-0.04826515167951584
frame_005705.png,frame_005706.png,-0.04736005514860153,-0.02803681418299675,0.44421908259391785,-0.0066646384075284,0.028180114924907684,-0.0535128116607666
frame_005706.png,frame_005707.png,-0.039749644696712494,-0.026248926296830177,0.4318836033344269,-0.0074853068217635155,0.029512763023376465,-0.0556950718164444
frame_005707.png,frame_005708.png,-0.03102540224790573,-0.026686863973736763,0.42921891808509827,-0.006165795959532261,0.028467539697885513,-0.05466894060373306
frame_005708.png,frame_005709.png,-0.020516403019428253,-0.03447388857603073,0.43446311354637146,0.005794985219836235,0.027171194553375244,-0.04391533136367798
frame_005709.png,frame_005710.png,-0.014517322182655334,-0.0447637103497982,0.43978577852249146,0.017908107489347458,0.025717802345752716,-0.031944308429956436
frame_005710.png,frame_005711.png,-0.01708746701478958,-0.04950163885951042,0.4483075439929962,0.023295018821954727,0.024904489517211914,-0.032795120030641556
frame_005711.png,frame_005712.png,-0.021570205688476562,-0.05662521719932556,0.45773109793663025,0.026014473289251328,0.025550533086061478,-0.031858403235673904
frame_005712.png,frame_005713.png,-0.027319766581058502,-0.06285574287176132,0.46220600605010986,0.027121759951114655,0.024813950061798096,-0.030069205909967422
frame_005713.png,frame_005714.png,-0.030617885291576385,-0.06331803649663925,0.46077147126197815,0.027499325573444366,0.02343568578362465,-0.02879348397254944
frame_005714.png,frame_005715.png,-0.027293235063552856,-0.05792289227247238,0.4456188380718231,0.031569771468639374,0.018407315015792847,-0.030708882957696915
frame_005715.png,frame_005716.png,-0.02564729005098343,-0.0455339290201664,0.43035730719566345,0.029188409447669983,0.01591317541897297,-0.03891025111079216
frame_005716.png,frame_005717.png,-0.026706166565418243,-0.030816376209259033,0.41929516196250916,0.020577970892190933,0.01458080392330885,-0.054695721715688705
frame_005717.png,frame_005718.png,-0.01412142813205719,-0.014113804325461388,0.40975090861320496,0.012087672017514706,0.01538864430040121,-0.052802857011556625
frame_005718.png,frame_005719.png,-0.0007158294320106506,-0.00956631451845169,0.40103960037231445,0.003975183703005314,0.01702466607093811,-0.04360365495085716
frame_005719.png,frame_005720.png,0.0018533319234848022,-0.012570073828101158,0.4002605378627777,0.005207730457186699,0.02546793967485428,-0.04954101890325546
frame_005720.png,frame_005721.png,-0.004921160638332367,-0.009869307279586792,0.4181347191333771,0.0003760363906621933,0.02431296557188034,-0.02772950753569603
frame_005721.png,frame_005722.png,0.01181136816740036,0.00161062553524971,0.4102652966976166,-0.00894691701978445,0.02053898759186268,-0.01528997253626585
frame_005722.png,frame_005723.png,0.049229562282562256,0.01452653855085373,0.4036673307418823,-0.0011387960985302925,0.02758682891726494,-0.013919069431722164
frame_005723.png,frame_005724.png,0.06538635492324829,0.01151077076792717,0.40670153498649597,0.005199178121984005,0.030727148056030273,-0.013005203567445278
frame_005724.png,frame_005725.png,0.053471267223358154,-0.010158807039260864,0.41966667771339417,0.0027110660448670387,0.03438428416848183,-0.013764808885753155
frame_005725.png,frame_005726.png,0.04022159427404404,-0.031012769788503647,0.43753793835639954,-0.006366344168782234,0.041181761771440506,-0.019172530621290207
frame_005726.png,frame_005727.png,0.03366001322865486,-0.04456125944852829,0.4453088343143463,-0.01265521626919508,0.04479081183671951,-0.024481341242790222
frame_005727.png,frame_005728.png,0.03575597703456879,-0.053820349276065826,0.4421035349369049,-0.011238998733460903,0.045412104576826096,-0.02440826967358589
frame_005728.png,frame_005729.png,0.030391495674848557,-0.05786919593811035,0.4448324739933014,-0.006563969887793064,0.043524645268917084,-0.02790401503443718
frame_005729.png,frame_005730.png,0.0078401118516922,-0.06132865324616432,0.4513552784919739,-0.009420285932719707,0.03989722579717636,-0.028854839503765106
frame_005730.png,frame_005731.png,-0.0004072263836860657,-0.06581148505210876,0.4598344564437866,-0.008635316975414753,0.041100796312093735,-0.028878893703222275
frame_005731.png,frame_005732.png,-0.0070484355092048645,-0.06644498556852341,0.4667368233203888,-0.008726748637855053,0.04153258353471756,-0.027313582599163055
frame_005732.png,frame_005733.png,-0.016029872000217438,-0.06402549147605896,0.46864527463912964,-0.007131914608180523,0.03988366574048996,-0.03041897714138031
frame_005733.png,frame_005734.png,-0.020017527043819427,-0.06393013894557953,0.47226864099502563,-0.005435929633677006,0.0421871542930603,-0.029790546745061874
frame_005734.png,frame_005735.png,-0.019079767167568207,-0.06731373816728592,0.4735744297504425,-0.004888438619673252,0.043196819722652435,-0.031567759811878204
frame_005735.png,frame_005736.png,-0.01739661395549774,-0.06961701810359955,0.4720720648765564,-0.002985880710184574,0.043254610151052475,-0.030120164155960083
frame_005736.png,frame_005737.png,-0.017241351306438446,-0.0722784548997879,0.4700988531112671,-0.0024075089022517204,0.04369787499308586,-0.029501624405384064
frame_005737.png,frame_005738.png,-0.02126844972372055,-0.07336995005607605,0.469248503446579,-0.00196832325309515,0.0426926463842392,-0.03213365375995636
frame_005738.png,frame_005739.png,-0.02675575762987137,-0.07323046028614044,0.46946361660957336,-0.002560584805905819,0.04101891815662384,-0.04174550995230675
frame_005739.png,frame_005740.png,-0.029429875314235687,-0.07824932783842087,0.47458747029304504,-0.0052219172939658165,0.03885456174612045,-0.046014316380023956
frame_005740.png,frame_005741.png,-0.028529837727546692,-0.08175801485776901,0.4756925702095032,-0.00837970431894064,0.03715340048074722,-0.040914665907621384
frame_005741.png,frame_005742.png,-0.03379986435174942,-0.08530154824256897,0.47354355454444885,-0.010141518898308277,0.037517059594392776,-0.038321662694215775
frame_005742.png,frame_005743.png,-0.03642239421606064,-0.08602526038885117,0.474796861410141,-0.013565865345299244,0.03964317589998245,-0.033870067447423935
frame_005743.png,frame_005744.png,-0.03841517120599747,-0.08115296810865402,0.4668842852115631,-0.0199144147336483,0.04093936085700989,-0.037847425788640976
frame_005744.png,frame_005745.png,-0.017044417560100555,-0.07110337913036346,0.46221622824668884,-0.022433292120695114,0.04842132329940796,-0.03866399824619293
frame_005745.png,frame_005746.png,-0.017298556864261627,-0.06726571917533875,0.47016075253486633,-0.02275415137410164,0.047732867300510406,-0.04164730757474899
frame_005746.png,frame_005747.png,-0.022242382168769836,-0.06922410428524017,0.46915027499198914,-0.011930829845368862,0.049008920788764954,-0.043448273092508316
frame_005747.png,frame_005748.png,-0.026903413236141205,-0.06917554885149002,0.46760180592536926,-0.008375448174774647,0.046976618468761444,-0.057863641530275345
frame_005748.png,frame_005749.png,-0.005214259028434753,-0.05892622098326683,0.4659890830516815,-0.02605682983994484,0.04878673329949379,-0.07262798398733139
frame_005749.png,frame_005750.png,0.02143215388059616,-0.05915362387895584,0.4590354263782501,-0.029336221516132355,0.0575641393661499,-0.08385341614484787
frame_005750.png,frame_005751.png,0.04693400859832764,-0.055645592510700226,0.4532867968082428,-0.02084137499332428,0.05810216814279556,-0.07859022915363312
frame_005751.png,frame_005752.png,0.0721869170665741,-0.04980773478746414,0.4488424062728882,-0.027813535183668137,0.05727241933345795,-0.09591545909643173
frame_005752.png,frame_005753.png,0.07149254530668259,-0.04495333135128021,0.45879653096199036,-0.015872616320848465,0.05046919733285904,-0.08944964408874512
frame_005753.png,frame_005754.png,0.06426747143268585,-0.04870656877756119,0.4705507457256317,0.0034670671448111534,0.04046868532896042,-0.08987319469451904
frame_005754.png,frame_005755.png,0.07739389687776566,-0.032479457557201385,0.48151156306266785,0.000606403686106205,0.04072510078549385,-0.08087832480669022
frame_005755.png,frame_005756.png,0.10281425714492798,-0.030365262180566788,0.44849032163619995,0.010367187671363354,0.03452545776963234,-0.08283300697803497
frame_005756.png,frame_005757.png,0.13255631923675537,-0.014285404235124588,0.4323987364768982,0.013135126791894436,0.03308061137795448,-0.08428606390953064
frame_005757.png,frame_005758.png,0.15019650757312775,-0.004734326153993607,0.3935178220272064,0.005386117845773697,0.027274105697870255,-0.07119184732437134
frame_005758.png,frame_005759.png,0.15867924690246582,-0.0001972094178199768,0.37422049045562744,0.0023456141352653503,0.02872861921787262,-0.06737984716892242
frame_005759.png,frame_005760.png,0.1549454629421234,-0.004890169948339462,0.3830014169216156,-0.00473751500248909,0.030275974422693253,-0.06561664491891861
frame_005760.png,frame_005761.png,0.14971378445625305,-0.015690255910158157,0.4006997048854828,-0.008990602567791939,0.031067218631505966,-0.05522433668375015
frame_005761.png,frame_005762.png,0.14766433835029602,-0.021482456475496292,0.40688470005989075,-0.0055220043286681175,0.026959728449583054,-0.04686962813138962
frame_005762.png,frame_005763.png,0.15600833296775818,-0.01424037292599678,0.4005013406276703,0.004854060709476471,0.02327568829059601,-0.04028460383415222
frame_005763.png,frame_005764.png,0.17320583760738373,0.00440065935254097,0.37322303652763367,0.02187405526638031,0.01823389157652855,-0.053382936865091324
frame_005764.png,frame_005765.png,0.18525299429893494,0.017576254904270172,0.3421909213066101,0.0213637612760067,0.021092314273118973,-0.06202706694602966
frame_005765.png,frame_005766.png,0.1772751361131668,0.02900674194097519,0.35731080174446106,0.021565545350313187,0.016544491052627563,-0.0698835700750351
frame_005766.png,frame_005767.png,0.1737666130065918,0.027068495750427246,0.35989895462989807,0.01458387915045023,0.014012803323566914,-0.07050997763872147
frame_005767.png,frame_005768.png,0.15282708406448364,0.02380715310573578,0.36501118540763855,-0.009163015522062778,0.012917998246848583,-0.08750618249177933
frame_005768.png,frame_005769.png,0.1506401002407074,0.03295924514532089,0.38381442427635193,-0.01138991303741932,0.02390102669596672,-0.0785163938999176
frame_005769.png,frame_005770.png,0.14896227419376373,0.03566776216030121,0.393543541431427,-0.021926935762166977,0.024073753505945206,-0.05395884811878204
frame_005770.png,frame_005771.png,0.16933950781822205,0.03245671093463898,0.3765765428543091,-0.025857899338006973,0.030855640769004822,-0.03806458041071892
frame_005771.png,frame_005772.png,0.15974867343902588,0.04178718477487564,0.37916645407676697,-0.020052429288625717,0.04362458735704422,-0.042229603976011276
frame_005772.png,frame_005773.png,0.16949841380119324,0.038158491253852844,0.35621264576911926,-0.0322410985827446,0.04156899452209473,-0.03547268733382225
frame_005773.png,frame_005774.png,0.1798587590456009,0.041359707713127136,0.36634039878845215,-0.04011111706495285,0.03962890803813934,-0.0033100275322794914
frame_005774.png,frame_005775.png,0.1772823929786682,0.02602498233318329,0.3780808448791504,-0.04268652945756912,0.02444048598408699,0.040545590221881866
frame_005775.png,frame_005776.png,0.19245116412639618,0.016763661056756973,0.3617541790008545,-0.030688215047121048,0.021092593669891357,0.060385480523109436
frame_005776.png,frame_005777.png,0.2063097357749939,0.03149595111608505,0.35726961493492126,-0.0028114495798945427,0.019185129553079605,0.05401032418012619
frame_005777.png,frame_005778.png,0.22146353125572205,0.03509882092475891,0.3495475947856903,-0.00847328919917345,0.017997298389673233,0.0289088673889637
frame_005778.png,frame_005779.png,0.22871428728103638,0.027863241732120514,0.3555326759815216,-0.005297750234603882,0.014457027427852154,-0.005177541635930538
frame_005779.png,frame_005780.png,0.22262132167816162,0.026208706200122833,0.35575610399246216,0.0007635252550244331,0.013591527007520199,-0.01198775228112936
frame_005780.png,frame_005781.png,0.20671385526657104,0.02410440891981125,0.3543567359447479,-0.002873537130653858,0.009343487210571766,-0.016151268035173416
frame_005781.png,frame_005782.png,0.20189490914344788,0.021089836955070496,0.35236790776252747,-0.0008791759610176086,0.006747200153768063,-0.02361907809972763
frame_005782.png,frame_005783.png,0.20092231035232544,0.01904267445206642,0.3506181538105011,0.0019080350175499916,0.0061508482322096825,-0.028464436531066895
frame_005783.png,frame_005784.png,0.2007366418838501,0.01867833361029625,0.35173657536506653,0.005436557345092297,0.006040013395249844,-0.03070937469601631
frame_005784.png,frame_005785.png,0.20145893096923828,0.016181189566850662,0.35501644015312195,0.008704816922545433,0.00605695229023695,-0.02901201695203781
frame_005785.png,frame_005786.png,0.2014724761247635,0.012661363929510117,0.3608909249305725,0.009657367132604122,0.005589217878878117,-0.025715135037899017
frame_005786.png,frame_005787.png,0.1999986320734024,0.007861077785491943,0.37175679206848145,0.008498170413076878,0.005432534031569958,-0.021351300179958344
frame_005787.png,frame_005788.png,0.20118510723114014,0.0043325647711753845,0.3817971646785736,0.010989166796207428,0.005303847603499889,-0.015941407531499863
frame_005788.png,frame_005789.png,0.19750115275382996,-0.0030791349709033966,0.39668306708335876,0.012601618655025959,0.0042864130809903145,-0.01019254606217146
frame_005789.png,frame_005790.png,0.1943625807762146,-0.012225756421685219,0.4121379554271698,0.013324295170605183,0.0056507783010602,-0.006117681972682476
frame_005790.png,frame_005791.png,0.1904262900352478,-0.019696678966283798,0.4206748306751251,0.0130474166944623,0.003784426487982273,-0.003293774090707302
frame_005791.png,frame_005792.png,0.18858367204666138,-0.025321070104837418,0.42964813113212585,0.014478840865194798,0.0013258056715130806,0.001078893430531025
frame_005792.png,frame_005793.png,0.18876415491104126,-0.026519397273659706,0.43964752554893494,0.01472089160233736,-0.00019458215683698654,0.004400567151606083
frame_005793.png,frame_005794.png,0.19195476174354553,-0.023707222193479538,0.4438091814517975,0.013430778868496418,-0.0012717144563794136,0.003978022374212742
frame_005794.png,frame_005795.png,0.1906399130821228,-0.0257413350045681,0.4463983178138733,0.012881957925856113,4.938524216413498e-05,0.0011142874136567116
frame_005795.png,frame_005796.png,0.19925719499588013,-0.022113554179668427,0.45331326127052307,0.018395446240901947,0.0011127693578600883,0.004864473827183247
frame_005796.png,frame_005797.png,0.20937812328338623,-0.025216050446033478,0.44697991013526917,0.022979944944381714,0.0023663723841309547,0.010341730900108814
frame_005797.png,frame_005798.png,0.2011336386203766,-0.030851148068904877,0.4407346546649933,0.019700653851032257,-0.00040301401168107986,0.017627980560064316
frame_005798.png,frame_005799.png,0.19493114948272705,-0.03621656447649002,0.43988656997680664,0.008214371278882027,-0.0027114683762192726,0.021209970116615295
frame_005799.png,frame_005800.png,0.2047673463821411,-0.025010615587234497,0.4474324882030487,0.00020242203027009964,-0.0037293853238224983,0.033441781997680664
frame_005800.png,frame_005801.png,0.2103637158870697,-0.019659126177430153,0.4575673043727875,-0.008387153968214989,-0.000716070644557476,0.05519230663776398
frame_005801.png,frame_005802.png,0.18865147233009338,-0.013304363936185837,0.48697444796562195,0.0031178034842014313,0.00018251966685056686,0.06727078557014465
frame_005802.png,frame_005803.png,0.17968326807022095,-0.011870015412569046,0.5120713114738464,-0.018839552998542786,0.001272253692150116,0.08760840445756912
frame_005803.png,frame_005804.png,0.18443554639816284,-0.015976697206497192,0.5088059306144714,-0.014514343813061714,0.010185022838413715,0.08048935234546661
frame_005804.png,frame_005805.png,0.17493736743927002,-0.015582405030727386,0.5109124779701233,-0.009449707344174385,0.015539523214101791,0.07118221372365952
frame_005805.png,frame_005806.png,0.1809711754322052,-0.025958994403481483,0.4809764325618744,-0.006979834288358688,0.017743099480867386,0.0511087030172348
frame_005806.png,frame_005807.png,0.18459469079971313,-0.027300536632537842,0.4771268367767334,-0.009906476363539696,0.017754461616277695,0.055993691086769104
frame_005807.png,frame_005808.png,0.16818395256996155,-0.01971488818526268,0.5015187859535217,0.0006048707291483879,0.0177459679543972,0.0634545236825943
frame_005808.png,frame_005809.png,0.13647618889808655,-0.011825017631053925,0.5227755904197693,-0.0017217602580785751,0.022841092199087143,0.04962898790836334
frame_005809.png,frame_005810.png,0.14331799745559692,-0.008364751935005188,0.5268010497093201,-0.01658613421022892,0.022218890488147736,0.0565887913107872
frame_005810.png,frame_005811.png,0.1566815823316574,-0.011331059038639069,0.5247851014137268,-0.029395826160907745,0.021410081535577774,0.04631923884153366
frame_005811.png,frame_005812.png,0.16334086656570435,-0.013139257207512856,0.5209797024726868,-0.025304794311523438,0.016707878559827805,0.017937861382961273
frame_005812.png,frame_005813.png,0.15746654570102692,-0.001223284751176834,0.5170927047729492,-0.018554523587226868,0.020748864859342575,0.024454575031995773
frame_005813.png,frame_005814.png,0.14651831984519958,0.01219940185546875,0.4959847629070282,-0.005867306143045425,0.0250873826444149,-0.009831990115344524
frame_005814.png,frame_005815.png,0.1618080884218216,-0.006202559918165207,0.4520464241504669,0.02487487718462944,0.019157547503709793,0.015525567345321178
frame_005815.png,frame_005816.png,0.16637495160102844,-0.005330897867679596,0.4592965543270111,0.041493263095617294,-0.003001679666340351,0.03543204069137573
frame_005816.png,frame_005817.png,0.17886659502983093,0.024867258965969086,0.4598463475704193,0.029111910611391068,0.012971511110663414,0.009732578881084919
frame_005817.png,frame_005818.png,0.17391163110733032,0.04337646812200546,0.3719165623188019,0.06422194838523865,-0.0014149202033877373,-0.00946843158453703
frame_005818.png,frame_005819.png,0.19168007373809814,0.0350978821516037,0.36583495140075684,0.05602242797613144,0.010867499746382236,0.017104290425777435
frame_005819.png,frame_005820.png,0.17721733450889587,0.04179737716913223,0.35961809754371643,0.05759231001138687,0.0050720833241939545,0.04359215870499611
frame_005820.png,frame_005821.png,0.19207246601581573,0.0647057294845581,0.3225514888763428,0.0686279907822609,0.004482747055590153,0.05377925932407379
frame_005821.png,frame_005822.png,0.19667412340641022,0.0602816641330719,0.3152483403682709,0.05867470055818558,-0.0028252238407731056,0.07439467310905457
frame_005822.png,frame_005823.png,0.2033693790435791,0.0688406452536583,0.3247058391571045,0.0611700564622879,-0.01109862606972456,0.08701561391353607
frame_005823.png,frame_005824.png,0.22529089450836182,0.07900404930114746,0.3106861412525177,0.07263369113206863,-0.004056387580931187,0.07803156971931458
frame_005824.png,frame_005825.png,0.2208956778049469,0.05669601261615753,0.29990503191947937,0.03578071668744087,-0.011425641365349293,0.0675804615020752
frame_005825.png,frame_005826.png,0.25055190920829773,0.0603599026799202,0.3004632592201233,0.051852889358997345,-0.015525062568485737,0.06353259831666946
frame_005826.png,frame_005827.png,0.2378576397895813,0.06762618571519852,0.3151131570339203,0.040724027901887894,-0.01343019213527441,0.04256487637758255
frame_005827.png,frame_005828.png,0.2557730972766876,0.06725543737411499,0.319390207529068,0.0398511104285717,-0.00788033101707697,0.04378484934568405
frame_005828.png,frame_005829.png,0.2795693278312683,0.0724378451704979,0.32657524943351746,0.048615045845508575,-0.01028564851731062,0.061162784695625305
frame_005829.png,frame_005830.png,0.27853935956954956,0.0817822590470314,0.34560626745224,0.04384187236428261,-0.00790483970195055,0.06378194689750671
frame_005830.png,frame_005831.png,0.271625280380249,0.07611367106437683,0.362535685300827,0.035101283341646194,-0.005795440636575222,0.05656740069389343
frame_005831.png,frame_005832.png,0.27005618810653687,0.07621573656797409,0.3654218316078186,0.038244716823101044,-0.006241762079298496,0.053246885538101196
frame_005832.png,frame_005833.png,0.26637932658195496,0.06898238509893417,0.36757224798202515,0.03884096071124077,-0.0058678025379776955,0.05279117822647095
frame_005833.png,frame_005834.png,0.2552766501903534,0.04976194351911545,0.38466811180114746,0.03745141625404358,-0.004609343595802784,0.047760508954524994
frame_005834.png,frame_005835.png,0.2325473427772522,0.03451132774353027,0.3969208896160126,0.033788274973630905,-0.0053336964920163155,0.03936826437711716
frame_005835.png,frame_005836.png,0.2142304927110672,0.02430659532546997,0.41542908549308777,0.03341255336999893,-0.0070405276492238045,0.032511934638023376
frame_005836.png,frame_005837.png,0.19656094908714294,0.01768103986978531,0.4346982538700104,0.040229685604572296,-0.007669275626540184,0.02822824940085411
frame_005837.png,frame_005838.png,0.1866375058889389,0.017626821994781494,0.4470747411251068,0.04140996187925339,-0.00959381926804781,0.03171501308679581
frame_005838.png,frame_005839.png,0.18021512031555176,0.016669437289237976,0.45221203565597534,0.03547660633921623,-0.010890412144362926,0.03720911219716072
frame_005839.png,frame_005840.png,0.17540699243545532,0.02073175460100174,0.4515185058116913,0.0342671200633049,-0.011388144455850124,0.04043879359960556
frame_005840.png,frame_005841.png,0.16798633337020874,0.023806631565093994,0.4535687267780304,0.03430556133389473,-0.01075803767889738,0.041980668902397156
frame_005841.png,frame_005842.png,0.16009555757045746,0.02811579406261444,0.4465736746788025,0.03579537570476532,-0.00986489001661539,0.041911087930202484
frame_005842.png,frame_005843.png,0.15414828062057495,0.034132219851017,0.4394902288913727,0.03445373848080635,-0.00963792484253645,0.037286385893821716
frame_005843.png,frame_005844.png,0.14950114488601685,0.04062355309724808,0.4318971335887909,0.028882045298814774,-0.009448620490729809,0.02858339250087738
frame_005844.png,frame_005845.png,0.15058697760105133,0.04803698509931564,0.4288744032382965,0.026682347059249878,-0.008588158525526524,0.02225589007139206
frame_005845.png,frame_005846.png,0.1527857780456543,0.048594310879707336,0.4246341288089752,0.03043917939066887,-0.009539649821817875,0.016310669481754303
frame_005846.png,frame_005847.png,0.1530073583126068,0.0363113209605217,0.43123236298561096,0.036537054926157,-0.005456501618027687,0.019752420485019684
frame_005847.png,frame_005848.png,0.16135311126708984,0.04041055589914322,0.44661960005760193,0.03327718377113342,-0.00014891847968101501,0.01583373174071312
frame_005848.png,frame_005849.png,0.1786755919456482,0.029285207390785217,0.4450377821922302,0.05298332870006561,0.00025834329426288605,0.02832482010126114
frame_005849.png,frame_005850.png,0.1807471215724945,0.029266245663166046,0.4280235469341278,0.054531943053007126,-0.00012570759281516075,0.025537297129631042
frame_005850.png,frame_005851.png,0.2080732136964798,0.04191897064447403,0.4111882150173187,0.04228755086660385,-0.0033988626673817635,0.03005463257431984
frame_005851.png,frame_005852.png,0.20529958605766296,0.03770861029624939,0.4398851692676544,0.019019171595573425,0.009080094285309315,0.037070855498313904
frame_005852.png,frame_005853.png,0.18799811601638794,0.03655245155096054,0.4420505464076996,0.012137816287577152,0.014048779383301735,0.03605528175830841
frame_005853.png,frame_005854.png,0.17995482683181763,0.047847338020801544,0.4486481845378876,-0.013012605719268322,0.025409754365682602,0.042975619435310364
frame_005854.png,frame_005855.png,0.1869002878665924,0.030047975480556488,0.4669347107410431,-0.019184332340955734,0.03114103525876999,0.05679289251565933
frame_005855.png,frame_005856.png,0.195179745554924,0.02097291499376297,0.4474717974662781,-0.03508207947015762,0.030742783099412918,0.05106120556592941
frame_005856.png,frame_005857.png,0.19196666777133942,0.028035886585712433,0.42737364768981934,-0.055496204644441605,0.02944330871105194,0.053044773638248444
frame_005857.png,frame_005858.png,0.1903456449508667,0.03945571929216385,0.4235357940196991,-0.06520049273967743,0.028868168592453003,0.057077556848526
frame_005858.png,frame_005859.png,0.19983771443367004,0.04406578838825226,0.40954819321632385,-0.06920582801103592,0.029842056334018707,0.045374393463134766
frame_005859.png,frame_005860.png,0.19492675364017487,0.05125540494918823,0.41207635402679443,-0.06868833303451538,0.023458827286958694,0.04169939458370209
frame_005860.png,frame_005861.png,0.2004089206457138,0.03549959510564804,0.419522225856781,-0.060496218502521515,0.024088069796562195,0.04693150892853737
frame_005861.png,frame_005862.png,0.1957775056362152,0.027240239083766937,0.4202812910079956,-0.03655662387609482,0.023475535213947296,0.049640439450740814
frame_005862.png,frame_005863.png,0.20369204878807068,0.023875154554843903,0.4030773639678955,-0.006182813085615635,0.016116581857204437,0.06222844123840332
frame_005863.png,frame_005864.png,0.20653817057609558,0.021296463906764984,0.3987008035182953,-0.007437434978783131,0.017780745401978493,0.0652853474020958
frame_005864.png,frame_005865.png,0.2160281240940094,0.020690560340881348,0.37295225262641907,0.006860009394586086,0.021552231162786484,0.07010497152805328
frame_005865.png,frame_005866.png,0.22051164507865906,0.01806558296084404,0.35647156834602356,0.01247501838952303,0.022362520918250084,0.06731235980987549
frame_005866.png,frame_005867.png,0.22074556350708008,0.016030408442020416,0.34494414925575256,0.007812312804162502,0.022475440055131912,0.05106703191995621
frame_005867.png,frame_005868.png,0.21152928471565247,0.01893419399857521,0.34638431668281555,-0.002667161636054516,0.024537820369005203,0.02931063622236252
frame_005868.png,frame_005869.png,0.19998076558113098,0.017670538276433945,0.34233465790748596,-0.007281406782567501,0.02494659274816513,0.012310043908655643
frame_005869.png,frame_005870.png,0.1913948506116867,0.01340152695775032,0.33918121457099915,-0.00852267537266016,0.024864528328180313,0.0024278080090880394
frame_005870.png,frame_005871.png,0.18500083684921265,0.008804749697446823,0.33496522903442383,-0.007271463982760906,0.025299716740846634,-0.0044299280270934105
frame_005871.png,frame_005872.png,0.1814996600151062,0.004075195640325546,0.32894763350486755,-0.003982148133218288,0.02701490744948387,-0.011104817502200603
frame_005872.png,frame_005873.png,0.17562177777290344,0.0022035427391529083,0.3262884318828583,-0.00587585661560297,0.026883408427238464,-0.01783878728747368
frame_005873.png,frame_005874.png,0.16608135402202606,0.0002685263752937317,0.3259173333644867,-0.006765818223357201,0.02605465054512024,-0.021792463958263397
frame_005874.png,frame_005875.png,0.1636294424533844,0.0005132332444190979,0.33148860931396484,-0.008174852468073368,0.02669808268547058,-0.02016133815050125
frame_005875.png,frame_005876.png,0.14975839853286743,-0.0006691701710224152,0.33902332186698914,-0.016690172255039215,0.02328888326883316,-0.024326521903276443
frame_005876.png,frame_005877.png,0.1423909068107605,-0.0004128292202949524,0.3479561507701874,-0.018336471170186996,0.02208223193883896,-0.02131769433617592
frame_005877.png,frame_005878.png,0.1339283585548401,-0.003400847315788269,0.35247012972831726,-0.018242530524730682,0.02146322652697563,-0.025249268859624863
frame_005878.png,frame_005879.png,0.13654176890850067,-0.0056259408593177795,0.35331711173057556,-0.018317095935344696,0.023382164537906647,-0.031077299267053604
frame_005879.png,frame_005880.png,0.137320876121521,-0.0070314183831214905,0.349338561296463,-0.018655069172382355,0.022337298840284348,-0.03847423940896988
frame_005880.png,frame_005881.png,0.13740360736846924,-0.007796924561262131,0.35135719180107117,-0.02167157456278801,0.020504333078861237,-0.04003610089421272
frame_005881.png,frame_005882.png,0.1330239176750183,-0.012324223294854164,0.3568316102027893,-0.020321916788816452,0.020906655117869377,-0.041314151138067245
frame_005882.png,frame_005883.png,0.12437400221824646,-0.019639605656266212,0.3706859350204468,-0.02016090601682663,0.02259550243616104,-0.036768145859241486
frame_005883.png,frame_005884.png,0.11171462386846542,-0.027527226135134697,0.3855060935020447,-0.016995634883642197,0.02361816167831421,-0.031568627804517746
frame_005884.png,frame_005885.png,0.10142422467470169,-0.03375806286931038,0.39645424485206604,-0.014554545283317566,0.02305123582482338,-0.026026979088783264
frame_005885.png,frame_005886.png,0.0943700298666954,-0.03690105304121971,0.4018581807613373,-0.012197527103126049,0.022080503404140472,-0.022150401026010513
frame_005886.png,frame_005887.png,0.09756278991699219,-0.03312144801020622,0.39662015438079834,-0.011663275770843029,0.021163608878850937,-0.02137940004467964
frame_005887.png,frame_005888.png,0.10343218594789505,-0.028906702995300293,0.3865479826927185,-0.011489386670291424,0.021719608455896378,-0.021343674510717392
frame_005888.png,frame_005889.png,0.11146589368581772,-0.024404538795351982,0.3720153272151947,-0.010326305404305458,0.02122894860804081,-0.02056092768907547
frame_005889.png,frame_005890.png,0.11724688112735748,-0.017998937517404556,0.35762110352516174,-0.00757458433508873,0.01895134523510933,-0.019461743533611298
frame_005890.png,frame_005891.png,0.11911366879940033,-0.014110304415225983,0.34672147035598755,-0.004581663757562637,0.01571224257349968,-0.01869344711303711
frame_005891.png,frame_005892.png,0.11367599666118622,-0.0167012307792902,0.3424282968044281,-0.007081299088895321,0.01599414274096489,-0.011707491241395473
frame_005892.png,frame_005893.png,0.11552762985229492,-0.017249304801225662,0.3334035873413086,-0.010694707743823528,0.018318790942430496,-0.007737572304904461
frame_005893.png,frame_005894.png,0.11750410497188568,-0.019572138786315918,0.33526381850242615,-0.011074140667915344,0.021192263811826706,-0.004451422952115536
frame_005894.png,frame_005895.png,0.11048334091901779,-0.02604377269744873,0.3481506407260895,-0.01069770846515894,0.023378681391477585,-0.00026093702763319016
frame_005895.png,frame_005896.png,0.1014552116394043,-0.034239012748003006,0.3685179352760315,-0.009571034461259842,0.025597408413887024,0.0045200372114777565
frame_005896.png,frame_005897.png,0.09075766801834106,-0.04247609153389931,0.38648778200149536,-0.007473642937839031,0.02713315188884735,0.008727203123271465
frame_005897.png,frame_005898.png,0.08137695491313934,-0.04491420090198517,0.39138278365135193,-0.006097445264458656,0.023953504860401154,0.010073485784232616
frame_005898.png,frame_005899.png,0.08228924125432968,-0.039195381104946136,0.37914302945137024,-0.003185044974088669,0.01961982622742653,0.005900208838284016
frame_005899.png,frame_005900.png,0.10192306339740753,-0.032547399401664734,0.3680432140827179,0.002346743829548359,0.022952988743782043,-0.0009174412116408348
frame_005900.png,frame_005901.png,0.09994732588529587,-0.029201507568359375,0.37039807438850403,0.004571877419948578,0.021392550319433212,-0.00855912547558546
frame_005901.png,frame_005902.png,0.07781779766082764,-0.040557995438575745,0.417878657579422,-0.004247456789016724,0.01837996579706669,-0.009311958216130733
frame_005902.png,frame_005903.png,0.0793290063738823,-0.03885822743177414,0.43370071053504944,-0.0200010035187006,0.016068246215581894,-0.02129106968641281
frame_005903.png,frame_005904.png,0.0928465723991394,-0.012075236067175865,0.42921456694602966,-0.028013404458761215,0.018111538141965866,-0.05176975205540657
frame_005904.png,frame_005905.png,0.12683625519275665,0.003084331750869751,0.4090604782104492,-0.047612011432647705,0.026965122669935226,-0.06010980159044266
frame_005905.png,frame_005906.png,0.17769044637680054,0.013124071061611176,0.3492216169834137,-0.016664177179336548,0.020861659198999405,-0.06751815974712372
frame_005906.png,frame_005907.png,0.1878076195716858,0.024647273123264313,0.3471294343471527,-0.012358400039374828,0.029632043093442917,-0.08693996071815491
frame_005907.png,frame_005908.png,0.2024095356464386,0.01453036442399025,0.3380851447582245,0.007324713282287121,0.022813916206359863,-0.056598324328660965
frame_005908.png,frame_005909.png,0.2007794976234436,0.0066097192466259,0.327816367149353,0.021265603601932526,0.012255129404366016,-0.055624768137931824
frame_005909.png,frame_005910.png,0.2604287266731262,0.01840740069746971,0.3405570685863495,0.02067277953028679,0.019111253321170807,-0.05055999755859375
frame_005910.png,frame_005911.png,0.2621781826019287,0.0017954930663108826,0.3181461989879608,0.025998596101999283,0.008628509007394314,-0.002872415818274021
frame_005911.png,frame_005912.png,0.23787811398506165,0.01821170374751091,0.35464489459991455,0.0023595253005623817,0.0035690097138285637,-0.01715262606739998
frame_005912.png,frame_005913.png,0.2137044072151184,0.016595158725976944,0.3988041877746582,-0.012180925346910954,0.005892475135624409,-0.010606824420392513
frame_005913.png,frame_005914.png,0.19263827800750732,0.009215712547302246,0.42814138531684875,-0.01828453689813614,0.009816021658480167,-0.0022727707400918007
frame_005914.png,frame_005915.png,0.17524148523807526,0.003476373851299286,0.44755423069000244,-0.022869933396577835,0.012385648675262928,0.005593162961304188
frame_005915.png,frame_005916.png,0.16252586245536804,-0.001133795827627182,0.4583781361579895,-0.02483406662940979,0.014072082936763763,0.00952084455639124
frame_005916.png,frame_005917.png,0.14522072672843933,-0.002377241849899292,0.4662490487098694,-0.02925628423690796,0.014541341923177242,0.012453471310436726
frame_005917.png,frame_005918.png,0.12913896143436432,-0.0037649795413017273,0.4680187702178955,-0.03431922569870949,0.016036048531532288,0.018386390060186386
frame_005918.png,frame_005919.png,0.11898501217365265,-0.013081803917884827,0.4581921398639679,-0.03427640348672867,0.016380205750465393,0.02605583891272545
frame_005919.png,frame_005920.png,0.1160319447517395,-0.021350599825382233,0.45060911774635315,-0.03707063943147659,0.01700097694993019,0.0278097465634346
frame_005920.png,frame_005921.png,0.10778988152742386,-0.026676084846258163,0.444086492061615,-0.038109369575977325,0.02437395602464676,0.011435816995799541
frame_005921.png,frame_005922.png,0.1016630008816719,-0.03285888582468033,0.4466167390346527,-0.03660173714160919,0.025097891688346863,-0.004198097623884678
frame_005922.png,frame_005923.png,0.11066518723964691,-0.03680720180273056,0.4279574453830719,-0.01679345592856407,0.02403368055820465,-0.014819619245827198
frame_005923.png,frame_005924.png,0.10519041866064072,-0.03522254154086113,0.3997514545917511,0.0039447518065571785,0.014738211408257484,-0.011821920983493328
frame_005924.png,frame_005925.png,0.09319835901260376,-0.03054475225508213,0.36805909872055054,0.026566829532384872,0.00996081531047821,-0.027803685516119003
frame_005925.png,frame_005926.png,0.07220043241977692,-0.016461938619613647,0.3721541464328766,0.022634729743003845,0.01202180702239275,-0.04609363526105881
frame_005926.png,frame_005927.png,0.0629824697971344,-0.003990858793258667,0.3786514699459076,0.014823735691606998,0.0179857537150383,-0.04957014322280884
