frame,x,y,z,rx,ry,rz
frame_000000.png,0.0,0.0,0.0,0.0,0.0,0.0
frame_000001.png,0.04566968232393265,0.06433078646659851,-0.07662227004766464,-0.08134873956441879,-0.0919993668794632,0.05099821463227272
frame_000002.png,0.0965801477432251,0.12853401899337769,-0.15397986769676208,-0.16712680459022522,-0.18538233637809753,0.09974630177021027
frame_000003.png,0.1526636928319931,0.19670164585113525,-0.2338293194770813,-0.2540505528450012,-0.27976691722869873,0.14742107689380646
frame_000004.png,0.2125464677810669,0.26735633611679077,-0.31592684984207153,-0.3384854793548584,-0.3749215602874756,0.19554798305034637
frame_000005.png,0.2740921378135681,0.33977213501930237,-0.4001316428184509,-0.41891157627105713,-0.4720563292503357,0.24415987730026245
frame_000006.png,0.33685123920440674,0.4123786389827728,-0.48841094970703125,-0.495358943939209,-0.5707844495773315,0.29281002283096313
frame_000007.png,0.4012759327888489,0.48443785309791565,-0.5800377130508423,-0.5687766671180725,-0.6715793609619141,0.33952784538269043
frame_000008.png,0.4666441082954407,0.5558546781539917,-0.6737648248672485,-0.6383724808692932,-0.7750483751296997,0.38537323474884033
frame_000009.png,0.531656801700592,0.6278246641159058,-0.7689346671104431,-0.7054042816162109,-0.880407452583313,0.43086397647857666
frame_000010.png,0.5978536605834961,0.7011213898658752,-0.8651553988456726,-0.7720237970352173,-0.9877444505691528,0.4756201207637787
frame_000011.png,0.665540337562561,0.7753725051879883,-0.9629265069961548,-0.8383439183235168,-1.0983222723007202,0.5207152962684631
frame_000012.png,0.7348379492759705,0.8507281541824341,-1.0614930391311646,-0.9035177230834961,-1.2140798568725586,0.5655459761619568
frame_000013.png,0.8055799007415771,0.9266077280044556,-1.1598893404006958,-0.967943549156189,-1.3346915245056152,0.6121136546134949
frame_000014.png,0.8778825998306274,1.003701090812683,-1.2577579021453857,-1.0322245359420776,-1.456790804862976,0.6610016226768494
frame_000015.png,0.950488805770874,1.081737756729126,-1.3548320531845093,-1.0969876050949097,-1.5796518325805664,0.7103220820426941
frame_000016.png,1.0235596895217896,1.1604732275009155,-1.454018235206604,-1.162888765335083,-1.7026903629302979,0.7593199014663696
frame_000017.png,1.0990344285964966,1.2401328086853027,-1.553889274597168,-1.2317100763320923,-1.8245104551315308,0.8090164661407471
frame_000018.png,1.1754924058914185,1.3205457925796509,-1.655321717262268,-1.3031412363052368,-1.943041443824768,0.8626108765602112
frame_000019.png,1.2514721155166626,1.4003299474716187,-1.7576189041137695,-1.379106044769287,-2.058598041534424,0.9185501933097839
frame_000020.png,1.3265165090560913,1.479821801185608,-1.8603957891464233,-1.4588932991027832,-2.1718435287475586,0.9765451550483704
frame_000021.png,1.3999900817871094,1.557969331741333,-1.961966633796692,-1.5427063703536987,-2.282409191131592,1.0345678329467773
frame_000022.png,1.473382592201233,1.6340311765670776,-2.063763380050659,-1.629709005355835,-2.3906056880950928,1.0906990766525269
frame_000023.png,1.5468007326126099,1.7088316679000854,-2.1661057472229004,-1.7198173999786377,-2.497943639755249,1.1460992097854614
frame_000024.png,1.6199538707733154,1.780070185661316,-2.2674050331115723,-1.8124134540557861,-2.605001449584961,1.199259877204895
frame_000025.png,1.6939404010772705,1.8476333618164062,-2.37026047706604,-1.9076610803604126,-2.710500955581665,1.252578616142273
frame_000026.png,1.7686036825180054,1.9147026538848877,-2.472348690032959,-2.005284070968628,-2.812241315841675,1.3071177005767822
frame_000027.png,1.843964695930481,1.9792863130569458,-2.572765827178955,-2.1036746501922607,-2.9132578372955322,1.3628662824630737
frame_000028.png,1.9200139045715332,2.041259765625,-2.6720099449157715,-2.2031302452087402,-3.0114798545837402,1.4211146831512451
frame_000029.png,1.998497486114502,2.102191209793091,-2.7704451084136963,-2.3024466037750244,-3.1072232723236084,1.4807895421981812
frame_000030.png,2.080371856689453,2.164179801940918,-2.8687779903411865,-2.399109363555908,-3.2020246982574463,1.5413818359375
frame_000031.png,2.1655683517456055,2.226901054382324,-2.964827299118042,-2.494420051574707,-3.296466827392578,1.6036206483840942
frame_000032.png,2.252889633178711,2.2907347679138184,-3.057798385620117,-2.5877466201782227,-3.39182448387146,1.6667041778564453
frame_000033.png,2.342979669570923,2.355365514755249,-3.1500320434570312,-2.6775927543640137,-3.487643241882324,1.7288997173309326
frame_000034.png,2.435109853744507,2.420994520187378,-3.2405014038085938,-2.7651970386505127,-3.5837409496307373,1.7900643348693848
frame_000035.png,2.528322696685791,2.486666440963745,-3.332350015640259,-2.8504891395568848,-3.6798670291900635,1.8518471717834473
frame_000036.png,2.622093439102173,2.552581548690796,-3.4239096641540527,-2.9344840049743652,-3.776951551437378,1.9153677225112915
frame_000037.png,2.714885950088501,2.619039535522461,-3.5133025646209717,-3.0201895236968994,-3.875016212463379,1.9792879819869995
frame_000038.png,2.8055343627929688,2.6865904331207275,-3.6010119915008545,-3.1069393157958984,-3.972776174545288,2.0418739318847656
frame_000039.png,2.8946423530578613,2.7563188076019287,-3.6878480911254883,-3.1960108280181885,-4.068777084350586,2.102752447128296
frame_000040.png,2.9828386306762695,2.8273415565490723,-3.7742679119110107,-3.2874531745910645,-4.162683963775635,2.162245750427246
frame_000041.png,3.071762800216675,2.8998188972473145,-3.858916759490967,-3.37776780128479,-4.255430698394775,2.220710039138794
frame_000042.png,3.1605045795440674,2.9748356342315674,-3.9397199153900146,-3.4668610095977783,-4.349874019622803,2.2789924144744873
frame_000043.png,3.2496440410614014,3.048990249633789,-4.016448020935059,-3.5578250885009766,-4.446533203125,2.337249517440796
frame_000044.png,3.339768409729004,3.120729684829712,-4.08998966217041,-3.6517703533172607,-4.54328727722168,2.3970530033111572
frame_000045.png,3.4311561584472656,3.189350128173828,-4.160516738891602,-3.7451345920562744,-4.640731334686279,2.4575865268707275
frame_000046.png,3.522603988647461,3.2552833557128906,-4.228975296020508,-3.839676856994629,-4.738687992095947,2.5166568756103516
frame_000047.png,3.6153488159179688,3.318474292755127,-4.297863006591797,-3.9344820976257324,-4.836338520050049,2.5748047828674316
frame_000048.png,3.7094554901123047,3.381669759750366,-4.370283126831055,-4.026953220367432,-4.934153079986572,2.6331093311309814
frame_000049.png,3.8063111305236816,3.4455726146698,-4.4449143409729,-4.1200056076049805,-5.032195568084717,2.6930370330810547
frame_000050.png,3.9054343700408936,3.511927604675293,-4.522224426269531,-4.214785575866699,-5.129600524902344,2.7549426555633545
frame_000051.png,4.0060343742370605,3.578575849533081,-4.598663806915283,-4.314214706420898,-5.227546215057373,2.8176844120025635
frame_000052.png,4.107644081115723,3.6434381008148193,-4.673971652984619,-4.417247772216797,-5.328362464904785,2.8814949989318848
frame_000053.png,4.209503650665283,3.70574688911438,-4.748413562774658,-4.52435827255249,-5.431840419769287,2.9453625679016113
frame_000054.png,4.311337947845459,3.7654521465301514,-4.823840141296387,-4.633562088012695,-5.536007404327393,3.00889253616333
frame_000055.png,4.412876605987549,3.8248162269592285,-4.898906707763672,-4.745440483093262,-5.638063430786133,3.0715177059173584
frame_000056.png,4.513553619384766,3.88372540473938,-4.973354339599609,-4.856438159942627,-5.736706733703613,3.134955406188965
frame_000057.png,4.613149166107178,3.942335605621338,-5.047562599182129,-4.966592311859131,-5.83359432220459,3.198786735534668
frame_000058.png,4.712807655334473,4.001842498779297,-5.120835781097412,-5.077150821685791,-5.929542064666748,3.2618188858032227
frame_000059.png,4.812556266784668,4.063387870788574,-5.192609786987305,-5.187405586242676,-6.026543140411377,3.3213837146759033
frame_000060.png,4.910768508911133,4.12673807144165,-5.263863563537598,-5.296629905700684,-6.126486301422119,3.3799538612365723
frame_000061.png,5.0059051513671875,4.189640045166016,-5.333215236663818,-5.406182289123535,-6.226723670959473,3.4387614727020264
frame_000062.png,5.09916353225708,4.252389430999756,-5.402882099151611,-5.511876583099365,-6.326688289642334,3.4983479976654053
frame_000063.png,5.190725326538086,4.3133544921875,-5.471162796020508,-5.615096092224121,-6.423736095428467,3.5592875480651855
frame_000064.png,5.280057907104492,4.3742194175720215,-5.5398850440979,-5.71737003326416,-6.516751289367676,3.620063543319702
frame_000065.png,5.369018077850342,4.435035705566406,-5.610261917114258,-5.82037878036499,-6.607605934143066,3.6792807579040527
frame_000066.png,5.459671974182129,4.494392395019531,-5.68144416809082,-5.923574447631836,-6.699024200439453,3.7371439933776855
frame_000067.png,5.552109241485596,4.552915096282959,-5.7535529136657715,-6.028637409210205,-6.790184497833252,3.792022943496704
frame_000068.png,5.645714282989502,4.611015319824219,-5.827260494232178,-6.134958267211914,-6.881709098815918,3.8446033000946045
frame_000069.png,5.741579055786133,4.668834686279297,-5.903261661529541,-6.243460655212402,-6.974231243133545,3.8962981700897217
frame_000070.png,5.838388442993164,4.72561502456665,-5.982044219970703,-6.3554768562316895,-7.065245151519775,3.947737455368042
frame_000071.png,5.934961795806885,4.78220272064209,-6.061157703399658,-6.468505859375,-7.156448841094971,4.000098705291748
frame_000072.png,6.02952766418457,4.839089393615723,-6.139657974243164,-6.579916000366211,-7.248523712158203,4.052841663360596
frame_000073.png,6.1230316162109375,4.897244453430176,-6.219813346862793,-6.689175128936768,-7.341095924377441,4.105650424957275
frame_000074.png,6.217808246612549,4.9550089836120605,-6.302067279815674,-6.796867847442627,-7.434677600860596,4.159005165100098
frame_000075.png,6.313515663146973,5.011395454406738,-6.386204242706299,-6.905771732330322,-7.526181221008301,4.212508201599121
frame_000076.png,6.409844398498535,5.067026138305664,-6.471825122833252,-7.011865615844727,-7.615254878997803,4.26429557800293
frame_000077.png,6.507646083831787,5.122468948364258,-6.560750484466553,-7.117437362670898,-7.700492858886719,4.3127899169921875
frame_000078.png,6.6071648597717285,5.177892208099365,-6.651038646697998,-7.22479248046875,-7.782738208770752,4.3597092628479
frame_000079.png,6.70864725112915,5.232634544372559,-6.7407121658325195,-7.336095333099365,-7.863554000854492,4.405827045440674
frame_000080.png,6.809301376342773,5.287608623504639,-6.8311076164245605,-7.445188999176025,-7.947328090667725,4.451120853424072
frame_000081.png,6.908350467681885,5.343625068664551,-6.921701908111572,-7.550731182098389,-8.034836769104004,4.4961442947387695
frame_000082.png,7.006572723388672,5.399312496185303,-7.011425971984863,-7.654576301574707,-8.126971244812012,4.540948867797852
frame_000083.png,7.103245258331299,5.453948974609375,-7.100723743438721,-7.754709720611572,-8.224757194519043,4.585287570953369
frame_000084.png,7.198877811431885,5.506770133972168,-7.188472270965576,-7.851014137268066,-8.325745582580566,4.6301655769348145
frame_000085.png,7.294830322265625,5.559815883636475,-7.2763237953186035,-7.944781303405762,-8.430078506469727,4.675244331359863
frame_000086.png,7.391171932220459,5.614117622375488,-7.364819049835205,-8.036530494689941,-8.537208557128906,4.720276832580566
frame_000087.png,7.48663854598999,5.667933464050293,-7.453458786010742,-8.127253532409668,-8.648365020751953,4.766046524047852
frame_000088.png,7.581383228302002,5.7221269607543945,-7.5433349609375,-8.219219207763672,-8.762843132019043,4.814739227294922
frame_000089.png,7.675812244415283,5.777085781097412,-7.633200645446777,-8.309977531433105,-8.879340171813965,4.8640570640563965
frame_000090.png,7.769270896911621,5.833162784576416,-7.721980094909668,-8.399938583374023,-8.994776725769043,4.914811134338379
frame_000091.png,7.860331058502197,5.89160680770874,-7.8106369972229,-8.490373611450195,-9.110349655151367,4.967663288116455
frame_000092.png,7.94962739944458,5.953461647033691,-7.899353504180908,-8.580495834350586,-9.22584056854248,5.02032995223999
frame_000093.png,8.038145065307617,6.017657279968262,-7.987381458282471,-8.670296669006348,-9.340166091918945,5.073185443878174
frame_000094.png,8.125532150268555,6.083420276641846,-8.072210311889648,-8.762484550476074,-9.454835891723633,5.126337051391602
frame_000095.png,8.21091365814209,6.1509599685668945,-8.154864311218262,-8.856401443481445,-9.57064437866211,5.180098533630371
frame_000096.png,8.295262336730957,6.219773769378662,-8.23486042022705,-8.95230484008789,-9.688382148742676,5.235796928405762
frame_000097.png,8.378780364990234,6.286202430725098,-8.313071250915527,-9.0499906539917,-9.805658340454102,5.291703701019287
frame_000098.png,8.462438583374023,6.351831436157227,-8.39224624633789,-9.14756965637207,-9.921318054199219,5.347804069519043
frame_000099.png,8.54682445526123,6.4176554679870605,-8.472880363464355,-9.244865417480469,-10.03574275970459,5.405014514923096
frame_000100.png,8.630669593811035,6.483161926269531,-8.553738594055176,-9.340357780456543,-10.149972915649414,5.462672233581543
frame_000101.png,8.712249755859375,6.547738552093506,-8.63267993927002,-9.433934211730957,-10.264777183532715,5.520265579223633
frame_000102.png,8.790921211242676,6.611545085906982,-8.709399223327637,-9.526272773742676,-10.37869930267334,5.57735013961792
frame_000103.png,8.867633819580078,6.6747565269470215,-8.784412384033203,-9.61783504486084,-10.492340087890625,5.634922027587891
frame_000104.png,8.941543579101562,6.736063480377197,-8.856447219848633,-9.70828628540039,-10.60706615447998,5.691396713256836
frame_000105.png,9.01339340209961,6.795068740844727,-8.927738189697266,-9.795868873596191,-10.723617553710938,5.74664831161499
frame_000106.png,9.08265495300293,6.851764678955078,-8.997390747070312,-9.883964538574219,-10.843032836914062,5.800119400024414
frame_000107.png,9.152639389038086,6.906503677368164,-9.066296577453613,-9.97226333618164,-10.965561866760254,5.852580547332764
frame_000108.png,9.221763610839844,6.959704399108887,-9.136260032653809,-10.060277938842773,-11.089981079101562,5.904831409454346
frame_000109.png,9.29074478149414,7.014288425445557,-9.207598686218262,-10.147713661193848,-11.215285301208496,5.955188751220703
frame_000110.png,9.360466003417969,7.0675153732299805,-9.278948783874512,-10.236050605773926,-11.339679718017578,6.0046067237854
frame_000111.png,9.431066513061523,7.11625337600708,-9.350756645202637,-10.325218200683594,-11.461647033691406,6.053448677062988
frame_000112.png,9.50236701965332,7.165256500244141,-9.423358917236328,-10.414787292480469,-11.580757141113281,6.100207328796387
frame_000113.png,9.574030876159668,7.214965343475342,-9.497039794921875,-10.502962112426758,-11.698301315307617,6.146495342254639
frame_000114.png,9.644814491271973,7.266199111938477,-9.572572708129883,-10.589580535888672,-11.814642906188965,6.1932573318481445
frame_000115.png,9.712799072265625,7.317649841308594,-9.649227142333984,-10.674124717712402,-11.930758476257324,6.240360736846924
frame_000116.png,9.777321815490723,7.3703718185424805,-9.725282669067383,-10.75848388671875,-12.047039031982422,6.288968563079834
frame_000117.png,9.83989429473877,7.424038887023926,-9.800806999206543,-10.843177795410156,-12.163479804992676,6.340386867523193
frame_000118.png,9.902410507202148,7.4787492752075195,-9.878170013427734,-10.926923751831055,-12.27950668334961,6.39461088180542
frame_000119.png,9.965831756591797,7.533261299133301,-9.956757545471191,-11.009515762329102,-12.395562171936035,6.451804161071777
frame_000120.png,10.032097816467285,7.587903022766113,-10.033974647521973,-11.092555046081543,-12.512168884277344,6.510830402374268
frame_000121.png,10.10027027130127,7.642857074737549,-10.11094856262207,-11.177678108215332,-12.627788543701172,6.569788932800293
frame_000122.png,10.171323776245117,7.699557781219482,-10.19188117980957,-11.260502815246582,-12.742098808288574,6.629293918609619
frame_000123.png,10.242566108703613,7.759052753448486,-10.274866104125977,-11.342877388000488,-12.85766887664795,6.689517021179199
frame_000124.png,10.312765121459961,7.82064962387085,-10.359051704406738,-11.426130294799805,-12.975479125976562,6.750999450683594
frame_000125.png,10.381255149841309,7.883755683898926,-10.44385814666748,-11.510054588317871,-13.093976974487305,6.815174102783203
frame_000126.png,10.447857856750488,7.94612455368042,-10.529778480529785,-11.59774112701416,-13.212064743041992,6.8818359375
frame_000127.png,10.515117645263672,8.00842571258545,-10.619120597839355,-11.687100410461426,-13.328885078430176,6.949960231781006
frame_000128.png,10.580721855163574,8.071625709533691,-10.708076477050781,-11.778077125549316,-13.442285537719727,7.017278671264648
frame_000129.png,10.644070625305176,8.136816024780273,-10.79653549194336,-11.868855476379395,-13.555867195129395,7.080212116241455
frame_000130.png,10.708151817321777,8.203186988830566,-10.885217666625977,-11.960000038146973,-13.671831130981445,7.138554573059082
frame_000131.png,10.775222778320312,8.268770217895508,-10.974862098693848,-12.051373481750488,-13.790202140808105,7.195658206939697
frame_000132.png,10.846111297607422,8.332586288452148,-11.06795597076416,-12.14380168914795,-13.910935401916504,7.2525954246521
frame_000133.png,10.919936180114746,8.39449691772461,-11.164407730102539,-12.23660945892334,-14.032793998718262,7.309713840484619
frame_000134.png,10.995450019836426,8.456511497497559,-11.262345314025879,-12.332322120666504,-14.15620231628418,7.368436813354492
frame_000135.png,11.07082748413086,8.520079612731934,-11.361495971679688,-12.428564071655273,-14.28089714050293,7.425031661987305
frame_000136.png,11.14649486541748,8.582645416259766,-11.463067054748535,-12.523563385009766,-14.402997970581055,7.481114864349365
frame_000137.png,11.223031044006348,8.647099494934082,-11.567047119140625,-12.615852355957031,-14.52315902709961,7.536889553070068
frame_000138.png,11.29977035522461,8.713558197021484,-11.671049118041992,-12.706151008605957,-14.64087963104248,7.5936360359191895
frame_000139.png,11.37519359588623,8.779216766357422,-11.776105880737305,-12.79340934753418,-14.75818920135498,7.650958061218262
frame_000140.png,11.450348854064941,8.843300819396973,-11.881723403930664,-12.878703117370605,-14.875014305114746,7.7090559005737305
frame_000141.png,11.524785995483398,8.90573501586914,-11.987034797668457,-12.963725090026855,-14.990996360778809,7.767390727996826
frame_000142.png,11.599852561950684,8.96589183807373,-12.091679573059082,-13.045992851257324,-15.106912612915039,7.825002670288086
frame_000143.png,11.674322128295898,9.024958610534668,-12.197206497192383,-13.127840042114258,-15.222103118896484,7.882101535797119
frame_000144.png,11.747885704040527,9.08379077911377,-12.305449485778809,-13.208037376403809,-15.336784362792969,7.939902305603027
frame_000145.png,11.821799278259277,9.14175796508789,-12.413536071777344,-13.28779125213623,-15.452380180358887,7.997264385223389
frame_000146.png,11.897048950195312,9.199556350708008,-12.519782066345215,-13.36701488494873,-15.570869445800781,8.053231239318848
frame_000147.png,11.975008964538574,9.257258415222168,-12.623730659484863,-13.445426940917969,-15.69129467010498,8.108390808105469
frame_000148.png,12.054932594299316,9.315213203430176,-12.725834846496582,-13.522096633911133,-15.812912940979004,8.161770820617676
frame_000149.png,12.135627746582031,9.37325668334961,-12.824481964111328,-13.598341941833496,-15.933018684387207,8.216706275939941
frame_000150.png,12.216415405273438,9.430615425109863,-12.920573234558105,-13.674324989318848,-16.051485061645508,8.272647857666016
frame_000151.png,12.296168327331543,9.486113548278809,-13.014284133911133,-13.751834869384766,-16.170303344726562,8.328746795654297
frame_000152.png,12.374088287353516,9.539700508117676,-13.106365203857422,-13.832487106323242,-16.29001808166504,8.38451862335205
frame_000153.png,12.451038360595703,9.593633651733398,-13.195792198181152,-13.917713165283203,-16.410070419311523,8.439650535583496
frame_000154.png,12.52838134765625,9.647290229797363,-13.279891967773438,-14.006630897521973,-16.531085968017578,8.49453353881836
frame_000155.png,12.605010986328125,9.700225830078125,-13.36122989654541,-14.095566749572754,-16.653017044067383,8.550030708312988
frame_000156.png,12.679350852966309,9.753868103027344,-13.441927909851074,-14.185044288635254,-16.774505615234375,8.605857849121094
frame_000157.png,12.752199172973633,9.809847831726074,-13.522173881530762,-14.275999069213867,-16.89598846435547,8.663458824157715
frame_000158.png,12.824249267578125,9.867258071899414,-13.600214958190918,-14.36948013305664,-17.018157958984375,8.722448348999023
frame_000159.png,12.894613265991211,9.923662185668945,-13.6763916015625,-14.466463088989258,-17.141578674316406,8.781000137329102
frame_000160.png,12.963855743408203,9.979832649230957,-13.751399040222168,-14.565827369689941,-17.265676498413086,8.839179039001465
frame_000161.png,13.034516334533691,10.035699844360352,-13.82738208770752,-14.666675567626953,-17.389549255371094,8.896383285522461
frame_000162.png,13.107333183288574,10.091699600219727,-13.90499210357666,-14.769451141357422,-17.512178421020508,8.952731132507324
frame_000163.png,13.183418273925781,10.146601676940918,-13.98318862915039,-14.873323440551758,-17.634567260742188,9.007576942443848
frame_000164.png,13.261090278625488,10.199968338012695,-14.063115119934082,-14.97797679901123,-17.757984161376953,9.06091594696045
frame_000165.png,13.339140892028809,10.250970840454102,-14.14345932006836,-15.084054946899414,-17.879505157470703,9.114105224609375
frame_000166.png,13.419410705566406,10.30348014831543,-14.225760459899902,-15.18941879272461,-17.999597549438477,9.167155265808105
frame_000167.png,13.501147270202637,10.355830192565918,-14.309938430786133,-15.293209075927734,-18.117277145385742,9.220097541809082
frame_000168.png,13.58654499053955,10.409180641174316,-14.396724700927734,-15.395691871643066,-18.23359489440918,9.27340316772461
frame_000169.png,13.67483139038086,10.46129322052002,-14.48780632019043,-15.49756908416748,-18.34721565246582,9.329726219177246
frame_000170.png,13.76486587524414,10.512138366699219,-14.579819679260254,-15.60028076171875,-18.45894432067871,9.387385368347168
frame_000171.png,13.854904174804688,10.562877655029297,-14.671568870544434,-15.703008651733398,-18.565937042236328,9.446279525756836
frame_000172.png,13.944579124450684,10.613784790039062,-14.76242446899414,-15.805129051208496,-18.668899536132812,9.505242347717285
frame_000173.png,14.035367012023926,10.665977478027344,-14.850784301757812,-15.904877662658691,-18.771102905273438,9.564767837524414
frame_000174.png,14.125147819519043,10.718841552734375,-14.93905258178711,-16.003549575805664,-18.873537063598633,9.62584400177002
frame_000175.png,14.215033531188965,10.76954460144043,-15.025903701782227,-16.099834442138672,-18.976701736450195,9.688158988952637
frame_000176.png,14.304722785949707,10.819233894348145,-15.109567642211914,-16.19679832458496,-19.07948875427246,9.749717712402344
frame_000177.png,14.394876480102539,10.868345260620117,-15.190632820129395,-16.290969848632812,-19.180810928344727,9.809891700744629
frame_000178.png,14.483354568481445,10.915681838989258,-15.27087116241455,-16.382814407348633,-19.280309677124023,9.868398666381836
frame_000179.png,14.57133674621582,10.963116645812988,-15.350492477416992,-16.47454071044922,-19.38053321838379,9.923717498779297
frame_000180.png,14.659031867980957,11.010090827941895,-15.430054664611816,-16.56543731689453,-19.481727600097656,9.978296279907227
frame_000181.png,14.745226860046387,11.058086395263672,-15.510765075683594,-16.653623580932617,-19.579994201660156,10.03017520904541
frame_000182.png,14.831527709960938,11.107897758483887,-15.593838691711426,-16.738340377807617,-19.6754207611084,10.078725814819336
frame_000183.png,14.91694164276123,11.157258033752441,-15.678942680358887,-16.818906784057617,-19.769886016845703,10.126546859741211
frame_000184.png,15.000249862670898,11.204710960388184,-15.765229225158691,-16.89801597595215,-19.863061904907227,10.173644065856934
frame_000185.png,15.081183433532715,11.25137710571289,-15.850240707397461,-16.97905158996582,-19.956514358520508,10.218031883239746
frame_000186.png,15.16123104095459,11.297736167907715,-15.93399715423584,-17.063800811767578,-20.050512313842773,10.26114559173584
frame_000187.png,15.240806579589844,11.34388256072998,-16.01670265197754,-17.153554916381836,-20.144615173339844,10.303556442260742
frame_000188.png,15.319292068481445,11.390069961547852,-16.099336624145508,-17.24594497680664,-20.239198684692383,10.345382690429688
frame_000189.png,15.39643383026123,11.436872482299805,-16.182472229003906,-17.339405059814453,-20.33367919921875,10.387124061584473
frame_000190.png,15.472541809082031,11.484850883483887,-16.266525268554688,-17.43351936340332,-20.428220748901367,10.428910255432129
frame_000191.png,15.546812057495117,11.533507347106934,-16.34834098815918,-17.53012466430664,-20.522499084472656,10.470841407775879
frame_000192.png,15.619906425476074,11.582151412963867,-16.427961349487305,-17.628814697265625,-20.617246627807617,10.512237548828125
frame_000193.png,15.691956520080566,11.630513191223145,-16.505876541137695,-17.72943878173828,-20.71345329284668,10.552779197692871
frame_000194.png,15.76374340057373,11.677848815917969,-16.583480834960938,-17.829021453857422,-20.81174659729004,10.593111038208008
frame_000195.png,15.834956169128418,11.725341796875,-16.66347312927246,-17.926250457763672,-20.91197967529297,10.63439655303955
frame_000196.png,15.904906272888184,11.77470588684082,-16.7470645904541,-18.022851943969727,-21.013505935668945,10.677576065063477
frame_000197.png,15.974804878234863,11.824206352233887,-16.8350830078125,-18.118040084838867,-21.11484146118164,10.72228717803955
frame_000198.png,16.044429779052734,11.875384330749512,-16.925844192504883,-18.211380004882812,-21.214611053466797,10.76679515838623
frame_000199.png,16.11284828186035,11.928303718566895,-17.016891479492188,-18.303600311279297,-21.311281204223633,10.811013221740723
frame_000200.png,16.17860984802246,11.980960845947266,-17.106155395507812,-18.394947052001953,-21.4054012298584,10.853658676147461
frame_000201.png,16.243385314941406,12.033509254455566,-17.19426727294922,-18.4865779876709,-21.499549865722656,10.8966064453125
frame_000202.png,16.30738067626953,12.086024284362793,-17.280811309814453,-18.577436447143555,-21.59201431274414,10.93875503540039
frame_000203.png,16.374595642089844,12.138694763183594,-17.367252349853516,-18.66663932800293,-21.6844425201416,10.979961395263672
frame_000204.png,16.44301414489746,12.193461418151855,-17.451541900634766,-18.757856369018555,-21.774137496948242,11.019874572753906
frame_000205.png,16.510757446289062,12.247868537902832,-17.531984329223633,-18.85365104675293,-21.86260414123535,11.059785842895508
frame_000206.png,16.57659149169922,12.303823471069336,-17.610309600830078,-18.951828002929688,-21.953109741210938,11.100425720214844
frame_000207.png,16.643939971923828,12.362095832824707,-17.687036514282227,-19.054452896118164,-22.046472549438477,11.14086627960205
frame_000208.png,16.714815139770508,12.421422004699707,-17.762493133544922,-19.161014556884766,-22.143054962158203,11.181918144226074
frame_000209.png,16.787893295288086,12.480606079101562,-17.837846755981445,-19.271089553833008,-22.24297523498535,11.223625183105469
frame_000210.png,16.8620548248291,12.53802490234375,-17.912036895751953,-19.382312774658203,-22.34772300720215,11.266721725463867
frame_000211.png,16.937955856323242,12.595826148986816,-17.9858455657959,-19.493602752685547,-22.455068588256836,11.311380386352539
frame_000212.png,17.014982223510742,12.654608726501465,-18.060771942138672,-19.60553741455078,-22.563865661621094,11.357786178588867
frame_000213.png,17.095212936401367,12.716876983642578,-18.1373233795166,-19.716358184814453,-22.673879623413086,11.40639591217041
frame_000214.png,17.17801856994629,12.78205394744873,-18.214250564575195,-19.82682991027832,-22.7850399017334,11.454368591308594
frame_000215.png,17.263986587524414,12.845836639404297,-18.289499282836914,-19.93667221069336,-22.898263931274414,11.503499984741211
frame_000216.png,17.353530883789062,12.905799865722656,-18.364198684692383,-20.044137954711914,-23.014799118041992,11.555242538452148
frame_000217.png,17.44697380065918,12.96018123626709,-18.436874389648438,-20.15000343322754,-23.134626388549805,11.6082181930542
frame_000218.png,17.5416316986084,13.014148712158203,-18.506637573242188,-20.256376266479492,-23.253477096557617,11.662053108215332
frame_000219.png,17.635986328125,13.065250396728516,-18.576194763183594,-20.362455368041992,-23.371337890625,11.718517303466797
frame_000220.png,17.730976104736328,13.114911079406738,-18.644548416137695,-20.468910217285156,-23.4874267578125,11.777328491210938
frame_000221.png,17.826210021972656,13.162972450256348,-18.715036392211914,-20.574928283691406,-23.602275848388672,11.838436126708984
frame_000222.png,17.92234992980957,13.21004867553711,-18.788816452026367,-20.67947769165039,-23.71569061279297,11.90041732788086
frame_000223.png,18.019750595092773,13.258462905883789,-18.8668270111084,-20.78292465209961,-23.829362869262695,11.961258888244629
frame_000224.png,18.11607551574707,13.306428909301758,-18.94784927368164,-20.884790420532227,-23.943763732910156,12.020238876342773
frame_000225.png,18.211637496948242,13.353270530700684,-19.030439376831055,-20.983373641967773,-24.058509826660156,12.076703071594238
frame_000226.png,18.304590225219727,13.398591041564941,-19.113162994384766,-21.079675674438477,-24.172178268432617,12.13241195678711
frame_000227.png,18.396284103393555,13.442045211791992,-19.1992244720459,-21.17267608642578,-24.28514289855957,12.18641471862793
frame_000228.png,18.48758888244629,13.484724998474121,-19.289077758789062,-21.264081954956055,-24.397506713867188,12.239745140075684
frame_000229.png,18.581666946411133,13.526750564575195,-19.383331298828125,-21.353975296020508,-24.510454177856445,12.291044235229492
frame_000230.png,18.680240631103516,13.566271781921387,-19.482633590698242,-21.44125747680664,-24.622730255126953,12.341866493225098
frame_000231.png,18.7802677154541,13.602408409118652,-19.582881927490234,-21.5280818939209,-24.732389450073242,12.393391609191895
frame_000232.png,18.876659393310547,13.637495040893555,-19.685163497924805,-21.614517211914062,-24.83896827697754,12.447833061218262
frame_000233.png,18.973424911499023,13.67362117767334,-19.788162231445312,-21.701091766357422,-24.942554473876953,12.503392219543457
frame_000234.png,19.072240829467773,13.710890769958496,-19.89299964904785,-21.78577995300293,-25.0476131439209,12.559707641601562
frame_000235.png,19.1728572845459,13.750567436218262,-19.99892807006836,-21.868005752563477,-25.155481338500977,12.616512298583984
frame_000236.png,19.27466583251953,13.79508113861084,-20.103164672851562,-21.947673797607422,-25.269460678100586,12.674287796020508
frame_000237.png,19.3708553314209,13.841581344604492,-20.203712463378906,-22.02923583984375,-25.388113021850586,12.732712745666504
frame_000238.png,19.465312957763672,13.88620662689209,-20.30379295349121,-22.11510467529297,-25.51148223876953,12.791951179504395
frame_000239.png,19.556236267089844,13.931580543518066,-20.402807235717773,-22.202884674072266,-25.63947868347168,12.852173805236816
frame_000240.png,19.645036697387695,13.975931167602539,-20.50142478942871,-22.290191650390625,-25.770389556884766,12.913960456848145
frame_000241.png,19.732004165649414,14.019892692565918,-20.597152709960938,-22.375194549560547,-25.901662826538086,12.97486400604248
frame_000242.png,19.816455841064453,14.065138816833496,-20.689809799194336,-22.460952758789062,-26.033327102661133,13.034026145935059
frame_000243.png,19.897127151489258,14.110236167907715,-20.780229568481445,-22.54730987548828,-26.167455673217773,13.092732429504395
frame_000244.png,19.977750778198242,14.153108596801758,-20.870960235595703,-22.629594802856445,-26.303422927856445,13.151344299316406
frame_000245.png,20.058374404907227,14.193358421325684,-20.963741302490234,-22.709501266479492,-26.437204360961914,13.208909034729004
frame_000246.png,20.13953399658203,14.233818054199219,-21.056495666503906,-22.790224075317383,-26.566688537597656,13.268041610717773
frame_000247.png,20.223249435424805,14.273056030273438,-21.15369987487793,-22.870756149291992,-26.689027786254883,13.32805061340332
frame_000248.png,20.309436798095703,14.312705039978027,-21.2561092376709,-22.95010757446289,-26.80744171142578,13.387564659118652
frame_000249.png,20.399024963378906,14.352686882019043,-21.36295509338379,-23.03363800048828,-26.924333572387695,13.448736190795898
frame_000250.png,20.490764617919922,14.394797325134277,-21.472734451293945,-23.11826515197754,-27.04142951965332,13.511244773864746
frame_000251.png,20.58146858215332,14.439640998840332,-21.582292556762695,-23.20699691772461,-27.1566104888916,13.571462631225586
frame_000252.png,20.669246673583984,14.489733695983887,-21.690685272216797,-23.301084518432617,-27.271167755126953,13.626720428466797
frame_000253.png,20.753673553466797,14.54726791381836,-21.797136306762695,-23.395263671875,-27.384918212890625,13.67827320098877
frame_000254.png,20.830581665039062,14.61568546295166,-21.900699615478516,-23.48984146118164,-27.496469497680664,13.726302146911621
frame_000255.png,20.9033203125,14.688023567199707,-22.005104064941406,-23.582881927490234,-27.604833602905273,13.772489547729492
frame_000256.png,20.975793838500977,14.759687423706055,-22.112903594970703,-23.673446655273438,-27.71204376220703,13.81821346282959
frame_000257.png,21.04802894592285,14.829326629638672,-22.221162796020508,-23.765060424804688,-27.818382263183594,13.86610221862793
frame_000258.png,21.11961555480957,14.898235321044922,-22.324522018432617,-23.856237411499023,-27.92445945739746,13.914727210998535
frame_000259.png,21.190811157226562,14.966768264770508,-22.420368194580078,-23.94769859313965,-28.02954864501953,13.965385437011719
frame_000260.png,21.26321029663086,15.0359468460083,-22.50996971130371,-24.040773391723633,-28.135292053222656,14.01648235321045
frame_000261.png,21.337108612060547,15.103564262390137,-22.5943660736084,-24.13412857055664,-28.238624572753906,14.066915512084961
frame_000262.png,21.41119956970215,15.169088363647461,-22.67432975769043,-24.22798728942871,-28.340925216674805,14.116528511047363
frame_000263.png,21.484535217285156,15.234530448913574,-22.75017738342285,-24.322296142578125,-28.44272804260254,14.164633750915527
frame_000264.png,21.555200576782227,15.30158805847168,-22.82103729248047,-24.416975021362305,-28.547346115112305,14.21139144897461
frame_000265.png,21.623783111572266,15.366165161132812,-22.88946533203125,-24.513975143432617,-28.656932830810547,14.257057189941406
frame_000266.png,21.69272232055664,15.430948257446289,-22.961200714111328,-24.61089515686035,-28.768047332763672,14.302164077758789
frame_000267.png,21.763978958129883,15.496923446655273,-23.03873062133789,-24.708065032958984,-28.879383087158203,14.347434997558594
frame_000268.png,21.837696075439453,15.564102172851562,-23.123714447021484,-24.804859161376953,-28.99363136291504,14.39393138885498
frame_000269.png,21.91367530822754,15.63448429107666,-23.21295928955078,-24.901634216308594,-29.11175537109375,14.439523696899414
frame_000270.png,21.992238998413086,15.706987380981445,-23.304771423339844,-24.99648666381836,-29.234989166259766,14.482762336730957
frame_000271.png,22.072898864746094,15.781901359558105,-23.39672088623047,-25.089706420898438,-29.36252784729004,14.524358749389648
frame_000272.png,22.155298233032227,15.855774879455566,-23.488920211791992,-25.18172836303711,-29.49119758605957,14.566783905029297
frame_000273.png,22.238971710205078,15.926299095153809,-23.58142852783203,-25.27317237854004,-29.619279861450195,14.610639572143555
frame_000274.png,22.32431411743164,15.992805480957031,-23.674779891967773,-25.363359451293945,-29.746679306030273,14.65592098236084
frame_000275.png,22.412179946899414,16.056493759155273,-23.768898010253906,-25.453575134277344,-29.873701095581055,14.701955795288086
frame_000276.png,22.502519607543945,16.11899757385254,-23.8635311126709,-25.54243278503418,-30.001663208007812,14.74775218963623
frame_000277.png,22.593233108520508,16.1816349029541,-23.958711624145508,-25.629867553710938,-30.131044387817383,14.793704986572266
frame_000278.png,22.68294906616211,16.245309829711914,-24.055219650268555,-25.716964721679688,-30.261198043823242,14.840317726135254
frame_000279.png,22.77199363708496,16.308895111083984,-24.151817321777344,-25.804105758666992,-30.39174461364746,14.888483047485352
frame_000280.png,22.862245559692383,16.369186401367188,-24.247594833374023,-25.889238357543945,-30.521137237548828,14.939003944396973
frame_000281.png,22.954679489135742,16.427085876464844,-24.342105865478516,-25.971229553222656,-30.649354934692383,14.98974609375
frame_000282.png,23.047832489013672,16.48200225830078,-24.4357967376709,-26.052167892456055,-30.775909423828125,15.038439750671387
frame_000283.png,23.13988494873047,16.535112380981445,-24.527616500854492,-26.134939193725586,-30.899505615234375,15.08554458618164
frame_000284.png,23.23002815246582,16.587757110595703,-24.618253707885742,-26.220245361328125,-31.020999908447266,15.131819725036621
frame_000285.png,23.318923950195312,16.63994598388672,-24.70919418334961,-26.305248260498047,-31.141803741455078,15.17790412902832
frame_000286.png,23.406705856323242,16.693004608154297,-24.800432205200195,-26.389354705810547,-31.261306762695312,15.22450065612793
frame_000287.png,23.49397850036621,16.74602699279785,-24.891050338745117,-26.4725284576416,-31.379398345947266,15.272687911987305
frame_000288.png,23.5804443359375,16.79918098449707,-24.981138229370117,-26.555906295776367,-31.495872497558594,15.321800231933594
frame_000289.png,23.666851043701172,16.851116180419922,-25.07096290588379,-26.639949798583984,-31.61091423034668,15.372014999389648
frame_000290.png,23.75345802307129,16.902544021606445,-25.161081314086914,-26.725257873535156,-31.725107192993164,15.423404693603516
frame_000291.png,23.83998680114746,16.954627990722656,-25.251874923706055,-26.811365127563477,-31.838953018188477,15.476114273071289
frame_000292.png,23.92573356628418,17.00617790222168,-25.343780517578125,-26.899274826049805,-31.95199966430664,15.53030776977539
frame_000293.png,24.010330200195312,17.05748748779297,-25.4360408782959,-26.990095138549805,-32.06439971923828,15.585972785949707
frame_000294.png,24.094160079956055,17.10822296142578,-25.52820587158203,-27.08253288269043,-32.176971435546875,15.643884658813477
frame_000295.png,24.178619384765625,17.158653259277344,-25.61968994140625,-27.176042556762695,-32.29043197631836,15.703349113464355
frame_000296.png,24.264047622680664,17.20817756652832,-25.70889663696289,-27.269323348999023,-32.40668487548828,15.763208389282227
frame_000297.png,24.349746704101562,17.257293701171875,-25.79519271850586,-27.361719131469727,-32.524444580078125,15.823007583618164
frame_000298.png,24.43583869934082,17.30571937561035,-25.87883758544922,-27.4534854888916,-32.642539978027344,15.882568359375
frame_000299.png,24.52313232421875,17.35286521911621,-25.962583541870117,-27.546297073364258,-32.75996780395508,15.94149398803711
frame_000300.png,24.612953186035156,17.399412155151367,-26.046436309814453,-27.639225006103516,-32.8775749206543,16.00098419189453
frame_000301.png,24.705169677734375,17.445293426513672,-26.131507873535156,-27.730199813842773,-32.997623443603516,16.061429977416992
frame_000302.png,24.798830032348633,17.490562438964844,-26.215917587280273,-27.818920135498047,-33.12103271484375,16.120784759521484
frame_000303.png,24.891752243041992,17.536514282226562,-26.29924964904785,-27.906526565551758,-33.247283935546875,16.17828369140625
frame_000304.png,24.983964920043945,17.582677841186523,-26.3814697265625,-27.992170333862305,-33.376708984375,16.233776092529297
frame_000305.png,25.075605392456055,17.627641677856445,-26.462474822998047,-28.075838088989258,-33.508941650390625,16.288331985473633
frame_000306.png,25.166065216064453,17.672924041748047,-26.541406631469727,-28.158069610595703,-33.64336395263672,16.341983795166016
frame_000307.png,25.256420135498047,17.7170467376709,-26.61861801147461,-28.23940086364746,-33.77827835083008,16.394140243530273
frame_000308.png,25.346393585205078,17.76078987121582,-26.694650650024414,-28.32061767578125,-33.91357421875,16.445486068725586
frame_000309.png,25.4359073638916,17.804533004760742,-26.769786834716797,-28.402219772338867,-34.047664642333984,16.49616241455078
frame_000310.png,25.525001525878906,17.84807777404785,-26.844402313232422,-28.48421859741211,-34.18171310424805,16.546348571777344
frame_000311.png,25.614761352539062,17.890785217285156,-26.920549392700195,-28.566499710083008,-34.31507110595703,16.596153259277344
frame_000312.png,25.70412254333496,17.93248176574707,-26.9975643157959,-28.649686813354492,-34.44752883911133,16.645055770874023
frame_000313.png,25.79363250732422,17.97440528869629,-27.07486915588379,-28.733545303344727,-34.57969665527344,16.69211196899414
frame_000314.png,25.8824405670166,18.015769958496094,-27.15097999572754,-28.819089889526367,-34.71247482299805,16.7390079498291
frame_000315.png,25.971593856811523,18.055694580078125,-27.22713279724121,-28.906089782714844,-34.84394073486328,16.787372589111328
frame_000316.png,26.061304092407227,18.09526824951172,-27.304296493530273,-28.993701934814453,-34.97487258911133,16.837339401245117
frame_000317.png,26.15073585510254,18.135223388671875,-27.383543014526367,-29.082735061645508,-35.10463333129883,16.888141632080078
frame_000318.png,26.240474700927734,18.175798416137695,-27.464941024780273,-29.173452377319336,-35.23258972167969,16.939455032348633
frame_000319.png,26.33008575439453,18.21670150756836,-27.548309326171875,-29.265968322753906,-35.35765075683594,16.99129867553711
frame_000320.png,26.4193172454834,18.257976531982422,-27.63218116760254,-29.35943603515625,-35.47927474975586,17.044525146484375
frame_000321.png,26.507831573486328,18.300275802612305,-27.715946197509766,-29.45222282409668,-35.59859848022461,17.098918914794922
frame_000322.png,26.595947265625,18.343873977661133,-27.799148559570312,-29.54404067993164,-35.71721267700195,17.154043197631836
frame_000323.png,26.684425354003906,18.389036178588867,-27.881996154785156,-29.63501739501953,-35.835819244384766,17.20978355407715
frame_000324.png,26.773115158081055,18.4367618560791,-27.963165283203125,-29.724777221679688,-35.95392990112305,17.26612663269043
frame_000325.png,26.86147117614746,18.485883712768555,-28.043081283569336,-29.812549591064453,-36.0734977722168,17.32333755493164
frame_000326.png,26.949861526489258,18.53363037109375,-28.12238121032715,-29.898235321044922,-36.19401931762695,17.381345748901367
frame_000327.png,27.037593841552734,18.581235885620117,-28.202516555786133,-29.981292724609375,-36.31614685058594,17.439132690429688
frame_000328.png,27.12527847290039,18.628910064697266,-28.285913467407227,-30.060998916625977,-36.439239501953125,17.495880126953125
frame_000329.png,27.213220596313477,18.67787742614746,-28.372514724731445,-30.138450622558594,-36.5618782043457,17.55147933959961
frame_000330.png,27.301462173461914,18.72837257385254,-28.46225357055664,-30.21654510498047,-36.68364715576172,17.607065200805664
frame_000331.png,27.38924789428711,18.780353546142578,-28.55522346496582,-30.295923233032227,-36.80460739135742,17.663198471069336
frame_000332.png,27.476102828979492,18.832836151123047,-28.649812698364258,-30.375396728515625,-36.92582702636719,17.718149185180664
frame_000333.png,27.56196403503418,18.88578987121582,-28.74466896057129,-30.455259323120117,-37.04846954345703,17.7723445892334
frame_000334.png,27.646957397460938,18.93983268737793,-28.84040069580078,-30.536386489868164,-37.172401428222656,17.82583999633789
frame_000335.png,27.73077964782715,18.99479103088379,-28.935937881469727,-30.618738174438477,-37.29793167114258,17.878135681152344
frame_000336.png,27.81397819519043,19.050203323364258,-29.032543182373047,-30.7015323638916,-37.423587799072266,17.930185317993164
frame_000337.png,27.89668846130371,19.106327056884766,-29.12944793701172,-30.78291130065918,-37.5485725402832,17.982473373413086
frame_000338.png,27.97809600830078,19.161434173583984,-29.226083755493164,-30.863080978393555,-37.67299270629883,18.036169052124023
frame_000339.png,28.058073043823242,19.215417861938477,-29.322223663330078,-30.941503524780273,-37.79692077636719,18.090124130249023
frame_000340.png,28.137699127197266,19.268360137939453,-29.41689109802246,-31.019529342651367,-37.920352935791016,18.14268684387207
frame_000341.png,28.216459274291992,19.32120704650879,-29.50846290588379,-31.097633361816406,-38.0440559387207,18.194955825805664
frame_000342.png,28.29589080810547,19.37372589111328,-29.596982955932617,-31.1773624420166,-38.16741180419922,18.248573303222656
frame_000343.png,28.377378463745117,19.425586700439453,-29.68312644958496,-31.257659912109375,-38.29115295410156,18.304777145385742
frame_000344.png,28.460771560668945,19.47603416442871,-29.767717361450195,-31.33921241760254,-38.41595458984375,18.36294174194336
frame_000345.png,28.544330596923828,19.525461196899414,-29.84817886352539,-31.422109603881836,-38.54415512084961,18.420879364013672
frame_000346.png,28.62748146057129,19.572921752929688,-29.926908493041992,-31.506736755371094,-38.67578125,18.47759246826172
frame_000347.png,28.710649490356445,19.618091583251953,-30.00679588317871,-31.592823028564453,-38.80816650390625,18.534523010253906
frame_000348.png,28.79409408569336,19.66182518005371,-30.090410232543945,-31.681129455566406,-38.941246032714844,18.592628479003906
frame_000349.png,28.87868309020996,19.706422805786133,-30.178068161010742,-31.7681884765625,-39.07347869873047,18.651227951049805
frame_000350.png,28.96299934387207,19.75324249267578,-30.26920509338379,-31.854337692260742,-39.204402923583984,18.710899353027344
frame_000351.png,29.047252655029297,19.801860809326172,-30.362146377563477,-31.939523696899414,-39.33417892456055,18.771272659301758
frame_000352.png,29.13145637512207,19.852367401123047,-30.455177307128906,-32.02475357055664,-39.46285629272461,18.83172607421875
frame_000353.png,29.214963912963867,19.90568733215332,-30.54693603515625,-32.110496520996094,-39.592567443847656,18.89141273498535
frame_000354.png,29.29768943786621,19.960025787353516,-30.63814353942871,-32.19728088378906,-39.72438049316406,18.950428009033203
frame_000355.png,29.380142211914062,20.014245986938477,-30.72872543334961,-32.28644943237305,-39.857887268066406,19.009822845458984
frame_000356.png,29.463953018188477,20.068485260009766,-30.82033920288086,-32.37631607055664,-39.993621826171875,19.06986427307129
frame_000357.png,29.54897689819336,20.121675491333008,-30.911876678466797,-32.46883010864258,-40.129661560058594,19.130823135375977
frame_000358.png,29.63515853881836,20.173606872558594,-31.002944946289062,-32.56352996826172,-40.26669692993164,19.19184684753418
frame_000359.png,29.7208194732666,20.22376823425293,-31.093366622924805,-32.658966064453125,-40.40351867675781,19.253833770751953
frame_000360.png,29.805072784423828,20.271425247192383,-31.181428909301758,-32.754451751708984,-40.540531158447266,19.317869186401367
frame_000361.png,29.88905906677246,20.317211151123047,-31.268260955810547,-32.84790802001953,-40.677391052246094,19.383861541748047
frame_000362.png,29.972347259521484,20.3612060546875,-31.354618072509766,-32.940338134765625,-40.812522888183594,19.448040008544922
frame_000363.png,30.053939819335938,20.403926849365234,-31.438753128051758,-33.0307502746582,-40.94632339477539,19.509212493896484
frame_000364.png,30.133724212646484,20.44624900817871,-31.52284049987793,-33.11939239501953,-41.0783576965332,19.56912612915039
frame_000365.png,30.212520599365234,20.488990783691406,-31.606977462768555,-33.206851959228516,-41.2075309753418,19.62643051147461
frame_000366.png,30.290597915649414,20.53304100036621,-31.6922664642334,-33.293785095214844,-41.33584976196289,19.680574417114258
frame_000367.png,30.367961883544922,20.57752799987793,-31.778518676757812,-33.38090515136719,-41.4653434753418,19.732362747192383
frame_000368.png,30.44573402404785,20.622852325439453,-31.865976333618164,-33.46744918823242,-41.59632873535156,19.781402587890625
frame_000369.png,30.524431228637695,20.669261932373047,-31.954105377197266,-33.55219268798828,-41.72822189331055,19.82908058166504
frame_000370.png,30.60254669189453,20.716053009033203,-32.04095458984375,-33.6364631652832,-41.859928131103516,19.876163482666016
frame_000371.png,30.67801856994629,20.7634220123291,-32.12632751464844,-33.72195816040039,-41.990196228027344,19.922616958618164
frame_000372.png,30.75249671936035,20.811738967895508,-32.21145248413086,-33.80748748779297,-42.11933898925781,19.969287872314453
frame_000373.png,30.8277645111084,20.8607120513916,-32.29806137084961,-33.892601013183594,-42.2486572265625,20.01569938659668
frame_000374.png,30.90489387512207,20.910926818847656,-32.38663864135742,-33.976036071777344,-42.379417419433594,20.062828063964844
frame_000375.png,30.984312057495117,20.96178436279297,-32.477210998535156,-34.058258056640625,-42.511390686035156,20.11043357849121
frame_000376.png,31.066083908081055,21.012964248657227,-32.5699348449707,-34.137718200683594,-42.64469909667969,20.157672882080078
frame_000377.png,31.14930534362793,21.064817428588867,-32.66476058959961,-34.21375274658203,-42.777992248535156,20.204971313476562
frame_000378.png,31.23406410217285,21.116962432861328,-32.76084899902344,-34.28837966918945,-42.91044616699219,20.253097534179688
frame_000379.png,31.3193302154541,21.170337677001953,-32.856685638427734,-34.36591339111328,-43.04150390625,20.300987243652344
frame_000380.png,31.403711318969727,21.22467803955078,-32.952354431152344,-34.447078704833984,-43.17127990722656,20.350345611572266
frame_000381.png,31.487703323364258,21.27994728088379,-33.04785919189453,-34.52997970581055,-43.30021667480469,20.400585174560547
frame_000382.png,31.571308135986328,21.335378646850586,-33.143653869628906,-34.61391067504883,-43.4276008605957,20.451093673706055
frame_000383.png,31.654836654663086,21.3909854888916,-33.23949432373047,-34.69914245605469,-43.55326461791992,20.50104331970215
frame_000384.png,31.736780166625977,21.445865631103516,-33.334388732910156,-34.7856330871582,-43.67732238769531,20.55145835876465
frame_000385.png,31.816652297973633,21.498186111450195,-33.42586898803711,-34.873783111572266,-43.799034118652344,20.604040145874023
frame_000386.png,31.89645767211914,21.54929542541504,-33.51606369018555,-34.961063385009766,-43.91950225830078,20.65909194946289
frame_000387.png,31.976665496826172,21.59921646118164,-33.604393005371094,-35.048484802246094,-44.03815841674805,20.715179443359375
frame_000388.png,32.057621002197266,21.64837646484375,-33.690650939941406,-35.13449478149414,-44.15498733520508,20.772947311401367
frame_000389.png,32.13957977294922,21.697010040283203,-33.775848388671875,-35.21997833251953,-44.273319244384766,20.83144187927246
frame_000390.png,32.22226333618164,21.745553970336914,-33.86012268066406,-35.304771423339844,-44.396575927734375,20.888992309570312
frame_000391.png,32.30694580078125,21.792726516723633,-33.94533920288086,-35.38666915893555,-44.52547836303711,20.946401596069336
frame_000392.png,32.39345169067383,21.840618133544922,-34.03208541870117,-35.46750259399414,-44.655548095703125,21.001867294311523
frame_000393.png,32.48042297363281,21.88747787475586,-34.12144470214844,-35.549007415771484,-44.784507751464844,21.05677032470703
frame_000394.png,32.56929397583008,21.93308448791504,-34.21198272705078,-35.63107681274414,-44.913299560546875,21.11313247680664
frame_000395.png,32.66106414794922,21.976484298706055,-34.30277633666992,-35.714111328125,-45.04115295410156,21.17098617553711
frame_000396.png,32.75608444213867,22.016983032226562,-34.39320373535156,-35.79694366455078,-45.16755676269531,21.229949951171875
frame_000397.png,32.85338592529297,22.057104110717773,-34.48462677001953,-35.87934875488281,-45.29241943359375,21.29047393798828
frame_000398.png,32.952667236328125,22.09811782836914,-34.57857894897461,-35.9624137878418,-45.41404342651367,21.352075576782227
frame_000399.png,33.05236053466797,22.140518188476562,-34.67550277709961,-36.044986724853516,-45.53329849243164,21.413673400878906
frame_000400.png,33.15299606323242,22.1828670501709,-34.77274703979492,-36.128456115722656,-45.65106201171875,21.47589111328125
frame_000401.png,33.255313873291016,22.224857330322266,-34.87053298950195,-36.211421966552734,-45.768409729003906,21.53765869140625
frame_000402.png,33.36008071899414,22.266695022583008,-34.96968078613281,-36.29301834106445,-45.88574981689453,21.59840202331543
frame_000403.png,33.465396881103516,22.309215545654297,-35.070125579833984,-36.37338638305664,-46.00271224975586,21.65924835205078
frame_000404.png,33.571197509765625,22.35284423828125,-35.17107391357422,-36.45227813720703,-46.11921691894531,21.721240997314453
frame_000405.png,33.67606735229492,22.39863395690918,-35.27295684814453,-36.528907775878906,-46.23408126831055,21.783174514770508
frame_000406.png,33.77957534790039,22.448776245117188,-35.37540054321289,-36.604766845703125,-46.347896575927734,21.843368530273438
frame_000407.png,33.88347244262695,22.503143310546875,-35.47880935668945,-36.68057632446289,-46.46144485473633,21.90151596069336
frame_000408.png,33.986106872558594,22.560867309570312,-35.581546783447266,-36.75655746459961,-46.57648849487305,21.95783805847168
frame_000409.png,34.08641815185547,22.61943244934082,-35.68068313598633,-36.83287048339844,-46.69410705566406,22.012094497680664
frame_000410.png,34.183998107910156,22.67877960205078,-35.775901794433594,-36.91086959838867,-46.81329345703125,22.065134048461914
frame_000411.png,34.280303955078125,22.736705780029297,-35.86899948120117,-36.98866653442383,-46.93378829956055,22.11798095703125
frame_000412.png,34.37348175048828,22.792724609375,-35.95984649658203,-37.06815719604492,-47.05427932739258,22.171384811401367
frame_000413.png,34.463932037353516,22.849058151245117,-36.04841613769531,-37.14952850341797,-47.1727409362793,22.225669860839844
frame_000414.png,34.551719665527344,22.907302856445312,-36.135780334472656,-37.23384475708008,-47.28944396972656,22.27994728088379
frame_000415.png,34.638267517089844,22.96629524230957,-36.221309661865234,-37.32264709472656,-47.404701232910156,22.33522605895996
frame_000416.png,34.72439193725586,23.024770736694336,-36.305843353271484,-37.414161682128906,-47.51773452758789,22.390766143798828
frame_000417.png,34.80986404418945,23.08197021484375,-36.39061737060547,-37.50764465332031,-47.62970733642578,22.446592330932617
frame_000418.png,34.89614486694336,23.13809585571289,-36.47585678100586,-37.601802825927734,-47.742462158203125,22.500940322875977
frame_000419.png,34.98385238647461,23.19647789001465,-36.562339782714844,-37.69392395019531,-47.855796813964844,22.553537368774414
frame_000420.png,35.07196807861328,23.25836181640625,-36.65153121948242,-37.7837028503418,-47.969234466552734,22.605329513549805
frame_000421.png,35.16196060180664,23.321598052978516,-36.743125915527344,-37.87094497680664,-48.08143997192383,22.65822410583496
frame_000422.png,35.2548713684082,23.384790420532227,-36.837120056152344,-37.95598602294922,-48.19253158569336,22.710445404052734
frame_000423.png,35.34917068481445,23.448089599609375,-36.93238830566406,-38.03814697265625,-48.30454635620117,22.762405395507812
frame_000424.png,35.4427375793457,23.510133743286133,-37.02848815917969,-38.11680221557617,-48.418701171875,22.814899444580078
frame_000425.png,35.5359001159668,23.571041107177734,-37.12403106689453,-38.193241119384766,-48.5362663269043,22.86395263671875
frame_000426.png,35.629554748535156,23.632944107055664,-37.220458984375,-38.26659393310547,-48.65461349487305,22.910871505737305
frame_000427.png,35.724639892578125,23.696048736572266,-37.317420959472656,-38.33842849731445,-48.77145004272461,22.95847511291504
frame_000428.png,35.8197021484375,23.760406494140625,-37.41404342651367,-38.40781021118164,-48.88823318481445,23.00507164001465
frame_000429.png,35.912841796875,23.8259220123291,-37.50910186767578,-38.47401809692383,-49.00851821899414,23.049936294555664
frame_000430.png,36.00471878051758,23.890775680541992,-37.603668212890625,-38.53824234008789,-49.13056945800781,23.094135284423828
frame_000431.png,36.094512939453125,23.953187942504883,-37.697757720947266,-38.601280212402344,-49.2518310546875,23.138364791870117
frame_000432.png,36.18260955810547,24.0142765045166,-37.78909683227539,-38.664493560791016,-49.37287902832031,23.18149185180664
frame_000433.png,36.2715950012207,24.0757999420166,-37.88001251220703,-38.72773742675781,-49.49185562133789,23.224956512451172
frame_000434.png,36.3638916015625,24.135208129882812,-37.97121047973633,-38.7890510559082,-49.60834884643555,23.267915725708008
frame_000435.png,36.45735168457031,24.192493438720703,-38.06442642211914,-38.8505859375,-49.72233581542969,23.311634063720703
frame_000436.png,36.551002502441406,24.249095916748047,-38.15937423706055,-38.913150787353516,-49.832645416259766,23.357141494750977
frame_000437.png,36.64595031738281,24.304454803466797,-38.255889892578125,-38.97406005859375,-49.94113540649414,23.404592514038086
frame_000438.png,36.741641998291016,24.358766555786133,-38.353126525878906,-39.033790588378906,-50.050411224365234,23.453166961669922
frame_000439.png,36.837100982666016,24.412572860717773,-38.45096206665039,-39.092472076416016,-50.16204071044922,23.501684188842773
frame_000440.png,36.931556701660156,24.464414596557617,-38.54866409301758,-39.1493034362793,-50.27570724487305,23.549724578857422
frame_000441.png,37.02461624145508,24.515625,-38.646583557128906,-39.202857971191406,-50.390655517578125,23.59813117980957
frame_000442.png,37.11732864379883,24.566558837890625,-38.74354934692383,-39.25457000732422,-50.5069694519043,23.64769744873047
frame_000443.png,37.20939254760742,24.61585235595703,-38.8404541015625,-39.30519104003906,-50.623531341552734,23.69744300842285
frame_000444.png,37.30033493041992,24.66547393798828,-38.938533782958984,-39.355201721191406,-50.7402229309082,23.74579620361328
frame_000445.png,37.39101791381836,24.71529197692871,-39.03861618041992,-39.405494689941406,-50.856414794921875,23.793352127075195
frame_000446.png,37.48100280761719,24.766483306884766,-39.13958740234375,-39.45685958862305,-50.971092224121094,23.84006690979004
frame_000447.png,37.56956481933594,24.819929122924805,-39.239986419677734,-39.50767135620117,-51.08385467529297,23.88689613342285
frame_000448.png,37.65651321411133,24.87476348876953,-39.3388557434082,-39.55795669555664,-51.19557189941406,23.933963775634766
frame_000449.png,37.742305755615234,24.930301666259766,-39.43729782104492,-39.6087760925293,-51.306640625,23.98160171508789
frame_000450.png,37.82831573486328,24.986408233642578,-39.53679275512695,-39.660762786865234,-51.416358947753906,24.029781341552734
frame_000451.png,37.91401672363281,25.041940689086914,-39.63795471191406,-39.71476745605469,-51.52635192871094,24.078399658203125
frame_000452.png,37.999488830566406,25.09569549560547,-39.74074172973633,-39.76972579956055,-51.63629913330078,24.126482009887695
frame_000453.png,38.08438491821289,25.147876739501953,-39.844970703125,-39.82442855834961,-51.7460823059082,24.173940658569336
frame_000454.png,38.16736602783203,25.199495315551758,-39.95085144042969,-39.87683868408203,-51.85465621948242,24.221054077148438
frame_000455.png,38.24744415283203,25.251571655273438,-40.05845260620117,-39.927207946777344,-51.963069915771484,24.268613815307617
frame_000456.png,38.326194763183594,25.303874969482422,-40.166648864746094,-39.97568130493164,-52.07247543334961,24.317054748535156
frame_000457.png,38.404170989990234,25.355405807495117,-40.27508544921875,-40.0238037109375,-52.18306350708008,24.365859985351562
frame_000458.png,38.481788635253906,25.40618133544922,-40.38306427001953,-40.071495056152344,-52.29452896118164,24.414955139160156
frame_000459.png,38.55844497680664,25.457290649414062,-40.49007034301758,-40.12019348144531,-52.40593719482422,24.464136123657227
frame_000460.png,38.63351058959961,25.509737014770508,-40.59469985961914,-40.17098617553711,-52.51649856567383,24.512428283691406
frame_000461.png,38.706382751464844,25.56322479248047,-40.6959342956543,-40.223567962646484,-52.62483596801758,24.559967041015625
frame_000462.png,38.778255462646484,25.616167068481445,-40.794189453125,-40.27701950073242,-52.73221206665039,24.60706329345703
frame_000463.png,38.848846435546875,25.667245864868164,-40.88901901245117,-40.328956604003906,-52.8408203125,24.654048919677734
frame_000464.png,38.917903900146484,25.718202590942383,-40.9809684753418,-40.38144302368164,-52.948448181152344,24.700214385986328
frame_000465.png,38.98645782470703,25.76999282836914,-41.07235336303711,-40.43463134765625,-53.05622863769531,24.745437622070312
frame_000466.png,39.05261993408203,25.822927474975586,-41.164302825927734,-40.4867057800293,-53.16341781616211,24.790725708007812
frame_000467.png,39.1165885925293,25.876728057861328,-41.25690460205078,-40.537105560302734,-53.27101135253906,24.835935592651367
frame_000468.png,39.18064498901367,25.931703567504883,-41.351051330566406,-40.58597946166992,-53.38188171386719,24.880950927734375
frame_000469.png,39.24455261230469,25.985759735107422,-41.446556091308594,-40.634498596191406,-53.49430465698242,24.926620483398438
frame_000470.png,39.30670166015625,26.039682388305664,-41.541908264160156,-40.68315124511719,-53.606117248535156,24.97378921508789
frame_000471.png,39.3693962097168,26.092933654785156,-41.63633346557617,-40.730857849121094,-53.715187072753906,25.0218563079834
frame_000472.png,39.43303680419922,26.146076202392578,-41.729976654052734,-40.77981948852539,-53.82402038574219,25.0707950592041
frame_000473.png,39.49982452392578,26.197895050048828,-41.82286834716797,-40.82986068725586,-53.935081481933594,25.1203556060791
frame_000474.png,39.56975173950195,26.250391006469727,-41.916839599609375,-40.88115310668945,-54.04734802246094,25.16934585571289
frame_000475.png,39.63908767700195,26.306377410888672,-42.0106086730957,-40.936588287353516,-54.15980911254883,25.216238021850586
frame_000476.png,39.710670471191406,26.363351821899414,-42.10496520996094,-40.9958381652832,-54.270973205566406,25.263587951660156
frame_000477.png,39.78695297241211,26.421222686767578,-42.199581146240234,-41.056583404541016,-54.3802490234375,25.312353134155273
frame_000478.png,39.86559295654297,26.478979110717773,-42.29132843017578,-41.119110107421875,-54.48694610595703,25.361650466918945
frame_000479.png,39.945350646972656,26.536096572875977,-42.37877655029297,-41.18238830566406,-54.592193603515625,25.410301208496094
frame_000480.png,40.025028228759766,26.592615127563477,-42.46261978149414,-41.246517181396484,-54.69804382324219,25.456829071044922
frame_000481.png,40.1042594909668,26.64921760559082,-42.54463195800781,-41.31211471557617,-54.80366134643555,25.503032684326172
frame_000482.png,40.182945251464844,26.706012725830078,-42.624786376953125,-41.38105010986328,-54.90764617919922,25.55086326599121
frame_000483.png,40.26069259643555,26.762115478515625,-42.704811096191406,-41.45459747314453,-55.00862121582031,25.603193283081055
frame_000484.png,40.33967971801758,26.817216873168945,-42.784847259521484,-41.52941131591797,-55.10980987548828,25.657875061035156
frame_000485.png,40.41896057128906,26.871612548828125,-42.865325927734375,-41.606021881103516,-55.21220397949219,25.712810516357422
frame_000486.png,40.49774169921875,26.926738739013672,-42.946754455566406,-41.6839714050293,-55.315834045410156,25.76654052734375
frame_000487.png,40.57655334472656,26.98262596130371,-43.03091812133789,-41.76018524169922,-55.419185638427734,25.81877326965332
frame_000488.png,40.654884338378906,27.038867950439453,-43.1164436340332,-41.8326301574707,-55.52347183227539,25.86900520324707
frame_000489.png,40.73325729370117,27.096210479736328,-43.2030029296875,-41.902286529541016,-55.627777099609375,25.918193817138672
frame_000490.png,40.81216812133789,27.15467071533203,-43.290672302246094,-41.96937561035156,-55.73310852050781,25.96759605407715
frame_000491.png,40.89166259765625,27.21382713317871,-43.378299713134766,-42.0320930480957,-55.83952331542969,26.01846694946289
frame_000492.png,40.970863342285156,27.273691177368164,-43.4646110534668,-42.09096145629883,-55.946807861328125,26.071836471557617
frame_000493.png,41.04913330078125,27.334095001220703,-43.55034255981445,-42.14794921875,-56.053627014160156,26.12674903869629
frame_000494.png,41.12379837036133,27.394756317138672,-43.63357162475586,-42.20368194580078,-56.16086196899414,26.182334899902344
frame_000495.png,41.195655822753906,27.454896926879883,-43.71467208862305,-42.25992965698242,-56.267879486083984,26.237926483154297
frame_000496.png,41.26518249511719,27.512710571289062,-43.79414749145508,-42.31801223754883,-56.374107360839844,26.292726516723633
frame_000497.png,41.333885192871094,27.568897247314453,-43.87255096435547,-42.3787727355957,-56.48110580444336,26.346464157104492
frame_000498.png,41.4031982421875,27.622900009155273,-43.95043182373047,-42.440452575683594,-56.588584899902344,26.39965057373047
frame_000499.png,41.472694396972656,27.67451286315918,-44.026817321777344,-42.501068115234375,-56.69798278808594,26.452550888061523
frame_000500.png,41.54208755493164,27.72348976135254,-44.101932525634766,-42.5610466003418,-56.807647705078125,26.50529670715332
frame_000501.png,41.60968017578125,27.769981384277344,-44.17561721801758,-42.62118911743164,-56.91506576538086,26.557819366455078
frame_000502.png,41.6750373840332,27.81681251525879,-44.24843215942383,-42.6831169128418,-57.019744873046875,26.608848571777344
frame_000503.png,41.73737335205078,27.86611557006836,-44.320377349853516,-42.74726104736328,-57.122833251953125,26.6590576171875
frame_000504.png,41.797142028808594,27.91835594177246,-44.390472412109375,-42.81214141845703,-57.22520446777344,26.7073974609375
frame_000505.png,41.85721969604492,27.9733829498291,-44.458595275878906,-42.876007080078125,-57.32762145996094,26.75469207763672
frame_000506.png,41.9186897277832,28.03041648864746,-44.52663803100586,-42.93553924560547,-57.431209564208984,26.801559448242188
frame_000507.png,41.98260498046875,28.087663650512695,-44.594390869140625,-42.99073791503906,-57.53635025024414,26.84893226623535
frame_000508.png,42.04768753051758,28.144451141357422,-44.66164016723633,-43.0439338684082,-57.64339828491211,26.897953033447266
frame_000509.png,42.113643646240234,28.200817108154297,-44.7281494140625,-43.09696960449219,-57.752140045166016,26.949304580688477
frame_000510.png,42.1796760559082,28.25778579711914,-44.7950439453125,-43.15080261230469,-57.86326599121094,27.003658294677734
frame_000511.png,42.24637222290039,28.31521987915039,-44.863040924072266,-43.205047607421875,-57.97721481323242,27.060943603515625
frame_000512.png,42.31188201904297,28.37249183654785,-44.931026458740234,-43.26084899902344,-58.092254638671875,27.118967056274414
frame_000513.png,42.37804412841797,28.429719924926758,-44.99939727783203,-43.31830596923828,-58.20774841308594,27.176992416381836
frame_000514.png,42.44538497924805,28.48692512512207,-45.069339752197266,-43.37482833862305,-58.32304000854492,27.23337173461914
frame_000515.png,42.513389587402344,28.54520034790039,-45.138980865478516,-43.431739807128906,-58.436614990234375,27.287843704223633
frame_000516.png,42.58300018310547,28.605398178100586,-45.20907974243164,-43.48857116699219,-58.5490608215332,27.341047286987305
frame_000517.png,42.652339935302734,28.666454315185547,-45.28010177612305,-43.544429779052734,-58.6613655090332,27.392107009887695
frame_000518.png,42.72129821777344,28.726524353027344,-45.35129165649414,-43.597496032714844,-58.77460861206055,27.440711975097656
frame_000519.png,42.78901290893555,28.786104202270508,-45.42343521118164,-43.64969253540039,-58.8864631652832,27.488981246948242
frame_000520.png,42.856834411621094,28.844663619995117,-45.498085021972656,-43.70044708251953,-58.99503707885742,27.537141799926758
frame_000521.png,42.92512512207031,28.902708053588867,-45.57503890991211,-43.748626708984375,-59.101505279541016,27.582111358642578
frame_000522.png,42.993186950683594,28.962003707885742,-45.65324020385742,-43.793949127197266,-59.20801544189453,27.625669479370117
frame_000523.png,43.05980682373047,29.022192001342773,-45.72999572753906,-43.83953094482422,-59.313270568847656,27.66977310180664
frame_000524.png,43.125240325927734,29.082809448242188,-45.80501174926758,-43.88768768310547,-59.417076110839844,27.714218139648438
frame_000525.png,43.190216064453125,29.143957138061523,-45.8789176940918,-43.93718338012695,-59.520381927490234,27.757356643676758
frame_000526.png,43.25440979003906,29.2052001953125,-45.952632904052734,-43.986392974853516,-59.62373352050781,27.797779083251953
frame_000527.png,43.32011413574219,29.265758514404297,-46.02796173095703,-44.034019470214844,-59.729007720947266,27.836166381835938
frame_000528.png,43.38656234741211,29.32557487487793,-46.10328674316406,-44.07929992675781,-59.83304977416992,27.872997283935547
frame_000529.png,43.45316696166992,29.385761260986328,-46.17759323120117,-44.12363815307617,-59.93536376953125,27.908689498901367
frame_000530.png,43.52056884765625,29.44597816467285,-46.2514762878418,-44.166717529296875,-60.03695297241211,27.944538116455078
frame_000531.png,43.587059020996094,29.505477905273438,-46.325050354003906,-44.207828521728516,-60.13569641113281,27.98285675048828
frame_000532.png,43.65408706665039,29.563644409179688,-46.39860534667969,-44.251182556152344,-60.22798538208008,28.02333641052246
frame_000533.png,43.72238540649414,29.62000846862793,-46.47126770019531,-44.297367095947266,-60.31521224975586,28.065467834472656
frame_000534.png,43.7924919128418,29.67678451538086,-46.54166030883789,-44.349205017089844,-60.4000358581543,28.108076095581055
frame_000535.png,43.861873626708984,29.73253059387207,-46.610233306884766,-44.40586471557617,-60.483482360839844,28.150421142578125
frame_000536.png,43.9305419921875,29.787845611572266,-46.67857360839844,-44.4642219543457,-60.5671272277832,28.192264556884766
frame_000537.png,43.99967575073242,29.84313201904297,-46.746116638183594,-44.523624420166016,-60.65103530883789,28.232873916625977
frame_000538.png,44.06884002685547,29.897899627685547,-46.8140869140625,-44.5820426940918,-60.73469543457031,28.27362823486328
frame_000539.png,44.13806915283203,29.952728271484375,-46.8819580078125,-44.637916564941406,-60.81698989868164,28.315000534057617
frame_000540.png,44.207401275634766,30.007848739624023,-46.951416015625,-44.69098663330078,-60.89747619628906,28.35460090637207
frame_000541.png,44.2772331237793,30.06389808654785,-47.02235794067383,-44.7421989440918,-60.97797393798828,28.39266014099121
frame_000542.png,44.34636688232422,30.12038803100586,-47.09380340576172,-44.79365921020508,-61.05809783935547,28.430530548095703
frame_000543.png,44.41552734375,30.17723274230957,-47.165130615234375,-44.846412658691406,-61.13759994506836,28.46982765197754
frame_000544.png,44.484989166259766,30.232877731323242,-47.237510681152344,-44.899871826171875,-61.216880798339844,28.510967254638672
frame_000545.png,44.55424880981445,30.28713607788086,-47.310455322265625,-44.95478439331055,-61.295345306396484,28.553211212158203
frame_000546.png,44.62313461303711,30.341270446777344,-47.383155822753906,-45.01079559326172,-61.371856689453125,28.595396041870117
frame_000547.png,44.691829681396484,30.39468002319336,-47.45479965209961,-45.0664176940918,-61.44837188720703,28.639232635498047
frame_000548.png,44.76084899902344,30.446531295776367,-47.525306701660156,-45.121734619140625,-61.52537536621094,28.684715270996094
frame_000549.png,44.829490661621094,30.49736976623535,-47.59625244140625,-45.17628479003906,-61.60260772705078,28.73262596130371
frame_000550.png,44.89739990234375,30.547128677368164,-47.66770553588867,-45.23164367675781,-61.68058395385742,28.781078338623047
frame_000551.png,44.96356964111328,30.592918395996094,-47.74041748046875,-45.28498077392578,-61.75944137573242,28.830739974975586
frame_000552.png,45.0272216796875,30.634965896606445,-47.81513595581055,-45.33531951904297,-61.84043884277344,28.882089614868164
frame_000553.png,45.090728759765625,30.675113677978516,-47.89170837402344,-45.383182525634766,-61.92461395263672,28.93510627746582
frame_000554.png,45.154754638671875,30.7155704498291,-47.971622467041016,-45.42967987060547,-62.01115036010742,28.989870071411133
frame_000555.png,45.21796798706055,30.757200241088867,-48.05341339111328,-45.474609375,-62.098018646240234,29.04623031616211
frame_000556.png,45.28006362915039,30.798526763916016,-48.1358757019043,-45.51561737060547,-62.185829162597656,29.103776931762695
frame_000557.png,45.3419075012207,30.84006118774414,-48.21861267089844,-45.554229736328125,-62.27262878417969,29.162052154541016
frame_000558.png,45.40523147583008,30.881092071533203,-48.30359649658203,-45.5912971496582,-62.35818862915039,29.220333099365234
frame_000559.png,45.47055435180664,30.921960830688477,-48.39118576049805,-45.627532958984375,-62.44232177734375,29.279190063476562
frame_000560.png,45.53856658935547,30.963197708129883,-48.48223114013672,-45.66209411621094,-62.525577545166016,29.33806800842285
frame_000561.png,45.608341217041016,31.003782272338867,-48.57592010498047,-45.6945686340332,-62.60944366455078,29.396963119506836
frame_000562.png,45.68084716796875,31.04477310180664,-48.67061233520508,-45.72402572631836,-62.69544219970703,29.45461082458496
frame_000563.png,45.7564697265625,31.08809471130371,-48.76675033569336,-45.75108337402344,-62.785099029541016,29.511648178100586
frame_000564.png,45.83323287963867,31.13494110107422,-48.86370086669922,-45.777767181396484,-62.87674331665039,29.569385528564453
frame_000565.png,45.911624908447266,31.183767318725586,-48.96190643310547,-45.80679702758789,-62.969947814941406,29.62861442565918
frame_000566.png,45.993446350097656,31.232059478759766,-49.06253433227539,-45.83785629272461,-63.06311798095703,29.690916061401367
frame_000567.png,46.0770149230957,31.27959632873535,-49.165428161621094,-45.871009826660156,-63.155662536621094,29.7561092376709
frame_000568.png,46.16212463378906,31.325944900512695,-49.271156311035156,-45.906883239746094,-63.24759292602539,29.82392692565918
frame_000569.png,46.249427795410156,31.373764038085938,-49.37986373901367,-45.94396209716797,-63.33930206298828,29.8930721282959
frame_000570.png,46.338199615478516,31.421621322631836,-49.489253997802734,-45.983551025390625,-63.43048095703125,29.964452743530273
frame_000571.png,46.42792892456055,31.469459533691406,-49.599456787109375,-46.02826690673828,-63.519866943359375,30.03915023803711
frame_000572.png,46.520790100097656,31.51560401916504,-49.71082305908203,-46.07746505737305,-63.60784149169922,30.117494583129883
frame_000573.png,46.61503601074219,31.560710906982422,-49.82054901123047,-46.128414154052734,-63.695579528808594,30.200111389160156
frame_000574.png,46.70838928222656,31.60527801513672,-49.928794860839844,-46.17938232421875,-63.7851676940918,30.286611557006836
frame_000575.png,46.79875946044922,31.64972496032715,-50.03213119506836,-46.23163986206055,-63.87672805786133,30.374582290649414
frame_000576.png,46.887237548828125,31.69224739074707,-50.130001068115234,-46.285377502441406,-63.970672607421875,30.46161651611328
frame_000577.png,46.97172546386719,31.734359741210938,-50.22322463989258,-46.34145736694336,-64.06549835205078,30.547956466674805
frame_000578.png,47.054161071777344,31.77678108215332,-50.31259536743164,-46.40010070800781,-64.16275787353516,30.632978439331055
frame_000579.png,47.13338088989258,31.819686889648438,-50.39984130859375,-46.459861755371094,-64.2625503540039,30.719770431518555
frame_000580.png,47.21048355102539,31.86475944519043,-50.48554229736328,-46.51966094970703,-64.36781311035156,30.806472778320312
frame_000581.png,47.286277770996094,31.911418914794922,-50.57032775878906,-46.57817077636719,-64.47274780273438,30.892576217651367
frame_000582.png,47.361507415771484,31.959991455078125,-50.65671920776367,-46.63391876220703,-64.57862854003906,30.97808265686035
frame_000583.png,47.43764114379883,32.01082992553711,-50.74583435058594,-46.68955612182617,-64.685791015625,31.06036376953125
frame_000584.png,47.5135498046875,32.06497573852539,-50.83808517456055,-46.743831634521484,-64.79409790039062,31.141618728637695
frame_000585.png,47.58796310424805,32.12163162231445,-50.93358612060547,-46.79594802856445,-64.90451049804688,31.22425651550293
frame_000586.png,47.663055419921875,32.178775787353516,-51.02975845336914,-46.84626770019531,-65.01728057861328,31.30596351623535
frame_000587.png,47.74116516113281,32.235897064208984,-51.12558364868164,-46.89821243286133,-65.13377380371094,31.38715934753418
frame_000588.png,47.82331466674805,32.29335021972656,-51.22234344482422,-46.9534912109375,-65.25392150878906,31.46963882446289
frame_000589.png,47.906925201416016,32.35003662109375,-51.318912506103516,-47.00808334350586,-65.37517547607422,31.552669525146484
frame_000590.png,47.99168014526367,32.406402587890625,-51.41476821899414,-47.06275177001953,-65.49420928955078,31.635805130004883
frame_000591.png,48.074546813964844,32.45942687988281,-51.50702667236328,-47.12113952636719,-65.61186218261719,31.717924118041992
frame_000592.png,48.15555953979492,32.51051712036133,-51.596004486083984,-47.182220458984375,-65.73051452636719,31.800260543823242
frame_000593.png,48.23503112792969,32.5610237121582,-51.68268966674805,-47.242042541503906,-65.85017395019531,31.88313865661621
frame_000594.png,48.31426239013672,32.612030029296875,-51.76651382446289,-47.301326751708984,-65.96905517578125,31.967304229736328
frame_000595.png,48.39142990112305,32.663734436035156,-51.84701919555664,-47.35895538330078,-66.0889663696289,32.05128479003906
frame_000596.png,48.46861267089844,32.71617889404297,-51.9266471862793,-47.41688537597656,-66.20845031738281,32.135833740234375
frame_000597.png,48.5450553894043,32.76886749267578,-52.00370407104492,-47.47420883178711,-66.32850646972656,32.22075653076172
frame_000598.png,48.621116638183594,32.82163619995117,-52.078678131103516,-47.53167724609375,-66.4489517211914,32.306419372558594
frame_000599.png,48.69593811035156,32.87648010253906,-52.1533088684082,-47.589656829833984,-66.5698471069336,32.39174270629883
frame_000600.png,48.7690315246582,32.933101654052734,-52.229732513427734,-47.64809036254883,-66.69105529785156,32.476993560791016
frame_000601.png,48.840904235839844,32.991146087646484,-52.30803680419922,-47.706695556640625,-66.81271362304688,32.561763763427734
frame_000602.png,48.91191482543945,33.04976272583008,-52.3851318359375,-47.76787185668945,-66.93362426757812,32.64601516723633
frame_000603.png,48.981536865234375,33.106204986572266,-52.46185302734375,-47.830543518066406,-67.052490234375,32.72975540161133
frame_000604.png,49.050411224365234,33.16110610961914,-52.53816604614258,-47.89287567138672,-67.16899108886719,32.813140869140625
frame_000605.png,49.1212272644043,33.21424102783203,-52.61592102050781,-47.95322799682617,-67.28478240966797,32.896095275878906
frame_000606.png,49.19443130493164,33.26438903808594,-52.69439697265625,-48.013431549072266,-67.40209197998047,32.978939056396484
frame_000607.png,49.26947784423828,33.31084060668945,-52.77348327636719,-48.07349395751953,-67.52049255371094,33.062564849853516
frame_000608.png,49.3461799621582,33.35465621948242,-52.852054595947266,-48.13462829589844,-67.63860321044922,33.14514923095703
frame_000609.png,49.42344665527344,33.398414611816406,-52.930747985839844,-48.19669723510742,-67.75678253173828,33.22566604614258
frame_000610.png,49.500267028808594,33.44377517700195,-53.00779342651367,-48.26192092895508,-67.873291015625,33.30580520629883
frame_000611.png,49.57705307006836,33.49174880981445,-53.08456802368164,-48.3289794921875,-67.9896240234375,33.38486099243164
frame_000612.png,49.6544303894043,33.54102325439453,-53.16179275512695,-48.397029876708984,-68.10746002197266,33.462982177734375
frame_000613.png,49.733543395996094,33.58928680419922,-53.24011993408203,-48.46668243408203,-68.22514343261719,33.54247283935547
frame_000614.png,49.81633377075195,33.63627243041992,-53.320926666259766,-48.5377197265625,-68.34562683105469,33.62305450439453
frame_000615.png,49.90238571166992,33.682735443115234,-53.4037971496582,-48.60941696166992,-68.467041015625,33.704463958740234
frame_000616.png,49.990089416503906,33.73124313354492,-53.48788070678711,-48.68086624145508,-68.59004211425781,33.785919189453125
frame_000617.png,50.078041076660156,33.78219985961914,-53.57494354248047,-48.75360107421875,-68.71546936035156,33.86753845214844
frame_000618.png,50.166717529296875,33.83669662475586,-53.66417694091797,-48.826480865478516,-68.84465789794922,33.95000076293945
frame_000619.png,50.25702667236328,33.893028259277344,-53.754878997802734,-48.899635314941406,-68.97439575195312,34.03388214111328
frame_000620.png,50.34848403930664,33.95153045654297,-53.846649169921875,-48.96912384033203,-69.10548400878906,34.11922836303711
frame_000621.png,50.440608978271484,34.01205825805664,-53.93852615356445,-49.03582763671875,-69.23980712890625,34.205162048339844
frame_000622.png,50.53162384033203,34.07337951660156,-54.03411865234375,-49.10005187988281,-69.3778305053711,34.29258728027344
frame_000623.png,50.62125778198242,34.13599395751953,-54.132022857666016,-49.16149139404297,-69.51821899414062,34.38037872314453
frame_000624.png,50.71102523803711,34.1992073059082,-54.23002624511719,-49.22233200073242,-69.66002655029297,34.46945571899414
frame_000625.png,50.80282211303711,34.26219177246094,-54.33009719848633,-49.28497314453125,-69.79920196533203,34.56101608276367
frame_000626.png,50.897586822509766,34.32294464111328,-54.43336486816406,-49.34967803955078,-69.93604278564453,34.65428161621094
frame_000627.png,50.99266052246094,34.38452911376953,-54.538536071777344,-49.416378021240234,-70.06998443603516,34.7471923828125
frame_000628.png,51.086456298828125,34.4469108581543,-54.64314651489258,-49.48503494262695,-70.20047760009766,34.83742904663086
frame_000629.png,51.178714752197266,34.510990142822266,-54.7465705871582,-49.55748748779297,-70.32963562011719,34.925804138183594
frame_000630.png,51.2711296081543,34.576332092285156,-54.84815216064453,-49.6326904296875,-70.45924377441406,35.01393508911133
frame_000631.png,51.3626823425293,34.640907287597656,-54.9479866027832,-49.708099365234375,-70.59237670898438,35.101280212402344
frame_000632.png,51.4573860168457,34.70347213745117,-55.049888610839844,-49.78323745727539,-70.72648620605469,35.189022064208984
frame_000633.png,51.553688049316406,34.76420593261719,-55.15165328979492,-49.8630256652832,-70.8592758178711,35.276336669921875
frame_000634.png,51.65074920654297,34.822906494140625,-55.25584030151367,-49.946224212646484,-70.99043273925781,35.36334991455078
frame_000635.png,51.74726486206055,34.879478454589844,-55.36228561401367,-50.03288269042969,-71.11992645263672,35.45001983642578
frame_000636.png,51.843048095703125,34.93497085571289,-55.468692779541016,-50.12559127807617,-71.24737548828125,35.53407287597656
frame_000637.png,51.93899917602539,34.98960876464844,-55.572242736816406,-50.22491455078125,-71.37235260009766,35.616302490234375
frame_000638.png,52.034034729003906,35.04377746582031,-55.673309326171875,-50.32940673828125,-71.49655151367188,35.69557189941406
frame_000639.png,52.12954330444336,35.09852981567383,-55.772735595703125,-50.435977935791016,-71.62332153320312,35.77382278442383
frame_000640.png,52.22616195678711,35.15408706665039,-55.873931884765625,-50.54517364501953,-71.75138092041016,35.85478210449219
frame_000641.png,52.32490539550781,35.21031188964844,-55.97684860229492,-50.65865707397461,-71.87760162353516,35.93938446044922
frame_000642.png,52.42688751220703,35.26580810546875,-56.0815315246582,-50.77472686767578,-72.0042495727539,36.02649688720703
frame_000643.png,52.53252029418945,35.32073974609375,-56.183876037597656,-50.89179229736328,-72.13228607177734,36.11293411254883
frame_000644.png,52.640846252441406,35.37449645996094,-56.28355407714844,-51.00855255126953,-72.26091766357422,36.198551177978516
frame_000645.png,52.748592376708984,35.429813385009766,-56.38143539428711,-51.126731872558594,-72.38912200927734,36.28376007080078
frame_000646.png,52.85469055175781,35.48427963256836,-56.47560501098633,-51.24666976928711,-72.51854705810547,36.36781311035156
frame_000647.png,52.95915985107422,35.53865432739258,-56.56603240966797,-51.36552047729492,-72.65109252929688,36.44816589355469
frame_000648.png,53.060935974121094,35.593482971191406,-56.6540641784668,-51.48219680786133,-72.78924560546875,36.52699279785156
frame_000649.png,53.1601676940918,35.64931869506836,-56.74127197265625,-51.59893798828125,-72.92922973632812,36.6063117980957
frame_000650.png,53.257041931152344,35.70491409301758,-56.830257415771484,-51.715599060058594,-73.0699691772461,36.686065673828125
frame_000651.png,53.354801177978516,35.759559631347656,-56.921871185302734,-51.83341598510742,-73.205810546875,36.76662063598633
frame_000652.png,53.45173645019531,35.813228607177734,-57.012413024902344,-51.95375061035156,-73.33873748779297,36.847408294677734
frame_000653.png,53.54763412475586,35.867149353027344,-57.10399627685547,-52.07429885864258,-73.47048950195312,36.928951263427734
frame_000654.png,53.64165496826172,35.92037582397461,-57.194488525390625,-52.19409942626953,-73.60342407226562,37.0098876953125
frame_000655.png,53.73377990722656,35.97407150268555,-57.28524398803711,-52.31090545654297,-73.7367935180664,37.091400146484375
frame_000656.png,53.82425308227539,36.03028869628906,-57.37643814086914,-52.42549133300781,-73.86903381347656,37.1713752746582
frame_000657.png,53.91410827636719,36.08720397949219,-57.467811584472656,-52.53684616088867,-74.00064849853516,37.250125885009766
frame_000658.png,54.00536346435547,36.142024993896484,-57.55724334716797,-52.64643859863281,-74.13130950927734,37.328033447265625
frame_000659.png,54.1003303527832,36.19405746459961,-57.64519119262695,-52.754364013671875,-74.26164245605469,37.40575408935547
frame_000660.png,54.19908142089844,36.24397277832031,-57.7319450378418,-52.86182403564453,-74.3910903930664,37.484580993652344
frame_000661.png,54.30152130126953,36.291744232177734,-57.82028579711914,-52.96744918823242,-74.52172088623047,37.56399917602539
frame_000662.png,54.40643310546875,36.33620834350586,-57.90981674194336,-53.073020935058594,-74.65229797363281,37.6434440612793
frame_000663.png,54.515541076660156,36.3781623840332,-58.001182556152344,-53.17853927612305,-74.78345489501953,37.721961975097656
frame_000664.png,54.62806701660156,36.41822814941406,-58.09189987182617,-53.28622055053711,-74.91116333007812,37.79827880859375
frame_000665.png,54.74286651611328,36.45992660522461,-58.18117904663086,-53.39808654785156,-75.03697967529297,37.8751335144043
frame_000666.png,54.85692596435547,36.5055046081543,-58.26885986328125,-53.51329803466797,-75.15974426269531,37.95306396484375
frame_000667.png,54.969547271728516,36.55526351928711,-58.35371017456055,-53.62991714477539,-75.28118133544922,38.03020477294922
frame_000668.png,55.08101272583008,36.6081657409668,-58.43737030029297,-53.74485397338867,-75.40415954589844,38.104759216308594
frame_000669.png,55.19050979614258,36.66465377807617,-58.521446228027344,-53.8582763671875,-75.52562713623047,38.17961120605469
frame_000670.png,55.298038482666016,36.72031021118164,-58.60535430908203,-53.96976852416992,-75.6462631225586,38.25429153442383
frame_000671.png,55.401268005371094,36.774269104003906,-58.68834686279297,-54.078094482421875,-75.76762390136719,38.33012008666992
frame_000672.png,55.50381088256836,36.825748443603516,-58.770904541015625,-54.18238067626953,-75.888427734375,38.407344818115234
frame_000673.png,55.60930252075195,36.87389373779297,-58.852806091308594,-54.2887077331543,-76.0081558227539,38.485679626464844
frame_000674.png,55.71645736694336,36.920921325683594,-58.93368911743164,-54.40000915527344,-76.12650299072266,38.56326675415039
frame_000675.png,55.82376480102539,36.9647331237793,-59.01570129394531,-54.51194381713867,-76.24641418457031,38.639408111572266
frame_000676.png,55.92864990234375,37.00611877441406,-59.10025405883789,-54.62278366088867,-76.36711120605469,38.71315002441406
frame_000677.png,56.0318717956543,37.04943084716797,-59.18718338012695,-54.73001480102539,-76.48946380615234,38.785316467285156
frame_000678.png,56.133872985839844,37.0962028503418,-59.274742126464844,-54.8352165222168,-76.61145782470703,38.85663986206055
frame_000679.png,56.23297119140625,37.145965576171875,-59.36253356933594,-54.94222640991211,-76.73074340820312,38.9287223815918
frame_000680.png,56.33238220214844,37.19817352294922,-59.451446533203125,-55.050010681152344,-76.84774017333984,39.00071334838867
frame_000681.png,56.43444061279297,37.252540588378906,-59.54063415527344,-55.158607482910156,-76.96533966064453,39.0729866027832
frame_000682.png,56.5388298034668,37.30815887451172,-59.630489349365234,-55.270530700683594,-77.08629608154297,39.14497375488281
frame_000683.png,56.6443977355957,37.36248016357422,-59.71757507324219,-55.38179016113281,-77.20889282226562,39.21839141845703
frame_000684.png,56.75020217895508,37.41646957397461,-59.80299758911133,-55.49374771118164,-77.33130645751953,39.29365921020508
frame_000685.png,56.853271484375,37.47056198120117,-59.88706588745117,-55.60895538330078,-77.45378112792969,39.36927795410156
frame_000686.png,56.95396423339844,37.52448654174805,-59.97380065917969,-55.7247200012207,-77.5748062133789,39.446102142333984
frame_000687.png,57.05303192138672,37.578372955322266,-60.06319046020508,-55.84016799926758,-77.6968765258789,39.52388000488281
frame_000688.png,57.14955139160156,37.63096618652344,-60.15324783325195,-55.95661544799805,-77.81817626953125,39.60346221923828
frame_000689.png,57.243919372558594,37.683982849121094,-60.241512298583984,-56.07173156738281,-77.93672180175781,39.684696197509766
frame_000690.png,57.336456298828125,37.74036407470703,-60.3265380859375,-56.183441162109375,-78.05390930175781,39.76634216308594
frame_000691.png,57.42571258544922,37.798885345458984,-60.40554428100586,-56.29591369628906,-78.16876983642578,39.84656524658203
frame_000692.png,57.51233673095703,37.85922622680664,-60.48141098022461,-56.41095733642578,-78.28006744384766,39.925289154052734
frame_000693.png,57.595741271972656,37.919586181640625,-60.55659866333008,-56.526546478271484,-78.389892578125,40.00407791137695
frame_000694.png,57.681114196777344,37.978240966796875,-60.63313674926758,-56.638710021972656,-78.50100708007812,40.081573486328125
frame_000695.png,57.768211364746094,38.03580856323242,-60.70935821533203,-56.74407958984375,-78.6114501953125,40.15816879272461
frame_000696.png,57.852970123291016,38.09089279174805,-60.781131744384766,-56.841983795166016,-78.72333526611328,40.2343864440918
frame_000697.png,57.93925094604492,38.14276123046875,-60.85251235961914,-56.93518829345703,-78.8338394165039,40.312774658203125
frame_000698.png,58.02774429321289,38.193843841552734,-60.92021179199219,-57.02616882324219,-78.94216918945312,40.39399337768555
frame_000699.png,58.116294860839844,38.24348449707031,-60.98649215698242,-57.11431121826172,-79.0513687133789,40.47533416748047
frame_000700.png,58.20551681518555,38.29512023925781,-61.05438232421875,-57.201560974121094,-79.15733337402344,40.5594596862793
frame_000701.png,58.293846130371094,38.350379943847656,-61.122344970703125,-57.28982925415039,-79.25933074951172,40.641536712646484
frame_000702.png,58.376766204833984,38.40623474121094,-61.18685531616211,-57.37999725341797,-79.35889434814453,40.720726013183594
frame_000703.png,58.45487594604492,38.46186447143555,-61.25108337402344,-57.472999572753906,-79.45967102050781,40.79947280883789
frame_000704.png,58.53132629394531,38.5177116394043,-61.32240295410156,-57.56513595581055,-79.56236267089844,40.87795639038086
frame_000705.png,58.60750198364258,38.571449279785156,-61.40129089355469,-57.6572380065918,-79.66292572021484,40.95647048950195
frame_000706.png,58.683536529541016,38.62689208984375,-61.483642578125,-57.74626159667969,-79.76171875,41.03145217895508
frame_000707.png,58.760074615478516,38.681358337402344,-61.567501068115234,-57.82926559448242,-79.85993957519531,41.103511810302734
frame_000708.png,58.83774185180664,38.73341369628906,-61.652591705322266,-57.91050720214844,-79.95917510986328,41.1707878112793
frame_000709.png,58.918373107910156,38.78317642211914,-61.74045181274414,-57.99117660522461,-80.05796813964844,41.236759185791016
frame_000710.png,59.00217819213867,38.83140563964844,-61.83126449584961,-58.06953811645508,-80.15372467041016,41.3018684387207
frame_000711.png,59.08776092529297,38.88056945800781,-61.92490005493164,-58.146549224853516,-80.2455825805664,41.365692138671875
frame_000712.png,59.17654037475586,38.93079376220703,-62.02436065673828,-58.224639892578125,-80.33251953125,41.427650451660156
frame_000713.png,59.26425552368164,38.98238754272461,-62.12605667114258,-58.30376052856445,-80.41532897949219,41.48588562011719
frame_000714.png,59.349971771240234,39.035255432128906,-62.230403900146484,-58.384559631347656,-80.49939727783203,41.54208755493164
frame_000715.png,59.434200286865234,39.08885955810547,-62.33769607543945,-58.46834945678711,-80.58374786376953,41.60015869140625
frame_000716.png,59.5181999206543,39.14361572265625,-62.44573974609375,-58.55424118041992,-80.67031860351562,41.659332275390625
frame_000717.png,59.600982666015625,39.19857406616211,-62.55483627319336,-58.6392707824707,-80.76091003417969,41.71842575073242
frame_000718.png,59.684722900390625,39.25401306152344,-62.66331481933594,-58.721588134765625,-80.85745239257812,41.77726364135742
frame_000719.png,59.77317810058594,39.308223724365234,-62.77040481567383,-58.799781799316406,-80.95927429199219,41.8377685546875
frame_000720.png,59.86507034301758,39.36180877685547,-62.87758255004883,-58.875205993652344,-81.0622329711914,41.900169372558594
frame_000721.png,59.960227966308594,39.416770935058594,-62.98760986328125,-58.948097229003906,-81.16527557373047,41.96385192871094
frame_000722.png,60.057682037353516,39.47431564331055,-63.1002082824707,-59.01897048950195,-81.27001190185547,42.02847671508789
frame_000723.png,60.158634185791016,39.534271240234375,-63.214317321777344,-59.08790969848633,-81.37322998046875,42.09270477294922
frame_000724.png,60.26142501831055,39.59425354003906,-63.3275032043457,-59.15950012207031,-81.4739761352539,42.158748626708984
frame_000725.png,60.36437225341797,39.65540313720703,-63.44017028808594,-59.23432540893555,-81.57425689697266,42.22209930419922
frame_000726.png,60.468170166015625,39.71359634399414,-63.553306579589844,-59.314205169677734,-81.67777252197266,42.28443145751953
frame_000727.png,60.574920654296875,39.772274017333984,-63.66646194458008,-59.396575927734375,-81.78374481201172,42.34663772583008
frame_000728.png,60.68302536010742,39.83345413208008,-63.779930114746094,-59.47886276245117,-81.89139556884766,42.40821838378906
frame_000729.png,60.78984069824219,39.89743423461914,-63.892093658447266,-59.56369400024414,-81.99736785888672,42.4691162109375
frame_000730.png,60.893592834472656,39.9630012512207,-63.999107360839844,-59.651390075683594,-82.10364532470703,42.526790618896484
frame_000731.png,60.99424743652344,40.02750778198242,-64.10413360595703,-59.738243103027344,-82.20918273925781,42.583858489990234
frame_000732.png,61.09101867675781,40.09431076049805,-64.20963287353516,-59.8270149230957,-82.31178283691406,42.64289093017578
frame_000733.png,61.18333435058594,40.16371536254883,-64.3175277709961,-59.91899490356445,-82.41272735595703,42.7034912109375
frame_000734.png,61.2744140625,40.23505783081055,-64.42558288574219,-60.01231384277344,-82.51180267333984,42.76314926147461
frame_000735.png,61.364959716796875,40.30906677246094,-64.53153991699219,-60.10396957397461,-82.60894012451172,42.819374084472656
frame_000736.png,61.45467758178711,40.386844635009766,-64.63488006591797,-60.194007873535156,-82.70133972167969,42.8730354309082
frame_000737.png,61.54084396362305,40.469757080078125,-64.73613739013672,-60.28272247314453,-82.79021453857422,42.924713134765625
frame_000738.png,61.621742248535156,40.55618667602539,-64.83523559570312,-60.37187957763672,-82.87770080566406,42.97453308105469
frame_000739.png,61.69813537597656,40.644248962402344,-64.93301391601562,-60.4637451171875,-82.96530151367188,43.022865295410156
frame_000740.png,61.773231506347656,40.7320671081543,-65.03351593017578,-60.556453704833984,-83.05517578125,43.07026672363281
frame_000741.png,61.84819030761719,40.82074737548828,-65.13908386230469,-60.64718246459961,-83.14678955078125,43.11885452270508
frame_000742.png,61.92206573486328,40.90979766845703,-65.24747467041016,-60.74058151245117,-83.23794555664062,43.16915512084961
frame_000743.png,61.99673080444336,40.997798919677734,-65.35932159423828,-60.838504791259766,-83.32782745361328,43.22035598754883
frame_000744.png,62.072139739990234,41.08667755126953,-65.46887969970703,-60.940460205078125,-83.41520690917969,43.271461486816406
frame_000745.png,62.14893341064453,41.17539596557617,-65.57569122314453,-61.04570770263672,-83.50072479248047,43.322086334228516
frame_000746.png,62.226566314697266,41.264156341552734,-65.68181610107422,-61.154296875,-83.58476257324219,43.373573303222656
frame_000747.png,62.30436325073242,41.352439880371094,-65.78551483154297,-61.264007568359375,-83.66775512695312,43.42662811279297
frame_000748.png,62.38616943359375,41.44155502319336,-65.89155578613281,-61.370582580566406,-83.75093841552734,43.48213577270508
frame_000749.png,62.471229553222656,41.531314849853516,-65.99638366699219,-61.47807312011719,-83.83572387695312,43.537967681884766
frame_000750.png,62.559024810791016,41.61906433105469,-66.09940338134766,-61.58591079711914,-83.92406463623047,43.593841552734375
frame_000751.png,62.65239715576172,41.70423889160156,-66.20221710205078,-61.69325637817383,-84.01783752441406,43.65135955810547
frame_000752.png,62.748207092285156,41.78605270385742,-66.31089782714844,-61.796573638916016,-84.11787414550781,43.71004867553711
frame_000753.png,62.8437614440918,41.86601638793945,-66.42398071289062,-61.89447784423828,-84.22176361083984,43.77024459838867
frame_000754.png,62.9416618347168,41.94383239746094,-66.53828430175781,-61.98690414428711,-84.32902526855469,43.83177185058594
frame_000755.png,63.04209518432617,42.018821716308594,-66.65308380126953,-62.07645797729492,-84.44046783447266,43.8922119140625
frame_000756.png,63.14313507080078,42.091312408447266,-66.7665786743164,-62.16525650024414,-84.55497741699219,43.951229095458984
frame_000757.png,63.247962951660156,42.1662483215332,-66.8812484741211,-62.25236511230469,-84.67320251464844,44.008033752441406
frame_000758.png,63.35602951049805,42.2401123046875,-66.99710845947266,-62.33920669555664,-84.7930679321289,44.0670166015625
frame_000759.png,63.46657180786133,42.311851501464844,-67.11302947998047,-62.430850982666016,-84.91191864013672,44.128211975097656
frame_000760.png,63.57623291015625,42.38180923461914,-67.22836303710938,-62.52724838256836,-85.02997589111328,44.188697814941406
frame_000761.png,63.68598556518555,42.45134735107422,-67.3477554321289,-62.62506103515625,-85.1473388671875,44.250526428222656
frame_000762.png,63.79478073120117,42.52536392211914,-67.47047424316406,-62.72830581665039,-85.2641830444336,44.310401916503906
frame_000763.png,63.9026985168457,42.60099792480469,-67.59326171875,-62.833221435546875,-85.38072204589844,44.37200164794922
frame_000764.png,64.01325988769531,42.67872619628906,-67.71566772460938,-62.93950653076172,-85.49972534179688,44.43793487548828
frame_000765.png,64.12593078613281,42.759735107421875,-67.84013366699219,-63.0490837097168,-85.62142944335938,44.50322723388672
frame_000766.png,64.23999786376953,42.843597412109375,-67.9679183959961,-63.15187454223633,-85.74617004394531,44.566307067871094
frame_000767.png,64.35417175292969,42.927001953125,-68.0993423461914,-63.2508659362793,-85.87488555908203,44.627906799316406
frame_000768.png,64.46561431884766,43.0108642578125,-68.22946166992188,-63.34842300415039,-86.00480651855469,44.68887710571289
frame_000769.png,64.57758331298828,43.09515380859375,-68.355224609375,-63.44481658935547,-86.13109588623047,44.75125503540039
frame_000770.png,64.68844604492188,43.17401885986328,-68.47644805908203,-63.53715515136719,-86.2568588256836,44.812110900878906
frame_000771.png,64.80056762695312,43.249961853027344,-68.59689331054688,-63.625125885009766,-86.3809814453125,44.87207794189453
frame_000772.png,64.91350555419922,43.32406234741211,-68.71871185302734,-63.709747314453125,-86.50422668457031,44.93446350097656
frame_000773.png,65.0246810913086,43.396610260009766,-68.83819580078125,-63.79197692871094,-86.62606048583984,44.99934387207031
frame_000774.png,65.13502502441406,43.46510314941406,-68.95417022705078,-63.8743896484375,-86.74667358398438,45.0654411315918
frame_000775.png,65.24617767333984,43.52790069580078,-69.06940460205078,-63.95674133300781,-86.86729431152344,45.13170623779297
frame_000776.png,65.35685729980469,43.58522033691406,-69.18052673339844,-64.03986358642578,-86.9878158569336,45.19880294799805
frame_000777.png,65.4685287475586,43.6419563293457,-69.28668212890625,-64.12710571289062,-87.10916137695312,45.26400375366211
frame_000778.png,65.57891845703125,43.70148468017578,-69.39320373535156,-64.21342468261719,-87.22940063476562,45.32831573486328
frame_000779.png,65.69071197509766,43.7672004699707,-69.50374603271484,-64.3009262084961,-87.34780883789062,45.39229965209961
frame_000780.png,65.80280303955078,43.835540771484375,-69.61830139160156,-64.39143371582031,-87.46678161621094,45.456809997558594
frame_000781.png,65.91912841796875,43.90383529663086,-69.73445129394531,-64.48320007324219,-87.58546447753906,45.52289962768555
frame_000782.png,66.037841796875,43.971710205078125,-69.847412109375,-64.57748413085938,-87.69984436035156,45.58755111694336
frame_000783.png,66.15950012207031,44.04718780517578,-69.9615478515625,-64.67536163330078,-87.81041717529297,45.650508880615234
frame_000784.png,66.28092956542969,44.125980377197266,-70.07455444335938,-64.77381134033203,-87.9232406616211,45.70853805541992
frame_000785.png,66.39811706542969,44.20095443725586,-70.18291473388672,-64.8730239868164,-88.03666687011719,45.764610290527344
frame_000786.png,66.5104751586914,44.2724494934082,-70.28904724121094,-64.96705627441406,-88.15254974365234,45.820213317871094
frame_000787.png,66.6183853149414,44.34274673461914,-70.39063262939453,-65.05817413330078,-88.26937103271484,45.876407623291016
frame_000788.png,66.72012329101562,44.40941619873047,-70.49009704589844,-65.14578247070312,-88.38650512695312,45.93459701538086
frame_000789.png,66.8180160522461,44.473960876464844,-70.58987426757812,-65.23454284667969,-88.50228118896484,45.99530029296875
frame_000790.png,66.9139633178711,44.53730010986328,-70.68526458740234,-65.33182525634766,-88.61597442626953,46.05620574951172
frame_000791.png,67.00826263427734,44.595733642578125,-70.77597045898438,-65.4345932006836,-88.72806549072266,46.11659622192383
frame_000792.png,67.1038589477539,44.65047836303711,-70.86186218261719,-65.53738403320312,-88.83662414550781,46.176151275634766
frame_000793.png,67.19929504394531,44.70585632324219,-70.94251251220703,-65.64059448242188,-88.9423599243164,46.234134674072266
frame_000794.png,67.29367065429688,44.763057708740234,-71.0196762084961,-65.74592590332031,-89.04325103759766,46.2910041809082
frame_000795.png,67.38441467285156,44.82024002075195,-71.09602355957031,-65.85209655761719,-89.14143371582031,46.34716796875
frame_000796.png,67.47418975830078,44.87492370605469,-71.17314147949219,-65.9582290649414,-89.23950958251953,46.40506362915039
frame_000797.png,67.56379699707031,44.93007278442383,-71.24873352050781,-66.06201934814453,-89.3396987915039,46.46364212036133
frame_000798.png,67.65390014648438,44.9871826171875,-71.32579803466797,-66.16032409667969,-89.44214630126953,46.5213623046875
frame_000799.png,67.74492645263672,45.046939849853516,-71.4020767211914,-66.2564468383789,-89.54718780517578,46.576053619384766
frame_000800.png,67.83740234375,45.10792541503906,-71.47814178466797,-66.35171508789062,-89.65455627441406,46.62700271606445
frame_000801.png,67.92829895019531,45.170352935791016,-71.55342102050781,-66.44898223876953,-89.76294708251953,46.6777229309082
frame_000802.png,68.01922607421875,45.231597900390625,-71.6269760131836,-66.54582214355469,-89.8714370727539,46.729000091552734
frame_000803.png,68.10723876953125,45.29332733154297,-71.69570922851562,-66.64385986328125,-89.97715759277344,46.775753021240234
frame_000804.png,68.19293975830078,45.354976654052734,-71.7616195678711,-66.73967742919922,-90.08187866210938,46.81779861450195
frame_000805.png,68.27754974365234,45.416873931884766,-71.8242416381836,-66.83258056640625,-90.18824768066406,46.85496520996094
frame_000806.png,68.3638916015625,45.47972106933594,-71.88890838623047,-66.92724609375,-90.29273223876953,46.89188766479492
frame_000807.png,68.45183563232422,45.54316329956055,-71.95367431640625,-67.01930236816406,-90.39684295654297,46.92643356323242
frame_000808.png,68.5403060913086,45.60674285888672,-72.01651763916016,-67.10868835449219,-90.50271606445312,46.96079635620117
frame_000809.png,68.62936401367188,45.66932678222656,-72.08013153076172,-67.1920166015625,-90.61126708984375,46.99420928955078
frame_000810.png,68.7168960571289,45.72916793823242,-72.14462280273438,-67.27032470703125,-90.72136688232422,47.029056549072266
frame_000811.png,68.8051986694336,45.78563690185547,-72.21142578125,-67.34759521484375,-90.8299560546875,47.0678825378418
frame_000812.png,68.89567565917969,45.835479736328125,-72.28009033203125,-67.42570495605469,-90.93517303466797,47.10859298706055
frame_000813.png,68.98701477050781,45.88300704956055,-72.35262298583984,-67.50431060791016,-91.03591918945312,47.1529426574707
frame_000814.png,69.07717895507812,45.93135070800781,-72.42385864257812,-67.58427429199219,-91.13629150390625,47.197872161865234
frame_000815.png,69.16842651367188,45.977752685546875,-72.49433898925781,-67.6663818359375,-91.23918914794922,47.24317932128906
frame_000816.png,69.25958251953125,46.024253845214844,-72.56678771972656,-67.74262237548828,-91.34857940673828,47.29133987426758
frame_000817.png,69.34834289550781,46.070335388183594,-72.64338684082031,-67.81639099121094,-91.46172332763672,47.346649169921875
frame_000818.png,69.43499755859375,46.111671447753906,-72.71947479248047,-67.89002990722656,-91.57172393798828,47.40372848510742
frame_000819.png,69.52252960205078,46.14906311035156,-72.79859924316406,-67.9622573852539,-91.68002319335938,47.46004867553711
frame_000820.png,69.60948181152344,46.186397552490234,-72.88125610351562,-68.03706359863281,-91.78797912597656,47.516075134277344
frame_000821.png,69.69853210449219,46.220611572265625,-72.96504974365234,-68.11294555664062,-91.89281463623047,47.57200241088867
frame_000822.png,69.79039001464844,46.25108337402344,-73.05054473876953,-68.18695831298828,-91.99447631835938,47.62925720214844
frame_000823.png,69.88459777832031,46.28327178955078,-73.13739013671875,-68.26070404052734,-92.09236907958984,47.68872833251953
frame_000824.png,69.97894287109375,46.316856384277344,-73.2252426147461,-68.33740234375,-92.18745422363281,47.7506217956543
frame_000825.png,70.07466888427734,46.35371398925781,-73.31460571289062,-68.41840362548828,-92.27777099609375,47.81412887573242
frame_000826.png,70.17125701904297,46.39244842529297,-73.40637969970703,-68.49838256835938,-92.36935424804688,47.87918472290039
frame_000827.png,70.26678466796875,46.433929443359375,-73.50238037109375,-68.57627868652344,-92.46149444580078,47.944358825683594
frame_000828.png,70.36078643798828,46.47771072387695,-73.6012191772461,-68.65519714355469,-92.5533676147461,48.011871337890625
frame_000829.png,70.45004272460938,46.521602630615234,-73.70096588134766,-68.73439025878906,-92.64446258544922,48.08007049560547
frame_000830.png,70.53884887695312,46.56149673461914,-73.79866790771484,-68.81573486328125,-92.73735046386719,48.14897155761719
frame_000831.png,70.63056945800781,46.5987663269043,-73.90028381347656,-68.89302062988281,-92.82941436767578,48.218746185302734
frame_000832.png,70.7219467163086,46.63432312011719,-74.00727081298828,-68.97018432617188,-92.919677734375,48.28571701049805
frame_000833.png,70.81419372558594,46.67115783691406,-74.11570739746094,-69.04682159423828,-93.00858306884766,48.35196304321289
frame_000834.png,70.9078598022461,46.709068298339844,-74.22352600097656,-69.12115478515625,-93.09629821777344,48.416542053222656
frame_000835.png,71.00430297851562,46.745243072509766,-74.33219909667969,-69.19536590576172,-93.18405151367188,48.47855758666992
frame_000836.png,71.10124969482422,46.780540466308594,-74.44158172607422,-69.26878356933594,-93.26749420166016,48.54163360595703
frame_000837.png,71.1959228515625,46.8189582824707,-74.550048828125,-69.3398666381836,-93.3482894897461,48.60421371459961
frame_000838.png,71.28678894042969,46.86112594604492,-74.65567016601562,-69.41064453125,-93.4293441772461,48.66749572753906
frame_000839.png,71.3763198852539,46.905296325683594,-74.75763702392578,-69.48285675048828,-93.51044464111328,48.73051452636719
frame_000840.png,71.46503448486328,46.950931549072266,-74.85771179199219,-69.55609893798828,-93.59016418457031,48.794124603271484
frame_000841.png,71.55149841308594,46.99201583862305,-74.95626068115234,-69.6325454711914,-93.66741180419922,48.85978698730469
frame_000842.png,71.63636779785156,47.02876281738281,-75.05488586425781,-69.70606994628906,-93.73896026611328,48.92333221435547
frame_000843.png,71.71804809570312,47.06409454345703,-75.15184020996094,-69.775146484375,-93.80791473388672,48.98671340942383
frame_000844.png,71.79682922363281,47.09907531738281,-75.24919891357422,-69.84439849853516,-93.87271118164062,49.04962158203125
frame_000845.png,71.87225341796875,47.13240432739258,-75.35071563720703,-69.91361236572266,-93.93445587158203,49.11365509033203
frame_000846.png,71.94718933105469,47.164756774902344,-75.45474243164062,-69.98552703857422,-93.99452209472656,49.178184509277344
frame_000847.png,72.02088928222656,47.19700622558594,-75.55795288085938,-70.0611801147461,-94.05622863769531,49.24363327026367
frame_000848.png,72.09231567382812,47.23000717163086,-75.6603012084961,-70.13929748535156,-94.11722564697266,49.30876541137695
frame_000849.png,72.16461181640625,47.26278305053711,-75.761474609375,-70.21775817871094,-94.17420196533203,49.372413635253906
frame_000850.png,72.23588562011719,47.29318618774414,-75.85645294189453,-70.29753875732422,-94.22757720947266,49.43507766723633
frame_000851.png,72.30628204345703,47.322113037109375,-75.94825744628906,-70.37994384765625,-94.28112030029297,49.497314453125
frame_000852.png,72.37464904785156,47.35043716430664,-76.03598022460938,-70.46257019042969,-94.33545684814453,49.56022262573242
frame_000853.png,72.44387817382812,47.37788009643555,-76.1227798461914,-70.54322814941406,-94.39100646972656,49.62477111816406
frame_000854.png,72.5164794921875,47.40668869018555,-76.20989227294922,-70.62268829345703,-94.4443359375,49.6915168762207
frame_000855.png,72.58905792236328,47.43881607055664,-76.2977294921875,-70.7014389038086,-94.49779510498047,49.75812530517578
frame_000856.png,72.66089630126953,47.47211837768555,-76.38361358642578,-70.78097534179688,-94.55155181884766,49.82590103149414
frame_000857.png,72.73234558105469,47.507232666015625,-76.47093963623047,-70.8605728149414,-94.60271453857422,49.89122009277344
frame_000858.png,72.80450439453125,47.540565490722656,-76.56099700927734,-70.94183349609375,-94.65442657470703,49.95554733276367
frame_000859.png,72.87776184082031,47.572242736816406,-76.65093231201172,-71.02611541748047,-94.70613098144531,50.020835876464844
frame_000860.png,72.95111846923828,47.6072998046875,-76.7404556274414,-71.11491394042969,-94.75806427001953,50.08427429199219
frame_000861.png,73.02101135253906,47.644412994384766,-76.82685852050781,-71.20820617675781,-94.81202697753906,50.14578628540039
frame_000862.png,73.08878326416016,47.682464599609375,-76.91014862060547,-71.30303192138672,-94.8683853149414,50.20724105834961
frame_000863.png,73.15799713134766,47.722328186035156,-76.99151611328125,-71.39683532714844,-94.92894744873047,50.2662353515625
frame_000864.png,73.22779083251953,47.76252746582031,-77.07071685791016,-71.48697662353516,-94.99598693847656,50.32644271850586
frame_000865.png,73.29855346679688,47.80265426635742,-77.14823150634766,-71.57416534423828,-95.066162109375,50.38908767700195
frame_000866.png,73.37191009521484,47.84437942504883,-77.22447204589844,-71.65992736816406,-95.13619232177734,50.453514099121094
frame_000867.png,73.44654083251953,47.88348388671875,-77.30125427246094,-71.74647521972656,-95.20573425292969,50.5201530456543
frame_000868.png,73.5219497680664,47.921852111816406,-77.37960815429688,-71.8338623046875,-95.27531433105469,50.58754348754883
frame_000869.png,73.59646606445312,47.9599494934082,-77.45709991455078,-71.9214859008789,-95.34398651123047,50.65645980834961
frame_000870.png,73.6685791015625,47.9976806640625,-77.5328140258789,-72.00920104980469,-95.4139404296875,50.728397369384766
frame_000871.png,73.73723602294922,48.035430908203125,-77.60554504394531,-72.09773254394531,-95.48322296142578,50.804500579833984
frame_000872.png,73.80371856689453,48.072914123535156,-77.6750717163086,-72.18659973144531,-95.5523910522461,50.883209228515625
frame_000873.png,73.86875915527344,48.11101531982422,-77.74249267578125,-72.27498626708984,-95.62013244628906,50.962913513183594
frame_000874.png,73.93342590332031,48.150089263916016,-77.80760192871094,-72.36390686035156,-95.68772888183594,51.04267883300781
frame_000875.png,73.99620819091797,48.18900680541992,-77.87049102783203,-72.45237731933594,-95.75669860839844,51.12327194213867
frame_000876.png,74.0592269897461,48.228607177734375,-77.93348693847656,-72.53966522216797,-95.82466125488281,51.20433807373047
frame_000877.png,74.12220001220703,48.26646423339844,-77.99708557128906,-72.62527465820312,-95.8921890258789,51.284603118896484
frame_000878.png,74.18328857421875,48.3037109375,-78.06120300292969,-72.7100601196289,-95.95899200439453,51.36465835571289
frame_000879.png,74.245849609375,48.340335845947266,-78.1267318725586,-72.79361724853516,-96.02664947509766,51.445072174072266
frame_000880.png,74.31000518798828,48.37718200683594,-78.1941909790039,-72.87763214111328,-96.09593963623047,51.52561569213867
frame_000881.png,74.37672424316406,48.41460037231445,-78.26306915283203,-72.96267700195312,-96.16705322265625,51.6049919128418
frame_000882.png,74.44647979736328,48.45313262939453,-78.3337631225586,-73.04922485351562,-96.23756408691406,51.683135986328125
frame_000883.png,74.51951599121094,48.49342727661133,-78.40913391113281,-73.13418579101562,-96.30824279785156,51.76090621948242
frame_000884.png,74.59463500976562,48.53729248046875,-78.4891128540039,-73.2166748046875,-96.3808822631836,51.83909606933594
frame_000885.png,74.67089080810547,48.58436584472656,-78.57056427001953,-73.29780578613281,-96.45561218261719,51.918907165527344
frame_000886.png,74.74832916259766,48.633033752441406,-78.65209197998047,-73.37870788574219,-96.53300476074219,51.999446868896484
frame_000887.png,74.82555389404297,48.68360137939453,-78.7358169555664,-73.45889282226562,-96.61393737792969,52.08121109008789
frame_000888.png,74.90453338623047,48.73455047607422,-78.8206787109375,-73.53876495361328,-96.69664764404297,52.16643524169922
frame_000889.png,74.98588562011719,48.78696823120117,-78.90636444091797,-73.61536407470703,-96.78205108642578,52.25218200683594
frame_000890.png,75.06684112548828,48.83972930908203,-78.99169158935547,-73.69092559814453,-96.86856842041016,52.33784866333008
frame_000891.png,75.1458511352539,48.89130783081055,-79.07498931884766,-73.76551818847656,-96.9559326171875,52.42395782470703
frame_000892.png,75.22550201416016,48.93849182128906,-79.15855407714844,-73.83934783935547,-97.04458618164062,52.51136779785156
frame_000893.png,75.30487823486328,48.98196029663086,-79.24088287353516,-73.91471862792969,-97.1351089477539,52.598209381103516
frame_000894.png,75.3846435546875,49.02254104614258,-79.32040405273438,-73.99308776855469,-97.22704315185547,52.68362045288086
frame_000895.png,75.46623229980469,49.060550689697266,-79.39994812011719,-74.07301330566406,-97.31781768798828,52.766517639160156
frame_000896.png,75.54720306396484,49.09764099121094,-79.4808349609375,-74.15320587158203,-97.40862274169922,52.84803009033203
frame_000897.png,75.62699127197266,49.1345329284668,-79.56155395507812,-74.23674774169922,-97.49555206298828,52.93034362792969
frame_000898.png,75.7065200805664,49.17182159423828,-79.641845703125,-74.32181549072266,-97.58043670654297,53.011539459228516
frame_000899.png,75.7849349975586,49.2115478515625,-79.72003936767578,-74.40847778320312,-97.66527557373047,53.09231185913086
frame_000900.png,75.86190032958984,49.253414154052734,-79.79705810546875,-74.497314453125,-97.75082397460938,53.17136764526367
frame_000901.png,75.9388198852539,49.29497528076172,-79.87442779541016,-74.58773803710938,-97.83580017089844,53.25090408325195
frame_000902.png,76.01466369628906,49.335174560546875,-79.95419311523438,-74.67737579345703,-97.91967010498047,53.330482482910156
frame_000903.png,76.08975219726562,49.374794006347656,-80.03355407714844,-74.76504516601562,-98.00553894042969,53.41018295288086
frame_000904.png,76.16448974609375,49.41541290283203,-80.11361694335938,-74.85257720947266,-98.0916519165039,53.491580963134766
frame_000905.png,76.23912048339844,49.456119537353516,-80.19483184814453,-74.93878173828125,-98.17740631103516,53.576454162597656
frame_000906.png,76.31420135498047,49.4964599609375,-80.27958679199219,-75.02296447753906,-98.26240539550781,53.66276550292969
frame_000907.png,76.39009094238281,49.535804748535156,-80.36521911621094,-75.10738372802734,-98.34757232666016,53.748046875
frame_000908.png,76.46562957763672,49.57640075683594,-80.44901275634766,-75.19393157958984,-98.43235778808594,53.83264923095703
frame_000909.png,76.53955841064453,49.618072509765625,-80.5315170288086,-75.28311920166016,-98.51770782470703,53.91585159301758
frame_000910.png,76.61246490478516,49.6602668762207,-80.6128921508789,-75.3744888305664,-98.60221862792969,53.998172760009766
frame_000911.png,76.68452453613281,49.702880859375,-80.69387817382812,-75.46646118164062,-98.68852996826172,54.07923126220703
frame_000912.png,76.75637817382812,49.74495315551758,-80.77581787109375,-75.55895233154297,-98.77604675292969,54.160888671875
frame_000913.png,76.82704162597656,49.78678512573242,-80.8577651977539,-75.65171813964844,-98.8644790649414,54.24180603027344
frame_000914.png,76.89765930175781,49.82823181152344,-80.94135284423828,-75.74604797363281,-98.95191955566406,54.322879791259766
frame_000915.png,76.96734619140625,49.87034225463867,-81.02289581298828,-75.84300994873047,-99.03901672363281,54.40144729614258
frame_000916.png,77.03739166259766,49.9130744934082,-81.1043701171875,-75.94171142578125,-99.12655639648438,54.4786262512207
frame_000917.png,77.10562896728516,49.95794677734375,-81.18608093261719,-76.04010009765625,-99.2162857055664,54.55409622192383
frame_000918.png,77.17404174804688,50.00420379638672,-81.2686996459961,-76.13786315917969,-99.30882263183594,54.62775802612305
frame_000919.png,77.24321746826172,50.0520133972168,-81.35092163085938,-76.23494720458984,-99.40374755859375,54.70159912109375
frame_000920.png,77.31330108642578,50.10190200805664,-81.43379974365234,-76.32814025878906,-99.50037384033203,54.7761344909668
frame_000921.png,77.38408660888672,50.15162658691406,-81.51539611816406,-76.41817474365234,-99.59839630126953,54.852054595947266
frame_000922.png,77.45374298095703,50.200172424316406,-81.59752655029297,-76.50433349609375,-99.6977767944336,54.92780685424805
frame_000923.png,77.52388000488281,50.24793243408203,-81.67764282226562,-76.58810424804688,-99.79613494873047,55.00410079956055
frame_000924.png,77.5950698852539,50.2970085144043,-81.75617980957031,-76.67105865478516,-99.89320373535156,55.08184814453125
frame_000925.png,77.66805267333984,50.34676742553711,-81.83368682861328,-76.755126953125,-99.98988342285156,55.16054916381836
frame_000926.png,77.74300384521484,50.3967170715332,-81.91071319580078,-76.84036254882812,-100.08564758300781,55.240638732910156
frame_000927.png,77.82000732421875,50.44533920288086,-81.98765563964844,-76.92237854003906,-100.1822280883789,55.32146072387695
frame_000928.png,77.89732360839844,50.492515563964844,-82.06670379638672,-77.00248718261719,-100.279541015625,55.40048599243164
frame_000929.png,77.97432708740234,50.53789520263672,-82.14762878417969,-77.07968139648438,-100.37660217285156,55.47800827026367
frame_000930.png,78.04983520507812,50.5827522277832,-82.22908782958984,-77.15505981445312,-100.47392272949219,55.55471420288086
frame_000931.png,78.12596893310547,50.62606430053711,-82.3138656616211,-77.22701263427734,-100.57097625732422,55.63407516479492
frame_000932.png,78.2043685913086,50.6697998046875,-82.40103149414062,-77.29650115966797,-100.66732788085938,55.715049743652344
frame_000933.png,78.2854995727539,50.71464157104492,-82.49128723144531,-77.36621856689453,-100.76205444335938,55.79655838012695
frame_000934.png,78.36865234375,50.76095199584961,-82.58245086669922,-77.4371109008789,-100.85736083984375,55.876441955566406
frame_000935.png,78.45265197753906,50.807273864746094,-82.67367553710938,-77.5123519897461,-100.95043182373047,55.95429229736328
frame_000936.png,78.53771209716797,50.85405349731445,-82.76565551757812,-77.59143829345703,-101.04122924804688,56.032325744628906
frame_000937.png,78.62362670898438,50.90020751953125,-82.85635375976562,-77.67281341552734,-101.13072204589844,56.111446380615234
frame_000938.png,78.70913696289062,50.94557189941406,-82.9443588256836,-77.7513427734375,-101.2212905883789,56.19162368774414
frame_000939.png,78.7934799194336,50.99140930175781,-83.0288314819336,-77.82879638671875,-101.31278228759766,56.27130889892578
frame_000940.png,78.87586975097656,51.04063034057617,-83.11105346679688,-77.90666961669922,-101.40695190429688,56.34912872314453
frame_000941.png,78.9566421508789,51.089988708496094,-83.19368743896484,-77.9854507446289,-101.50013732910156,56.425785064697266
frame_000942.png,79.03543090820312,51.137813568115234,-83.27535247802734,-78.0634765625,-101.5921859741211,56.50145721435547
frame_000943.png,79.11190795898438,51.18552017211914,-83.35773468017578,-78.14060974121094,-101.68081665039062,56.57952117919922
frame_000944.png,79.18424987792969,51.23375701904297,-83.43925476074219,-78.21757507324219,-101.76805114746094,56.65806198120117
frame_000945.png,79.25460815429688,51.28190994262695,-83.51982879638672,-78.29666900634766,-101.85435485839844,56.735565185546875
frame_000946.png,79.32447052001953,51.33016586303711,-83.6004409790039,-78.37550354003906,-101.9410629272461,56.81261444091797
frame_000947.png,79.39371490478516,51.37766647338867,-83.67987823486328,-78.45319366455078,-102.028076171875,56.888587951660156
frame_000948.png,79.46229553222656,51.424705505371094,-83.75808715820312,-78.52991485595703,-102.11429595947266,56.9638786315918
frame_000949.png,79.53101348876953,51.471248626708984,-83.83589935302734,-78.60751342773438,-102.20039367675781,57.03845977783203
frame_000950.png,79.60233306884766,51.518062591552734,-83.91447448730469,-78.68343353271484,-102.28644561767578,57.11041259765625
frame_000951.png,79.67684936523438,51.56334686279297,-83.99347686767578,-78.75772857666016,-102.37165832519531,57.18147277832031
frame_000952.png,79.75138854980469,51.60800552368164,-84.07327270507812,-78.83135986328125,-102.45524597167969,57.25347900390625
frame_000953.png,79.82560729980469,51.653907775878906,-84.15290832519531,-78.90453338623047,-102.53934478759766,57.32560348510742
frame_000954.png,79.89971923828125,51.699676513671875,-84.23143005371094,-78.97859191894531,-102.62419891357422,57.39601516723633
frame_000955.png,79.9741439819336,51.74637985229492,-84.31047821044922,-79.05160522460938,-102.70977020263672,57.46693801879883
frame_000956.png,80.04964447021484,51.7960319519043,-84.39217376708984,-79.12030792236328,-102.79456329345703,57.537845611572266
frame_000957.png,80.12591552734375,51.84703826904297,-84.4737548828125,-79.18778991699219,-102.87702941894531,57.606773376464844
frame_000958.png,80.20012664794922,51.896949768066406,-84.55425262451172,-79.25643157958984,-102.95822143554688,57.67474365234375
frame_000959.png,80.27352142333984,51.94548034667969,-84.6344985961914,-79.32518768310547,-103.0400619506836,57.74318313598633
frame_000960.png,80.34716033935547,51.99569320678711,-84.71444702148438,-79.3914566040039,-103.12226867675781,57.81105422973633
frame_000961.png,80.42062377929688,52.04677963256836,-84.79326629638672,-79.45903015136719,-103.20575714111328,57.8804931640625
frame_000962.png,80.4925537109375,52.10009002685547,-84.87120056152344,-79.52902221679688,-103.2893295288086,57.95149612426758
frame_000963.png,80.56571960449219,52.15542221069336,-84.94831085205078,-79.59980010986328,-103.37461853027344,58.02464294433594
frame_000964.png,80.63926696777344,52.21294021606445,-85.02450561523438,-79.6737289428711,-103.46033477783203,58.09946060180664
frame_000965.png,80.71379089355469,52.27145767211914,-85.10030364990234,-79.75115203857422,-103.54698944091797,58.176570892333984
frame_000966.png,80.78997802734375,52.33042526245117,-85.17625427246094,-79.83290100097656,-103.63280487060547,58.2548713684082
frame_000967.png,80.8667984008789,52.38950729370117,-85.25450134277344,-79.91838836669922,-103.71630859375,58.333988189697266
frame_000968.png,80.94534301757812,52.451698303222656,-85.3357925415039,-80.00727081298828,-103.79656219482422,58.411441802978516
frame_000969.png,81.02460479736328,52.515869140625,-85.42090606689453,-80.09915924072266,-103.87710571289062,58.48542022705078
frame_000970.png,81.10623931884766,52.58172607421875,-85.50962829589844,-80.19412994384766,-103.95677185058594,58.557533264160156
frame_000971.png,81.189453125,52.649436950683594,-85.59891510009766,-80.28947448730469,-104.03697204589844,58.62736129760742
frame_000972.png,81.27543640136719,52.71637725830078,-85.68917083740234,-80.3831787109375,-104.11732482910156,58.69720458984375
frame_000973.png,81.36239624023438,52.782814025878906,-85.77760314941406,-80.47650909423828,-104.1995849609375,58.76748275756836
frame_000974.png,81.45016479492188,52.84696960449219,-85.86590576171875,-80.57058715820312,-104.28059387207031,58.83820343017578
frame_000975.png,81.53876495361328,52.905860900878906,-85.95367431640625,-80.66461181640625,-104.36016082763672,58.908756256103516
frame_000976.png,81.62714385986328,52.96128463745117,-86.0408706665039,-80.75950622558594,-104.43842315673828,58.97813034057617
frame_000977.png,81.71544647216797,53.01478958129883,-86.12895202636719,-80.85404968261719,-104.51628875732422,59.04646682739258
frame_000978.png,81.80341339111328,53.06746292114258,-86.21927642822266,-80.94850158691406,-104.5942611694336,59.11475372314453
frame_000979.png,81.89289855957031,53.11943054199219,-86.31204223632812,-81.04142761230469,-104.67369842529297,59.18292999267578
frame_000980.png,81.98226165771484,53.17134475708008,-86.40668487548828,-81.1326675415039,-104.75373840332031,59.2500114440918
frame_000981.png,82.07002258300781,53.22426223754883,-86.50175476074219,-81.22076416015625,-104.83338928222656,59.31624221801758
frame_000982.png,82.15550231933594,53.27568435668945,-86.59666442871094,-81.30663299560547,-104.91197967529297,59.38405990600586
frame_000983.png,82.23812866210938,53.324954986572266,-86.68968200683594,-81.38993835449219,-104.9901123046875,59.453163146972656
frame_000984.png,82.3185043334961,53.371604919433594,-86.78192901611328,-81.4705810546875,-105.06916809082031,59.52316665649414
frame_000985.png,82.39749145507812,53.41731262207031,-86.87366485595703,-81.54842376708984,-105.14891815185547,59.59245300292969
frame_000986.png,82.47502136230469,53.46327590942383,-86.964599609375,-81.62435913085938,-105.22970581054688,59.66226577758789
frame_000987.png,82.55171966552734,53.50993728637695,-87.05610656738281,-81.6988525390625,-105.31159210205078,59.73271560668945
frame_000988.png,82.6285629272461,53.55550003051758,-87.14933013916016,-81.77318572998047,-105.39244842529297,59.80482482910156
frame_000989.png,82.70639038085938,53.60036087036133,-87.2426528930664,-81.84820556640625,-105.47343444824219,59.87813949584961
frame_000990.png,82.78286743164062,53.645835876464844,-87.33489990234375,-81.92595672607422,-105.55419921875,59.95248794555664
frame_000991.png,82.85963439941406,53.69152069091797,-87.42769622802734,-82.00443267822266,-105.6346206665039,60.02847671508789
frame_000992.png,82.93940734863281,53.73808670043945,-87.52117919921875,-82.08332061767578,-105.71599578857422,60.10454559326172
frame_000993.png,83.02104949951172,53.786434173583984,-87.61467742919922,-82.16462707519531,-105.79769897460938,60.17903518676758
frame_000994.png,83.10540008544922,53.836669921875,-87.7096176147461,-82.24624633789062,-105.8800048828125,60.25121307373047
frame_000995.png,83.19114685058594,53.88764953613281,-87.805419921875,-82.32598114013672,-105.96302032470703,60.322574615478516
frame_000996.png,83.27852630615234,53.938194274902344,-87.90326690673828,-82.40377807617188,-106.04463958740234,60.394264221191406
frame_000997.png,83.36647033691406,53.98863220214844,-88.00175476074219,-82.48298645019531,-106.1252212524414,60.46665954589844
frame_000998.png,83.45123291015625,54.03984451293945,-88.09982299804688,-82.56365203857422,-106.20449829101562,60.54005813598633
frame_000999.png,83.53377532958984,54.09263229370117,-88.19891357421875,-82.64558410644531,-106.28252410888672,60.61418151855469
frame_001000.png,83.61448669433594,54.14626693725586,-88.29814910888672,-82.72799682617188,-106.36088562011719,60.687843322753906
frame_001001.png,83.69395446777344,54.19964599609375,-88.39707946777344,-82.80876922607422,-106.44107055664062,60.759376525878906
frame_001002.png,83.77409362792969,54.25285720825195,-88.4974365234375,-82.88934326171875,-106.52100372314453,60.8310432434082
frame_001003.png,83.85198974609375,54.30599594116211,-88.59619903564453,-82.97184753417969,-106.60066223144531,60.90093994140625
frame_001004.png,83.92781066894531,54.36088180541992,-88.69235229492188,-83.05693817138672,-106.67987823486328,60.969364166259766
frame_001005.png,84.00407409667969,54.418033599853516,-88.78852081298828,-83.14311218261719,-106.75927734375,61.036930084228516
frame_001006.png,84.07891845703125,54.47744369506836,-88.88391876220703,-83.22965240478516,-106.83766174316406,61.10377502441406
frame_001007.png,84.1523208618164,54.53701400756836,-88.97876739501953,-83.31552124023438,-106.91423797607422,61.169700622558594
frame_001008.png,84.22496032714844,54.5963134765625,-89.07162475585938,-83.40156555175781,-106.98980712890625,61.23382568359375
frame_001009.png,84.29647064208984,54.65373611450195,-89.1631088256836,-83.48835754394531,-107.06551361083984,61.29642105102539
frame_001010.png,84.36752319335938,54.710655212402344,-89.25370788574219,-83.57472229003906,-107.14279174804688,61.358272552490234
frame_001011.png,84.43917083740234,54.765235900878906,-89.34475708007812,-83.65837097167969,-107.22260284423828,61.4197883605957
frame_001012.png,84.51300048828125,54.81763458251953,-89.43904113769531,-83.7404556274414,-107.30422973632812,61.48265075683594
frame_001013.png,84.58828735351562,54.86856460571289,-89.53597259521484,-83.82363891601562,-107.38826751708984,61.54566192626953
frame_001014.png,84.66615295410156,54.91727066040039,-89.6351089477539,-83.90664672851562,-107.47425079345703,61.609214782714844
frame_001015.png,84.74553680419922,54.964847564697266,-89.73530578613281,-83.99103546142578,-107.56044006347656,61.673648834228516
frame_001016.png,84.8254623413086,55.01210403442383,-89.8359375,-84.07697296142578,-107.6478042602539,61.73821258544922
frame_001017.png,84.9045181274414,55.058406829833984,-89.93415069580078,-84.16460418701172,-107.73622131347656,61.80078125
frame_001018.png,84.98307800292969,55.1046257019043,-90.03007507324219,-84.25143432617188,-107.82561492919922,61.86262893676758
frame_001019.png,85.05923461914062,55.15113830566406,-90.11988067626953,-84.33678436279297,-107.91694641113281,61.92503356933594
frame_001020.png,85.13298797607422,55.19746780395508,-90.20697784423828,-84.4187240600586,-108.00955200195312,61.987701416015625
frame_001021.png,85.2049560546875,55.2435302734375,-90.29020690917969,-84.49979400634766,-108.10111999511719,62.04998779296875
frame_001022.png,85.27601623535156,55.29131317138672,-90.37210083007812,-84.58084869384766,-108.19108581542969,62.11119079589844
frame_001023.png,85.34674072265625,55.341373443603516,-90.4539566040039,-84.66357421875,-108.2792739868164,62.17221450805664
frame_001024.png,85.41810607910156,55.39298629760742,-90.53585815429688,-84.74710083007812,-108.367431640625,62.23052978515625
frame_001025.png,85.49122619628906,55.44356155395508,-90.6177978515625,-84.82960510253906,-108.45616149902344,62.2857666015625
frame_001026.png,85.5633316040039,55.49386978149414,-90.69959259033203,-84.91146850585938,-108.54421997070312,62.341270446777344
frame_001027.png,85.63493347167969,55.544219970703125,-90.7810287475586,-84.99237823486328,-108.62994384765625,62.39628982543945
frame_001028.png,85.7069091796875,55.59553527832031,-90.86199188232422,-85.07306671142578,-108.71276092529297,62.45094680786133
frame_001029.png,85.77854919433594,55.6485481262207,-90.94285583496094,-85.15451049804688,-108.79340362548828,62.50446319580078
frame_001030.png,85.8506851196289,55.70101547241211,-91.02436828613281,-85.23625946044922,-108.87290954589844,62.556880950927734
frame_001031.png,85.9239730834961,55.7525520324707,-91.10740661621094,-85.31876373291016,-108.95376586914062,62.60945129394531
frame_001032.png,85.99911499023438,55.80595397949219,-91.19249725341797,-85.40180206298828,-109.03630828857422,62.660789489746094
frame_001033.png,86.07518005371094,55.86001968383789,-91.27731323242188,-85.48302459716797,-109.11908721923828,62.7144889831543
frame_001034.png,86.15350341796875,55.914512634277344,-91.3619613647461,-85.56316375732422,-109.20301055908203,62.77123260498047
frame_001035.png,86.23231506347656,55.967369079589844,-91.44551849365234,-85.64213562011719,-109.28739929199219,62.82912826538086
frame_001036.png,86.31011962890625,56.0201416015625,-91.5275650024414,-85.72074890136719,-109.37013244628906,62.887451171875
frame_001037.png,86.38754272460938,56.07295608520508,-91.61030578613281,-85.79960632324219,-109.45307159423828,62.94474411010742
frame_001038.png,86.46339416503906,56.124549865722656,-91.69393157958984,-85.8775634765625,-109.53711700439453,63.002742767333984
frame_001039.png,86.53984069824219,56.17655563354492,-91.78022766113281,-85.95799255371094,-109.62403869628906,63.058475494384766
frame_001040.png,86.615234375,56.230690002441406,-91.86634826660156,-86.04136657714844,-109.71376037597656,63.11171340942383
frame_001041.png,86.69097137451172,56.28547668457031,-91.95331573486328,-86.12459564208984,-109.80679321289062,63.16427993774414
frame_001042.png,86.76737976074219,56.338802337646484,-92.04061889648438,-86.20869445800781,-109.9023666381836,63.21570587158203
frame_001043.png,86.84508514404297,56.38943099975586,-92.13002014160156,-86.29226684570312,-109.99886322021484,63.26774215698242
frame_001044.png,86.92365264892578,56.438316345214844,-92.21913146972656,-86.37472534179688,-110.09532165527344,63.32051467895508
frame_001045.png,87.0025863647461,56.486427307128906,-92.30821228027344,-86.45870971679688,-110.19149780273438,63.374813079833984
frame_001046.png,87.0792007446289,56.53205108642578,-92.39518737792969,-86.54398345947266,-110.28826141357422,63.4314079284668
frame_001047.png,87.15553283691406,56.57600021362305,-92.4810562133789,-86.6290283203125,-110.38384246826172,63.49088668823242
frame_001048.png,87.23188781738281,56.61871337890625,-92.56431579589844,-86.71356201171875,-110.47748565673828,63.55231857299805
frame_001049.png,87.30770874023438,56.659854888916016,-92.64525604248047,-86.7972183227539,-110.57015228271484,63.61471176147461
frame_001050.png,87.384033203125,56.70041275024414,-92.72537231445312,-86.88066101074219,-110.6632308959961,63.67816162109375
frame_001051.png,87.45988464355469,56.74070739746094,-92.80667114257812,-86.9636459350586,-110.75836944580078,63.74237060546875
frame_001052.png,87.53587341308594,56.78020477294922,-92.88811492919922,-87.04804229736328,-110.8556900024414,63.807159423828125
frame_001053.png,87.61207580566406,56.817604064941406,-92.97087860107422,-87.13233184814453,-110.95262145996094,63.871925354003906
frame_001054.png,87.6891098022461,56.85490417480469,-93.05353546142578,-87.21643829345703,-111.04957580566406,63.93560028076172
frame_001055.png,87.76587677001953,56.8925666809082,-93.13612365722656,-87.30193328857422,-111.14510345458984,63.99905014038086
frame_001056.png,87.84318542480469,56.93049240112305,-93.21981048583984,-87.38778686523438,-111.23994445800781,64.06297302246094
frame_001057.png,87.9208984375,56.96975326538086,-93.30465698242188,-87.4735107421875,-111.33393096923828,64.12763977050781
frame_001058.png,87.9992446899414,57.00997543334961,-93.39083099365234,-87.5585708618164,-111.42768859863281,64.19344329833984
frame_001059.png,88.07815551757812,57.050113677978516,-93.48030090332031,-87.64247131347656,-111.52118682861328,64.26018524169922
frame_001060.png,88.15625,57.08871841430664,-93.57014465332031,-87.72666931152344,-111.61447143554688,64.32648468017578
frame_001061.png,88.23332977294922,57.12494659423828,-93.65901947021484,-87.8116226196289,-111.70730590820312,64.39287567138672
frame_001062.png,88.31016540527344,57.15936279296875,-93.74649047851562,-87.89640808105469,-111.79939270019531,64.45761108398438
frame_001063.png,88.38558959960938,57.190895080566406,-93.832275390625,-87.9815444946289,-111.89036560058594,64.52076721191406
frame_001064.png,88.46038818359375,57.22187042236328,-93.91731262207031,-88.06594848632812,-111.98062896728516,64.5803451538086
frame_001065.png,88.53511047363281,57.25413513183594,-94.00215148925781,-88.14984130859375,-112.07125854492188,64.6378402709961
frame_001066.png,88.61063385009766,57.287498474121094,-94.08537292480469,-88.23219299316406,-112.16307067871094,64.69647979736328
frame_001067.png,88.6869125366211,57.32286071777344,-94.16722106933594,-88.31244659423828,-112.2558364868164,64.75810241699219
frame_001068.png,88.76362609863281,57.360198974609375,-94.24845886230469,-88.39068603515625,-112.34833526611328,64.82243347167969
frame_001069.png,88.84168243408203,57.40032196044922,-94.33197021484375,-88.46915435791016,-112.43982696533203,64.88658905029297
frame_001070.png,88.9211654663086,57.44232177734375,-94.4162368774414,-88.55085754394531,-112.53105163574219,64.95174407958984
frame_001071.png,89.00143432617188,57.48561477661133,-94.5020523071289,-88.63565826416016,-112.62306213378906,65.0174560546875
frame_001072.png,89.08280944824219,57.530086517333984,-94.58683776855469,-88.72367095947266,-112.7147216796875,65.08338165283203
frame_001073.png,89.16456604003906,57.57513427734375,-94.67011260986328,-88.8143310546875,-112.80693054199219,65.14715576171875
frame_001074.png,89.24713134765625,57.62024688720703,-94.75161743164062,-88.90678405761719,-112.89846801757812,65.20918273925781
frame_001075.png,89.32781982421875,57.666160583496094,-94.83167266845703,-89.00086212158203,-112.99020385742188,65.27043914794922
frame_001076.png,89.40791320800781,57.7108039855957,-94.90991973876953,-89.095458984375,-113.08226776123047,65.3318862915039
frame_001077.png,89.48645782470703,57.75345230102539,-94.98686981201172,-89.1903305053711,-113.17469024658203,65.39327239990234
frame_001078.png,89.56566619873047,57.79524612426758,-95.06350708007812,-89.28575897216797,-113.26896667480469,65.45368957519531
frame_001079.png,89.64614868164062,57.83389663696289,-95.13982391357422,-89.38099670410156,-113.36540985107422,65.51382446289062
frame_001080.png,89.72757720947266,57.8715934753418,-95.21648406982422,-89.47478485107422,-113.46073913574219,65.57400512695312
frame_001081.png,89.8106460571289,57.908939361572266,-95.29542541503906,-89.56585693359375,-113.55366516113281,65.6340560913086
frame_001082.png,89.89530944824219,57.94581604003906,-95.37740325927734,-89.6544418334961,-113.64784240722656,65.6937484741211
frame_001083.png,89.97744750976562,57.983375549316406,-95.46157836914062,-89.74286651611328,-113.7416763305664,65.7540283203125
frame_001084.png,90.05695343017578,58.02019500732422,-95.54743957519531,-89.83097076416016,-113.83560943603516,65.81429290771484
frame_001085.png,90.13619995117188,58.055572509765625,-95.63636016845703,-89.9158706665039,-113.93009948730469,65.87434387207031
frame_001086.png,90.21463012695312,58.08879852294922,-95.72599792480469,-89.9976806640625,-114.0250473022461,65.93396759033203
frame_001087.png,90.29280853271484,58.11991882324219,-95.81472778320312,-90.07701110839844,-114.12152099609375,65.99346160888672
frame_001088.png,90.37075805664062,58.14748764038086,-95.90177917480469,-90.15602111816406,-114.21696472167969,66.05223083496094
frame_001089.png,90.44684600830078,58.17121887207031,-95.98793029785156,-90.23600006103516,-114.30865478515625,66.11193084716797
frame_001090.png,90.52096557617188,58.193389892578125,-96.07379150390625,-90.31681823730469,-114.39730072021484,66.17271423339844
frame_001091.png,90.59552764892578,58.21566390991211,-96.16141510009766,-90.3978042602539,-114.482421875,66.23458862304688
frame_001092.png,90.66876983642578,58.2374153137207,-96.24958801269531,-90.47998809814453,-114.565673828125,66.2975845336914
frame_001093.png,90.74357604980469,58.259761810302734,-96.3408203125,-90.56144714355469,-114.64697265625,66.36155700683594
frame_001094.png,90.81900024414062,58.281063079833984,-96.43505096435547,-90.64192962646484,-114.7255630493164,66.4266586303711
frame_001095.png,90.89242553710938,58.30260467529297,-96.53215026855469,-90.72291564941406,-114.80168914794922,66.49242401123047
frame_001096.png,90.96668243408203,58.32500457763672,-96.63166809082031,-90.80547332763672,-114.87555694580078,66.55841064453125
frame_001097.png,91.04169464111328,58.348609924316406,-96.73294830322266,-90.88861846923828,-114.94857025146484,66.62455749511719
frame_001098.png,91.11927795410156,58.37244415283203,-96.83631134033203,-90.9704360961914,-115.02174377441406,66.69170379638672
frame_001099.png,91.19801330566406,58.39753723144531,-96.94061279296875,-91.05191040039062,-115.0947036743164,66.75960540771484
frame_001100.png,91.27652740478516,58.42449188232422,-97.04524230957031,-91.13312530517578,-115.16706848144531,66.8275375366211
frame_001101.png,91.35298919677734,58.453941345214844,-97.14926147460938,-91.21522521972656,-115.23876953125,66.89575958251953
frame_001102.png,91.42810821533203,58.485469818115234,-97.25227355957031,-91.29838562011719,-115.3105697631836,66.9618148803711
frame_001103.png,91.50177764892578,58.5175666809082,-97.35516357421875,-91.3797378540039,-115.38372039794922,67.02603149414062
frame_001104.png,91.57447052001953,58.549171447753906,-97.45767974853516,-91.4599609375,-115.45819854736328,67.08880615234375
frame_001105.png,91.64459991455078,58.57941818237305,-97.55790710449219,-91.5398941040039,-115.5338134765625,67.1509017944336
frame_001106.png,91.71363830566406,58.60986328125,-97.65621185302734,-91.62093353271484,-115.6103286743164,67.21163940429688
frame_001107.png,91.78192138671875,58.64029312133789,-97.75304412841797,-91.70252990722656,-115.68626403808594,67.27104949951172
frame_001108.png,91.85330963134766,58.67133712768555,-97.85005950927734,-91.78302764892578,-115.7635498046875,67.33036041259766
frame_001109.png,91.92588806152344,58.702857971191406,-97.94774627685547,-91.86167907714844,-115.84294128417969,67.38999938964844
frame_001110.png,91.99861145019531,58.733177185058594,-98.04475402832031,-91.94117736816406,-115.92410278320312,67.44926452636719
frame_001111.png,92.07251739501953,58.76194381713867,-98.1435546875,-92.01951599121094,-116.00642395019531,67.50877380371094
frame_001112.png,92.14788055419922,58.790287017822266,-98.2431411743164,-92.09806060791016,-116.08984375,67.56887817382812
frame_001113.png,92.22479248046875,58.81727600097656,-98.34388732910156,-92.17657470703125,-116.1721420288086,67.6285171508789
frame_001114.png,92.30268096923828,58.845638275146484,-98.4450912475586,-92.25735473632812,-116.25225830078125,67.68727111816406
frame_001115.png,92.3813247680664,58.875770568847656,-98.54700469970703,-92.34210205078125,-116.32962036132812,67.74645233154297
frame_001116.png,92.45984649658203,58.90850067138672,-98.65040588378906,-92.42998504638672,-116.40546417236328,67.80655670166016
frame_001117.png,92.5389633178711,58.942237854003906,-98.75239562988281,-92.51947021484375,-116.4811019897461,67.86800384521484
frame_001118.png,92.6181640625,58.97671127319336,-98.8533935546875,-92.6100082397461,-116.55650329589844,67.92988586425781
frame_001119.png,92.69694519042969,59.01172637939453,-98.95455169677734,-92.70024871826172,-116.6298828125,67.9912109375
frame_001120.png,92.77420806884766,59.04820251464844,-99.05426788330078,-92.79109954833984,-116.70259857177734,68.05159759521484
frame_001121.png,92.84978485107422,59.0861930847168,-99.15362548828125,-92.8822021484375,-116.77555084228516,68.11145782470703
frame_001122.png,92.92428588867188,59.12358093261719,-99.25328063964844,-92.9712142944336,-116.84820556640625,68.17155456542969
frame_001123.png,92.99824523925781,59.16047668457031,-99.3530502319336,-93.0578842163086,-116.92118835449219,68.23273468017578
frame_001124.png,93.07225036621094,59.19688415527344,-99.45152282714844,-93.14453125,-116.9971694946289,68.29391479492188
frame_001125.png,93.14647674560547,59.23436737060547,-99.54895782470703,-93.2322769165039,-117.07437133789062,68.35446166992188
frame_001126.png,93.22177124023438,59.27305603027344,-99.64686584472656,-93.32012176513672,-117.15203094482422,68.41450500488281
frame_001127.png,93.29817199707031,59.313358306884766,-99.74665069580078,-93.40641784667969,-117.23114013671875,68.47440338134766
frame_001128.png,93.37582397460938,59.355220794677734,-99.8469467163086,-93.49156188964844,-117.31172943115234,68.53660583496094
frame_001129.png,93.4536361694336,59.39864730834961,-99.94900512695312,-93.57573699951172,-117.39191436767578,68.60069274902344
frame_001130.png,93.53160858154297,59.44231033325195,-100.05421447753906,-93.66072845458984,-117.46904754638672,68.66612243652344
frame_001131.png,93.60887145996094,59.48270797729492,-100.16027069091797,-93.7456283569336,-117.5455322265625,68.73077392578125
frame_001132.png,93.68667602539062,59.51847457885742,-100.2664794921875,-93.8316421508789,-117.62251281738281,68.7972412109375
frame_001133.png,93.76502227783203,59.551612854003906,-100.37195587158203,-93.91830444335938,-117.70171356201172,68.8650131225586
frame_001134.png,93.84356689453125,59.58299255371094,-100.47704315185547,-94.00403594970703,-117.78340911865234,68.93135070800781
frame_001135.png,93.92124938964844,59.61406326293945,-100.57970428466797,-94.08828735351562,-117.86689758300781,68.99623107910156
frame_001136.png,93.9985580444336,59.64531326293945,-100.68006134033203,-94.17118072509766,-117.95062255859375,69.0611801147461
frame_001137.png,94.07405090332031,59.678138732910156,-100.77828216552734,-94.25410461425781,-118.03388214111328,69.1268539428711
frame_001138.png,94.14783477783203,59.71332550048828,-100.87381744384766,-94.33892822265625,-118.12022399902344,69.18999481201172
frame_001139.png,94.22246551513672,59.749420166015625,-100.9676742553711,-94.42576599121094,-118.21039581298828,69.2516098022461
frame_001140.png,94.30004119873047,59.78608322143555,-101.0611343383789,-94.51297760009766,-118.30265808105469,69.31372833251953
frame_001141.png,94.37694549560547,59.82181930541992,-101.15191650390625,-94.59928894042969,-118.39601135253906,69.37736511230469
frame_001142.png,94.45365905761719,59.85725021362305,-101.24121856689453,-94.68347930908203,-118.49130249023438,69.44088745117188
frame_001143.png,94.52842712402344,59.89228057861328,-101.32936096191406,-94.76732635498047,-118.5892562866211,69.50408172607422
frame_001144.png,94.6005630493164,59.926177978515625,-101.4159927368164,-94.85138702392578,-118.6878433227539,69.56575775146484
frame_001145.png,94.67082977294922,59.96110916137695,-101.50031280517578,-94.9384765625,-118.78380584716797,69.62872314453125
frame_001146.png,94.74061584472656,59.997413635253906,-101.5843276977539,-95.02448272705078,-118.8814468383789,69.69235229492188
frame_001147.png,94.80963134765625,60.033302307128906,-101.66537475585938,-95.11297607421875,-118.98065948486328,69.75753021240234
frame_001148.png,94.8770980834961,60.066837310791016,-101.7431640625,-95.20530700683594,-119.08059692382812,69.82413482666016
frame_001149.png,94.94485473632812,60.1003303527832,-101.8218765258789,-95.29945373535156,-119.17937469482422,69.89006042480469
frame_001150.png,95.01677703857422,60.134605407714844,-101.90396881103516,-95.39264678955078,-119.27789306640625,69.95499420166016
frame_001151.png,95.09130859375,60.169212341308594,-101.9881820678711,-95.48660278320312,-119.37474822998047,70.01866912841797
frame_001152.png,95.1702651977539,60.20667266845703,-102.07476043701172,-95.57909393310547,-119.47093963623047,70.08106994628906
frame_001153.png,95.25403594970703,60.24749755859375,-102.16175079345703,-95.67066192626953,-119.56787872314453,70.14192199707031
frame_001154.png,95.34017181396484,60.29082107543945,-102.24888610839844,-95.76274108886719,-119.66644287109375,70.20013427734375
frame_001155.png,95.42841339111328,60.33460998535156,-102.3385238647461,-95.85511779785156,-119.767578125,70.25761413574219
frame_001156.png,95.51994323730469,60.37904739379883,-102.43095397949219,-95.94743347167969,-119.86930084228516,70.31517028808594
frame_001157.png,95.61150360107422,60.423194885253906,-102.5238265991211,-96.03958129882812,-119.97077178955078,70.37362670898438
frame_001158.png,95.70105743408203,60.469078063964844,-102.61658477783203,-96.1331558227539,-120.07164001464844,70.43242645263672
frame_001159.png,95.7891616821289,60.5155029296875,-102.707275390625,-96.22818756103516,-120.1720962524414,70.49082946777344
frame_001160.png,95.87696075439453,60.561771392822266,-102.79627227783203,-96.32341003417969,-120.27351379394531,70.54745483398438
frame_001161.png,95.96466064453125,60.60647964477539,-102.88130950927734,-96.42078399658203,-120.3756103515625,70.60456848144531
frame_001162.png,96.05226135253906,60.649051666259766,-102.964111328125,-96.51841735839844,-120.47981262207031,70.66162872314453
frame_001163.png,96.14015197753906,60.6910285949707,-103.0462417602539,-96.6156234741211,-120.58599853515625,70.71722412109375
frame_001164.png,96.22804260253906,60.73465347290039,-103.12919616699219,-96.711181640625,-120.69210052490234,70.7723617553711
frame_001165.png,96.31649017333984,60.77914047241211,-103.21372985839844,-96.80565643310547,-120.79818725585938,70.82679748535156
frame_001166.png,96.40592193603516,60.82406997680664,-103.29891967773438,-96.9003677368164,-120.90577697753906,70.88059997558594
frame_001167.png,96.49524688720703,60.867820739746094,-103.38504791259766,-96.99556732177734,-121.01466369628906,70.93376159667969
frame_001168.png,96.58411407470703,60.912479400634766,-103.4715576171875,-97.09228515625,-121.12458801269531,70.98661804199219
frame_001169.png,96.67003631591797,60.95845413208008,-103.55776977539062,-97.19123840332031,-121.23544311523438,71.03829193115234
frame_001170.png,96.75483703613281,61.005897521972656,-103.64510345458984,-97.28907012939453,-121.34831237792969,71.08995819091797
frame_001171.png,96.83932495117188,61.05379104614258,-103.73287200927734,-97.3846664428711,-121.46284484863281,71.14278411865234
frame_001172.png,96.9248046875,61.10254669189453,-103.82218933105469,-97.4788589477539,-121.57640838623047,71.19544219970703
frame_001173.png,97.0094985961914,61.15202713012695,-103.91363525390625,-97.57381439208984,-121.68826293945312,71.25000762939453
frame_001174.png,97.09420013427734,61.20329666137695,-104.00517272949219,-97.66973114013672,-121.7981185913086,71.30440521240234
frame_001175.png,97.17692565917969,61.25441360473633,-104.09461212158203,-97.76678466796875,-121.90597534179688,71.35967254638672
frame_001176.png,97.25736999511719,61.30398941040039,-104.18329620361328,-97.86294555664062,-122.0107192993164,71.41487121582031
frame_001177.png,97.33618927001953,61.354061126708984,-104.27034759521484,-97.96046447753906,-122.11254119873047,71.47174835205078
frame_001178.png,97.41461944580078,61.40192413330078,-104.35707092285156,-98.06095886230469,-122.21107482910156,71.53260040283203
frame_001179.png,97.49280548095703,61.44825744628906,-104.44114685058594,-98.16372680664062,-122.30888366699219,71.59532928466797
frame_001180.png,97.56979370117188,61.4925651550293,-104.52336120605469,-98.26679229736328,-122.40587615966797,71.65947723388672
frame_001181.png,97.64447784423828,61.53715896606445,-104.60408020019531,-98.36851501464844,-122.50309753417969,71.72296905517578
frame_001182.png,97.7159194946289,61.58074188232422,-104.68248748779297,-98.46607208251953,-122.60054779052734,71.7847671508789
frame_001183.png,97.78600311279297,61.62621307373047,-104.76323699951172,-98.55941772460938,-122.69749450683594,71.84644317626953
frame_001184.png,97.85456848144531,61.67296600341797,-104.84410858154297,-98.64994812011719,-122.7936019897461,71.90716552734375
frame_001185.png,97.92278289794922,61.719993591308594,-104.92693328857422,-98.738037109375,-122.88819122314453,71.96687316894531
frame_001186.png,97.99050903320312,61.76858139038086,-105.01414489746094,-98.82402801513672,-122.97776794433594,72.02623748779297
frame_001187.png,98.05906677246094,61.817596435546875,-105.10360717773438,-98.90926361083984,-123.0649642944336,72.08304595947266
frame_001188.png,98.1285171508789,61.86681365966797,-105.19709014892578,-98.99455261230469,-123.1511459350586,72.13641357421875
frame_001189.png,98.19902801513672,61.91618347167969,-105.29056549072266,-99.0818862915039,-123.23699188232422,72.19026947021484
frame_001190.png,98.26828002929688,61.96512222290039,-105.38245391845703,-99.17189025878906,-123.3208236694336,72.24658203125
frame_001191.png,98.33427429199219,62.01261520385742,-105.46927642822266,-99.26482391357422,-123.40438079833984,72.3038558959961
frame_001192.png,98.39715576171875,62.06145095825195,-105.55204010009766,-99.3599853515625,-123.49024963378906,72.36003875732422
frame_001193.png,98.45795440673828,62.11288070678711,-105.63540649414062,-99.4559555053711,-123.58028411865234,72.4139175415039
frame_001194.png,98.51876831054688,62.16432189941406,-105.72183227539062,-99.55355072021484,-123.6714859008789,72.46562194824219
frame_001195.png,98.58050537109375,62.21417236328125,-105.80925750732422,-99.65111541748047,-123.76270294189453,72.5179214477539
frame_001196.png,98.64167022705078,62.26417922973633,-105.89739990234375,-99.7491455078125,-123.85205078125,72.57035064697266
frame_001197.png,98.70245361328125,62.315582275390625,-105.98395538330078,-99.84888458251953,-123.94110870361328,72.62290954589844
frame_001198.png,98.76673126220703,62.36577224731445,-106.07306671142578,-99.9460678100586,-124.02944946289062,72.67572784423828
frame_001199.png,98.83280181884766,62.412925720214844,-106.16363525390625,-100.04217529296875,-124.11759185791016,72.72978210449219
frame_001200.png,98.90192413330078,62.46025085449219,-106.2546157836914,-100.13880920410156,-124.20476531982422,72.78545379638672
frame_001201.png,98.9735107421875,62.50740051269531,-106.34481048583984,-100.23577117919922,-124.29446411132812,72.84220123291016
frame_001202.png,99.04773712158203,62.553192138671875,-106.4349365234375,-100.3316650390625,-124.3862075805664,72.90049743652344
frame_001203.png,99.12227630615234,62.598793029785156,-106.526611328125,-100.42424011230469,-124.48036193847656,72.96072387695312
frame_001204.png,99.19689178466797,62.642791748046875,-106.6183853149414,-100.51639556884766,-124.5745620727539,73.0246353149414
frame_001205.png,99.27417755126953,62.685176849365234,-106.71002197265625,-100.60970306396484,-124.66677856445312,73.09075164794922
frame_001206.png,99.35384368896484,62.72469711303711,-106.80103302001953,-100.70596313476562,-124.75409698486328,73.1585464477539
frame_001207.png,99.43596649169922,62.76162338256836,-106.8938217163086,-100.8072738647461,-124.83821105957031,73.22742462158203
frame_001208.png,99.5192642211914,62.79761505126953,-106.98838806152344,-100.91267395019531,-124.92182922363281,73.29761505126953
frame_001209.png,99.60260009765625,62.834678649902344,-107.08148956298828,-101.02298736572266,-125.00593566894531,73.36771392822266
frame_001210.png,99.68666076660156,62.87118148803711,-107.17344665527344,-101.13471984863281,-125.091064453125,73.43761444091797
frame_001211.png,99.77188110351562,62.90915298461914,-107.26319885253906,-101.24683380126953,-125.17503356933594,73.50736236572266
frame_001212.png,99.85874938964844,62.948787689208984,-107.35118103027344,-101.35851287841797,-125.25863647460938,73.57794189453125
frame_001213.png,99.94552612304688,62.9897346496582,-107.43761444091797,-101.46998596191406,-125.34326934814453,73.6497573852539
frame_001214.png,100.03239440917969,63.032073974609375,-107.52259063720703,-101.58174133300781,-125.4277572631836,73.7223892211914
frame_001215.png,100.1196060180664,63.07530212402344,-107.60640716552734,-101.69698333740234,-125.5124282836914,73.79418182373047
frame_001216.png,100.20671844482422,63.11851119995117,-107.69021606445312,-101.81462097167969,-125.5987777709961,73.8647232055664
frame_001217.png,100.29483032226562,63.161502838134766,-107.77288818359375,-101.93531036376953,-125.68423461914062,73.93461608886719
frame_001218.png,100.38533782958984,63.20301055908203,-107.8554916381836,-102.05709075927734,-125.76741790771484,74.00428771972656
frame_001219.png,100.47663116455078,63.24238204956055,-107.93860626220703,-102.17951202392578,-125.84796142578125,74.0758285522461
frame_001220.png,100.56676483154297,63.28120422363281,-108.02302551269531,-102.30101776123047,-125.92745971679688,74.14752197265625
frame_001221.png,100.65453338623047,63.32038116455078,-108.10711669921875,-102.42037963867188,-126.00768280029297,74.218017578125
frame_001222.png,100.74079895019531,63.359432220458984,-108.19210052490234,-102.53953552246094,-126.0882797241211,74.28813934326172
frame_001223.png,100.82461547851562,63.39757537841797,-108.27732849121094,-102.65917205810547,-126.16657257080078,74.35758209228516
frame_001224.png,100.90603637695312,63.43500518798828,-108.3613510131836,-102.7801284790039,-126.2437973022461,74.42703247070312
frame_001225.png,100.9854965209961,63.47169876098633,-108.44477844238281,-102.90225982666016,-126.31953430175781,74.49620819091797
frame_001226.png,101.06456756591797,63.509273529052734,-108.52726745605469,-103.02388000488281,-126.39634704589844,74.56624603271484
frame_001227.png,101.14373779296875,63.546104431152344,-108.60985565185547,-103.1461410522461,-126.47163391113281,74.63603973388672
frame_001228.png,101.2238540649414,63.581626892089844,-108.6939697265625,-103.26676177978516,-126.5463638305664,74.7047119140625
frame_001229.png,101.30672454833984,63.6158447265625,-108.78036499023438,-103.38455200195312,-126.62236022949219,74.77037048339844
frame_001230.png,101.3917236328125,63.64805221557617,-108.86811828613281,-103.50155639648438,-126.70097351074219,74.83484649658203
frame_001231.png,101.47724151611328,63.67914581298828,-108.95779418945312,-103.61741638183594,-126.78224182128906,74.89820098876953
frame_001232.png,101.56194305419922,63.71113586425781,-109.04969787597656,-103.73080444335938,-126.86365509033203,74.96017456054688
frame_001233.png,101.64765930175781,63.746360778808594,-109.14405059814453,-103.8435287475586,-126.94735717773438,75.0218505859375
frame_001234.png,101.7347640991211,63.78608322143555,-109.23908996582031,-103.95185852050781,-127.03394317626953,75.08484649658203
frame_001235.png,101.82380676269531,63.829532623291016,-109.33457946777344,-104.05719757080078,-127.12217712402344,75.14912414550781
frame_001236.png,101.91281127929688,63.87498092651367,-109.43058776855469,-104.15937042236328,-127.21197509765625,75.21440124511719
frame_001237.png,102.00191497802734,63.921356201171875,-109.52674865722656,-104.25833129882812,-127.30303192138672,75.28153991699219
frame_001238.png,102.08988952636719,63.96703338623047,-109.62191772460938,-104.35568237304688,-127.3935546875,75.3497085571289
frame_001239.png,102.17601013183594,64.01139831542969,-109.71526336669922,-104.45352172851562,-127.4830551147461,75.4186019897461
frame_001240.png,102.2619400024414,64.05398559570312,-109.80817413330078,-104.55110168457031,-127.5726089477539,75.48725891113281
frame_001241.png,102.34750366210938,64.09516143798828,-109.90142822265625,-104.65087127685547,-127.66291809082031,75.55488586425781
frame_001242.png,102.4329605102539,64.13579559326172,-109.99320220947266,-104.75421905517578,-127.75471496582031,75.62030792236328
frame_001243.png,102.5194320678711,64.17617797851562,-110.0840835571289,-104.8619155883789,-127.8479995727539,75.68386840820312
frame_001244.png,102.60832977294922,64.21621704101562,-110.17474365234375,-104.97225189208984,-127.94285583496094,75.7475357055664
frame_001245.png,102.69829559326172,64.25542449951172,-110.26686096191406,-105.0845947265625,-128.03843688964844,75.81179809570312
frame_001246.png,102.78837585449219,64.29537963867188,-110.3582992553711,-105.19857788085938,-128.13348388671875,75.87712097167969
frame_001247.png,102.87886047363281,64.33672332763672,-110.44914245605469,-105.31294250488281,-128.2280731201172,75.9443588256836
frame_001248.png,102.97125244140625,64.37909698486328,-110.53995513916016,-105.4256362915039,-128.32272338867188,76.01380920410156
frame_001249.png,103.06539916992188,64.42341613769531,-110.63230895996094,-105.5361557006836,-128.41964721679688,76.08567810058594
frame_001250.png,103.16097259521484,64.46952819824219,-110.72744750976562,-105.64423370361328,-128.51715087890625,76.15837860107422
frame_001251.png,103.25617218017578,64.51551818847656,-110.82563781738281,-105.75163269042969,-128.61375427246094,76.23037719726562
frame_001252.png,103.34944915771484,64.56095886230469,-110.92456817626953,-105.8587646484375,-128.71121215820312,76.30095672607422
frame_001253.png,103.44338989257812,64.60468292236328,-111.02488708496094,-105.96479797363281,-128.80970764160156,76.36856842041016
frame_001254.png,103.5385513305664,64.64704895019531,-111.12661743164062,-106.0691146850586,-128.90711975097656,76.4349365234375
frame_001255.png,103.63497161865234,64.6895980834961,-111.2288589477539,-106.17334747314453,-129.00247192382812,76.50023651123047
frame_001256.png,103.72864532470703,64.73138427734375,-111.32952117919922,-106.27828979492188,-129.09707641601562,76.56581115722656
frame_001257.png,103.82154083251953,64.77295684814453,-111.42864990234375,-106.38255310058594,-129.1920623779297,76.63021850585938
frame_001258.png,103.91355895996094,64.81544494628906,-111.52637481689453,-106.48641204833984,-129.28848266601562,76.69389343261719
frame_001259.png,104.00485229492188,64.85883331298828,-111.62300109863281,-106.59000396728516,-129.38392639160156,76.7588119506836
frame_001260.png,104.09634399414062,64.90182495117188,-111.71849060058594,-106.69417572021484,-129.4778289794922,76.82360076904297
frame_001261.png,104.18889617919922,64.94457244873047,-111.81242370605469,-106.79998016357422,-129.57054138183594,76.88888549804688
frame_001262.png,104.28219604492188,64.98663330078125,-111.90512084960938,-106.90760040283203,-129.6620635986328,76.95311737060547
frame_001263.png,104.37773895263672,65.02615356445312,-111.99876403808594,-107.01411437988281,-129.75350952148438,77.01679992675781
frame_001264.png,104.47409057617188,65.06278991699219,-112.09197235107422,-107.1197280883789,-129.845703125,77.0797348022461
frame_001265.png,104.56885528564453,65.0979232788086,-112.18292999267578,-107.22433471679688,-129.93743896484375,77.14289093017578
frame_001266.png,104.66411590576172,65.13066864013672,-112.27245330810547,-107.32756042480469,-130.02783203125,77.20858764648438
frame_001267.png,104.75956726074219,65.16365051269531,-112.36161041259766,-107.43059539794922,-130.11935424804688,77.27586364746094
frame_001268.png,104.85468292236328,65.19761657714844,-112.44950866699219,-107.53343200683594,-130.21107482910156,77.34359741210938
frame_001269.png,104.95052337646484,65.23284912109375,-112.53800201416016,-107.63615417480469,-130.30137634277344,77.41123962402344
frame_001270.png,105.04716491699219,65.26782989501953,-112.62788391113281,-107.73976135253906,-130.3888702392578,77.47838592529297
frame_001271.png,105.14179229736328,65.30404663085938,-112.71595764160156,-107.842529296875,-130.47305297851562,77.54328918457031
frame_001272.png,105.23606872558594,65.34367370605469,-112.80239868164062,-107.94459533691406,-130.55491638183594,77.60621643066406
frame_001273.png,105.33009338378906,65.3845443725586,-112.88780975341797,-108.04524993896484,-130.63795471191406,77.6672134399414
frame_001274.png,105.4261245727539,65.42451477050781,-112.97523498535156,-108.14425659179688,-130.7230987548828,77.7275619506836
frame_001275.png,105.52210235595703,65.46394348144531,-113.06380462646484,-108.2417221069336,-130.80859375,77.7877197265625
frame_001276.png,105.61563110351562,65.50359344482422,-113.15068817138672,-108.33892059326172,-130.89389038085938,77.84831237792969
frame_001277.png,105.70804595947266,65.54415893554688,-113.2369613647461,-108.43547058105469,-130.97657775878906,77.91068267822266
frame_001278.png,105.79776763916016,65.58355712890625,-113.32173919677734,-108.53076171875,-131.05709838867188,77.97574615478516
frame_001279.png,105.88548278808594,65.62247467041016,-113.4048080444336,-108.62344360351562,-131.13543701171875,78.04237365722656
frame_001280.png,105.97311401367188,65.66246795654297,-113.48856353759766,-108.71563720703125,-131.21255493164062,78.11016082763672
frame_001281.png,106.06022644042969,65.70178985595703,-113.57179260253906,-108.80704498291016,-131.2892303466797,78.1808090209961
frame_001282.png,106.14656829833984,65.739990234375,-113.65550231933594,-108.89647674560547,-131.3671112060547,78.25263214111328
frame_001283.png,106.23172760009766,65.77816009521484,-113.73897552490234,-108.9871826171875,-131.44810485839844,78.32365417480469
frame_001284.png,106.31471252441406,65.81780242919922,-113.82301330566406,-109.081787109375,-131.53103637695312,78.39271545410156
frame_001285.png,106.39434814453125,65.85983276367188,-113.90644836425781,-109.17710876464844,-131.61802673339844,78.45891571044922
frame_001286.png,106.47309112548828,65.9048843383789,-113.98974609375,-109.27274322509766,-131.70655822753906,78.52330017089844
frame_001287.png,106.55097961425781,65.95034790039062,-114.07373809814453,-109.36763763427734,-131.7958984375,78.5871353149414
frame_001288.png,106.62750244140625,65.996337890625,-114.15988159179688,-109.46173858642578,-131.88514709472656,78.650634765625
frame_001289.png,106.7016830444336,66.04203796386719,-114.24911499023438,-109.55609893798828,-131.97291564941406,78.71578216552734
frame_001290.png,106.77627563476562,66.08607482910156,-114.3397216796875,-109.65220642089844,-132.0603485107422,78.78396606445312
frame_001291.png,106.85133361816406,66.12923431396484,-114.42719268798828,-109.74976348876953,-132.14784240722656,78.85266876220703
frame_001292.png,106.92813110351562,66.17185974121094,-114.5114517211914,-109.84866333007812,-132.23757934570312,78.91998291015625
frame_001293.png,107.00659942626953,66.21330261230469,-114.59323120117188,-109.94752502441406,-132.3301239013672,78.98479461669922
frame_001294.png,107.08751678466797,66.25274658203125,-114.67399597167969,-110.04741668701172,-132.4237518310547,79.046142578125
frame_001295.png,107.17081451416016,66.29136657714844,-114.75672912597656,-110.14794158935547,-132.51805114746094,79.10425567626953
frame_001296.png,107.25601196289062,66.33140563964844,-114.83980560302734,-110.2470932006836,-132.6134490966797,79.15946197509766
frame_001297.png,107.34054565429688,66.37200927734375,-114.92379760742188,-110.34463500976562,-132.70957946777344,79.21297454833984
frame_001298.png,107.42353820800781,66.41459655761719,-115.00804138183594,-110.43971252441406,-132.80569458007812,79.26557922363281
frame_001299.png,107.50434112548828,66.4610824584961,-115.09139251708984,-110.5326919555664,-132.9014434814453,79.31684875488281
frame_001300.png,107.58330535888672,66.50820922851562,-115.17292022705078,-110.62418365478516,-132.99835205078125,79.36774444580078
frame_001301.png,107.660888671875,66.5551528930664,-115.25241088867188,-110.71337127685547,-133.09613037109375,79.41883850097656
frame_001302.png,107.73719024658203,66.5999755859375,-115.32918548583984,-110.80228424072266,-133.19349670410156,79.46923065185547
frame_001303.png,107.81237030029297,66.64398193359375,-115.40379333496094,-110.8929672241211,-133.2936553955078,79.5197982788086
frame_001304.png,107.88864135742188,66.68811798095703,-115.4769058227539,-110.98667907714844,-133.39659118652344,79.5711898803711
frame_001305.png,107.9653549194336,66.73126220703125,-115.54834747314453,-111.08351135253906,-133.50064086914062,79.62361145019531
frame_001306.png,108.0422592163086,66.7733383178711,-115.61846160888672,-111.18327331542969,-133.6064453125,79.67701721191406
frame_001307.png,108.11935424804688,66.81475067138672,-115.68666076660156,-111.28608703613281,-133.71261596679688,79.7319107055664
frame_001308.png,108.1974868774414,66.85541534423828,-115.75499725341797,-111.39007568359375,-133.81918334960938,79.7877197265625
frame_001309.png,108.27735900878906,66.89473724365234,-115.82293701171875,-111.4951400756836,-133.92604064941406,79.84547424316406
frame_001310.png,108.3590316772461,66.93360137939453,-115.89112091064453,-111.60221862792969,-134.0324249267578,79.90402221679688
frame_001311.png,108.4420394897461,66.97100067138672,-115.95852661132812,-111.71064758300781,-134.1379852294922,79.96240997314453
frame_001312.png,108.52540588378906,67.00843811035156,-116.02558898925781,-111.82113647460938,-134.24021911621094,80.02080535888672
frame_001313.png,108.61080169677734,67.04883575439453,-116.09378814697266,-111.92992401123047,-134.34205627441406,80.07835388183594
frame_001314.png,108.69668579101562,67.0921401977539,-116.1633529663086,-112.03955078125,-134.4436492919922,80.13529968261719
frame_001315.png,108.783447265625,67.13720703125,-116.23690032958984,-112.14937591552734,-134.54412841796875,80.19110107421875
frame_001316.png,108.86953735351562,67.18241119384766,-116.31428527832031,-112.2554702758789,-134.6441192626953,80.2470474243164
frame_001317.png,108.9555435180664,67.2276611328125,-116.39488220214844,-112.35888671875,-134.74290466308594,80.30474090576172
frame_001318.png,109.0418472290039,67.27161407470703,-116.47740173339844,-112.4596176147461,-134.84088134765625,80.36438751220703
frame_001319.png,109.12763977050781,67.31415557861328,-116.56111907958984,-112.55667877197266,-134.94081115722656,80.42472839355469
frame_001320.png,109.21257781982422,67.35804748535156,-116.64514923095703,-112.6532211303711,-135.04295349121094,80.48225402832031
frame_001321.png,109.29714965820312,67.40335083007812,-116.72834777832031,-112.75093841552734,-135.1439666748047,80.53797149658203
frame_001322.png,109.38166046142578,67.44940948486328,-116.81127166748047,-112.85025024414062,-135.24415588378906,80.59290313720703
frame_001323.png,109.46533203125,67.49699401855469,-116.89408874511719,-112.94959259033203,-135.34423828125,80.64743041992188
frame_001324.png,109.54961395263672,67.5475082397461,-116.97402954101562,-113.04907989501953,-135.44552612304688,80.70127868652344
frame_001325.png,109.63526916503906,67.60096740722656,-117.0528335571289,-113.14501190185547,-135.5497589111328,80.75460815429688
frame_001326.png,109.7219467163086,67.65420532226562,-117.13139343261719,-113.23668670654297,-135.6554718017578,80.80814361572266
frame_001327.png,109.81187438964844,67.70742797851562,-117.2114486694336,-113.32715606689453,-135.76185607910156,80.86312866210938
frame_001328.png,109.9057388305664,67.75931549072266,-117.29484558105469,-113.41624450683594,-135.86920166015625,80.91903686523438
frame_001329.png,110.00055694580078,67.80896759033203,-117.37960052490234,-113.50507354736328,-135.97752380371094,80.97783660888672
frame_001330.png,110.0969467163086,67.85820007324219,-117.4657211303711,-113.5951156616211,-136.08619689941406,81.03945922851562
frame_001331.png,110.19603729248047,67.90748596191406,-117.55126953125,-113.68685913085938,-136.1962890625,81.10328674316406
frame_001332.png,110.29741668701172,67.95574951171875,-117.6373291015625,-113.78008270263672,-136.3077392578125,81.1685791015625
frame_001333.png,110.40092468261719,68.00325775146484,-117.72445678710938,-113.87271881103516,-136.41928100585938,81.23367309570312
frame_001334.png,110.50497436523438,68.05043029785156,-117.81170654296875,-113.96736907958984,-136.53076171875,81.29827880859375
frame_001335.png,110.60914611816406,68.0972671508789,-117.89884948730469,-114.06548309326172,-136.64141845703125,81.3619155883789
frame_001336.png,110.71284484863281,68.14523315429688,-117.98676300048828,-114.16600036621094,-136.7507781982422,81.42475128173828
frame_001337.png,110.81727600097656,68.19389343261719,-118.07720184326172,-114.26565551757812,-136.85897827148438,81.48750305175781
frame_001338.png,110.92111206054688,68.24359893798828,-118.1681900024414,-114.36373901367188,-136.96780395507812,81.550048828125
frame_001339.png,111.02533721923828,68.2934799194336,-118.25782775878906,-114.4604263305664,-137.07809448242188,81.61227416992188
frame_001340.png,111.13032531738281,68.34190368652344,-118.345947265625,-114.5558090209961,-137.188232421875,81.67367553710938
frame_001341.png,111.23565673828125,68.39039611816406,-118.43404388427734,-114.64947509765625,-137.29739379882812,81.73548889160156
frame_001342.png,111.33988189697266,68.4393310546875,-118.5230941772461,-114.7425308227539,-137.4056854248047,81.79765319824219
frame_001343.png,111.44251251220703,68.48854064941406,-118.61129760742188,-114.8349838256836,-137.5125274658203,81.86036682128906
frame_001344.png,111.54399871826172,68.53738403320312,-118.69901275634766,-114.92738342285156,-137.61756896972656,81.92279815673828
frame_001345.png,111.6446762084961,68.58537292480469,-118.78475189208984,-115.02064514160156,-137.7209014892578,81.98385620117188
frame_001346.png,111.74298858642578,68.63253021240234,-118.86921691894531,-115.11383056640625,-137.82354736328125,82.0427474975586
frame_001347.png,111.83931732177734,68.67875671386719,-118.9522933959961,-115.20671844482422,-137.92523193359375,82.0987319946289
frame_001348.png,111.93372344970703,68.72579956054688,-119.03472137451172,-115.29862976074219,-138.02638244628906,82.15255737304688
frame_001349.png,112.02677917480469,68.77442169189453,-119.11714935302734,-115.3885726928711,-138.12721252441406,82.20530700683594
frame_001350.png,112.12010955810547,68.82308197021484,-119.2018051147461,-115.47734069824219,-138.22682189941406,82.25662994384766
frame_001351.png,112.2144775390625,68.87103271484375,-119.29046630859375,-115.56592559814453,-138.32565307617188,82.3065414428711
frame_001352.png,112.30944061279297,68.91786193847656,-119.38152313232422,-115.65604400634766,-138.42250061035156,82.35630798339844
frame_001353.png,112.40454864501953,68.96258544921875,-119.47356414794922,-115.74775695800781,-138.52052307128906,82.40522766113281
frame_001354.png,112.49996948242188,69.0060806274414,-119.56632232666016,-115.83939361572266,-138.62078857421875,82.45331573486328
frame_001355.png,112.59459686279297,69.0514907836914,-119.66006469726562,-115.93213653564453,-138.72244262695312,82.5029067993164
frame_001356.png,112.68832397460938,69.0994873046875,-119.75431823730469,-116.02479553222656,-138.82623291015625,82.55304718017578
frame_001357.png,112.78143310546875,69.15059661865234,-119.84825897216797,-116.11913299560547,-138.9313201904297,82.6039810180664
frame_001358.png,112.87592315673828,69.20232391357422,-119.94280242919922,-116.2159652709961,-139.03700256347656,82.65554809570312
frame_001359.png,112.97270965576172,69.25483703613281,-120.03833770751953,-116.31593322753906,-139.14256286621094,82.70866394042969
frame_001360.png,113.0727767944336,69.3067398071289,-120.13314056396484,-116.41715240478516,-139.2466583251953,82.76303100585938
frame_001361.png,113.17475128173828,69.35582733154297,-120.22590637207031,-116.51589965820312,-139.35104370117188,82.81739044189453
frame_001362.png,113.2779769897461,69.4020004272461,-120.31605529785156,-116.61148071289062,-139.4571075439453,82.87106323242188
frame_001363.png,113.3812255859375,69.44644927978516,-120.40624237060547,-116.7057113647461,-139.5648651123047,82.92416381835938
frame_001364.png,113.48462677001953,69.4895248413086,-120.49675750732422,-116.80113983154297,-139.6728057861328,82.97721862792969
frame_001365.png,113.58707427978516,69.53170776367188,-120.58718872070312,-116.89984893798828,-139.779296875,83.02997589111328
frame_001366.png,113.68765258789062,69.57122039794922,-120.677734375,-117.00213623046875,-139.88453674316406,83.08222961425781
frame_001367.png,113.78817749023438,69.60896301269531,-120.76763153076172,-117.10514068603516,-139.990478515625,83.13482666015625
frame_001368.png,113.88905334472656,69.64665985107422,-120.85590362548828,-117.206787109375,-140.09783935546875,83.18836975097656
frame_001369.png,113.98979949951172,69.6866226196289,-120.94255065917969,-117.3045425415039,-140.20494079589844,83.24433135986328
frame_001370.png,114.08985137939453,69.7289810180664,-121.02852630615234,-117.3979721069336,-140.3134307861328,83.30162048339844
frame_001371.png,114.18891143798828,69.7731704711914,-121.11417388916016,-117.48699188232422,-140.4225616455078,83.35820007324219
frame_001372.png,114.28656005859375,69.81954193115234,-121.19926452636719,-117.57442474365234,-140.53048706054688,83.41455841064453
frame_001373.png,114.38465118408203,69.8674545288086,-121.28195190429688,-117.66283416748047,-140.63742065429688,83.47117614746094
frame_001374.png,114.48239135742188,69.91613006591797,-121.3636245727539,-117.75509643554688,-140.7426300048828,83.53034973144531
frame_001375.png,114.58049774169922,69.96382141113281,-121.44441986083984,-117.8509750366211,-140.84681701660156,83.59033966064453
frame_001376.png,114.67884063720703,70.01050567626953,-121.5232162475586,-117.94815826416016,-140.95083618164062,83.65001678466797
frame_001377.png,114.775146484375,70.0564956665039,-121.6028823852539,-118.0456314086914,-141.05494689941406,83.71033477783203
frame_001378.png,114.86947631835938,70.10245513916016,-121.68128204345703,-118.1436996459961,-141.15768432617188,83.7697525024414
frame_001379.png,114.96141815185547,70.14949035644531,-121.76106262207031,-118.24192810058594,-141.25909423828125,83.82865142822266
frame_001380.png,115.05154418945312,70.19691467285156,-121.84158325195312,-118.33901977539062,-141.35995483398438,83.88601684570312
frame_001381.png,115.14215850830078,70.24598693847656,-121.92353057861328,-118.43291473388672,-141.46229553222656,83.939453125
frame_001382.png,115.23280334472656,70.29627227783203,-122.00581359863281,-118.52416229248047,-141.56654357910156,83.98985290527344
frame_001383.png,115.32316589355469,70.347900390625,-122.08838653564453,-118.6137924194336,-141.67172241210938,84.03695678710938
frame_001384.png,115.41416931152344,70.39923095703125,-122.17138671875,-118.70177459716797,-141.77818298339844,84.08184051513672
frame_001385.png,115.50548553466797,70.44970703125,-122.25438690185547,-118.7852554321289,-141.88446044921875,84.1261978149414
frame_001386.png,115.59502410888672,70.49895477294922,-122.3378677368164,-118.86628723144531,-141.9900665283203,84.17378997802734
frame_001387.png,115.68486785888672,70.54759216308594,-122.41966247558594,-118.94597625732422,-142.0957489013672,84.22209930419922
frame_001388.png,115.77538299560547,70.59696960449219,-122.49972534179688,-119.02446746826172,-142.2041015625,84.2718734741211
frame_001389.png,115.86589813232422,70.6442642211914,-122.5785140991211,-119.10533905029297,-142.31146240234375,84.3233413696289
frame_001390.png,115.95515441894531,70.69022369384766,-122.6584701538086,-119.18656158447266,-142.41612243652344,84.37528991699219
frame_001391.png,116.04290008544922,70.73577117919922,-122.73941040039062,-119.27123260498047,-142.5185089111328,84.42823028564453
frame_001392.png,116.12901306152344,70.78020477294922,-122.82017517089844,-119.3570327758789,-142.61708068847656,84.48238372802734
frame_001393.png,116.2122573852539,70.82437133789062,-122.90058898925781,-119.44123077392578,-142.71383666992188,84.53691101074219
frame_001394.png,116.2919921875,70.87132263183594,-122.98064422607422,-119.52645111083984,-142.80856323242188,84.59270477294922
frame_001395.png,116.36923217773438,70.92249298095703,-123.0615005493164,-119.61211395263672,-142.9009552001953,84.64765930175781
frame_001396.png,116.44563293457031,70.97657775878906,-123.14337921142578,-119.69942474365234,-142.9898223876953,84.70335388183594
frame_001397.png,116.51997375488281,71.03026580810547,-123.22409057617188,-119.78648376464844,-143.07638549804688,84.7611083984375
frame_001398.png,116.5933609008789,71.08333587646484,-123.30261993408203,-119.87274932861328,-143.16259765625,84.82028198242188
frame_001399.png,116.667236328125,71.13819122314453,-123.38093566894531,-119.95573425292969,-143.2479705810547,84.87859344482422
frame_001400.png,116.74010467529297,71.19534301757812,-123.45884704589844,-120.03849792480469,-143.33267211914062,84.93690490722656
frame_001401.png,116.81171417236328,71.25247192382812,-123.53504943847656,-120.1192398071289,-143.4166717529297,84.9961929321289
frame_001402.png,116.88101959228516,71.31034088134766,-123.6087646484375,-120.19881439208984,-143.50108337402344,85.05732727050781
frame_001403.png,116.949951171875,71.3708724975586,-123.68008422851562,-120.27643585205078,-143.58482360839844,85.1200942993164
frame_001404.png,117.01883697509766,71.43489074707031,-123.74821472167969,-120.35357666015625,-143.66744995117188,85.18421936035156
frame_001405.png,117.08735656738281,71.50141906738281,-123.81482696533203,-120.43128967285156,-143.74838256835938,85.24898529052734
frame_001406.png,117.15596771240234,71.56835174560547,-123.88185119628906,-120.51009368896484,-143.82740783691406,85.31422424316406
frame_001407.png,117.22248840332031,71.63442993164062,-123.9493179321289,-120.591796875,-143.90362548828125,85.37950134277344
frame_001408.png,117.28660583496094,71.7009506225586,-124.0180435180664,-120.67489624023438,-143.9779815673828,85.44342041015625
frame_001409.png,117.34928894042969,71.7683334350586,-124.08695220947266,-120.76004028320312,-144.05239868164062,85.50494384765625
frame_001410.png,117.40742492675781,71.8355941772461,-124.15227508544922,-120.84794616699219,-144.1260223388672,85.56790924072266
frame_001411.png,117.46259307861328,71.90290069580078,-124.21473693847656,-120.93866729736328,-144.1994171142578,85.63198852539062
frame_001412.png,117.51781463623047,71.97024536132812,-124.27620697021484,-121.02991485595703,-144.27099609375,85.693359375
frame_001413.png,117.57433319091797,72.0359115600586,-124.3371810913086,-121.12323760986328,-144.3412628173828,85.75191497802734
frame_001414.png,117.63292694091797,72.0995101928711,-124.39997863769531,-121.21752166748047,-144.4114532470703,85.80892944335938
frame_001415.png,117.69087982177734,72.16024017333984,-124.46538543701172,-121.31024169921875,-144.4820556640625,85.86579895019531
frame_001416.png,117.7487564086914,72.21941375732422,-124.53401947021484,-121.40188598632812,-144.55332946777344,85.92217254638672
frame_001417.png,117.80479431152344,72.27838897705078,-124.60482025146484,-121.49183654785156,-144.6258544921875,85.9775390625
frame_001418.png,117.85987854003906,72.33699798583984,-124.6786117553711,-121.5802230834961,-144.69967651367188,86.03340911865234
frame_001419.png,117.9148941040039,72.39512634277344,-124.75479125976562,-121.6672592163086,-144.77633666992188,86.09134674072266
frame_001420.png,117.96833801269531,72.4516830444336,-124.83466339111328,-121.75296783447266,-144.85638427734375,86.15131378173828
frame_001421.png,118.0211181640625,72.50672912597656,-124.9153823852539,-121.83735656738281,-144.93917846679688,86.21238708496094
frame_001422.png,118.07308197021484,72.56083679199219,-124.9950180053711,-121.92052459716797,-145.02484130859375,86.2736587524414
frame_001423.png,118.12471008300781,72.61558532714844,-125.0733413696289,-122.00210571289062,-145.11181640625,86.33378601074219
frame_001424.png,118.17520141601562,72.67182922363281,-125.14988708496094,-122.08440399169922,-145.1979522705078,86.3928451538086
frame_001425.png,118.22541809082031,72.72801208496094,-125.22527313232422,-122.17230987548828,-145.2838134765625,86.45039367675781
frame_001426.png,118.27832794189453,72.78327941894531,-125.29900360107422,-122.26490783691406,-145.37152099609375,86.5030288696289
frame_001427.png,118.33123779296875,72.83828735351562,-125.37145233154297,-122.36053466796875,-145.45809936523438,86.5522689819336
frame_001428.png,118.38489532470703,72.89097595214844,-125.44451141357422,-122.45516967773438,-145.5437469482422,86.60035705566406
frame_001429.png,118.4372787475586,72.94281768798828,-125.51737976074219,-122.54993438720703,-145.627685546875,86.64765930175781
frame_001430.png,118.48538208007812,72.99628448486328,-125.58900451660156,-122.64783477783203,-145.70989990234375,86.69552612304688
frame_001431.png,118.53056335449219,73.05117797851562,-125.6568374633789,-122.74910736083984,-145.7933807373047,86.74542236328125
frame_001432.png,118.57440948486328,73.10832977294922,-125.72209930419922,-122.85009002685547,-145.88015747070312,86.79712677001953
frame_001433.png,118.61857604980469,73.16885375976562,-125.7846908569336,-122.9511947631836,-145.9676055908203,86.85089111328125
frame_001434.png,118.66339874267578,73.23186492919922,-125.84420776367188,-123.05130004882812,-146.0527801513672,86.904052734375
frame_001435.png,118.70858764648438,73.29704284667969,-125.90235137939453,-123.14891052246094,-146.13719177246094,86.9553451538086
frame_001436.png,118.75438690185547,73.36378479003906,-125.95952606201172,-123.24406433105469,-146.220947265625,87.00628662109375
frame_001437.png,118.80067443847656,73.43138885498047,-126.01702117919922,-123.33672332763672,-146.3031005859375,87.05783081054688
frame_001438.png,118.84788513183594,73.5003890991211,-126.07632446289062,-123.42806243896484,-146.3846893310547,87.1108169555664
frame_001439.png,118.8955078125,73.5678939819336,-126.1380615234375,-123.5191650390625,-146.46800231933594,87.16312408447266
frame_001440.png,118.94395446777344,73.63248443603516,-126.20073699951172,-123.61251068115234,-146.55271911621094,87.21683502197266
frame_001441.png,118.99406433105469,73.6959457397461,-126.26563262939453,-123.7050552368164,-146.63894653320312,87.2716293334961
frame_001442.png,119.04492950439453,73.75881958007812,-126.33364868164062,-123.79423522949219,-146.72775268554688,87.32764434814453
frame_001443.png,119.09636688232422,73.82202911376953,-126.40531158447266,-123.87973022460938,-146.82000732421875,87.38386535644531
frame_001444.png,119.14645385742188,73.88554382324219,-126.47879028320312,-123.9627685546875,-146.9137725830078,87.4380111694336
frame_001445.png,119.19376373291016,73.95037841796875,-126.55228424072266,-124.04650115966797,-147.00938415527344,87.49151611328125
frame_001446.png,119.2396240234375,74.01560974121094,-126.62491607666016,-124.13059997558594,-147.10675048828125,87.54254150390625
frame_001447.png,119.28470611572266,74.0811538696289,-126.69444274902344,-124.21569061279297,-147.20751953125,87.59227752685547
frame_001448.png,119.32958984375,74.14836120605469,-126.76309967041016,-124.30287170410156,-147.31129455566406,87.64167785644531
frame_001449.png,119.37594604492188,74.21666717529297,-126.83242797851562,-124.39142608642578,-147.41726684570312,87.69023132324219
frame_001450.png,119.423095703125,74.28450775146484,-126.90203857421875,-124.48069763183594,-147.52496337890625,87.7370834350586
frame_001451.png,119.4721908569336,74.35188293457031,-126.9724349975586,-124.5691909790039,-147.63302612304688,87.78426361083984
frame_001452.png,119.52313995361328,74.41757202148438,-127.04117584228516,-124.6553955078125,-147.74082946777344,87.83145904541016
frame_001453.png,119.57626342773438,74.48201751708984,-127.10772705078125,-124.74000549316406,-147.8483123779297,87.87833404541016
frame_001454.png,119.62983703613281,74.54427337646484,-127.1750717163086,-124.82402801513672,-147.95335388183594,87.92455291748047
frame_001455.png,119.68258666992188,74.6043930053711,-127.2435073852539,-124.90924072265625,-148.05540466308594,87.9699935913086
frame_001456.png,119.73402404785156,74.66265869140625,-127.313232421875,-124.99372100830078,-148.1554718017578,88.01526641845703
frame_001457.png,119.78318786621094,74.71806335449219,-127.38278198242188,-125.07618713378906,-148.25335693359375,88.0598373413086
frame_001458.png,119.83009338378906,74.77030181884766,-127.45209503173828,-125.15739440917969,-148.3494415283203,88.1041030883789
frame_001459.png,119.87535095214844,74.82068634033203,-127.52021789550781,-125.23796081542969,-148.44491577148438,88.1488037109375
frame_001460.png,119.91971588134766,74.87045288085938,-127.58623504638672,-125.31814575195312,-148.54107666015625,88.19264221191406
frame_001461.png,119.96372985839844,74.92012023925781,-127.64934539794922,-125.39896392822266,-148.6377410888672,88.23619079589844
frame_001462.png,120.00801849365234,74.96978759765625,-127.71138763427734,-125.47930145263672,-148.73573303222656,88.27984619140625
frame_001463.png,120.0514907836914,75.02046203613281,-127.77345275878906,-125.56238555908203,-148.8349609375,88.32394409179688
frame_001464.png,120.0947265625,75.07197570800781,-127.83501434326172,-125.6475601196289,-148.93524169921875,88.3682632446289
frame_001465.png,120.13789367675781,75.12467193603516,-127.89630126953125,-125.73247528076172,-149.03701782226562,88.41172790527344
frame_001466.png,120.18006134033203,75.17786407470703,-127.95780181884766,-125.81739044189453,-149.1388702392578,88.45542907714844
frame_001467.png,120.22188568115234,75.2314224243164,-128.01991271972656,-125.9022445678711,-149.24085998535156,88.49940490722656
frame_001468.png,120.2643814086914,75.28768920898438,-128.08331298828125,-125.98709869384766,-149.34353637695312,88.54361724853516
frame_001469.png,120.30724334716797,75.34693908691406,-128.1490936279297,-126.07318878173828,-149.44700622558594,88.58817291259766
frame_001470.png,120.35087585449219,75.40750122070312,-128.21633911132812,-126.15960693359375,-149.55279541015625,88.63201141357422
frame_001471.png,120.39729309082031,75.46916961669922,-128.2861785888672,-126.24623107910156,-149.6607208251953,88.67524719238281
frame_001472.png,120.44619750976562,75.53157806396484,-128.35887145996094,-126.33201599121094,-149.7711181640625,88.71765899658203
frame_001473.png,120.4962158203125,75.59437561035156,-128.4339141845703,-126.41636657714844,-149.88226318359375,88.75978088378906
frame_001474.png,120.54792022705078,75.65814971923828,-128.50953674316406,-126.50115203857422,-149.9920654296875,88.8016128540039
frame_001475.png,120.60027313232422,75.7212905883789,-128.5855255126953,-126.58486938476562,-150.1004180908203,88.84415435791016
frame_001476.png,120.65271759033203,75.78296661376953,-128.66094970703125,-126.66763305664062,-150.20635986328125,88.88591766357422
frame_001477.png,120.7035140991211,75.8447036743164,-128.7355194091797,-126.74930572509766,-150.30967712402344,88.92864990234375
frame_001478.png,120.7531509399414,75.90752410888672,-128.8092498779297,-126.83126068115234,-150.40882873535156,88.97268676757812
frame_001479.png,120.80323028564453,75.97176361083984,-128.88290405273438,-126.91309356689453,-150.5058135986328,89.0180435180664
frame_001480.png,120.85226440429688,76.03742980957031,-128.95718383789062,-126.99456024169922,-150.60073852539062,89.06519317626953
frame_001481.png,120.90168762207031,76.10506439208984,-129.03179931640625,-127.07561492919922,-150.69505310058594,89.11358642578125
frame_001482.png,120.95124816894531,76.17424011230469,-129.1051483154297,-127.15604400634766,-150.79029846191406,89.16226959228516
frame_001483.png,121.00070190429688,76.2440414428711,-129.17715454101562,-127.23722076416016,-150.8873291015625,89.2102279663086
frame_001484.png,121.0512466430664,76.3139419555664,-129.2478790283203,-127.31883239746094,-150.9864959716797,89.25743103027344
frame_001485.png,121.10252380371094,76.3829345703125,-129.3181610107422,-127.40020751953125,-151.08729553222656,89.3045883178711
frame_001486.png,121.15316772460938,76.45233917236328,-129.38800048828125,-127.48053741455078,-151.18875122070312,89.35343170166016
frame_001487.png,121.20362854003906,76.52189636230469,-129.4583282470703,-127.55964660644531,-151.29025268554688,89.4035415649414
frame_001488.png,121.25390625,76.59042358398438,-129.5297088623047,-127.63597869873047,-151.39125061035156,89.45484161376953
frame_001489.png,121.3038558959961,76.65834045410156,-129.60272216796875,-127.70958709716797,-151.492431640625,89.5071792602539
frame_001490.png,121.35198211669922,76.72503662109375,-129.6759033203125,-127.78334045410156,-151.5931396484375,89.55967712402344
frame_001491.png,121.39775085449219,76.79158782958984,-129.74644470214844,-127.85853576660156,-151.6943817138672,89.61146545410156
frame_001492.png,121.44127655029297,76.8560791015625,-129.81484985351562,-127.93316650390625,-151.79664611816406,89.66162872314453
frame_001493.png,121.48278045654297,76.91870880126953,-129.88253784179688,-128.00648498535156,-151.89927673339844,89.71115112304688
frame_001494.png,121.52333068847656,76.98019409179688,-129.95164489746094,-128.07830810546875,-152.0024871826172,89.75951385498047
frame_001495.png,121.56416320800781,77.0415267944336,-130.022705078125,-128.14797973632812,-152.10585021972656,89.80725860595703
frame_001496.png,121.60565185546875,77.10343933105469,-130.09552001953125,-128.2161865234375,-152.20944213867188,89.85491943359375
frame_001497.png,121.64862823486328,77.16636657714844,-130.16885375976562,-128.2852020263672,-152.31483459472656,89.90213012695312
frame_001498.png,121.69276428222656,77.22896575927734,-130.2429656982422,-128.35531616210938,-152.42379760742188,89.94940948486328
frame_001499.png,121.73788452148438,77.29243469238281,-130.31639099121094,-128.42604064941406,-152.5348358154297,89.99854278564453
frame_001500.png,121.7843017578125,77.35730743408203,-130.3890838623047,-128.4980926513672,-152.64602661132812,90.0484390258789
frame_001501.png,121.83173370361328,77.4240951538086,-130.4612579345703,-128.56996154785156,-152.75865173339844,90.09809112548828
frame_001502.png,121.88034057617188,77.49092102050781,-130.53421020507812,-128.64212036132812,-152.8732147216797,90.14839935302734
frame_001503.png,121.93022918701172,77.55726623535156,-130.6080322265625,-128.71405029296875,-152.9889678955078,90.198486328125
frame_001504.png,121.98014068603516,77.62176513671875,-130.68057250976562,-128.78451538085938,-153.10581970214844,90.24952697753906
frame_001505.png,122.02899932861328,77.68331909179688,-130.75265502929688,-128.8530731201172,-153.22222900390625,90.30043029785156
frame_001506.png,122.07605743408203,77.74360656738281,-130.82565307617188,-128.92135620117188,-153.33950805664062,90.34963989257812
frame_001507.png,122.12068176269531,77.80329132080078,-130.8990020751953,-128.99139404296875,-153.4557342529297,90.39777374267578
frame_001508.png,122.16291046142578,77.86272430419922,-130.97254943847656,-129.06321716308594,-153.57211303710938,90.44548034667969
frame_001509.png,122.20306396484375,77.9218978881836,-131.04556274414062,-129.1361083984375,-153.68887329101562,90.4926528930664
frame_001510.png,122.24169921875,77.98029327392578,-131.1167755126953,-129.21043395996094,-153.8058624267578,90.5399398803711
frame_001511.png,122.2802963256836,78.03854370117188,-131.18772888183594,-129.28594970703125,-153.923095703125,90.58795928955078
frame_001512.png,122.31775665283203,78.0959701538086,-131.25828552246094,-129.3623046875,-154.03807067871094,90.63621520996094
frame_001513.png,122.3536376953125,78.15314483642578,-131.3280792236328,-129.43931579589844,-154.1510009765625,90.68336486816406
frame_001514.png,122.38892364501953,78.2103271484375,-131.39813232421875,-129.51589965820312,-154.26107788085938,90.72948455810547
frame_001515.png,122.42395782470703,78.2672119140625,-131.4665985107422,-129.59107971191406,-154.3679656982422,90.77564239501953
frame_001516.png,122.4584732055664,78.32350158691406,-131.53326416015625,-129.6641845703125,-154.4715576171875,90.82183837890625
frame_001517.png,122.49335479736328,78.37981414794922,-131.5982208251953,-129.73622131347656,-154.57325744628906,90.86785888671875
frame_001518.png,122.52883911132812,78.43518829345703,-131.6636199951172,-129.80628967285156,-154.67396545410156,90.9134521484375
frame_001519.png,122.56362915039062,78.48914337158203,-131.72889709472656,-129.875,-154.7732696533203,90.95867156982422
frame_001520.png,122.59520721435547,78.5412826538086,-131.79324340820312,-129.9447021484375,-154.8710479736328,91.00395965576172
frame_001521.png,122.62467193603516,78.59062194824219,-131.85623168945312,-130.01475524902344,-154.96749877929688,91.05010223388672
frame_001522.png,122.65151977539062,78.63799285888672,-131.91854858398438,-130.0861358642578,-155.06253051757812,91.09652709960938
frame_001523.png,122.67516326904297,78.6851806640625,-131.98098754882812,-130.15887451171875,-155.15780639648438,91.14201354980469
frame_001524.png,122.698974609375,78.73260498046875,-132.0428009033203,-130.230224609375,-155.2539520263672,91.18624114990234
frame_001525.png,122.72311401367188,78.7801742553711,-132.10426330566406,-130.30007934570312,-155.3510284423828,91.22918701171875
frame_001526.png,122.7469253540039,78.8289794921875,-132.16510009765625,-130.36917114257812,-155.4491729736328,91.27091217041016
frame_001527.png,122.77082061767578,78.87847137451172,-132.2252655029297,-130.4371795654297,-155.54928588867188,91.31266021728516
frame_001528.png,122.79517364501953,78.9284896850586,-132.28370666503906,-130.50721740722656,-155.6505126953125,91.35440826416016
frame_001529.png,122.8208999633789,78.9781265258789,-132.34033203125,-130.57899475097656,-155.75149536132812,91.39669036865234
frame_001530.png,122.84681701660156,79.02821350097656,-132.39512634277344,-130.65234375,-155.85133361816406,91.44026947021484
frame_001531.png,122.8729476928711,79.07673645019531,-132.44700622558594,-130.7261505126953,-155.94976806640625,91.4847183227539
frame_001532.png,122.89923095703125,79.12532806396484,-132.49790954589844,-130.801513671875,-156.04736328125,91.52934265136719
frame_001533.png,122.9275894165039,79.17353820800781,-132.5500030517578,-130.8776092529297,-156.1438751220703,91.57424926757812
frame_001534.png,122.95734405517578,79.22201538085938,-132.60459899902344,-130.95399475097656,-156.23875427246094,91.61956024169922
frame_001535.png,122.98603820800781,79.27090454101562,-132.6607666015625,-131.02908325195312,-156.3328857421875,91.66532135009766
frame_001536.png,123.01319122314453,79.31920623779297,-132.71914672851562,-131.10275268554688,-156.42599487304688,91.7103042602539
frame_001537.png,123.03941345214844,79.36698150634766,-132.77931213378906,-131.17633056640625,-156.51803588867188,91.7534408569336
frame_001538.png,123.06751251220703,79.41387939453125,-132.84144592285156,-131.25050354003906,-156.60818481445312,91.79763793945312
frame_001539.png,123.09784698486328,79.45982360839844,-132.9072723388672,-131.32550048828125,-156.69656372070312,91.84291076660156
frame_001540.png,123.1310806274414,79.5048828125,-132.97561645507812,-131.40219116210938,-156.78468322753906,91.89061737060547
frame_001541.png,123.16624450683594,79.54961395263672,-133.0459442138672,-131.47972106933594,-156.87171936035156,91.94044494628906
frame_001542.png,123.2029037475586,79.59398651123047,-133.1177215576172,-131.55743408203125,-156.95840454101562,91.99263000488281
frame_001543.png,123.24182891845703,79.6387939453125,-133.19102478027344,-131.63534545898438,-157.0443572998047,92.046142578125
frame_001544.png,123.2802963256836,79.6853256225586,-133.26309204101562,-131.71543884277344,-157.12734985351562,92.10224914550781
frame_001545.png,123.31808471679688,79.73428344726562,-133.33221435546875,-131.79644775390625,-157.20773315429688,92.15960693359375
frame_001546.png,123.35407257080078,79.78602600097656,-133.39962768554688,-131.87765502929688,-157.2861785888672,92.21700286865234
frame_001547.png,123.3891830444336,79.83914947509766,-133.4657745361328,-131.95960998535156,-157.36419677734375,92.27388763427734
frame_001548.png,123.42478942871094,79.89369201660156,-133.5311279296875,-132.0438690185547,-157.4421844482422,92.33121490478516
frame_001549.png,123.46199035644531,79.94940185546875,-133.59617614746094,-132.12887573242188,-157.52198791503906,92.38822174072266
frame_001550.png,123.49986267089844,80.0048599243164,-133.6625518798828,-132.21279907226562,-157.60472106933594,92.44536590576172
frame_001551.png,123.54057312011719,80.06049346923828,-133.72988891601562,-132.29518127441406,-157.69070434570312,92.50346374511719
frame_001552.png,123.58229064941406,80.11599731445312,-133.79800415039062,-132.37721252441406,-157.78118896484375,92.56224060058594
frame_001553.png,123.62239837646484,80.17182159423828,-133.86679077148438,-132.45872497558594,-157.87522888183594,92.62149047851562
frame_001554.png,123.66049194335938,80.22887420654297,-133.93601989746094,-132.53916931152344,-157.9717254638672,92.68094635009766
frame_001555.png,123.69690704345703,80.28685760498047,-134.00559997558594,-132.61923217773438,-158.06954956054688,92.73968505859375
frame_001556.png,123.73226928710938,80.34452819824219,-134.07484436035156,-132.6995391845703,-158.1683807373047,92.79827117919922
frame_001557.png,123.76824188232422,80.40232849121094,-134.1450958251953,-132.7792510986328,-158.26605224609375,92.85661315917969
frame_001558.png,123.8051528930664,80.45977020263672,-134.21563720703125,-132.85708618164062,-158.36328125,92.91461181640625
frame_001559.png,123.84312438964844,80.51689147949219,-134.28453063964844,-132.93557739257812,-158.45925903320312,92.9734878540039
frame_001560.png,123.88107299804688,80.57395935058594,-134.3529510498047,-133.01451110839844,-158.55532836914062,93.03182983398438
frame_001561.png,123.9197998046875,80.63202667236328,-134.42359924316406,-133.0945281982422,-158.65330505371094,93.08967590332031
frame_001562.png,123.9582748413086,80.69029998779297,-134.49461364746094,-133.17559814453125,-158.7498779296875,93.14835357666016
frame_001563.png,123.99683380126953,80.74915313720703,-134.56427001953125,-133.25672912597656,-158.84469604492188,93.20532989501953
frame_001564.png,124.03489685058594,80.8088607788086,-134.6322479248047,-133.3355255126953,-158.9384765625,93.26065063476562
frame_001565.png,124.07146453857422,80.86898803710938,-134.69862365722656,-133.4115753173828,-159.03231811523438,93.31410217285156
frame_001566.png,124.10616302490234,80.9296875,-134.76434326171875,-133.4861602783203,-159.12753295898438,93.36603546142578
frame_001567.png,124.1406478881836,80.99067687988281,-134.83114624023438,-133.56063842773438,-159.224365234375,93.41680145263672
frame_001568.png,124.17516326904297,81.05193328857422,-134.89828491210938,-133.63722229003906,-159.3220672607422,93.46746826171875
frame_001569.png,124.20934295654297,81.11260223388672,-134.96595764160156,-133.71463012695312,-159.4216766357422,93.51879119873047
frame_001570.png,124.2434310913086,81.17207336425781,-135.0349578857422,-133.79312133789062,-159.52297973632812,93.57209777832031
frame_001571.png,124.27848052978516,81.23028564453125,-135.10494995117188,-133.87509155273438,-159.62387084960938,93.627685546875
frame_001572.png,124.31509399414062,81.28661346435547,-135.17440795898438,-133.9617156982422,-159.7236328125,93.68447875976562
frame_001573.png,124.35291290283203,81.34086608886719,-135.24232482910156,-134.0513153076172,-159.8243865966797,93.74250793457031
frame_001574.png,124.39099884033203,81.3950424194336,-135.30853271484375,-134.14190673828125,-159.92645263671875,93.80061340332031
frame_001575.png,124.4273910522461,81.44966125488281,-135.3748016357422,-134.23367309570312,-160.029296875,93.85779571533203
frame_001576.png,124.46149444580078,81.50562286376953,-135.4416046142578,-134.32708740234375,-160.1327667236328,93.914794921875
frame_001577.png,124.49445343017578,81.56285858154297,-135.5100860595703,-134.42198181152344,-160.235595703125,93.9707260131836
frame_001578.png,124.52743530273438,81.62042236328125,-135.5779571533203,-134.5157928466797,-160.3379364013672,94.02594757080078
frame_001579.png,124.56114196777344,81.67749786376953,-135.64425659179688,-134.6085205078125,-160.44021606445312,94.08003234863281
frame_001580.png,124.59596252441406,81.73489379882812,-135.7094268798828,-134.6998748779297,-160.5423583984375,94.1327133178711
frame_001581.png,124.63253021240234,81.79357147216797,-135.77345275878906,-134.78997802734375,-160.64501953125,94.18263244628906
frame_001582.png,124.67053985595703,81.85398864746094,-135.83615112304688,-134.87997436523438,-160.749267578125,94.23231506347656
frame_001583.png,124.71058654785156,81.91349029541016,-135.8983917236328,-134.9691619873047,-160.85574340820312,94.28255462646484
frame_001584.png,124.75160217285156,81.97184753417969,-135.9606475830078,-135.0564422607422,-160.96334838867188,94.33200073242188
frame_001585.png,124.79383087158203,82.03047180175781,-136.0221405029297,-135.14210510253906,-161.07049560546875,94.3798599243164
frame_001586.png,124.83633422851562,82.0886459350586,-136.08287048339844,-135.22422790527344,-161.1772918701172,94.42630004882812
frame_001587.png,124.87940216064453,82.14482879638672,-136.143798828125,-135.30357360839844,-161.28494262695312,94.47274017333984
frame_001588.png,124.92162322998047,82.1973876953125,-136.2051239013672,-135.38124084472656,-161.39437866210938,94.52007293701172
frame_001589.png,124.96418762207031,82.24656677246094,-136.26708984375,-135.45632934570312,-161.5054168701172,94.56826782226562
frame_001590.png,125.00798797607422,82.29269409179688,-136.3286590576172,-135.52943420410156,-161.61862182617188,94.6182861328125
frame_001591.png,125.05380249023438,82.33625030517578,-136.38922119140625,-135.60079956054688,-161.73475646972656,94.66992950439453
frame_001592.png,125.10273742675781,82.38021087646484,-136.45045471191406,-135.66976928710938,-161.85289001464844,94.72325134277344
frame_001593.png,125.15425872802734,82.42594909667969,-136.51324462890625,-135.7377471923828,-161.97203063964844,94.77745819091797
frame_001594.png,125.20663452148438,82.47398376464844,-136.57737731933594,-135.8062286376953,-162.0904541015625,94.83292388916016
frame_001595.png,125.26055908203125,82.52252197265625,-136.64320373535156,-135.87677001953125,-162.20848083496094,94.88996124267578
frame_001596.png,125.31621551513672,82.57139587402344,-136.7115478515625,-135.94955444335938,-162.32595825195312,94.9483871459961
frame_001597.png,125.37222290039062,82.6200942993164,-136.78173828125,-136.02513122558594,-162.44248962402344,95.00753784179688
frame_001598.png,125.42797088623047,82.66848754882812,-136.85079956054688,-136.10479736328125,-162.5573272705078,95.06768035888672
frame_001599.png,125.48326873779297,82.71505737304688,-136.91717529296875,-136.1876220703125,-162.6709442138672,95.12965393066406
frame_001600.png,125.5372314453125,82.75885772705078,-136.9792938232422,-136.27516174316406,-162.78366088867188,95.19468688964844
frame_001601.png,125.58854675292969,82.80021667480469,-137.03868103027344,-136.36741638183594,-162.8956756591797,95.26327514648438
frame_001602.png,125.63671875,82.8414535522461,-137.09451293945312,-136.46249389648438,-163.0098114013672,95.33422088623047
frame_001603.png,125.68270874023438,82.88428497314453,-137.1488800048828,-136.5591278076172,-163.12420654296875,95.40771484375
frame_001604.png,125.72919464111328,82.92654418945312,-137.2031707763672,-136.65521240234375,-163.23776245117188,95.4812240600586
frame_001605.png,125.77719116210938,82.96620178222656,-137.25904846191406,-136.74874877929688,-163.35104370117188,95.55365753173828
frame_001606.png,125.82694244384766,83.00454711914062,-137.31719970703125,-136.8401336669922,-163.46478271484375,95.62494659423828
frame_001607.png,125.87881469726562,83.04430389404297,-137.37721252441406,-136.93162536621094,-163.5790557861328,95.69609069824219
frame_001608.png,125.93226623535156,83.08349609375,-137.438232421875,-137.02218627929688,-163.69419860839844,95.76616668701172
frame_001609.png,125.98583221435547,83.122314453125,-137.4987335205078,-137.1102752685547,-163.80975341796875,95.83502197265625
frame_001610.png,126.04010009765625,83.16120910644531,-137.55857849121094,-137.1972198486328,-163.9261016845703,95.90203094482422
frame_001611.png,126.09564208984375,83.20069885253906,-137.6190948486328,-137.28221130371094,-164.04261779785156,95.96678924560547
frame_001612.png,126.1543197631836,83.23949432373047,-137.68124389648438,-137.36402893066406,-164.1603546142578,96.02934265136719
frame_001613.png,126.21610260009766,83.27909851074219,-137.7449951171875,-137.44235229492188,-164.2782745361328,96.08881378173828
frame_001614.png,126.2802963256836,83.3199462890625,-137.8108367919922,-137.5182342529297,-164.3974151611328,96.14606475830078
frame_001615.png,126.34501647949219,83.36051940917969,-137.87847900390625,-137.5926055908203,-164.518310546875,96.2022476196289
frame_001616.png,126.40989685058594,83.40044403076172,-137.9464111328125,-137.66477966308594,-164.63987731933594,96.25855255126953
frame_001617.png,126.47389221191406,83.44022369384766,-138.0137176513672,-137.7349853515625,-164.761474609375,96.31523132324219
frame_001618.png,126.5367202758789,83.47864532470703,-138.08108520507812,-137.80401611328125,-164.8828582763672,96.37420654296875
frame_001619.png,126.5986328125,83.51522064208984,-138.14913940429688,-137.8713836669922,-165.006103515625,96.4344253540039
frame_001620.png,126.65939331054688,83.55166625976562,-138.21791076660156,-137.93505859375,-165.13125610351562,96.49542236328125
frame_001621.png,126.7201919555664,83.59151458740234,-138.2881622314453,-137.9971923828125,-165.25607299804688,96.55497741699219
frame_001622.png,126.78057098388672,83.6337661743164,-138.35977172851562,-138.05743408203125,-165.380126953125,96.61495971679688
frame_001623.png,126.84194946289062,83.67850494384766,-138.43344116210938,-138.11895751953125,-165.50216674804688,96.67430877685547
frame_001624.png,126.9054946899414,83.72392272949219,-138.50836181640625,-138.17935180664062,-165.62139892578125,96.73194122314453
frame_001625.png,126.96927642822266,83.77139282226562,-138.58372497558594,-138.23753356933594,-165.73716735839844,96.78878021240234
frame_001626.png,127.0318603515625,83.82013702392578,-138.66000366210938,-138.2933349609375,-165.85536193847656,96.84611511230469
frame_001627.png,127.09394836425781,83.8700942993164,-138.73776245117188,-138.3472137451172,-165.97434997558594,96.90513610839844
frame_001628.png,127.15303802490234,83.92427825927734,-138.81689453125,-138.40174865722656,-166.0920867919922,96.96698760986328
frame_001629.png,127.21195983886719,83.98161315917969,-138.89874267578125,-138.4525146484375,-166.2093963623047,97.03219604492188
frame_001630.png,127.27165222167969,84.04121398925781,-138.9801788330078,-138.50213623046875,-166.32594299316406,97.0993423461914
frame_001631.png,127.33113861083984,84.10174560546875,-139.06350708007812,-138.55404663085938,-166.44122314453125,97.1644515991211
frame_001632.png,127.3895034790039,84.16162872314453,-139.14996337890625,-138.60870361328125,-166.55442810058594,97.22723388671875
frame_001633.png,127.44538879394531,84.2218017578125,-139.23660278320312,-138.66688537597656,-166.6645050048828,97.29058074951172
frame_001634.png,127.4996566772461,84.28016662597656,-139.32473754882812,-138.72854614257812,-166.77210998535156,97.35408020019531
frame_001635.png,127.55281066894531,84.3351058959961,-139.41184997558594,-138.7939910888672,-166.87820434570312,97.41824340820312
frame_001636.png,127.60782623291016,84.38703155517578,-139.49623107910156,-138.861083984375,-166.98233032226562,97.48420715332031
frame_001637.png,127.66397857666016,84.43951416015625,-139.57713317871094,-138.927001953125,-167.0850372314453,97.55319213867188
frame_001638.png,127.71965026855469,84.4919204711914,-139.65431213378906,-138.99073791503906,-167.18743896484375,97.62572479248047
frame_001639.png,127.77802276611328,84.54473114013672,-139.73048400878906,-139.0521697998047,-167.29049682617188,97.69847106933594
frame_001640.png,127.83995819091797,84.59718322753906,-139.80966186523438,-139.1101837158203,-167.38983154296875,97.76982879638672
frame_001641.png,127.90100860595703,84.65232849121094,-139.8882598876953,-139.16639709472656,-167.48635864257812,97.84074401855469
frame_001642.png,127.96342468261719,84.7079086303711,-139.96722412109375,-139.22071838378906,-167.58229064941406,97.9096450805664
frame_001643.png,128.02554321289062,84.76404571533203,-140.0474090576172,-139.27151489257812,-167.67813110351562,97.97759246826172
frame_001644.png,128.08560180664062,84.8213119506836,-140.12661743164062,-139.321533203125,-167.77430725097656,98.04405212402344
frame_001645.png,128.14059448242188,84.88101959228516,-140.202392578125,-139.37693786621094,-167.8753662109375,98.10789489746094
frame_001646.png,128.19259643554688,84.94380950927734,-140.2779541015625,-139.43824768066406,-167.97653198242188,98.17005920410156
frame_001647.png,128.2439727783203,85.01009368896484,-140.35548400878906,-139.49822998046875,-168.07791137695312,98.23245239257812
frame_001648.png,128.29403686523438,85.07819366455078,-140.4328155517578,-139.5596160888672,-168.177001953125,98.296875
frame_001649.png,128.34173583984375,85.14608764648438,-140.50604248046875,-139.62103271484375,-168.2769012451172,98.36116027832031
frame_001650.png,128.389404296875,85.21487426757812,-140.5792236328125,-139.6814422607422,-168.37771606445312,98.42476654052734
frame_001651.png,128.44110107421875,85.2863540649414,-140.65438842773438,-139.74411010742188,-168.47950744628906,98.48764038085938
frame_001652.png,128.4931640625,85.36002349853516,-140.72677612304688,-139.8113250732422,-168.5812225341797,98.55137634277344
frame_001653.png,128.54754638671875,85.43671417236328,-140.79989624023438,-139.88607788085938,-168.6792449951172,98.61719512939453
frame_001654.png,128.60098266601562,85.51193237304688,-140.87051391601562,-139.96836853027344,-168.77870178222656,98.68412017822266
frame_001655.png,128.65455627441406,85.58577728271484,-140.94151306152344,-140.05801391601562,-168.880859375,98.74822998046875
frame_001656.png,128.7100067138672,85.65762329101562,-141.01382446289062,-140.14743041992188,-168.9823760986328,98.8108139038086
frame_001657.png,128.76634216308594,85.72783660888672,-141.0892333984375,-140.22866821289062,-169.08428955078125,98.87481689453125
frame_001658.png,128.82591247558594,85.79589080810547,-141.16427612304688,-140.30299377441406,-169.18829345703125,98.93962097167969
frame_001659.png,128.89007568359375,85.86348724365234,-141.23995971679688,-140.3772735595703,-169.29458618164062,99.00469207763672
frame_001660.png,128.95655822753906,85.93001556396484,-141.3157958984375,-140.4535675048828,-169.40206909179688,99.06979370117188
frame_001661.png,129.02352905273438,85.99545288085938,-141.39466857910156,-140.52903747558594,-169.51089477539062,99.1374740600586
frame_001662.png,129.09507751464844,86.05760955810547,-141.4796142578125,-140.60189819335938,-169.61875915527344,99.20645141601562
frame_001663.png,129.16998291015625,86.12187957763672,-141.57156372070312,-140.66844177246094,-169.72145080566406,99.2745132446289
frame_001664.png,129.24627685546875,86.1844482421875,-141.6690216064453,-140.73550415039062,-169.8212890625,99.34199523925781
frame_001665.png,129.32528686523438,86.24301147460938,-141.77151489257812,-140.80645751953125,-169.91818237304688,99.40914916992188
frame_001666.png,129.40655517578125,86.3009262084961,-141.8778533935547,-140.87875366210938,-170.0167999267578,99.47454833984375
frame_001667.png,129.49024963378906,86.36125946044922,-141.98931884765625,-140.9534454345703,-170.1182861328125,99.53939056396484
frame_001668.png,129.57437133789062,86.42408752441406,-142.10179138183594,-141.0326690673828,-170.2191162109375,99.60275268554688
frame_001669.png,129.66014099121094,86.49039459228516,-142.2161102294922,-141.109619140625,-170.31866455078125,99.66510772705078
frame_001670.png,129.7497100830078,86.559814453125,-142.3310546875,-141.18453979492188,-170.41671752929688,99.7249526977539
frame_001671.png,129.84115600585938,86.63232421875,-142.45021057128906,-141.25942993164062,-170.51138305664062,99.78163146972656
frame_001672.png,129.93551635742188,86.70574951171875,-142.57379150390625,-141.33628845214844,-170.60704040527344,99.83319854736328
frame_001673.png,130.0322723388672,86.78022003173828,-142.70396423339844,-141.4132843017578,-170.70252990722656,99.88323974609375
frame_001674.png,130.12722778320312,86.85662841796875,-142.83570861816406,-141.49081420898438,-170.79750061035156,99.93354797363281
frame_001675.png,130.22264099121094,86.93566131591797,-142.96665954589844,-141.5697784423828,-170.8919677734375,99.9828109741211
frame_001676.png,130.3202667236328,87.01589965820312,-143.09841918945312,-141.6461944580078,-170.98814392089844,100.03097534179688
frame_001677.png,130.41958618164062,87.09658813476562,-143.22958374023438,-141.71958923339844,-171.08489990234375,100.07915496826172
frame_001678.png,130.52130126953125,87.17676544189453,-143.3607635498047,-141.7926025390625,-171.1827850341797,100.12818908691406
frame_001679.png,130.62391662597656,87.25713348388672,-143.49139404296875,-141.8665008544922,-171.2820281982422,100.17635345458984
frame_001680.png,130.72645568847656,87.33788299560547,-143.6238555908203,-141.94505310058594,-171.3821258544922,100.22171020507812
frame_001681.png,130.82797241210938,87.41910552978516,-143.7586669921875,-142.0275115966797,-171.4803924560547,100.2672119140625
frame_001682.png,130.93003845214844,87.49754333496094,-143.89418029785156,-142.1132049560547,-171.5782470703125,100.31388092041016
frame_001683.png,131.0318603515625,87.5740737915039,-144.02862548828125,-142.1995391845703,-171.67820739746094,100.36061096191406
frame_001684.png,131.13414001464844,87.6492691040039,-144.16258239746094,-142.28297424316406,-171.77798461914062,100.40987396240234
frame_001685.png,131.2368927001953,87.72129821777344,-144.29605102539062,-142.3660125732422,-171.87521362304688,100.46332550048828
frame_001686.png,131.3445587158203,87.78871154785156,-144.43060302734375,-142.4498291015625,-171.97119140625,100.51644134521484
frame_001687.png,131.45217895507812,87.85289764404297,-144.5596923828125,-142.53170776367188,-172.06558227539062,100.57168579101562
frame_001688.png,131.55921936035156,87.9130859375,-144.68606567382812,-142.61447143554688,-172.16212463378906,100.62886047363281
frame_001689.png,131.6661376953125,87.97742462158203,-144.81036376953125,-142.69363403320312,-172.2585906982422,100.68814849853516
frame_001690.png,131.77093505859375,88.04292297363281,-144.9357147216797,-142.76866149902344,-172.35374450683594,100.74754333496094
frame_001691.png,131.87217712402344,88.10941314697266,-145.06011962890625,-142.84744262695312,-172.4530792236328,100.80526733398438
frame_001692.png,131.97023010253906,88.1750259399414,-145.18519592285156,-142.9254150390625,-172.55673217773438,100.8628921508789
frame_001693.png,132.06915283203125,88.23806762695312,-145.3161163330078,-143.0013427734375,-172.6615447998047,100.92082214355469
frame_001694.png,132.17068481445312,88.2960433959961,-145.44476318359375,-143.0758819580078,-172.7644805908203,100.97689819335938
frame_001695.png,132.27516174316406,88.34943389892578,-145.570068359375,-143.14674377441406,-172.86990356445312,101.02689361572266
frame_001696.png,132.37782287597656,88.40361785888672,-145.69105529785156,-143.21527099609375,-172.9757537841797,101.07451629638672
frame_001697.png,132.47811889648438,88.45899963378906,-145.80776977539062,-143.28260803222656,-173.0810546875,101.12110900878906
frame_001698.png,132.57687377929688,88.5161361694336,-145.92098999023438,-143.3493194580078,-173.186279296875,101.16860961914062
frame_001699.png,132.67120361328125,88.57434844970703,-146.0321044921875,-143.4124755859375,-173.29591369628906,101.21437072753906
frame_001700.png,132.76058959960938,88.63516235351562,-146.13673400878906,-143.4792938232422,-173.40887451171875,101.25672149658203
frame_001701.png,132.844970703125,88.7006607055664,-146.23858642578125,-143.54891967773438,-173.52427673339844,101.29740905761719
frame_001702.png,132.92678833007812,88.76346588134766,-146.33934020996094,-143.62062072753906,-173.63754272460938,101.3413314819336
frame_001703.png,133.00442504882812,88.82257843017578,-146.43812561035156,-143.69349670410156,-173.7478790283203,101.39148712158203
frame_001704.png,133.0786895751953,88.8745346069336,-146.53028869628906,-143.77182006835938,-173.8536376953125,101.44817352294922
frame_001705.png,133.15145874023438,88.91920471191406,-146.61953735351562,-143.84889221191406,-173.9551544189453,101.50653076171875
frame_001706.png,133.2251434326172,88.96041870117188,-146.7075653076172,-143.92408752441406,-174.05178833007812,101.56548309326172
frame_001707.png,133.29710388183594,89.00785827636719,-146.7945556640625,-144.0023651123047,-174.14720153808594,101.62162017822266
frame_001708.png,133.36631774902344,89.05673217773438,-146.88233947753906,-144.08380126953125,-174.24215698242188,101.6755142211914
frame_001709.png,133.43606567382812,89.10469818115234,-146.97067260742188,-144.16696166992188,-174.34112548828125,101.72744750976562
frame_001710.png,133.50689697265625,89.15182495117188,-147.0581512451172,-144.2558135986328,-174.44122314453125,101.77839660644531
frame_001711.png,133.58091735839844,89.19784545898438,-147.14605712890625,-144.34213256835938,-174.53782653808594,101.82675170898438
frame_001712.png,133.66226196289062,89.23966979980469,-147.23338317871094,-144.42787170410156,-174.63059997558594,101.87545776367188
frame_001713.png,133.7483367919922,89.28314971923828,-147.32208251953125,-144.51217651367188,-174.7199249267578,101.92668914794922
frame_001714.png,133.837646484375,89.3329849243164,-147.4109344482422,-144.59371948242188,-174.81045532226562,101.97576141357422
frame_001715.png,133.92721557617188,89.38532257080078,-147.501953125,-144.67431640625,-174.900390625,102.02630615234375
frame_001716.png,134.01185607910156,89.44005584716797,-147.58987426757812,-144.75502014160156,-174.99131774902344,102.0769271850586
frame_001717.png,134.09124755859375,89.49649047851562,-147.674560546875,-144.83529663085938,-175.08758544921875,102.12615966796875
frame_001718.png,134.1702117919922,89.55323791503906,-147.75901794433594,-144.91397094726562,-175.18492126464844,102.17631530761719
frame_001719.png,134.24986267089844,89.60784912109375,-147.84353637695312,-144.9894561767578,-175.28526306152344,102.22566223144531
frame_001720.png,134.32630920410156,89.66230773925781,-147.93125915527344,-145.0665283203125,-175.38267517089844,102.2755355834961
frame_001721.png,134.40072631835938,89.7178726196289,-148.02047729492188,-145.14559936523438,-175.48138427734375,102.32472229003906
frame_001722.png,134.4781036376953,89.7748031616211,-148.11219787597656,-145.22442626953125,-175.58059692382812,102.37390899658203
frame_001723.png,134.5607147216797,89.83568572998047,-148.20738220214844,-145.30018615722656,-175.68215942382812,102.41776275634766
frame_001724.png,134.6499786376953,89.89735412597656,-148.30250549316406,-145.37315368652344,-175.78550720214844,102.4600601196289
frame_001725.png,134.7444305419922,89.96054077148438,-148.3922882080078,-145.44149780273438,-175.8888702392578,102.50201416015625
frame_001726.png,134.83914184570312,90.02498626708984,-148.47714233398438,-145.51089477539062,-175.99319458007812,102.5486831665039
frame_001727.png,134.93214416503906,90.088134765625,-148.56039428710938,-145.5823211669922,-176.09762573242188,102.59524536132812
frame_001728.png,135.02044677734375,90.14907836914062,-148.64089965820312,-145.65640258789062,-176.20286560058594,102.64313507080078
frame_001729.png,135.1027374267578,90.20732879638672,-148.71897888183594,-145.7294464111328,-176.310546875,102.6943359375
frame_001730.png,135.17929077148438,90.26383972167969,-148.7940673828125,-145.80453491210938,-176.4187774658203,102.74755859375
frame_001731.png,135.2518310546875,90.31265258789062,-148.86727905273438,-145.884033203125,-176.52798461914062,102.80528259277344
frame_001732.png,135.3233642578125,90.3555908203125,-148.94239807128906,-145.96575927734375,-176.63458251953125,102.86347198486328
frame_001733.png,135.393798828125,90.3966064453125,-149.0198211669922,-146.04830932617188,-176.73785400390625,102.91947937011719
frame_001734.png,135.4644317626953,90.4386215209961,-149.0990447998047,-146.13279724121094,-176.838623046875,102.97298431396484
frame_001735.png,135.53636169433594,90.48165130615234,-149.1808319091797,-146.2189178466797,-176.9381866455078,103.02603912353516
frame_001736.png,135.6106414794922,90.52214813232422,-149.2646484375,-146.30462646484375,-177.0375518798828,103.07899475097656
frame_001737.png,135.68638610839844,90.56106567382812,-149.34866333007812,-146.3897705078125,-177.13743591308594,103.13190460205078
frame_001738.png,135.76393127441406,90.59632110595703,-149.43344116210938,-146.47491455078125,-177.23886108398438,103.1832504272461
frame_001739.png,135.8474578857422,90.63172149658203,-149.52000427246094,-146.55699157714844,-177.34107971191406,103.23477935791016
frame_001740.png,135.9367218017578,90.6663818359375,-149.60946655273438,-146.6371612548828,-177.4422149658203,103.2862548828125
frame_001741.png,136.02993774414062,90.70021057128906,-149.70188903808594,-146.71453857421875,-177.54124450683594,103.3384780883789
frame_001742.png,136.12681579589844,90.73432159423828,-149.7954559326172,-146.79151916503906,-177.63868713378906,103.39225006103516
frame_001743.png,136.2262725830078,90.77030944824219,-149.8888702392578,-146.86795043945312,-177.7332000732422,103.44583129882812
frame_001744.png,136.32713317871094,90.80706787109375,-149.9803466796875,-146.94398498535156,-177.82833862304688,103.49966430664062
frame_001745.png,136.42906188964844,90.84202575683594,-150.07073974609375,-147.01852416992188,-177.92520141601562,103.55579376220703
frame_001746.png,136.5325469970703,90.87592315673828,-150.16172790527344,-147.08924865722656,-178.02328491210938,103.61439514160156
frame_001747.png,136.63771057128906,90.90953826904297,-150.25436401367188,-147.16015625,-178.12069702148438,103.67465209960938
frame_001748.png,136.74549865722656,90.94581604003906,-150.3477783203125,-147.23025512695312,-178.21519470214844,103.73558807373047
frame_001749.png,136.85260009765625,90.9848861694336,-150.44003295898438,-147.3006591796875,-178.3095245361328,103.79562377929688
frame_001750.png,136.95860290527344,91.02725982666016,-150.53025817871094,-147.37197875976562,-178.4027099609375,103.85450744628906
frame_001751.png,137.0635986328125,91.07197570800781,-150.6193084716797,-147.44529724121094,-178.4962615966797,103.91179656982422
frame_001752.png,137.16673278808594,91.11840057373047,-150.70831298828125,-147.5176544189453,-178.5891876220703,103.96765899658203
frame_001753.png,137.2696990966797,91.16402435302734,-150.79759216308594,-147.58567810058594,-178.6817626953125,104.02237701416016
frame_001754.png,137.37086486816406,91.20938873291016,-150.8842315673828,-147.65391540527344,-178.7747344970703,104.07380676269531
frame_001755.png,137.4717254638672,91.2542953491211,-150.96688842773438,-147.72215270996094,-178.86859130859375,104.12255859375
frame_001756.png,137.57339477539062,91.29694366455078,-151.04881286621094,-147.7877197265625,-178.96177673339844,104.16963958740234
frame_001757.png,137.67251586914062,91.33807373046875,-151.13186645507812,-147.8534698486328,-179.0540313720703,104.21797943115234
frame_001758.png,137.7663116455078,91.37859344482422,-151.21368408203125,-147.9234161376953,-179.14407348632812,104.267578125
frame_001759.png,137.8559112548828,91.41761779785156,-151.29457092285156,-147.99732971191406,-179.23207092285156,104.32023620605469
frame_001760.png,137.94232177734375,91.4529800415039,-151.377685546875,-148.0719451904297,-179.31854248046875,104.37464904785156
frame_001761.png,138.0272674560547,91.48637390136719,-151.4639434814453,-148.14646911621094,-179.4033966064453,104.42903900146484
frame_001762.png,138.10836791992188,91.51708984375,-151.54994201660156,-148.2223358154297,-179.48876953125,104.48136901855469
frame_001763.png,138.1869659423828,91.54676055908203,-151.6358184814453,-148.29811096191406,-179.57859802246094,104.53131103515625
frame_001764.png,138.2652587890625,91.57585906982422,-151.7213134765625,-148.3752899169922,-179.67213439941406,104.58026885986328
frame_001765.png,138.3434295654297,91.60531616210938,-151.8064727783203,-148.45248413085938,-179.7689666748047,104.62824249267578
frame_001766.png,138.4211883544922,91.63356018066406,-151.88876342773438,-148.5350799560547,-179.8665771484375,104.67611694335938
frame_001767.png,138.49916076660156,91.6610336303711,-151.9672393798828,-148.62118530273438,-179.96653747558594,104.72643280029297
frame_001768.png,138.5778045654297,91.68983459472656,-152.04344177246094,-148.70838928222656,-180.0705108642578,104.77842712402344
frame_001769.png,138.65631103515625,91.72008514404297,-152.1160125732422,-148.79653930664062,-180.1749725341797,104.83189392089844
frame_001770.png,138.73312377929688,91.75383758544922,-152.18626403808594,-148.8826904296875,-180.2783203125,104.88538360595703
frame_001771.png,138.80821228027344,91.78939819335938,-152.2547149658203,-148.9650115966797,-180.38204956054688,104.93793487548828
frame_001772.png,138.88165283203125,91.82744598388672,-152.3207244873047,-149.04229736328125,-180.48765563964844,104.99178314208984
frame_001773.png,138.95388793945312,91.86563873291016,-152.3857421875,-149.11451721191406,-180.59535217285156,105.04700469970703
frame_001774.png,139.02566528320312,91.90713500976562,-152.45057678222656,-149.1852264404297,-180.70571899414062,105.10453796386719
frame_001775.png,139.09605407714844,91.949951171875,-152.51661682128906,-149.25677490234375,-180.8188018798828,105.1650390625
frame_001776.png,139.16921997070312,91.99330139160156,-152.58657836914062,-149.32525634765625,-180.93141174316406,105.2248764038086
frame_001777.png,139.24371337890625,92.03543853759766,-152.65997314453125,-149.3919677734375,-181.04171752929688,105.28339385986328
frame_001778.png,139.31768798828125,92.07661437988281,-152.73629760742188,-149.45700073242188,-181.15049743652344,105.33686065673828
frame_001779.png,139.39120483398438,92.11717224121094,-152.81787109375,-149.5172882080078,-181.25718688964844,105.38595581054688
frame_001780.png,139.46432495117188,92.15725708007812,-152.9033660888672,-149.5732421875,-181.3643035888672,105.43125915527344
frame_001781.png,139.53762817382812,92.19801330566406,-152.99119567871094,-149.6256866455078,-181.47332763671875,105.47268676757812
frame_001782.png,139.61325073242188,92.24026489257812,-153.08163452148438,-149.67552185058594,-181.5865478515625,105.51083374023438
frame_001783.png,139.6910858154297,92.28373718261719,-153.175048828125,-149.7232666015625,-181.70248413085938,105.54733276367188
frame_001784.png,139.77069091796875,92.32685089111328,-153.27032470703125,-149.77117919921875,-181.81890869140625,105.58403778076172
frame_001785.png,139.84971618652344,92.36919403076172,-153.3657989501953,-149.8216094970703,-181.93478393554688,105.62165832519531
frame_001786.png,139.9283447265625,92.41350555419922,-153.459228515625,-149.87454223632812,-182.04664611816406,105.66307830810547
frame_001787.png,140.00611877441406,92.45989227294922,-153.55319213867188,-149.9280242919922,-182.15382385253906,105.71198272705078
frame_001788.png,140.08331298828125,92.50431823730469,-153.6439666748047,-149.9845733642578,-182.25775146484375,105.7630386352539
frame_001789.png,140.16217041015625,92.54739379882812,-153.7314910888672,-150.04644775390625,-182.3561248779297,105.81436157226562
frame_001790.png,140.24429321289062,92.58832550048828,-153.82012939453125,-150.10975646972656,-182.45590209960938,105.86811828613281
frame_001791.png,140.3266143798828,92.6274185180664,-153.912109375,-150.1748809814453,-182.55833435058594,105.92202758789062
frame_001792.png,140.4099884033203,92.66448211669922,-154.00448608398438,-150.23593139648438,-182.66661071777344,105.97437286376953
frame_001793.png,140.4944305419922,92.70159149169922,-154.09689331054688,-150.29649353027344,-182.77392578125,106.02784729003906
frame_001794.png,140.57899475097656,92.73906707763672,-154.18922424316406,-150.35816955566406,-182.8792266845703,106.08252716064453
frame_001795.png,140.66177368164062,92.77232360839844,-154.28118896484375,-150.41578674316406,-182.98101806640625,106.13763427734375
frame_001796.png,140.74742126464844,92.80323028564453,-154.36990356445312,-150.47137451171875,-183.0859832763672,106.19092559814453
frame_001797.png,140.83470153808594,92.83578491210938,-154.45823669433594,-150.52896118164062,-183.18942260742188,106.24356842041016
frame_001798.png,140.92501831054688,92.86843872070312,-154.54681396484375,-150.5854034423828,-183.2930908203125,106.29645538330078
frame_001799.png,141.01731872558594,92.90062713623047,-154.6336669921875,-150.64303588867188,-183.3975067138672,106.34930419921875
frame_001800.png,141.1077880859375,92.93295288085938,-154.7185516357422,-150.70338439941406,-183.49807739257812,106.4025650024414
frame_001801.png,141.19891357421875,92.96560668945312,-154.80409240722656,-150.76675415039062,-183.5965576171875,106.45706939697266
frame_001802.png,141.28785705566406,92.99822235107422,-154.88819885253906,-150.82937622070312,-183.6942901611328,106.51482391357422
frame_001803.png,141.37564086914062,93.02996063232422,-154.9732666015625,-150.89431762695312,-183.79063415527344,106.5765151977539
frame_001804.png,141.46224975585938,93.0612564086914,-155.0590057373047,-150.96023559570312,-183.8870086669922,106.64208221435547
frame_001805.png,141.54808044433594,93.0923080444336,-155.1436309814453,-151.02772521972656,-183.9818878173828,106.71136474609375
frame_001806.png,141.631103515625,93.12541961669922,-155.22669982910156,-151.09764099121094,-184.07359313964844,106.78080749511719
frame_001807.png,141.71080017089844,93.16104888916016,-155.30877685546875,-151.16766357421875,-184.1623992919922,106.850830078125
frame_001808.png,141.7884063720703,93.19847869873047,-155.38894653320312,-151.2410430908203,-184.2485809326172,106.92045593261719
frame_001809.png,141.8640899658203,93.23797607421875,-155.4657745361328,-151.31820678710938,-184.33282470703125,106.98877716064453
frame_001810.png,141.93797302246094,93.28096008300781,-155.5389404296875,-151.39739990234375,-184.4179229736328,107.0548324584961
frame_001811.png,142.0106658935547,93.32677459716797,-155.61094665527344,-151.47520446777344,-184.50491333007812,107.11991119384766
frame_001812.png,142.07998657226562,93.37342834472656,-155.68170166015625,-151.5510711669922,-184.59555053710938,107.18745422363281
frame_001813.png,142.15005493164062,93.4198989868164,-155.7516632080078,-151.62435913085938,-184.68736267089844,107.25862884521484
frame_001814.png,142.22207641601562,93.46337127685547,-155.8251953125,-151.6957550048828,-184.780029296875,107.33515167236328
frame_001815.png,142.29640197753906,93.50762939453125,-155.9054412841797,-151.7666473388672,-184.86917114257812,107.4161605834961
frame_001816.png,142.37429809570312,93.55235290527344,-155.99070739746094,-151.8373260498047,-184.95587158203125,107.497802734375
frame_001817.png,142.45489501953125,93.59599304199219,-156.07626342773438,-151.90753173828125,-185.04226684570312,107.57903289794922
frame_001818.png,142.5384063720703,93.63722229003906,-156.159912109375,-151.9750518798828,-185.1302947998047,107.65708923339844
frame_001819.png,142.62545776367188,93.67371368408203,-156.24501037597656,-152.0417938232422,-185.21812438964844,107.7309341430664
frame_001820.png,142.7142791748047,93.70475006103516,-156.3292694091797,-152.10821533203125,-185.3095245361328,107.80194854736328
frame_001821.png,142.8018035888672,93.73229217529297,-156.41111755371094,-152.17794799804688,-185.40225219726562,107.86980438232422
frame_001822.png,142.8889923095703,93.76168823242188,-156.49176025390625,-152.25076293945312,-185.49647521972656,107.93549346923828
frame_001823.png,142.9767608642578,93.7919921875,-156.57305908203125,-152.3216094970703,-185.59214782714844,107.9994125366211
frame_001824.png,143.06887817382812,93.82013702392578,-156.6559295654297,-152.39126586914062,-185.6868133544922,108.0625
frame_001825.png,143.1656494140625,93.84617614746094,-156.74002075195312,-152.46054077148438,-185.78384399414062,108.12509155273438
frame_001826.png,143.26235961914062,93.8712158203125,-156.82717895507812,-152.5289306640625,-185.8812713623047,108.18611907958984
frame_001827.png,143.3594512939453,93.89433288574219,-156.9165802001953,-152.5946502685547,-185.9777069091797,108.24995422363281
frame_001828.png,143.45384216308594,93.91621398925781,-157.00587463378906,-152.65847778320312,-186.072021484375,108.31694030761719
frame_001829.png,143.54669189453125,93.93728637695312,-157.09642028808594,-152.7206268310547,-186.16664123535156,108.38570404052734
frame_001830.png,143.6392059326172,93.96099853515625,-157.1869659423828,-152.78248596191406,-186.2579803466797,108.45181274414062
frame_001831.png,143.728271484375,93.98753356933594,-157.2794952392578,-152.84471130371094,-186.3480987548828,108.5176010131836
frame_001832.png,143.81576538085938,94.01902770996094,-157.37461853027344,-152.90626525878906,-186.43951416015625,108.58401489257812
frame_001833.png,143.90313720703125,94.0545654296875,-157.47195434570312,-152.96658325195312,-186.53602600097656,108.65082550048828
frame_001834.png,143.98992919921875,94.09082794189453,-157.56924438476562,-153.0287322998047,-186.63783264160156,108.71852111816406
frame_001835.png,144.080078125,94.12345123291016,-157.6653289794922,-153.094482421875,-186.74720764160156,108.78649139404297
frame_001836.png,144.1736602783203,94.15357971191406,-157.76205444335938,-153.16473388671875,-186.8601837158203,108.85700225830078
frame_001837.png,144.26739501953125,94.18151092529297,-157.85757446289062,-153.23765563964844,-186.97357177734375,108.92866516113281
frame_001838.png,144.3600616455078,94.20710754394531,-157.9505157470703,-153.31301879882812,-187.08985900878906,108.99949645996094
frame_001839.png,144.45091247558594,94.23201751708984,-158.04100036621094,-153.3938446044922,-187.2071990966797,109.06758880615234
frame_001840.png,144.5401153564453,94.25704956054688,-158.12831115722656,-153.47955322265625,-187.3234100341797,109.13330841064453
frame_001841.png,144.62693786621094,94.28286743164062,-158.21331787109375,-153.56947326660156,-187.43797302246094,109.19805908203125
frame_001842.png,144.7108154296875,94.3093032836914,-158.2971649169922,-153.66171264648438,-187.55142211914062,109.26197052001953
frame_001843.png,144.79371643066406,94.33911895751953,-158.38150024414062,-153.7526397705078,-187.66368103027344,109.32618713378906
frame_001844.png,144.87655639648438,94.36961364746094,-158.46514892578125,-153.84019470214844,-187.77761840820312,109.39042663574219
frame_001845.png,144.95909118652344,94.400146484375,-158.55157470703125,-153.92477416992188,-187.88925170898438,109.45581817626953
frame_001846.png,145.0410614013672,94.4305648803711,-158.6383056640625,-154.0086212158203,-187.99917602539062,109.52039337158203
frame_001847.png,145.1240234375,94.46383666992188,-158.7272186279297,-154.09176635742188,-188.10887145996094,109.58554077148438
frame_001848.png,145.20779418945312,94.50196838378906,-158.8182373046875,-154.1733856201172,-188.21922302246094,109.64908599853516
frame_001849.png,145.2912139892578,94.54100036621094,-158.91061401367188,-154.25608825683594,-188.32765197753906,109.71414184570312
frame_001850.png,145.37530517578125,94.57913970947266,-159.0020294189453,-154.33697509765625,-188.4342803955078,109.77891540527344
frame_001851.png,145.46141052246094,94.61520385742188,-159.09156799316406,-154.41375732421875,-188.5380401611328,109.84408569335938
frame_001852.png,145.54991149902344,94.65176391601562,-159.18150329589844,-154.4913330078125,-188.6389923095703,109.90930938720703
frame_001853.png,145.63990783691406,94.68795776367188,-159.26861572265625,-154.5704345703125,-188.73870849609375,109.97408294677734
frame_001854.png,145.73028564453125,94.7227783203125,-159.35360717773438,-154.6488494873047,-188.83914184570312,110.03986358642578
frame_001855.png,145.82131958007812,94.75748443603516,-159.43695068359375,-154.7254180908203,-188.9430389404297,110.10590362548828
frame_001856.png,145.91380310058594,94.78997039794922,-159.52102661132812,-154.79672241210938,-189.04884338378906,110.17491149902344
frame_001857.png,146.00904846191406,94.82003021240234,-159.6074981689453,-154.86793518066406,-189.15211486816406,110.24507141113281
frame_001858.png,146.10885620117188,94.8466567993164,-159.69349670410156,-154.93817138671875,-189.253173828125,110.31249237060547
frame_001859.png,146.20916748046875,94.87657928466797,-159.7801971435547,-155.00611877441406,-189.35403442382812,110.37995147705078
frame_001860.png,146.3084259033203,94.91167449951172,-159.86898803710938,-155.0756378173828,-189.4527587890625,110.44823455810547
frame_001861.png,146.40625,94.95146942138672,-159.95806884765625,-155.1483612060547,-189.5516357421875,110.51692962646484
frame_001862.png,146.5038604736328,94.99373626708984,-160.04776000976562,-155.2222137451172,-189.64944458007812,110.58432006835938
frame_001863.png,146.60118103027344,95.03644561767578,-160.1364288330078,-155.2960968017578,-189.7430877685547,110.65242004394531
frame_001864.png,146.69671630859375,95.07887268066406,-160.22340393066406,-155.37013244628906,-189.83639526367188,110.72068786621094
frame_001865.png,146.7901153564453,95.12137603759766,-160.309326171875,-155.4474639892578,-189.93215942382812,110.78955078125
frame_001866.png,146.88510131835938,95.16529083251953,-160.3933563232422,-155.5250244140625,-190.0283660888672,110.85826873779297
frame_001867.png,146.9829864501953,95.21066284179688,-160.47572326660156,-155.60142517089844,-190.12330627441406,110.92820739746094
frame_001868.png,147.08424377441406,95.2576675415039,-160.55572509765625,-155.6763916015625,-190.21749877929688,111.00003814697266
frame_001869.png,147.1856231689453,95.30479431152344,-160.63519287109375,-155.75144958496094,-190.31198120117188,111.07145690917969
frame_001870.png,147.28460693359375,95.35111236572266,-160.7146453857422,-155.82608032226562,-190.40541076660156,111.14419555664062
frame_001871.png,147.38031005859375,95.39553833007812,-160.79603576660156,-155.90232849121094,-190.49636840820312,111.21701049804688
frame_001872.png,147.47259521484375,95.44033813476562,-160.8783721923828,-155.97943115234375,-190.585693359375,111.29058074951172
frame_001873.png,147.5654296875,95.48501586914062,-160.95965576171875,-156.0569610595703,-190.6758270263672,111.36492919921875
frame_001874.png,147.6605682373047,95.52796173095703,-161.04220581054688,-156.13153076171875,-190.7662353515625,111.43902587890625
frame_001875.png,147.75619506835938,95.56710052490234,-161.12234497070312,-156.20384216308594,-190.8586883544922,111.51506805419922
frame_001876.png,147.8527069091797,95.60328674316406,-161.20242309570312,-156.27235412597656,-190.95445251464844,111.58834075927734
frame_001877.png,147.94747924804688,95.63897705078125,-161.2833251953125,-156.3401641845703,-191.05393981933594,111.6603012084961
frame_001878.png,148.0445098876953,95.67347717285156,-161.36477661132812,-156.407470703125,-191.1544952392578,111.72893524169922
frame_001879.png,148.14170837402344,95.70626068115234,-161.44381713867188,-156.4755401611328,-191.25433349609375,111.79458618164062
frame_001880.png,148.24063110351562,95.73989868164062,-161.52337646484375,-156.54917907714844,-191.35606384277344,111.858642578125
frame_001881.png,148.34107971191406,95.77511596679688,-161.60214233398438,-156.62872314453125,-191.45904541015625,111.91921997070312
frame_001882.png,148.4430694580078,95.81097412109375,-161.68064880371094,-156.71437072753906,-191.5616455078125,111.97908020019531
frame_001883.png,148.54661560058594,95.84679412841797,-161.7599334716797,-156.8030548095703,-191.66416931152344,112.03860473632812
frame_001884.png,148.65052795410156,95.88043212890625,-161.84255981445312,-156.88803100585938,-191.76693725585938,112.09966278076172
frame_001885.png,148.75160217285156,95.91068267822266,-161.92532348632812,-156.9677276611328,-191.8721466064453,112.16059875488281
frame_001886.png,148.85137939453125,95.939453125,-162.00936889648438,-157.0452423095703,-191.9772491455078,112.22190856933594
frame_001887.png,148.9510040283203,95.96697235107422,-162.09591674804688,-157.1177215576172,-192.07901000976562,112.28515625
frame_001888.png,149.04934692382812,95.99447631835938,-162.1829833984375,-157.18939208984375,-192.17990112304688,112.34916687011719
frame_001889.png,149.14500427246094,96.02129364013672,-162.26962280273438,-157.2588348388672,-192.27822875976562,112.41545867919922
frame_001890.png,149.23719787597656,96.05189514160156,-162.35659790039062,-157.3274383544922,-192.3756866455078,112.48116302490234
frame_001891.png,149.32571411132812,96.08443450927734,-162.4408416748047,-157.39498901367188,-192.47389221191406,112.54582977294922
frame_001892.png,149.4109344482422,96.11857604980469,-162.52381896972656,-157.45938110351562,-192.5772247314453,112.61026763916016
frame_001893.png,149.49349975585938,96.15470123291016,-162.6079864501953,-157.52731323242188,-192.68519592285156,112.67598724365234
frame_001894.png,149.57418823242188,96.19363403320312,-162.69602966308594,-157.59815979003906,-192.7977752685547,112.73999786376953
frame_001895.png,149.65283203125,96.2327651977539,-162.78656005859375,-157.66876220703125,-192.91514587402344,112.80403900146484
frame_001896.png,149.7308807373047,96.27062225341797,-162.87550354003906,-157.7418212890625,-193.03482055664062,112.86923217773438
frame_001897.png,149.81011962890625,96.31204986572266,-162.96319580078125,-157.81686401367188,-193.1551513671875,112.93196868896484
frame_001898.png,149.89117431640625,96.35674285888672,-163.0518035888672,-157.8932647705078,-193.27517700195312,112.99429321289062
frame_001899.png,149.97549438476562,96.40054321289062,-163.14060974121094,-157.9698944091797,-193.394287109375,113.05702209472656
frame_001900.png,150.06317138671875,96.44164276123047,-163.22825622558594,-158.04896545410156,-193.51174926757812,113.11821746826172
frame_001901.png,150.154541015625,96.48091888427734,-163.31472778320312,-158.12889099121094,-193.6271514892578,113.17832946777344
frame_001902.png,150.24899291992188,96.51888275146484,-163.3995361328125,-158.2118682861328,-193.7381134033203,113.23809051513672
frame_001903.png,150.3461151123047,96.55561828613281,-163.48348999023438,-158.29623413085938,-193.84852600097656,113.29617309570312
frame_001904.png,150.44412231445312,96.5914535522461,-163.56846618652344,-158.380126953125,-193.96035766601562,113.35262298583984
frame_001905.png,150.54246520996094,96.62604522705078,-163.6573944091797,-158.46157836914062,-194.0730438232422,113.40782165527344
frame_001906.png,150.6407470703125,96.66002655029297,-163.75076293945312,-158.54002380371094,-194.188720703125,113.46257781982422
frame_001907.png,150.7381591796875,96.69255828857422,-163.8466796875,-158.6144256591797,-194.30755615234375,113.51734161376953
frame_001908.png,150.8360595703125,96.72400665283203,-163.9437255859375,-158.6860809326172,-194.42808532714844,113.57335662841797
frame_001909.png,150.9346923828125,96.75593566894531,-164.0446319580078,-158.75527954101562,-194.55001831054688,113.62976837158203
frame_001910.png,151.03329467773438,96.78784942626953,-164.14788818359375,-158.82461547851562,-194.67259216308594,113.6864242553711
frame_001911.png,151.1323699951172,96.82013702392578,-164.2515106201172,-158.89649963378906,-194.7933349609375,113.7425308227539
frame_001912.png,151.228515625,96.8513412475586,-164.3502960205078,-158.9740447998047,-194.91087341308594,113.79743194580078
frame_001913.png,151.3200225830078,96.88232421875,-164.44288635253906,-159.05593872070312,-195.02481079101562,113.85031127929688
frame_001914.png,151.40695190429688,96.91395568847656,-164.5272979736328,-159.14114379882812,-195.13827514648438,113.9026107788086
frame_001915.png,151.4912872314453,96.94722747802734,-164.60586547851562,-159.22959899902344,-195.25242614746094,113.95413970947266
frame_001916.png,151.57420349121094,96.98091888427734,-164.68035888671875,-159.31948852539062,-195.3679656982422,114.00581359863281
frame_001917.png,151.65829467773438,97.01419067382812,-164.7554931640625,-159.40708923339844,-195.4840087890625,114.06219482421875
frame_001918.png,151.74302673339844,97.04654693603516,-164.83226013183594,-159.49237060546875,-195.599365234375,114.12229919433594
frame_001919.png,151.82923889160156,97.07817077636719,-164.91159057617188,-159.57496643066406,-195.71389770507812,114.18634796142578
frame_001920.png,151.91709899902344,97.11097717285156,-164.99473571777344,-159.6570281982422,-195.82760620117188,114.25364685058594
frame_001921.png,152.00323486328125,97.14612579345703,-165.07952880859375,-159.74085998535156,-195.9389190673828,114.32442474365234
frame_001922.png,152.08767700195312,97.18525695800781,-165.165771484375,-159.82330322265625,-196.0492401123047,114.3973159790039
frame_001923.png,152.17120361328125,97.22781372070312,-165.2543182373047,-159.90484619140625,-196.15850830078125,114.47286224365234
frame_001924.png,152.253662109375,97.27233123779297,-165.344970703125,-159.98471069335938,-196.26516723632812,114.55007934570312
frame_001925.png,152.3360137939453,97.31734466552734,-165.43630981445312,-160.06494140625,-196.3710479736328,114.62553405761719
frame_001926.png,152.41766357421875,97.36185455322266,-165.52679443359375,-160.1468505859375,-196.47605895996094,114.70049285888672
frame_001927.png,152.49754333496094,97.4041976928711,-165.61505126953125,-160.2291717529297,-196.57943725585938,114.7741470336914
frame_001928.png,152.57765197753906,97.44490051269531,-165.7011260986328,-160.3101043701172,-196.68202209472656,114.84650421142578
frame_001929.png,152.65908813476562,97.48410034179688,-165.7843017578125,-160.3886260986328,-196.78407287597656,114.91667938232422
frame_001930.png,152.74142456054688,97.52176666259766,-165.8663787841797,-160.46571350097656,-196.88587951660156,114.98596954345703
frame_001931.png,152.82447814941406,97.55622100830078,-165.94723510742188,-160.5404052734375,-196.98770141601562,115.05548858642578
frame_001932.png,152.90750122070312,97.58892059326172,-166.02691650390625,-160.61375427246094,-197.08909606933594,115.12490844726562
frame_001933.png,152.9904327392578,97.6220932006836,-166.1071014404297,-160.6853485107422,-197.190673828125,115.19464874267578
frame_001934.png,153.07150268554688,97.6572265625,-166.18495178222656,-160.75950622558594,-197.29237365722656,115.26240539550781
frame_001935.png,153.15264892578125,97.69136810302734,-166.2608184814453,-160.8343048095703,-197.39637756347656,115.3271484375
frame_001936.png,153.23468017578125,97.72505187988281,-166.3384246826172,-160.91384887695312,-197.50067138671875,115.3909912109375
frame_001937.png,153.31698608398438,97.76055908203125,-166.41635131835938,-160.9971923828125,-197.60626220703125,115.45537567138672
frame_001938.png,153.40252685546875,97.79740142822266,-166.49659729003906,-161.08370971679688,-197.71243286132812,115.52291870117188
frame_001939.png,153.4929656982422,97.83584594726562,-166.58074951171875,-161.17047119140625,-197.81919860839844,115.58927154541016
frame_001940.png,153.5863037109375,97.87686157226562,-166.6665802001953,-161.25888061523438,-197.9284210205078,115.65579986572266
frame_001941.png,153.6786651611328,97.91985321044922,-166.75411987304688,-161.3490753173828,-198.03944396972656,115.72413635253906
frame_001942.png,153.7689208984375,97.9636459350586,-166.8429412841797,-161.43946838378906,-198.148681640625,115.79251861572266
frame_001943.png,153.85643005371094,98.00691986083984,-166.9324493408203,-161.5310516357422,-198.25491333007812,115.85894012451172
frame_001944.png,153.9409637451172,98.05007934570312,-167.02218627929688,-161.62155151367188,-198.35931396484375,115.92201232910156
frame_001945.png,154.0224151611328,98.09471130371094,-167.11395263671875,-161.7091522216797,-198.4626922607422,115.98359680175781
frame_001946.png,154.10272216796875,98.14070892333984,-167.20785522460938,-161.7941131591797,-198.5658721923828,116.04659271240234
frame_001947.png,154.18177795410156,98.18728637695312,-167.3009796142578,-161.87686157226562,-198.66990661621094,116.11284637451172
frame_001948.png,154.260986328125,98.23514556884766,-167.3935546875,-161.95700073242188,-198.77528381347656,116.18054962158203
frame_001949.png,154.34078979492188,98.28181457519531,-167.48497009277344,-162.0356903076172,-198.88307189941406,116.24810028076172
frame_001950.png,154.42214965820312,98.32939147949219,-167.575927734375,-162.11407470703125,-198.99264526367188,116.3153076171875
frame_001951.png,154.5037078857422,98.37686920166016,-167.6675567626953,-162.19198608398438,-199.10411071777344,116.38262176513672
frame_001952.png,154.5862579345703,98.42219543457031,-167.7610321044922,-162.2689971923828,-199.21563720703125,116.45122528076172
frame_001953.png,154.6696014404297,98.46552276611328,-167.85560607910156,-162.34307861328125,-199.32814025878906,116.52021026611328
frame_001954.png,154.75218200683594,98.50767517089844,-167.94969177246094,-162.4156036376953,-199.44357299804688,116.58814239501953
frame_001955.png,154.83340454101562,98.54949951171875,-168.04148864746094,-162.4894561767578,-199.5603790283203,116.65364074707031
frame_001956.png,154.91497802734375,98.58879852294922,-168.13119506835938,-162.56558227539062,-199.67764282226562,116.7201919555664
frame_001957.png,154.99716186523438,98.62632751464844,-168.22000122070312,-162.64434814453125,-199.79466247558594,116.78718566894531
frame_001958.png,155.07957458496094,98.66361236572266,-168.31019592285156,-162.72434997558594,-199.9087677001953,116.8531265258789
frame_001959.png,155.16259765625,98.70227813720703,-168.4024200439453,-162.80361938476562,-200.0194091796875,116.91845703125
frame_001960.png,155.24710083007812,98.7413330078125,-168.49610900878906,-162.88204956054688,-200.12669372558594,116.98336029052734
frame_001961.png,155.33201599121094,98.78062438964844,-168.5894317626953,-162.9584503173828,-200.23263549804688,117.04765319824219
frame_001962.png,155.41554260253906,98.82032012939453,-168.68116760253906,-163.03350830078125,-200.33892822265625,117.11074829101562
frame_001963.png,155.49978637695312,98.8590316772461,-168.77276611328125,-163.10829162597656,-200.4457244873047,117.17224884033203
frame_001964.png,155.58424377441406,98.89578247070312,-168.86376953125,-163.18353271484375,-200.55235290527344,117.23222351074219
frame_001965.png,155.66867065429688,98.92990112304688,-168.95370483398438,-163.25950622558594,-200.65847778320312,117.29187774658203
frame_001966.png,155.75291442871094,98.9623794555664,-169.04306030273438,-163.3361358642578,-200.7629852294922,117.35084533691406
frame_001967.png,155.83529663085938,98.9941635131836,-169.1312713623047,-163.41355895996094,-200.86508178710938,117.40885925292969
frame_001968.png,155.91561889648438,99.02616882324219,-169.2191162109375,-163.493408203125,-200.96392822265625,117.46611785888672
frame_001969.png,155.99447631835938,99.05963897705078,-169.30722045898438,-163.57473754882812,-201.06304931640625,117.52267456054688
frame_001970.png,156.07333374023438,99.09477996826172,-169.39695739746094,-163.65594482421875,-201.16354370117188,117.578125
frame_001971.png,156.15383911132812,99.13072967529297,-169.48741149902344,-163.7358856201172,-201.26722717285156,117.63349151611328
frame_001972.png,156.237060546875,99.16742706298828,-169.57733154296875,-163.81341552734375,-201.37283325195312,117.68804931640625
frame_001973.png,156.3224334716797,99.20558166503906,-169.66610717773438,-163.88836669921875,-201.4783172607422,117.74108123779297
frame_001974.png,156.40753173828125,99.24359893798828,-169.75218200683594,-163.9651336669922,-201.5824737548828,117.79341125488281
frame_001975.png,156.4930419921875,99.28006744384766,-169.8365478515625,-164.04315185546875,-201.68556213378906,117.8440933227539
frame_001976.png,156.5774688720703,99.31443786621094,-169.9192352294922,-164.12338256835938,-201.78826904296875,117.8937759399414
frame_001977.png,156.66070556640625,99.34779357910156,-170.00169372558594,-164.20423889160156,-201.89126586914062,117.94480895996094
frame_001978.png,156.7427520751953,99.38087463378906,-170.08543395996094,-164.28451538085938,-201.99391174316406,117.99964141845703
frame_001979.png,156.8245391845703,99.4129867553711,-170.17144775390625,-164.3656005859375,-202.09506225585938,118.05814361572266
frame_001980.png,156.906982421875,99.44417572021484,-170.25865173339844,-164.44869995117188,-202.19529724121094,118.11904907226562
frame_001981.png,156.99049377441406,99.47551727294922,-170.34695434570312,-164.53330993652344,-202.2959747314453,118.18101501464844
frame_001982.png,157.07440185546875,99.50776672363281,-170.43557739257812,-164.6173858642578,-202.39715576171875,118.24295043945312
frame_001983.png,157.15830993652344,99.53987121582031,-170.5234375,-164.70083618164062,-202.4984130859375,118.30546569824219
frame_001984.png,157.24240112304688,99.57235717773438,-170.6100616455078,-164.78294372558594,-202.599365234375,118.36920928955078
frame_001985.png,157.32595825195312,99.60506439208984,-170.69705200195312,-164.86180114746094,-202.7012176513672,118.4344253540039
frame_001986.png,157.40928649902344,99.63909912109375,-170.78396606445312,-164.9405517578125,-202.80300903320312,118.50101470947266
frame_001987.png,157.49398803710938,99.67525482177734,-170.8739471435547,-165.02001953125,-202.90354919433594,118.56836700439453
frame_001988.png,157.5819549560547,99.71308135986328,-170.9665069580078,-165.10089111328125,-203.00233459472656,118.63702392578125
frame_001989.png,157.6714630126953,99.75306701660156,-171.05990600585938,-165.18128967285156,-203.1006317138672,118.70658874511719
frame_001990.png,157.76377868652344,99.79462432861328,-171.15460205078125,-165.26011657714844,-203.19854736328125,118.77729034423828
frame_001991.png,157.85877990722656,99.83740234375,-171.2501678466797,-165.33607482910156,-203.29661560058594,118.84868621826172
frame_001992.png,157.95578002929688,99.88151550292969,-171.3466033935547,-165.40855407714844,-203.3960723876953,118.92041778564453
frame_001993.png,158.05450439453125,99.9267807006836,-171.44412231445312,-165.479248046875,-203.49810791015625,118.99164581298828
frame_001994.png,158.15505981445312,99.97283935546875,-171.5425262451172,-165.55064392089844,-203.60081481933594,119.06234741210938
frame_001995.png,158.2574920654297,100.0192642211914,-171.6420135498047,-165.62269592285156,-203.70462036132812,119.13182067871094
frame_001996.png,158.3601531982422,100.0664291381836,-171.74134826660156,-165.6951141357422,-203.81117248535156,119.19906616210938
frame_001997.png,158.4624481201172,100.11381530761719,-171.8406982421875,-165.76795959472656,-203.92005920410156,119.26500701904297
frame_001998.png,158.56495666503906,100.16179656982422,-171.93994140625,-165.84130859375,-204.0304412841797,119.32940673828125
frame_001999.png,158.66770935058594,100.20852661132812,-172.03860473632812,-165.91299438476562,-204.1420135498047,119.39257049560547
frame_002000.png,158.77085876464844,100.25372314453125,-172.13629150390625,-165.9822998046875,-204.25341796875,119.45512390136719
frame_002001.png,158.87562561035156,100.2981948852539,-172.2360382080078,-166.04737854003906,-204.36239624023438,119.51685333251953
frame_002002.png,158.98226928710938,100.34260559082031,-172.33712768554688,-166.1103515625,-204.46800231933594,119.5790786743164
frame_002003.png,159.08880615234375,100.38739776611328,-172.43746948242188,-166.1716766357422,-204.57398986816406,119.64229583740234
frame_002004.png,159.19363403320312,100.43189239501953,-172.5349884033203,-166.2334442138672,-204.68023681640625,119.70774841308594
frame_002005.png,159.29769897460938,100.47492218017578,-172.62890625,-166.29977416992188,-204.78636169433594,119.77660369873047
frame_002006.png,159.4011688232422,100.51654815673828,-172.72044372558594,-166.3688507080078,-204.89385986328125,119.84730529785156
frame_002007.png,159.504638671875,100.55615234375,-172.8104705810547,-166.43824768066406,-205.00270080566406,119.9194564819336
frame_002008.png,159.6072998046875,100.59300231933594,-172.8990020751953,-166.50709533691406,-205.11231994628906,119.99172973632812
frame_002009.png,159.70899963378906,100.62626647949219,-172.98658752441406,-166.57449340820312,-205.2225341796875,120.06409454345703
frame_002010.png,159.8101806640625,100.65803527832031,-173.07411193847656,-166.640869140625,-205.33297729492188,120.1369857788086
frame_002011.png,159.91151428222656,100.69026184082031,-173.1608123779297,-166.7071990966797,-205.4444580078125,120.21064758300781
frame_002012.png,160.0122528076172,100.7238998413086,-173.2463836669922,-166.77471923828125,-205.55633544921875,120.28733825683594
frame_002013.png,160.11065673828125,100.75765228271484,-173.33078002929688,-166.84405517578125,-205.67007446289062,120.36642456054688
frame_002014.png,160.2062530517578,100.79105377197266,-173.415283203125,-166.91488647460938,-205.7855987548828,120.44636535644531
frame_002015.png,160.29940795898438,100.8222427368164,-173.5001220703125,-166.98463439941406,-205.8990936279297,120.52778625488281
frame_002016.png,160.3916778564453,100.85336303710938,-173.58538818359375,-167.05264282226562,-206.0086212158203,120.60955047607422
frame_002017.png,160.48422241210938,100.88533020019531,-173.6719207763672,-167.1201629638672,-206.11383056640625,120.69143676757812
frame_002018.png,160.57843017578125,100.91644287109375,-173.75997924804688,-167.18797302246094,-206.2167510986328,120.77027130126953
frame_002019.png,160.67697143554688,100.94573974609375,-173.8507537841797,-167.25608825683594,-206.31710815429688,120.8452377319336
frame_002020.png,160.77903747558594,100.97630310058594,-173.94410705566406,-167.32498168945312,-206.4144744873047,120.91732025146484
frame_002021.png,160.88441467285156,101.00699615478516,-174.03854370117188,-167.3944854736328,-206.50863647460938,120.98763275146484
frame_002022.png,160.99098205566406,101.03690338134766,-174.13148498535156,-167.4648895263672,-206.6019744873047,121.0575180053711
frame_002023.png,161.0950469970703,101.06743621826172,-174.22341918945312,-167.53726196289062,-206.69522094726562,121.1299057006836
frame_002024.png,161.19699096679688,101.0977554321289,-174.31349182128906,-167.6104278564453,-206.78610229492188,121.20356750488281
frame_002025.png,161.2984619140625,101.12726593017578,-174.40313720703125,-167.6822052001953,-206.8750457763672,121.27526092529297
frame_002026.png,161.39947509765625,101.15460968017578,-174.49415588378906,-167.75306701660156,-206.96591186523438,121.34446716308594
frame_002027.png,161.49896240234375,101.18327331542969,-174.58499145507812,-167.82388305664062,-207.0580291748047,121.41056060791016
frame_002028.png,161.59634399414062,101.21477508544922,-174.67495727539062,-167.8947296142578,-207.15113830566406,121.4760513305664
frame_002029.png,161.69248962402344,101.24834442138672,-174.76687622070312,-167.96214294433594,-207.2447509765625,121.5406265258789
frame_002030.png,161.78738403320312,101.28487396240234,-174.86111450195312,-168.02398681640625,-207.33773803710938,121.60301971435547
frame_002031.png,161.8817138671875,101.32207489013672,-174.95498657226562,-168.08480834960938,-207.43185424804688,121.66455841064453
frame_002032.png,161.9788360595703,101.3563003540039,-175.0514373779297,-168.14796447753906,-207.52359008789062,121.72602844238281
frame_002033.png,162.07980346679688,101.38892364501953,-175.15225219726562,-168.21145629882812,-207.61798095703125,121.7879638671875
frame_002034.png,162.18270874023438,101.42156219482422,-175.25384521484375,-168.27694702148438,-207.7127227783203,121.85176849365234
frame_002035.png,162.2852325439453,101.45744323730469,-175.35475158691406,-168.34573364257812,-207.81163024902344,121.91392517089844
frame_002036.png,162.38331604003906,101.49689483642578,-175.45266723632812,-168.4180450439453,-207.9141845703125,121.97489929199219
frame_002037.png,162.4791259765625,101.53675842285156,-175.54495239257812,-168.50010681152344,-208.0176544189453,122.03654479980469
frame_002038.png,162.568603515625,101.57684326171875,-175.6324005126953,-168.58572387695312,-208.12481689453125,122.09925079345703
frame_002039.png,162.65701293945312,101.61540222167969,-175.7236785888672,-168.67193603515625,-208.2285919189453,122.16328430175781
frame_002040.png,162.7469024658203,101.6534652709961,-175.81857299804688,-168.75990295410156,-208.32591247558594,122.23178100585938
frame_002041.png,162.83859252929688,101.69462585449219,-175.9156951904297,-168.84608459472656,-208.42059326171875,122.30122375488281
frame_002042.png,162.9305877685547,101.73886108398438,-176.00909423828125,-168.930419921875,-208.51634216308594,122.3675308227539
frame_002043.png,163.02261352539062,101.78520965576172,-176.10055541992188,-169.01498413085938,-208.6118621826172,122.43172454833984
frame_002044.png,163.11361694335938,101.83573150634766,-176.18760681152344,-169.1009979248047,-208.7064666748047,122.49176788330078
frame_002045.png,163.2039794921875,101.8867416381836,-176.27503967285156,-169.1919708251953,-208.7980499267578,122.55109405517578
frame_002046.png,163.2943878173828,101.94213104248047,-176.36378479003906,-169.2849884033203,-208.8859100341797,122.61190032958984
frame_002047.png,163.38548278808594,101.99870300292969,-176.4536590576172,-169.3790740966797,-208.97512817382812,122.67217254638672
frame_002048.png,163.47836303710938,102.05818939208984,-176.54225158691406,-169.4732208251953,-209.0666961669922,122.73155975341797
frame_002049.png,163.56982421875,102.11873626708984,-176.62921142578125,-169.56617736816406,-209.15859985351562,122.78852081298828
frame_002050.png,163.6584014892578,102.1799545288086,-176.7174530029297,-169.65745544433594,-209.25209045410156,122.84764099121094
frame_002051.png,163.7452850341797,102.23930358886719,-176.80738830566406,-169.7472381591797,-209.349365234375,122.91095733642578
frame_002052.png,163.83131408691406,102.29779052734375,-176.8981475830078,-169.83436584472656,-209.44895935058594,122.97557067871094
frame_002053.png,163.91775512695312,102.35472106933594,-176.9929656982422,-169.9178466796875,-209.5474853515625,123.04137420654297
frame_002054.png,164.004638671875,102.41462707519531,-177.09022521972656,-169.9996337890625,-209.63914489746094,123.1123275756836
frame_002055.png,164.09217834472656,102.47200775146484,-177.18817138671875,-170.07717895507812,-209.72677612304688,123.18629455566406
frame_002056.png,164.1784210205078,102.52674102783203,-177.2847137451172,-170.14825439453125,-209.81149291992188,123.26187896728516
frame_002057.png,164.26393127441406,102.57936096191406,-177.37930297851562,-170.2169647216797,-209.89572143554688,123.33838653564453
frame_002058.png,164.3468017578125,102.63201904296875,-177.47369384765625,-170.28256225585938,-209.98306274414062,123.4134750366211
frame_002059.png,164.4282684326172,102.68473815917969,-177.56915283203125,-170.3495635986328,-210.07431030273438,123.49060821533203
frame_002060.png,164.50965881347656,102.73796081542969,-177.66294860839844,-170.4219207763672,-210.166748046875,123.56764221191406
frame_002061.png,164.59234619140625,102.79154205322266,-177.75436401367188,-170.4981689453125,-210.26193237304688,123.64270782470703
frame_002062.png,164.6753387451172,102.84363555908203,-177.8474578857422,-170.57652282714844,-210.35903930664062,123.71709442138672
frame_002063.png,164.75856018066406,102.89408874511719,-177.9444580078125,-170.65829467773438,-210.45802307128906,123.78821563720703
frame_002064.png,164.8422393798828,102.94223022460938,-178.04351806640625,-170.73892211914062,-210.55596923828125,123.85926818847656
frame_002065.png,164.92637634277344,102.98957824707031,-178.1460723876953,-170.82086181640625,-210.65261840820312,123.9299087524414
frame_002066.png,165.01174926757812,103.03604125976562,-178.25245666503906,-170.90296936035156,-210.74729919433594,124.00035095214844
frame_002067.png,165.09625244140625,103.08329772949219,-178.36293029785156,-170.98704528808594,-210.84239196777344,124.07142639160156
frame_002068.png,165.180419921875,103.13580322265625,-178.47669982910156,-171.07302856445312,-210.93600463867188,124.14226531982422
frame_002069.png,165.2666015625,103.19414520263672,-178.5933380126953,-171.1573028564453,-211.02883911132812,124.21351623535156
frame_002070.png,165.35537719726562,103.25598907470703,-178.7097930908203,-171.23431396484375,-211.123779296875,124.2841796875
frame_002071.png,165.44371032714844,103.3178939819336,-178.8248748779297,-171.3109893798828,-211.2187957763672,124.35357666015625
frame_002072.png,165.53173828125,103.37671661376953,-178.9384002685547,-171.38583374023438,-211.31741333007812,124.41983032226562
frame_002073.png,165.62188720703125,103.4324722290039,-179.0471649169922,-171.46310424804688,-211.41604614257812,124.48575592041016
frame_002074.png,165.7172088623047,103.48646545410156,-179.1541748046875,-171.539794921875,-211.51165771484375,124.54937744140625
frame_002075.png,165.81358337402344,103.53584289550781,-179.25845336914062,-171.61447143554688,-211.60549926757812,124.60965728759766
frame_002076.png,165.91099548339844,103.580078125,-179.35955810546875,-171.68670654296875,-211.7000732421875,124.66558837890625
frame_002077.png,166.0084991455078,103.6227035522461,-179.4591827392578,-171.7559356689453,-211.7958526611328,124.7203140258789
frame_002078.png,166.107421875,103.6642074584961,-179.5609130859375,-171.82029724121094,-211.89649963378906,124.77262115478516
frame_002079.png,166.2077178955078,103.70742797851562,-179.6692352294922,-171.8827667236328,-211.99790954589844,124.82479095458984
frame_002080.png,166.30723571777344,103.75250244140625,-179.78317260742188,-171.94387817382812,-212.10089111328125,124.87997436523438
frame_002081.png,166.40611267089844,103.79724884033203,-179.9027862548828,-172.00628662109375,-212.201416015625,124.93826293945312
frame_002082.png,166.50392150878906,103.84244537353516,-180.026611328125,-172.06893920898438,-212.30413818359375,124.99800109863281
frame_002083.png,166.60162353515625,103.88697814941406,-180.15359497070312,-172.1312255859375,-212.4093017578125,125.05756378173828
frame_002084.png,166.69715881347656,103.93292999267578,-180.2800750732422,-172.1914825439453,-212.5167236328125,125.11567687988281
frame_002085.png,166.79345703125,103.97740936279297,-180.40711975097656,-172.2532196044922,-212.62222290039062,125.17375946044922
frame_002086.png,166.89051818847656,104.01919555664062,-180.53077697753906,-172.31967163085938,-212.72642517089844,125.23320770263672
frame_002087.png,166.99099731445312,104.05917358398438,-180.6513671875,-172.39010620117188,-212.8306884765625,125.29499816894531
frame_002088.png,167.0936279296875,104.10114288330078,-180.76536560058594,-172.4617462158203,-212.9365692138672,125.36064147949219
frame_002089.png,167.19541931152344,104.14739227294922,-180.8736572265625,-172.5357208251953,-213.04396057128906,125.42901611328125
frame_002090.png,167.2977752685547,104.19691467285156,-180.97903442382812,-172.61317443847656,-213.151123046875,125.49858093261719
frame_002091.png,167.40025329589844,104.24801635742188,-181.08306884765625,-172.69329833984375,-213.25843811035156,125.56835174560547
frame_002092.png,167.50250244140625,104.3003921508789,-181.18739318847656,-172.77731323242188,-213.36663818359375,125.63653564453125
frame_002093.png,167.60452270507812,104.35528564453125,-181.29127502441406,-172.86380004882812,-213.47537231445312,125.70519256591797
frame_002094.png,167.70762634277344,104.41080474853516,-181.39598083496094,-172.94876098632812,-213.58547973632812,125.77408599853516
frame_002095.png,167.81214904785156,104.46757507324219,-181.50111389160156,-173.0318603515625,-213.69618225097656,125.84405517578125
frame_002096.png,167.91615295410156,104.52532196044922,-181.60580444335938,-173.1137237548828,-213.80784606933594,125.91746520996094
frame_002097.png,168.02195739746094,104.58370971679688,-181.709716796875,-173.1912078857422,-213.9244384765625,125.99517822265625
frame_002098.png,168.12777709960938,104.64141845703125,-181.8122100830078,-173.26609802246094,-214.04586791992188,126.0730209350586
frame_002099.png,168.2283477783203,104.69530487060547,-181.91151428222656,-173.34121704101562,-214.17098999023438,126.14875793457031
frame_002100.png,168.32347106933594,104.74261474609375,-182.0065155029297,-173.42300415039062,-214.2921142578125,126.22330474853516
frame_002101.png,168.41879272460938,104.7823257446289,-182.1019744873047,-173.5097198486328,-214.40859985351562,126.2988510131836
frame_002102.png,168.51504516601562,104.8139419555664,-182.19882202148438,-173.599365234375,-214.51844787597656,126.37320709228516
frame_002103.png,168.61355590820312,104.8420639038086,-182.29673767089844,-173.68910217285156,-214.62367248535156,126.4468994140625
frame_002104.png,168.7139892578125,104.87077331542969,-182.39666748046875,-173.77780151367188,-214.72671508789062,126.51724243164062
frame_002105.png,168.81298828125,104.9048843383789,-182.4976806640625,-173.8648223876953,-214.83102416992188,126.58001708984375
frame_002106.png,168.90879821777344,104.94327545166016,-182.59986877441406,-173.9492645263672,-214.9363555908203,126.63761138916016
frame_002107.png,169.00445556640625,104.98552703857422,-182.7052001953125,-174.02882385253906,-215.0416717529297,126.69287872314453
frame_002108.png,169.10223388671875,105.03043365478516,-182.80892944335938,-174.10455322265625,-215.14468383789062,126.74510955810547
frame_002109.png,169.19960021972656,105.07784271240234,-182.91192626953125,-174.18019104003906,-215.2449188232422,126.80038452148438
frame_002110.png,169.29324340820312,105.1239242553711,-183.01010131835938,-174.25762939453125,-215.33743286132812,126.86083984375
frame_002111.png,169.38571166992188,105.16885375976562,-183.1074676513672,-174.3338623046875,-215.4303436279297,126.9224624633789
frame_002112.png,169.4799346923828,105.21493530273438,-183.20411682128906,-174.4093475341797,-215.523193359375,126.9832763671875
frame_002113.png,169.57412719726562,105.26168060302734,-183.29981994628906,-174.48878479003906,-215.61553955078125,127.04558563232422
frame_002114.png,169.66627502441406,105.30855560302734,-183.3974151611328,-174.57315063476562,-215.71078491210938,127.10767364501953
frame_002115.png,169.75460815429688,105.35372161865234,-183.49546813964844,-174.66339111328125,-215.8076629638672,127.16873168945312
frame_002116.png,169.838623046875,105.40145874023438,-183.59458923339844,-174.75494384765625,-215.90719604492188,127.23217010498047
frame_002117.png,169.9193115234375,105.45532989501953,-183.6949462890625,-174.84657287597656,-216.0069580078125,127.29879760742188
frame_002118.png,170.0011444091797,105.50837707519531,-183.79737854003906,-174.93954467773438,-216.10595703125,127.37004852294922
frame_002119.png,170.08413696289062,105.556396484375,-183.89833068847656,-175.0308837890625,-216.20423889160156,127.4438705444336
frame_002120.png,170.1661834716797,105.60386657714844,-183.99891662597656,-175.11953735351562,-216.3022918701172,127.51416778564453
frame_002121.png,170.24412536621094,105.65117645263672,-184.09730529785156,-175.2074737548828,-216.39878845214844,127.58063507080078
frame_002122.png,170.32151794433594,105.7009048461914,-184.1980438232422,-175.2919464111328,-216.49302673339844,127.64264678955078
frame_002123.png,170.39637756347656,105.75072479248047,-184.29591369628906,-175.3731231689453,-216.58853149414062,127.70386505126953
frame_002124.png,170.4700927734375,105.80284118652344,-184.3948211669922,-175.45025634765625,-216.68772888183594,127.76177215576172
frame_002125.png,170.541259765625,105.85615539550781,-184.4921875,-175.52879333496094,-216.78756713867188,127.8199234008789
frame_002126.png,170.61001586914062,105.90864562988281,-184.5871124267578,-175.60496520996094,-216.8857879638672,127.879150390625
frame_002127.png,170.6788787841797,105.95919799804688,-184.6822509765625,-175.6791534423828,-216.982177734375,127.94094848632812
frame_002128.png,170.7528533935547,106.01023864746094,-184.78262329101562,-175.75323486328125,-217.07664489746094,128.0047607421875
frame_002129.png,170.83660888671875,106.06401062011719,-184.88671875,-175.8239288330078,-217.16943359375,128.0694580078125
frame_002130.png,170.9296112060547,106.1241683959961,-184.99635314941406,-175.89767456054688,-217.25840759277344,128.1348419189453
frame_002131.png,171.02847290039062,106.18667602539062,-185.1078338623047,-175.97381591796875,-217.3447723388672,128.20333862304688
frame_002132.png,171.12928771972656,106.24944305419922,-185.21571350097656,-176.05381774902344,-217.43040466308594,128.2749481201172
frame_002133.png,171.23394775390625,106.3147201538086,-185.3252716064453,-176.13766479492188,-217.5137939453125,128.35006713867188
frame_002134.png,171.34658813476562,106.38284301757812,-185.4366912841797,-176.21885681152344,-217.602294921875,128.425048828125
frame_002135.png,171.4641571044922,106.45278930664062,-185.54859924316406,-176.2935333251953,-217.69876098632812,128.5006561279297
frame_002136.png,171.5836944580078,106.52024841308594,-185.6605224609375,-176.36451721191406,-217.80210876464844,128.57371520996094
frame_002137.png,171.70445251464844,106.5836181640625,-185.76991271972656,-176.43597412109375,-217.91165161132812,128.6451873779297
frame_002138.png,171.82061767578125,106.64834594726562,-185.87998962402344,-176.50173950195312,-218.02574157714844,128.7168731689453
frame_002139.png,171.9360809326172,106.71719360351562,-185.9906768798828,-176.56478881835938,-218.14169311523438,128.78890991210938
frame_002140.png,172.05165100097656,106.78602600097656,-186.09974670410156,-176.62371826171875,-218.25942993164062,128.86241149902344
frame_002141.png,172.1683807373047,106.85216522216797,-186.20553588867188,-176.6786651611328,-218.38226318359375,128.93539428710938
frame_002142.png,172.28587341308594,106.91825103759766,-186.311767578125,-176.73590087890625,-218.50633239746094,129.00828552246094
frame_002143.png,172.4042205810547,106.98419952392578,-186.4236297607422,-176.792236328125,-218.63079833984375,129.08364868164062
frame_002144.png,172.51722717285156,107.05279541015625,-186.53578186035156,-176.85150146484375,-218.75547790527344,129.15980529785156
frame_002145.png,172.6223602294922,107.11923217773438,-186.64613342285156,-176.9151153564453,-218.88052368164062,129.23655700683594
frame_002146.png,172.72335815429688,107.18318939208984,-186.75437927246094,-176.97918701171875,-219.005859375,129.31649780273438
frame_002147.png,172.82537841796875,107.24191284179688,-186.85812377929688,-177.04090881347656,-219.13099670410156,129.3948211669922
frame_002148.png,172.9276123046875,107.29810333251953,-186.9599609375,-177.10276794433594,-219.2550811767578,129.4756317138672
frame_002149.png,173.03286743164062,107.3515396118164,-187.0596160888672,-177.16513061523438,-219.38119506835938,129.55577087402344
frame_002150.png,173.14144897460938,107.40215301513672,-187.15768432617188,-177.22625732421875,-219.50559997558594,129.63516235351562
frame_002151.png,173.24778747558594,107.45063781738281,-187.25210571289062,-177.28970336914062,-219.62823486328125,129.71484375
frame_002152.png,173.35227966308594,107.4961929321289,-187.34634399414062,-177.355712890625,-219.74696350097656,129.79345703125
frame_002153.png,173.4545440673828,107.54170227050781,-187.4443359375,-177.4260711669922,-219.861572265625,129.8725128173828
frame_002154.png,173.5555877685547,107.59361267089844,-187.54617309570312,-177.49868774414062,-219.97317504882812,129.9478759765625
frame_002155.png,173.6551055908203,107.65298461914062,-187.65402221679688,-177.57525634765625,-220.0776824951172,130.0219268798828
frame_002156.png,173.75462341308594,107.7126693725586,-187.76280212402344,-177.65557861328125,-220.1814727783203,130.09698486328125
frame_002157.png,173.857421875,107.76779174804688,-187.87144470214844,-177.7392120361328,-220.28192138671875,130.17254638671875
frame_002158.png,173.9622344970703,107.82206726074219,-187.98240661621094,-177.8251190185547,-220.37957763671875,130.24891662597656
frame_002159.png,174.06838989257812,107.87947082519531,-188.09388732910156,-177.9083709716797,-220.47926330566406,130.32115173339844
frame_002160.png,174.17381286621094,107.94025421142578,-188.2020721435547,-177.98760986328125,-220.58047485351562,130.3955841064453
frame_002161.png,174.27249145507812,108.00415802001953,-188.3072052001953,-178.05934143066406,-220.68185424804688,130.47312927246094
frame_002162.png,174.371337890625,108.06700134277344,-188.4141082763672,-178.12564086914062,-220.781005859375,130.5529022216797
frame_002163.png,174.47500610351562,108.12216186523438,-188.5195770263672,-178.19320678710938,-220.8778533935547,130.6310272216797
frame_002164.png,174.58067321777344,108.17915344238281,-188.6273193359375,-178.2578125,-220.9751739501953,130.7040252685547
frame_002165.png,174.68516540527344,108.24280548095703,-188.7326202392578,-178.3191680908203,-221.0759735107422,130.77273559570312
frame_002166.png,174.7863006591797,108.30457305908203,-188.8348846435547,-178.38442993164062,-221.18096923828125,130.8447723388672
frame_002167.png,174.88983154296875,108.3636474609375,-188.9362335205078,-178.44827270507812,-221.28875732421875,130.91761779785156
frame_002168.png,174.9960479736328,108.417724609375,-189.0322265625,-178.5099334716797,-221.4008331298828,130.98895263671875
frame_002169.png,175.10403442382812,108.46847534179688,-189.12496948242188,-178.5711212158203,-221.5236053466797,131.05584716796875
frame_002170.png,175.21087646484375,108.51606750488281,-189.2161407470703,-178.63070678710938,-221.6542205810547,131.12118530273438
frame_002171.png,175.31443786621094,108.5615005493164,-189.3047332763672,-178.69232177734375,-221.78672790527344,131.18507385253906
frame_002172.png,175.41500854492188,108.60466766357422,-189.38998413085938,-178.7555694580078,-221.91700744628906,131.24819946289062
frame_002173.png,175.5167236328125,108.65035247802734,-189.4712677001953,-178.82369995117188,-222.0414581298828,131.30978393554688
frame_002174.png,175.61878967285156,108.69775390625,-189.55210876464844,-178.8966522216797,-222.1636962890625,131.37088012695312
frame_002175.png,175.72166442871094,108.74466705322266,-189.63768005371094,-178.97471618652344,-222.28079223632812,131.43115234375
frame_002176.png,175.82322692871094,108.79032135009766,-189.7241973876953,-179.0540008544922,-222.3961639404297,131.48638916015625
frame_002177.png,175.92189025878906,108.8327407836914,-189.80810546875,-179.13229370117188,-222.510009765625,131.5397491455078
frame_002178.png,176.01739501953125,108.8734130859375,-189.88873291015625,-179.21072387695312,-222.6197967529297,131.59213256835938
frame_002179.png,176.1110076904297,108.91143798828125,-189.96922302246094,-179.28953552246094,-222.7247772216797,131.6467742919922
frame_002180.png,176.202392578125,108.94503784179688,-190.05270385742188,-179.36669921875,-222.81883239746094,131.70452880859375
frame_002181.png,176.2907257080078,108.9747085571289,-190.13665771484375,-179.44677734375,-222.90435791015625,131.76229858398438
frame_002182.png,176.37869262695312,109.00826263427734,-190.2210693359375,-179.5259552001953,-222.98316955566406,131.81500244140625
frame_002183.png,176.46441650390625,109.04541778564453,-190.30398559570312,-179.6034393310547,-223.0576629638672,131.8655242919922
frame_002184.png,176.54660034179688,109.08723449707031,-190.3858184814453,-179.67950439453125,-223.13037109375,131.9163818359375
frame_002185.png,176.6270751953125,109.13292694091797,-190.4648895263672,-179.75222778320312,-223.2032928466797,131.9642333984375
frame_002186.png,176.7072296142578,109.18070220947266,-190.54168701171875,-179.8218994140625,-223.2764892578125,132.01434326171875
frame_002187.png,176.7910919189453,109.231201171875,-190.61666870117188,-179.88955688476562,-223.3494110107422,132.06605529785156
frame_002188.png,176.87744140625,109.28262329101562,-190.69305419921875,-179.95834350585938,-223.42433166503906,132.1196746826172
frame_002189.png,176.96612548828125,109.33154296875,-190.77008056640625,-180.02760314941406,-223.5012969970703,132.173828125
frame_002190.png,177.0560760498047,109.37989044189453,-190.85052490234375,-180.0986328125,-223.57986450195312,132.2269744873047
frame_002191.png,177.1446075439453,109.42870330810547,-190.93260192871094,-180.1755828857422,-223.65972900390625,132.27952575683594
frame_002192.png,177.2321014404297,109.47779083251953,-191.0155792236328,-180.25637817382812,-223.73995971679688,132.33555603027344
frame_002193.png,177.31964111328125,109.52777862548828,-191.10072326660156,-180.3380584716797,-223.8207244873047,132.39453125
frame_002194.png,177.4100341796875,109.57594299316406,-191.1880645751953,-180.41921997070312,-223.902099609375,132.45677185058594
frame_002195.png,177.5012664794922,109.62415313720703,-191.27713012695312,-180.4986572265625,-223.9805908203125,132.5206756591797
frame_002196.png,177.5944061279297,109.67188262939453,-191.36691284179688,-180.57838439941406,-224.05540466308594,132.58389282226562
frame_002197.png,177.68930053710938,109.71733856201172,-191.45315551757812,-180.65745544433594,-224.13038635253906,132.6446075439453
frame_002198.png,177.7856903076172,109.75935363769531,-191.5366668701172,-180.7374267578125,-224.20834350585938,132.7019805908203
frame_002199.png,177.88258361816406,109.80026245117188,-191.61978149414062,-180.81845092773438,-224.28868103027344,132.7576141357422
frame_002200.png,177.980712890625,109.84053039550781,-191.70652770996094,-180.89878845214844,-224.36802673339844,132.8125
frame_002201.png,178.07894897460938,109.88037109375,-191.79617309570312,-180.97879028320312,-224.44808959960938,132.86676025390625
frame_002202.png,178.17831420898438,109.92375183105469,-191.887939453125,-181.05996704101562,-224.5284881591797,132.92041015625
frame_002203.png,178.2793731689453,109.97085571289062,-191.9828643798828,-181.1425323486328,-224.6105499267578,132.97064208984375
frame_002204.png,178.381591796875,110.02183532714844,-192.0808868408203,-181.22398376464844,-224.69642639160156,133.01942443847656
frame_002205.png,178.4837646484375,110.0738754272461,-192.17665100097656,-181.3091583251953,-224.78456115722656,133.07069396972656
frame_002206.png,178.58724975585938,110.12622833251953,-192.26910400390625,-181.3953094482422,-224.873779296875,133.12351989746094
frame_002207.png,178.69041442871094,110.17709350585938,-192.3562774658203,-181.48141479492188,-224.96682739257812,133.17840576171875
frame_002208.png,178.79310607910156,110.22390747070312,-192.4374237060547,-181.5694580078125,-225.06112670898438,133.23690795898438
frame_002209.png,178.8948516845703,110.2691650390625,-192.5162353515625,-181.6597137451172,-225.15408325195312,133.29684448242188
frame_002210.png,178.99786376953125,110.31257629394531,-192.59556579589844,-181.747802734375,-225.24569702148438,133.35877990722656
frame_002211.png,179.1025848388672,110.35395050048828,-192.67660522460938,-181.8387908935547,-225.33738708496094,133.42181396484375
frame_002212.png,179.20254516601562,110.39512634277344,-192.75424194335938,-181.9379119873047,-225.4271697998047,133.48617553710938
frame_002213.png,179.29779052734375,110.4362564086914,-192.82530212402344,-182.04212951660156,-225.51837158203125,133.55276489257812
frame_002214.png,179.39088439941406,110.47867584228516,-192.89256286621094,-182.1482696533203,-225.6123809814453,133.61965942382812
frame_002215.png,179.4822998046875,110.52165222167969,-192.9573211669922,-182.25515747070312,-225.70965576171875,133.68772888183594
frame_002216.png,179.57461547851562,110.56278228759766,-193.02194213867188,-182.36012268066406,-225.8101806640625,133.75698852539062
frame_002217.png,179.67066955566406,110.59971618652344,-193.092529296875,-182.46234130859375,-225.91351318359375,133.8270721435547
frame_002218.png,179.7689208984375,110.63399505615234,-193.16868591308594,-182.5613555908203,-226.01821899414062,133.8980712890625
frame_002219.png,179.86769104003906,110.66603088378906,-193.24639892578125,-182.65789794921875,-226.12197875976562,133.9700927734375
frame_002220.png,179.9656524658203,110.698486328125,-193.32546997070312,-182.750732421875,-226.22256469726562,134.04444885253906
frame_002221.png,180.0657501220703,110.73302459716797,-193.40780639648438,-182.84048461914062,-226.3202362060547,134.12142944335938
frame_002222.png,180.16612243652344,110.76795196533203,-193.4905242919922,-182.93299865722656,-226.41685485839844,134.2012939453125
frame_002223.png,180.2666015625,110.80276489257812,-193.57546997070312,-183.02664184570312,-226.5137176513672,134.28176879882812
frame_002224.png,180.36331176757812,110.83783721923828,-193.6581268310547,-183.1188201904297,-226.61517333984375,134.35971069335938
frame_002225.png,180.45718383789062,110.87300109863281,-193.73788452148438,-183.21180725097656,-226.71449279785156,134.4345703125
frame_002226.png,180.55238342285156,110.91108703613281,-193.8130645751953,-183.30384826660156,-226.8113250732422,134.50682067871094
frame_002227.png,180.65065002441406,110.95572662353516,-193.88633728027344,-183.39071655273438,-226.9059295654297,134.577392578125
frame_002228.png,180.75112915039062,111.00277709960938,-193.95936584472656,-183.4748992919922,-226.99942016601562,134.64190673828125
frame_002229.png,180.85293579101562,111.04901885986328,-194.0358123779297,-183.55899047851562,-227.0924530029297,134.70254516601562
frame_002230.png,180.95457458496094,111.09701538085938,-194.11911010742188,-183.64199829101562,-227.18284606933594,134.75999450683594
frame_002231.png,181.05221557617188,111.14651489257812,-194.20535278320312,-183.7294921875,-227.2704315185547,134.81979370117188
frame_002232.png,181.14645385742188,111.19590759277344,-194.29762268066406,-183.8165283203125,-227.358642578125,134.8804168701172
frame_002233.png,181.2375030517578,111.24470520019531,-194.39193725585938,-183.90396118164062,-227.44412231445312,134.94329833984375
frame_002234.png,181.3296661376953,111.29167938232422,-194.4903106689453,-183.9899444580078,-227.52528381347656,135.00808715820312
frame_002235.png,181.41668701171875,111.33592987060547,-194.59085083007812,-184.07635498046875,-227.6050262451172,135.07553100585938
frame_002236.png,181.5011444091797,111.38130187988281,-194.68658447265625,-184.15968322753906,-227.68777465820312,135.1406707763672
frame_002237.png,181.5859375,111.42672729492188,-194.77874755859375,-184.24208068847656,-227.77545166015625,135.2014923095703
frame_002238.png,181.6729736328125,111.47441101074219,-194.8676300048828,-184.32984924316406,-227.8634796142578,135.26113891601562
frame_002239.png,181.76144409179688,111.52548217773438,-194.9565887451172,-184.4188690185547,-227.95347595214844,135.32077026367188
frame_002240.png,181.85105895996094,111.5754165649414,-195.043212890625,-184.50778198242188,-228.04513549804688,135.37901306152344
frame_002241.png,181.9403839111328,111.62061309814453,-195.1327667236328,-184.59068298339844,-228.14205932617188,135.4365997314453
frame_002242.png,182.03042602539062,111.6628646850586,-195.22048950195312,-184.66995239257812,-228.24488830566406,135.49583435058594
frame_002243.png,182.12315368652344,111.70259857177734,-195.3102569580078,-184.74620056152344,-228.34872436523438,135.55528259277344
frame_002244.png,182.21690368652344,111.7441177368164,-195.40232849121094,-184.8217315673828,-228.4542236328125,135.61642456054688
frame_002245.png,182.31243896484375,111.78861999511719,-195.49595642089844,-184.8940887451172,-228.56130981445312,135.6789093017578
frame_002246.png,182.41482543945312,111.83790588378906,-195.59710693359375,-184.9603271484375,-228.67044067382812,135.7402801513672
frame_002247.png,182.5228271484375,111.88934326171875,-195.7014617919922,-185.0244903564453,-228.78065490722656,135.80429077148438
frame_002248.png,182.632568359375,111.9397201538086,-195.80516052246094,-185.0897674560547,-228.89527893066406,135.8694610595703
frame_002249.png,182.7412109375,111.99272155761719,-195.9093475341797,-185.1512908935547,-229.01637268066406,135.9321746826172
frame_002250.png,182.85162353515625,112.04463958740234,-196.01455688476562,-185.2073974609375,-229.1402130126953,135.99594116210938
frame_002251.png,182.9618377685547,112.09478759765625,-196.11634826660156,-185.26075744628906,-229.26109313964844,136.06317138671875
frame_002252.png,183.07296752929688,112.15231323242188,-196.21713256835938,-185.31292724609375,-229.37664794921875,136.13294982910156
frame_002253.png,183.18641662597656,112.21342468261719,-196.318359375,-185.36984252929688,-229.48648071289062,136.20367431640625
frame_002254.png,183.3037109375,112.27483367919922,-196.42041015625,-185.42941284179688,-229.59243774414062,136.27377319335938
frame_002255.png,183.42587280273438,112.33416748046875,-196.5252685546875,-185.48973083496094,-229.6952667236328,136.34036254882812
frame_002256.png,183.55088806152344,112.39364624023438,-196.6302947998047,-185.54676818847656,-229.80050659179688,136.4056396484375
frame_002257.png,183.6779022216797,112.4526138305664,-196.735595703125,-185.60464477539062,-229.90634155273438,136.47218322753906
frame_002258.png,183.80426025390625,112.51016235351562,-196.8386688232422,-185.6620635986328,-230.01744079589844,136.5418243408203
frame_002259.png,183.9306182861328,112.56831359863281,-196.94161987304688,-185.7183074951172,-230.1322784423828,136.61306762695312
frame_002260.png,184.05789184570312,112.6268081665039,-197.04295349121094,-185.77259826660156,-230.25051879882812,136.6831512451172
frame_002261.png,184.1849822998047,112.68462371826172,-197.1429901123047,-185.8238983154297,-230.3699188232422,136.751220703125
frame_002262.png,184.3108367919922,112.74127197265625,-197.24183654785156,-185.87588500976562,-230.48788452148438,136.81600952148438
frame_002263.png,184.4371795654297,112.798583984375,-197.3402099609375,-185.92855834960938,-230.60372924804688,136.8817596435547
frame_002264.png,184.561767578125,112.86021423339844,-197.43441772460938,-185.9818878173828,-230.71713256835938,136.94903564453125
frame_002265.png,184.68557739257812,112.92575073242188,-197.52761840820312,-186.03575134277344,-230.83282470703125,137.01776123046875
frame_002266.png,184.80990600585938,112.99578857421875,-197.62515258789062,-186.08944702148438,-230.95069885253906,137.089111328125
frame_002267.png,184.93167114257812,113.07113647460938,-197.7236785888672,-186.14678955078125,-231.07254028320312,137.16233825683594
frame_002268.png,185.04835510253906,113.14593505859375,-197.82435607910156,-186.20849609375,-231.20057678222656,137.2330780029297
frame_002269.png,185.16661071777344,113.21258544921875,-197.92930603027344,-186.27439880371094,-231.32730102539062,137.29869079589844
frame_002270.png,185.28363037109375,113.27368927001953,-198.0335235595703,-186.34397888183594,-231.4500732421875,137.36578369140625
frame_002271.png,185.39962768554688,113.33595275878906,-198.14019775390625,-186.41331481933594,-231.57058715820312,137.4377899169922
frame_002272.png,185.51844787597656,113.39476776123047,-198.24851989746094,-186.48167419433594,-231.6901092529297,137.50958251953125
frame_002273.png,185.64060974121094,113.4483413696289,-198.35816955566406,-186.5421142578125,-231.8067626953125,137.58177185058594
frame_002274.png,185.7671661376953,113.50598907470703,-198.47145080566406,-186.59608459472656,-231.9199676513672,137.65232849121094
frame_002275.png,185.8901824951172,113.56819915771484,-198.59095764160156,-186.64599609375,-232.03636169433594,137.72048950195312
frame_002276.png,186.012939453125,113.63136291503906,-198.71484375,-186.69332885742188,-232.15713500976562,137.79002380371094
frame_002277.png,186.13502502441406,113.69171905517578,-198.83908081054688,-186.74337768554688,-232.28126525878906,137.85975646972656
frame_002278.png,186.25408935546875,113.7460708618164,-198.95928955078125,-186.7946014404297,-232.40814208984375,137.92962646484375
frame_002279.png,186.37020874023438,113.79842376708984,-199.0702667236328,-186.84535217285156,-232.5374298095703,138.00106811523438
frame_002280.png,186.4835662841797,113.85066223144531,-199.17640686035156,-186.8938751220703,-232.66700744628906,138.0723114013672
frame_002281.png,186.59498596191406,113.90130615234375,-199.28025817871094,-186.94400024414062,-232.79153442382812,138.14581298828125
frame_002282.png,186.70509338378906,113.94845581054688,-199.3834228515625,-186.9970245361328,-232.91395568847656,138.22035217285156
frame_002283.png,186.81190490722656,113.99685668945312,-199.48741149902344,-187.05252075195312,-233.03330993652344,138.294189453125
frame_002284.png,186.91600036621094,114.0457992553711,-199.5953369140625,-187.11141967773438,-233.14663696289062,138.36436462402344
frame_002285.png,187.02041625976562,114.09330749511719,-199.7035675048828,-187.17398071289062,-233.2525177001953,138.43141174316406
frame_002286.png,187.1230926513672,114.14205932617188,-199.81008911132812,-187.24098205566406,-233.35464477539062,138.4967498779297
frame_002287.png,187.22418212890625,114.19062805175781,-199.91351318359375,-187.3125762939453,-233.45616149902344,138.562255859375
frame_002288.png,187.3262176513672,114.24266815185547,-200.01792907714844,-187.381591796875,-233.5594482421875,138.62762451171875
frame_002289.png,187.4275360107422,114.29637908935547,-200.12265014648438,-187.45401000976562,-233.66537475585938,138.69300842285156
frame_002290.png,187.52926635742188,114.35107421875,-200.2302703857422,-187.52821350097656,-233.76846313476562,138.75875854492188
frame_002291.png,187.62828063964844,114.40988159179688,-200.3373565673828,-187.60568237304688,-233.87081909179688,138.82296752929688
frame_002292.png,187.7262420654297,114.47452545166016,-200.4432830810547,-187.67984008789062,-233.97238159179688,138.8846435546875
frame_002293.png,187.8197784423828,114.54168701171875,-200.5437774658203,-187.75418090820312,-234.07357788085938,138.943359375
frame_002294.png,187.91244506835938,114.61050415039062,-200.63905334472656,-187.8308563232422,-234.1743621826172,139.00172424316406
frame_002295.png,188.00100708007812,114.67793273925781,-200.73194885253906,-187.9092254638672,-234.27203369140625,139.06130981445312
frame_002296.png,188.08494567871094,114.74442291259766,-200.82220458984375,-187.99098205566406,-234.36512756347656,139.12486267089844
frame_002297.png,188.16378784179688,114.80937194824219,-200.90928649902344,-188.0749969482422,-234.45205688476562,139.19110107421875
frame_002298.png,188.24267578125,114.87162017822266,-200.99667358398438,-188.15902709960938,-234.53717041015625,139.25833129882812
frame_002299.png,188.3205108642578,114.93238830566406,-201.08209228515625,-188.24342346191406,-234.6195831298828,139.32766723632812
frame_002300.png,188.39990234375,114.99384307861328,-201.16783142089844,-188.3286590576172,-234.70156860351562,139.3993682861328
frame_002301.png,188.4821319580078,115.0555419921875,-201.25462341308594,-188.4141845703125,-234.78384399414062,139.47434997558594
frame_002302.png,188.56361389160156,115.11798858642578,-201.34396362304688,-188.4994354248047,-234.8632354736328,139.55137634277344
frame_002303.png,188.64610290527344,115.18144989013672,-201.43507385253906,-188.58067321777344,-234.9414520263672,139.63087463378906
frame_002304.png,188.73193359375,115.24423217773438,-201.52882385253906,-188.65660095214844,-235.0171356201172,139.7083282470703
frame_002305.png,188.81976318359375,115.30744934082031,-201.62384033203125,-188.72886657714844,-235.0918731689453,139.78158569335938
frame_002306.png,188.91050720214844,115.37109375,-201.71810913085938,-188.79635620117188,-235.16891479492188,139.84967041015625
frame_002307.png,189.00509643554688,115.4329833984375,-201.80967712402344,-188.85821533203125,-235.2455596923828,139.9157257080078
frame_002308.png,189.1007537841797,115.4921875,-201.89990234375,-188.91603088378906,-235.32217407226562,139.97999572753906
frame_002309.png,189.19790649414062,115.54805755615234,-201.9862823486328,-188.97146606445312,-235.39784240722656,140.04345703125
frame_002310.png,189.29525756835938,115.6009292602539,-202.06817626953125,-189.0277557373047,-235.47413635253906,140.10684204101562
frame_002311.png,189.3903045654297,115.65159606933594,-202.14816284179688,-189.0857696533203,-235.55006408691406,140.1708984375
frame_002312.png,189.48387145996094,115.70344543457031,-202.22756958007812,-189.14649963378906,-235.62698364257812,140.2352294921875
frame_002313.png,189.5742645263672,115.75633239746094,-202.30484008789062,-189.21298217773438,-235.7056121826172,140.3005828857422
frame_002314.png,189.6617889404297,115.8110580444336,-202.38136291503906,-189.284423828125,-235.78744506835938,140.36605834960938
frame_002315.png,189.74688720703125,115.86798858642578,-202.4568634033203,-189.3605194091797,-235.870361328125,140.43275451660156
frame_002316.png,189.83062744140625,115.92620849609375,-202.53262329101562,-189.4412384033203,-235.95338439941406,140.501953125
frame_002317.png,189.91366577148438,115.98382568359375,-202.6104736328125,-189.5235137939453,-236.03717041015625,140.57537841796875
frame_002318.png,189.9977264404297,116.03977966308594,-202.690673828125,-189.60711669921875,-236.12112426757812,140.65151977539062
frame_002319.png,190.08322143554688,116.09583282470703,-202.77056884765625,-189.69180297851562,-236.2053680419922,140.72808837890625
frame_002320.png,190.16964721679688,116.1524429321289,-202.849365234375,-189.77667236328125,-236.28805541992188,140.80325317382812
frame_002321.png,190.25706481933594,116.21084594726562,-202.9289093017578,-189.86209106445312,-236.36795043945312,140.87759399414062
frame_002322.png,190.345947265625,116.27245330810547,-203.00930786132812,-189.9482421875,-236.44606018066406,140.95022583007812
frame_002323.png,190.4329376220703,116.33522033691406,-203.08981323242188,-190.0366973876953,-236.5249786376953,141.02264404296875
frame_002324.png,190.51625061035156,116.39822387695312,-203.1686248779297,-190.12730407714844,-236.60525512695312,141.09371948242188
frame_002325.png,190.599365234375,116.4612808227539,-203.24696350097656,-190.2178955078125,-236.6873321533203,141.16278076171875
frame_002326.png,190.6812744140625,116.52408599853516,-203.32406616210938,-190.30943298339844,-236.76806640625,141.23304748535156
frame_002327.png,190.7627716064453,116.58921813964844,-203.40426635742188,-190.40098571777344,-236.8475341796875,141.3038787841797
frame_002328.png,190.8440399169922,116.6594009399414,-203.48568725585938,-190.49473571777344,-236.92660522460938,141.37393188476562
frame_002329.png,190.92593383789062,116.7351303100586,-203.57273864746094,-190.58648681640625,-237.00340270996094,141.4447784423828
frame_002330.png,191.0089111328125,116.81108093261719,-203.663818359375,-190.67636108398438,-237.076904296875,141.51187133789062
frame_002331.png,191.09591674804688,116.88459014892578,-203.7572479248047,-190.76657104492188,-237.1489715576172,141.57606506347656
frame_002332.png,191.1835174560547,116.95257568359375,-203.85032653808594,-190.85531616210938,-237.22535705566406,141.64068603515625
frame_002333.png,191.2707977294922,117.01642608642578,-203.94277954101562,-190.9410400390625,-237.3043975830078,141.70928955078125
frame_002334.png,191.35728454589844,117.07456970214844,-204.03465270996094,-191.02560424804688,-237.38539123535156,141.78041076660156
frame_002335.png,191.44046020507812,117.12877655029297,-204.12362670898438,-191.11134338378906,-237.47079467773438,141.85134887695312
frame_002336.png,191.51954650878906,117.18347930908203,-204.212890625,-191.19943237304688,-237.5592041015625,141.9208526611328
frame_002337.png,191.59681701660156,117.24151611328125,-204.30035400390625,-191.28936767578125,-237.64894104003906,141.98855590820312
frame_002338.png,191.67625427246094,117.3039321899414,-204.3815460205078,-191.38145446777344,-237.7379913330078,142.0563201904297
frame_002339.png,191.7606658935547,117.3658447265625,-204.45668029785156,-191.47308349609375,-237.82762145996094,142.12136840820312
frame_002340.png,191.85140991210938,117.42704772949219,-204.52926635742188,-191.55873107910156,-237.92153930664062,142.18499755859375
frame_002341.png,191.9457550048828,117.48493194580078,-204.60568237304688,-191.64352416992188,-238.01608276367188,142.25048828125
frame_002342.png,192.04443359375,117.53839111328125,-204.6851348876953,-191.7267608642578,-238.1096649169922,142.31678771972656
frame_002343.png,192.1464080810547,117.59315490722656,-204.77401733398438,-191.80628967285156,-238.2047119140625,142.38333129882812
frame_002344.png,192.24716186523438,117.6530990600586,-204.86972045898438,-191.88465881347656,-238.3015594482422,142.44708251953125
frame_002345.png,192.3464813232422,117.71712493896484,-204.9741973876953,-191.9602813720703,-238.39955139160156,142.50721740722656
frame_002346.png,192.44692993164062,117.78319549560547,-205.08197021484375,-192.03282165527344,-238.5006561279297,142.56600952148438
frame_002347.png,192.55050659179688,117.8463363647461,-205.1901092529297,-192.101318359375,-238.60166931152344,142.62120056152344
frame_002348.png,192.65591430664062,117.90511322021484,-205.29942321777344,-192.1726837158203,-238.703369140625,142.67385864257812
frame_002349.png,192.76290893554688,117.95854187011719,-205.41009521484375,-192.24508666992188,-238.80584716796875,142.7278594970703
frame_002350.png,192.8692169189453,118.00761413574219,-205.51698303222656,-192.3162384033203,-238.90806579589844,142.7856903076172
frame_002351.png,192.97740173339844,118.05668640136719,-205.618408203125,-192.3874053955078,-239.01083374023438,142.8442840576172
frame_002352.png,193.08575439453125,118.10726928710938,-205.71641540527344,-192.4595947265625,-239.11367797851562,142.90707397460938
frame_002353.png,193.19015502929688,118.1573486328125,-205.80979919433594,-192.53530883789062,-239.21896362304688,142.97193908691406
frame_002354.png,193.2914581298828,118.2061767578125,-205.89910888671875,-192.61370849609375,-239.32626342773438,143.03720092773438
frame_002355.png,193.3896484375,118.25196838378906,-205.98350524902344,-192.69305419921875,-239.43695068359375,143.10267639160156
frame_002356.png,193.4861297607422,118.29682159423828,-206.06700134277344,-192.77041625976562,-239.55247497558594,143.16525268554688
frame_002357.png,193.5823974609375,118.34175872802734,-206.1529541015625,-192.84559631347656,-239.669189453125,143.2281951904297
frame_002358.png,193.67750549316406,118.38523864746094,-206.24136352539062,-192.9217529296875,-239.78958129882812,143.29763793945312
frame_002359.png,193.77365112304688,118.4282455444336,-206.33633422851562,-192.9914093017578,-239.91619873046875,143.36900329589844
frame_002360.png,193.86988830566406,118.47125244140625,-206.4344024658203,-193.0547332763672,-240.04586791992188,143.4425048828125
frame_002361.png,193.96670532226562,118.51463317871094,-206.53652954101562,-193.11489868164062,-240.1767120361328,143.51840209960938
frame_002362.png,194.064208984375,118.55999755859375,-206.6451416015625,-193.17129516601562,-240.30938720703125,143.59458923339844
frame_002363.png,194.16009521484375,118.60865020751953,-206.75665283203125,-193.22784423828125,-240.44223022460938,143.6696014404297
frame_002364.png,194.25547790527344,118.6584243774414,-206.87242126464844,-193.2841339111328,-240.5754852294922,143.7434844970703
frame_002365.png,194.3516387939453,118.70938110351562,-206.98855590820312,-193.34031677246094,-240.71005249023438,143.81509399414062
frame_002366.png,194.44744873046875,118.76148986816406,-207.10525512695312,-193.39797973632812,-240.846435546875,143.88491821289062
frame_002367.png,194.54246520996094,118.81622314453125,-207.22142028808594,-193.45616149902344,-240.9851837158203,143.9537811279297
frame_002368.png,194.63479614257812,118.87239837646484,-207.33619689941406,-193.51490783691406,-241.1251983642578,144.0249481201172
frame_002369.png,194.7266082763672,118.92326354980469,-207.44662475585938,-193.57138061523438,-241.26573181152344,144.09722900390625
frame_002370.png,194.8169708251953,118.97259521484375,-207.54681396484375,-193.62449645996094,-241.40390014648438,144.16908264160156
frame_002371.png,194.9066162109375,119.01914978027344,-207.6381072998047,-193.6810760498047,-241.53724670410156,144.2402801513672
frame_002372.png,195.00010681152344,119.06451416015625,-207.7259521484375,-193.74168395996094,-241.664794921875,144.3114471435547
frame_002373.png,195.09690856933594,119.11006927490234,-207.81480407714844,-193.80026245117188,-241.78733825683594,144.38064575195312
frame_002374.png,195.19740295410156,119.15884399414062,-207.90306091308594,-193.86087036132812,-241.90814208984375,144.4463348388672
frame_002375.png,195.30186462402344,119.20804595947266,-207.99156188964844,-193.92166137695312,-242.02850341796875,144.51214599609375
frame_002376.png,195.4090576171875,119.25919342041016,-208.07925415039062,-193.98521423339844,-242.1488494873047,144.57937622070312
frame_002377.png,195.51654052734375,119.3081283569336,-208.16748046875,-194.04693603515625,-242.2673797607422,144.64907836914062
frame_002378.png,195.62599182128906,119.35447692871094,-208.25384521484375,-194.1071319580078,-242.38729858398438,144.71888732910156
frame_002379.png,195.73562622070312,119.39617156982422,-208.33717346191406,-194.16761779785156,-242.50653076171875,144.7878875732422
frame_002380.png,195.84385681152344,119.43719482421875,-208.42205810546875,-194.22679138183594,-242.62332153320312,144.8539276123047
frame_002381.png,195.94900512695312,119.47923278808594,-208.50640869140625,-194.28826904296875,-242.7375030517578,144.91647338867188
frame_002382.png,196.05238342285156,119.52300262451172,-208.59036254882812,-194.35560607910156,-242.85008239746094,144.9762420654297
frame_002383.png,196.15504455566406,119.56393432617188,-208.6759490966797,-194.4236297607422,-242.9623565673828,145.0318603515625
frame_002384.png,196.25607299804688,119.60350036621094,-208.76402282714844,-194.4950714111328,-243.06988525390625,145.08717346191406
frame_002385.png,196.35498046875,119.64407348632812,-208.85438537597656,-194.5712432861328,-243.174072265625,145.14007568359375
frame_002386.png,196.45164489746094,119.68895721435547,-208.9473419189453,-194.6510467529297,-243.27134704589844,145.19273376464844
frame_002387.png,196.54869079589844,119.73452758789062,-209.044921875,-194.72885131835938,-243.3644256591797,145.2456817626953
frame_002388.png,196.64523315429688,119.78192138671875,-209.1474151611328,-194.80593872070312,-243.45639038085938,145.29812622070312
frame_002389.png,196.74514770507812,119.83353424072266,-209.2595977783203,-194.8793487548828,-243.54986572265625,145.35023498535156
frame_002390.png,196.8467254638672,119.88795471191406,-209.37466430664062,-194.9517059326172,-243.641845703125,145.4044952392578
frame_002391.png,196.94822692871094,119.94308471679688,-209.4864501953125,-195.0286407470703,-243.73097229003906,145.45884704589844
frame_002392.png,197.0509490966797,119.99613189697266,-209.59298706054688,-195.1067352294922,-243.8189239501953,145.51321411132812
frame_002393.png,197.1525115966797,120.05025482177734,-209.69305419921875,-195.18890380859375,-243.90371704101562,145.5711669921875
frame_002394.png,197.25048828125,120.1014633178711,-209.78607177734375,-195.27305603027344,-243.9850311279297,145.62966918945312
frame_002395.png,197.34397888183594,120.151123046875,-209.8740997314453,-195.35804748535156,-244.06591796875,145.68882751464844
frame_002396.png,197.43167114257812,120.19963073730469,-209.95668029785156,-195.44325256347656,-244.14549255371094,145.74822998046875
frame_002397.png,197.51573181152344,120.24699401855469,-210.03701782226562,-195.52935791015625,-244.22409057617188,145.80714416503906
frame_002398.png,197.5960693359375,120.29686737060547,-210.1179656982422,-195.6131591796875,-244.30239868164062,145.86654663085938
frame_002399.png,197.6780548095703,120.34927368164062,-210.20196533203125,-195.6917266845703,-244.37945556640625,145.92626953125
frame_002400.png,197.76333618164062,120.40226745605469,-210.28590393066406,-195.765869140625,-244.4552001953125,145.98480224609375
frame_002401.png,197.8509521484375,120.45848083496094,-210.3697509765625,-195.83558654785156,-244.5289764404297,146.0416717529297
frame_002402.png,197.9407196044922,120.51592254638672,-210.4549560546875,-195.9035186767578,-244.6001739501953,146.09912109375
frame_002403.png,198.02935791015625,120.57142639160156,-210.54039001464844,-195.9730224609375,-244.6662139892578,146.15699768066406
frame_002404.png,198.11448669433594,120.62499237060547,-210.6237030029297,-196.04617309570312,-244.73101806640625,146.21487426757812
frame_002405.png,198.1975555419922,120.6738510131836,-210.70652770996094,-196.1230926513672,-244.7958221435547,146.27317810058594
frame_002406.png,198.2799835205078,120.71895599365234,-210.7899932861328,-196.2034912109375,-244.8624267578125,146.3306427001953
frame_002407.png,198.36410522460938,120.76154327392578,-210.8740234375,-196.28799438476562,-244.93179321289062,146.388427734375
frame_002408.png,198.45040893554688,120.80168914794922,-210.95986938476562,-196.37478637695312,-245.00392150878906,146.44894409179688
frame_002409.png,198.53775024414062,120.84027862548828,-211.04823303222656,-196.46435546875,-245.0768585205078,146.51332092285156
frame_002410.png,198.6259002685547,120.87715148925781,-211.13832092285156,-196.5562286376953,-245.14984130859375,146.5793914794922
frame_002411.png,198.71548461914062,120.91422271728516,-211.22914123535156,-196.6479034423828,-245.2239227294922,146.6460418701172
frame_002412.png,198.80775451660156,120.9527587890625,-211.3199005126953,-196.73741149902344,-245.29925537109375,146.71307373046875
frame_002413.png,198.90396118164062,120.9930419921875,-211.41421508789062,-196.8262939453125,-245.37403869628906,146.7796630859375
frame_002414.png,199.003173828125,121.03541564941406,-211.51153564453125,-196.912841796875,-245.44992065429688,146.8463897705078
frame_002415.png,199.10325622558594,121.08045196533203,-211.609375,-196.9965362548828,-245.5277099609375,146.91184997558594
frame_002416.png,199.20187377929688,121.12532806396484,-211.70631408691406,-197.08006286621094,-245.60829162597656,146.9755096435547
frame_002417.png,199.30023193359375,121.16844940185547,-211.80303955078125,-197.16514587402344,-245.69287109375,147.04092407226562
frame_002418.png,199.39984130859375,121.21121215820312,-211.90081787109375,-197.25350952148438,-245.77984619140625,147.10626220703125
frame_002419.png,199.50021362304688,121.25408935546875,-211.99893188476562,-197.3420867919922,-245.86830139160156,147.1726531982422
frame_002420.png,199.60171508789062,121.29734802246094,-212.09799194335938,-197.42953491210938,-245.9549102783203,147.24095153808594
frame_002421.png,199.7058563232422,121.34040832519531,-212.19615173339844,-197.51637268066406,-246.0383758544922,147.3106689453125
frame_002422.png,199.8103790283203,121.38246154785156,-212.2937774658203,-197.60064697265625,-246.12010192871094,147.3812255859375
frame_002423.png,199.91282653808594,121.42364501953125,-212.3900909423828,-197.68067932128906,-246.20101928710938,147.4517822265625
frame_002424.png,200.01168823242188,121.46434020996094,-212.48655700683594,-197.75917053222656,-246.2800750732422,147.522705078125
frame_002425.png,200.1081085205078,121.50344848632812,-212.58119201660156,-197.83770751953125,-246.35574340820312,147.59376525878906
frame_002426.png,200.2030487060547,121.54197692871094,-212.67306518554688,-197.91928100585938,-246.42713928222656,147.66510009765625
frame_002427.png,200.2966766357422,121.58035278320312,-212.76516723632812,-198.0028839111328,-246.49465942382812,147.73680114746094
frame_002428.png,200.391845703125,121.62008666992188,-212.85997009277344,-198.0856475830078,-246.55992126464844,147.80740356445312
frame_002429.png,200.48797607421875,121.66234588623047,-212.95668029785156,-198.16664123535156,-246.62478637695312,147.87673950195312
frame_002430.png,200.58624267578125,121.70819854736328,-213.05593872070312,-198.2461395263672,-246.69216918945312,147.94149780273438
frame_002431.png,200.68629455566406,121.75353240966797,-213.15846252441406,-198.32583618164062,-246.7603759765625,148.00355529785156
frame_002432.png,200.78614807128906,121.79774475097656,-213.2598876953125,-198.40899658203125,-246.8334197998047,148.06658935546875
frame_002433.png,200.88525390625,121.84281158447266,-213.36196899414062,-198.49220275878906,-246.91030883789062,148.13002014160156
frame_002434.png,200.983154296875,121.88760375976562,-213.46429443359375,-198.57423400878906,-246.99002075195312,148.19557189941406
frame_002435.png,201.08148193359375,121.93289184570312,-213.56520080566406,-198.65174865722656,-247.0736846923828,148.26063537597656
frame_002436.png,201.17791748046875,121.9793701171875,-213.66281127929688,-198.72879028320312,-247.15948486328125,148.32522583007812
frame_002437.png,201.27101135253906,122.0287094116211,-213.76011657714844,-198.80838012695312,-247.24766540527344,148.38760375976562
frame_002438.png,201.36325073242188,122.07710266113281,-213.85752868652344,-198.88612365722656,-247.3386993408203,148.44923400878906
frame_002439.png,201.45596313476562,122.12727355957031,-213.95863342285156,-198.96299743652344,-247.4307861328125,148.5092010498047
frame_002440.png,201.5497283935547,122.17618560791016,-214.05807495117188,-199.0394287109375,-247.5250701904297,148.56944274902344
frame_002441.png,201.64505004882812,122.22570037841797,-214.15538024902344,-199.11666870117188,-247.61964416503906,148.62672424316406
frame_002442.png,201.74188232421875,122.2740249633789,-214.253173828125,-199.1939697265625,-247.7165985107422,148.6846466064453
frame_002443.png,201.8402099609375,122.32276153564453,-214.35134887695312,-199.2731170654297,-247.8137969970703,148.74520874023438
frame_002444.png,201.9395751953125,122.37206268310547,-214.44883728027344,-199.3543701171875,-247.91448974609375,148.80856323242188
frame_002445.png,202.04226684570312,122.42536163330078,-214.5457763671875,-199.43576049804688,-248.01890563964844,148.87103271484375
frame_002446.png,202.14393615722656,122.48149108886719,-214.64109802246094,-199.51309204101562,-248.1254119873047,148.9287567138672
frame_002447.png,202.24078369140625,122.5333251953125,-214.73304748535156,-199.58782958984375,-248.2327880859375,148.9876708984375
frame_002448.png,202.33860778808594,122.58369445800781,-214.82298278808594,-199.6608428955078,-248.3404998779297,149.04833984375
frame_002449.png,202.43739318847656,122.63418579101562,-214.91639709472656,-199.73196411132812,-248.44554138183594,149.111083984375
frame_002450.png,202.53807067871094,122.68291473388672,-215.01271057128906,-199.8011016845703,-248.55177307128906,149.17620849609375
frame_002451.png,202.64012145996094,122.73332214355469,-215.1124725341797,-199.87002563476562,-248.65782165527344,149.24169921875
frame_002452.png,202.7417755126953,122.7848129272461,-215.21165466308594,-199.93780517578125,-248.76255798339844,149.30833435058594
frame_002453.png,202.83900451660156,122.83814239501953,-215.3086395263672,-200.0049285888672,-248.8690185546875,149.37718200683594
frame_002454.png,202.9328155517578,122.89653778076172,-215.40475463867188,-200.0687713623047,-248.97657775878906,149.44866943359375
frame_002455.png,203.02520751953125,122.95997619628906,-215.50439453125,-200.1283721923828,-249.0818634033203,149.51963806152344
frame_002456.png,203.1236114501953,123.02450561523438,-215.60372924804688,-200.18397521972656,-249.18914794921875,149.58494567871094
frame_002457.png,203.22654724121094,123.09112548828125,-215.7069854736328,-200.240234375,-249.29287719726562,149.64654541015625
frame_002458.png,203.3290252685547,123.15736389160156,-215.81553649902344,-200.301513671875,-249.3939971923828,149.7052764892578
frame_002459.png,203.4304656982422,123.22216033935547,-215.9277801513672,-200.3663330078125,-249.4908447265625,149.7632293701172
frame_002460.png,203.5285186767578,123.28966522216797,-216.04147338867188,-200.43197631835938,-249.58595275878906,149.82080078125
frame_002461.png,203.62745666503906,123.3568115234375,-216.15496826171875,-200.4969940185547,-249.68260192871094,149.8767547607422
frame_002462.png,203.726806640625,123.42013549804688,-216.27081298828125,-200.56166076660156,-249.77841186523438,149.93487548828125
frame_002463.png,203.8266143798828,123.48230743408203,-216.38873291015625,-200.62554931640625,-249.87203979492188,149.99632263183594
frame_002464.png,203.92311096191406,123.54475402832031,-216.50634765625,-200.6914520263672,-249.96461486816406,150.06085205078125
frame_002465.png,204.01673889160156,123.60938262939453,-216.62010192871094,-200.76280212402344,-250.05548095703125,150.12863159179688
frame_002466.png,204.10841369628906,123.67485046386719,-216.73348999023438,-200.8383026123047,-250.14552307128906,150.19859313964844
frame_002467.png,204.20094299316406,123.73955535888672,-216.85069274902344,-200.91494750976562,-250.23666381835938,150.270751953125
frame_002468.png,204.29566955566406,123.802734375,-216.97067260742188,-200.9912567138672,-250.3286590576172,150.34463500976562
frame_002469.png,204.39410400390625,123.8628921508789,-217.09466552734375,-201.0648651123047,-250.42274475097656,150.4161834716797
frame_002470.png,204.49578857421875,123.92181396484375,-217.222900390625,-201.13218688964844,-250.51864624023438,150.48361206054688
frame_002471.png,204.59957885742188,123.98165893554688,-217.3526611328125,-201.19529724121094,-250.61537170410156,150.54713439941406
frame_002472.png,204.70423889160156,124.04373931884766,-217.48423767089844,-201.25772094726562,-250.71295166015625,150.60617065429688
frame_002473.png,204.80870056152344,124.10940551757812,-217.61386108398438,-201.32379150390625,-250.80897521972656,150.661376953125
frame_002474.png,204.9125518798828,124.17735290527344,-217.74134826660156,-201.39146423339844,-250.90579223632812,150.71315002441406
frame_002475.png,205.0135955810547,124.24700927734375,-217.8660888671875,-201.45765686035156,-251.0032958984375,150.76356506347656
frame_002476.png,205.1117401123047,124.31883239746094,-217.9887237548828,-201.52133178710938,-251.10086059570312,150.8148651123047
frame_002477.png,205.20846557617188,124.38827514648438,-218.10914611816406,-201.5827178955078,-251.2007598876953,150.86764526367188
frame_002478.png,205.3026580810547,124.45525360107422,-218.22772216796875,-201.64207458496094,-251.30323791503906,150.9208984375
frame_002479.png,205.39552307128906,124.51985168457031,-218.34429931640625,-201.7009735107422,-251.4065704345703,150.97406005859375
frame_002480.png,205.48634338378906,124.58501434326172,-218.462890625,-201.75816345214844,-251.50997924804688,151.02545166015625
frame_002481.png,205.57559204101562,124.6497802734375,-218.58343505859375,-201.8167724609375,-251.6157989501953,151.07620239257812
frame_002482.png,205.66561889648438,124.71157836914062,-218.7030792236328,-201.8788299560547,-251.7216033935547,151.1250457763672
frame_002483.png,205.75845336914062,124.7706298828125,-218.82334899902344,-201.942138671875,-251.8284912109375,151.17221069335938
frame_002484.png,205.85653686523438,124.82689666748047,-218.94874572753906,-202.00733947753906,-251.9365997314453,151.22085571289062
frame_002485.png,205.95794677734375,124.88418579101562,-219.07740783691406,-202.07322692871094,-252.04800415039062,151.2709197998047
frame_002486.png,206.06063842773438,124.94190216064453,-219.20883178710938,-202.13995361328125,-252.16363525390625,151.3219757080078
frame_002487.png,206.1627960205078,125.00355529785156,-219.34088134765625,-202.20509338378906,-252.2833251953125,151.3733367919922
frame_002488.png,206.2628631591797,125.06719207763672,-219.47300720214844,-202.2684326171875,-252.4029998779297,151.4261016845703
frame_002489.png,206.35906982421875,125.13294982910156,-219.60462951660156,-202.33314514160156,-252.52175903320312,151.48048400878906
frame_002490.png,206.45681762695312,125.19913482666016,-219.73745727539062,-202.39773559570312,-252.63929748535156,151.534912109375
frame_002491.png,206.5545196533203,125.2646713256836,-219.86895751953125,-202.4602813720703,-252.7531280517578,151.59164428710938
frame_002492.png,206.65113830566406,125.33256530761719,-219.9975128173828,-202.51913452148438,-252.8670654296875,151.64857482910156
frame_002493.png,206.74227905273438,125.4013442993164,-220.1244354248047,-202.57196044921875,-252.984130859375,151.70217895507812
frame_002494.png,206.8291015625,125.47052764892578,-220.24783325195312,-202.6204071044922,-253.10305786132812,151.7562255859375
frame_002495.png,206.91583251953125,125.53533172607422,-220.3636474609375,-202.66380310058594,-253.22349548339844,151.81076049804688
frame_002496.png,207.00469970703125,125.60122680664062,-220.47047424316406,-202.7095184326172,-253.34347534179688,151.8661346435547
frame_002497.png,207.09461975097656,125.66749572753906,-220.57164001464844,-202.7616729736328,-253.46685791015625,151.92367553710938
frame_002498.png,207.18548583984375,125.73171997070312,-220.6678009033203,-202.82135009765625,-253.5906982421875,151.98501586914062
frame_002499.png,207.27700805664062,125.79085540771484,-220.76084899902344,-202.8845672607422,-253.71481323242188,152.0526580810547
frame_002500.png,207.37191772460938,125.84712219238281,-220.8499298095703,-202.9501495361328,-253.8399658203125,152.12594604492188
frame_002501.png,207.47097778320312,125.90097045898438,-220.93687438964844,-203.0167236328125,-253.9688720703125,152.20120239257812
frame_002502.png,207.57496643066406,125.95454406738281,-221.02256774902344,-203.08555603027344,-254.099365234375,152.27633666992188
frame_002503.png,207.6828155517578,126.00808715820312,-221.11154174804688,-203.1534423828125,-254.2291259765625,152.3508758544922
frame_002504.png,207.79367065429688,126.05870056152344,-221.20310974121094,-203.21792602539062,-254.35858154296875,152.4251708984375
frame_002505.png,207.90618896484375,126.10873413085938,-221.29965209960938,-203.27772521972656,-254.48641967773438,152.4989776611328
frame_002506.png,208.0198516845703,126.1572265625,-221.39634704589844,-203.3370819091797,-254.6170196533203,152.56980895996094
frame_002507.png,208.1339111328125,126.20299530029297,-221.49188232421875,-203.3959503173828,-254.74798583984375,152.63784790039062
frame_002508.png,208.2482452392578,126.24906158447266,-221.5855712890625,-203.45614624023438,-254.87753295898438,152.70303344726562
frame_002509.png,208.36204528808594,126.29682159423828,-221.6777801513672,-203.51806640625,-255.00485229492188,152.76710510253906
frame_002510.png,208.47691345214844,126.3464584350586,-221.76947021484375,-203.58148193359375,-255.12997436523438,152.82839965820312
frame_002511.png,208.59317016601562,126.39585876464844,-221.86288452148438,-203.64732360839844,-255.25303649902344,152.8885955810547
frame_002512.png,208.7115478515625,126.44380187988281,-221.95843505859375,-203.7139892578125,-255.37356567382812,152.9486846923828
frame_002513.png,208.8312225341797,126.48888397216797,-222.05711364746094,-203.7832489013672,-255.4894561767578,153.01036071777344
frame_002514.png,208.95327758789062,126.53523254394531,-222.16001892089844,-203.8506622314453,-255.60560607910156,153.072998046875
frame_002515.png,209.07521057128906,126.58261108398438,-222.2640838623047,-203.91810607910156,-255.7203826904297,153.1326904296875
frame_002516.png,209.19606018066406,126.63106536865234,-222.36412048339844,-203.98690795898438,-255.8362579345703,153.19088745117188
frame_002517.png,209.31558227539062,126.68029022216797,-222.46202087402344,-204.0584259033203,-255.95030212402344,153.25022888183594
frame_002518.png,209.43191528320312,126.73516082763672,-222.55621337890625,-204.13101196289062,-256.0640869140625,153.3126678466797
frame_002519.png,209.5428466796875,126.79472351074219,-222.64854431152344,-204.20236206054688,-256.1767578125,153.3759002685547
frame_002520.png,209.6477508544922,126.85519409179688,-222.739990234375,-204.27401733398438,-256.28887939453125,153.43692016601562
frame_002521.png,209.7458038330078,126.91764831542969,-222.83010864257812,-204.35104370117188,-256.3974304199219,153.4976348876953
frame_002522.png,209.84091186523438,126.97679138183594,-222.9204559326172,-204.42857360839844,-256.5075378417969,153.56263732910156
frame_002523.png,209.93634033203125,127.03433990478516,-223.0139923095703,-204.50257873535156,-256.62005615234375,153.6292724609375
frame_002524.png,210.02899169921875,127.09320068359375,-223.1092071533203,-204.57464599609375,-256.73468017578125,153.6965789794922
frame_002525.png,210.1190185546875,127.15484619140625,-223.2023162841797,-204.64498901367188,-256.8489685058594,153.76687622070312
frame_002526.png,210.20867919921875,127.2197036743164,-223.28985595703125,-204.71505737304688,-256.9623718261719,153.8397979736328
frame_002527.png,210.29336547851562,127.28656768798828,-223.37338256835938,-204.78700256347656,-257.0708312988281,153.91319274902344
frame_002528.png,210.372314453125,127.3543472290039,-223.45407104492188,-204.8640594482422,-257.17718505859375,153.98501586914062
frame_002529.png,210.44873046875,127.42141723632812,-223.52655029296875,-204.94528198242188,-257.2813720703125,154.0564422607422
frame_002530.png,210.52178955078125,127.48554229736328,-223.58792114257812,-205.03074645996094,-257.3846435546875,154.1286163330078
frame_002531.png,210.59327697753906,127.54769897460938,-223.6421356201172,-205.11851501464844,-257.4899597167969,154.2005615234375
frame_002532.png,210.6658477783203,127.60722351074219,-223.69276428222656,-205.2074737548828,-257.5946044921875,154.2718505859375
frame_002533.png,210.7401885986328,127.66558837890625,-223.74505615234375,-205.29519653320312,-257.698486328125,154.3425750732422
frame_002534.png,210.81689453125,127.72569274902344,-223.80020141601562,-205.3811798095703,-257.80072021484375,154.4122772216797
frame_002535.png,210.89517211914062,127.78829956054688,-223.85821533203125,-205.46786499023438,-257.8988952636719,154.48268127441406
frame_002536.png,210.9725341796875,127.8539047241211,-223.92066955566406,-205.55662536621094,-257.9942626953125,154.5527801513672
frame_002537.png,211.0518341064453,127.92034149169922,-223.9872283935547,-205.64634704589844,-258.0880126953125,154.6229248046875
frame_002538.png,211.13563537597656,127.9865493774414,-224.05728149414062,-205.73931884765625,-258.1807556152344,154.69239807128906
frame_002539.png,211.22613525390625,128.05169677734375,-224.13218688964844,-205.8362579345703,-258.274169921875,154.75619506835938
frame_002540.png,211.3220672607422,128.1149139404297,-224.2105712890625,-205.9373016357422,-258.365234375,154.81805419921875
frame_002541.png,211.42271423339844,128.1782989501953,-224.2916259765625,-206.04164123535156,-258.4513854980469,154.878173828125
frame_002542.png,211.5256805419922,128.24530029296875,-224.37557983398438,-206.14712524414062,-258.5360107421875,154.93576049804688
frame_002543.png,211.629150390625,128.31639099121094,-224.4611358642578,-206.25405883789062,-258.62005615234375,154.99267578125
frame_002544.png,211.73251342773438,128.39041137695312,-224.54629516601562,-206.36148071289062,-258.705322265625,155.05088806152344
frame_002545.png,211.83663940429688,128.4644775390625,-224.6306610107422,-206.46755981445312,-258.7938232421875,155.10853576660156
frame_002546.png,211.9394073486328,128.5361328125,-224.7155303955078,-206.5738525390625,-258.8829650878906,155.1685333251953
frame_002547.png,212.0396728515625,128.60299682617188,-224.79937744140625,-206.67681884765625,-258.9739074707031,155.2296600341797
frame_002548.png,212.13919067382812,128.66453552246094,-224.88401794433594,-206.7763671875,-259.07098388671875,155.29331970214844
frame_002549.png,212.23655700683594,128.7220458984375,-224.96583557128906,-206.8743438720703,-259.17083740234375,155.35794067382812
frame_002550.png,212.32992553710938,128.78005981445312,-225.0441131591797,-206.97265625,-259.27325439453125,155.42481994628906
frame_002551.png,212.41932678222656,128.8419647216797,-225.12399291992188,-207.0688934326172,-259.3780822753906,155.4895782470703
frame_002552.png,212.510009765625,128.90420532226562,-225.2068634033203,-207.16249084472656,-259.4837646484375,155.55165100097656
frame_002553.png,212.60372924804688,128.9685516357422,-225.29103088378906,-207.2538604736328,-259.5889892578125,155.61180114746094
frame_002554.png,212.703369140625,129.0325164794922,-225.37796020507812,-207.34385681152344,-259.6962585449219,155.67221069335938
frame_002555.png,212.80746459960938,129.0944061279297,-225.46815490722656,-207.43238830566406,-259.80450439453125,155.73074340820312
frame_002556.png,212.91189575195312,129.15625,-225.5583038330078,-207.518310546875,-259.9122619628906,155.78741455078125
frame_002557.png,213.01524353027344,129.2183074951172,-225.64553833007812,-207.60159301757812,-260.0204162597656,155.8458251953125
frame_002558.png,213.11721801757812,129.27716064453125,-225.7303009033203,-207.68011474609375,-260.1318359375,155.904052734375
frame_002559.png,213.21693420410156,129.3342742919922,-225.81192016601562,-207.7595977783203,-260.24615478515625,155.96319580078125
frame_002560.png,213.31407165527344,129.39039611816406,-225.89410400390625,-207.840576171875,-260.3619689941406,156.0226593017578
frame_002561.png,213.4097137451172,129.44845581054688,-225.98159790039062,-207.9195556640625,-260.477783203125,156.0829620361328
frame_002562.png,213.5016326904297,129.50897216796875,-226.07180786132812,-207.99684143066406,-260.59271240234375,156.14584350585938
frame_002563.png,213.59144592285156,129.5730743408203,-226.1609344482422,-208.07107543945312,-260.70806884765625,156.2110137939453
frame_002564.png,213.68431091308594,129.63693237304688,-226.2490234375,-208.14486694335938,-260.82537841796875,156.27760314941406
frame_002565.png,213.78282165527344,129.6985321044922,-226.3342742919922,-208.2161407470703,-260.941162109375,156.34352111816406
frame_002566.png,213.88674926757812,129.7557830810547,-226.41983032226562,-208.28695678710938,-261.0565490722656,156.4102325439453
frame_002567.png,213.99325561523438,129.8112335205078,-226.50550842285156,-208.3564910888672,-261.17279052734375,156.47640991210938
frame_002568.png,214.10252380371094,129.86351013183594,-226.59512329101562,-208.42526245117188,-261.2887268066406,156.54457092285156
frame_002569.png,214.2127685546875,129.91262817382812,-226.68788146972656,-208.49716186523438,-261.4034423828125,156.6107635498047
frame_002570.png,214.32164001464844,129.9575958251953,-226.78404235839844,-208.5726318359375,-261.51934814453125,156.67433166503906
frame_002571.png,214.43222045898438,130.00076293945312,-226.8810577392578,-208.6502227783203,-261.6347351074219,156.734130859375
frame_002572.png,214.5434112548828,130.03916931152344,-226.97943115234375,-208.72793579101562,-261.7496337890625,156.79307556152344
frame_002573.png,214.65147399902344,130.07574462890625,-227.07534790039062,-208.8062744140625,-261.8608093261719,156.85401916503906
frame_002574.png,214.7562255859375,130.11256408691406,-227.16879272460938,-208.8872833251953,-261.9686279296875,156.91358947753906
frame_002575.png,214.85716247558594,130.14830017089844,-227.2599334716797,-208.97174072265625,-262.0731506347656,156.97520446777344
frame_002576.png,214.95606994628906,130.17921447753906,-227.35006713867188,-209.05783081054688,-262.17498779296875,157.04055786132812
frame_002577.png,215.05001831054688,130.2115020751953,-227.4392547607422,-209.14710998535156,-262.2745361328125,157.1081085205078
frame_002578.png,215.1391143798828,130.24530029296875,-227.52764892578125,-209.2397918701172,-262.3717041015625,157.1780242919922
frame_002579.png,215.22300720214844,130.2826690673828,-227.61196899414062,-209.33436584472656,-262.47100830078125,157.246826171875
frame_002580.png,215.3069305419922,130.32167053222656,-227.6963653564453,-209.42535400390625,-262.5769958496094,157.31549072265625
frame_002581.png,215.39312744140625,130.36158752441406,-227.779541015625,-209.5137939453125,-262.68914794921875,157.38426208496094
frame_002582.png,215.480224609375,130.40541076660156,-227.86636352539062,-209.59848022460938,-262.8021545410156,157.454345703125
frame_002583.png,215.566162109375,130.45159912109375,-227.95565795898438,-209.677978515625,-262.916015625,157.5253143310547
frame_002584.png,215.6488494873047,130.50006103515625,-228.0444793701172,-209.7564697265625,-263.0265197753906,157.59986877441406
frame_002585.png,215.73123168945312,130.54969787597656,-228.1355438232422,-209.8319549560547,-263.1338806152344,157.68067932128906
frame_002586.png,215.8163299560547,130.60194396972656,-228.22801208496094,-209.9062957763672,-263.23760986328125,157.76148986816406
frame_002587.png,215.90228271484375,130.66004943847656,-228.32322692871094,-209.97950744628906,-263.33966064453125,157.84165954589844
frame_002588.png,215.99256896972656,130.71746826171875,-228.4202423095703,-210.04812622070312,-263.4429931640625,157.91830444335938
frame_002589.png,216.08251953125,130.77508544921875,-228.51622009277344,-210.1165008544922,-263.54766845703125,157.99478149414062
frame_002590.png,216.17257690429688,130.8308868408203,-228.6112518310547,-210.18148803710938,-263.65093994140625,158.0685577392578
frame_002591.png,216.2649688720703,130.88438415527344,-228.70877075195312,-210.24392700195312,-263.75128173828125,158.13946533203125
frame_002592.png,216.35939025878906,130.9371337890625,-228.8095245361328,-210.3065643310547,-263.8551940917969,158.20970153808594
frame_002593.png,216.45323181152344,130.98934936523438,-228.9132843017578,-210.3680877685547,-263.96044921875,158.28048706054688
frame_002594.png,216.55055236816406,131.04022216796875,-229.0160369873047,-210.43113708496094,-264.0669860839844,158.3526153564453
frame_002595.png,216.65196228027344,131.08590698242188,-229.11744689941406,-210.49862670898438,-264.1724853515625,158.4258270263672
frame_002596.png,216.75375366210938,131.13058471679688,-229.21617126464844,-210.57211303710938,-264.2801208496094,158.4995880126953
frame_002597.png,216.85812377929688,131.17254638671875,-229.3109588623047,-210.6486358642578,-264.3895263671875,158.57481384277344
frame_002598.png,216.96531677246094,131.21237182617188,-229.40118408203125,-210.7266387939453,-264.49920654296875,158.64901733398438
frame_002599.png,217.07254028320312,131.25003051757812,-229.48590087890625,-210.8092803955078,-264.6096496582031,158.72109985351562
frame_002600.png,217.17955017089844,131.2851104736328,-229.5684051513672,-210.8954315185547,-264.7232360839844,158.79171752929688
frame_002601.png,217.28334045410156,131.31884765625,-229.6539306640625,-210.98480224609375,-264.8358459472656,158.8612823486328
frame_002602.png,217.3876190185547,131.3542022705078,-229.7425079345703,-211.07470703125,-264.94781494140625,158.93106079101562
frame_002603.png,217.4914093017578,131.39190673828125,-229.83448791503906,-211.165771484375,-265.0570373535156,159.00070190429688
frame_002604.png,217.5970458984375,131.4323272705078,-229.92787170410156,-211.259033203125,-265.1641540527344,159.07044982910156
frame_002605.png,217.70578002929688,131.47340393066406,-230.0226287841797,-211.34812927246094,-265.2708740234375,159.1403045654297
frame_002606.png,217.81675720214844,131.51625061035156,-230.1219940185547,-211.42796325683594,-265.3769836425781,159.20970153808594
frame_002607.png,217.9291229248047,131.56185913085938,-230.22067260742188,-211.5011444091797,-265.48272705078125,159.2777557373047
frame_002608.png,218.0417022705078,131.6101531982422,-230.31988525390625,-211.5704345703125,-265.5871887207031,159.34445190429688
frame_002609.png,218.14718627929688,131.66082763671875,-230.41812133789062,-211.6385955810547,-265.6888122558594,159.4115447998047
frame_002610.png,218.2467498779297,131.71400451660156,-230.5175323486328,-211.70574951171875,-265.7884521484375,159.47732543945312
frame_002611.png,218.3421630859375,131.76663208007812,-230.6206512451172,-211.77359008789062,-265.8873291015625,159.54310607910156
frame_002612.png,218.43411254882812,131.81898498535156,-230.72743225097656,-211.83807373046875,-265.9885559082031,159.60899353027344
frame_002613.png,218.5210723876953,131.86981201171875,-230.83572387695312,-211.8997802734375,-266.09197998046875,159.67662048339844
frame_002614.png,218.603759765625,131.92173767089844,-230.9464874267578,-211.9580535888672,-266.1957092285156,159.7440185546875
frame_002615.png,218.68507385253906,131.974853515625,-231.06089782714844,-212.01731872558594,-266.3014831542969,159.80967712402344
frame_002616.png,218.76504516601562,132.03164672851562,-231.18357849121094,-212.08038330078125,-266.4050598144531,159.8741912841797
frame_002617.png,218.8451690673828,132.09083557128906,-231.3090057373047,-212.14218139648438,-266.5063171386719,159.93833923339844
frame_002618.png,218.92901611328125,132.15158081054688,-231.43496704101562,-212.2051544189453,-266.6060485839844,160.0
frame_002619.png,219.0177001953125,132.21006774902344,-231.55906677246094,-212.2672882080078,-266.7030944824219,160.06065368652344
frame_002620.png,219.1123046875,132.2669677734375,-231.68124389648438,-212.330322265625,-266.7972717285156,160.12249755859375
frame_002621.png,219.20965576171875,132.32467651367188,-231.8006591796875,-212.3964080810547,-266.88983154296875,160.18576049804688
frame_002622.png,219.3096160888672,132.3842315673828,-231.91714477539062,-212.4592742919922,-266.9817810058594,160.25128173828125
frame_002623.png,219.41177368164062,132.44686889648438,-232.02928161621094,-212.5207061767578,-267.0753479003906,160.31585693359375
frame_002624.png,219.51588439941406,132.51280212402344,-232.1394805908203,-212.57760620117188,-267.1698913574219,160.37974548339844
frame_002625.png,219.62042236328125,132.580810546875,-232.24658203125,-212.6318359375,-267.2664489746094,160.44485473632812
frame_002626.png,219.72232055664062,132.6494598388672,-232.3479461669922,-212.68846130371094,-267.3625793457031,160.5109405517578
frame_002627.png,219.82203674316406,132.71884155273438,-232.4459686279297,-212.74656677246094,-267.4585266113281,160.57611083984375
frame_002628.png,219.91940307617188,132.78765869140625,-232.54225158691406,-212.8046112060547,-267.5597229003906,160.64308166503906
frame_002629.png,220.0155029296875,132.85433959960938,-232.63784790039062,-212.86410522460938,-267.6660461425781,160.7139129638672
frame_002630.png,220.11190795898438,132.9187774658203,-232.73312377929688,-212.9221649169922,-267.77862548828125,160.78683471679688
frame_002631.png,220.2111358642578,132.97952270507812,-232.83023071289062,-212.977294921875,-267.8948669433594,160.8616180419922
frame_002632.png,220.3111114501953,133.03640747070312,-232.93060302734375,-213.03469848632812,-268.01019287109375,160.93701171875
frame_002633.png,220.4137420654297,133.09349060058594,-233.03665161132812,-213.09005737304688,-268.12506103515625,161.0102996826172
frame_002634.png,220.52154541015625,133.14871215820312,-233.14321899414062,-213.144775390625,-268.2380065917969,161.08274841308594
frame_002635.png,220.63360595703125,133.20167541503906,-233.24815368652344,-213.1963348388672,-268.349609375,161.15403747558594
frame_002636.png,220.74925231933594,133.25320434570312,-233.35134887695312,-213.24057006835938,-268.4614562988281,161.22525024414062
frame_002637.png,220.86521911621094,133.30421447753906,-233.44943237304688,-213.27940368652344,-268.5746765136719,161.2969970703125
frame_002638.png,220.97830200195312,133.3550262451172,-233.54592895507812,-213.31582641601562,-268.689208984375,161.36746215820312
frame_002639.png,221.08963012695312,133.40745544433594,-233.64523315429688,-213.35586547851562,-268.8013916015625,161.4401397705078
frame_002640.png,221.1982879638672,133.46170043945312,-233.74658203125,-213.3978729248047,-268.9111633300781,161.51446533203125
frame_002641.png,221.30303955078125,133.51771545410156,-233.8489227294922,-213.44351196289062,-269.0183410644531,161.5886688232422
frame_002642.png,221.40248107910156,133.5731964111328,-233.95040893554688,-213.49134826660156,-269.123779296875,161.66168212890625
frame_002643.png,221.49574279785156,133.62547302246094,-234.05136108398438,-213.541015625,-269.2283630371094,161.73362731933594
frame_002644.png,221.58441162109375,133.675048828125,-234.14935302734375,-213.593505859375,-269.3287353515625,161.80308532714844
frame_002645.png,221.67428588867188,133.71942138671875,-234.24343872070312,-213.64720153808594,-269.4239501953125,161.87216186523438
frame_002646.png,221.7637176513672,133.76449584960938,-234.33627319335938,-213.70350646972656,-269.514404296875,161.9404754638672
frame_002647.png,221.85092163085938,133.81204223632812,-234.429931640625,-213.7621612548828,-269.6023254394531,162.0087432861328
frame_002648.png,221.93887329101562,133.8616180419922,-234.52841186523438,-213.817138671875,-269.6874084472656,162.07615661621094
frame_002649.png,222.03146362304688,133.91026306152344,-234.63414001464844,-213.8743133544922,-269.7671203613281,162.1417999267578
frame_002650.png,222.12400817871094,133.95947265625,-234.7406768798828,-213.932861328125,-269.8448181152344,162.20681762695312
frame_002651.png,222.219482421875,134.00790405273438,-234.84381103515625,-213.9962158203125,-269.9206237792969,162.27508544921875
frame_002652.png,222.3156280517578,134.05763244628906,-234.94439697265625,-214.0698699951172,-269.9948425292969,162.34535217285156
frame_002653.png,222.4097900390625,134.10963439941406,-235.0425567626953,-214.1485595703125,-270.07208251953125,162.41705322265625
frame_002654.png,222.50088500976562,134.16323852539062,-235.14132690429688,-214.2329864501953,-270.15069580078125,162.48704528808594
frame_002655.png,222.58958435058594,134.21673583984375,-235.2364959716797,-214.3155517578125,-270.23150634765625,162.5521697998047
frame_002656.png,222.6766815185547,134.26634216308594,-235.3348388671875,-214.39442443847656,-270.31396484375,162.61952209472656
frame_002657.png,222.7648468017578,134.3171844482422,-235.43629455566406,-214.4693145751953,-270.39453125,162.6885986328125
frame_002658.png,222.85438537597656,134.3757781982422,-235.54122924804688,-214.53822326660156,-270.47418212890625,162.760986328125
frame_002659.png,222.94674682617188,134.4358367919922,-235.65138244628906,-214.6009521484375,-270.55206298828125,162.8328094482422
frame_002660.png,223.0405731201172,134.5012969970703,-235.76092529296875,-214.6602325439453,-270.63250732421875,162.90155029296875
frame_002661.png,223.13592529296875,134.5758056640625,-235.8723602294922,-214.72178649902344,-270.71435546875,162.97076416015625
frame_002662.png,223.22914123535156,134.65664672851562,-235.9841766357422,-214.7847442626953,-270.7977294921875,163.03965759277344
frame_002663.png,223.3206329345703,134.73805236816406,-236.0946807861328,-214.84788513183594,-270.88128662109375,163.10508728027344
frame_002664.png,223.40887451171875,134.81861877441406,-236.2025604248047,-214.91600036621094,-270.9689636230469,163.16554260253906
frame_002665.png,223.50152587890625,134.8977813720703,-236.30978393554688,-214.9877166748047,-271.05950927734375,163.22482299804688
frame_002666.png,223.59841918945312,134.9765167236328,-236.41517639160156,-215.05868530273438,-271.1541748046875,163.28378295898438
frame_002667.png,223.6959991455078,135.0483856201172,-236.52085876464844,-215.12966918945312,-271.2486572265625,163.343994140625
frame_002668.png,223.79322814941406,135.1121368408203,-236.62161254882812,-215.2027130126953,-271.341552734375,163.4019012451172
frame_002669.png,223.8903045654297,135.16787719726562,-236.71865844726562,-215.27450561523438,-271.43658447265625,163.45849609375
frame_002670.png,223.9870147705078,135.22015380859375,-236.81336975097656,-215.346435546875,-271.53179931640625,163.51290893554688
frame_002671.png,224.0817413330078,135.2716522216797,-236.9071807861328,-215.41619873046875,-271.6273498535156,163.56817626953125
frame_002672.png,224.1733856201172,135.32681274414062,-237.00177001953125,-215.48239135742188,-271.7266845703125,163.62557983398438
frame_002673.png,224.26246643066406,135.38331604003906,-237.09666442871094,-215.54876708984375,-271.8263244628906,163.68553161621094
frame_002674.png,224.34910583496094,135.440185546875,-237.19163513183594,-215.6113739013672,-271.92340087890625,163.74632263183594
frame_002675.png,224.4347686767578,135.50062561035156,-237.2862091064453,-215.6763458251953,-272.020263671875,163.8070831298828
frame_002676.png,224.5214080810547,135.5596923828125,-237.3817138671875,-215.742431640625,-272.1167907714844,163.86900329589844
frame_002677.png,224.609130859375,135.61962890625,-237.4761505126953,-215.81068420410156,-272.2104187011719,163.9315643310547
frame_002678.png,224.69650268554688,135.6807861328125,-237.57260131835938,-215.87547302246094,-272.3057861328125,163.99461364746094
frame_002679.png,224.78775024414062,135.74281311035156,-237.67076110839844,-215.93325805664062,-272.4032897949219,164.05950927734375
frame_002680.png,224.88009643554688,135.80209350585938,-237.76792907714844,-215.98919677734375,-272.4996032714844,164.12606811523438
frame_002681.png,224.97320556640625,135.8597869873047,-237.8677978515625,-216.04934692382812,-272.5956115722656,164.19454956054688
frame_002682.png,225.06594848632812,135.91510009765625,-237.97103881835938,-216.1128387451172,-272.68817138671875,164.26502990722656
frame_002683.png,225.15924072265625,135.9710235595703,-238.0762481689453,-216.17575073242188,-272.7774658203125,164.3321990966797
frame_002684.png,225.25184631347656,136.0340118408203,-238.17880249023438,-216.23631286621094,-272.86724853515625,164.39505004882812
frame_002685.png,225.34129333496094,136.10169982910156,-238.2807159423828,-216.29420471191406,-272.9591369628906,164.45541381835938
frame_002686.png,225.42922973632812,136.17015075683594,-238.3837432861328,-216.3544921875,-273.05389404296875,164.5187225341797
frame_002687.png,225.5164794921875,136.23744201660156,-238.48898315429688,-216.41455078125,-273.15155029296875,164.5801544189453
frame_002688.png,225.60015869140625,136.30726623535156,-238.59312438964844,-216.478759765625,-273.2487487792969,164.6392364501953
frame_002689.png,225.68423461914062,136.37551879882812,-238.6920166015625,-216.54727172851562,-273.3450927734375,164.69947814941406
frame_002690.png,225.77001953125,136.44155883789062,-238.7841796875,-216.618896484375,-273.43841552734375,164.7641143798828
frame_002691.png,225.8557586669922,136.5052947998047,-238.87313842773438,-216.69451904296875,-273.5323791503906,164.83358764648438
frame_002692.png,225.94351196289062,136.56808471679688,-238.9640655517578,-216.7728729248047,-273.62603759765625,164.90664672851562
frame_002693.png,226.0328826904297,136.6291046142578,-239.05638122558594,-216.8520965576172,-273.71429443359375,164.98268127441406
frame_002694.png,226.12403869628906,136.6868438720703,-239.14492797851562,-216.93441772460938,-273.79962158203125,165.0599822998047
frame_002695.png,226.21791076660156,136.743408203125,-239.23550415039062,-217.0189208984375,-273.8842468261719,165.1372833251953
frame_002696.png,226.31585693359375,136.80166625976562,-239.32705688476562,-217.104248046875,-273.9678955078125,165.21560668945312
frame_002697.png,226.41729736328125,136.8601531982422,-239.42127990722656,-217.1886749267578,-274.0550231933594,165.29359436035156
frame_002698.png,226.52444458007812,136.91868591308594,-239.51902770996094,-217.2701416015625,-274.1448974609375,165.36758422851562
frame_002699.png,226.6344757080078,136.97564697265625,-239.62245178222656,-217.3482666015625,-274.23638916015625,165.43869018554688
frame_002700.png,226.7464141845703,137.03329467773438,-239.73133850097656,-217.42298889160156,-274.3282775878906,165.5056610107422
frame_002701.png,226.86077880859375,137.09396362304688,-239.84324645996094,-217.49642944335938,-274.42218017578125,165.56881713867188
frame_002702.png,226.97532653808594,137.15829467773438,-239.9549560546875,-217.56907653808594,-274.51513671875,165.6307373046875
frame_002703.png,227.0867919921875,137.22373962402344,-240.06289672851562,-217.64498901367188,-274.60595703125,165.69259643554688
frame_002704.png,227.1951446533203,137.29055786132812,-240.16836547851562,-217.72337341308594,-274.6965637207031,165.7539520263672
frame_002705.png,227.30123901367188,137.36048889160156,-240.27182006835938,-217.80335998535156,-274.78790283203125,165.81324768066406
frame_002706.png,227.4044647216797,137.43284606933594,-240.37765502929688,-217.88467407226562,-274.8821105957031,165.87164306640625
frame_002707.png,227.50636291503906,137.5068817138672,-240.48403930664062,-217.96690368652344,-274.9781188964844,165.9285125732422
frame_002708.png,227.6084747314453,137.58070373535156,-240.59039306640625,-218.05018615722656,-275.0757141113281,165.98614501953125
frame_002709.png,227.71351623535156,137.6536102294922,-240.69882202148438,-218.1345672607422,-275.17584228515625,166.04261779785156
frame_002710.png,227.821533203125,137.72401428222656,-240.80494689941406,-218.222900390625,-275.2773132324219,166.1001739501953
frame_002711.png,227.93170166015625,137.792724609375,-240.90756225585938,-218.3146209716797,-275.3809509277344,166.15830993652344
frame_002712.png,228.04148864746094,137.85879516601562,-241.005859375,-218.41102600097656,-275.4849853515625,166.21881103515625
frame_002713.png,228.15016174316406,137.92477416992188,-241.1053009033203,-218.50579833984375,-275.590087890625,166.2799530029297
frame_002714.png,228.2582550048828,137.9921875,-241.20211791992188,-218.59735107421875,-275.6941223144531,166.33848571777344
frame_002715.png,228.36683654785156,138.05906677246094,-241.29803466796875,-218.68617248535156,-275.80206298828125,166.39207458496094
frame_002716.png,228.4765167236328,138.12396240234375,-241.39096069335938,-218.77442932128906,-275.9132385253906,166.443603515625
frame_002717.png,228.5863494873047,138.18670654296875,-241.4816131591797,-218.86434936523438,-276.0281066894531,166.4948272705078
frame_002718.png,228.69577026367188,138.2459259033203,-241.56797790527344,-218.9581756591797,-276.1455993652344,166.54766845703125
frame_002719.png,228.80323791503906,138.30641174316406,-241.65374755859375,-219.0563201904297,-276.26220703125,166.60446166992188
frame_002720.png,228.9112548828125,138.36697387695312,-241.73887634277344,-219.14939880371094,-276.37548828125,166.66514587402344
frame_002721.png,229.01893615722656,138.42630004882812,-241.82791137695312,-219.23622131347656,-276.4843444824219,166.7304229736328
frame_002722.png,229.124755859375,138.48724365234375,-241.9224853515625,-219.31837463378906,-276.5870361328125,166.80067443847656
frame_002723.png,229.22784423828125,138.5500030517578,-242.0208282470703,-219.3974609375,-276.68829345703125,166.87196350097656
frame_002724.png,229.32518005371094,138.61581420898438,-242.12002563476562,-219.4767608642578,-276.7889709472656,166.94371032714844
frame_002725.png,229.41893005371094,138.682373046875,-242.22213745117188,-219.55718994140625,-276.888916015625,167.0166473388672
frame_002726.png,229.5100860595703,138.75132751464844,-242.32054138183594,-219.64065551757812,-276.98992919921875,167.0897216796875
frame_002727.png,229.59994506835938,138.8183135986328,-242.41567993164062,-219.72152709960938,-277.0915832519531,167.16355895996094
frame_002728.png,229.69007873535156,138.88766479492188,-242.50845336914062,-219.80296325683594,-277.1950988769531,167.2369384765625
frame_002729.png,229.77662658691406,138.96145629882812,-242.60049438476562,-219.8844451904297,-277.2986145019531,167.31240844726562
frame_002730.png,229.8609619140625,139.03919982910156,-242.69091796875,-219.9743194580078,-277.39984130859375,167.38890075683594
frame_002731.png,229.94935607910156,139.11485290527344,-242.78099060058594,-220.06825256347656,-277.4995422363281,167.4623565673828
frame_002732.png,230.04180908203125,139.19107055664062,-242.87376403808594,-220.16555786132812,-277.59619140625,167.53106689453125
frame_002733.png,230.13668823242188,139.2694549560547,-242.9697723388672,-220.26239013671875,-277.69525146484375,167.59762573242188
frame_002734.png,230.2362518310547,139.35137939453125,-243.07150268554688,-220.35755920410156,-277.7969970703125,167.66505432128906
frame_002735.png,230.3414764404297,139.43704223632812,-243.1729736328125,-220.45213317871094,-277.9001159667969,167.73268127441406
frame_002736.png,230.45298767089844,139.52247619628906,-243.27427673339844,-220.54637145996094,-277.99981689453125,167.8026580810547
frame_002737.png,230.56613159179688,139.60462951660156,-243.37632751464844,-220.6394500732422,-278.09912109375,167.87191772460938
frame_002738.png,230.6790771484375,139.682373046875,-243.4770965576172,-220.72853088378906,-278.1996154785156,167.94204711914062
frame_002739.png,230.7893524169922,139.75811767578125,-243.57449340820312,-220.8147735595703,-278.3011779785156,168.01278686523438
frame_002740.png,230.8978729248047,139.83108520507812,-243.67015075683594,-220.8988800048828,-278.4024658203125,168.0841827392578
frame_002741.png,231.00363159179688,139.90179443359375,-243.76605224609375,-220.982421875,-278.5027160644531,168.15695190429688
frame_002742.png,231.11065673828125,139.9683837890625,-243.86363220214844,-221.0640869140625,-278.6015930175781,168.2307891845703
frame_002743.png,231.2191925048828,140.03208923339844,-243.9603729248047,-221.14378356933594,-278.6978454589844,168.30714416503906
frame_002744.png,231.32955932617188,140.09478759765625,-244.0572967529297,-221.2193145751953,-278.7913513183594,168.3861541748047
frame_002745.png,231.43849182128906,140.1602020263672,-244.1541290283203,-221.2943115234375,-278.8830871582031,168.46876525878906
frame_002746.png,231.54617309570312,140.22671508789062,-244.25381469726562,-221.36746215820312,-278.9742431640625,168.55430603027344
frame_002747.png,231.65496826171875,140.29522705078125,-244.3525848388672,-221.43576049804688,-279.06597900390625,168.64024353027344
frame_002748.png,231.76123046875,140.3623809814453,-244.4507293701172,-221.5052032470703,-279.15838623046875,168.72901916503906
frame_002749.png,231.86477661132812,140.4268798828125,-244.54977416992188,-221.57369995117188,-279.2507019042969,168.81980895996094
frame_002750.png,231.96632385253906,140.48890686035156,-244.64874267578125,-221.6444549560547,-279.34234619140625,168.91030883789062
frame_002751.png,232.06544494628906,140.54917907714844,-244.74620056152344,-221.71890258789062,-279.43505859375,168.99884033203125
frame_002752.png,232.16004943847656,140.61105346679688,-244.8443603515625,-221.796875,-279.5277404785156,169.08746337890625
frame_002753.png,232.25038146972656,140.67694091796875,-244.94424438476562,-221.87646484375,-279.6227111816406,169.17295837402344
frame_002754.png,232.3361358642578,140.7484588623047,-245.04440307617188,-221.9548797607422,-279.7231140136719,169.25621032714844
frame_002755.png,232.42462158203125,140.827880859375,-245.14703369140625,-222.0286865234375,-279.8283386230469,169.3383331298828
frame_002756.png,232.51409912109375,140.91099548339844,-245.2483367919922,-222.09642028808594,-279.9356994628906,169.4223175048828
frame_002757.png,232.60389709472656,140.9971160888672,-245.35072326660156,-222.1666259765625,-280.0415344238281,169.5080108642578
frame_002758.png,232.69491577148438,141.0809326171875,-245.45346069335938,-222.24032592773438,-280.14422607421875,169.59547424316406
frame_002759.png,232.78958129882812,141.16989135742188,-245.54930114746094,-222.30911254882812,-280.2475891113281,169.681396484375
frame_002760.png,232.8867950439453,141.26100158691406,-245.6378631591797,-222.37161254882812,-280.3567810058594,169.76663208007812
frame_002761.png,232.99168395996094,141.3480987548828,-245.71900939941406,-222.4331817626953,-280.4687194824219,169.85067749023438
frame_002762.png,233.10133361816406,141.42916870117188,-245.79559326171875,-222.50328063964844,-280.57415771484375,169.92446899414062
frame_002763.png,233.21243286132812,141.49549865722656,-245.87432861328125,-222.5862579345703,-280.6728820800781,169.99703979492188
frame_002764.png,233.3205108642578,141.55398559570312,-245.95484924316406,-222.67306518554688,-280.77008056640625,170.06353759765625
frame_002765.png,233.4250946044922,141.61050415039062,-246.03598022460938,-222.76205444335938,-280.8668212890625,170.12435913085938
frame_002766.png,233.52670288085938,141.6701202392578,-246.1202850341797,-222.84808349609375,-280.9609069824219,170.1849822998047
frame_002767.png,233.61895751953125,141.73573303222656,-246.20553588867188,-222.92755126953125,-281.05560302734375,170.24859619140625
frame_002768.png,233.71177673339844,141.80599975585938,-246.30014038085938,-223.0075225830078,-281.15087890625,170.322021484375
frame_002769.png,233.81040954589844,141.8748321533203,-246.397705078125,-223.08973693847656,-281.2441101074219,170.3996124267578
frame_002770.png,233.91676330566406,141.94004821777344,-246.49673461914062,-223.1691436767578,-281.3385314941406,170.47898864746094
frame_002771.png,234.0242462158203,142.00302124023438,-246.59341430664062,-223.2484893798828,-281.432861328125,170.56141662597656
frame_002772.png,234.13214111328125,142.06138610839844,-246.69142150878906,-223.3299102783203,-281.53167724609375,170.63958740234375
frame_002773.png,234.2418975830078,142.1175079345703,-246.78561401367188,-223.41250610351562,-281.6360168457031,170.7122344970703
frame_002774.png,234.35353088378906,142.18113708496094,-246.88230895996094,-223.4921112060547,-281.7491149902344,170.78598022460938
frame_002775.png,234.4656219482422,142.25167846679688,-246.97991943359375,-223.56459045410156,-281.8677673339844,170.86529541015625
frame_002776.png,234.57505798339844,142.32630920410156,-247.08058166503906,-223.63455200195312,-281.98858642578125,170.94847106933594
frame_002777.png,234.68341064453125,142.40585327148438,-247.178955078125,-223.70407104492188,-282.1106262207031,171.03054809570312
frame_002778.png,234.79307556152344,142.48654174804688,-247.2747344970703,-223.7705535888672,-282.2351989746094,171.10964965820312
frame_002779.png,234.90689086914062,142.56771850585938,-247.36770629882812,-223.83534240722656,-282.3601989746094,171.1871795654297
frame_002780.png,235.02349853515625,142.6479034423828,-247.45840454101562,-223.902099609375,-282.4874267578125,171.26173400878906
frame_002781.png,235.1420135498047,142.72608947753906,-247.55357360839844,-223.9697723388672,-282.6189270019531,171.33456420898438
frame_002782.png,235.26248168945312,142.80186462402344,-247.65350341796875,-224.04067993164062,-282.75213623046875,171.40472412109375
frame_002783.png,235.38209533691406,142.87477111816406,-247.7565155029297,-224.11614990234375,-282.8828125,171.4744873046875
frame_002784.png,235.5027618408203,142.94479370117188,-247.86305236816406,-224.1937255859375,-283.01336669921875,171.54071044921875
frame_002785.png,235.6238250732422,143.0104217529297,-247.97006225585938,-224.27146911621094,-283.1400451660156,171.60586547851562
frame_002786.png,235.74346923828125,143.06961059570312,-248.07810974121094,-224.35116577148438,-283.2633056640625,171.67138671875
frame_002787.png,235.8601837158203,143.12799072265625,-248.18670654296875,-224.4308624267578,-283.3862609863281,171.7374725341797
frame_002788.png,235.97462463378906,143.18568420410156,-248.29408264160156,-224.5104217529297,-283.5091247558594,171.8072967529297
frame_002789.png,236.08981323242188,143.24481201171875,-248.3987274169922,-224.59156799316406,-283.6326599121094,171.87950134277344
frame_002790.png,236.20745849609375,143.30523681640625,-248.5047149658203,-224.6772003173828,-283.75567626953125,171.95314025878906
frame_002791.png,236.32530212402344,143.36642456054688,-248.60919189453125,-224.76443481445312,-283.8751220703125,172.02822875976562
frame_002792.png,236.44772338867188,143.42813110351562,-248.71304321289062,-224.84588623046875,-283.9890441894531,172.10336303710938
frame_002793.png,236.56973266601562,143.4933319091797,-248.82310485839844,-224.92617797851562,-284.0986633300781,172.18048095703125
frame_002794.png,236.69287109375,143.55673217773438,-248.93492126464844,-225.00833129882812,-284.2084045410156,172.2561798095703
frame_002795.png,236.81263732910156,143.62098693847656,-249.04989624023438,-225.09524536132812,-284.3181457519531,172.32717895507812
frame_002796.png,236.93014526367188,143.68463134765625,-249.16160583496094,-225.18418884277344,-284.42657470703125,172.39483642578125
frame_002797.png,237.0474395751953,143.74525451660156,-249.27403259277344,-225.2727813720703,-284.5341796875,172.46206665039062
frame_002798.png,237.1632080078125,143.8055419921875,-249.3856964111328,-225.36172485351562,-284.6379699707031,172.52938842773438
frame_002799.png,237.28176879882812,143.8615264892578,-249.4947509765625,-225.45187377929688,-284.73681640625,172.5962371826172
frame_002800.png,237.3974609375,143.91542053222656,-249.6034698486328,-225.54306030273438,-284.8330383300781,172.66368103027344
frame_002801.png,237.5137939453125,143.96751403808594,-249.7108917236328,-225.63356018066406,-284.92974853515625,172.73062133789062
frame_002802.png,237.628662109375,144.01638793945312,-249.8148193359375,-225.72402954101562,-285.0285949707031,172.7959442138672
frame_002803.png,237.7428436279297,144.06153869628906,-249.91395568847656,-225.8136749267578,-285.12689208984375,172.86273193359375
frame_002804.png,237.85525512695312,144.1077880859375,-250.00814819335938,-225.9039306640625,-285.2259216308594,172.9271697998047
frame_002805.png,237.9641876220703,144.1542205810547,-250.0987091064453,-225.9954833984375,-285.3235778808594,172.9916229248047
frame_002806.png,238.07362365722656,144.19973754882812,-250.1907196044922,-226.0829620361328,-285.4187316894531,173.05726623535156
frame_002807.png,238.1849365234375,144.2475128173828,-250.28599548339844,-226.1696014404297,-285.5108337402344,173.12322998046875
frame_002808.png,238.2967529296875,144.2971954345703,-250.38267517089844,-226.2534942626953,-285.6027526855469,173.18417358398438
frame_002809.png,238.4053955078125,144.3509979248047,-250.4835205078125,-226.33201599121094,-285.6970520019531,173.244384765625
frame_002810.png,238.51048278808594,144.40829467773438,-250.5892791748047,-226.4104766845703,-285.79315185546875,173.3026885986328
frame_002811.png,238.61203002929688,144.47039794921875,-250.69895935058594,-226.48887634277344,-285.88775634765625,173.35806274414062
frame_002812.png,238.70889282226562,144.5373077392578,-250.80715942382812,-226.56773376464844,-285.98211669921875,173.40892028808594
frame_002813.png,238.79991149902344,144.60581970214844,-250.91151428222656,-226.64471435546875,-286.07525634765625,173.45648193359375
frame_002814.png,238.8838348388672,144.6736602783203,-251.01234436035156,-226.72122192382812,-286.166015625,173.50503540039062
frame_002815.png,238.96087646484375,144.73983764648438,-251.11158752441406,-226.7933807373047,-286.2561340332031,173.5539093017578
frame_002816.png,239.03378295898438,144.8046112060547,-251.2065887451172,-226.8631134033203,-286.349609375,173.60342407226562
frame_002817.png,239.10557556152344,144.86825561523438,-251.2955322265625,-226.93011474609375,-286.44866943359375,173.6553497314453
frame_002818.png,239.17996215820312,144.9326171875,-251.38156127929688,-226.99583435058594,-286.55206298828125,173.7086639404297
frame_002819.png,239.25831604003906,144.99853515625,-251.46719360351562,-227.0611114501953,-286.6585693359375,173.76528930664062
frame_002820.png,239.33889770507812,145.06687927246094,-251.550537109375,-227.1229705810547,-286.7664794921875,173.82298278808594
frame_002821.png,239.420654296875,145.13528442382812,-251.6325225830078,-227.17945861816406,-286.8738098144531,173.88291931152344
frame_002822.png,239.50335693359375,145.20358276367188,-251.71432495117188,-227.2328643798828,-286.98077392578125,173.94387817382812
frame_002823.png,239.5879364013672,145.27203369140625,-251.7959442138672,-227.2843475341797,-287.0868225097656,174.0060272216797
frame_002824.png,239.6735076904297,145.33932495117188,-251.87611389160156,-227.3335418701172,-287.1937255859375,174.06773376464844
frame_002825.png,239.7604522705078,145.4059295654297,-251.9542999267578,-227.3829803466797,-287.3003234863281,174.12881469726562
frame_002826.png,239.84999084472656,145.47230529785156,-252.0312042236328,-227.4313507080078,-287.4068298339844,174.1884765625
frame_002827.png,239.93963623046875,145.53811645507812,-252.10638427734375,-227.47976684570312,-287.51214599609375,174.24935913085938
frame_002828.png,240.02764892578125,145.60223388671875,-252.1812286376953,-227.53030395507812,-287.6158142089844,174.31231689453125
frame_002829.png,240.11468505859375,145.66448974609375,-252.25665283203125,-227.58143615722656,-287.71820068359375,174.37887573242188
frame_002830.png,240.20068359375,145.72605895996094,-252.33436584472656,-227.63284301757812,-287.82159423828125,174.4463348388672
frame_002831.png,240.2870330810547,145.7880859375,-252.4156494140625,-227.68316650390625,-287.9255065917969,174.51376342773438
frame_002832.png,240.37474060058594,145.84974670410156,-252.49822998046875,-227.73521423339844,-288.02923583984375,174.58074951171875
frame_002833.png,240.4644317626953,145.9111785888672,-252.58206176757812,-227.78431701660156,-288.13604736328125,174.64566040039062
frame_002834.png,240.55697631835938,145.9754180908203,-252.6680450439453,-227.8309783935547,-288.2455139160156,174.7081756591797
frame_002835.png,240.6505126953125,146.04067993164062,-252.75634765625,-227.87713623046875,-288.35748291015625,174.76760864257812
frame_002836.png,240.74459838867188,146.10853576660156,-252.84674072265625,-227.92410278320312,-288.4710388183594,174.8251495361328
frame_002837.png,240.84230041503906,146.1761932373047,-252.93858337402344,-227.9717559814453,-288.58416748046875,174.88229370117188
frame_002838.png,240.9403076171875,146.2432403564453,-253.03118896484375,-228.0224609375,-288.69537353515625,174.9397430419922
frame_002839.png,241.0391387939453,146.3096466064453,-253.12791442871094,-228.0749969482422,-288.8047180175781,174.99920654296875
frame_002840.png,241.13743591308594,146.37432861328125,-253.2257843017578,-228.1283721923828,-288.9108581542969,175.06207275390625
frame_002841.png,241.23553466796875,146.43701171875,-253.32470703125,-228.18292236328125,-289.0186462402344,175.12498474121094
frame_002842.png,241.33155822753906,146.49801635742188,-253.42225646972656,-228.23834228515625,-289.12548828125,175.18858337402344
frame_002843.png,241.4277801513672,146.5563201904297,-253.5172882080078,-228.29637145996094,-289.2329406738281,175.25192260742188
frame_002844.png,241.5240020751953,146.6136474609375,-253.6076202392578,-228.35736083984375,-289.3429870605469,175.31439208984375
frame_002845.png,241.61947631835938,146.66860961914062,-253.6952667236328,-228.42047119140625,-289.454345703125,175.37506103515625
frame_002846.png,241.71607971191406,146.7208709716797,-253.78282165527344,-228.48373413085938,-289.5666198730469,175.4337615966797
frame_002847.png,241.8137664794922,146.77035522460938,-253.8682403564453,-228.54774475097656,-289.6785888671875,175.49142456054688
frame_002848.png,241.91493225097656,146.81947326660156,-253.95443725585938,-228.61241149902344,-289.7909851074219,175.5484619140625
frame_002849.png,242.0168914794922,146.8666534423828,-254.0406951904297,-228.67811584472656,-289.8997802734375,175.604736328125
frame_002850.png,242.12042236328125,146.9094696044922,-254.1264190673828,-228.7438201904297,-290.0072021484375,175.66307067871094
frame_002851.png,242.2276611328125,146.9491729736328,-254.2147979736328,-228.80995178222656,-290.113525390625,175.72433471679688
frame_002852.png,242.33624267578125,146.98500061035156,-254.30502319335938,-228.87734985351562,-290.21844482421875,175.78720092773438
frame_002853.png,242.44570922851562,147.0215606689453,-254.3975067138672,-228.94407653808594,-290.32098388671875,175.84759521484375
frame_002854.png,242.5548095703125,147.0637969970703,-254.49322509765625,-229.00775146484375,-290.4228210449219,175.9039306640625
frame_002855.png,242.66282653808594,147.11019897460938,-254.5918426513672,-229.06918334960938,-290.5251159667969,175.9556427001953
frame_002856.png,242.77040100097656,147.15708923339844,-254.6936798095703,-229.13046264648438,-290.6283874511719,176.00575256347656
frame_002857.png,242.87586975097656,147.20465087890625,-254.79876708984375,-229.1940460205078,-290.7362060546875,176.0576171875
frame_002858.png,242.98150634765625,147.25047302246094,-254.90577697753906,-229.2576141357422,-290.8475036621094,176.11207580566406
frame_002859.png,243.0854949951172,147.29611206054688,-255.0122528076172,-229.32095336914062,-290.9576110839844,176.16897583007812
frame_002860.png,243.18841552734375,147.33950805664062,-255.11734008789062,-229.38233947753906,-291.06744384765625,176.22830200195312
frame_002861.png,243.2917022705078,147.3803253173828,-255.22189331054688,-229.44261169433594,-291.1741638183594,176.28997802734375
frame_002862.png,243.39608764648438,147.4201202392578,-255.32284545898438,-229.4995574951172,-291.27850341796875,176.35302734375
frame_002863.png,243.50115966796875,147.45980834960938,-255.42066955566406,-229.55795288085938,-291.3804626464844,176.41644287109375
frame_002864.png,243.60643005371094,147.49903869628906,-255.51502990722656,-229.6184844970703,-291.48358154296875,176.47998046875
frame_002865.png,243.7134552001953,147.53720092773438,-255.6082763671875,-229.68167114257812,-291.5882263183594,176.54498291015625
frame_002866.png,243.81809997558594,147.57693481445312,-255.69960021972656,-229.74905395507812,-291.6922912597656,176.6077117919922
frame_002867.png,243.92320251464844,147.6189422607422,-255.78968811035156,-229.81834411621094,-291.7979431152344,176.66860961914062
frame_002868.png,244.02749633789062,147.66256713867188,-255.87722778320312,-229.8875274658203,-291.9043273925781,176.7279510498047
frame_002869.png,244.1315460205078,147.70594787597656,-255.96510314941406,-229.9555206298828,-292.01300048828125,176.78836059570312
frame_002870.png,244.23519897460938,147.74798583984375,-256.0572204589844,-230.02284240722656,-292.12298583984375,176.8502197265625
frame_002871.png,244.337890625,147.79574584960938,-256.1552734375,-230.08868408203125,-292.2337341308594,176.9114227294922
frame_002872.png,244.44036865234375,147.8473358154297,-256.259765625,-230.15267944335938,-292.3455505371094,176.97207641601562
frame_002873.png,244.544189453125,147.90036010742188,-256.3698425292969,-230.21652221679688,-292.45654296875,177.03158569335938
frame_002874.png,244.6494598388672,147.9508819580078,-256.4803466796875,-230.27810668945312,-292.564453125,177.09092712402344
frame_002875.png,244.7540740966797,147.9996337890625,-256.5919494628906,-230.33792114257812,-292.6697998046875,177.1513671875
frame_002876.png,244.85736083984375,148.04917907714844,-256.70184326171875,-230.3960723876953,-292.7759094238281,177.21377563476562
frame_002877.png,244.95909118652344,148.0977020263672,-256.8089599609375,-230.45314025878906,-292.88287353515625,177.2773895263672
frame_002878.png,245.0599365234375,148.14576721191406,-256.91534423828125,-230.50686645507812,-292.9910583496094,177.34031677246094
frame_002879.png,245.157470703125,148.19789123535156,-257.02093505859375,-230.55935668945312,-293.1015625,177.4026641845703
frame_002880.png,245.25425720214844,148.250244140625,-257.12554931640625,-230.6141357421875,-293.21343994140625,177.46377563476562
frame_002881.png,245.3517608642578,148.3008575439453,-257.2326965332031,-230.6697998046875,-293.3255920410156,177.5257568359375
frame_002882.png,245.4517059326172,148.351806640625,-257.3381652832031,-230.72360229492188,-293.44281005859375,177.5921630859375
frame_002883.png,245.55825805664062,148.40576171875,-257.44647216796875,-230.77291870117188,-293.5658874511719,177.66244506835938
frame_002884.png,245.6696319580078,148.46420288085938,-257.5544128417969,-230.82058715820312,-293.6928405761719,177.7323760986328
frame_002885.png,245.78553771972656,148.52587890625,-257.6635437011719,-230.86895751953125,-293.82275390625,177.7994384765625
frame_002886.png,245.9044952392578,148.5878143310547,-257.77435302734375,-230.9185333251953,-293.9561767578125,177.8653106689453
frame_002887.png,246.02671813964844,148.65304565429688,-257.8870849609375,-230.9697265625,-294.0898742675781,177.93170166015625
frame_002888.png,246.14892578125,148.72288513183594,-258.0008239746094,-231.0214080810547,-294.2253112792969,177.99630737304688
frame_002889.png,246.27078247070312,148.7949981689453,-258.1118469238281,-231.07460021972656,-294.3593444824219,178.0592498779297
frame_002890.png,246.39059448242188,148.87123107910156,-258.2178039550781,-231.13189697265625,-294.4897766113281,178.11874389648438
frame_002891.png,246.5086212158203,148.9480743408203,-258.31787109375,-231.19309997558594,-294.6181640625,178.1735076904297
frame_002892.png,246.62283325195312,149.0254669189453,-258.41265869140625,-231.25914001464844,-294.74365234375,178.2276153564453
frame_002893.png,246.73228454589844,149.10272216796875,-258.50238037109375,-231.32875061035156,-294.8638916015625,178.2843780517578
frame_002894.png,246.83724975585938,149.1782684326172,-258.5903015136719,-231.39999389648438,-294.98101806640625,178.34091186523438
frame_002895.png,246.9386749267578,149.2508087158203,-258.6785583496094,-231.47088623046875,-295.0954284667969,178.39755249023438
frame_002896.png,247.0382843017578,149.3245391845703,-258.7647399902344,-231.53871154785156,-295.21453857421875,178.455078125
frame_002897.png,247.137939453125,149.39794921875,-258.8517761230469,-231.6046905517578,-295.3370666503906,178.51171875
frame_002898.png,247.2362518310547,149.47137451171875,-258.9379577636719,-231.67431640625,-295.4580078125,178.5672149658203
frame_002899.png,247.3323974609375,149.54566955566406,-259.0240783691406,-231.74407958984375,-295.5782775878906,178.62147521972656
frame_002900.png,247.42770385742188,149.616943359375,-259.1110534667969,-231.81436157226562,-295.69720458984375,178.67349243164062
frame_002901.png,247.52349853515625,149.6843719482422,-259.1965637207031,-231.88682556152344,-295.8200378417969,178.7239532470703
frame_002902.png,247.6206512451172,149.74957275390625,-259.28155517578125,-231.96124267578125,-295.9426574707031,178.77471923828125
frame_002903.png,247.7173309326172,149.8131866455078,-259.36444091796875,-232.038330078125,-296.0634765625,178.82757568359375
frame_002904.png,247.8119354248047,149.87950134277344,-259.44921875,-232.11508178710938,-296.180908203125,178.88150024414062
frame_002905.png,247.90557861328125,149.94886779785156,-259.536376953125,-232.18759155273438,-296.299072265625,178.93589782714844
frame_002906.png,247.99790954589844,150.02101135253906,-259.6237487792969,-232.25729370117188,-296.415771484375,178.9912872314453
frame_002907.png,248.09295654296875,150.0927276611328,-259.7116394042969,-232.32684326171875,-296.5337829589844,179.0489044189453
frame_002908.png,248.19125366210938,150.1636199951172,-259.8017578125,-232.39808654785156,-296.6543884277344,179.1078338623047
frame_002909.png,248.2943115234375,150.23313903808594,-259.89453125,-232.46739196777344,-296.7757263183594,179.1663360595703
frame_002910.png,248.39869689941406,150.3011932373047,-259.9892883300781,-232.53440856933594,-296.8953552246094,179.22584533691406
frame_002911.png,248.50173950195312,150.3635711669922,-260.0830078125,-232.59951782226562,-297.0137939453125,179.28570556640625
frame_002912.png,248.59925842285156,150.42108154296875,-260.17462158203125,-232.66424560546875,-297.13031005859375,179.3491668701172
frame_002913.png,248.69674682617188,150.4733428955078,-260.2604675292969,-232.72549438476562,-297.2484130859375,179.41378784179688
frame_002914.png,248.7986297607422,150.5182647705078,-260.34613037109375,-232.79054260253906,-297.3660888671875,179.47940063476562
frame_002915.png,248.90328979492188,150.5596923828125,-260.4332580566406,-232.85806274414062,-297.4835510253906,179.54296875
frame_002916.png,249.00997924804688,150.60276794433594,-260.516357421875,-232.9259796142578,-297.6008605957031,179.59962463378906
frame_002917.png,249.11419677734375,150.6488494873047,-260.5962829589844,-232.9951629638672,-297.7188415527344,179.64852905273438
frame_002918.png,249.21791076660156,150.697265625,-260.68109130859375,-233.06724548339844,-297.8322448730469,179.69442749023438
frame_002919.png,249.31663513183594,150.75006103515625,-260.76617431640625,-233.13992309570312,-297.9478759765625,179.74215698242188
frame_002920.png,249.4118194580078,150.80026245117188,-260.85150146484375,-233.21542358398438,-298.0614318847656,179.79226684570312
frame_002921.png,249.5059356689453,150.84799194335938,-260.939208984375,-233.2914276123047,-298.1714172363281,179.84336853027344
frame_002922.png,249.60061645507812,150.8943634033203,-261.0305480957031,-233.36248779296875,-298.27947998046875,179.89430236816406
frame_002923.png,249.69447326660156,150.9362335205078,-261.1224365234375,-233.43504333496094,-298.37945556640625,179.94630432128906
frame_002924.png,249.78570556640625,150.9748992919922,-261.210205078125,-233.5130615234375,-298.4732360839844,179.99754333496094
frame_002925.png,249.8745880126953,151.01573181152344,-261.2932434082031,-233.5976104736328,-298.5634765625,180.0463104248047
frame_002926.png,249.96163940429688,151.05899047851562,-261.3683166503906,-233.6869354248047,-298.6510009765625,180.0921173095703
frame_002927.png,250.0472869873047,151.10256958007812,-261.44012451171875,-233.77931213378906,-298.73486328125,180.13682556152344
frame_002928.png,250.1299285888672,151.14456176757812,-261.5103454589844,-233.87234497070312,-298.81048583984375,180.18392944335938
frame_002929.png,250.2105712890625,151.18679809570312,-261.5818176269531,-233.9611053466797,-298.879150390625,180.23374938964844
frame_002930.png,250.29298400878906,151.23390197753906,-261.65460205078125,-234.04434204101562,-298.9445495605469,180.28536987304688
frame_002931.png,250.37518310546875,151.28538513183594,-261.72528076171875,-234.1231689453125,-299.0100402832031,180.33895874023438
frame_002932.png,250.45883178710938,151.339111328125,-261.79144287109375,-234.20135498046875,-299.0789489746094,180.3924102783203
frame_002933.png,250.5437469482422,151.3939666748047,-261.8536682128906,-234.27688598632812,-299.15380859375,180.4476776123047
frame_002934.png,250.6267547607422,151.45083618164062,-261.9161071777344,-234.3509521484375,-299.2336120605469,180.50486755371094
frame_002935.png,250.70860290527344,151.50723266601562,-261.9781494140625,-234.42446899414062,-299.3158264160156,180.5658416748047
frame_002936.png,250.7891845703125,151.5657501220703,-262.03912353515625,-234.4990234375,-299.4009704589844,180.62855529785156
frame_002937.png,250.8690185546875,151.62530517578125,-262.1005554199219,-234.57366943359375,-299.48736572265625,180.6929931640625
frame_002938.png,250.94851684570312,151.6844482421875,-262.1630859375,-234.64878845214844,-299.5744934082031,180.7594451904297
frame_002939.png,251.0279541015625,151.74197387695312,-262.22735595703125,-234.72421264648438,-299.6596374511719,180.825927734375
frame_002940.png,251.10707092285156,151.797119140625,-262.29339599609375,-234.80282592773438,-299.7422790527344,180.89080810546875
frame_002941.png,251.18894958496094,151.84854125976562,-262.35858154296875,-234.88253784179688,-299.8214416503906,180.95587158203125
frame_002942.png,251.2723388671875,151.8955535888672,-262.4246826171875,-234.96090698242188,-299.898193359375,181.0193634033203
frame_002943.png,251.3581085205078,151.9378204345703,-262.49163818359375,-235.03985595703125,-299.9722595214844,181.08169555664062
frame_002944.png,251.44467163085938,151.9774169921875,-262.5616760253906,-235.11813354492188,-300.0421142578125,181.142333984375
frame_002945.png,251.5290069580078,152.01602172851562,-262.6365661621094,-235.19398498535156,-300.1068420410156,181.1986541748047
frame_002946.png,251.6101837158203,152.05303955078125,-262.7166442871094,-235.26841735839844,-300.1674499511719,181.25291442871094
frame_002947.png,251.68878173828125,152.0897979736328,-262.7984619140625,-235.3453826904297,-300.22833251953125,181.30284118652344
frame_002948.png,251.7659912109375,152.1279754638672,-262.88055419921875,-235.4267578125,-300.2940979003906,181.34878540039062
frame_002949.png,251.84317016601562,152.16744995117188,-262.9647521972656,-235.51324462890625,-300.3654479980469,181.3984832763672
frame_002950.png,251.92095947265625,152.20751953125,-263.052734375,-235.60330200195312,-300.4394836425781,181.4536895751953
frame_002951.png,252.0003204345703,152.24591064453125,-263.14306640625,-235.69400024414062,-300.51629638671875,181.51242065429688
frame_002952.png,252.08242797851562,152.28558349609375,-263.2366027832031,-235.78404235839844,-300.5952453613281,181.5746612548828
frame_002953.png,252.1680908203125,152.32318115234375,-263.3281555175781,-235.87208557128906,-300.67742919921875,181.6414337158203
frame_002954.png,252.25730895996094,152.35987854003906,-263.4171447753906,-235.95274353027344,-300.7659912109375,181.70957946777344
frame_002955.png,252.3499298095703,152.3978729248047,-263.50665283203125,-236.02992248535156,-300.86175537109375,181.77418518066406
frame_002956.png,252.44163513183594,152.4402618408203,-263.59649658203125,-236.10800170898438,-300.96246337890625,181.83944702148438
frame_002957.png,252.5338897705078,152.48965454101562,-263.6888732910156,-236.18829345703125,-301.06640625,181.90386962890625
frame_002958.png,252.6258087158203,152.5415802001953,-263.7818603515625,-236.26841735839844,-301.1725158691406,181.967529296875
frame_002959.png,252.72010803222656,152.58917236328125,-263.8764953613281,-236.34829711914062,-301.2773742675781,182.02920532226562
frame_002960.png,252.8181915283203,152.6315460205078,-263.97149658203125,-236.4273223876953,-301.3831481933594,182.09103393554688
frame_002961.png,252.92005920410156,152.6694793701172,-264.06805419921875,-236.5037384033203,-301.4867248535156,182.15309143066406
frame_002962.png,253.02313232421875,152.70745849609375,-264.16314697265625,-236.57681274414062,-301.5893249511719,182.21522521972656
frame_002963.png,253.1237335205078,152.74620056152344,-264.2569885253906,-236.6474609375,-301.6924133300781,182.27743530273438
frame_002964.png,253.2203369140625,152.7840576171875,-264.3442687988281,-236.7194366455078,-301.7987365722656,182.3408660888672
frame_002965.png,253.31556701660156,152.82388305664062,-264.42779541015625,-236.79185485839844,-301.9086608886719,182.4073486328125
frame_002966.png,253.4085693359375,152.86297607421875,-264.5095520019531,-236.86668395996094,-302.02008056640625,182.47589111328125
frame_002967.png,253.5,152.90509033203125,-264.59173583984375,-236.9405517578125,-302.1341552734375,182.5426788330078
frame_002968.png,253.5904541015625,152.9510955810547,-264.6768493652344,-237.00929260253906,-302.2536926269531,182.61111450195312
frame_002969.png,253.68023681640625,153.0015869140625,-264.7667236328125,-237.0735626220703,-302.3791198730469,182.6825714111328
frame_002970.png,253.77035522460938,153.0535430908203,-264.8626403808594,-237.1384735107422,-302.5076599121094,182.75692749023438
frame_002971.png,253.8652801513672,153.10865783691406,-264.96343994140625,-237.20516967773438,-302.6335144042969,182.83351135253906
frame_002972.png,253.9643096923828,153.16502380371094,-265.06622314453125,-237.27406311035156,-302.7569885253906,182.90977478027344
frame_002973.png,254.069580078125,153.21937561035156,-265.1722412109375,-237.34149169921875,-302.878173828125,182.98492431640625
frame_002974.png,254.18038940429688,153.2737579345703,-265.28021240234375,-237.40975952148438,-302.99517822265625,183.05934143066406
frame_002975.png,254.29273986816406,153.32949829101562,-265.388427734375,-237.47654724121094,-303.1087341308594,183.13304138183594
frame_002976.png,254.40480041503906,153.38815307617188,-265.49652099609375,-237.5435333251953,-303.2223205566406,183.20584106445312
frame_002977.png,254.51739501953125,153.4465789794922,-265.6036071777344,-237.6094970703125,-303.33380126953125,183.27723693847656
frame_002978.png,254.6298828125,153.5037078857422,-265.71063232421875,-237.673583984375,-303.4432678222656,183.3460693359375
frame_002979.png,254.7418212890625,153.56056213378906,-265.8184814453125,-237.736083984375,-303.5513000488281,183.41429138183594
frame_002980.png,254.8541259765625,153.61790466308594,-265.929443359375,-237.79806518554688,-303.6593322753906,183.48216247558594
frame_002981.png,254.96664428710938,153.6766815185547,-266.04034423828125,-237.86260986328125,-303.764892578125,183.55003356933594
frame_002982.png,255.0802459716797,153.73385620117188,-266.1507568359375,-237.927001953125,-303.8704528808594,183.61839294433594
frame_002983.png,255.19309997558594,153.78860473632812,-266.2598571777344,-237.99075317382812,-303.977294921875,183.68869018554688
frame_002984.png,255.30409240722656,153.84632873535156,-266.36846923828125,-238.05026245117188,-304.0857238769531,183.7580108642578
frame_002985.png,255.41339111328125,153.9088897705078,-266.4771728515625,-238.10418701171875,-304.19561767578125,183.8275146484375
frame_002986.png,255.51869201660156,153.9757537841797,-266.5863342285156,-238.1580047607422,-304.30743408203125,183.898193359375
frame_002987.png,255.6197509765625,154.04574584960938,-266.6961975097656,-238.21371459960938,-304.4222717285156,183.97024536132812
frame_002988.png,255.71775817871094,154.11610412597656,-266.804931640625,-238.26986694335938,-304.5380554199219,184.0389862060547
frame_002989.png,255.81332397460938,154.18580627441406,-266.9091796875,-238.32725524902344,-304.65667724609375,184.10606384277344
frame_002990.png,255.9092559814453,154.24974060058594,-267.0079650878906,-238.3882598876953,-304.7800598144531,184.17306518554688
frame_002991.png,256.0044250488281,154.3083953857422,-267.1011657714844,-238.45468139648438,-304.90692138671875,184.2400360107422
frame_002992.png,256.1007995605469,154.36517333984375,-267.1929931640625,-238.5230255126953,-305.0314636230469,184.30628967285156
frame_002993.png,256.1992492675781,154.42288208007812,-267.2829284667969,-238.58648681640625,-305.1569519042969,184.37408447265625
frame_002994.png,256.3012390136719,154.47695922851562,-267.3678283691406,-238.64651489257812,-305.2826843261719,184.44332885742188
frame_002995.png,256.40521240234375,154.52957153320312,-267.44952392578125,-238.70504760742188,-305.4088134765625,184.51507568359375
frame_002996.png,256.508056640625,154.5774688720703,-267.5309143066406,-238.76492309570312,-305.53009033203125,184.5865936279297
frame_002997.png,256.605712890625,154.62432861328125,-267.6139221191406,-238.82322692871094,-305.64886474609375,184.6558837890625
frame_002998.png,256.7021789550781,154.6696014404297,-267.6994323730469,-238.879638671875,-305.7659912109375,184.72222900390625
frame_002999.png,256.7987976074219,154.71646118164062,-267.7889709472656,-238.9371795654297,-305.87884521484375,184.7869415283203
frame_003000.png,256.8960876464844,154.7640380859375,-267.884521484375,-238.9969024658203,-305.9891052246094,184.8538055419922
frame_003001.png,256.9968566894531,154.81036376953125,-267.98577880859375,-239.0600128173828,-306.094970703125,184.9197540283203
frame_003002.png,257.10137939453125,154.8542022705078,-268.08929443359375,-239.12374877929688,-306.19903564453125,184.98165893554688
frame_003003.png,257.2050476074219,154.89935302734375,-268.1916198730469,-239.1907501220703,-306.3014831542969,185.04159545898438
frame_003004.png,257.3081359863281,154.9491729736328,-268.29339599609375,-239.25820922851562,-306.4034423828125,185.10081481933594
frame_003005.png,257.41119384765625,155.0001678466797,-268.3943786621094,-239.32716369628906,-306.50665283203125,185.15774536132812
frame_003006.png,257.51446533203125,155.0480194091797,-268.4942932128906,-239.40054321289062,-306.6098327636719,185.21498107910156
frame_003007.png,257.6178894042969,155.09312438964844,-268.5946044921875,-239.47312927246094,-306.7102355957031,185.2718505859375
frame_003008.png,257.7202453613281,155.13711547851562,-268.70074462890625,-239.54637145996094,-306.80987548828125,185.32952880859375
frame_003009.png,257.8199768066406,155.18304443359375,-268.8083190917969,-239.6219482421875,-306.9081115722656,185.38623046875
frame_003010.png,257.9198303222656,155.22482299804688,-268.9138488769531,-239.6970977783203,-307.0042419433594,185.44334411621094
frame_003011.png,258.0201416015625,155.26536560058594,-269.01629638671875,-239.77293395996094,-307.0975036621094,185.50196838378906
frame_003012.png,258.1192932128906,155.30752563476562,-269.11932373046875,-239.84719848632812,-307.1858215332031,185.56227111816406
frame_003013.png,258.21856689453125,155.35240173339844,-269.2193298339844,-239.92221069335938,-307.27197265625,185.6259765625
frame_003014.png,258.31866455078125,155.3995361328125,-269.313232421875,-239.99876403808594,-307.35906982421875,185.69105529785156
frame_003015.png,258.41693115234375,155.4474639892578,-269.40478515625,-240.0775604248047,-307.4470520019531,185.75570678710938
frame_003016.png,258.5132751464844,155.4947967529297,-269.4931640625,-240.15782165527344,-307.53631591796875,185.82241821289062
frame_003017.png,258.6131286621094,155.54173278808594,-269.5820617675781,-240.2375030517578,-307.62725830078125,185.88954162597656
frame_003018.png,258.7146911621094,155.58868408203125,-269.6709289550781,-240.3206329345703,-307.71990966796875,185.9569549560547
frame_003019.png,258.8144226074219,155.63619995117188,-269.7606201171875,-240.408935546875,-307.8128967285156,186.0230255126953
frame_003020.png,258.91461181640625,155.68414306640625,-269.8521423339844,-240.50062561035156,-307.9051513671875,186.08853149414062
frame_003021.png,259.017822265625,155.73162841796875,-269.9464416503906,-240.59291076660156,-307.9971008300781,186.15264892578125
frame_003022.png,259.1231384277344,155.77926635742188,-270.0418701171875,-240.6832275390625,-308.0886535644531,186.2174072265625
frame_003023.png,259.2302551269531,155.82705688476562,-270.140869140625,-240.7725830078125,-308.17803955078125,186.28309631347656
frame_003024.png,259.3364562988281,155.8756103515625,-270.2398681640625,-240.86302185058594,-308.26458740234375,186.34954833984375
frame_003025.png,259.4396057128906,155.92233276367188,-270.3381042480469,-240.9556427001953,-308.3443603515625,186.4154815673828
frame_003026.png,259.5384521484375,155.96951293945312,-270.4330749511719,-241.0461883544922,-308.41986083984375,186.47897338867188
frame_003027.png,259.6328125,156.01641845703125,-270.5245361328125,-241.1333770751953,-308.4930114746094,186.54135131835938
frame_003028.png,259.72760009765625,156.0626220703125,-270.61407470703125,-241.2198486328125,-308.5653991699219,186.60227966308594
frame_003029.png,259.8245544433594,156.10806274414062,-270.6995544433594,-241.30899047851562,-308.6398620605469,186.66122436523438
frame_003030.png,259.921875,156.15234375,-270.7815246582031,-241.40049743652344,-308.7147521972656,186.7187042236328
frame_003031.png,260.018310546875,156.19570922851562,-270.86114501953125,-241.4954071044922,-308.78955078125,186.77786254882812
frame_003032.png,260.1150817871094,156.23757934570312,-270.9388122558594,-241.59378051757812,-308.86187744140625,186.8379364013672
frame_003033.png,260.2132263183594,156.27938842773438,-271.015869140625,-241.6934051513672,-308.9336853027344,186.898681640625
frame_003034.png,260.3116149902344,156.32052612304688,-271.0948791503906,-241.79217529296875,-309.0069580078125,186.9604949951172
frame_003035.png,260.4083251953125,156.36361694335938,-271.175537109375,-241.88832092285156,-309.0823669433594,187.02490234375
frame_003036.png,260.5007629394531,156.40985107421875,-271.2569885253906,-241.9805908203125,-309.1612243652344,187.0908966064453
frame_003037.png,260.59136962890625,156.46070861816406,-271.3389892578125,-242.07022094726562,-309.24249267578125,187.15750122070312
frame_003038.png,260.6809387207031,156.5145263671875,-271.4208068847656,-242.158935546875,-309.3260498046875,187.2251739501953
frame_003039.png,260.77032470703125,156.5694580078125,-271.50244140625,-242.2482452392578,-309.4116516113281,187.29458618164062
frame_003040.png,260.8581848144531,156.6249542236328,-271.58154296875,-242.3412322998047,-309.49993896484375,187.36221313476562
frame_003041.png,260.9471130371094,156.6763153076172,-271.65869140625,-242.43576049804688,-309.5902404785156,187.42819213867188
frame_003042.png,261.0399169921875,156.7227325439453,-271.73443603515625,-242.53106689453125,-309.68316650390625,187.49432373046875
frame_003043.png,261.13714599609375,156.76795959472656,-271.8086853027344,-242.62742614746094,-309.7784118652344,187.56044006347656
frame_003044.png,261.2405700683594,156.81149291992188,-271.8841552734375,-242.7219696044922,-309.8773498535156,187.62742614746094
frame_003045.png,261.34747314453125,156.85511779785156,-271.9621276855469,-242.8193359375,-309.97808837890625,187.6931610107422
frame_003046.png,261.4582214355469,156.8997802734375,-272.041015625,-242.91807556152344,-310.08013916015625,187.75770568847656
frame_003047.png,261.5716247558594,156.9443817138672,-272.123046875,-243.01693725585938,-310.1833801269531,187.82144165039062
frame_003048.png,261.6877136230469,156.99021911621094,-272.2107849121094,-243.11407470703125,-310.2889099121094,187.88430786132812
frame_003049.png,261.8051452636719,157.0366973876953,-272.3009338378906,-243.21290588378906,-310.3919982910156,187.94723510742188
frame_003050.png,261.9234619140625,157.08470153808594,-272.39129638671875,-243.3137664794922,-310.4938659667969,188.01217651367188
frame_003051.png,262.0410461425781,157.13397216796875,-272.48052978515625,-243.41470336914062,-310.5955505371094,188.07864379882812
frame_003052.png,262.15875244140625,157.18397521972656,-272.5713806152344,-243.51510620117188,-310.69305419921875,188.14730834960938
frame_003053.png,262.2760925292969,157.23631286621094,-272.664306640625,-243.6198272705078,-310.7873840332031,188.216064453125
frame_003054.png,262.39447021484375,157.28921508789062,-272.7593688964844,-243.7257080078125,-310.8822326660156,188.28472900390625
frame_003055.png,262.5113525390625,157.34451293945312,-272.856689453125,-243.83132934570312,-310.97564697265625,188.3513641357422
frame_003056.png,262.6251220703125,157.4037628173828,-272.9582824707031,-243.93496704101562,-311.07037353515625,188.41493225097656
frame_003057.png,262.7353515625,157.4644012451172,-273.0631408691406,-244.03793334960938,-311.1666564941406,188.47723388671875
frame_003058.png,262.8437194824219,157.5247344970703,-273.1680908203125,-244.13925170898438,-311.2637939453125,188.5401611328125
frame_003059.png,262.9508361816406,157.58204650878906,-273.2740783691406,-244.2394561767578,-311.3609313964844,188.6030731201172
frame_003060.png,263.05712890625,157.6380615234375,-273.380126953125,-244.33995056152344,-311.4585876464844,188.6648712158203
frame_003061.png,263.1632385253906,157.69442749023438,-273.4862976074219,-244.4387969970703,-311.5566711425781,188.7271728515625
frame_003062.png,263.26934814453125,157.74937438964844,-273.5928955078125,-244.53466796875,-311.6553955078125,188.79010009765625
frame_003063.png,263.374267578125,157.80194091796875,-273.6974792480469,-244.6302032470703,-311.75347900390625,188.85476684570312
frame_003064.png,263.4790954589844,157.85244750976562,-273.79962158203125,-244.7268829345703,-311.85186767578125,188.92092895507812
frame_003065.png,263.583984375,157.90219116210938,-273.9011535644531,-244.82366943359375,-311.9516296386719,188.98846435546875
frame_003066.png,263.6881408691406,157.9536895751953,-274.00189208984375,-244.92141723632812,-312.0517883300781,189.05767822265625
frame_003067.png,263.7913513183594,158.00941467285156,-274.10186767578125,-245.0206756591797,-312.1535339355469,189.1256866455078
frame_003068.png,263.8954162597656,158.070068359375,-274.2030334472656,-245.11924743652344,-312.2558288574219,189.19241333007812
frame_003069.png,264.0013122558594,158.13323974609375,-274.3039245605469,-245.2207489013672,-312.3587341308594,189.25906372070312
frame_003070.png,264.10821533203125,158.1957244873047,-274.40399169921875,-245.3232421875,-312.46441650390625,189.3271942138672
frame_003071.png,264.2185363769531,158.2511444091797,-274.5025329589844,-245.4259796142578,-312.5745849609375,189.39817810058594
frame_003072.png,264.3349914550781,158.30081176757812,-274.59893798828125,-245.52435302734375,-312.6925354003906,189.46983337402344
frame_003073.png,264.4540710449219,158.34715270996094,-274.6924133300781,-245.61878967285156,-312.8111572265625,189.54486083984375
frame_003074.png,264.5704650878906,158.39601135253906,-274.7819519042969,-245.71173095703125,-312.9292907714844,189.61984252929688
frame_003075.png,264.6871643066406,158.44659423828125,-274.8711853027344,-245.80189514160156,-313.04388427734375,189.6929931640625
frame_003076.png,264.8016357421875,158.49945068359375,-274.9620056152344,-245.8895721435547,-313.1531066894531,189.76161193847656
frame_003077.png,264.9129943847656,158.5552520751953,-275.05670166015625,-245.97906494140625,-313.25775146484375,189.8256378173828
frame_003078.png,265.0213623046875,158.61380004882812,-275.1498107910156,-246.06826782226562,-313.3614807128906,189.88893127441406
frame_003079.png,265.1231689453125,158.66835021972656,-275.2407531738281,-246.1557159423828,-313.4604187011719,189.95172119140625
frame_003080.png,265.2145080566406,158.71836853027344,-275.328125,-246.2433624267578,-313.552734375,190.01861572265625
frame_003081.png,265.2983703613281,158.7666015625,-275.4090576171875,-246.32801818847656,-313.642333984375,190.08334350585938
frame_003082.png,265.381591796875,158.8167724609375,-275.4902648925781,-246.4097137451172,-313.7319030761719,190.1453857421875
frame_003083.png,265.4683532714844,158.86724853515625,-275.572509765625,-246.4886474609375,-313.818603515625,190.20639038085938
frame_003084.png,265.5610046386719,158.91720581054688,-275.6583557128906,-246.5673370361328,-313.8984069824219,190.26821899414062
frame_003085.png,265.6608581542969,158.96343994140625,-275.7468566894531,-246.6452178955078,-313.9760437011719,190.33096313476562
frame_003086.png,265.7653503417969,159.0044708251953,-275.8426513671875,-246.71705627441406,-314.0530700683594,190.39559936523438
frame_003087.png,265.87188720703125,159.047607421875,-275.9439392089844,-246.78807067871094,-314.1339416503906,190.45648193359375
frame_003088.png,265.97528076171875,159.0906219482422,-276.0469665527344,-246.861572265625,-314.21917724609375,190.51783752441406
frame_003089.png,266.07421875,159.13421630859375,-276.14825439453125,-246.9383087158203,-314.3090515136719,190.57774353027344
frame_003090.png,266.1706237792969,159.1807403564453,-276.2475280761719,-247.01992797851562,-314.4039611816406,190.6327362060547
frame_003091.png,266.2635498046875,159.23484802246094,-276.34405517578125,-247.1027069091797,-314.50299072265625,190.6833953857422
frame_003092.png,266.3556823730469,159.2931671142578,-276.4399108886719,-247.18399047851562,-314.60723876953125,190.73435974121094
frame_003093.png,266.44952392578125,159.35321044921875,-276.5382995605469,-247.2576141357422,-314.71527099609375,190.7877960205078
frame_003094.png,266.5474548339844,159.41323852539062,-276.6393127441406,-247.32284545898438,-314.8259582519531,190.84207153320312
frame_003095.png,266.6469421386719,159.47239685058594,-276.7409973144531,-247.38381958007812,-314.9355163574219,190.89877319335938
frame_003096.png,266.74798583984375,159.52670288085938,-276.8427734375,-247.4419708251953,-315.04364013671875,190.95867919921875
frame_003097.png,266.84954833984375,159.57440185546875,-276.9411926269531,-247.50048828125,-315.1519470214844,191.02084350585938
frame_003098.png,266.9481506347656,159.61717224121094,-277.0375671386719,-247.5570831298828,-315.2629089355469,191.0830841064453
frame_003099.png,267.0394287109375,159.6587677001953,-277.13006591796875,-247.61524963378906,-315.3740234375,191.1444854736328
frame_003100.png,267.12628173828125,159.70143127441406,-277.2220153808594,-247.6736297607422,-315.4861755371094,191.20216369628906
frame_003101.png,267.2118835449219,159.74563598632812,-277.31304931640625,-247.73423767089844,-315.5921936035156,191.26084899902344
frame_003102.png,267.2991943359375,159.79022216796875,-277.4017639160156,-247.7967071533203,-315.6953125,191.3232421875
frame_003103.png,267.39312744140625,159.83218383789062,-277.4859313964844,-247.86012268066406,-315.7986145019531,191.38973999023438
frame_003104.png,267.49444580078125,159.8761749267578,-277.5689697265625,-247.9251251220703,-315.9062805175781,191.45970153808594
frame_003105.png,267.60284423828125,159.9219512939453,-277.6517639160156,-247.98948669433594,-316.0152893066406,191.5323486328125
frame_003106.png,267.7156066894531,159.96499633789062,-277.7375183105469,-248.0526123046875,-316.12567138671875,191.606689453125
frame_003107.png,267.8248596191406,160.0076904296875,-277.8239440917969,-248.1148223876953,-316.2337951660156,191.6812286376953
frame_003108.png,267.92889404296875,160.05349731445312,-277.91290283203125,-248.17556762695312,-316.3418273925781,191.754150390625
frame_003109.png,268.0263671875,160.10043334960938,-278.0042724609375,-248.23744201660156,-316.45068359375,191.82650756835938
frame_003110.png,268.1195983886719,160.14810180664062,-278.10052490234375,-248.30015563964844,-316.56036376953125,191.90020751953125
frame_003111.png,268.2115478515625,160.19570922851562,-278.2020568847656,-248.35931396484375,-316.6713562011719,191.97755432128906
frame_003112.png,268.3044738769531,160.24392700195312,-278.3092041015625,-248.41555786132812,-316.78485107421875,192.05926513671875
frame_003113.png,268.3977355957031,160.2959442138672,-278.42193603515625,-248.4707794189453,-316.9012756347656,192.14321899414062
frame_003114.png,268.4874572753906,160.3519287109375,-278.5352783203125,-248.52841186523438,-317.02215576171875,192.22793579101562
frame_003115.png,268.5758056640625,160.40972900390625,-278.6474914550781,-248.58895874023438,-317.15020751953125,192.31422424316406
frame_003116.png,268.6656494140625,160.4689483642578,-278.7575378417969,-248.6497802734375,-317.2828063964844,192.4003448486328
frame_003117.png,268.7579040527344,160.52870178222656,-278.8652648925781,-248.7090606689453,-317.4190673828125,192.48524475097656
frame_003118.png,268.85302734375,160.5879669189453,-278.9715270996094,-248.7659454345703,-317.55810546875,192.5673065185547
frame_003119.png,268.9494323730469,160.64906311035156,-279.0757751464844,-248.822021484375,-317.69757080078125,192.6464080810547
frame_003120.png,269.0480651855469,160.7113800048828,-279.17657470703125,-248.88218688964844,-317.8365478515625,192.7248077392578
frame_003121.png,269.1512145996094,160.7752227783203,-279.27630615234375,-248.9467010498047,-317.97491455078125,192.80245971679688
frame_003122.png,269.2566833496094,160.83705139160156,-279.3763427734375,-249.01292419433594,-318.1100769042969,192.88134765625
frame_003123.png,269.35986328125,160.8953399658203,-279.47540283203125,-249.0799560546875,-318.2416076660156,192.96104431152344
frame_003124.png,269.461669921875,160.95030212402344,-279.5748291015625,-249.14419555664062,-318.3728332519531,193.04168701171875
frame_003125.png,269.5664978027344,161.00119018554688,-279.6726379394531,-249.20249938964844,-318.5006103515625,193.1228790283203
frame_003126.png,269.67120361328125,161.04954528808594,-279.76422119140625,-249.26393127441406,-318.6256103515625,193.20433044433594
frame_003127.png,269.7753601074219,161.09706115722656,-279.84710693359375,-249.32676696777344,-318.7516174316406,193.2843017578125
frame_003128.png,269.8780212402344,161.14602661132812,-279.9200439453125,-249.3931121826172,-318.878173828125,193.3628387451172
frame_003129.png,269.9825744628906,161.19772338867188,-279.9859313964844,-249.45867919921875,-319.0075988769531,193.4411163330078
frame_003130.png,270.091064453125,161.25306701660156,-280.0479431152344,-249.52293395996094,-319.1396789550781,193.51856994628906
frame_003131.png,270.2032165527344,161.31065368652344,-280.10992431640625,-249.58644104003906,-319.275390625,193.59527587890625
frame_003132.png,270.3189697265625,161.3671417236328,-280.17083740234375,-249.65106201171875,-319.4120788574219,193.67042541503906
frame_003133.png,270.43426513671875,161.42523193359375,-280.2316589355469,-249.71688842773438,-319.54888916015625,193.74525451660156
frame_003134.png,270.5484619140625,161.48252868652344,-280.2929992675781,-249.7826385498047,-319.68353271484375,193.8225555419922
frame_003135.png,270.6585693359375,161.54132080078125,-280.35858154296875,-249.84890747070312,-319.81561279296875,193.90158081054688
frame_003136.png,270.7703552246094,161.6015625,-280.4270935058594,-249.91407775878906,-319.9433898925781,193.97816467285156
frame_003137.png,270.88330078125,161.6613006591797,-280.49737548828125,-249.9793243408203,-320.06781005859375,194.0519256591797
frame_003138.png,270.9939270019531,161.72085571289062,-280.56817626953125,-250.0469512939453,-320.18402099609375,194.12283325195312
frame_003139.png,271.1025695800781,161.7771759033203,-280.641357421875,-250.1173095703125,-320.2959289550781,194.19361877441406
frame_003140.png,271.208740234375,161.82867431640625,-280.7152404785156,-250.192626953125,-320.4047546386719,194.26412963867188
frame_003141.png,271.3144226074219,161.8761444091797,-280.7890930175781,-250.27268981933594,-320.5120544433594,194.33412170410156
frame_003142.png,271.4216613769531,161.91880798339844,-280.86376953125,-250.35552978515625,-320.6190490722656,194.40272521972656
frame_003143.png,271.5287170410156,161.95901489257812,-280.9398193359375,-250.43716430664062,-320.7267761230469,194.47018432617188
frame_003144.png,271.6349792480469,162.00161743164062,-281.0172119140625,-250.51669311523438,-320.8333435058594,194.5360107421875
frame_003145.png,271.7406005859375,162.0486297607422,-281.095458984375,-250.5979766845703,-320.9393005371094,194.59906005859375
frame_003146.png,271.8458557128906,162.098388671875,-281.17626953125,-250.67942810058594,-321.0429992675781,194.66090393066406
frame_003147.png,271.949462890625,162.15185546875,-281.2552795410156,-250.7586669921875,-321.1451416015625,194.72097778320312
frame_003148.png,272.0489807128906,162.20668029785156,-281.3330993652344,-250.8364715576172,-321.24560546875,194.78089904785156
frame_003149.png,272.14404296875,162.2617645263672,-281.41009521484375,-250.91419982910156,-321.3446350097656,194.8404541015625
frame_003150.png,272.2368469238281,162.3162841796875,-281.4877624511719,-250.990966796875,-321.4440002441406,194.90057373046875
frame_003151.png,272.329345703125,162.37060546875,-281.5644226074219,-251.06837463378906,-321.54254150390625,194.9601593017578
frame_003152.png,272.4234619140625,162.42507934570312,-281.6433410644531,-251.14620971679688,-321.6421203613281,195.01943969726562
frame_003153.png,272.5191345214844,162.4785919189453,-281.724365234375,-251.2245635986328,-321.74072265625,195.07786560058594
frame_003154.png,272.6160583496094,162.5308837890625,-281.8075256347656,-251.30517578125,-321.8377685546875,195.1354217529297
frame_003155.png,272.71435546875,162.58267211914062,-281.89288330078125,-251.38597106933594,-321.9338684082031,195.19326782226562
frame_003156.png,272.8148193359375,162.63475036621094,-281.9803161621094,-251.4659881591797,-322.0299987792969,195.25189208984375
frame_003157.png,272.9159851074219,162.68800354003906,-282.0696105957031,-251.5432891845703,-322.1268615722656,195.31149291992188
frame_003158.png,273.0177917480469,162.74136352539062,-282.1610412597656,-251.61666870117188,-322.22430419921875,195.3718719482422
frame_003159.png,273.121337890625,162.7931671142578,-282.2513122558594,-251.6898651123047,-322.31964111328125,195.43350219726562
frame_003160.png,273.22705078125,162.84210205078125,-282.34210205078125,-251.7621612548828,-322.4122314453125,195.49571228027344
frame_003161.png,273.3325500488281,162.88792419433594,-282.4337463378906,-251.8354949951172,-322.5032958984375,195.55657958984375
frame_003162.png,273.4364013671875,162.93112182617188,-282.5265197753906,-251.91017150878906,-322.59344482421875,195.61697387695312
frame_003163.png,273.5372314453125,162.97023010253906,-282.61962890625,-251.98519897460938,-322.682861328125,195.67776489257812
frame_003164.png,273.63446044921875,163.007080078125,-282.71234130859375,-252.05953979492188,-322.7711486816406,195.73818969726562
frame_003165.png,273.7281188964844,163.043701171875,-282.8054504394531,-252.13534545898438,-322.8584899902344,195.7975311279297
frame_003166.png,273.82037353515625,163.0803680419922,-282.9003601074219,-252.21189880371094,-322.9447021484375,195.8578643798828
frame_003167.png,273.9127502441406,163.11839294433594,-282.9965515136719,-252.29090881347656,-323.0292053222656,195.91921997070312
frame_003168.png,274.0073547363281,163.1581573486328,-283.0939025878906,-252.3709716796875,-323.11322021484375,195.98036193847656
frame_003169.png,274.1029052734375,163.2012481689453,-283.1925048828125,-252.45098876953125,-323.1959228515625,196.04107666015625
frame_003170.png,274.19842529296875,163.24649047851562,-283.29412841796875,-252.53013610839844,-323.27685546875,196.10165405273438
frame_003171.png,274.2944030761719,163.29425048828125,-283.398193359375,-252.60708618164062,-323.3578796386719,196.16168212890625
frame_003172.png,274.39093017578125,163.34347534179688,-283.5034484863281,-252.68240356445312,-323.441162109375,196.22117614746094
frame_003173.png,274.4895935058594,163.39297485351562,-283.60919189453125,-252.75628662109375,-323.5254211425781,196.28057861328125
frame_003174.png,274.5918884277344,163.44285583496094,-283.7154846191406,-252.82943725585938,-323.6109313964844,196.34095764160156
frame_003175.png,274.6963806152344,163.49169921875,-283.82073974609375,-252.90399169921875,-323.6966552734375,196.4024200439453
frame_003176.png,274.8022155761719,163.54241943359375,-283.9237365722656,-252.9803924560547,-323.78216552734375,196.46157836914062
frame_003177.png,274.9059753417969,163.59461975097656,-284.0235290527344,-253.05926513671875,-323.8673400878906,196.51881408691406
frame_003178.png,275.0079650878906,163.6460723876953,-284.12060546875,-253.14048767089844,-323.95428466796875,196.57618713378906
frame_003179.png,275.1076354980469,163.69569396972656,-284.2161560058594,-253.2215576171875,-324.0439758300781,196.634033203125
frame_003180.png,275.2052917480469,163.74267578125,-284.3123474121094,-253.30117797851562,-324.1363220214844,196.69229125976562
frame_003181.png,275.30157470703125,163.7875213623047,-284.40911865234375,-253.3791961669922,-324.2300109863281,196.75009155273438
frame_003182.png,275.3958740234375,163.83111572265625,-284.5066833496094,-253.4567413330078,-324.3234558105469,196.8077850341797
frame_003183.png,275.4896545410156,163.87319946289062,-284.6063537597656,-253.53164672851562,-324.4173889160156,196.8654022216797
frame_003184.png,275.58306884765625,163.9144744873047,-284.7054443359375,-253.60479736328125,-324.5115966796875,196.92332458496094
frame_003185.png,275.6756286621094,163.9553680419922,-284.8021545410156,-253.6769561767578,-324.6053161621094,196.98106384277344
frame_003186.png,275.7676696777344,163.996337890625,-284.89617919921875,-253.7491912841797,-324.7000732421875,197.03761291503906
frame_003187.png,275.8602600097656,164.03652954101562,-284.9902038574219,-253.8200225830078,-324.79876708984375,197.09288024902344
frame_003188.png,275.951171875,164.07757568359375,-285.085693359375,-253.88992309570312,-324.9001159667969,197.146484375
frame_003189.png,276.0401611328125,164.12059020996094,-285.1829528808594,-253.95797729492188,-325.00396728515625,197.19805908203125
frame_003190.png,276.127197265625,164.16671752929688,-285.2803649902344,-254.02557373046875,-325.1087341308594,197.24920654296875
frame_003191.png,276.21307373046875,164.21591186523438,-285.3782043457031,-254.09312438964844,-325.214111328125,197.30174255371094
frame_003192.png,276.29986572265625,164.2657928466797,-285.4749450683594,-254.16151428222656,-325.3186340332031,197.35682678222656
frame_003193.png,276.388427734375,164.3163299560547,-285.5724182128906,-254.2317352294922,-325.4224548339844,197.41567993164062
frame_003194.png,276.478759765625,164.36744689941406,-285.6683654785156,-254.3035888671875,-325.525390625,197.47695922851562
frame_003195.png,276.57098388671875,164.41943359375,-285.762939453125,-254.37506103515625,-325.62677001953125,197.5399627685547
frame_003196.png,276.6659851074219,164.4716339111328,-285.8562316894531,-254.44740295410156,-325.7275085449219,197.60203552246094
frame_003197.png,276.7635803222656,164.52371215820312,-285.94903564453125,-254.5191650390625,-325.8280029296875,197.6621856689453
frame_003198.png,276.8636779785156,164.574951171875,-286.0421142578125,-254.59115600585938,-325.9276428222656,197.721435546875
frame_003199.png,276.9651184082031,164.6248779296875,-286.13507080078125,-254.6618194580078,-326.0263366699219,197.77987670898438
frame_003200.png,277.0674133300781,164.6735382080078,-286.2275390625,-254.72982788085938,-326.1239929199219,197.8389892578125
frame_003201.png,277.1708984375,164.72142028808594,-286.320068359375,-254.79347229003906,-326.2204895019531,197.8986053466797
frame_003202.png,277.2739562988281,164.76876831054688,-286.4126281738281,-254.8546600341797,-326.3163757324219,197.95767211914062
frame_003203.png,277.3760681152344,164.81585693359375,-286.5042419433594,-254.9147491455078,-326.41241455078125,198.01551818847656
frame_003204.png,277.476806640625,164.86370849609375,-286.5950012207031,-254.97471618652344,-326.5092468261719,198.0716552734375
frame_003205.png,277.5760192871094,164.91468811035156,-286.6842346191406,-255.0380859375,-326.6067199707031,198.1277618408203
frame_003206.png,277.67498779296875,164.9671173095703,-286.7739562988281,-255.1054229736328,-326.70526123046875,198.1826171875
frame_003207.png,277.7759704589844,165.0183868408203,-286.8653869628906,-255.17210388183594,-326.8058166503906,198.23947143554688
frame_003208.png,277.8781433105469,165.0692901611328,-286.955810546875,-255.2397918701172,-326.91094970703125,198.29710388183594
frame_003209.png,277.9800720214844,165.12014770507812,-287.04583740234375,-255.30723571777344,-327.02044677734375,198.35545349121094
frame_003210.png,278.0801696777344,165.170654296875,-287.13763427734375,-255.37539672851562,-327.1312561035156,198.4130096435547
frame_003211.png,278.17718505859375,165.2248077392578,-287.23223876953125,-255.44471740722656,-327.24346923828125,198.47071838378906
frame_003212.png,278.2733459472656,165.2816162109375,-287.3323059082031,-255.51419067382812,-327.35833740234375,198.52902221679688
frame_003213.png,278.36968994140625,165.3402099609375,-287.4383239746094,-255.5833740234375,-327.4738464355469,198.5877227783203
frame_003214.png,278.466796875,165.40115356445312,-287.5474853515625,-255.65122985839844,-327.59002685546875,198.64735412597656
frame_003215.png,278.5641174316406,165.46371459960938,-287.6562194824219,-255.7198028564453,-327.7074279785156,198.70799255371094
frame_003216.png,278.66082763671875,165.52740478515625,-287.763916015625,-255.7896728515625,-327.8260498046875,198.76927185058594
frame_003217.png,278.7577209472656,165.59007263183594,-287.8706970214844,-255.8590087890625,-327.9434509277344,198.8308563232422
frame_003218.png,278.8550109863281,165.6510772705078,-287.9765625,-255.92752075195312,-328.0624084472656,198.892578125
frame_003219.png,278.95233154296875,165.71221923828125,-288.0810241699219,-255.99810791015625,-328.1812744140625,198.95359802246094
frame_003220.png,279.0500183105469,165.7733154296875,-288.1845397949219,-256.06866455078125,-328.29852294921875,199.01507568359375
frame_003221.png,279.1482238769531,165.83396911621094,-288.2865295410156,-256.13958740234375,-328.4149169921875,199.07655334472656
frame_003222.png,279.2470397949219,165.89328002929688,-288.3878479003906,-256.21221923828125,-328.5311279296875,199.13938903808594
frame_003223.png,279.34521484375,165.95086669921875,-288.4860534667969,-256.2872619628906,-328.6486511230469,199.20217895507812
frame_003224.png,279.44268798828125,166.00758361816406,-288.58349609375,-256.36492919921875,-328.7650146484375,199.26422119140625
frame_003225.png,279.5428771972656,166.06468200683594,-288.68524169921875,-256.4419250488281,-328.8809814453125,199.3265838623047
frame_003226.png,279.6475524902344,166.12069702148438,-288.7891845703125,-256.5177307128906,-328.99639892578125,199.38397216796875
frame_003227.png,279.7593994140625,166.17616271972656,-288.8939208984375,-256.5921630859375,-329.1097717285156,199.43992614746094
frame_003228.png,279.8730773925781,166.23175048828125,-288.99713134765625,-256.6639709472656,-329.217529296875,199.4949493408203
frame_003229.png,279.9839172363281,166.2852020263672,-289.0946044921875,-256.7395935058594,-329.3189697265625,199.548095703125
frame_003230.png,280.0928649902344,166.33917236328125,-289.1903076171875,-256.8194885253906,-329.4158020019531,199.602294921875
frame_003231.png,280.19775390625,166.3937225341797,-289.28863525390625,-256.9022216796875,-329.5082092285156,199.6588897705078
frame_003232.png,280.2962646484375,166.44760131835938,-289.3890380859375,-256.98388671875,-329.6017150878906,199.71949768066406
frame_003233.png,280.38720703125,166.49964904785156,-289.4892578125,-257.0636901855469,-329.6953125,199.78565979003906
frame_003234.png,280.4758605957031,166.5463409423828,-289.5869445800781,-257.1379089355469,-329.7894592285156,199.85690307617188
frame_003235.png,280.5587158203125,166.59182739257812,-289.68170166015625,-257.2086486816406,-329.8804626464844,199.93145751953125
frame_003236.png,280.6355285644531,166.63619995117188,-289.7721252441406,-257.2749328613281,-329.9701843261719,200.00909423828125
frame_003237.png,280.71142578125,166.677978515625,-289.8602294921875,-257.3363342285156,-330.0567321777344,200.09024047851562
frame_003238.png,280.7898864746094,166.7208251953125,-289.95269775390625,-257.3965759277344,-330.1372985839844,200.1735382080078
frame_003239.png,280.87152099609375,166.7673797607422,-290.05072021484375,-257.4591064453125,-330.2120056152344,200.25579833984375
frame_003240.png,280.9569396972656,166.8155059814453,-290.1529235839844,-257.5179138183594,-330.2843017578125,200.3371124267578
frame_003241.png,281.0463562011719,166.86563110351562,-290.2608947753906,-257.5721435546875,-330.35400390625,200.41868591308594
frame_003242.png,281.13885498046875,166.91639709472656,-290.3719482421875,-257.62445068359375,-330.4216003417969,200.50152587890625
frame_003243.png,281.2342529296875,166.9683380126953,-290.4849548339844,-257.67462158203125,-330.4877624511719,200.58541870117188
frame_003244.png,281.3326110839844,167.01959228515625,-290.59716796875,-257.7244873046875,-330.5530090332031,200.66888427734375
frame_003245.png,281.4315185546875,167.06886291503906,-290.7090759277344,-257.77783203125,-330.6197204589844,200.75279235839844
frame_003246.png,281.5270080566406,167.11331176757812,-290.8180236816406,-257.8357238769531,-330.69000244140625,200.8380584716797
frame_003247.png,281.61370849609375,167.1539764404297,-290.9212341308594,-257.8957214355469,-330.76611328125,200.9215545654297
frame_003248.png,281.69140625,167.19415283203125,-291.02508544921875,-257.9538269042969,-330.84521484375,201.00238037109375
frame_003249.png,281.7616882324219,167.23646545410156,-291.12664794921875,-258.0122375488281,-330.92401123046875,201.0819549560547
frame_003250.png,281.8306579589844,167.28086853027344,-291.2242126464844,-258.07403564453125,-331.0039978027344,201.16091918945312
frame_003251.png,281.90155029296875,167.32569885253906,-291.31719970703125,-258.1402587890625,-331.08465576171875,201.2385711669922
frame_003252.png,281.9733581542969,167.37295532226562,-291.4067687988281,-258.2090759277344,-331.1688537597656,201.31838989257812
frame_003253.png,282.04803466796875,167.42176818847656,-291.49517822265625,-258.2782287597656,-331.2549133300781,201.4026641845703
frame_003254.png,282.129638671875,167.47096252441406,-291.5812683105469,-258.34796142578125,-331.3440246582031,201.4886932373047
frame_003255.png,282.2187194824219,167.5183563232422,-291.6678771972656,-258.4189453125,-331.4385070800781,201.57626342773438
frame_003256.png,282.3120422363281,167.56414794921875,-291.7572326660156,-258.4925537109375,-331.53375244140625,201.6637420654297
frame_003257.png,282.41021728515625,167.6099853515625,-291.8520812988281,-258.5670471191406,-331.62872314453125,201.7488555908203
frame_003258.png,282.5119934082031,167.65841674804688,-291.95458984375,-258.6401672363281,-331.7212219238281,201.82835388183594
frame_003259.png,282.6148681640625,167.70777893066406,-292.0600891113281,-258.71435546875,-331.8116760253906,201.90185546875
frame_003260.png,282.7173767089844,167.75730895996094,-292.16619873046875,-258.78826904296875,-331.90081787109375,201.9733123779297
frame_003261.png,282.8199768066406,167.8097381591797,-292.2705993652344,-258.8653259277344,-331.98681640625,202.04249572753906
frame_003262.png,282.9226989746094,167.86224365234375,-292.37359619140625,-258.9425964355469,-332.0735168457031,202.11119079589844
frame_003263.png,283.0243225097656,167.9137725830078,-292.4753723144531,-259.0212707519531,-332.15838623046875,202.1822509765625
frame_003264.png,283.12646484375,167.96743774414062,-292.57489013671875,-259.0993347167969,-332.2442626953125,202.25502014160156
frame_003265.png,283.2284240722656,168.021240234375,-292.67181396484375,-259.1783752441406,-332.33087158203125,202.32969665527344
frame_003266.png,283.3314208984375,168.07652282714844,-292.7657165527344,-259.25897216796875,-332.42034912109375,202.40419006347656
frame_003267.png,283.4372863769531,168.1328125,-292.8594665527344,-259.33819580078125,-332.51171875,202.47669982910156
frame_003268.png,283.5445861816406,168.189208984375,-292.9548645019531,-259.4132995605469,-332.6048278808594,202.54905700683594
frame_003269.png,283.6508483886719,168.2460479736328,-293.0497741699219,-259.4837341308594,-332.7008361816406,202.62014770507812
frame_003270.png,283.75445556640625,168.303466796875,-293.145751953125,-259.5491638183594,-332.8004150390625,202.6886444091797
frame_003271.png,283.8509216308594,168.36337280273438,-293.2427673339844,-259.61383056640625,-332.9032897949219,202.7547607421875
frame_003272.png,283.9453125,168.42446899414062,-293.3450622558594,-259.6770324707031,-333.012939453125,202.81906127929688
frame_003273.png,284.03955078125,168.4853515625,-293.4522399902344,-259.73895263671875,-333.1274719238281,202.8809814453125
frame_003274.png,284.1360168457031,168.54116821289062,-293.5610046386719,-259.80181884765625,-333.24560546875,202.94158935546875
frame_003275.png,284.2324523925781,168.59259033203125,-293.67120361328125,-259.8638610839844,-333.3651428222656,203.00579833984375
frame_003276.png,284.32916259765625,168.6431884765625,-293.7803039550781,-259.9273986816406,-333.4852600097656,203.06988525390625
frame_003277.png,284.42449951171875,168.6954803466797,-293.8837585449219,-259.9947204589844,-333.6058044433594,203.13265991210938
frame_003278.png,284.5185546875,168.74520874023438,-293.9860534667969,-260.06695556640625,-333.7239685058594,203.1969757080078
frame_003279.png,284.61163330078125,168.79714965820312,-294.0870056152344,-260.1441650390625,-333.84173583984375,203.26089477539062
frame_003280.png,284.70513916015625,168.84890747070312,-294.1871337890625,-260.2231750488281,-333.96002197265625,203.32611083984375
frame_003281.png,284.79742431640625,168.89649963378906,-294.2846984863281,-260.305419921875,-334.0805969238281,203.392333984375
frame_003282.png,284.88726806640625,168.942626953125,-294.3816223144531,-260.3873596191406,-334.203369140625,203.4567413330078
frame_003283.png,284.97381591796875,168.98745727539062,-294.4814758300781,-260.46722412109375,-334.32818603515625,203.51939392089844
frame_003284.png,285.0593566894531,169.03419494628906,-294.584228515625,-260.5441589355469,-334.45458984375,203.57823181152344
frame_003285.png,285.1483459472656,169.08363342285156,-294.6888427734375,-260.6174621582031,-334.58441162109375,203.63494873046875
frame_003286.png,285.2408752441406,169.13381958007812,-294.7933654785156,-260.6872863769531,-334.7177734375,203.6900634765625
frame_003287.png,285.3347473144531,169.18386840820312,-294.89764404296875,-260.7550048828125,-334.8556213378906,203.74365234375
frame_003288.png,285.4306335449219,169.23545837402344,-295.00140380859375,-260.82232666015625,-334.99200439453125,203.79476928710938
frame_003289.png,285.5269775390625,169.28868103027344,-295.1046447753906,-260.888671875,-335.1268615722656,203.8435516357422
frame_003290.png,285.6225891113281,169.34295654296875,-295.2065734863281,-260.95294189453125,-335.26129150390625,203.89114379882812
frame_003291.png,285.7161560058594,169.3986053466797,-295.3081970214844,-261.0179443359375,-335.39776611328125,203.93829345703125
frame_003292.png,285.806884765625,169.45443725585938,-295.4089660644531,-261.0853271484375,-335.5336608886719,203.98648071289062
frame_003293.png,285.8964538574219,169.50924682617188,-295.5104675292969,-261.1553039550781,-335.66851806640625,204.03590393066406
frame_003294.png,285.9853210449219,169.56253051757812,-295.61114501953125,-261.2251281738281,-335.8035888671875,204.0858917236328
frame_003295.png,286.0733642578125,169.61163330078125,-295.7100830078125,-261.293212890625,-335.93853759765625,204.13458251953125
frame_003296.png,286.1595764160156,169.6578826904297,-295.808837890625,-261.3596496582031,-336.0728454589844,204.1815948486328
frame_003297.png,286.2430114746094,169.70596313476562,-295.90826416015625,-261.4232177734375,-336.2059631347656,204.22816467285156
frame_003298.png,286.32421875,169.75733947753906,-296.007080078125,-261.4848327636719,-336.3370056152344,204.27517700195312
frame_003299.png,286.4042053222656,169.81219482421875,-296.1051940917969,-261.543212890625,-336.4649658203125,204.32101440429688
frame_003300.png,286.4828796386719,169.87063598632812,-296.2032165527344,-261.6004943847656,-336.589111328125,204.36724853515625
frame_003301.png,286.5610656738281,169.9310302734375,-296.3031921386719,-261.6557312011719,-336.70849609375,204.41354370117188
frame_003302.png,286.6390380859375,169.99197387695312,-296.404052734375,-261.70758056640625,-336.82562255859375,204.460205078125
frame_003303.png,286.7198791503906,170.0542755126953,-296.5067443847656,-261.759033203125,-336.94000244140625,204.50836181640625
frame_003304.png,286.8053283691406,170.1175079345703,-296.6128234863281,-261.809326171875,-337.05145263671875,204.55694580078125
frame_003305.png,286.8954162597656,170.17979431152344,-296.7197265625,-261.8589782714844,-337.1598815917969,204.6060791015625
frame_003306.png,286.9888610839844,170.2406005859375,-296.8282775878906,-261.9081115722656,-337.2659912109375,204.6555633544922
frame_003307.png,287.0824890136719,170.30162048339844,-296.9375,-261.9587707519531,-337.3705749511719,204.70266723632812
frame_003308.png,287.17364501953125,170.3635711669922,-297.0473937988281,-262.01080322265625,-337.4748840332031,204.74755859375
frame_003309.png,287.26202392578125,170.42611694335938,-297.155517578125,-262.06353759765625,-337.5783386230469,204.7922821044922
frame_003310.png,287.34942626953125,170.4878692626953,-297.2603759765625,-262.1180114746094,-337.68096923828125,204.83641052246094
frame_003311.png,287.436279296875,170.55206298828125,-297.3613586425781,-262.1719970703125,-337.78314208984375,204.88096618652344
frame_003312.png,287.5217590332031,170.61703491210938,-297.4615478515625,-262.2288513183594,-337.8840026855469,204.9268798828125
frame_003313.png,287.60443115234375,170.68223571777344,-297.56182861328125,-262.2879943847656,-337.9857177734375,204.9761505126953
frame_003314.png,287.6855773925781,170.74818420410156,-297.6617736816406,-262.3493957519531,-338.0884704589844,205.0267333984375
frame_003315.png,287.7676086425781,170.8173370361328,-297.7604064941406,-262.4128723144531,-338.1920471191406,205.07887268066406
frame_003316.png,287.8499755859375,170.88949584960938,-297.8587646484375,-262.4771728515625,-338.2962951660156,205.133544921875
frame_003317.png,287.93072509765625,170.96389770507812,-297.9551086425781,-262.5415954589844,-338.4017639160156,205.187744140625
frame_003318.png,288.0074462890625,171.04150390625,-298.04736328125,-262.6064147949219,-338.5079650878906,205.24148559570312
frame_003319.png,288.08258056640625,171.12168884277344,-298.1363220214844,-262.66851806640625,-338.6162414550781,205.29547119140625
frame_003320.png,288.1570129394531,171.20208740234375,-298.2203674316406,-262.7288818359375,-338.72613525390625,205.35057067871094
frame_003321.png,288.231201171875,171.2813262939453,-298.3009033203125,-262.7887878417969,-338.83587646484375,205.40687561035156
frame_003322.png,288.30450439453125,171.35836791992188,-298.3777770996094,-262.84722900390625,-338.94635009765625,205.463134765625
frame_003323.png,288.3768005371094,171.43235778808594,-298.4546203613281,-262.906494140625,-339.0574951171875,205.52078247070312
frame_003324.png,288.44757080078125,171.50213623046875,-298.536376953125,-262.9676818847656,-339.16839599609375,205.57791137695312
frame_003325.png,288.5202941894531,171.56784057617188,-298.6225891113281,-263.0329895019531,-339.2781066894531,205.6331787109375
frame_003326.png,288.5955505371094,171.63148498535156,-298.7167053222656,-263.1018981933594,-339.3836669921875,205.6881561279297
frame_003327.png,288.6751708984375,171.69204711914062,-298.8150634765625,-263.1752014160156,-339.4828796386719,205.74327087402344
frame_003328.png,288.7618713378906,171.74819946289062,-298.9210205078125,-263.24713134765625,-339.5778503417969,205.79708862304688
frame_003329.png,288.8520202636719,171.8060760498047,-299.032470703125,-263.31768798828125,-339.6698913574219,205.84860229492188
frame_003330.png,288.9437561035156,171.86544799804688,-299.14556884765625,-263.38360595703125,-339.7646179199219,205.90060424804688
frame_003331.png,289.03369140625,171.92645263671875,-299.2533264160156,-263.4451599121094,-339.8623352050781,205.9517822265625
frame_003332.png,289.1202392578125,171.9879913330078,-299.35809326171875,-263.503173828125,-339.96539306640625,206.00033569335938
frame_003333.png,289.205078125,172.04920959472656,-299.4617614746094,-263.556884765625,-340.07366943359375,206.04539489746094
frame_003334.png,289.2882995605469,172.1094512939453,-299.5663146972656,-263.607666015625,-340.1856384277344,206.08969116210938
frame_003335.png,289.3710021972656,172.1696014404297,-299.670654296875,-263.6580505371094,-340.30035400390625,206.1354217529297
frame_003336.png,289.4533996582031,172.23062133789062,-299.7747497558594,-263.70550537109375,-340.41754150390625,206.1822509765625
frame_003337.png,289.53466796875,172.2938995361328,-299.8829650878906,-263.75213623046875,-340.5367431640625,206.23086547851562
frame_003338.png,289.61572265625,172.3605499267578,-299.9960632324219,-263.79852294921875,-340.65765380859375,206.2803955078125
frame_003339.png,289.69561767578125,172.4253692626953,-300.1099548339844,-263.8444519042969,-340.78076171875,206.3332977294922
frame_003340.png,289.7764892578125,172.4890594482422,-300.22210693359375,-263.8929443359375,-340.9031982421875,206.3890838623047
frame_003341.png,289.86395263671875,172.55133056640625,-300.33349609375,-263.94366455078125,-341.02020263671875,206.4482879638672
frame_003342.png,289.959716796875,172.61557006835938,-300.44342041015625,-263.99578857421875,-341.1354064941406,206.50787353515625
frame_003343.png,290.05938720703125,172.68153381347656,-300.55096435546875,-264.0531005859375,-341.24835205078125,206.56881713867188
frame_003344.png,290.1613464355469,172.74835205078125,-300.65673828125,-264.1138916015625,-341.36236572265625,206.62924194335938
frame_003345.png,290.2626953125,172.81517028808594,-300.7546081542969,-264.1776123046875,-341.47705078125,206.69044494628906
frame_003346.png,290.3623962402344,172.8790283203125,-300.84832763671875,-264.245849609375,-341.5937194824219,206.7519989013672
frame_003347.png,290.4603576660156,172.9389190673828,-300.9388732910156,-264.3196716308594,-341.71160888671875,206.81471252441406
frame_003348.png,290.55517578125,172.99887084960938,-301.026123046875,-264.3927917480469,-341.8307800292969,206.87574768066406
frame_003349.png,290.64703369140625,173.0578155517578,-301.1088562011719,-264.468994140625,-341.9532165527344,206.9352569580078
frame_003350.png,290.7393493652344,173.1179656982422,-301.1846618652344,-264.5518493652344,-342.07537841796875,206.99671936035156
frame_003351.png,290.8321533203125,173.18077087402344,-301.25750732421875,-264.64031982421875,-342.19677734375,207.05844116210938
frame_003352.png,290.9268798828125,173.24705505371094,-301.32666015625,-264.7321472167969,-342.31646728515625,207.1216583251953
frame_003353.png,291.02435302734375,173.3155059814453,-301.39495849609375,-264.823486328125,-342.43701171875,207.184814453125
frame_003354.png,291.1199951171875,173.3883514404297,-301.4627380371094,-264.9146423339844,-342.5572814941406,207.24771118164062
frame_003355.png,291.2154846191406,173.46185302734375,-301.52783203125,-265.0057678222656,-342.6785583496094,207.30992126464844
frame_003356.png,291.30975341796875,173.5337677001953,-301.5911560058594,-265.0942687988281,-342.7983093261719,207.37200927734375
frame_003357.png,291.401611328125,173.6014404296875,-301.65521240234375,-265.1774597167969,-342.9144592285156,207.4322509765625
frame_003358.png,291.490478515625,173.66551208496094,-301.71923828125,-265.2558898925781,-343.0285339355469,207.49009704589844
frame_003359.png,291.57763671875,173.72499084472656,-301.78289794921875,-265.3282165527344,-343.1391906738281,207.54876708984375
frame_003360.png,291.6612854003906,173.77989196777344,-301.84564208984375,-265.39788818359375,-343.2487487792969,207.61065673828125
frame_003361.png,291.7405090332031,173.83212280273438,-301.9048767089844,-265.4688720703125,-343.3568115234375,207.67575073242188
frame_003362.png,291.81707763671875,173.8836212158203,-301.962158203125,-265.541259765625,-343.4651794433594,207.7422332763672
frame_003363.png,291.8937072753906,173.93272399902344,-302.0220031738281,-265.6177978515625,-343.57476806640625,207.8093719482422
frame_003364.png,291.9747619628906,173.981689453125,-302.0876159667969,-265.6936950683594,-343.6843566894531,207.87652587890625
frame_003365.png,292.0596618652344,174.03102111816406,-302.1567077636719,-265.7674255371094,-343.7939147949219,207.9430694580078
frame_003366.png,292.14483642578125,174.08082580566406,-302.2281188964844,-265.839111328125,-343.9036560058594,208.0095977783203
frame_003367.png,292.23150634765625,174.13111877441406,-302.30169677734375,-265.91021728515625,-344.0131530761719,208.0762481689453
frame_003368.png,292.31976318359375,174.18194580078125,-302.3775329589844,-265.9808349609375,-344.1217041015625,208.1411590576172
frame_003369.png,292.4085693359375,174.23265075683594,-302.455078125,-266.0533142089844,-344.2302551269531,208.2030029296875
frame_003370.png,292.4980163574219,174.28448486328125,-302.5332946777344,-266.1265869140625,-344.34002685546875,208.26165771484375
frame_003371.png,292.58892822265625,174.3378448486328,-302.6116638183594,-266.2014465332031,-344.4521179199219,208.3187713623047
frame_003372.png,292.6800842285156,174.39096069335938,-302.6896057128906,-266.27960205078125,-344.5646667480469,208.37478637695312
frame_003373.png,292.7716064453125,174.4424591064453,-302.76708984375,-266.361572265625,-344.6759033203125,208.43150329589844
frame_003374.png,292.8636169433594,174.49465942382812,-302.84515380859375,-266.4444580078125,-344.78509521484375,208.48956298828125
frame_003375.png,292.9557189941406,174.54832458496094,-302.9222412109375,-266.5266418457031,-344.89208984375,208.54705810546875
frame_003376.png,293.04656982421875,174.60206604003906,-302.9979553222656,-266.607421875,-344.99603271484375,208.60394287109375
frame_003377.png,293.137939453125,174.65554809570312,-303.0724792480469,-266.68621826171875,-345.0966796875,208.65956115722656
frame_003378.png,293.2301940917969,174.7093505859375,-303.1449890136719,-266.7655029296875,-345.194580078125,208.71412658691406
frame_003379.png,293.3217468261719,174.7612762451172,-303.21551513671875,-266.8463134765625,-345.2922668457031,208.76788330078125
frame_003380.png,293.4139099121094,174.810791015625,-303.2841796875,-266.9261169433594,-345.3910827636719,208.8210906982422
frame_003381.png,293.50653076171875,174.85743713378906,-303.3511962890625,-267.0072326660156,-345.4924011230469,208.87376403808594
frame_003382.png,293.5987243652344,174.90492248535156,-303.41949462890625,-267.09033203125,-345.5958251953125,208.92410278320312
frame_003383.png,293.6883239746094,174.9547576904297,-303.4910888671875,-267.1755065917969,-345.7007751464844,208.97434997558594
frame_003384.png,293.7768249511719,175.0089111328125,-303.5657653808594,-267.2611083984375,-345.80682373046875,209.02340698242188
frame_003385.png,293.8649597167969,175.0645294189453,-303.6426086425781,-267.34814453125,-345.916015625,209.0728302001953
frame_003386.png,293.9531555175781,175.12100219726562,-303.72052001953125,-267.4350280761719,-346.0276794433594,209.12353515625
frame_003387.png,294.0403137207031,175.1791229248047,-303.798095703125,-267.52020263671875,-346.1413269042969,209.17613220214844
frame_003388.png,294.125732421875,175.2383575439453,-303.8728942871094,-267.6048583984375,-346.2567443847656,209.2301788330078
frame_003389.png,294.2108154296875,175.2981414794922,-303.9458923339844,-267.69012451171875,-346.3728332519531,209.28594970703125
frame_003390.png,294.294677734375,175.35714721679688,-304.01654052734375,-267.77569580078125,-346.48968505859375,209.3419952392578
frame_003391.png,294.3780822753906,175.41482543945312,-304.085693359375,-267.862548828125,-346.6062316894531,209.39820861816406
frame_003392.png,294.4610290527344,175.47174072265625,-304.154052734375,-267.9481201171875,-346.72027587890625,209.453857421875
frame_003393.png,294.5429992675781,175.52940368652344,-304.221435546875,-268.03216552734375,-346.8332214355469,209.5073699951172
frame_003394.png,294.6255798339844,175.58836364746094,-304.2872314453125,-268.11572265625,-346.9464416503906,209.55845642089844
frame_003395.png,294.7067565917969,175.64793395996094,-304.3533630371094,-268.19659423828125,-347.0584411621094,209.60768127441406
frame_003396.png,294.7885437011719,175.7088165283203,-304.4207458496094,-268.2746887207031,-347.16656494140625,209.65513610839844
frame_003397.png,294.8709716796875,175.7705841064453,-304.48779296875,-268.35321044921875,-347.2725524902344,209.70111083984375
frame_003398.png,294.9556579589844,175.83181762695312,-304.5536193847656,-268.4316711425781,-347.3769226074219,209.74786376953125
frame_003399.png,295.04315185546875,175.89393615722656,-304.6188049316406,-268.50811767578125,-347.4821472167969,209.79737854003906
frame_003400.png,295.13348388671875,175.95689392089844,-304.6835632324219,-268.5821533203125,-347.5885925292969,209.84970092773438
frame_003401.png,295.2281188964844,176.02110290527344,-304.74871826171875,-268.65435791015625,-347.6972961425781,209.90504455566406
frame_003402.png,295.3253173828125,176.08616638183594,-304.8147888183594,-268.72833251953125,-347.8068542480469,209.96409606933594
frame_003403.png,295.4244689941406,176.15121459960938,-304.8838195800781,-268.80328369140625,-347.9173889160156,210.02423095703125
frame_003404.png,295.5241394042969,176.2158203125,-304.955322265625,-268.8772277832031,-348.0282287597656,210.08779907226562
frame_003405.png,295.6215515136719,176.28038024902344,-305.03155517578125,-268.9505310058594,-348.1394958496094,210.15573120117188
frame_003406.png,295.7161560058594,176.34349060058594,-305.1126708984375,-269.0251159667969,-348.25054931640625,210.2257843017578
frame_003407.png,295.8115539550781,176.40423583984375,-305.1996765136719,-269.1007385253906,-348.3604431152344,210.29689025878906
frame_003408.png,295.9069519042969,176.4632568359375,-305.2875671386719,-269.1731262207031,-348.4690856933594,210.37046813964844
frame_003409.png,296.0025329589844,176.52194213867188,-305.3741455078125,-269.243896484375,-348.5790710449219,210.44308471679688
frame_003410.png,296.0978088378906,176.58090209960938,-305.4570007324219,-269.31640625,-348.6884460449219,210.52056884765625
frame_003411.png,296.192138671875,176.64442443847656,-305.5361633300781,-269.3940734863281,-348.7974548339844,210.60174560546875
frame_003412.png,296.286865234375,176.70822143554688,-305.6134033203125,-269.47247314453125,-348.908447265625,210.68429565429688
frame_003413.png,296.3807678222656,176.7703399658203,-305.69219970703125,-269.5458679199219,-349.0196228027344,210.76719665527344
frame_003414.png,296.4739685058594,176.82814025878906,-305.7760009765625,-269.6120910644531,-349.1303405761719,210.84860229492188
frame_003415.png,296.5693664550781,176.88856506347656,-305.8634033203125,-269.6739501953125,-349.2434997558594,210.92807006835938
frame_003416.png,296.6723327636719,176.95335388183594,-305.9537048339844,-269.7350769042969,-349.35693359375,211.00057983398438
frame_003417.png,296.7840881347656,177.01577758789062,-306.0432434082031,-269.7929992675781,-349.4732971191406,211.06884765625
frame_003418.png,296.90020751953125,177.07579040527344,-306.1321716308594,-269.8512878417969,-349.587646484375,211.13275146484375
frame_003419.png,297.0162353515625,177.1361541748047,-306.2273864746094,-269.90106201171875,-349.69744873046875,211.1991424560547
frame_003420.png,297.1266784667969,177.1984100341797,-306.3287048339844,-269.9443054199219,-349.80279541015625,211.26734924316406
frame_003421.png,297.2283630371094,177.2564697265625,-306.43377685546875,-269.9906921386719,-349.9036865234375,211.3367462158203
frame_003422.png,297.32135009765625,177.3125457763672,-306.5400695800781,-270.0408630371094,-350.0029602050781,211.4071044921875
frame_003423.png,297.4098205566406,177.3697052001953,-306.6440734863281,-270.08990478515625,-350.1072998046875,211.4765167236328
frame_003424.png,297.49420166015625,177.4304962158203,-306.7452392578125,-270.13623046875,-350.21807861328125,211.5460662841797
frame_003425.png,297.5787048339844,177.4915771484375,-306.8434753417969,-270.1806945800781,-350.3293151855469,211.6160888671875
frame_003426.png,297.66448974609375,177.5515899658203,-306.9411926269531,-270.2257385253906,-350.4384460449219,211.68789672851562
frame_003427.png,297.75128173828125,177.60658264160156,-307.0377197265625,-270.2804870605469,-350.5467224121094,211.76036071777344
frame_003428.png,297.84210205078125,177.65724182128906,-307.13873291015625,-270.33489990234375,-350.656982421875,211.82872009277344
frame_003429.png,297.9366760253906,177.7090301513672,-307.2459411621094,-270.3929748535156,-350.7697448730469,211.8924102783203
frame_003430.png,298.0315246582031,177.7598419189453,-307.3567810058594,-270.4552001953125,-350.8843994140625,211.95462036132812
frame_003431.png,298.1302795410156,177.81044006347656,-307.47296142578125,-270.517578125,-351.00372314453125,212.01382446289062
frame_003432.png,298.23382568359375,177.86598205566406,-307.5925598144531,-270.58099365234375,-351.1252136230469,212.0709228515625
frame_003433.png,298.3369140625,177.92800903320312,-307.7096862792969,-270.6468811035156,-351.2476501464844,212.1276397705078
frame_003434.png,298.4399719238281,177.9951171875,-307.8233947753906,-270.71343994140625,-351.372314453125,212.1857452392578
frame_003435.png,298.54498291015625,178.06568908691406,-307.9375305175781,-270.7798767089844,-351.49395751953125,212.24810791015625
frame_003436.png,298.6519775390625,178.1402587890625,-308.05145263671875,-270.8482666015625,-351.6139221191406,212.31105041503906
frame_003437.png,298.7574157714844,178.21450805664062,-308.1650085449219,-270.91668701171875,-351.7297668457031,212.3740234375
frame_003438.png,298.863525390625,178.28909301757812,-308.2770080566406,-270.978271484375,-351.84149169921875,212.43359375
frame_003439.png,298.9677734375,178.36776733398438,-308.38262939453125,-271.0318298339844,-351.9531555175781,212.49085998535156
frame_003440.png,299.068603515625,178.4496612548828,-308.4806823730469,-271.0804443359375,-352.0655822753906,212.54579162597656
frame_003441.png,299.1667175292969,178.53392028808594,-308.5713806152344,-271.1239013671875,-352.178955078125,212.5968475341797
frame_003442.png,299.2601013183594,178.61497497558594,-308.6507263183594,-271.16448974609375,-352.29522705078125,212.6420135498047
frame_003443.png,299.3491516113281,178.69175720214844,-308.72283935546875,-271.2041320800781,-352.4132080078125,212.67971801757812
frame_003444.png,299.4349365234375,178.7606658935547,-308.7896728515625,-271.24774169921875,-352.53070068359375,212.7110595703125
frame_003445.png,299.5185546875,178.8223114013672,-308.85272216796875,-271.2934875488281,-352.6500244140625,212.7407989501953
frame_003446.png,299.604248046875,178.8765106201172,-308.9170837402344,-271.33782958984375,-352.76922607421875,212.77084350585938
frame_003447.png,299.68841552734375,178.9263458251953,-308.9843444824219,-271.38690185546875,-352.8880310058594,212.7987518310547
frame_003448.png,299.77154541015625,178.97352600097656,-309.0555725097656,-271.440673828125,-353.008544921875,212.82635498046875
frame_003449.png,299.8521423339844,179.01783752441406,-309.132080078125,-271.5002746582031,-353.1295471191406,212.85317993164062
frame_003450.png,299.9311828613281,179.064453125,-309.21551513671875,-271.56536865234375,-353.2500305175781,212.8800048828125
frame_003451.png,300.00958251953125,179.11532592773438,-309.3062438964844,-271.6256408691406,-353.3747253417969,212.91107177734375
frame_003452.png,300.08905029296875,179.17037963867188,-309.40472412109375,-271.67889404296875,-353.506591796875,212.9455108642578
frame_003453.png,300.16864013671875,179.22694396972656,-309.50994873046875,-271.72418212890625,-353.64190673828125,212.98468017578125
frame_003454.png,300.25146484375,179.284423828125,-309.62054443359375,-271.76422119140625,-353.7799987792969,213.02767944335938
frame_003455.png,300.3393859863281,179.34336853027344,-309.7318420410156,-271.80426025390625,-353.9192199707031,213.07208251953125
frame_003456.png,300.432373046875,179.40283203125,-309.8434143066406,-271.8471984863281,-354.0520935058594,213.1155548095703
frame_003457.png,300.531982421875,179.4608917236328,-309.9574890136719,-271.8874816894531,-354.17633056640625,213.15521240234375
frame_003458.png,300.638916015625,179.5152130126953,-310.07342529296875,-271.9267883300781,-354.2912902832031,213.19383239746094
frame_003459.png,300.7471008300781,179.563720703125,-310.18994140625,-271.96270751953125,-354.4022216796875,213.23422241210938
frame_003460.png,300.85699462890625,179.60948181152344,-310.3050842285156,-271.99847412109375,-354.50811767578125,213.275146484375
frame_003461.png,300.96234130859375,179.65298461914062,-310.42095947265625,-272.0341491699219,-354.6097106933594,213.3184356689453
frame_003462.png,301.0616760253906,179.69888305664062,-310.53314208984375,-272.0698547363281,-354.7083435058594,213.361083984375
frame_003463.png,301.1578674316406,179.7456512451172,-310.6439514160156,-272.1053466796875,-354.806396484375,213.4004364013672
frame_003464.png,301.25054931640625,179.79132080078125,-310.75457763671875,-272.1414489746094,-354.9063415527344,213.43914794921875
frame_003465.png,301.33721923828125,179.84109497070312,-310.86529541015625,-272.17877197265625,-355.00933837890625,213.47445678710938
frame_003466.png,301.4148864746094,179.89077758789062,-310.97357177734375,-272.22332763671875,-355.1156311035156,213.51004028320312
frame_003467.png,301.4938659667969,179.9442138671875,-311.08270263671875,-272.27069091796875,-355.22039794921875,213.5415496826172
frame_003468.png,301.57177734375,180.00125122070312,-311.1874694824219,-272.3218078613281,-355.3288269042969,213.57225036621094
frame_003469.png,301.6496887207031,180.05929565429688,-311.28399658203125,-272.3764953613281,-355.4389343261719,213.60552978515625
frame_003470.png,301.7289123535156,180.11842346191406,-311.377197265625,-272.4311828613281,-355.5511169433594,213.6422119140625
frame_003471.png,301.8100280761719,180.17965698242188,-311.4647521972656,-272.48162841796875,-355.66705322265625,213.68011474609375
frame_003472.png,301.8905029296875,180.2415008544922,-311.548583984375,-272.534423828125,-355.78485107421875,213.71397399902344
frame_003473.png,301.97320556640625,180.30184936523438,-311.62921142578125,-272.59283447265625,-355.901611328125,213.74978637695312
frame_003474.png,302.05780029296875,180.3600311279297,-311.7170104980469,-272.6490478515625,-356.01690673828125,213.7880401611328
frame_003475.png,302.138916015625,180.421142578125,-311.8146667480469,-272.69830322265625,-356.1352233886719,213.82586669921875
frame_003476.png,302.2207946777344,180.48074340820312,-311.9212646484375,-272.738037109375,-356.2493896484375,213.8644256591797
frame_003477.png,302.30218505859375,180.5364532470703,-312.0368957519531,-272.7722473144531,-356.35888671875,213.90501403808594
frame_003478.png,302.3825988769531,180.59454345703125,-312.15240478515625,-272.80474853515625,-356.46734619140625,213.9434051513672
frame_003479.png,302.46075439453125,180.65390014648438,-312.2666015625,-272.837158203125,-356.5760803222656,213.98338317871094
frame_003480.png,302.5445251464844,180.7141876220703,-312.3823547363281,-272.86962890625,-356.684814453125,214.0257110595703
frame_003481.png,302.6307067871094,180.77279663085938,-312.49871826171875,-272.9074401855469,-356.791015625,214.0702667236328
frame_003482.png,302.71923828125,180.83026123046875,-312.6141662597656,-272.955078125,-356.88763427734375,214.11741638183594
frame_003483.png,302.8095703125,180.88330078125,-312.73150634765625,-273.0063781738281,-356.9787292480469,214.16688537597656
frame_003484.png,302.9037780761719,180.93321228027344,-312.8558044433594,-273.0613098144531,-357.0634765625,214.21922302246094
frame_003485.png,303.0020751953125,180.98374938964844,-312.985595703125,-273.11761474609375,-357.1429748535156,214.27122497558594
frame_003486.png,303.10382080078125,181.0320587158203,-313.12152099609375,-273.1698303222656,-357.22705078125,214.3277587890625
frame_003487.png,303.2044677734375,181.07858276367188,-313.25445556640625,-273.22015380859375,-357.3163146972656,214.38705444335938
frame_003488.png,303.30108642578125,181.12152099609375,-313.37811279296875,-273.2729797363281,-357.40765380859375,214.44894409179688
frame_003489.png,303.3968200683594,181.16172790527344,-313.4913635253906,-273.3313293457031,-357.49481201171875,214.5093231201172
frame_003490.png,303.49298095703125,181.19760131835938,-313.59600830078125,-273.392578125,-357.57769775390625,214.57080078125
frame_003491.png,303.58929443359375,181.23370361328125,-313.6953430175781,-273.4556884765625,-357.6542663574219,214.6334686279297
frame_003492.png,303.6894226074219,181.27340698242188,-313.7987060546875,-273.5182800292969,-357.7269287109375,214.7001953125
frame_003493.png,303.7894287109375,181.31265258789062,-313.90631103515625,-273.5830078125,-357.791015625,214.773681640625
frame_003494.png,303.88848876953125,181.35435485839844,-314.0158996582031,-273.6527404785156,-357.84991455078125,214.85218811035156
frame_003495.png,303.9832763671875,181.3954620361328,-314.1255187988281,-273.7248229980469,-357.9041748046875,214.92970275878906
frame_003496.png,304.0724182128906,181.43533325195312,-314.234130859375,-273.798095703125,-357.957763671875,215.0058135986328
frame_003497.png,304.1550598144531,181.47698974609375,-314.33953857421875,-273.8705139160156,-358.012451171875,215.0814971923828
frame_003498.png,304.23297119140625,181.51869201660156,-314.4471130371094,-273.9384765625,-358.0732727050781,215.15379333496094
frame_003499.png,304.3079528808594,181.56137084960938,-314.5555114746094,-274.0048522949219,-358.1401672363281,215.22552490234375
frame_003500.png,304.3811340332031,181.6046142578125,-314.6630554199219,-274.0716552734375,-358.20947265625,215.29591369628906
frame_003501.png,304.4551086425781,181.6493682861328,-314.77069091796875,-274.1332092285156,-358.28167724609375,215.36256408691406
frame_003502.png,304.5301513671875,181.70254516601562,-314.87896728515625,-274.190185546875,-358.3550109863281,215.42625427246094
frame_003503.png,304.6078796386719,181.76202392578125,-314.9906311035156,-274.2447204589844,-358.42669677734375,215.48855590820312
frame_003504.png,304.6844482421875,181.82391357421875,-315.10125732421875,-274.2977294921875,-358.50006103515625,215.55270385742188
frame_003505.png,304.7599792480469,181.88754272460938,-315.209716796875,-274.3504638671875,-358.5779113769531,215.6160888671875
frame_003506.png,304.83447265625,181.95169067382812,-315.3156433105469,-274.40386962890625,-358.6597595214844,215.67625427246094
frame_003507.png,304.9092712402344,182.0178680419922,-315.418701171875,-274.4607849121094,-358.74493408203125,215.7339630126953
frame_003508.png,304.9878845214844,182.0846405029297,-315.52227783203125,-274.51934814453125,-358.8309326171875,215.787353515625
frame_003509.png,305.0688781738281,182.15147399902344,-315.6250915527344,-274.5784912109375,-358.91534423828125,215.83604431152344
frame_003510.png,305.1487731933594,182.21932983398438,-315.72674560546875,-274.6360778808594,-358.9976806640625,215.88259887695312
frame_003511.png,305.2247314453125,182.28741455078125,-315.82781982421875,-274.6943054199219,-359.0762939453125,215.9279327392578
frame_003512.png,305.2978210449219,182.3533935546875,-315.9300231933594,-274.75146484375,-359.1513671875,215.9746551513672
frame_003513.png,305.3681335449219,182.4162139892578,-316.0333557128906,-274.8056335449219,-359.22650146484375,216.02426147460938
frame_003514.png,305.4402160644531,182.4764862060547,-316.1409606933594,-274.8541259765625,-359.3031311035156,216.07571411132812
frame_003515.png,305.51544189453125,182.5358123779297,-316.2525634765625,-274.8985595703125,-359.3825378417969,216.129150390625
frame_003516.png,305.59320068359375,182.5933837890625,-316.3653564453125,-274.9414978027344,-359.4653625488281,216.1847686767578
frame_003517.png,305.6732177734375,182.64865112304688,-316.4783630371094,-274.98626708984375,-359.5487976074219,216.24183654785156
frame_003518.png,305.75531005859375,182.7032012939453,-316.59246826171875,-275.03289794921875,-359.63134765625,216.3010711669922
frame_003519.png,305.8385925292969,182.7568359375,-316.707275390625,-275.08099365234375,-359.7135009765625,216.36236572265625
frame_003520.png,305.9225769042969,182.81044006347656,-316.8224792480469,-275.12872314453125,-359.7951965332031,216.4237823486328
frame_003521.png,306.0064392089844,182.86325073242188,-316.93408203125,-275.18060302734375,-359.87432861328125,216.48561096191406
frame_003522.png,306.0915832519531,182.91424560546875,-317.04046630859375,-275.23876953125,-359.9508361816406,216.54629516601562
frame_003523.png,306.17822265625,182.9659881591797,-317.1438293457031,-275.3021545410156,-360.0248718261719,216.60562133789062
frame_003524.png,306.26422119140625,183.02001953125,-317.2457275390625,-275.3678283691406,-360.0942687988281,216.6669921875
frame_003525.png,306.3489685058594,183.078369140625,-317.3486022949219,-275.4366760253906,-360.1584777832031,216.73046875
frame_003526.png,306.4312438964844,183.1407012939453,-317.4537353515625,-275.5062561035156,-360.2204284667969,216.79234313964844
frame_003527.png,306.5094299316406,183.20555114746094,-317.5609436035156,-275.5756530761719,-360.2827453613281,216.851806640625
frame_003528.png,306.58575439453125,183.27139282226562,-317.67034912109375,-275.6452331542969,-360.3471374511719,216.9095916748047
frame_003529.png,306.6611022949219,183.3370361328125,-317.78009033203125,-275.7139587402344,-360.4139404296875,216.96714782714844
frame_003530.png,306.7352600097656,183.40179443359375,-317.8900451660156,-275.78424072265625,-360.48388671875,217.02398681640625
frame_003531.png,306.80682373046875,183.46505737304688,-318.00079345703125,-275.8582763671875,-360.5579528808594,217.08096313476562
frame_003532.png,306.875244140625,183.52745056152344,-318.1117248535156,-275.93780517578125,-360.6324768066406,217.13685607910156
frame_003533.png,306.9413146972656,183.58755493164062,-318.2236633300781,-276.0185852050781,-360.7065734863281,217.19346618652344
frame_003534.png,307.0063781738281,183.64743041992188,-318.334228515625,-276.0992431640625,-360.78167724609375,217.2504425048828
frame_003535.png,307.06982421875,183.70533752441406,-318.44195556640625,-276.18212890625,-360.8588562011719,217.30801391601562
frame_003536.png,307.1322021484375,183.76034545898438,-318.5476379394531,-276.26800537109375,-360.93804931640625,217.3663787841797
frame_003537.png,307.1972961425781,183.8126220703125,-318.6534423828125,-276.3581237792969,-361.0187683105469,217.42514038085938
frame_003538.png,307.2651062011719,183.86351013183594,-318.7624206542969,-276.448486328125,-361.1001892089844,217.48516845703125
frame_003539.png,307.3358459472656,183.9124755859375,-318.8712158203125,-276.54168701171875,-361.1813049316406,217.54434204101562
frame_003540.png,307.4088439941406,183.95933532714844,-318.9790954589844,-276.63714599609375,-361.2610168457031,217.60354614257812
frame_003541.png,307.4828796386719,184.00462341308594,-319.0865783691406,-276.73382568359375,-361.3378601074219,217.6641082763672
frame_003542.png,307.556640625,184.04733276367188,-319.1948547363281,-276.83074951171875,-361.4095458984375,217.7264862060547
frame_003543.png,307.6300048828125,184.08929443359375,-319.3025207519531,-276.92657470703125,-361.4795227050781,217.78982543945312
frame_003544.png,307.7039489746094,184.1320037841797,-319.40765380859375,-277.0234069824219,-361.5500793457031,217.855224609375
frame_003545.png,307.7771911621094,184.17410278320312,-319.5113525390625,-277.1233825683594,-361.621337890625,217.92164611816406
frame_003546.png,307.85137939453125,184.21563720703125,-319.6144104003906,-277.2242431640625,-361.69647216796875,217.98817443847656
frame_003547.png,307.9270324707031,184.25808715820312,-319.7185974121094,-277.32421875,-361.7741394042969,218.0531005859375
frame_003548.png,308.00762939453125,184.29762268066406,-319.82635498046875,-277.42327880859375,-361.8512268066406,218.11692810058594
frame_003549.png,308.0940246582031,184.33303833007812,-319.937255859375,-277.52264404296875,-361.9257507324219,218.17910766601562
frame_003550.png,308.1846923828125,184.3659210205078,-320.0481262207031,-277.62060546875,-361.99920654296875,218.23890686035156
frame_003551.png,308.28021240234375,184.39869689941406,-320.1580810546875,-277.72149658203125,-362.0709533691406,218.29751586914062
frame_003552.png,308.381103515625,184.43411254882812,-320.2662353515625,-277.8232421875,-362.13970947265625,218.3573455810547
frame_003553.png,308.4848937988281,184.4727783203125,-320.373779296875,-277.92523193359375,-362.2059631347656,218.4186553955078
frame_003554.png,308.5898742675781,184.5161895751953,-320.4803466796875,-278.0274353027344,-362.2718200683594,218.4805145263672
frame_003555.png,308.69512939453125,184.56503295898438,-320.5862121582031,-278.13043212890625,-362.3380432128906,218.54266357421875
frame_003556.png,308.80194091796875,184.61807250976562,-320.6898498535156,-278.2321472167969,-362.4043273925781,218.60488891601562
frame_003557.png,308.91082763671875,184.67263793945312,-320.7893981933594,-278.333251953125,-362.4717712402344,218.66708374023438
frame_003558.png,309.0226745605469,184.73007202148438,-320.88592529296875,-278.4334411621094,-362.5403747558594,218.7289581298828
frame_003559.png,309.1372375488281,184.78805541992188,-320.9771423339844,-278.5345153808594,-362.6106872558594,218.78952026367188
frame_003560.png,309.25299072265625,184.84584045410156,-321.0634460449219,-278.6382141113281,-362.6810607910156,218.8486785888672
frame_003561.png,309.3677673339844,184.90103149414062,-321.1475830078125,-278.7431335449219,-362.7514953613281,218.90603637695312
frame_003562.png,309.4806213378906,184.95436096191406,-321.2314453125,-278.84771728515625,-362.8216247558594,218.96176147460938
frame_003563.png,309.5906982421875,185.00637817382812,-321.3160400390625,-278.9528503417969,-362.8907775878906,219.0165252685547
frame_003564.png,309.6997375488281,185.0552520751953,-321.4022216796875,-279.0602111816406,-362.9607849121094,219.07102966308594
frame_003565.png,309.8079833984375,185.1024627685547,-321.4859313964844,-279.1690673828125,-363.031005859375,219.12396240234375
frame_003566.png,309.9167785644531,185.150634765625,-321.5675964355469,-279.2813415527344,-363.1030578613281,219.17330932617188
frame_003567.png,310.0259704589844,185.2024688720703,-321.6493225097656,-279.39691162109375,-363.1781005859375,219.21824645996094
frame_003568.png,310.1371765136719,185.25686645507812,-321.7306823730469,-279.5144958496094,-363.2561950683594,219.2618865966797
frame_003569.png,310.2508239746094,185.3120880126953,-321.8106689453125,-279.634521484375,-363.3363952636719,219.30731201171875
frame_003570.png,310.36529541015625,185.36737060546875,-321.88818359375,-279.7566833496094,-363.4173278808594,219.35581970214844
frame_003571.png,310.47894287109375,185.4227294921875,-321.9662170410156,-279.8804931640625,-363.49676513671875,219.405029296875
frame_003572.png,310.5921936035156,185.47796630859375,-322.0458984375,-280.004638671875,-363.5771179199219,219.45338439941406
frame_003573.png,310.7086181640625,185.53341674804688,-322.1282043457031,-280.12750244140625,-363.6575927734375,219.50228881835938
frame_003574.png,310.8261413574219,185.59071350097656,-322.2125549316406,-280.254638671875,-363.7370300292969,219.55059814453125
frame_003575.png,310.9429626464844,185.6468048095703,-322.2969055175781,-280.38531494140625,-363.81536865234375,219.599609375
frame_003576.png,311.0606689453125,185.7030487060547,-322.3798522949219,-280.5198059082031,-363.8939514160156,219.64959716796875
frame_003577.png,311.178466796875,185.7610626220703,-322.4620361328125,-280.6562805175781,-363.97314453125,219.7025604248047
frame_003578.png,311.2950744628906,185.82200622558594,-322.5429992675781,-280.7916564941406,-364.0550231933594,219.75616455078125
frame_003579.png,311.410888671875,185.88844299316406,-322.6234436035156,-280.923828125,-364.13812255859375,219.80865478515625
frame_003580.png,311.52581787109375,185.95982360839844,-322.70220947265625,-281.05377197265625,-364.2223815917969,219.8604278564453
frame_003581.png,311.6403503417969,186.03475952148438,-322.77984619140625,-281.18304443359375,-364.305908203125,219.91172790527344
frame_003582.png,311.7530212402344,186.10992431640625,-322.85577392578125,-281.3084716796875,-364.3898010253906,219.9646453857422
frame_003583.png,311.8658752441406,186.18423461914062,-322.93121337890625,-281.4306335449219,-364.4719543457031,220.01832580566406
frame_003584.png,311.9797668457031,186.2583465576172,-323.00762939453125,-281.5482177734375,-364.5567626953125,220.0738983154297
frame_003585.png,312.09381103515625,186.3322296142578,-323.0836181640625,-281.658935546875,-364.6424865722656,220.13258361816406
frame_003586.png,312.2074890136719,186.4018096923828,-323.15667724609375,-281.7651672363281,-364.72857666015625,220.19557189941406
frame_003587.png,312.3193054199219,186.4683074951172,-323.2301025390625,-281.8670654296875,-364.814697265625,220.26170349121094
frame_003588.png,312.4310302734375,186.53302001953125,-323.3061828613281,-281.9608459472656,-364.90167236328125,220.33058166503906
frame_003589.png,312.54217529296875,186.59532165527344,-323.38275146484375,-282.04888916015625,-364.9886779785156,220.40219116210938
frame_003590.png,312.65032958984375,186.65724182128906,-323.45904541015625,-282.1323547363281,-365.0731506347656,220.47698974609375
frame_003591.png,312.7562255859375,186.71986389160156,-323.5312805175781,-282.2165222167969,-365.15447998046875,220.55357360839844
frame_003592.png,312.8577880859375,186.7840118408203,-323.59820556640625,-282.3049621582031,-365.2328186035156,220.63258361816406
frame_003593.png,312.95550537109375,186.8499298095703,-323.6595458984375,-282.3957214355469,-365.3067932128906,220.715087890625
frame_003594.png,313.0491638183594,186.91879272460938,-323.7158508300781,-282.48883056640625,-365.3778991699219,220.8001708984375
frame_003595.png,313.13824462890625,186.9877471923828,-323.766845703125,-282.5859680175781,-365.4483642578125,220.88674926757812
frame_003596.png,313.2257080078125,187.05372619628906,-323.8145446777344,-282.6876220703125,-365.51922607421875,220.97116088867188
frame_003597.png,313.31097412109375,187.11672973632812,-323.85955810546875,-282.7951354980469,-365.5878601074219,221.05274963378906
frame_003598.png,313.3959045410156,187.17849731445312,-323.9023742675781,-282.9081726074219,-365.6525573730469,221.13388061523438
frame_003599.png,313.4800720214844,187.23818969726562,-323.9407043457031,-283.0233154296875,-365.7140808105469,221.2144012451172
frame_003600.png,313.56390380859375,187.29771423339844,-323.978271484375,-283.13507080078125,-365.7785339355469,221.29443359375
frame_003601.png,313.64874267578125,187.3594207763672,-324.0185852050781,-283.2398986816406,-365.8443908691406,221.3776092529297
frame_003602.png,313.7334289550781,187.42430114746094,-324.0644836425781,-283.3365478515625,-365.91107177734375,221.4648895263672
frame_003603.png,313.8177185058594,187.4912567138672,-324.1153259277344,-283.42889404296875,-365.9825744628906,221.5547332763672
frame_003604.png,313.90338134765625,187.56129455566406,-324.1695251464844,-283.5180358886719,-366.0574951171875,221.64505004882812
frame_003605.png,313.9896240234375,187.63287353515625,-324.2245788574219,-283.606689453125,-366.1376647949219,221.73265075683594
frame_003606.png,314.0802917480469,187.70700073242188,-324.285400390625,-283.6919860839844,-366.2210998535156,221.81591796875
frame_003607.png,314.1755065917969,187.7786407470703,-324.3490295410156,-283.7742919921875,-366.3016662597656,221.89968872070312
frame_003608.png,314.27423095703125,187.85028076171875,-324.41400146484375,-283.85565185546875,-366.3781433105469,221.98377990722656
frame_003609.png,314.3759460449219,187.91732788085938,-324.47955322265625,-283.9372863769531,-366.4499816894531,222.06777954101562
frame_003610.png,314.4798889160156,187.98049926757812,-324.5446472167969,-284.0189208984375,-366.5188293457031,222.14816284179688
frame_003611.png,314.5854797363281,188.04066467285156,-324.60943603515625,-284.10113525390625,-366.5885925292969,222.22242736816406
frame_003612.png,314.6912841796875,188.1005096435547,-324.67791748046875,-284.1826171875,-366.66363525390625,222.29063415527344
frame_003613.png,314.7996826171875,188.15765380859375,-324.7503662109375,-284.2672119140625,-366.7420654296875,222.35501098632812
frame_003614.png,314.9084777832031,188.2140655517578,-324.8252258300781,-284.35382080078125,-366.8229064941406,222.41712951660156
frame_003615.png,315.02099609375,188.26976013183594,-324.9018859863281,-284.4432678222656,-366.9053649902344,222.47764587402344
frame_003616.png,315.1354675292969,188.32420349121094,-324.9842224121094,-284.5325622558594,-366.98583984375,222.53895568847656
frame_003617.png,315.2521667480469,188.3791961669922,-325.0709533691406,-284.62158203125,-367.0643005371094,222.6016387939453
frame_003618.png,315.3677978515625,188.43524169921875,-325.15673828125,-284.7122802734375,-367.14154052734375,222.66758728027344
frame_003619.png,315.4862060546875,188.49301147460938,-325.2394714355469,-284.8021240234375,-367.22222900390625,222.73597717285156
frame_003620.png,315.6033935546875,188.54908752441406,-325.3165588378906,-284.8914489746094,-367.30755615234375,222.80740356445312
frame_003621.png,315.71875,188.60568237304688,-325.39044189453125,-284.9831237792969,-367.3939208984375,222.88101196289062
frame_003622.png,315.8319396972656,188.66387939453125,-325.4599914550781,-285.0790100097656,-367.4803161621094,222.95635986328125
frame_003623.png,315.9456787109375,188.7233123779297,-325.5281066894531,-285.1759948730469,-367.5659484863281,223.0321044921875
frame_003624.png,316.05999755859375,188.78660583496094,-325.5911865234375,-285.27337646484375,-367.6535339355469,223.1068115234375
frame_003625.png,316.1741027832031,188.85133361816406,-325.65045166015625,-285.37017822265625,-367.74090576171875,223.18345642089844
frame_003626.png,316.2874755859375,188.91506958007812,-325.7109069824219,-285.4682922363281,-367.8260192871094,223.26165771484375
frame_003627.png,316.40155029296875,188.97735595703125,-325.76922607421875,-285.5712585449219,-367.9112548828125,223.33929443359375
frame_003628.png,316.5162048339844,189.0389862060547,-325.8275451660156,-285.6756286621094,-368.00091552734375,223.4180450439453
frame_003629.png,316.6251220703125,189.1009979248047,-325.8869323730469,-285.7757568359375,-368.0943603515625,223.4976043701172
frame_003630.png,316.72998046875,189.1674041748047,-325.9482116699219,-285.87042236328125,-368.19537353515625,223.579345703125
frame_003631.png,316.8373718261719,189.24449157714844,-326.0220031738281,-285.9595947265625,-368.3031921386719,223.66140747070312
frame_003632.png,316.9429626464844,189.33335876464844,-326.1068420410156,-286.0495910644531,-368.4085998535156,223.74295043945312
frame_003633.png,317.0419006347656,189.4334716796875,-326.197265625,-286.1419982910156,-368.51580810546875,223.82188415527344
frame_003634.png,317.1422119140625,189.5310516357422,-326.2880554199219,-286.2406921386719,-368.62164306640625,223.9032745361328
frame_003635.png,317.2453918457031,189.625,-326.3816223144531,-286.3425598144531,-368.72296142578125,223.98995971679688
frame_003636.png,317.351806640625,189.71278381347656,-326.4730529785156,-286.44964599609375,-368.8282775878906,224.076904296875
frame_003637.png,317.4600830078125,189.8028106689453,-326.5677185058594,-286.5588073730469,-368.9366760253906,224.1611785888672
frame_003638.png,317.571044921875,189.8946990966797,-326.66522216796875,-286.6692199707031,-369.0443420410156,224.24404907226562
frame_003639.png,317.682373046875,189.9884796142578,-326.7632141113281,-286.77972412109375,-369.1489562988281,224.32431030273438
frame_003640.png,317.795166015625,190.08123779296875,-326.8629455566406,-286.88934326171875,-369.25494384765625,224.4027557373047
frame_003641.png,317.90771484375,190.17250061035156,-326.9647521972656,-286.99212646484375,-369.3587951660156,224.4829864501953
frame_003642.png,318.02099609375,190.2665252685547,-327.0702819824219,-287.09307861328125,-369.4601745605469,224.55946350097656
frame_003643.png,318.1277770996094,190.3629913330078,-327.1767272949219,-287.1996154785156,-369.55255126953125,224.62818908691406
frame_003644.png,318.2323913574219,190.46026611328125,-327.2854309082031,-287.3104248046875,-369.64141845703125,224.6884307861328
frame_003645.png,318.3367004394531,190.55503845214844,-327.39910888671875,-287.4179382324219,-369.72882080078125,224.743896484375
frame_003646.png,318.4389343261719,190.6471710205078,-327.5126953125,-287.5250549316406,-369.8146057128906,224.7916259765625
frame_003647.png,318.5346374511719,190.73789978027344,-327.6216125488281,-287.6334228515625,-369.9041442871094,224.83721923828125
frame_003648.png,318.6255798339844,190.8259735107422,-327.7301330566406,-287.7458190917969,-369.9919738769531,224.88287353515625
frame_003649.png,318.7145690917969,190.9098358154297,-327.83209228515625,-287.85626220703125,-370.0760498046875,224.93165588378906
frame_003650.png,318.8036804199219,190.99456787109375,-327.9311218261719,-287.9652099609375,-370.1580505371094,224.98245239257812
frame_003651.png,318.8901672363281,191.08419799804688,-328.0248718261719,-288.07635498046875,-370.2409973144531,225.03627014160156
frame_003652.png,318.9763488769531,191.17323303222656,-328.1103515625,-288.1935119628906,-370.3294982910156,225.0948028564453
frame_003653.png,319.06683349609375,191.25955200195312,-328.196044921875,-288.30816650390625,-370.4249572753906,225.1562042236328
frame_003654.png,319.1559143066406,191.3479461669922,-328.28607177734375,-288.4264831542969,-370.5284729003906,225.22293090820312
frame_003655.png,319.25018310546875,191.4358367919922,-328.3721618652344,-288.5495300292969,-370.640625,225.2936248779297
frame_003656.png,319.34771728515625,191.52210998535156,-328.4546813964844,-288.67181396484375,-370.7571716308594,225.36724853515625
frame_003657.png,319.45068359375,191.60614013671875,-328.54046630859375,-288.7913513183594,-370.8721618652344,225.44468688964844
frame_003658.png,319.5580139160156,191.69265747070312,-328.6338806152344,-288.9043273925781,-370.97607421875,225.52090454101562
frame_003659.png,319.6648254394531,191.7799072265625,-328.7305603027344,-289.0111999511719,-371.07525634765625,225.60174560546875
frame_003660.png,319.7701721191406,191.86859130859375,-328.8309326171875,-289.1193542480469,-371.1676025390625,225.67584228515625
frame_003661.png,319.87554931640625,191.9572296142578,-328.93756103515625,-289.2294006347656,-371.2607116699219,225.74742126464844
frame_003662.png,319.97979736328125,192.04180908203125,-329.0445251464844,-289.3398132324219,-371.35821533203125,225.81610107421875
frame_003663.png,320.0841979980469,192.12429809570312,-329.1427001953125,-289.4509582519531,-371.453369140625,225.88461303710938
frame_003664.png,320.1875305175781,192.20408630371094,-329.23651123046875,-289.5604553222656,-371.5500183105469,225.95298767089844
frame_003665.png,320.28900146484375,192.289306640625,-329.3238525390625,-289.66473388671875,-371.649658203125,226.02005004882812
frame_003666.png,320.39093017578125,192.37896728515625,-329.4124450683594,-289.7672119140625,-371.74395751953125,226.083251953125
frame_003667.png,320.4931335449219,192.4721221923828,-329.4998779296875,-289.865478515625,-371.8351135253906,226.1432647705078
frame_003668.png,320.59521484375,192.56478881835938,-329.5885314941406,-289.9648742675781,-371.92498779296875,226.20713806152344
frame_003669.png,320.6930847167969,192.64967346191406,-329.67608642578125,-290.0627746582031,-372.0171813964844,226.27166748046875
frame_003670.png,320.7913513183594,192.72811889648438,-329.7705383300781,-290.1551513671875,-372.1133728027344,226.33303833007812
frame_003671.png,320.8899841308594,192.7965087890625,-329.8641357421875,-290.24688720703125,-372.20794677734375,226.39642333984375
frame_003672.png,320.98651123046875,192.8660430908203,-329.96337890625,-290.3379821777344,-372.30010986328125,226.46148681640625
frame_003673.png,321.0806884765625,192.93638610839844,-330.0655517578125,-290.4248046875,-372.3888854980469,226.5263671875
frame_003674.png,321.1783447265625,193.00404357910156,-330.17730712890625,-290.5065612792969,-372.4774475097656,226.59286499023438
frame_003675.png,321.2801208496094,193.0636444091797,-330.29400634765625,-290.58538818359375,-372.57171630859375,226.66722106933594
frame_003676.png,321.38232421875,193.12083435058594,-330.4133605957031,-290.6591491699219,-372.67041015625,226.74465942382812
frame_003677.png,321.493896484375,193.17628479003906,-330.53619384765625,-290.7302551269531,-372.7725524902344,226.8214874267578
frame_003678.png,321.6141662597656,193.2347412109375,-330.6539001464844,-290.7994689941406,-372.8747863769531,226.89556884765625
frame_003679.png,321.7319641113281,193.29656982421875,-330.7660827636719,-290.8701171875,-372.9806823730469,226.96852111816406
frame_003680.png,321.8462829589844,193.35633850097656,-330.8799133300781,-290.9438781738281,-373.0878601074219,227.04443359375
frame_003681.png,321.9613342285156,193.41146850585938,-330.9931335449219,-291.02154541015625,-373.1914978027344,227.12339782714844
frame_003682.png,322.07861328125,193.46505737304688,-331.1105651855469,-291.0941467285156,-373.28973388671875,227.2062530517578
frame_003683.png,322.19732666015625,193.51882934570312,-331.231201171875,-291.1590270996094,-373.3894958496094,227.2914276123047
frame_003684.png,322.31268310546875,193.5735321044922,-331.35394287109375,-291.22393798828125,-373.4890441894531,227.3778076171875
frame_003685.png,322.42523193359375,193.62745666503906,-331.4783020019531,-291.2906799316406,-373.5870666503906,227.4661407470703
frame_003686.png,322.5351257324219,193.6757354736328,-331.6030578613281,-291.3506164550781,-373.6847229003906,227.5594940185547
frame_003687.png,322.64776611328125,193.7303466796875,-331.7259216308594,-291.4043884277344,-373.7789306640625,227.64956665039062
frame_003688.png,322.7651062011719,193.7893829345703,-331.8490905761719,-291.4570007324219,-373.8646545410156,227.7359161376953
frame_003689.png,322.8848876953125,193.85443115234375,-331.9718322753906,-291.5190734863281,-373.947509765625,227.81471252441406
frame_003690.png,323.00323486328125,193.9192352294922,-332.09466552734375,-291.5802001953125,-374.0321960449219,227.8940887451172
frame_003691.png,323.1143493652344,193.97802734375,-332.2171936035156,-291.6434631347656,-374.121826171875,227.97398376464844
frame_003692.png,323.22601318359375,194.03257751464844,-332.3421936035156,-291.7103271484375,-374.20977783203125,228.0459442138672
frame_003693.png,323.338623046875,194.08363342285156,-332.4687194824219,-291.7827453613281,-374.29376220703125,228.1161346435547
frame_003694.png,323.4522705078125,194.13441467285156,-332.5946960449219,-291.85748291015625,-374.377197265625,228.18568420410156
frame_003695.png,323.5660705566406,194.18771362304688,-332.7236022949219,-291.93048095703125,-374.4626770019531,228.2560577392578
frame_003696.png,323.6803894042969,194.2501678466797,-332.8487548828125,-292.00335693359375,-374.5553894042969,228.32675170898438
frame_003697.png,323.7937927246094,194.31851196289062,-332.9707946777344,-292.0794677734375,-374.6552429199219,228.40084838867188
frame_003698.png,323.9082336425781,194.38938903808594,-333.0915832519531,-292.1518249511719,-374.7632141113281,228.47601318359375
frame_003699.png,324.0255432128906,194.46270751953125,-333.2113342285156,-292.219482421875,-374.8720703125,228.5514373779297
frame_003700.png,324.1448669433594,194.5376434326172,-333.3262023925781,-292.28424072265625,-374.98101806640625,228.6287078857422
frame_003701.png,324.26202392578125,194.61697387695312,-333.4342346191406,-292.3475036621094,-375.090087890625,228.70602416992188
frame_003702.png,324.3799743652344,194.7005615234375,-333.533447265625,-292.4090881347656,-375.19866943359375,228.78025817871094
frame_003703.png,324.49884033203125,194.78758239746094,-333.6261901855469,-292.468017578125,-375.3081970214844,228.85292053222656
frame_003704.png,324.6174621582031,194.8758087158203,-333.71124267578125,-292.52880859375,-375.4164733886719,228.9264373779297
frame_003705.png,324.7320556640625,194.96377563476562,-333.7898864746094,-292.5935363769531,-375.5246276855469,228.9972686767578
frame_003706.png,324.8402404785156,195.0490264892578,-333.8627624511719,-292.66259765625,-375.6366882324219,229.0602569580078
frame_003707.png,324.9407653808594,195.12725830078125,-333.9307556152344,-292.73175048828125,-375.7500915527344,229.12034606933594
frame_003708.png,325.0347595214844,195.1995086669922,-333.9945068359375,-292.80682373046875,-375.8605651855469,229.17689514160156
frame_003709.png,325.1199035644531,195.2727813720703,-334.0561828613281,-292.8850402832031,-375.9656066894531,229.23355102539062
frame_003710.png,325.1971130371094,195.3422088623047,-334.11749267578125,-292.9610900878906,-376.0668640136719,229.28872680664062
frame_003711.png,325.2720947265625,195.40292358398438,-334.18231201171875,-293.03662109375,-376.1656494140625,229.3414764404297
frame_003712.png,325.34613037109375,195.46160888671875,-334.2516174316406,-293.11328125,-376.2604675292969,229.39309692382812
frame_003713.png,325.4189453125,195.5190887451172,-334.3236999511719,-293.1905517578125,-376.35107421875,229.44252014160156
frame_003714.png,325.4894714355469,195.57827758789062,-334.3997497558594,-293.270263671875,-376.43658447265625,229.4886016845703
frame_003715.png,325.56097412109375,195.63746643066406,-334.4813232421875,-293.347900390625,-376.52410888671875,229.53436279296875
frame_003716.png,325.6368408203125,195.6925506591797,-334.5654296875,-293.4217224121094,-376.61431884765625,229.58314514160156
frame_003717.png,325.71795654296875,195.74447631835938,-334.65032958984375,-293.49462890625,-376.70806884765625,229.63522338867188
frame_003718.png,325.80645751953125,195.7920684814453,-334.7376403808594,-293.5709228515625,-376.8013000488281,229.69076538085938
frame_003719.png,325.90301513671875,195.8400421142578,-334.8304138183594,-293.6520080566406,-376.8942565917969,229.7457275390625
frame_003720.png,326.0045166015625,195.88711547851562,-334.92730712890625,-293.7327575683594,-376.98583984375,229.79693603515625
frame_003721.png,326.1078186035156,195.933837890625,-335.0269775390625,-293.8127136230469,-377.0779113769531,229.845458984375
frame_003722.png,326.21075439453125,195.98379516601562,-335.1257019042969,-293.8966064453125,-377.17047119140625,229.89247131347656
frame_003723.png,326.3126220703125,196.03582763671875,-335.22235107421875,-293.9825439453125,-377.2636413574219,229.94161987304688
frame_003724.png,326.41204833984375,196.08973693847656,-335.3180847167969,-294.0706481933594,-377.3529052734375,229.99441528320312
frame_003725.png,326.50823974609375,196.14486694335938,-335.41082763671875,-294.1594543457031,-377.44207763671875,230.05032348632812
frame_003726.png,326.5971374511719,196.20211791992188,-335.4944152832031,-294.25531005859375,-377.5315246582031,230.10964965820312
frame_003727.png,326.68194580078125,196.26315307617188,-335.57501220703125,-294.3561096191406,-377.6226501464844,230.17202758789062
frame_003728.png,326.76641845703125,196.3284454345703,-335.65728759765625,-294.4543762207031,-377.7138366699219,230.23516845703125
frame_003729.png,326.850341796875,196.39923095703125,-335.7375793457031,-294.5503845214844,-377.8056335449219,230.29757690429688
frame_003730.png,326.930908203125,196.47161865234375,-335.81451416015625,-294.6487121582031,-377.896728515625,230.36297607421875
frame_003731.png,327.0088195800781,196.5452880859375,-335.8882751464844,-294.74847412109375,-377.9864501953125,230.43028259277344
frame_003732.png,327.0824890136719,196.62222290039062,-335.9592590332031,-294.8477478027344,-378.075927734375,230.49818420410156
frame_003733.png,327.1535949707031,196.7016143798828,-336.0268249511719,-294.94677734375,-378.16619873046875,230.56509399414062
frame_003734.png,327.226318359375,196.78042602539062,-336.0973815917969,-295.04376220703125,-378.2580871582031,230.62979125976562
frame_003735.png,327.3042907714844,196.85594177246094,-336.17559814453125,-295.1391296386719,-378.3532409667969,230.69422912597656
frame_003736.png,327.38604736328125,196.92933654785156,-336.26116943359375,-295.23040771484375,-378.4495849609375,230.75885009765625
frame_003737.png,327.472900390625,196.99844360351562,-336.3495788574219,-295.3228454589844,-378.5472412109375,230.82254028320312
frame_003738.png,327.5646057128906,197.06436157226562,-336.4365234375,-295.4150695800781,-378.64581298828125,230.885009765625
frame_003739.png,327.66259765625,197.128662109375,-336.5259704589844,-295.504150390625,-378.7455139160156,230.94589233398438
frame_003740.png,327.763427734375,197.19029235839844,-336.6182861328125,-295.59375,-378.8468933105469,231.00457763671875
frame_003741.png,327.8652648925781,197.24874877929688,-336.71356201171875,-295.6844482421875,-378.9496765136719,231.0616455078125
frame_003742.png,327.96588134765625,197.30316162109375,-336.8087158203125,-295.7770690917969,-379.0501708984375,231.11659240722656
frame_003743.png,328.0657043457031,197.3533172607422,-336.9046936035156,-295.8692321777344,-379.1470642089844,231.17002868652344
frame_003744.png,328.1635437011719,197.403076171875,-336.9991149902344,-295.9608459472656,-379.24298095703125,231.2244873046875
frame_003745.png,328.2601623535156,197.45205688476562,-337.0931701660156,-296.0520324707031,-379.3405456542969,231.2782440185547
frame_003746.png,328.3549499511719,197.50106811523438,-337.1877136230469,-296.1411437988281,-379.4412841796875,231.33348083496094
frame_003747.png,328.4469909667969,197.5534210205078,-337.2826232910156,-296.2283020019531,-379.5450134277344,231.3896026611328
