frame,x,y,z,rx,ry,rz
000000.png,0.0,-1.1102230246251565e-16,2.220446049250313e-16,3.562503070320133e-10,-1.7046379585661242e-10,1.1976249852940768e-11
000001.png,-0.01401751022785902,-0.028203209862113,1.198997974395752,0.00013005852815695107,-0.000686994637362659,-0.0007197719532996416
000002.png,-0.027873650193214417,-0.056081198155879974,2.384181022644043,0.0002595745609141886,-0.0013658953830599785,-0.0014312347630038857
000003.png,-0.04180319979786873,-0.08410628885030746,3.5756280422210693,0.0003907446516677737,-0.002048204420134425,-0.0021464412566274405
000004.png,-0.05573543161153793,-0.11213620007038116,4.767291069030762,0.0005229072994552553,-0.0027304545510560274,-0.00286176148802042
000005.png,-0.0697067379951477,-0.14024420082569122,5.962283134460449,0.0006564130308106542,-0.00341442646458745,-0.0035790663678199053
000006.png,-0.08362554013729095,-0.1682458072900772,7.152769088745117,0.0007903815130703151,-0.004095636308193207,-0.004293651785701513
000007.png,-0.09756957739591599,-0.19629770517349243,8.345399856567383,0.0009255610639229417,-0.004777888767421246,-0.005009514279663563
000008.png,-0.11149889975786209,-0.22431929409503937,9.536762237548828,0.001061564078554511,-0.005459228064864874,-0.005724601447582245
000009.png,-0.12543070316314697,-0.2523452043533325,10.728320121765137,0.0011985569726675749,-0.006140490528196096,-0.006439794786274433
000010.png,-0.13936209678649902,-0.28036969900131226,11.919830322265625,0.001336511573754251,-0.006821541115641594,-0.007154952734708786
000011.png,-0.15330040454864502,-0.3084073066711426,13.111909866333008,0.0014755000593140721,-0.007502727210521698,-0.007870442233979702
000012.png,-0.16714079678058624,-0.3362948000431061,14.30348014831543,0.0015895235119387507,-0.008150183595716953,-0.008448975160717964
000013.png,-0.18181400001049042,-0.36542370915412903,15.496589660644531,0.0019332231022417545,-0.009091101586818695,-0.010232621803879738
000014.png,-0.19507290422916412,-0.3924444913864136,16.687580108642578,0.0018776586512103677,-0.009541058912873268,-0.009960769675672054
000015.png,-0.20817610621452332,-0.4191513955593109,17.881040573120117,0.0015487922355532646,-0.010137434117496014,-0.00938973855227232
000016.png,-0.2220686972141266,-0.4450814127922058,19.076629638671875,0.001147798029705882,-0.010628369636833668,-0.009049365296959877
000017.png,-0.23729510605335236,-0.4715143144130707,20.27018928527832,0.002077091485261917,-0.011314552277326584,-0.009293787181377411
000018.png,-0.2531558871269226,-0.4977816939353943,21.464679718017578,0.0031187613494694233,-0.011800223961472511,-0.009044073522090912
000019.png,-0.27076369524002075,-0.5247440934181213,22.658830642700195,0.002532309154048562,-0.012615744955837727,-0.009645401500165462
000020.png,-0.2887907922267914,-0.5527300834655762,23.85296058654785,0.002409054432064295,-0.013338405638933182,-0.009881887584924698
000021.png,-0.30711469054222107,-0.5812326073646545,25.04684066772461,0.0031834153924137354,-0.014244931749999523,-0.00989789143204689
000022.png,-0.3273512125015259,-0.6069839000701904,26.243099212646484,0.002856486476957798,-0.015077861025929451,-0.010158179327845573
000023.png,-0.34724879264831543,-0.6329432129859924,27.441680908203125,0.0006809341139160097,-0.015803316608071327,-0.009265877306461334
000024.png,-0.36779850721359253,-0.6565641760826111,28.63711929321289,0.0004716553958132863,-0.016702687367796898,-0.00861924234777689
000025.png,-0.38921359181404114,-0.6824260950088501,29.82830047607422,0.0018445496680215001,-0.017506243661046028,-0.008017326705157757
000026.png,-0.4112761914730072,-0.7087202072143555,31.02794075012207,0.0026426149997860193,-0.018492234870791435,-0.007510260213166475
000027.png,-0.43571609258651733,-0.7356473803520203,32.231929779052734,0.0026582758873701096,-0.019240276888012886,-0.007923781871795654
000028.png,-0.4596532881259918,-0.7632532715797424,33.42023849487305,0.0020987321622669697,-0.019903002306818962,-0.007445839699357748
000029.png,-0.484698086977005,-0.7915945053100586,34.61479949951172,0.0018370978068560362,-0.02055087499320507,-0.007197312545031309
000030.png,-0.509818971157074,-0.8182721734046936,35.81256103515625,0.0017488690791651607,-0.021045314148068428,-0.006439579650759697
000031.png,-0.5367056727409363,-0.8457826972007751,37.009281158447266,0.0017553528305143118,-0.02163979969918728,-0.006507400423288345
000032.png,-0.562741219997406,-0.8734675049781799,38.20690155029297,0.001239410019479692,-0.021844998002052307,-0.005622804164886475
000033.png,-0.5904619097709656,-0.9001113772392273,39.40549087524414,3.617903348640539e-05,-0.021759456023573875,-0.005730908829718828
000034.png,-0.6181703209877014,-0.9268581867218018,40.602439880371094,-0.0008978958940133452,-0.02161412313580513,-0.006181441713124514
000035.png,-0.6466318964958191,-0.9531286954879761,41.798709869384766,-0.0004651110211852938,-0.021559640765190125,-0.006984200794249773
000036.png,-0.6756680011749268,-0.9776312112808228,42.99591827392578,-0.0003529165405780077,-0.021454686298966408,-0.007814894430339336
000037.png,-0.7080159783363342,-1.0004119873046875,44.19562911987305,-0.0017975223017856479,-0.020998941734433174,-0.010760659351944923
000038.png,-0.7358613014221191,-1.0203649997711182,45.3956298828125,-0.004928506910800934,-0.019423741847276688,-0.010978272184729576
000039.png,-0.761727511882782,-1.037443995475769,46.59611892700195,-0.007668681442737579,-0.017696702852845192,-0.011502054519951344
000040.png,-0.7844470143318176,-1.0512069463729858,47.801490783691406,-0.010976538062095642,-0.015952935442328453,-0.011745594441890717
000041.png,-0.8050203919410706,-1.0640920400619507,49.004539489746094,-0.013101402670145035,-0.014665495604276657,-0.011416185647249222
000042.png,-0.8220019936561584,-1.0738500356674194,50.2034797668457,-0.011409777216613293,-0.01316935196518898,-0.00977367628365755
000043.png,-0.8402901887893677,-1.0853149890899658,51.404571533203125,-0.009099508635699749,-0.012093123979866505,-0.010289043188095093
000044.png,-0.8594629764556885,-1.0982860326766968,52.605831146240234,-0.008911791257560253,-0.011287040077149868,-0.011447538621723652
000045.png,-0.8753783106803894,-1.1126350164413452,53.811248779296875,-0.008457432501018047,-0.011233226396143436,-0.01047903299331665
000046.png,-0.8928729891777039,-1.127882957458496,55.015201568603516,-0.007744509261101484,-0.011961275711655617,-0.00981272291392088
000047.png,-0.9118602275848389,-1.1431519985198975,56.22026824951172,-0.007680928334593773,-0.013497569598257542,-0.009968767873942852
000048.png,-0.9332308769226074,-1.16068696975708,57.42776870727539,-0.009190590120851994,-0.015038157813251019,-0.009959470480680466
000049.png,-0.9562150239944458,-1.1756550073623657,58.63262176513672,-0.009566028602421284,-0.016006413847208023,-0.009941563941538334
000050.png,-0.981436014175415,-1.1902780532836914,59.83856964111328,-0.009287025779485703,-0.016849016770720482,-0.01089688204228878
000051.png,-1.0067150592803955,-1.2056000232696533,61.042091369628906,-0.00915516447275877,-0.01756386272609234,-0.011285309679806232
000052.png,-1.0311260223388672,-1.2213200330734253,62.245628356933594,-0.00861255545169115,-0.01772678829729557,-0.010649015195667744
000053.png,-1.0538630485534668,-1.237483024597168,63.447471618652344,-0.007651383988559246,-0.017924649640917778,-0.009372161701321602
000054.png,-1.0784729719161987,-1.2517009973526,64.64755249023438,-0.00858940277248621,-0.01828017830848694,-0.008931871503591537
000055.png,-1.1031930446624756,-1.2671010494232178,65.85040283203125,-0.010776308365166187,-0.018527409061789513,-0.008884061127901077
000056.png,-1.1295380592346191,-1.2811119556427002,67.047607421875,-0.009321065619587898,-0.01881870999932289,-0.009349111467599869
000057.png,-1.1576800346374512,-1.293921947479248,68.24107360839844,-0.007607926614582539,-0.018887750804424286,-0.010890376754105091
000058.png,-1.1869299411773682,-1.3094170093536377,69.43527221679688,-0.007731716614216566,-0.01898350939154625,-0.013049941509962082
000059.png,-1.2153160572052002,-1.3246779441833496,70.62615966796875,-0.007956688292324543,-0.018934322521090508,-0.014854749664664268
000060.png,-1.2432260513305664,-1.3394559621810913,71.81600189208984,-0.008405812084674835,-0.018740706145763397,-0.01650097593665123
000061.png,-1.2685669660568237,-1.3557430505752563,73.00218963623047,-0.009338628500699997,-0.01778566651046276,-0.016900915652513504
000062.png,-1.2928379774093628,-1.3714699745178223,74.18749237060547,-0.009923876263201237,-0.01574059948325157,-0.01857730932533741
000063.png,-1.3102519512176514,-1.390125036239624,75.36553955078125,-0.009196171537041664,-0.013081973418593407,-0.01802476868033409
000064.png,-1.3201379776000977,-1.407515048980713,76.54078674316406,-0.003725424176082015,-0.01068104337900877,-0.014599161222577095
000065.png,-1.3309199810028076,-1.427085041999817,77.71630096435547,-0.0020451124291867018,-0.008217955008149147,-0.015176934190094471
000066.png,-1.3379499912261963,-1.4487969875335693,78.89459991455078,-0.0059572141617536545,-0.0053444975055754185,-0.01447135116904974
000067.png,-1.3409420251846313,-1.468533992767334,80.06842803955078,-0.007933443412184715,-0.0020497734658420086,-0.014577765949070454
000068.png,-1.3422900438308716,-1.485826015472412,81.23454284667969,-0.005743173882365227,0.001965508097782731,-0.015036815777420998
000069.png,-1.3356510400772095,-1.5060960054397583,82.39913177490234,-0.0032165604643523693,0.005458361003547907,-0.014151852577924728
000070.png,-1.3238650560379028,-1.530311942100525,83.5580062866211,0.0006266037817113101,0.00887214858084917,-0.01272396370768547
000071.png,-1.3092679977416992,-1.5554720163345337,84.71745300292969,0.001689187716692686,0.01216604933142662,-0.011853503994643688
000072.png,-1.2929929494857788,-1.5805870294570923,85.87696075439453,-0.0002496129891369492,0.0157804936170578,-0.011680630035698414
000073.png,-1.2731209993362427,-1.6050740480422974,87.03114318847656,-0.0012114380951970816,0.019607264548540115,-0.012795187532901764
000074.png,-1.2471309900283813,-1.6306730508804321,88.18383026123047,0.0010678989347070456,0.023301340639591217,-0.012419681996107101
000075.png,-1.2166709899902344,-1.656162977218628,89.33335876464844,0.0036159667652100325,0.026608748361468315,-0.012028997763991356
000076.png,-1.1827449798583984,-1.683163046836853,90.48343658447266,0.003975911531597376,0.029872972518205643,-0.012094371020793915
000077.png,-1.1441279649734497,-1.7104190587997437,91.63655090332031,0.0027563138864934444,0.03273065388202667,-0.010774449445307255
000078.png,-1.1017500162124634,-1.7360860109329224,92.79129028320312,0.0014305314980447292,0.035513777285814285,-0.010057901963591576
000079.png,-1.0560150146484375,-1.7606500387191772,93.94712829589844,-0.0004253114166203886,0.0382511131465435,-0.009304254315793514
000080.png,-1.0061190128326416,-1.7850710153579712,95.10262298583984,-0.00156747130677104,0.04069336876273155,-0.00822143442928791
000081.png,-0.9539660215377808,-1.8095430135726929,96.25537872314453,0.0006255250191316009,0.04298042133450508,-0.006836372893303633
000082.png,-0.8975397944450378,-1.8348710536956787,97.41316986083984,0.004247646778821945,0.04519270732998848,-0.00520668737590313
000083.png,-0.8410031199455261,-1.861915946006775,98.57221984863281,0.007379972841590643,0.047267571091651917,-0.005400191992521286
000084.png,-0.782045304775238,-1.8916430473327637,99.73967742919922,0.008396394550800323,0.04889826476573944,-0.005484682973474264
000085.png,-0.7233569025993347,-1.922456979751587,100.91410064697266,0.00777332903817296,0.04950215667486191,-0.00556989386677742
000086.png,-0.6655318737030029,-1.9530290365219116,102.0947036743164,0.005753854289650917,0.048745330423116684,-0.00587121956050396
000087.png,-0.6077182292938232,-1.983093023300171,103.27880096435547,0.004157399293035269,0.047367461025714874,-0.0052712238393723965
000088.png,-0.5505715012550354,-2.0128750801086426,104.47000122070312,0.0035061051603406668,0.04536422714591026,-0.005589504260569811
000089.png,-0.4977482855319977,-2.0411179065704346,105.66790008544922,0.002914551878347993,0.042901411652565,-0.005770677234977484
000090.png,-0.4483272135257721,-2.0697391033172607,106.86720275878906,0.0029240071307867765,0.039796411991119385,-0.006260909605771303
000091.png,-0.4053770899772644,-2.0982820987701416,108.0718994140625,0.0032023750245571136,0.03604137897491455,-0.007719970308244228
000092.png,-0.36510759592056274,-2.127000093460083,109.27860260009766,0.0030161533504724503,0.03212997689843178,-0.007878651842474937
000093.png,-0.32907530665397644,-2.156852960586548,110.4916000366211,0.0019005202921107411,0.0280800499022007,-0.008569033816456795
000094.png,-0.2985283136367798,-2.1856648921966553,111.7072982788086,0.0010907688410952687,0.023751312866806984,-0.008783218450844288
000095.png,-0.27267178893089294,-2.213402032852173,112.92369842529297,0.0003563678474165499,0.019296428188681602,-0.008957287296652794
000096.png,-0.25377920269966125,-2.240144968032837,114.14250183105469,0.0001754061522660777,0.014504977501928806,-0.009345044381916523
000097.png,-0.24155229330062866,-2.267803907394409,115.36280059814453,0.0001745252957334742,0.00956575945019722,-0.01017680112272501
000098.png,-0.23407170176506042,-2.29682993888855,116.58599853515625,0.0004766930651385337,0.0046090781688690186,-0.0106917480006814
000099.png,-0.2325710952281952,-2.3275749683380127,117.81159973144531,0.0010842562187463045,-3.6713885492645204e-05,-0.011579828336834908
000100.png,-0.2372930943965912,-2.3580009937286377,119.03990173339844,0.0014063812559470534,-0.0037224905099719763,-0.013420785777270794
000101.png,-0.2464440017938614,-2.388148069381714,120.27140045166016,0.0012294882908463478,-0.005839933641254902,-0.015768032521009445
000102.png,-0.25623181462287903,-2.417423963546753,121.50129699707031,0.0015232318546622992,-0.006804149132221937,-0.016722267493605614
000103.png,-0.26967889070510864,-2.4446349143981934,122.74240112304688,0.0011282613268122077,-0.007887808606028557,-0.018852252513170242
000104.png,-0.28357169032096863,-2.4714999198913574,123.98290252685547,-2.4008630134630948e-05,-0.008901321329176426,-0.020257538184523582
000105.png,-0.2970154881477356,-2.4989190101623535,125.2240982055664,1.4969788026064634e-05,-0.009656139649450779,-0.020296109840273857
000106.png,-0.31681519746780396,-2.5216150283813477,126.47019958496094,-0.0016470571281388402,-0.010535004548728466,-0.023553073406219482
000107.png,-0.3360759913921356,-2.5432889461517334,127.72019958496094,-0.0045511433854699135,-0.011184102855622768,-0.025153644382953644
000108.png,-0.35320430994033813,-2.5612950325012207,128.9698944091797,-0.00505990581586957,-0.011967585422098637,-0.024118874222040176
000109.png,-0.37044239044189453,-2.578125,130.2200927734375,-0.0031471685506403446,-0.012464183382689953,-0.023844221606850624
000110.png,-0.3845449984073639,-2.596169948577881,131.47560119628906,-0.003869990585371852,-0.013201932422816753,-0.021114207804203033
000111.png,-0.39762258529663086,-2.6148080825805664,132.73350524902344,-0.005822720937430859,-0.014251231215894222,-0.018736137077212334
000112.png,-0.41337311267852783,-2.631356954574585,133.9958953857422,-0.007710991892963648,-0.01457227487117052,-0.015922002494335175
000113.png,-0.42991209030151367,-2.6461400985717773,135.25929260253906,-0.009569501504302025,-0.014903400093317032,-0.01413499005138874
000114.png,-0.4438866972923279,-2.6600561141967773,136.52259826660156,-0.007647144142538309,-0.01478577870875597,-0.009782553650438786
000115.png,-0.45705559849739075,-2.675992012023926,137.7895050048828,-0.005973828490823507,-0.014798159711062908,-0.007143287919461727
000116.png,-0.4720570147037506,-2.6932129859924316,139.05679321289062,-0.005959716625511646,-0.014611049555242062,-0.005557643715292215
000117.png,-0.49081501364707947,-2.7113161087036133,140.33059692382812,-0.006377736572176218,-0.014341911301016808,-0.005506925284862518
000118.png,-0.5099508166313171,-2.7281339168548584,141.6060028076172,-0.00815280620008707,-0.013651403598487377,-0.005860083270817995
000119.png,-0.5316573977470398,-2.744133949279785,142.8802032470703,-0.009877446107566357,-0.012978672981262207,-0.008464290760457516
000120.png,-0.5501461029052734,-2.7595291137695312,144.1529998779297,-0.009077241644263268,-0.012397588230669498,-0.008548518642783165
000121.png,-0.5681071281433105,-2.7753539085388184,145.42410278320312,-0.006465773098170757,-0.01196991465985775,-0.008877196349203587
000122.png,-0.5862240195274353,-2.794830083847046,146.69400024414062,-0.004395366180688143,-0.01153489574790001,-0.009054627269506454
000123.png,-0.601568877696991,-2.818864107131958,147.9611053466797,-0.0002846270508598536,-0.011261257342994213,-0.0078093730844557285
000124.png,-0.6184008717536926,-2.8445470333099365,149.2270050048828,0.003204961074516177,-0.01073430571705103,-0.007925719022750854
000125.png,-0.6344428062438965,-2.8750569820404053,150.49240112304688,0.004325579851865768,-0.010558076202869415,-0.007689336314797401
000126.png,-0.6492856740951538,-2.908756971359253,151.75619506835938,0.003938322886824608,-0.010652470402419567,-0.007512738462537527
000127.png,-0.6669046878814697,-2.9397170543670654,153.02479553222656,0.003595418529585004,-0.010618239641189575,-0.008155551739037037
000128.png,-0.6841744780540466,-2.969913959503174,154.28829956054688,0.0023851213045418262,-0.01086906436830759,-0.008958333171904087
000129.png,-0.7034749984741211,-2.9976189136505127,155.5532989501953,0.0018223585793748498,-0.011125379242002964,-0.009423777461051941
000130.png,-0.7212308049201965,-3.0248849391937256,156.81689453125,0.0020783660002052784,-0.011664343997836113,-0.009695748798549175
000131.png,-0.7401338815689087,-3.0517070293426514,158.0778045654297,0.00190860650036484,-0.012304159812629223,-0.010015745647251606
000132.png,-0.7581397294998169,-3.079340934753418,159.34219360351562,0.0008038025116547942,-0.01299818605184555,-0.00944768637418747
000133.png,-0.7785168886184692,-3.107330083847046,160.60369873046875,0.0005052283522672951,-0.013660594820976257,-0.01031473558396101
000134.png,-0.7989665269851685,-3.1352620124816895,161.86410522460938,0.0014478408265858889,-0.014263133518397808,-0.010613328777253628
000135.png,-0.8210142850875854,-3.162339925765991,163.12620544433594,0.0025547852274030447,-0.015074309892952442,-0.011075123213231564
000136.png,-0.8448485136032104,-3.1912240982055664,164.3903045654297,0.002553689992055297,-0.01568732224404812,-0.011915188282728195
000137.png,-0.8676071763038635,-3.2218449115753174,165.6519012451172,0.00323412730358541,-0.016340438276529312,-0.01160955149680376
000138.png,-0.8915914297103882,-3.252329111099243,166.914306640625,0.004443521145731211,-0.017138497903943062,-0.011888005770742893
000139.png,-0.915925920009613,-3.282707929611206,168.17649841308594,0.00428934209048748,-0.017757432535290718,-0.012063523754477501
000140.png,-0.9418035745620728,-3.3139519691467285,169.44140625,0.0028744344599545,-0.018491284921765327,-0.012389745563268661
000141.png,-0.9682551026344299,-3.344599962234497,170.70469665527344,0.0024119724985212088,-0.019237427040934563,-0.01245648693293333
000142.png,-0.9957697987556458,-3.3738479614257812,171.970703125,0.0021196885500103235,-0.019880808889865875,-0.012815453112125397
000143.png,-1.024319052696228,-3.402446985244751,173.2342987060547,0.0017719259485602379,-0.020604876801371574,-0.013247419148683548
000144.png,-1.0536470413208008,-3.431925058364868,174.49830627441406,0.0025574793107807636,-0.021198246628046036,-0.013474594801664352
000145.png,-1.0831660032272339,-3.461237907409668,175.75900268554688,0.003250790061429143,-0.021628636866807938,-0.014522116631269455
000146.png,-1.1119649410247803,-3.491931915283203,177.02639770507812,0.0027434558141976595,-0.022041834890842438,-0.014713864773511887
000147.png,-1.1409399509429932,-3.5235331058502197,178.28909301757812,0.0036456678062677383,-0.022369906306266785,-0.014655881561338902
000148.png,-1.167497992515564,-3.5554490089416504,179.5491943359375,0.0055080861784517765,-0.022431232035160065,-0.013382256031036377
000149.png,-1.193384051322937,-3.587083101272583,180.81069946289062,0.005110906902700663,-0.02272740751504898,-0.010422871448099613
000150.png,-1.220911979675293,-3.6172170639038086,182.07220458984375,0.001872290507890284,-0.023052889853715897,-0.0102921761572361
000151.png,-1.249819040298462,-3.6446850299835205,183.33670043945312,-0.0032901791855692863,-0.023199209943413734,-0.009953079745173454
000152.png,-1.2802670001983643,-3.66913104057312,184.59339904785156,-0.002516787964850664,-0.023390043526887894,-0.010304160416126251
000153.png,-1.3119189739227295,-3.694209098815918,185.8430938720703,0.0005998301785439253,-0.023111756891012192,-0.012033363804221153
000154.png,-1.3427679538726807,-3.722357988357544,187.09230041503906,0.0028239458333700895,-0.02338630147278309,-0.012370867654681206
000155.png,-1.3714749813079834,-3.752664089202881,188.33880615234375,0.002730651292949915,-0.02356106974184513,-0.011948070488870144
000156.png,-1.400871992111206,-3.7818610668182373,189.58560180664062,0.0010846726363524795,-0.023498862981796265,-0.011953325010836124
000157.png,-1.42991304397583,-3.8110430240631104,190.83079528808594,-0.0009092292748391628,-0.02335842326283455,-0.012008193880319595
000158.png,-1.4569200277328491,-3.8397529125213623,192.0697021484375,-0.0018786253640428185,-0.022754432633519173,-0.011392795480787754
000159.png,-1.482347011566162,-3.868860960006714,193.30349731445312,-0.0014181456062942743,-0.021414916962385178,-0.011439462192356586
000160.png,-1.5043870210647583,-3.8975679874420166,194.53439331054688,0.00024495230172760785,-0.02002241648733616,-0.01008482277393341
000161.png,-1.525428056716919,-3.9293060302734375,195.76100158691406,0.0016625722637400031,-0.01875963807106018,-0.010059379041194916
000162.png,-1.5433399677276611,-3.962116003036499,196.98159790039062,0.0024540009908378124,-0.017400067299604416,-0.009172900579869747
000163.png,-1.5613149404525757,-3.994523048400879,198.19869995117188,0.0015807251911610365,-0.016163354739546776,-0.009291094727814198
000164.png,-1.5773370265960693,-4.025379180908203,199.4114990234375,-0.00044683058513328433,-0.014789599925279617,-0.00894826278090477
000165.png,-1.5932250022888184,-4.055717945098877,200.61920166015625,-0.0008651174139231443,-0.01363151241093874,-0.009643171913921833
000166.png,-1.607051968574524,-4.084507942199707,201.82069396972656,-0.0006855099927634001,-0.012542328797280788,-0.009437290020287037
000167.png,-1.619568943977356,-4.112610816955566,203.0155029296875,-0.0009912182576954365,-0.011551457457244396,-0.00981854647397995
000168.png,-1.6298550367355347,-4.1421661376953125,204.2032928466797,-0.0014176955446600914,-0.010435279458761215,-0.01007531862705946
000169.png,-1.6396980285644531,-4.168994903564453,205.38209533691406,-0.0010830288520082831,-0.009664432145655155,-0.010067450813949108
000170.png,-1.6490739583969116,-4.196218013763428,206.55250549316406,-0.001198572339490056,-0.008767517283558846,-0.010113341733813286
000171.png,-1.65597403049469,-4.2235307693481445,207.7093963623047,-0.0013766837073490024,-0.008204816840589046,-0.00893127080053091
000172.png,-1.6631619930267334,-4.250229835510254,208.85220336914062,-0.001965403789654374,-0.007990362122654915,-0.008760450407862663
000173.png,-1.6705169677734375,-4.277047157287598,209.98179626464844,-0.003349491860717535,-0.008311099372804165,-0.008273186162114143
000174.png,-1.6809159517288208,-4.301812171936035,211.0937042236328,-0.0033102931920439005,-0.009001310914754868,-0.00851395633071661
000175.png,-1.6926089525222778,-4.326859951019287,212.19070434570312,-0.0023221750743687153,-0.009367532096803188,-0.008801591582596302
000176.png,-1.7053860425949097,-4.351614952087402,213.27490234375,-0.0014243008336052299,-0.009798834100365639,-0.009115784429013729
000177.png,-1.7176589965820312,-4.37680196762085,214.34530639648438,-0.001228380249813199,-0.010356595739722252,-0.009052091278135777
000178.png,-1.7306410074234009,-4.40208101272583,215.40460205078125,-0.0013007869711145759,-0.011472632177174091,-0.008495659567415714
000179.png,-1.744176983833313,-4.426870822906494,216.4481964111328,-0.0020488062873482704,-0.013064492493867874,-0.00810256227850914
000180.png,-1.7580970525741577,-4.450450897216797,217.4853973388672,-0.0035082558169960976,-0.01503771636635065,-0.007023336831480265
000181.png,-1.7759590148925781,-4.472508907318115,218.50770568847656,-0.005658305715769529,-0.017256926745176315,-0.007207802962511778
000182.png,-1.7965489625930786,-4.494236946105957,219.5113983154297,-0.0057706208899617195,-0.01950010471045971,-0.0074035171419382095
000183.png,-1.8201899528503418,-4.513125896453857,220.4949951171875,-0.005122003611177206,-0.022181937471032143,-0.007774992845952511
000184.png,-1.844527006149292,-4.53245210647583,221.46119689941406,-0.005154725629836321,-0.024915797635912895,-0.007838335819542408
000185.png,-1.8716009855270386,-4.553297996520996,222.40260314941406,-0.00579648744314909,-0.027776623144745827,-0.008376963436603546
000186.png,-1.9005039930343628,-4.574347972869873,223.3227996826172,-0.005760733503848314,-0.030765574425458908,-0.008717905730009079
000187.png,-1.9310799837112427,-4.594192028045654,224.2191925048828,-0.005068030208349228,-0.03382453694939613,-0.008668927475810051
000188.png,-1.9632259607315063,-4.613874912261963,225.09320068359375,-0.00459921732544899,-0.037052005529403687,-0.008462433703243732
000189.png,-1.9993209838867188,-4.634335994720459,225.94619750976562,-0.004343592096120119,-0.04016615077853203,-0.009655801579356194
000190.png,-2.0361099243164062,-4.655489921569824,226.7758026123047,-0.003453371813520789,-0.043160878121852875,-0.009965501725673676
000191.png,-2.0760629177093506,-4.6741437911987305,227.5885009765625,-0.003479807171970606,-0.045529209077358246,-0.011891462840139866
000192.png,-2.1139519214630127,-4.692285060882568,228.3820037841797,-0.0036257728934288025,-0.04635503143072128,-0.012686667963862419
000193.png,-2.1494290828704834,-4.710567951202393,229.15899658203125,-0.004791089799255133,-0.046148840337991714,-0.012697819620370865
000194.png,-2.1828360557556152,-4.7289509773254395,229.91659545898438,-0.005629249382764101,-0.04565238952636719,-0.01275639608502388
000195.png,-2.215172052383423,-4.74655818939209,230.65769958496094,-0.0050759389996528625,-0.045334167778491974,-0.012580317445099354
000196.png,-2.2479100227355957,-4.762454986572266,231.38819885253906,-0.0031281269621104,-0.044992610812187195,-0.013136982917785645
000197.png,-2.278812885284424,-4.778921127319336,232.1156005859375,-0.0009504937333986163,-0.04413938149809837,-0.013249602168798447
000198.png,-2.3091399669647217,-4.795654773712158,232.8383026123047,0.0004003887588623911,-0.042997077107429504,-0.01333063468337059
000199.png,-2.338552951812744,-4.813178062438965,233.55999755859375,0.0008890514727681875,-0.04151601344347,-0.014074941165745258
000200.png,-2.364799976348877,-4.830531120300293,234.27760314941406,0.0011039371602237225,-0.039816051721572876,-0.013514421880245209
000201.png,-2.3895769119262695,-4.847959041595459,234.9915008544922,0.0010795872658491135,-0.03796675056219101,-0.013327778317034245
000202.png,-2.414705991744995,-4.864865779876709,235.7021026611328,0.0011287534143775702,-0.03592045605182648,-0.01340520940721035
000203.png,-2.4371609687805176,-4.8815789222717285,236.4084930419922,0.0013796339044347405,-0.033812981098890305,-0.013157430104911327
000204.png,-2.4582700729370117,-4.896918773651123,237.11160278320312,0.0011029558954760432,-0.030936261638998985,-0.013259322382509708
000205.png,-2.4752180576324463,-4.9121317863464355,237.8114013671875,0.0005167574272491038,-0.027725450694561005,-0.01232483796775341
000206.png,-2.4892430305480957,-4.929646968841553,238.50759887695312,-7.950939107104205e-06,-0.024835191667079926,-0.011268192902207375
000207.png,-2.5015430450439453,-4.947554111480713,239.1999053955078,-0.0002419973025098443,-0.021835535764694214,-0.010984859429299831
000208.png,-2.511949062347412,-4.965561866760254,239.88780212402344,2.7127362045575865e-05,-0.01887367106974125,-0.010600127279758453
000209.png,-2.5202929973602295,-4.9817399978637695,240.57530212402344,0.0004632151685655117,-0.015992822125554085,-0.010389365255832672
000210.png,-2.528203010559082,-4.9982099533081055,241.26390075683594,0.0013820817694067955,-0.01303442008793354,-0.011360019445419312
000211.png,-2.5343520641326904,-5.015659809112549,241.95730590820312,0.0020408639684319496,-0.010164065286517143,-0.011282611638307571
000212.png,-2.5383479595184326,-5.032043933868408,242.65350341796875,0.0011168851051479578,-0.007324152160435915,-0.0113070635125041
000213.png,-2.5433928966522217,-5.04817008972168,243.35589599609375,0.00043786034802906215,-0.004757769871503115,-0.011818358674645424
000214.png,-2.54559588432312,-5.064281940460205,244.0590057373047,0.0005875297938473523,-0.002452656626701355,-0.011555402539670467
000215.png,-2.5468521118164062,-5.080295085906982,244.76339721679688,0.001783967949450016,-0.00015109659580048174,-0.011393076740205288
000216.png,-2.546618938446045,-5.094782829284668,245.47149658203125,0.004365524742752314,0.0015929486835375428,-0.011569422669708729
000217.png,-2.5455760955810547,-5.10903787612915,246.18629455566406,0.005907811690121889,0.0025546906981617212,-0.010831506922841072
000218.png,-2.543734073638916,-5.126142978668213,246.90809631347656,0.006738070864230394,0.0027456185780465603,-0.010753887705504894
000219.png,-2.542056083679199,-5.145191192626953,247.63589477539062,0.006963071878999472,0.002918521175161004,-0.009993026033043861
000220.png,-2.541896104812622,-5.164585113525391,248.3695068359375,0.007136593107134104,0.0031000268645584583,-0.010903388261795044
000221.png,-2.542203903198242,-5.185381889343262,249.1114044189453,0.007825993001461029,0.0034131587017327547,-0.011734877713024616
000222.png,-2.5409440994262695,-5.205978870391846,249.8572998046875,0.009819193743169308,0.0036363950930535793,-0.011051897890865803
000223.png,-2.53540301322937,-5.227369785308838,250.61000061035156,0.011635885573923588,0.003995310049504042,-0.007276597898453474
000224.png,-2.529258966445923,-5.246304988861084,251.3708038330078,0.012602169066667557,0.004297974985092878,-0.003969820216298103
000225.png,-2.529474973678589,-5.263872146606445,252.14500427246094,0.00951442401856184,0.004895415622740984,-0.005586734972894192
000226.png,-2.534411907196045,-5.282956123352051,252.92889404296875,0.003406491130590439,0.005549336317926645,-0.009991339407861233
000227.png,-2.5317299365997314,-5.300221920013428,253.71600341796875,-0.0013022528728470206,0.006374129094183445,-0.009762272238731384
000228.png,-2.522826910018921,-5.316153049468994,254.5106964111328,0.0006147746462374926,0.008270619437098503,-0.008277994580566883
000229.png,-2.516895055770874,-5.32879114151001,255.30560302734375,0.006958990823477507,0.012257827445864677,-0.009327375330030918
000230.png,-2.5089080333709717,-5.345293998718262,256.1119079589844,0.011499390006065369,0.01624259352684021,-0.011367414146661758
000231.png,-2.495853900909424,-5.364407062530518,256.9295959472656,0.01131859514862299,0.01946156844496727,-0.012799003161489964
000232.png,-2.4764370918273926,-5.385775089263916,257.7578125,0.008735080249607563,0.022684326395392418,-0.011475774459540844
000233.png,-2.4519081115722656,-5.406871795654297,258.5928039550781,0.005622099619358778,0.02557041496038437,-0.008488763123750687
000234.png,-2.426274061203003,-5.425048828125,259.42950439453125,0.0038764209020882845,0.02824711613357067,-0.00604088744148612
000235.png,-2.4018309116363525,-5.445288181304932,260.26849365234375,0.003315777750685811,0.0314226895570755,-0.00582609698176384
000236.png,-2.3774518966674805,-5.467449188232422,261.1028137207031,0.005240295082330704,0.033993255347013474,-0.007993429899215698
000237.png,-2.3479089736938477,-5.488512992858887,261.9397888183594,0.007549615111202002,0.03636341169476509,-0.008357535116374493
000238.png,-2.3155860900878906,-5.509574890136719,262.7786865234375,0.007940360344946384,0.03896328806877136,-0.008648072369396687
000239.png,-2.282742977142334,-5.533298969268799,263.6211853027344,0.005965706426650286,0.04187547788023949,-0.009611262939870358
000240.png,-2.2492918968200684,-5.557575225830078,264.4631042480469,0.003941885195672512,0.0451703779399395,-0.011204062961041927
000241.png,-2.2116711139678955,-5.580169200897217,265.3026123046875,0.0038581136614084244,0.047937095165252686,-0.01174307893961668
000242.png,-2.1690309047698975,-5.601555824279785,266.1455993652344,0.004613226745277643,0.05059991031885147,-0.011564228683710098
000243.png,-2.120600938796997,-5.622751235961914,266.98858642578125,0.005040433723479509,0.05319324880838394,-0.009928765706717968
000244.png,-2.0709290504455566,-5.642387866973877,267.8345031738281,0.004627960734069347,0.054992351680994034,-0.006934116128832102
000245.png,-2.0201520919799805,-5.662312984466553,268.6820983886719,0.004584346432238817,0.055898185819387436,-0.005464745685458183
000246.png,-1.9723360538482666,-5.683948993682861,269.529296875,0.004633457865566015,0.056473713368177414,-0.00470710638910532
000247.png,-1.923825979232788,-5.705921173095703,270.381591796875,0.004558097571134567,0.056984733790159225,-0.00458926148712635
000248.png,-1.8756879568099976,-5.726986885070801,271.2341003417969,0.004124374128878117,0.056959573179483414,-0.004589651245623827
000249.png,-1.8294520378112793,-5.7501540184021,272.089111328125,0.0034912177361547947,0.05641762167215347,-0.005177746061235666
000250.png,-1.7833369970321655,-5.773108005523682,272.9432067871094,0.004245039075613022,0.055297039449214935,-0.004773080814629793
000251.png,-1.741197943687439,-5.793806076049805,273.79541015625,0.0051002888940274715,0.05370771512389183,-0.004859473090618849
000252.png,-1.7008450031280518,-5.814911842346191,274.6510925292969,0.0060188546776771545,0.052080292254686356,-0.00560534605756402
000253.png,-1.6606630086898804,-5.835884094238281,275.5035095214844,0.006077643018215895,0.05065479874610901,-0.006703050807118416
000254.png,-1.622668981552124,-5.858238220214844,276.3544006347656,0.006152960937470198,0.049064408987760544,-0.007831908762454987
000255.png,-1.5855790376663208,-5.879708766937256,277.2037048339844,0.00567835895344615,0.046842899173498154,-0.00834780465811491
000256.png,-1.5506319999694824,-5.901148796081543,278.0516052246094,0.004230421967804432,0.04408257082104683,-0.008236226625740528
000257.png,-1.5178630352020264,-5.92190408706665,278.8966979980469,0.0019733139779418707,0.039955008774995804,-0.0069456081837415695
000258.png,-1.489305019378662,-5.941917896270752,279.73541259765625,7.032819212327013e-06,0.0352030023932457,-0.005822702310979366
000259.png,-1.4662419557571411,-5.960750102996826,280.5686950683594,-0.0013680302072316408,0.0304397102445364,-0.005373766180127859
000260.png,-1.4477570056915283,-5.978024959564209,281.38970947265625,-0.001945753931067884,0.025702178478240967,-0.004964048974215984
000261.png,-1.4318950176239014,-5.994410037994385,282.2030944824219,-0.0026294139679521322,0.021162979304790497,-0.004482647869735956
000262.png,-1.4190540313720703,-6.010847091674805,283.00360107421875,-0.0028293977957218885,0.016481386497616768,-0.003464587265625596
000263.png,-1.412086009979248,-6.026687145233154,283.78790283203125,-0.0025345170870423317,0.012353744357824326,-0.003051262814551592
000264.png,-1.4112520217895508,-6.040170192718506,284.5552978515625,-0.0024371270556002855,0.008382759988307953,-0.0034687926527112722
000265.png,-1.414317011833191,-6.053987979888916,285.3052062988281,-0.0025106926914304495,0.004548763856291771,-0.003793490119278431
000266.png,-1.4177789688110352,-6.069167137145996,286.035888671875,-0.0026509929448366165,0.0007563350372947752,-0.0035363780334591866
000267.png,-1.4234169721603394,-6.085124969482422,286.7439880371094,-0.0019006483489647508,-0.003445710986852646,-0.0026570779737085104
000268.png,-1.4358220100402832,-6.101379871368408,287.43310546875,-0.00048267305828630924,-0.00837691593915224,-0.003810302820056677
000269.png,-1.454440951347351,-6.1174540519714355,288.1004943847656,0.0014194936957210302,-0.014687557704746723,-0.005450297147035599
000270.png,-1.4776489734649658,-6.132605075836182,288.7510986328125,0.0032465332187712193,-0.022854017093777657,-0.006357959471642971
000271.png,-1.5063730478286743,-6.149395942687988,289.3890075683594,0.0042821262031793594,-0.03312285616993904,-0.006310371216386557
000272.png,-1.5456169843673706,-6.167037010192871,290.0173034667969,0.004620117601007223,-0.04650048539042473,-0.0068198805674910545
000273.png,-1.5971570014953613,-6.182453155517578,290.62811279296875,0.003845581319183111,-0.06283372640609741,-0.007805287837982178
000274.png,-1.6650439500808716,-6.196963787078857,291.2300109863281,0.0033315864857286215,-0.08246032893657684,-0.01050885021686554
000275.png,-1.7423779964447021,-6.210196018218994,291.80621337890625,0.003638000227510929,-0.10484025627374649,-0.012314173392951488
000276.png,-1.834488034248352,-6.224246978759766,292.3789978027344,0.004014888778328896,-0.13013942539691925,-0.013902495615184307
000277.png,-1.9429939985275269,-6.2370147705078125,292.9374084472656,0.004024040419608355,-0.15787693858146667,-0.015575884841382504
000278.png,-2.0679969787597656,-6.247852802276611,293.4678955078125,0.003329095896333456,-0.18849442899227142,-0.01699468307197094
000279.png,-2.209537982940674,-6.257666110992432,293.99810791015625,0.0017456455389037728,-0.22257906198501587,-0.016749592497944832
000280.png,-2.3679020404815674,-6.2710747718811035,294.5120849609375,0.00021057063713669777,-0.2593279182910919,-0.016691645607352257
000281.png,-2.543375015258789,-6.2852702140808105,294.9879150390625,-0.0017646434716880322,-0.29790163040161133,-0.01764882728457451
000282.png,-2.739392042160034,-6.297630786895752,295.4667053222656,-0.0035560959950089455,-0.33839693665504456,-0.018737802281975746
000283.png,-2.949047088623047,-6.30794095993042,295.90179443359375,-0.005242691375315189,-0.3804576098918915,-0.018850980326533318
000284.png,-3.178541898727417,-6.314603805541992,296.3492126464844,-0.007011631969362497,-0.4240483343601227,-0.018063561990857124
000285.png,-3.425571918487549,-6.320980072021484,296.7828063964844,-0.00820976309478283,-0.4698305130004883,-0.017158273607492447
000286.png,-3.687333106994629,-6.328230857849121,297.1640930175781,-0.009623028337955475,-0.5177163481712341,-0.015827203169465065
000287.png,-3.9689579010009766,-6.332759857177734,297.5633850097656,-0.011722712777554989,-0.5673409104347229,-0.013691260479390621
000288.png,-4.268558979034424,-6.336991786956787,297.94390869140625,-0.01407430600374937,-0.6187657117843628,-0.012198112905025482
000289.png,-4.586320877075195,-6.339444160461426,298.2616882324219,-0.014107109978795052,-0.6714555025100708,-0.013324219733476639
000290.png,-4.922654151916504,-6.345183849334717,298.5997009277344,-0.015599570237100124,-0.7258480787277222,-0.011176650412380695
000291.png,-5.270322799682617,-6.347814083099365,298.869384765625,-0.020823901519179344,-0.782345175743103,-0.006336201913654804
000292.png,-5.635575771331787,-6.343982219696045,299.1672058105469,-0.031223345547914505,-0.8418030738830566,0.0028048609383404255
000293.png,-6.014392852783203,-6.339963912963867,299.4336853027344,-0.040114644914865494,-0.9038007259368896,0.010300877504050732
000294.png,-6.404390811920166,-6.332310199737549,299.60919189453125,-0.04407636076211929,-0.9669710397720337,0.011360866948962212
000295.png,-6.808874130249023,-6.331275939941406,299.80499267578125,-0.04135376587510109,-1.0297728776931763,0.0036958104465156794
000296.png,-7.216404914855957,-6.3260979652404785,299.97509765625,-0.038810066878795624,-1.092775583267212,-0.002089702757075429
000297.png,-7.620090961456299,-6.3156328201293945,300.0618896484375,-0.03957277908921242,-1.1559152603149414,-0.002545237308368087
000298.png,-8.027228355407715,-6.3045759201049805,300.18109130859375,-0.046062637120485306,-1.2181322574615479,0.0022996594198048115
000299.png,-8.436150550842285,-6.2923078536987305,300.2200012207031,-0.05880797281861305,-1.279768466949463,0.012142916209995747
000300.png,-8.849753379821777,-6.282887935638428,300.28729248046875,-0.07442323863506317,-1.341086506843567,0.024239331483840942
000301.png,-9.270289421081543,-6.271213054656982,300.3291015625,-0.10567736625671387,-1.4039530754089355,0.05260849744081497
000302.png,-9.69619369506836,-6.256955146789551,300.28399658203125,-0.1491958349943161,-1.4681462049484253,0.09279904514551163
000303.png,-10.1360502243042,-6.242546081542969,300.2712097167969,-0.374538779258728,-1.5315964221954346,0.3133229911327362
000304.png,-10.581290245056152,-6.22432279586792,300.22930908203125,-2.7397382259368896,-1.538710355758667,2.6722538471221924
000305.png,-11.031109809875488,-6.199525833129883,300.09698486328125,-3.0338797569274902,-1.4733692407608032,2.9599804878234863
000306.png,-11.487939834594727,-6.17829704284668,299.9941101074219,-3.0962114334106445,-1.4065455198287964,3.016120195388794
000307.png,-11.943180084228516,-6.150179862976074,299.7981872558594,-3.117682933807373,-1.3397351503372192,3.031595468521118
000308.png,-12.4028902053833,-6.123530864715576,299.6328125,-3.129026412963867,-1.27326238155365,3.038304090499878
000309.png,-12.859800338745117,-6.094783782958984,299.4338073730469,-3.136674165725708,-1.2080485820770264,3.043220281600952
000310.png,-13.31089973449707,-6.063773155212402,299.1429138183594,-3.1410601139068604,-1.143822193145752,3.0464720726013184
000311.png,-13.763400077819824,-6.028357982635498,298.87420654296875,3.137681484222412,-1.0818326473236084,3.050358295440674
000312.png,-14.212510108947754,-5.989761829376221,298.52191162109375,3.133833885192871,-1.0220460891723633,3.053405523300171
000313.png,-14.66310977935791,-5.950116157531738,298.18109130859375,3.1301307678222656,-0.9665033221244812,3.056079149246216
000314.png,-15.11616039276123,-5.913525104522705,297.8016052246094,3.1254775524139404,-0.9157220125198364,3.0586092472076416
000315.png,-15.569169998168945,-5.871992111206055,297.360107421875,3.124004602432251,-0.8674379587173462,3.0559287071228027
000316.png,-16.024259567260742,-5.830931186676025,296.91790771484375,3.1257002353668213,-0.817632257938385,3.0473504066467285
000317.png,-16.470640182495117,-5.783463954925537,296.40130615234375,3.1245131492614746,-0.7670009136199951,3.0417842864990234
000318.png,-16.903919219970703,-5.73773717880249,295.8765869140625,3.1222314834594727,-0.7180029153823853,3.040597915649414
000319.png,-17.322410583496094,-5.692386150360107,295.2843017578125,3.121136426925659,-0.6705538630485535,3.043882369995117
000320.png,-17.72917938232422,-5.645499229431152,294.68438720703125,3.123204231262207,-0.6248844861984253,3.0447704792022705
000321.png,-18.123430252075195,-5.596316814422607,294.04669189453125,3.1242403984069824,-0.5808588862419128,3.048480987548828
000322.png,-18.505340576171875,-5.550790786743164,293.349609375,3.126225709915161,-0.5380972623825073,3.049575090408325
000323.png,-18.87203025817871,-5.509383201599121,292.6361999511719,3.1235344409942627,-0.4964582920074463,3.052192211151123
000324.png,-19.213809967041016,-5.472939968109131,291.86248779296875,3.120725393295288,-0.4539776146411896,3.0561347007751465
000325.png,-19.53852081298828,-5.435496807098389,291.07940673828125,3.120091438293457,-0.4119594395160675,3.056429386138916
000326.png,-19.84547996520996,-5.397191047668457,290.2408142089844,3.1191675662994385,-0.3698199987411499,3.053943634033203
000327.png,-20.12921905517578,-5.364688873291016,289.3905029296875,3.118257999420166,-0.3282904028892517,3.049717426300049
000328.png,-20.381839752197266,-5.330467224121094,288.50469970703125,3.114485025405884,-0.2881552278995514,3.049402952194214
000329.png,-20.612510681152344,-5.296130180358887,287.56768798828125,3.1124446392059326,-0.24943406879901886,3.045931816101074
000330.png,-20.81155014038086,-5.265003204345703,286.62078857421875,3.109984874725342,-0.2118695229291916,3.0460267066955566
000331.png,-20.977380752563477,-5.231886863708496,285.6322021484375,3.112403631210327,-0.176570862531662,3.046292781829834
000332.png,-21.11659049987793,-5.198232173919678,284.62969970703125,3.1139075756073,-0.14269030094146729,3.0464932918548584
000333.png,-21.226909637451172,-5.169611930847168,283.5931091308594,3.112236261367798,-0.11071886122226715,3.0466268062591553
000334.png,-21.30702018737793,-5.143301010131836,282.5205078125,3.110604763031006,-0.0796678438782692,3.0476391315460205
000335.png,-21.35870933532715,-5.118237018585205,281.43121337890625,3.1098546981811523,-0.050583455711603165,3.048173427581787
000336.png,-21.38357925415039,-5.092068195343018,280.3111877441406,3.1096556186676025,-0.02385268174111843,3.0468907356262207
000337.png,-21.377239227294922,-5.068634033203125,279.1733093261719,3.106924057006836,0.001215982367284596,3.0494019985198975
000338.png,-21.34556007385254,-5.044246196746826,278.00750732421875,3.105036735534668,0.024689318612217903,3.0503623485565186
000339.png,-21.28976058959961,-5.0215301513671875,276.8294982910156,3.1047778129577637,0.04522734507918358,3.052314519882202
000340.png,-21.209239959716797,-5.0013580322265625,275.6387939453125,3.1066806316375732,0.06199009716510773,3.0565402507781982
000341.png,-21.11193084716797,-4.983244895935059,274.4313049316406,3.1075356006622314,0.07465305179357529,3.0612611770629883
000342.png,-21.00189971923828,-4.965435981750488,273.2074890136719,3.1059935092926025,0.08265770226716995,3.065707206726074
000343.png,-20.88616943359375,-4.946924209594727,271.9630126953125,3.104121685028076,0.0865895077586174,3.06901216506958
000344.png,-20.7768497467041,-4.927464962005615,270.7049865722656,3.105855941772461,0.0870223119854927,3.070953607559204
000345.png,-20.665910720825195,-4.906062126159668,269.4278869628906,3.1074106693267822,0.08512648195028305,3.0733206272125244
000346.png,-20.555219650268555,-4.883411884307861,268.135986328125,3.1066324710845947,0.08269064873456955,3.0739684104919434
000347.png,-20.447589874267578,-4.861751079559326,266.8305969238281,3.1057796478271484,0.08009718358516693,3.0750622749328613
000348.png,-20.34585952758789,-4.8385162353515625,265.50970458984375,3.1052749156951904,0.07625292241573334,3.0755789279937744
000349.png,-20.249670028686523,-4.817702770233154,264.1794128417969,3.1038920879364014,0.07104524224996567,3.077296257019043
000350.png,-20.156280517578125,-4.799526214599609,262.8481140136719,3.101839303970337,0.06535422056913376,3.077925682067871
000351.png,-20.070850372314453,-4.7802839279174805,261.5173034667969,3.100336790084839,0.060054369270801544,3.078660726547241
000352.png,-19.993270874023438,-4.760490894317627,260.190185546875,3.100158452987671,0.055064454674720764,3.0791008472442627
000353.png,-19.921300888061523,-4.738614082336426,258.84991455078125,3.1010870933532715,0.0499391183257103,3.0803821086883545
000354.png,-19.855300903320312,-4.717988014221191,257.51129150390625,3.1020328998565674,0.0445123091340065,3.082230567932129
000355.png,-19.796749114990234,-4.696286201477051,256.1701965332031,3.102902412414551,0.03907814621925354,3.083116054534912
000356.png,-19.74591064453125,-4.6736741065979,254.8238983154297,3.1005187034606934,0.033772774040699005,3.083839178085327
000357.png,-19.703439712524414,-4.648387908935547,253.47459411621094,3.097391128540039,0.02889821119606495,3.083479404449463
000358.png,-19.668170928955078,-4.6186418533325195,252.12319946289062,3.0975022315979004,0.02435631863772869,3.0828137397766113
000359.png,-19.639339447021484,-4.586764812469482,250.77310180664062,3.0983002185821533,0.02059369534254074,3.0817408561706543
000360.png,-19.613679885864258,-4.55641508102417,249.41619873046875,3.098944902420044,0.017566051334142685,3.081617832183838
000361.png,-19.590290069580078,-4.529158115386963,248.0644073486328,3.1023459434509277,0.014975198544561863,3.0814881324768066
000362.png,-19.56928062438965,-4.501373767852783,246.70599365234375,3.104933023452759,0.012620965018868446,3.0818569660186768
000363.png,-19.551340103149414,-4.47384786605835,245.33819580078125,3.102717161178589,0.010270530357956886,3.0829920768737793
000364.png,-19.538000106811523,-4.445003032684326,243.9698028564453,3.1004016399383545,0.00830391701310873,3.0819525718688965
000365.png,-19.526660919189453,-4.411334991455078,242.595703125,3.1007189750671387,0.007428269367665052,3.08182692527771
000366.png,-19.513830184936523,-4.378260135650635,241.22239685058594,3.100336790084839,0.0072233472019433975,3.080589532852173
000367.png,-19.5031795501709,-4.34609317779541,239.8385009765625,3.100318670272827,0.007447540294378996,3.080317974090576
000368.png,-19.493249893188477,-4.316996097564697,238.45770263671875,3.101801633834839,0.00782734528183937,3.0785186290740967
000369.png,-19.480989456176758,-4.2864460945129395,237.0731964111328,3.103583812713623,0.008608533069491386,3.077117681503296
000370.png,-19.4666805267334,-4.255712985992432,235.68389892578125,3.103025197982788,0.009624105878174305,3.0755093097686768
000371.png,-19.45013999938965,-4.223797798156738,234.29110717773438,3.0995492935180664,0.010399158112704754,3.0750367641448975
000372.png,-19.430400848388672,-4.186692237854004,232.89280700683594,3.0986757278442383,0.011540495790541172,3.0761401653289795
000373.png,-19.406600952148438,-4.152924060821533,231.49220275878906,3.097959041595459,0.012377205304801464,3.077392339706421
000374.png,-19.381290435791016,-4.1211419105529785,230.09140014648438,3.0982532501220703,0.013187182135879993,3.079180955886841
000375.png,-19.35555076599121,-4.09135103225708,228.6876983642578,3.098768711090088,0.01380762830376625,3.0807478427886963
000376.png,-19.332380294799805,-4.06108283996582,227.283203125,3.100013494491577,0.01406459417194128,3.0804545879364014
000377.png,-19.30936050415039,-4.0312018394470215,225.8708953857422,3.1018435955047607,0.014306527562439442,3.080533504486084
000378.png,-19.288209915161133,-4.003413200378418,224.4541015625,3.101210594177246,0.014333471655845642,3.0794286727905273
000379.png,-19.265260696411133,-3.975161075592041,223.03390502929688,3.100212335586548,0.014651923440396786,3.079637289047241
000380.png,-19.24098014831543,-3.9455630779266357,221.610595703125,3.0994203090667725,0.014750733971595764,3.0794832706451416
000381.png,-19.21489906311035,-3.915755033493042,220.18629455566406,3.0986692905426025,0.014787618070840836,3.0805816650390625
000382.png,-19.19066047668457,-3.8845369815826416,218.75650024414062,3.098504066467285,0.014549113810062408,3.0797646045684814
000383.png,-19.16473960876465,-3.8519129753112793,217.3282012939453,3.1001968383789062,0.014758704230189323,3.080327272415161
000384.png,-19.14051055908203,-3.8166921138763428,215.89149475097656,3.0990684032440186,0.014768886379897594,3.0786566734313965
000385.png,-19.114919662475586,-3.7838189601898193,214.45230102539062,3.097459077835083,0.014712939970195293,3.0782904624938965
000386.png,-19.08395004272461,-3.7445390224456787,213.01089477539062,3.0980334281921387,0.014736724086105824,3.0779988765716553
000387.png,-19.053199768066406,-3.7066709995269775,211.57029724121094,3.1007192134857178,0.014831063337624073,3.077474355697632
000388.png,-19.022079467773438,-3.670203924179077,210.12350463867188,3.1011316776275635,0.01471169013530016,3.0772945880889893
000389.png,-18.990379333496094,-3.6341750621795654,208.6721954345703,3.0999348163604736,0.014773567207157612,3.077944040298462
000390.png,-18.9602108001709,-3.5967469215393066,207.21859741210938,3.102071523666382,0.014837904833257198,3.077728033065796
000391.png,-18.927860260009766,-3.5591530799865723,205.75819396972656,3.101003885269165,0.01499838288873434,3.078641414642334
000392.png,-18.89613914489746,-3.5247879028320312,204.2947998046875,3.098442554473877,0.014698630198836327,3.0797996520996094
000393.png,-18.86475944519043,-3.4876370429992676,202.83180236816406,3.0987677574157715,0.014657935127615929,3.080091714859009
000394.png,-18.837120056152344,-3.4530389308929443,201.36839294433594,3.0988597869873047,0.014687888324260712,3.0790932178497314
000395.png,-18.809040069580078,-3.419171094894409,199.9091033935547,3.0998880863189697,0.01478383969515562,3.0787107944488525
000396.png,-18.78080940246582,-3.3847830295562744,198.44039916992188,3.097768545150757,0.014274273067712784,3.0781772136688232
000397.png,-18.751930236816406,-3.350644111633301,196.9761962890625,3.0950183868408203,0.013439224101603031,3.078843355178833
000398.png,-18.723569869995117,-3.313854932785034,195.5153045654297,3.0946648120880127,0.012425670400261879,3.079965591430664
000399.png,-18.697179794311523,-3.2764360904693604,194.05560302734375,3.0948803424835205,0.011357373557984829,3.080697536468506
000400.png,-18.67123031616211,-3.2415130138397217,192.60009765625,3.0943291187286377,0.010559016838669777,3.0818874835968018
000401.png,-18.648029327392578,-3.205048084259033,191.14410400390625,3.0948336124420166,0.009533938020467758,3.0817723274230957
000402.png,-18.628490447998047,-3.1706221103668213,189.69149780273438,3.0959854125976562,0.008719389326870441,3.080852746963501
000403.png,-18.610370635986328,-3.138274908065796,188.24290466308594,3.096296548843384,0.008136593736708164,3.0802016258239746
000404.png,-18.5941104888916,-3.1077029705047607,186.79449462890625,3.095629930496216,0.007624318357557058,3.080348491668701
000405.png,-18.576860427856445,-3.075839042663574,185.3524932861328,3.0963213443756104,0.00683250417932868,3.0805130004882812
000406.png,-18.560470581054688,-3.044235944747925,183.9084930419922,3.0953433513641357,0.006230646278709173,3.0807526111602783
000407.png,-18.54599952697754,-3.0111310482025146,182.4687042236328,3.09375262260437,0.005481003317981958,3.0810368061065674
000408.png,-18.53339958190918,-2.977267026901245,181.03160095214844,3.0929603576660156,0.00429744366556406,3.081010341644287
000409.png,-18.523149490356445,-2.942176103591919,179.6009979248047,3.0945427417755127,0.00236397422850132,3.0811915397644043
000410.png,-18.515239715576172,-2.9082889556884766,178.17529296875,3.0955209732055664,0.0004780511371791363,3.081576108932495
000411.png,-18.510719299316406,-2.873542070388794,176.75070190429688,3.09405517578125,-0.0016499486519023776,3.0810348987579346
000412.png,-18.510250091552734,-2.838653087615967,175.33729553222656,3.092200994491577,-0.003702441230416298,3.080264091491699
000413.png,-18.513259887695312,-2.803212881088257,173.92959594726562,3.0932376384735107,-0.005857280921190977,3.079263210296631
000414.png,-18.51828956604004,-2.769551992416382,172.53750610351562,3.093292474746704,-0.00784921646118164,3.0792107582092285
000415.png,-18.526710510253906,-2.736025094985962,171.1562042236328,3.091776132583618,-0.009962490759789944,3.0790810585021973
000416.png,-18.537099838256836,-2.701364040374756,169.79190063476562,3.090346097946167,-0.012128337286412716,3.0791079998016357
000417.png,-18.55168914794922,-2.666949987411499,168.4470977783203,3.089071273803711,-0.01436647493392229,3.0784153938293457
000418.png,-18.568099975585938,-2.6335270404815674,167.12649536132812,3.0900189876556396,-0.016033217310905457,3.078244209289551
000419.png,-18.587039947509766,-2.5992369651794434,165.82179260253906,3.0899784564971924,-0.01771329529583454,3.0773870944976807
000420.png,-18.605030059814453,-2.5658769607543945,164.53900146484375,3.0869810581207275,-0.018887721002101898,3.0783298015594482
000421.png,-18.62541961669922,-2.533595085144043,163.27920532226562,3.086979866027832,-0.01943560317158699,3.0779290199279785
000422.png,-18.644439697265625,-2.5028040409088135,162.04710388183594,3.0889103412628174,-0.01935046724975109,3.0782389640808105
000423.png,-18.662109375,-2.4738519191741943,160.83709716796875,3.0895674228668213,-0.01917186565697193,3.0789589881896973
000424.png,-18.682069778442383,-2.4475860595703125,159.6531982421875,3.089323043823242,-0.019004253670573235,3.0780036449432373
000425.png,-18.700429916381836,-2.4222168922424316,158.49290466308594,3.089406728744507,-0.018774041905999184,3.077899694442749
000426.png,-18.71714973449707,-2.3968570232391357,157.35980224609375,3.0884053707122803,-0.018359342589974403,3.0783233642578125
000427.png,-18.733440399169922,-2.370798110961914,156.25030517578125,3.086601972579956,-0.017790598794817924,3.07784366607666
000428.png,-18.748920440673828,-2.3473730087280273,155.1688995361328,3.085563898086548,-0.017303593456745148,3.0784494876861572
000429.png,-18.762310028076172,-2.3226470947265625,154.11729431152344,3.086386203765869,-0.016761373728513718,3.079617738723755
000430.png,-18.77790069580078,-2.29742693901062,153.08810424804688,3.087454080581665,-0.016348838806152344,3.078984260559082
000431.png,-18.792390823364258,-2.274461030960083,152.08729553222656,3.088456392288208,-0.015674421563744545,3.078575372695923
000432.png,-18.804370880126953,-2.252345085144043,151.11109924316406,3.0883214473724365,-0.015173152089118958,3.0794785022735596
000433.png,-18.81641960144043,-2.230220079421997,150.16209411621094,3.0872600078582764,-0.014768707565963268,3.0786757469177246
000434.png,-18.82737922668457,-2.2099380493164062,149.2397003173828,3.086627721786499,-0.014269313775002956,3.0789012908935547
000435.png,-18.83765983581543,-2.1877529621124268,148.33929443359375,3.0864109992980957,-0.013927229680120945,3.078579902648926
000436.png,-18.8475399017334,-2.1648008823394775,147.46119689941406,3.086080551147461,-0.013243327848613262,3.0783023834228516
000437.png,-18.854759216308594,-2.144196033477783,146.59890747070312,3.0864813327789307,-0.012519546784460545,3.0797278881073
000438.png,-18.862789154052734,-2.1235110759735107,145.75379943847656,3.0888376235961914,-0.012140688486397266,3.0787322521209717
000439.png,-18.873760223388672,-2.1008739471435547,144.92230224609375,3.091101884841919,-0.011953754350543022,3.0757436752319336
000440.png,-18.882389068603516,-2.078341007232666,144.10369873046875,3.0921013355255127,-0.011524035595357418,3.0743255615234375
000441.png,-18.88627052307129,-2.0594120025634766,143.30239868164062,3.0917627811431885,-0.011579418554902077,3.075486898422241
000442.png,-18.891950607299805,-2.0421130657196045,142.51980590820312,3.0921437740325928,-0.011283839121460915,3.075258731842041
000443.png,-18.901260375976562,-2.0229899883270264,141.752197265625,3.094003438949585,-0.011110108345746994,3.073030710220337
000444.png,-18.908720016479492,-2.0051209926605225,140.99290466308594,3.094653844833374,-0.011145970784127712,3.0724539756774902
000445.png,-18.913480758666992,-1.9894030094146729,140.24220275878906,3.094003200531006,-0.01155746728181839,3.0727908611297607
000446.png,-18.919450759887695,-1.9745620489120483,139.49940490722656,3.0930917263031006,-0.012182231061160564,3.0727574825286865
000447.png,-18.926769256591797,-1.9605339765548706,138.76539611816406,3.093608856201172,-0.012724173255264759,3.072023630142212
000448.png,-18.935110092163086,-1.9443739652633667,138.04400634765625,3.0945823192596436,-0.013248256407678127,3.070687770843506
000449.png,-18.944379806518555,-1.9281580448150635,137.32980346679688,3.095665454864502,-0.013659154996275902,3.0695319175720215
000450.png,-18.954639434814453,-1.914991021156311,136.62139892578125,3.0977227687835693,-0.013781435787677765,3.0680792331695557
000451.png,-18.964309692382812,-1.9053250551223755,135.91700744628906,3.0999536514282227,-0.014076253399252892,3.067599296569824
000452.png,-18.97372055053711,-1.895274043083191,135.21609497070312,3.102243185043335,-0.014719071798026562,3.0665621757507324
000453.png,-18.979110717773438,-1.8813469409942627,134.51690673828125,3.1044294834136963,-0.015103093348443508,3.068082094192505
000454.png,-18.983110427856445,-1.8679200410842896,133.8197021484375,3.1058692932128906,-0.015535504557192326,3.069912910461426
000455.png,-18.990970611572266,-1.8548610210418701,133.12379455566406,3.1047239303588867,-0.016010453924536705,3.069010019302368
000456.png,-19.003889083862305,-1.839020013809204,132.42860412597656,3.1019608974456787,-0.016440268605947495,3.065826416015625
000457.png,-19.00819969177246,-1.8290690183639526,131.74020385742188,3.1020588874816895,-0.016742413863539696,3.069549560546875
000458.png,-19.00737953186035,-1.8235559463500977,131.05990600585938,3.1041462421417236,-0.016979586333036423,3.075411796569824
000459.png,-19.011690139770508,-1.8134870529174805,130.3773956298828,3.108582019805908,-0.016521940007805824,3.078130006790161
000460.png,-19.026559829711914,-1.7999969720840454,129.69259643554688,3.1169216632843018,-0.016099736094474792,3.074122428894043
000461.png,-19.029760360717773,-1.7904059886932373,128.9951934814453,3.11875581741333,-0.015973087400197983,3.0779829025268555
000462.png,-19.029680252075195,-1.783236026763916,128.2866973876953,3.116447925567627,-0.015253771096467972,3.0830602645874023
000463.png,-19.032909393310547,-1.773597002029419,127.56390380859375,3.1131062507629395,-0.014516979455947876,3.0858964920043945
000464.png,-19.036890029907227,-1.762349009513855,126.83170318603516,3.110112428665161,-0.012923910282552242,3.087606906890869
000465.png,-19.040929794311523,-1.7517420053482056,126.09040069580078,3.1088387966156006,-0.011029903776943684,3.0876407623291016
000466.png,-19.043100357055664,-1.7395490407943726,125.3386001586914,3.109567403793335,-0.008106383495032787,3.0877487659454346
000467.png,-19.040599822998047,-1.7218830585479736,124.57540130615234,3.1115686893463135,-0.004456334747374058,3.088535785675049
000468.png,-19.033979415893555,-1.7049640417099,123.79280090332031,3.111403226852417,-0.0013677884126082063,3.0904462337493896
000469.png,-19.026090621948242,-1.6891130208969116,122.99109649658203,3.1080429553985596,0.0019290873315185308,3.0917091369628906
000470.png,-19.017370223999023,-1.6716079711914062,122.17240142822266,3.1030402183532715,0.005317602306604385,3.0915040969848633
000471.png,-19.00787925720215,-1.651373028755188,121.33719635009766,3.1002159118652344,0.008546880446374416,3.0897841453552246
000472.png,-18.99551010131836,-1.6304630041122437,120.48889923095703,3.099531888961792,0.012205152772367,3.0882773399353027
000473.png,-18.98110008239746,-1.6068309545516968,119.62229919433594,3.1008362770080566,0.015903759747743607,3.0864038467407227
000474.png,-18.962360382080078,-1.5838630199432373,118.74040222167969,3.103285551071167,0.020060984417796135,3.084902048110962
000475.png,-18.940889358520508,-1.5623600482940674,117.84100341796875,3.1042320728302,0.023870067670941353,3.082643508911133
000476.png,-18.912490844726562,-1.5394419431686401,116.9208984375,3.1038095951080322,0.02791207656264305,3.0813395977020264
000477.png,-18.88163948059082,-1.5185799598693848,115.98429870605469,3.1015524864196777,0.0317523255944252,3.079737424850464
000478.png,-18.845659255981445,-1.4957400560379028,115.02760314941406,3.0991005897521973,0.03602346405386925,3.0782573223114014
000479.png,-18.80738067626953,-1.4726910591125488,114.05729675292969,3.099137783050537,0.04003223031759262,3.0751230716705322
000480.png,-18.762609481811523,-1.449607014656067,113.07209777832031,3.100970983505249,0.044508837163448334,3.073497772216797
000481.png,-18.710960388183594,-1.4258190393447876,112.07050323486328,3.104189157485962,0.0486854687333107,3.0723273754119873
000482.png,-18.65467071533203,-1.40277898311615,111.05010223388672,3.1056394577026367,0.05260650813579559,3.0714263916015625
000483.png,-18.592729568481445,-1.3820890188217163,110.0103988647461,3.105391263961792,0.055459409952163696,3.0714304447174072
000484.png,-18.526649475097656,-1.3625880479812622,108.95469665527344,3.105672836303711,0.05734013020992279,3.0712499618530273
000485.png,-18.458450317382812,-1.3433459997177124,107.88469696044922,3.1081573963165283,0.05835437402129173,3.0722875595092773
000486.png,-18.389739990234375,-1.3260899782180786,106.79650115966797,3.1112136840820312,0.05879538506269455,3.072876214981079
000487.png,-18.32377052307129,-1.3075549602508545,105.69290161132812,3.1143181324005127,0.05869905278086662,3.0709424018859863
000488.png,-18.256759643554688,-1.28813898563385,104.56220245361328,3.111175298690796,0.05797884985804558,3.069384813308716
000489.png,-18.1872501373291,-1.2690540552139282,103.41110229492188,3.104543924331665,0.057451166212558746,3.069632053375244
000490.png,-18.11737060546875,-1.2447309494018555,102.24639892578125,3.1022233963012695,0.05695244297385216,3.0689897537231445
000491.png,-18.045040130615234,-1.2199759483337402,101.0739974975586,3.104627847671509,0.056620560586452484,3.069988489151001
000492.png,-17.972000122070312,-1.1956629753112793,99.88170623779297,3.1064157485961914,0.05590676888823509,3.0709280967712402
000493.png,-17.897560119628906,-1.1728860139846802,98.6717529296875,3.105931282043457,0.05538574233651161,3.0723154544830322
000494.png,-17.825029373168945,-1.1512219905853271,97.44779968261719,3.1065964698791504,0.05512737110257149,3.072427272796631
000495.png,-17.753740310668945,-1.1267950534820557,96.20854949951172,3.107463836669922,0.054453685879707336,3.071614980697632
000496.png,-17.6842098236084,-1.102524995803833,94.95275115966797,3.1044960021972656,0.05315905436873436,3.0712509155273438
000497.png,-17.612699508666992,-1.0774919986724854,93.677490234375,3.1020171642303467,0.05145209655165672,3.072444438934326
000498.png,-17.543659210205078,-1.0499720573425293,92.39322662353516,3.1041793823242188,0.04965959116816521,3.0731091499328613
000499.png,-17.477100372314453,-1.0222580432891846,91.09027862548828,3.1042375564575195,0.0472366139292717,3.0739095211029053
000500.png,-17.409990310668945,-0.9990056157112122,89.77477264404297,3.1049306392669678,0.04475584998726845,3.077151298522949
000501.png,-17.350650787353516,-0.9753403067588806,88.45413208007812,3.114729404449463,0.041993848979473114,3.075234889984131
000502.png,-17.2933406829834,-0.9584783911705017,87.1097412109375,3.11909818649292,0.039476942270994186,3.0754234790802
000503.png,-17.239749908447266,-0.944054901599884,85.73751068115234,3.1110944747924805,0.036458197981119156,3.0752744674682617
000504.png,-17.188339233398438,-0.9218292236328125,84.3517074584961,3.1044323444366455,0.03360550478100777,3.0758519172668457
000505.png,-17.138469696044922,-0.8925920724868774,82.95642852783203,3.1038994789123535,0.0309583880007267,3.076820135116577
000506.png,-17.090869903564453,-0.8621183037757874,81.55322265625,3.1059622764587402,0.02863568253815174,3.0778188705444336
000507.png,-17.048280715942383,-0.8330613970756531,80.12645721435547,3.1069719791412354,0.02632092870771885,3.077927350997925
000508.png,-17.00912094116211,-0.8053783774375916,78.68382263183594,3.1065056324005127,0.024181805551052094,3.0771026611328125
000509.png,-16.97361946105957,-0.7771294713020325,77.227783203125,3.1063637733459473,0.022213786840438843,3.0754454135894775
000510.png,-16.938899993896484,-0.7478601932525635,75.75752258300781,3.1047773361206055,0.02021610736846924,3.0751821994781494
000511.png,-16.905380249023438,-0.718759298324585,74.28434753417969,3.102482795715332,0.017923729494214058,3.0759358406066895
000512.png,-16.873640060424805,-0.688618004322052,72.80870819091797,3.0996217727661133,0.01576206274330616,3.077227830886841
000513.png,-16.84486961364746,-0.6588975191116333,71.33451843261719,3.0961966514587402,0.013652123510837555,3.0783519744873047
000514.png,-16.82111930847168,-0.6266962289810181,69.86186981201172,3.0952494144439697,0.01185606885701418,3.0778205394744873
000515.png,-16.79850959777832,-0.5936207175254822,68.39401245117188,3.096532106399536,0.010573727078735828,3.077822208404541
000516.png,-16.7791690826416,-0.5617780089378357,66.92462158203125,3.097454309463501,0.00933928694576025,3.0772857666015625
000517.png,-16.760189056396484,-0.5300472974777222,65.4569320678711,3.0972137451171875,0.00836772657930851,3.077268362045288
000518.png,-16.741270065307617,-0.4983232915401459,63.98722839355469,3.09635853767395,0.007668525446206331,3.078247308731079
000519.png,-16.723739624023438,-0.46623921394348145,62.52254104614258,3.0967485904693604,0.00704081729054451,3.0784902572631836
000520.png,-16.707380294799805,-0.4342215955257416,61.05928039550781,3.099457025527954,0.006490166299045086,3.0783300399780273
000521.png,-16.692609786987305,-0.4028967022895813,59.5885009765625,3.098508358001709,0.0060524665750563145,3.0775139331817627
000522.png,-16.67728042602539,-0.36966609954833984,58.1185302734375,3.0941638946533203,0.00581770995631814,3.07706618309021
000523.png,-16.660669326782227,-0.3318749964237213,56.6510009765625,3.091217279434204,0.005862133577466011,3.076810836791992
000524.png,-16.64289093017578,-0.2928006052970886,55.18854904174805,3.0917792320251465,0.006599974352866411,3.0772030353546143
000525.png,-16.622859954833984,-0.25534990429878235,53.735191345214844,3.0953962802886963,0.007701973430812359,3.0769314765930176
000526.png,-16.600879669189453,-0.22387759387493134,52.27703857421875,3.0988636016845703,0.008728671818971634,3.0780694484710693
000527.png,-16.577770233154297,-0.19508780539035797,50.82073974609375,3.09962797164917,0.009505572728812695,3.0782296657562256
000528.png,-16.554460525512695,-0.16675369441509247,49.36682891845703,3.0980851650238037,0.010151984170079231,3.0789356231689453
000529.png,-16.531539916992188,-0.13611890375614166,47.911380767822266,3.0953166484832764,0.010696684010326862,3.0777359008789062
000530.png,-16.50589942932129,-0.10186610370874405,46.46110916137695,3.0918538570404053,0.01130066066980362,3.0782954692840576
000531.png,-16.47825050354004,-0.06682977080345154,45.01382064819336,3.0917608737945557,0.011651573702692986,3.0798685550689697
000532.png,-16.451709747314453,-0.03390796110033989,43.57572937011719,3.096329689025879,0.011763260699808598,3.0799975395202637
000533.png,-16.425350189208984,-0.004286154173314571,42.136959075927734,3.099764585494995,0.011460990644991398,3.080235481262207
000534.png,-16.401830673217773,0.022672750055789948,40.69789123535156,3.0992259979248047,0.010939419269561768,3.079594850540161
000535.png,-16.380029678344727,0.05139879882335663,39.26176834106445,3.096238613128662,0.010501612909138203,3.0783700942993164
000536.png,-16.35679054260254,0.08060552179813385,37.8248291015625,3.094792604446411,0.010084230452775955,3.0788755416870117
000537.png,-16.33245086669922,0.11182539910078049,36.3968391418457,3.0962727069854736,0.009543036110699177,3.0801138877868652
000538.png,-16.307580947875977,0.14140939712524414,34.97003173828125,3.096949815750122,0.00904909335076809,3.0819687843322754
000539.png,-16.284740447998047,0.17068229615688324,33.544410705566406,3.097717761993408,0.008530349470674992,3.0828702449798584
000540.png,-16.263999938964844,0.19987130165100098,32.12471008300781,3.098761558532715,0.008237816393375397,3.0820772647857666
000541.png,-16.24608039855957,0.2279987931251526,30.70783042907715,3.0989277362823486,0.008031661622226238,3.0802199840545654
000542.png,-16.229869842529297,0.25728100538253784,29.284740447998047,3.0974464416503906,0.007818346843123436,3.0776920318603516
000543.png,-16.21276092529297,0.286007285118103,27.867599487304688,3.0964879989624023,0.007699675392359495,3.0771520137786865
000544.png,-16.19487953186035,0.3156600892543793,26.45737075805664,3.0978176593780518,0.007699303328990936,3.0771472454071045
000545.png,-16.174819946289062,0.3455316126346588,25.0501708984375,3.0978944301605225,0.007421539630740881,3.0787651538848877
000546.png,-16.153629302978516,0.374358594417572,23.646099090576172,3.09779953956604,0.007074687629938126,3.0807759761810303
000547.png,-16.134069442749023,0.40413761138916016,22.248390197753906,3.09798526763916,0.006805991753935814,3.0817477703094482
000548.png,-16.116230010986328,0.43236538767814636,20.856590270996094,3.0966556072235107,0.00660111615434289,3.0819437503814697
000549.png,-16.100439071655273,0.4615578055381775,19.472549438476562,3.096281051635742,0.006403701845556498,3.081096887588501
000550.png,-16.086580276489258,0.49267810583114624,18.088430404663086,3.095618724822998,0.006124237552285194,3.0797595977783203
000551.png,-16.072580337524414,0.5236603021621704,16.708419799804688,3.094492197036743,0.006042076740413904,3.0794122219085693
000552.png,-16.057300567626953,0.553933322429657,15.332989692687988,3.0969765186309814,0.0057822465896606445,3.079754590988159
000553.png,-16.040390014648438,0.5822458267211914,13.962300300598145,3.1014773845672607,0.005481733474880457,3.0819358825683594
000554.png,-16.019559860229492,0.6052058935165405,12.595009803771973,3.1035866737365723,0.005535902455449104,3.085981607437134
000555.png,-15.999870300292969,0.6277812719345093,11.22152042388916,3.101848840713501,0.0057631260715425014,3.0892341136932373
000556.png,-15.981840133666992,0.6536359786987305,9.852997779846191,3.098864793777466,0.005983968731015921,3.0902762413024902
000557.png,-15.967530250549316,0.6821975708007812,8.487381935119629,3.0973453521728516,0.005914028268307447,3.0890445709228516
000558.png,-15.957639694213867,0.7126678824424744,7.122797012329102,3.094696283340454,0.006051055621355772,3.0848426818847656
000559.png,-15.949560165405273,0.7443264722824097,5.763789176940918,3.093130111694336,0.006110224407166243,3.080167055130005
000560.png,-15.938770294189453,0.778721272945404,4.400318145751953,3.0939550399780273,0.006111775990575552,3.0776779651641846
000561.png,-15.92590045928955,0.8125998973846436,3.0389180183410645,3.096127510070801,0.006311074830591679,3.0762951374053955
000562.png,-15.9091796875,0.8446651101112366,1.67609703540802,3.0988521575927734,0.006123676896095276,3.076977252960205
000563.png,-15.889630317687988,0.8754178285598755,0.30894389748573303,3.0994303226470947,0.0058843824081122875,3.079179525375366
000564.png,-15.871210098266602,0.9045038223266602,-1.0631719827651978,3.098996877670288,0.005694986786693335,3.080899715423584
000565.png,-15.85396957397461,0.9332547783851624,-2.436522960662842,3.0993852615356445,0.005471368785947561,3.0816903114318848
000566.png,-15.838430404663086,0.960123598575592,-3.8135950565338135,3.101245403289795,0.0053986841812729836,3.0815091133117676
000567.png,-15.823200225830078,0.9870964884757996,-5.192326068878174,3.1017394065856934,0.005291075445711613,3.0820014476776123
000568.png,-15.808250427246094,1.0140880346298218,-6.576469898223877,3.1010777950286865,0.005230454728007317,3.0821826457977295
000569.png,-15.791230201721191,1.0419559478759766,-7.966033935546875,3.1014792919158936,0.005171479657292366,3.083469867706299
000570.png,-15.773900032043457,1.0707249641418457,-9.357138633728027,3.1013758182525635,0.004757008980959654,3.085430383682251
000571.png,-15.755860328674316,1.1005899906158447,-10.755220413208008,3.0986034870147705,0.004542684648185968,3.0878889560699463
000572.png,-15.738519668579102,1.1296709775924683,-12.149930000305176,3.0984139442443848,0.004315704107284546,3.0895962715148926
000573.png,-15.722330093383789,1.1599220037460327,-13.547459602355957,3.1016860008239746,0.004018432926386595,3.090073347091675
000574.png,-15.705769538879395,1.188722014427185,-14.951029777526855,3.1026790142059326,0.004127201624214649,3.0912771224975586
000575.png,-15.690899848937988,1.214563012123108,-16.359140396118164,3.1014935970306396,0.00445121806114912,3.091477632522583
000576.png,-15.675189971923828,1.2389039993286133,-17.76435089111328,3.103564739227295,0.00463310070335865,3.092651605606079
000577.png,-15.659469604492188,1.258378028869629,-19.17350959777832,3.107417106628418,0.004941802006214857,3.0936646461486816
000578.png,-15.643529891967773,1.279114007949829,-20.584150314331055,3.1082890033721924,0.005190158262848854,3.094226837158203
000579.png,-15.629859924316406,1.2982059717178345,-22.003929138183594,3.106083631515503,0.005409548059105873,3.0934317111968994
000580.png,-15.617819786071777,1.3201340436935425,-23.42439079284668,3.1053779125213623,0.00583123741671443,3.0905213356018066
000581.png,-15.606010437011719,1.3424750566482544,-24.84503936767578,3.106142520904541,0.006344492547214031,3.088643789291382
000582.png,-15.590270042419434,1.3625320196151733,-26.26782989501953,3.105828046798706,0.006761901546269655,3.0890941619873047
000583.png,-15.573309898376465,1.381667971611023,-27.68798065185547,3.107856273651123,0.0067518847063183784,3.089611291885376
000584.png,-15.554010391235352,1.401278018951416,-29.115360260009766,3.10746431350708,0.006860869005322456,3.0907130241394043
000585.png,-15.536760330200195,1.4238439798355103,-30.54783058166504,3.1030502319335938,0.007317722775042057,3.091116189956665
000586.png,-15.521400451660156,1.4505959749221802,-31.97308921813965,3.1024224758148193,0.007836952805519104,3.088721513748169
000587.png,-15.507719993591309,1.4744869470596313,-33.3961296081543,3.1038801670074463,0.008706731721758842,3.0859601497650146
000588.png,-15.493260383605957,1.4969090223312378,-34.81998825073242,3.103341817855835,0.009321058169007301,3.0839922428131104
000589.png,-15.476619720458984,1.5196349620819092,-36.24448013305664,3.101994037628174,0.009600083343684673,3.082622528076172
000590.png,-15.460880279541016,1.5427570343017578,-37.66558074951172,3.1017112731933594,0.009735995903611183,3.0806312561035156
000591.png,-15.444100379943848,1.5668489933013916,-39.08216857910156,3.101250410079956,0.009985354728996754,3.078392267227173
000592.png,-15.426679611206055,1.5937130451202393,-40.49900817871094,3.099719524383545,0.0102551793679595,3.076580047607422
000593.png,-15.409270286560059,1.6211459636688232,-41.91387939453125,3.0987229347229004,0.010262089781463146,3.074706554412842
000594.png,-15.392450332641602,1.6473430395126343,-43.32258987426758,3.101923704147339,0.010340954177081585,3.072434186935425
000595.png,-15.375229835510254,1.6701849699020386,-44.72465133666992,3.1070826053619385,0.01073127519339323,3.0700483322143555
000596.png,-15.356989860534668,1.6897799968719482,-46.130409240722656,3.107956886291504,0.010924027301371098,3.0694494247436523
000597.png,-15.33782958984375,1.7102570533752441,-47.53794860839844,3.1050660610198975,0.010900666005909443,3.0692551136016846
000598.png,-15.317099571228027,1.7336369752883911,-48.9439811706543,3.1042277812957764,0.010885234922170639,3.0696637630462646
000599.png,-15.297149658203125,1.7577780485153198,-50.34659957885742,3.105119228363037,0.010755687020719051,3.070096492767334
000600.png,-15.276960372924805,1.7832800149917603,-51.74850082397461,3.105523109436035,0.01080435048788786,3.0699126720428467
000601.png,-15.256759643554688,1.808696985244751,-53.1527214050293,3.103933095932007,0.010711564682424068,3.0705857276916504
000602.png,-15.237489700317383,1.8339869976043701,-54.54793930053711,3.1061999797821045,0.010111432522535324,3.070075750350952
000603.png,-15.2177095413208,1.8596420288085938,-55.949501037597656,3.1073246002197266,0.009337158873677254,3.0710971355438232
000604.png,-15.19944953918457,1.8830209970474243,-57.35211944580078,3.106090784072876,0.008206434547901154,3.071337938308716
000605.png,-15.184100151062012,1.9058879613876343,-58.75141143798828,3.1059772968292236,0.007452432531863451,3.07047438621521
000606.png,-15.170080184936523,1.92780601978302,-60.15068817138672,3.107496738433838,0.0065711140632629395,3.0695159435272217
000607.png,-15.156970024108887,1.9491980075836182,-61.54935836791992,3.1077117919921875,0.005841521080583334,3.0698740482330322
000608.png,-15.14225959777832,1.969588041305542,-62.95148849487305,3.106679916381836,0.004977146629244089,3.0704917907714844
000609.png,-15.128009796142578,1.9899499416351318,-64.35076141357422,3.1062262058258057,0.00412767706438899,3.071246385574341
000610.png,-15.113380432128906,2.0102999210357666,-65.75074005126953,3.1058669090270996,0.0033782804384827614,3.0724334716796875
000611.png,-15.10120964050293,2.031550884246826,-67.14653015136719,3.1058242321014404,0.002710382454097271,3.072474241256714
000612.png,-15.091409683227539,2.0524370670318604,-68.53878021240234,3.1057333946228027,0.002327921101823449,3.072599411010742
000613.png,-15.083029747009277,2.0712339878082275,-69.93462371826172,3.1063930988311768,0.002297555096447468,3.0716519355773926
000614.png,-15.074529647827148,2.08735990524292,-71.32325744628906,3.109196901321411,0.0027395396027714014,3.0711512565612793
000615.png,-15.064379692077637,2.102811098098755,-72.70838928222656,3.1097359657287598,0.0029907345306128263,3.0711605548858643
000616.png,-15.05383014678955,2.1170809268951416,-74.09526824951172,3.1082897186279297,0.0034401107113808393,3.0703301429748535
000617.png,-15.043160438537598,2.130722999572754,-75.47624206542969,3.1064727306365967,0.004083899315446615,3.06872820854187
000618.png,-15.030839920043945,2.1465539932250977,-76.8564224243164,3.10402250289917,0.005069239996373653,3.0677359104156494
000619.png,-15.016779899597168,2.1634600162506104,-78.2264633178711,3.1044483184814453,0.006267020013183355,3.0669806003570557
000620.png,-14.998330116271973,2.1798229217529297,-79.59324645996094,3.108067512512207,0.007051724009215832,3.067138433456421
000621.png,-14.979299545288086,2.1911940574645996,-80.95359802246094,3.110905408859253,0.007519842125475407,3.068986654281616
000622.png,-14.959569931030273,2.200916051864624,-82.3172836303711,3.109509229660034,0.0075819524936378,3.070305824279785
000623.png,-14.941280364990234,2.214390993118286,-83.68052673339844,3.104767322540283,0.0074064708314836025,3.07019305229187
000624.png,-14.924670219421387,2.232508897781372,-85.03495025634766,3.102083921432495,0.007375212851911783,3.0696702003479004
000625.png,-14.908169746398926,2.2508630752563477,-86.3840103149414,3.1022520065307617,0.007270416244864464,3.06905198097229
000626.png,-14.89186954498291,2.2686429023742676,-87.72673034667969,3.103813886642456,0.006956123281270266,3.068991184234619
000627.png,-14.873979568481445,2.282365083694458,-89.07039642333984,3.105712413787842,0.006191109772771597,3.0696656703948975
000628.png,-14.85657024383545,2.2969930171966553,-90.40801239013672,3.1067492961883545,0.005329633131623268,3.0707945823669434
000629.png,-14.839189529418945,2.3111519813537598,-91.74111938476562,3.1059577465057373,0.004315773490816355,3.0719900131225586
000630.png,-14.824259757995605,2.3269269466400146,-93.07672119140625,3.104236125946045,0.0036162857431918383,3.0722832679748535
000631.png,-14.810759544372559,2.3415019512176514,-94.400390625,3.105492353439331,0.00291054998524487,3.0723040103912354
000632.png,-14.797980308532715,2.3579039573669434,-95.72435760498047,3.106621503829956,0.0023695591371506453,3.0723228454589844
000633.png,-14.787030220031738,2.374192953109741,-97.0455093383789,3.1053595542907715,0.001628228696063161,3.07214093208313
000634.png,-14.776029586791992,2.389833927154541,-98.36341094970703,3.1039998531341553,0.0008874103077687323,3.0726852416992188
000635.png,-14.767029762268066,2.4078431129455566,-99.67659759521484,3.1044020652770996,-0.00011553639342309907,3.0728225708007812
000636.png,-14.758540153503418,2.4268739223480225,-100.98380279541016,3.1040241718292236,-0.0009273786563426256,3.0724542140960693
000637.png,-14.75175952911377,2.4443910121917725,-102.29029846191406,3.104429244995117,-0.0016980126965790987,3.0723748207092285
000638.png,-14.744099617004395,2.4626688957214355,-103.59259796142578,3.104508638381958,-0.0023308140225708485,3.0726497173309326
000639.png,-14.73960018157959,2.480362892150879,-104.89199829101562,3.1045777797698975,-0.002983242506161332,3.072206974029541
000640.png,-14.73425006866455,2.498307943344116,-106.18579864501953,3.1051313877105713,-0.0035821127239614725,3.072899103164673
000641.png,-14.730660438537598,2.514949083328247,-107.4728012084961,3.106278896331787,-0.004327879287302494,3.072976589202881
000642.png,-14.728240013122559,2.530663013458252,-108.76290130615234,3.1078085899353027,-0.004694436211138964,3.072662115097046
000643.png,-14.727290153503418,2.5473859310150146,-110.0458984375,3.106919288635254,-0.005174603313207626,3.0722200870513916
000644.png,-14.725549697875977,2.563689947128296,-111.3291015625,3.1037962436676025,-0.005255147814750671,3.0725300312042236
000645.png,-14.7247896194458,2.582153081893921,-112.60540008544922,3.105128765106201,-0.0050867716781795025,3.0715975761413574
000646.png,-14.721529960632324,2.6003739833831787,-113.8770980834961,3.106239080429077,-0.0047708842903375626,3.0721821784973145
000647.png,-14.719599723815918,2.617244005203247,-115.14769744873047,3.1055805683135986,-0.004829506855458021,3.071528434753418
000648.png,-14.71780014038086,2.634202003479004,-116.41110229492188,3.1050798892974854,-0.00462151225656271,3.0707461833953857
000649.png,-14.7158203125,2.650908946990967,-117.66909790039062,3.1041336059570312,-0.004280644003301859,3.0703938007354736
000650.png,-14.71284008026123,2.667793035507202,-118.92379760742188,3.1031665802001953,-0.004112008959054947,3.0707497596740723
000651.png,-14.709830284118652,2.685657024383545,-120.17340087890625,3.103741407394409,-0.004002165514975786,3.07047963142395
000652.png,-14.705659866333008,2.703911066055298,-121.41410064697266,3.103734254837036,-0.003973542246967554,3.070972204208374
000653.png,-14.702939987182617,2.7199409008026123,-122.6448974609375,3.1039180755615234,-0.004160963464528322,3.0708701610565186
000654.png,-14.700539588928223,2.735913038253784,-123.86710357666016,3.1044528484344482,-0.004663845989853144,3.071378469467163
000655.png,-14.698809623718262,2.7515029907226562,-125.08149719238281,3.1039981842041016,-0.0059503489173948765,3.0724098682403564
000656.png,-14.6983003616333,2.76780104637146,-126.28710174560547,3.1029417514801025,-0.007212167605757713,3.073568820953369
000657.png,-14.698519706726074,2.784821033477783,-127.48519897460938,3.102133274078369,-0.00840168446302414,3.074878454208374
000658.png,-14.701180458068848,2.8013949394226074,-128.67039489746094,3.103139877319336,-0.009695278480648994,3.075488567352295
000659.png,-14.70613956451416,2.8175289630889893,-129.84530639648438,3.1049346923828125,-0.010817330330610275,3.0752742290496826
000660.png,-14.712329864501953,2.833172082901001,-131.00889587402344,3.1053466796875,-0.01144132949411869,3.074873447418213
000661.png,-14.71895980834961,2.848690986633301,-132.16209411621094,3.103363037109375,-0.011541795916855335,3.0739855766296387
000662.png,-14.72488021850586,2.8639988899230957,-133.2996063232422,3.100945472717285,-0.01140980701893568,3.0734386444091797
000663.png,-14.7333402633667,2.8802669048309326,-134.4174041748047,3.1002039909362793,-0.011551156640052795,3.071380615234375
000664.png,-14.74314022064209,2.8952109813690186,-135.51400756835938,3.1010611057281494,-0.011515464633703232,3.0694420337677
000665.png,-14.746190071105957,2.913166046142578,-136.5941925048828,3.099963903427124,-0.011845046654343605,3.0712714195251465
000666.png,-14.75232982635498,2.928942918777466,-137.65420532226562,3.096811294555664,-0.011933263391256332,3.071152448654175
000667.png,-14.758469581604004,2.9467110633850098,-138.68690490722656,3.0970022678375244,-0.013277140446007252,3.0711257457733154
000668.png,-14.764659881591797,2.9647579193115234,-139.69569396972656,3.0986297130584717,-0.015133708715438843,3.0724291801452637
000669.png,-14.77357006072998,2.9795289039611816,-140.67630004882812,3.0983951091766357,-0.01648859679698944,3.072885274887085
000670.png,-14.784870147705078,2.993256092071533,-141.631103515625,3.0978434085845947,-0.017641304060816765,3.071890354156494
000671.png,-14.797430038452148,3.006783962249756,-142.5561981201172,3.0973563194274902,-0.018449697643518448,3.0708446502685547
000672.png,-14.808449745178223,3.020004987716675,-143.4521942138672,3.0973150730133057,-0.01809275709092617,3.0699539184570312
000673.png,-14.81801986694336,3.032841920852661,-144.32110595703125,3.0979995727539062,-0.016264867037534714,3.0680582523345947
000674.png,-14.8233003616333,3.0447070598602295,-145.15499877929688,3.0990705490112305,-0.010416418313980103,3.0642454624176025
000675.png,-14.818770408630371,3.0556609630584717,-145.9633026123047,3.099353075027466,0.0008232082473114133,3.0595860481262207
000676.png,-14.79757022857666,3.065593957901001,-146.7445068359375,3.099168062210083,0.01851738803088665,3.0552077293395996
000677.png,-14.754560470581055,3.071964979171753,-147.49920654296875,3.0975968837738037,0.04091528430581093,3.05328106880188
000678.png,-14.688159942626953,3.079106092453003,-148.22450256347656,3.093761920928955,0.06626766920089722,3.052987813949585
000679.png,-14.599289894104004,3.086042881011963,-148.92599487304688,3.0893962383270264,0.09463486075401306,3.0534279346466064
000680.png,-14.492019653320312,3.08882999420166,-149.59469604492188,3.0876548290252686,0.12561215460300446,3.0528082847595215
000681.png,-14.3641996383667,3.0877749919891357,-150.22500610351562,3.0882887840270996,0.16121816635131836,3.050539016723633
000682.png,-14.213120460510254,3.089329957962036,-150.83349609375,3.090027093887329,0.20217090845108032,3.047513961791992
000683.png,-14.036479949951172,3.090778112411499,-151.41619873046875,3.0910258293151855,0.2470451444387436,3.0449960231781006
000684.png,-13.833419799804688,3.0865769386291504,-151.9503936767578,3.0904150009155273,0.29519277811050415,3.0435242652893066
000685.png,-13.608539581298828,3.0767099857330322,-152.47689819335938,3.087783098220825,0.34775856137275696,3.040187120437622
000686.png,-13.3604097366333,3.0608599185943604,-152.9501953125,3.084913969039917,0.40434762835502625,3.0355753898620605
000687.png,-13.082429885864258,3.046760082244873,-153.4239959716797,3.0829763412475586,0.46416229009628296,3.033212184906006
000688.png,-12.777230262756348,3.032263994216919,-153.87429809570312,3.0798897743225098,0.5261456370353699,3.0301523208618164
000689.png,-12.44653034210205,3.01523494720459,-154.26719665527344,3.076150894165039,0.590178906917572,3.0268304347991943
000690.png,-12.093299865722656,2.9929230213165283,-154.66639709472656,3.0706374645233154,0.6562156081199646,3.0214664936065674
000691.png,-11.71654987335205,2.9692180156707764,-155.03280639648438,3.0651049613952637,0.7239843606948853,3.0170629024505615
000692.png,-11.31814956665039,2.9471840858459473,-155.33099365234375,3.0570130348205566,0.7947006821632385,3.0103023052215576
000693.png,-10.901069641113281,2.926439046859741,-155.63009643554688,3.0485618114471436,0.8667893409729004,3.003551721572876
000694.png,-10.465889930725098,2.9015629291534424,-155.8563995361328,3.0418548583984375,0.9383673667907715,3.000368356704712
000695.png,-10.020429611206055,2.87276291847229,-156.0825958251953,3.0346362590789795,1.0088262557983398,2.9951772689819336
000696.png,-9.567123413085938,2.84458589553833,-156.27780151367188,3.025700092315674,1.0790228843688965,2.9867782592773438
000697.png,-9.106292724609375,2.815747022628784,-156.40589904785156,3.0083911418914795,1.1486417055130005,2.9693267345428467
000698.png,-8.642034530639648,2.7872378826141357,-156.5388946533203,2.981792688369751,1.2176868915557861,2.9408411979675293
000699.png,-8.174402236938477,2.755500078201294,-156.63510131835938,2.948901414871216,1.2862666845321655,2.9050064086914062
000700.png,-7.699411869049072,2.722687005996704,-156.66310119628906,2.8975167274475098,1.354231357574463,2.8517203330993652
000701.png,-7.2214579582214355,2.690342903137207,-156.6903076171875,2.803346633911133,1.4222956895828247,2.758829355239868
000702.png,-6.734167098999023,2.665010929107666,-156.6510009765625,2.527873992919922,1.4857734441757202,2.4894211292266846
000703.png,-6.243159770965576,2.6412699222564697,-156.61709594726562,1.5381767749786377,1.5200108289718628,1.5080126523971558
000704.png,-5.751236915588379,2.615199089050293,-156.54440307617188,0.5934716463088989,1.4826005697250366,0.5734037160873413
000705.png,-5.2619171142578125,2.5933070182800293,-156.3936004638672,0.30299901962280273,1.4191404581069946,0.2932753562927246
000706.png,-4.779010772705078,2.569364070892334,-156.243896484375,0.1789252907037735,1.350242018699646,0.17721831798553467
000707.png,-4.305428981781006,2.552946090698242,-156.02439880371094,0.12716127932071686,1.2787550687789917,0.12896303832530975
000708.png,-3.8383359909057617,2.542407989501953,-155.80780029296875,0.09910304844379425,1.2063751220703125,0.10235491394996643
000709.png,-3.3753440380096436,2.5348329544067383,-155.55409240722656,0.07986035943031311,1.1338951587677002,0.08726921677589417
000710.png,-2.9224181175231934,2.5307040214538574,-155.2209014892578,0.06361650675535202,1.061663031578064,0.07625824958086014
000711.png,-2.480571985244751,2.5226171016693115,-154.89059448242188,0.05018260329961777,0.9895393252372742,0.06745610386133194
000712.png,-2.0579628944396973,2.5103769302368164,-154.48390197753906,0.038207221776247025,0.9185535907745361,0.05769193172454834
000713.png,-1.6538790464401245,2.499814987182617,-154.07949829101562,0.03111426718533039,0.8495069742202759,0.0493745356798172
000714.png,-1.2684869766235352,2.4930930137634277,-153.64010620117188,0.03082125075161457,0.7819631695747375,0.04612962529063225
000715.png,-0.8983582258224487,2.4870450496673584,-153.14089965820312,0.03301035612821579,0.7164385914802551,0.04598713293671608
000716.png,-0.5510777235031128,2.478813886642456,-152.63250732421875,0.031053276732563972,0.6520742774009705,0.043502744287252426
000717.png,-0.22613659501075745,2.4671709537506104,-152.0605926513672,0.02561996318399906,0.587928295135498,0.04015098512172699
000718.png,0.062307171523571014,2.4569039344787598,-151.4835968017578,0.01900065690279007,0.5223661065101624,0.035279531031847
000719.png,0.3234820067882538,2.446326971054077,-150.87969970703125,0.016441598534584045,0.4563616216182709,0.03478163480758667
000720.png,0.5523554086685181,2.4331610202789307,-150.2165985107422,0.012182893231511116,0.39182019233703613,0.03187037259340286
000721.png,0.7484821081161499,2.4221889972686768,-149.54969787597656,0.008886456489562988,0.332237184047699,0.029030781239271164
000722.png,0.9129124283790588,2.410623073577881,-148.83799743652344,0.007303486578166485,0.2783662974834442,0.022401774302124977
000723.png,1.0482499599456787,2.4029300212860107,-148.1125030517578,0.006891077850013971,0.23083637654781342,0.015813982114195824
000724.png,1.163228988647461,2.3934249877929688,-147.34829711914062,0.006146064028143883,0.18907412886619568,0.010077420622110367
000725.png,1.2650539875030518,2.3834519386291504,-146.56680297851562,0.004711621440947056,0.152436763048172,0.009343854151666164
000726.png,1.3484959602355957,2.3719229698181152,-145.76040649414062,0.002644691150635481,0.11862219125032425,0.00883430428802967
000727.png,1.407670021057129,2.359471082687378,-144.92669677734375,0.001413875725120306,0.08796972036361694,0.007652613800019026
000728.png,1.4447799921035767,2.3469150066375732,-144.0738067626953,0.001035227789543569,0.06128711998462677,0.004387459717690945
000729.png,1.4634510278701782,2.332663059234619,-143.19769287109375,0.0014602473238483071,0.039114292711019516,-0.0005391863523982465
000730.png,1.4696749448776245,2.3199849128723145,-142.30320739746094,0.002435653004795313,0.02323909103870392,-0.005712559446692467
000731.png,1.4687379598617554,2.3059139251708984,-141.38670349121094,0.003740582149475813,0.01352919265627861,-0.010863048024475574
000732.png,1.4713189601898193,2.2909679412841797,-140.45089721679688,0.0036813104525208473,0.009732585400342941,-0.014351512305438519
000733.png,1.4799669981002808,2.27469801902771,-139.49229431152344,0.002925645327195525,0.008800492621958256,-0.015259971842169762
000734.png,1.4893449544906616,2.2601540088653564,-138.51539611816406,0.0017100605182349682,0.007851860485970974,-0.013981747440993786
000735.png,1.499366044998169,2.2467379570007324,-137.51809692382812,0.0007732325466349721,0.006657403893768787,-0.013399617746472359
000736.png,1.5048420429229736,2.2340168952941895,-136.50450134277344,0.000956122181378305,0.004956236574798822,-0.01175757497549057
000737.png,1.5054140090942383,2.2201669216156006,-135.47349548339844,0.0015782242408022285,0.0026548849418759346,-0.012125249952077866
000738.png,1.5045009851455688,2.205687999725342,-134.42190551757812,0.0007258920231834054,0.0006941441097296774,-0.011725101619958878
000739.png,1.5033290386199951,2.190201997756958,-133.351806640625,-0.0017919769743457437,-0.0011229822412133217,-0.011720716021955013
000740.png,1.501626968383789,2.176140069961548,-132.26480102539062,-0.002904346911236644,-0.0029998363461345434,-0.010168620385229588
000741.png,1.4985599517822266,2.1596291065216064,-131.16029357910156,-0.0014687890652567148,-0.004604857414960861,-0.00983753427863121
000742.png,1.4916499853134155,2.144473075866699,-130.03900146484375,0.00022363429889082909,-0.00583198806270957,-0.009051883593201637
000743.png,1.4823800325393677,2.128143072128296,-128.89959716796875,0.0003634584427345544,-0.007055757101625204,-0.008825295604765415
000744.png,1.4700239896774292,2.111151933670044,-127.74410247802734,0.0004052785225212574,-0.007787209469825029,-0.009722989983856678
000745.png,1.45844304561615,2.0926430225372314,-126.57640075683594,0.0013356109848245978,-0.00816259253770113,-0.010263342410326004
000746.png,1.447721004486084,2.0737531185150146,-125.38829803466797,0.0022159935906529427,-0.008096501231193542,-0.010243474505841732
000747.png,1.436722993850708,2.053637981414795,-124.18499755859375,0.0014944012509658933,-0.007464691996574402,-0.0107407346367836
000748.png,1.4263980388641357,2.0326850414276123,-122.96540069580078,0.0009864582680165768,-0.0065252711065113544,-0.010848443023860455
000749.png,1.4180400371551514,2.0098769664764404,-121.7343978881836,0.0027190453838557005,-0.005032250192016363,-0.011380460113286972
000750.png,1.4131770133972168,1.9844000339508057,-120.49169921875,0.006369721610099077,-0.00314750405959785,-0.011667362414300442
000751.png,1.4103809595108032,1.9567430019378662,-119.23149871826172,0.00900314562022686,-0.0014269836246967316,-0.011022764258086681
000752.png,1.407397985458374,1.9272929430007935,-117.95089721679688,0.00946822576224804,-0.00042391399620100856,-0.009481756947934628
000753.png,1.4057680368423462,1.8970270156860352,-116.6572036743164,0.00868607684969902,-0.000551808625459671,-0.008313555270433426
000754.png,1.4026620388031006,1.8642760515213013,-115.34829711914062,0.00851102638989687,-0.0016231717308983207,-0.00725201889872551
000755.png,1.396731972694397,1.8320560455322266,-114.02909851074219,0.011599496006965637,-0.0028564126696437597,-0.007426124066114426
000756.png,1.3850280046463013,1.800205945968628,-112.69499969482422,0.01297193206846714,-0.005257899407297373,-0.007442488335072994
000757.png,1.3696869611740112,1.7675210237503052,-111.34049987792969,0.011778650805354118,-0.008317996747791767,-0.007883939892053604
000758.png,1.3517980575561523,1.734254002571106,-109.97260284423828,0.009999455884099007,-0.010895906016230583,-0.007159329950809479
000759.png,1.3305490016937256,1.7003569602966309,-108.5927963256836,0.010286164470016956,-0.01226497720927,-0.008245346136391163
000760.png,1.3082900047302246,1.6684670448303223,-107.20030212402344,0.011484846472740173,-0.013489739038050175,-0.007958980277180672
000761.png,1.2848269939422607,1.635925054550171,-105.79109954833984,0.011956165544688702,-0.014693309552967548,-0.007145444396883249
000762.png,1.2596160173416138,1.6016520261764526,-104.3678970336914,0.013414241373538971,-0.015638306736946106,-0.007196973077952862
000763.png,1.2302589416503906,1.5653259754180908,-102.93209838867188,0.01368111651390791,-0.016661958768963814,-0.008990922942757607
000764.png,1.2022119760513306,1.530047059059143,-101.47869873046875,0.012262730859220028,-0.01686025969684124,-0.008571667596697807
000765.png,1.1700750589370728,1.4958510398864746,-100.00759887695312,0.009426132775843143,-0.016482466831803322,-0.010456421412527561
000766.png,1.1421359777450562,1.4632799625396729,-98.52911376953125,0.007350754924118519,-0.016032084822654724,-0.010613752529025078
000767.png,1.115543007850647,1.436156988143921,-97.02600860595703,0.005044955760240555,-0.01574734039604664,-0.009626819752156734
000768.png,1.0892740488052368,1.4106800556182861,-95.51570892333984,-0.0011053290218114853,-0.015320158563554287,-0.010168388485908508
000769.png,1.0629819631576538,1.390692949295044,-94.00228881835938,-0.006752390880137682,-0.01510989386588335,-0.010451052337884903
000770.png,1.03656804561615,1.3746730089187622,-92.4914321899414,-0.009615487419068813,-0.015140467323362827,-0.011181694455444813
000771.png,1.0091480016708374,1.3614239692687988,-90.98226165771484,-0.011658686213195324,-0.015178101137280464,-0.012944781221449375
000772.png,0.9847339987754822,1.348471999168396,-89.47608947753906,-0.012435762211680412,-0.015284954570233822,-0.012394404970109463
000773.png,0.9616473913192749,1.3334009647369385,-87.97322845458984,-0.010681252926588058,-0.015659211203455925,-0.011905680410563946
000774.png,0.9399983286857605,1.3164730072021484,-86.46690368652344,-0.0081245182082057,-0.015177812427282333,-0.011175950057804585
000775.png,0.9191411733627319,1.29830801486969,-84.96723937988281,-0.007981067523360252,-0.014304778538644314,-0.010578670538961887
000776.png,0.8995469212532043,1.2828470468521118,-83.45436096191406,-0.010755212046205997,-0.013328074477612972,-0.010798389092087746
000777.png,0.8834484219551086,1.2682369947433472,-81.94950103759766,-0.010622757486999035,-0.012703792192041874,-0.009027080610394478
000778.png,0.8679533004760742,1.252709984779358,-80.44554138183594,-0.008869907818734646,-0.012200103141367435,-0.008816340938210487
000779.png,0.8520469069480896,1.2348309755325317,-78.94239807128906,-0.008664591237902641,-0.011553856544196606,-0.008521946147084236
000780.png,0.8381739258766174,1.2197140455245972,-77.4395980834961,-0.010870099067687988,-0.011063125915825367,-0.007948953658342361
000781.png,0.825573205947876,1.2079559564590454,-75.93444061279297,-0.013074884191155434,-0.010436508804559708,-0.006970674265176058
000782.png,0.8134235143661499,1.1991790533065796,-74.43199920654297,-0.014673367142677307,-0.01044430024921894,-0.006464004050940275
000783.png,0.8003154993057251,1.1893689632415771,-72.93636322021484,-0.01381881907582283,-0.010890445671975613,-0.006013047881424427
000784.png,0.7849788069725037,1.1768959760665894,-71.443359375,-0.00930002424865961,-0.01146297063678503,-0.006331394426524639
000785.png,0.7639539837837219,1.160599946975708,-69.95600128173828,-0.006756676360964775,-0.012161649763584137,-0.009556367062032223
000786.png,0.7450432181358337,1.1442970037460327,-68.46260070800781,-0.008678711950778961,-0.012588072568178177,-0.010692710988223553
000787.png,0.7252411246299744,1.1283169984817505,-66.97132110595703,-0.010251061990857124,-0.012899218127131462,-0.01203182153403759
000788.png,0.7107629776000977,1.11189603805542,-65.4891128540039,-0.007594302296638489,-0.013410752639174461,-0.009143900126218796
000789.png,0.6946294903755188,1.0961040258407593,-64.0051498413086,-0.008134881965816021,-0.014277894981205463,-0.007985910400748253
000790.png,0.6777408123016357,1.0806219577789307,-62.525508880615234,-0.011477061547338963,-0.014987291768193245,-0.0069971587508916855
000791.png,0.6587746143341064,1.0674840211868286,-61.04536056518555,-0.01005017664283514,-0.01606927067041397,-0.0060989223420619965
000792.png,0.6370382905006409,1.0492260456085205,-59.57556915283203,-0.005736307706683874,-0.017387496307492256,-0.005663787946105003
000793.png,0.6135026216506958,1.0309809446334839,-58.103458404541016,-0.006540319416671991,-0.018616406247019768,-0.005040151998400688
000794.png,0.5856643915176392,1.0156689882278442,-56.627620697021484,-0.011628938838839531,-0.019878869876265526,-0.005037433467805386
000795.png,0.5571177005767822,1.005763053894043,-55.16059875488281,-0.011640418320894241,-0.021196935325860977,-0.004710283130407333
000796.png,0.5253981947898865,0.9957028031349182,-53.698020935058594,-0.010376823134720325,-0.022068681195378304,-0.005192895885556936
000797.png,0.4907090961933136,0.9846881031990051,-52.23667907714844,-0.010531301610171795,-0.022039882838726044,-0.0064144316129386425
000798.png,0.4561314880847931,0.9709516167640686,-50.778541564941406,-0.010625663213431835,-0.022134436294436455,-0.007731475401669741
000799.png,0.42354071140289307,0.9558653235435486,-49.32286834716797,-0.010203045792877674,-0.022309010848402977,-0.007823959924280643
000800.png,0.3928532898426056,0.9391868710517883,-47.86940002441406,-0.009377935901284218,-0.022260190919041634,-0.007514593191444874
000801.png,0.3621644079685211,0.923008918762207,-46.41796875,-0.009465578012168407,-0.021762819960713387,-0.006867255549877882
000802.png,0.33356720209121704,0.9069681167602539,-44.96841812133789,-0.009565799497067928,-0.02128053642809391,-0.005830822046846151
000803.png,0.30703240633010864,0.8911135196685791,-43.52558898925781,-0.009596594609320164,-0.02068544551730156,-0.004344164859503508
000804.png,0.2806277871131897,0.8754699230194092,-42.07912063598633,-0.011261699721217155,-0.019909514114260674,-0.003599046031013131
000805.png,0.2543730139732361,0.8594365119934082,-40.636558532714844,-0.011313177645206451,-0.019017497077584267,-0.003805022221058607
000806.png,0.228117898106575,0.8436095714569092,-39.19717025756836,-0.00996986124664545,-0.018367301672697067,-0.004313068930059671
000807.png,0.2029689997434616,0.825328528881073,-37.76251983642578,-0.00799468718469143,-0.017501434311270714,-0.004864998161792755
000808.png,0.17779940366744995,0.806335985660553,-36.32796096801758,-0.007356919348239899,-0.01658572070300579,-0.006067950744181871
000809.png,0.15372489392757416,0.7865138053894043,-34.89508056640625,-0.009705416858196259,-0.01574482023715973,-0.007989145815372467
000810.png,0.13266900181770325,0.7682861089706421,-33.463809967041016,-0.011411135084927082,-0.014783508144319057,-0.008738089352846146
000811.png,0.11337420344352722,0.7522312998771667,-32.036041259765625,-0.011148710735142231,-0.013654014095664024,-0.009111770428717136
000812.png,0.09746084362268448,0.7352839708328247,-30.61396026611328,-0.009553209878504276,-0.012466242536902428,-0.009364411234855652
000813.png,0.08482880145311356,0.7168958783149719,-29.19399070739746,-0.007108439225703478,-0.010976750403642654,-0.008302266709506512
000814.png,0.07224083691835403,0.6980984210968018,-27.777530670166016,-0.008066064678132534,-0.009683836251497269,-0.008469783701002598
000815.png,0.060625649988651276,0.6785992980003357,-26.355960845947266,-0.010192745365202427,-0.008282963186502457,-0.009068661369383335
000816.png,0.0525687113404274,0.6586933732032776,-24.94767951965332,-0.00548703595995903,-0.006793571636080742,-0.009067288599908352
000817.png,0.043902408331632614,0.6329308748245239,-23.543420791625977,0.00014676564023829997,-0.005527900066226721,-0.010967637412250042
000818.png,0.03720920905470848,0.6021742820739746,-22.139890670776367,0.0024306494742631912,-0.0043398914858698845,-0.012105479836463928
000819.png,0.03232865035533905,0.5653750896453857,-20.738439559936523,0.0036193823907524347,-0.0033754731994122267,-0.011901548132300377
000820.png,0.029258880764245987,0.5295575857162476,-19.34062957763672,0.0035966511350125074,-0.00260524800978601,-0.01139125507324934
000821.png,0.02669735997915268,0.494738906621933,-17.943660736083984,0.0019278301624581218,-0.002275044796988368,-0.01075566466897726
000822.png,0.02516130916774273,0.46247410774230957,-16.550260543823242,-0.0001463233638787642,-0.0019011611584573984,-0.009889415465295315
000823.png,0.024160420522093773,0.4312537908554077,-15.166139602661133,-0.0004617070662789047,-0.0016797907883301377,-0.008654887787997723
000824.png,0.02354535087943077,0.39875510334968567,-13.78258991241455,0.0015757851069793105,-0.0020813315641134977,-0.007810649927705526
000825.png,0.02158788964152336,0.3670074939727783,-12.403820037841797,0.0023761617485433817,-0.0026868802960962057,-0.007024688180536032
000826.png,0.0152808902785182,0.33438539505004883,-11.02737045288086,0.0012917760759592056,-0.0036898425314575434,-0.008229656144976616
000827.png,0.008955879136919975,0.3016034960746765,-9.654739379882812,0.0004245589079800993,-0.0049054911360144615,-0.008114884607493877
000828.png,-0.0005365659017115831,0.271619588136673,-8.285137176513672,0.00013909042172599584,-0.006258009932935238,-0.008784768171608448
000829.png,-0.009785478003323078,0.24145010113716125,-6.91412878036499,-0.001106667215935886,-0.007369636092334986,-0.008424176834523678
000830.png,-0.020444700494408607,0.21083180606365204,-5.548031806945801,0.000716487062163651,-0.008451396599411964,-0.007705959025770426
000831.png,-0.03114140033721924,0.1812867969274521,-4.183286190032959,0.002466781297698617,-0.008770465850830078,-0.006842582952231169
000832.png,-0.04437223821878433,0.14733290672302246,-2.8185150623321533,0.0032100218813866377,-0.009050656110048294,-0.007146934047341347
000833.png,-0.05789726972579956,0.11346989870071411,-1.4562950134277344,0.0029350880067795515,-0.009415040723979473,-0.007636095397174358
000834.png,-0.07289733737707138,0.07816925644874573,-0.09070031344890594,0.0019136930350214243,-0.009697908535599709,-0.008208279497921467
000835.png,-0.08864261209964752,0.04590357840061188,1.2694189548492432,0.0027995596174150705,-0.009816864505410194,-0.009049520827829838
000836.png,-0.10317070037126541,0.01177150011062622,2.629004955291748,0.002758928807452321,-0.010090101510286331,-0.009501006454229355
000837.png,-0.11756449937820435,-0.020163239911198616,3.9880359172821045,0.0022884684149175882,-0.010301322676241398,-0.009710927493870258
000838.png,-0.1318826973438263,-0.05346279963850975,5.344099044799805,0.002448572078719735,-0.010445999912917614,-0.009996313601732254
000839.png,-0.14588280022144318,-0.08812057971954346,6.7044148445129395,0.0028278022073209286,-0.010645531117916107,-0.009519817307591438
000840.png,-0.16017690300941467,-0.12217219918966293,8.059835433959961,0.00341377267614007,-0.010793350636959076,-0.009603901766240597
000841.png,-0.17509500682353973,-0.15463730692863464,9.415895462036133,0.002250674879178405,-0.01082984171807766,-0.009474800899624825
000842.png,-0.19260869920253754,-0.1870422065258026,10.771069526672363,0.0010027738753706217,-0.010728945024311543,-0.011207738891243935
000843.png,-0.20815449953079224,-0.22074590623378754,12.123169898986816,0.0013706331374123693,-0.010721415281295776,-0.010979981161653996
000844.png,-0.22310400009155273,-0.25344929099082947,13.477330207824707,0.0022088135592639446,-0.010586127638816833,-0.010979454964399338
000845.png,-0.2355329990386963,-0.2892014980316162,14.830320358276367,0.002273936988785863,-0.010439201258122921,-0.010590415447950363
000846.png,-0.24821969866752625,-0.3237105906009674,16.18092918395996,0.002215122804045677,-0.010499893687665462,-0.01076735183596611
000847.png,-0.2588531970977783,-0.358279287815094,17.533559799194336,0.0015333745395764709,-0.0104622608050704,-0.009742733091115952
000848.png,-0.2709141969680786,-0.39360469579696655,18.8830509185791,0.0011232462711632252,-0.010175715200603008,-0.009611301124095917
000849.png,-0.28335729241371155,-0.428489089012146,20.233299255371094,0.0016100031789392233,-0.010184206068515778,-0.009742900729179382
000850.png,-0.29520919919013977,-0.463001012802124,21.58016014099121,0.0026839864440262318,-0.010253950022161007,-0.009454641491174698
000851.png,-0.30946749448776245,-0.4966127872467041,22.926530838012695,0.0021853588987141848,-0.010663662105798721,-0.01013049017637968
000852.png,-0.3233763873577118,-0.5315032005310059,24.273080825805664,0.0019884640350937843,-0.010979470796883106,-0.01000593975186348
000853.png,-0.3380714952945709,-0.5652421116828918,25.613529205322266,0.0023469431325793266,-0.011493963189423084,-0.010170107707381248
000854.png,-0.3534581959247589,-0.5991641879081726,26.95488929748535,0.0008783094235695899,-0.011964686214923859,-0.009952954016625881
000855.png,-0.36745721101760864,-0.6308019757270813,28.293060302734375,-0.0005482902051880956,-0.012136917561292648,-0.008990095928311348
000856.png,-0.3836725056171417,-0.6611410975456238,29.62384033203125,0.00015813818026799709,-0.01199811790138483,-0.00909274909645319
000857.png,-0.3976798951625824,-0.6925712823867798,30.950899124145508,0.0011880567763000727,-0.011638492345809937,-0.008156551979482174
000858.png,-0.4139985144138336,-0.7240355014801025,32.28247833251953,0.0014598907437175512,-0.01129807997494936,-0.008868793025612831
000859.png,-0.4270072877407074,-0.7566562294960022,33.606510162353516,0.0009136848384514451,-0.010779518634080887,-0.008249558508396149
000860.png,-0.4397568106651306,-0.7887160778045654,34.926910400390625,0.0002605956688057631,-0.010274910368025303,-0.007485527079552412
000861.png,-0.45153748989105225,-0.8206354975700378,36.24335861206055,0.0004051345749758184,-0.009870799258351326,-0.007259589619934559
000862.png,-0.46152859926223755,-0.8517037034034729,37.554969787597656,0.00021213319269008934,-0.00960769783705473,-0.005911174695938826
000863.png,-0.47185519337654114,-0.8824570178985596,38.866519927978516,-0.000660754565615207,-0.009430890902876854,-0.005066120997071266
000864.png,-0.4839121997356415,-0.9115304946899414,40.173770904541016,-0.0018097702413797379,-0.009814759716391563,-0.004491777159273624
000865.png,-0.4974895119667053,-0.9403595924377441,41.480159759521484,-0.002129306085407734,-0.010819721035659313,-0.004384099505841732
000866.png,-0.5125042796134949,-0.968569815158844,42.77845001220703,-0.0018673063023015857,-0.01199306733906269,-0.004789858590811491
000867.png,-0.5346230864524841,-0.9956524968147278,44.076019287109375,-0.002946550492197275,-0.013036228716373444,-0.007532936986535788
000868.png,-0.5552040934562683,-1.019284963607788,45.3731689453125,-0.0062456317245960236,-0.013770795427262783,-0.007980737835168839
000869.png,-0.5782582759857178,-1.0385329723358154,46.670101165771484,-0.00994153507053852,-0.014456924051046371,-0.008909313939511776
000870.png,-0.5999916195869446,-1.0536270141601562,47.96110916137695,-0.01323876902461052,-0.01526305265724659,-0.009184835478663445
000871.png,-0.6230983138084412,-1.066504955291748,49.24943923950195,-0.014837348833680153,-0.016357017681002617,-0.009479254484176636
000872.png,-0.6456359028816223,-1.075808048248291,50.52764892578125,-0.01268826238811016,-0.017224160954356194,-0.0077212159521877766
000873.png,-0.6740058064460754,-1.087278962135315,51.81040954589844,-0.01075758971273899,-0.018199674785137177,-0.009099740535020828
000874.png,-0.7020633220672607,-1.1007380485534668,53.08721923828125,-0.010060214437544346,-0.019301367923617363,-0.00971266534179449
000875.png,-0.7311397194862366,-1.115792989730835,54.36090087890625,-0.010095530189573765,-0.020438671112060547,-0.010517289862036705
000876.png,-0.762476921081543,-1.130431056022644,55.629478454589844,-0.008813489228487015,-0.021466510370373726,-0.010787035338580608
000877.png,-0.7942811846733093,-1.1447830200195312,56.90156936645508,-0.009755716659128666,-0.022568775340914726,-0.010991370305418968
000878.png,-0.8268986940383911,-1.1599409580230713,58.17084884643555,-0.010511181317269802,-0.02360132895410061,-0.010869610123336315
000879.png,-0.8597866296768188,-1.17466402053833,59.434078216552734,-0.01037922315299511,-0.024391017854213715,-0.01108633540570736
000880.png,-0.8950914144515991,-1.1887569427490234,60.69462966918945,-0.0099635673686862,-0.02504664845764637,-0.01149738859385252
000881.png,-0.9282884001731873,-1.2038650512695312,61.949310302734375,-0.00971749983727932,-0.025552723556756973,-0.01080181635916233
000882.png,-0.9621791839599609,-1.21881103515625,63.207401275634766,-0.008800452575087547,-0.026239609345793724,-0.009317128919064999
000883.png,-0.9961733818054199,-1.234089970588684,64.45842742919922,-0.008946428075432777,-0.0270778089761734,-0.0084507055580616
000884.png,-1.0318280458450317,-1.2505179643630981,65.71016693115234,-0.010606914758682251,-0.027823131531476974,-0.008359375409781933
000885.png,-1.06865394115448,-1.2678090333938599,66.95369720458984,-0.00973066221922636,-0.028318675234913826,-0.008892565034329891
000886.png,-1.1074140071868896,-1.2846070528030396,68.1914291381836,-0.00784918200224638,-0.02859414741396904,-0.010640989989042282
000887.png,-1.14826500415802,-1.303043007850647,69.4330825805664,-0.008134818635880947,-0.02862936072051525,-0.01297882292419672
000888.png,-1.1881550550460815,-1.3212029933929443,70.66874694824219,-0.00814055372029543,-0.028314992785453796,-0.01547608058899641
000889.png,-1.2270829677581787,-1.3380730152130127,71.90028381347656,-0.008412654511630535,-0.027296017855405807,-0.017549797892570496
000890.png,-1.2613849639892578,-1.354665994644165,73.12718963623047,-0.010217070579528809,-0.025389287620782852,-0.017706651240587234
000891.png,-1.293463945388794,-1.3706350326538086,74.3410873413086,-0.011594720184803009,-0.023714851588010788,-0.01862703450024128
000892.png,-1.3182250261306763,-1.3877530097961426,75.54358673095703,-0.011355540715157986,-0.022234322503209114,-0.016459941864013672
000893.png,-1.33707594871521,-1.4062949419021606,76.72276306152344,-0.006599640939384699,-0.02048429287970066,-0.013396191410720348
000894.png,-1.359395980834961,-1.4242630004882812,77.8869400024414,-0.007086002267897129,-0.01826566457748413,-0.01474033109843731
000895.png,-1.377966046333313,-1.4433079957962036,79.0373764038086,-0.012420681305229664,-0.015502559952437878,-0.014564975164830685
000896.png,-1.392300009727478,-1.4597710371017456,80.15989685058594,-0.012866386212408543,-0.01247953437268734,-0.015371891669929028
000897.png,-1.4029510021209717,-1.4756120443344116,81.2676773071289,-0.009352363646030426,-0.008750400505959988,-0.01567375287413597
000898.png,-1.4072660207748413,-1.4954639673233032,82.3668212890625,-0.004230642691254616,-0.005724488291889429,-0.014839167706668377
000899.png,-1.4065660238265991,-1.5185420513153076,83.46189880371094,0.0014793404843658209,-0.002823096700012684,-0.013032159768044949
000900.png,-1.4026360511779785,-1.5421969890594482,84.55751037597656,0.0034588458947837353,-0.00037532669375650585,-0.011273229494690895
000901.png,-1.397294044494629,-1.5661449432373047,85.65524291992188,0.0011685664067044854,0.0013569825096055865,-0.009885384701192379
000902.png,-1.3940939903259277,-1.5872130393981934,86.75112915039062,-0.0012907265918329358,0.002567566931247711,-0.010225731879472733
000903.png,-1.391329050064087,-1.6081260442733765,87.83653259277344,-0.00037899098242633045,0.003572461660951376,-0.01032939925789833
000904.png,-1.3855630159378052,-1.6300389766693115,88.9191665649414,0.0019421378383412957,0.004489995073527098,-0.01033988781273365
000905.png,-1.3802000284194946,-1.6547009944915771,89.99810791015625,0.002757944632321596,0.00539410812780261,-0.010812077671289444
000906.png,-1.3723969459533691,-1.68100905418396,91.07568359375,0.0007040942437015474,0.00593896908685565,-0.010540050454437733
000907.png,-1.3638319969177246,-1.7052570581436157,92.14962005615234,-0.0009246706613339484,0.005890971049666405,-0.009294691495597363
000908.png,-1.3561110496520996,-1.7261710166931152,93.21864318847656,-0.0017195440595969558,0.005516854114830494,-0.008188744075596333
000909.png,-1.3488520383834839,-1.7476890087127686,94.28214263916016,-0.0026803226210176945,0.004098131787031889,-0.006340294610708952
000910.png,-1.343106985092163,-1.769081950187683,95.34468078613281,-0.0027955470141023397,0.0011145072057843208,-0.0041942298412323
000911.png,-1.3412829637527466,-1.7906490564346313,96.39851379394531,-0.0007143086986616254,-0.0025650737807154655,-0.0019510566489771008
000912.png,-1.3463619947433472,-1.8124580383300781,97.45205688476562,0.0028050749097019434,-0.006268067751079798,-0.001648015109822154
000913.png,-1.357998013496399,-1.8350379467010498,98.50801086425781,0.00670664943754673,-0.010029178112745285,-0.002420195145532489
000914.png,-1.3750590085983276,-1.861894965171814,99.570068359375,0.007846340537071228,-0.014459894970059395,-0.0033919070847332478
000915.png,-1.3974119424819946,-1.8876910209655762,100.63639831542969,0.006602897774428129,-0.019688623026013374,-0.003703300142660737
000916.png,-1.4266910552978516,-1.9132519960403442,101.71029663085938,0.004909317009150982,-0.02601737529039383,-0.004456384107470512
000917.png,-1.4631179571151733,-1.9392000436782837,102.78739929199219,0.003746511647477746,-0.03298307955265045,-0.004218327812850475
000918.png,-1.507807970046997,-1.9644190073013306,103.86820220947266,0.003444584086537361,-0.0403185710310936,-0.004951344337314367
000919.png,-1.561792016029358,-1.9882220029830933,104.95659637451172,0.0023761403281241655,-0.04657948017120361,-0.006739265285432339
000920.png,-1.6227200031280518,-2.0109670162200928,106.05020141601562,0.0011511517222970724,-0.0508761964738369,-0.010183902457356453
000921.png,-1.686244010925293,-2.0344059467315674,107.14749908447266,0.0016998364590108395,-0.05225884169340134,-0.01425262913107872
000922.png,-1.7487729787826538,-2.056668996810913,108.25140380859375,0.002843322930857539,-0.05055806413292885,-0.018941033631563187
000923.png,-1.806035041809082,-2.079756021499634,109.36160278320312,0.004029074218124151,-0.04634334519505501,-0.02283494919538498
000924.png,-1.855700969696045,-2.102083921432495,110.48210144042969,0.0035467881243675947,-0.04073929786682129,-0.025220397859811783
000925.png,-1.8970320224761963,-2.12309193611145,111.6083984375,0.002076513832435012,-0.03409159183502197,-0.02689938060939312
000926.png,-1.9280920028686523,-2.1451520919799805,112.74359893798828,0.0015205335803329945,-0.02607768401503563,-0.027805184945464134
000927.png,-1.9490920305252075,-2.1664340496063232,113.881103515625,0.0023504786659032106,-0.016744432970881462,-0.028955912217497826
000928.png,-1.9587119817733765,-2.1879100799560547,115.02629852294922,0.0032697857823222876,-0.0068704369477927685,-0.029545895755290985
000929.png,-1.9561359882354736,-2.2102880477905273,116.17880249023438,0.0034573532175272703,0.0024826384615153074,-0.028833093121647835
000930.png,-1.9401350021362305,-2.2357869148254395,117.34140014648438,0.0043057710863649845,0.012019599787890911,-0.027781691402196884
000931.png,-1.9132089614868164,-2.261146068572998,118.50759887695312,0.00508628087118268,0.02139398269355297,-0.02564884163439274
000932.png,-1.876270055770874,-2.2869579792022705,119.68389892578125,0.004756246227771044,0.029662569984793663,-0.02463013306260109
000933.png,-1.8330800533294678,-2.312119960784912,120.86589813232422,0.003636224428191781,0.0366935133934021,-0.024102695286273956
000934.png,-1.7813880443572998,-2.338144063949585,122.05599975585938,0.0026962985284626484,0.04263537377119064,-0.024178186431527138
000935.png,-1.7250659465789795,-2.362700939178467,123.25810241699219,0.0019489292753860354,0.04796075448393822,-0.025586729869246483
000936.png,-1.6659510135650635,-2.3875980377197266,124.46589660644531,0.0011690406827256083,0.05266042798757553,-0.02816854789853096
000937.png,-1.6020970344543457,-2.4109249114990234,125.68360137939453,0.0006988876266404986,0.056505344808101654,-0.03089763969182968
000938.png,-1.5290420055389404,-2.4322509765625,126.90959930419922,-0.000774487794842571,0.059546053409576416,-0.0305305328220129
000939.png,-1.4541900157928467,-2.4557790756225586,128.14280700683594,-0.0011911941692233086,0.06101779267191887,-0.03048763982951641
000940.png,-1.374919056892395,-2.48055100440979,129.3863983154297,0.003634002059698105,0.06116704270243645,-0.028177013620734215
000941.png,-1.2926100492477417,-2.504395008087158,130.64109802246094,0.004768615122884512,0.060200124979019165,-0.023631935939192772
000942.png,-1.2127519845962524,-2.5304250717163086,131.91050720214844,0.0016034870641306043,0.05799001455307007,-0.019682804122567177
000943.png,-1.1353319883346558,-2.552623987197876,133.1887969970703,0.0004893512232229114,0.05458926036953926,-0.015170188620686531
000944.png,-1.0634770393371582,-2.5719358921051025,134.48089599609375,-0.001719517633318901,0.049625225365161896,-0.010787179693579674
000945.png,-0.998253583908081,-2.593743085861206,135.7808074951172,-0.0022171942982822657,0.04328298196196556,-0.006018877029418945
000946.png,-0.9419915080070496,-2.6138579845428467,137.0886993408203,-0.00047947917482815683,0.03650787100195885,-0.002090777736157179
000947.png,-0.89579838514328,-2.633690118789673,138.41400146484375,-0.0005321787321008742,0.029957018792629242,0.00036820300738327205
000948.png,-0.860069990158081,-2.654047966003418,139.7490997314453,-0.0014605692122131586,0.023600952699780464,0.0011064443970099092
000949.png,-0.8326781988143921,-2.6749069690704346,141.09120178222656,-0.002601758111268282,0.018035657703876495,0.0007901997887529433
000950.png,-0.8166247010231018,-2.6933319568634033,142.4512939453125,-0.004626680165529251,0.012757955119013786,-0.0009546455694362521
000951.png,-0.8082125782966614,-2.711652994155884,143.8175048828125,-0.00377692561596632,0.007412278093397617,-0.00205223192460835
000952.png,-0.8063070774078369,-2.7289628982543945,145.19090270996094,-0.0007794142002239823,0.0022104105446487665,-0.002915219170972705
000953.png,-0.8107742071151733,-2.7509870529174805,146.57420349121094,0.0012610697885975242,-0.002638486912474036,-0.004082851577550173
000954.png,-0.8181993961334229,-2.779541015625,147.96209716796875,0.005640198942273855,-0.0063828276470303535,-0.004141718149185181
000955.png,-0.8311337828636169,-2.811042070388794,149.36630249023438,0.009317693300545216,-0.008632673881947994,-0.00552050955593586
000956.png,-0.8465133905410767,-2.8466811180114746,150.7790985107422,0.010123991407454014,-0.010217776522040367,-0.006282117683440447
000957.png,-0.8636978268623352,-2.884423017501831,152.2017059326172,0.009515888057649136,-0.01185382716357708,-0.006789410021156073
000958.png,-0.8818613886833191,-2.9226770401000977,153.62969970703125,0.008385604247450829,-0.013279549777507782,-0.007284304592758417
000959.png,-0.9031410217285156,-2.9594759941101074,155.0655059814453,0.0066632735542953014,-0.014784889295697212,-0.008025582879781723
000960.png,-0.9252285957336426,-2.9954960346221924,156.50819396972656,0.005407726392149925,-0.016239862889051437,-0.00809419248253107
000961.png,-0.9505879282951355,-3.0302650928497314,157.94900512695312,0.004078046418726444,-0.01795099303126335,-0.008766056969761848
000962.png,-0.9765170812606812,-3.0649349689483643,159.39169311523438,0.0018858950352296233,-0.019701853394508362,-0.008377093821763992
000963.png,-1.0073390007019043,-3.0966529846191406,160.83169555664062,0.0005394914769567549,-0.021550528705120087,-0.009217627346515656
000964.png,-1.0394439697265625,-3.1295061111450195,162.27139282226562,0.0013083963422104716,-0.02329132705926895,-0.00972056109458208
000965.png,-1.0756289958953857,-3.1620469093322754,163.70880126953125,0.0023054901976138353,-0.024552876129746437,-0.010939064435660839
000966.png,-1.1126619577407837,-3.1969680786132812,165.1446990966797,0.0028716176748275757,-0.02529831789433956,-0.01170136034488678
000967.png,-1.1509640216827393,-3.2320570945739746,166.58070373535156,0.00465112691745162,-0.025527821853756905,-0.012617425061762333
000968.png,-1.1888870000839233,-3.267867088317871,168.0142059326172,0.004950020462274551,-0.02536585181951523,-0.013655497692525387
000969.png,-1.2255829572677612,-3.3033430576324463,169.45449829101562,0.0028907021041959524,-0.025027001276612282,-0.013935974799096584
000970.png,-1.2624679803848267,-3.3377740383148193,170.88760375976562,0.0014485009014606476,-0.02460438199341297,-0.014061039313673973
000971.png,-1.2976340055465698,-3.3716869354248047,172.31939697265625,0.0009143161587417126,-0.023975396528840065,-0.014219976030290127
000972.png,-1.3331940174102783,-3.40556001663208,173.7467041015625,0.0007086821715347469,-0.023146187886595726,-0.01528926007449627
000973.png,-1.3663040399551392,-3.440419912338257,175.16879272460938,0.0015910674119368196,-0.0221331175416708,-0.01591947115957737
000974.png,-1.3984789848327637,-3.475353956222534,176.5928955078125,0.0018592065898701549,-0.020992211997509003,-0.016769392415881157
000975.png,-1.4275280237197876,-3.5117149353027344,178.01119995117188,0.0028284876607358456,-0.019558066502213478,-0.016657093539834023
000976.png,-1.4533909559249878,-3.5470728874206543,179.4250946044922,0.0045089880004525185,-0.018199604004621506,-0.015255897305905819
000977.png,-1.4763259887695312,-3.5836338996887207,180.83859252929688,0.004309754353016615,-0.01683136448264122,-0.012840941548347473
000978.png,-1.4982409477233887,-3.6196749210357666,182.2501983642578,0.001669869408942759,-0.015547345392405987,-0.011437131091952324
000979.png,-1.5188699960708618,-3.6524689197540283,183.66079711914062,-0.00262569822371006,-0.014023620635271072,-0.01075583603233099
000980.png,-1.539734959602356,-3.6801369190216064,185.0615997314453,-0.0017004245892167091,-0.012451663613319397,-0.011725547723472118
000981.png,-1.5592119693756104,-3.7081170082092285,186.45559692382812,0.0012021755101159215,-0.010817290283739567,-0.013018818572163582
000982.png,-1.576112985610962,-3.7420549392700195,187.84840393066406,0.0025790114887058735,-0.009635264053940773,-0.013128907419741154
000983.png,-1.5903019905090332,-3.777662992477417,189.24180603027344,0.0026272411923855543,-0.008372742682695389,-0.012911341153085232
000984.png,-1.6030739545822144,-3.811743974685669,190.6343994140625,0.0005188742070458829,-0.007656964473426342,-0.012150234542787075
000985.png,-1.6133270263671875,-3.843743085861206,192.02059936523438,-0.0013400360476225615,-0.007387000601738691,-0.010515021160244942
000986.png,-1.6237560510635376,-3.8751230239868164,193.4008026123047,-0.0007945537217892706,-0.007399365305900574,-0.009210570715367794
000987.png,-1.6338670253753662,-3.9058759212493896,194.77639770507812,0.0008959219558164477,-0.0076552205719053745,-0.007694541476666927
000988.png,-1.6455390453338623,-3.938930034637451,196.15089416503906,0.0024011614732444286,-0.007965309545397758,-0.0076590939424932
000989.png,-1.657444953918457,-3.973594903945923,197.5229034423828,0.0030459463596343994,-0.00816577672958374,-0.0072752744890749454
000990.png,-1.6698670387268066,-4.009131908416748,198.8896026611328,0.0017625974724069238,-0.008291630074381828,-0.007932689972221851
000991.png,-1.68230402469635,-4.042827129364014,200.25469970703125,0.00027236310415901244,-0.00848116260021925,-0.008131402544677258
000992.png,-1.6948779821395874,-4.074851036071777,201.61099243164062,-1.4920985904609552e-06,-0.008703700266778469,-0.00834010262042284
000993.png,-1.7059839963912964,-4.10685920715332,202.9698028564453,-0.0004067655245307833,-0.008821045979857445,-0.008602477610111237
000994.png,-1.717411994934082,-4.139884948730469,204.32260131835938,-0.0004173833876848221,-0.008744947612285614,-0.009299175813794136
000995.png,-1.7275739908218384,-4.1718621253967285,205.6688995361328,0.0001917901390697807,-0.008936136960983276,-0.009401638992130756
000996.png,-1.7377779483795166,-4.204811096191406,207.01220703125,0.0006100828759372234,-0.009117776528000832,-0.009098397567868233
000997.png,-1.7464419603347778,-4.238780975341797,208.35060119628906,0.0013695048401132226,-0.009240488521754742,-0.008666886948049068
000998.png,-1.7571959495544434,-4.270954132080078,209.6907958984375,0.0006271617603488266,-0.009317182935774326,-0.00868871808052063
000999.png,-1.7683990001678467,-4.303818225860596,211.0251007080078,-7.03543919371441e-05,-0.009543413296341896,-0.009179036132991314
001000.png,-1.7800049781799316,-4.335484981536865,212.35049438476562,0.00023489703016821295,-0.009826281107962132,-0.008752956986427307
001001.png,-1.7924879789352417,-4.366042137145996,213.6667938232422,6.788039900129661e-05,-0.010427678935229778,-0.008500512689352036
001002.png,-1.8027280569076538,-4.397364139556885,214.96670532226562,-0.0013161766109988093,-0.01137880515307188,-0.007347490638494492
001003.png,-1.8149570226669312,-4.4286041259765625,216.247802734375,-0.003359665395691991,-0.012915609404444695,-0.007237308658659458
001004.png,-1.826714038848877,-4.458315849304199,217.5072021484375,-0.005624562036246061,-0.014452053233981133,-0.0062561179511249065
001005.png,-1.8425129652023315,-4.486884117126465,218.7425994873047,-0.008073382079601288,-0.01589960791170597,-0.006806532386690378
001006.png,-1.859734058380127,-4.515014171600342,219.9508056640625,-0.008103689178824425,-0.017352839931845665,-0.007790210656821728
001007.png,-1.8778899908065796,-4.5404791831970215,221.12869262695312,-0.007104729767888784,-0.018821680918335915,-0.007835297845304012
001008.png,-1.8951679468154907,-4.569334983825684,222.2852020263672,-0.00753946416079998,-0.021085303276777267,-0.007392591796815395
001009.png,-1.9172439575195312,-4.598297119140625,223.41079711914062,-0.007282210048288107,-0.024422237649559975,-0.0073743946850299835
001010.png,-1.9416699409484863,-4.62517786026001,224.50509643554688,-0.006802597548812628,-0.028181681409478188,-0.006546335760504007
001011.png,-1.971966028213501,-4.6518330574035645,225.56719970703125,-0.006471564061939716,-0.031709033995866776,-0.007418349850922823
001012.png,-2.0045809745788574,-4.679494857788086,226.60350036621094,-0.006106285378336906,-0.03458046168088913,-0.008050392381846905
001013.png,-2.0401508808135986,-4.706338882446289,227.60350036621094,-0.006312534213066101,-0.03672734647989273,-0.010338185355067253
001014.png,-2.073777914047241,-4.731016159057617,228.57420349121094,-0.007554864045232534,-0.038112934678792953,-0.010282867588102818
001015.png,-2.1060140132904053,-4.755443096160889,229.5124969482422,-0.009394637309014797,-0.03949585556983948,-0.010250633582472801
001016.png,-2.1396169662475586,-4.778138160705566,230.4145965576172,-0.009860431775450706,-0.04092007875442505,-0.010083852335810661
001017.png,-2.174190044403076,-4.799161911010742,231.28680419921875,-0.009691172279417515,-0.04263642430305481,-0.01041446253657341
001018.png,-2.207887887954712,-4.818374156951904,232.1262969970703,-0.009264913387596607,-0.04457392916083336,-0.00975930318236351
001019.png,-2.243669033050537,-4.8385748863220215,232.9333038330078,-0.007621004246175289,-0.04634851962327957,-0.010926570743322372
001020.png,-2.2800679206848145,-4.860372066497803,233.71890258789062,-0.0050528934225440025,-0.0469621978700161,-0.012574514374136925
001021.png,-2.3149709701538086,-4.8816328048706055,234.49209594726562,-0.0010048217372968793,-0.045710239559412,-0.014273112639784813
001022.png,-2.346879005432129,-4.903082847595215,235.26539611816406,0.002381610684096813,-0.04201045632362366,-0.01602999120950699
001023.png,-2.372559070587158,-4.9236931800842285,236.03720092773438,0.00337972235865891,-0.03713535517454147,-0.015794074162840843
001024.png,-2.391165018081665,-4.943065166473389,236.8074951171875,0.002615302801132202,-0.03288310393691063,-0.014241348952054977
001025.png,-2.4063398838043213,-4.961684226989746,237.57620239257812,0.001416974700987339,-0.028788506984710693,-0.012510069645941257
001026.png,-2.4215400218963623,-4.9796061515808105,238.33839416503906,0.000329907750710845,-0.024492887780070305,-0.011183026246726513
001027.png,-2.4381721019744873,-4.997815132141113,239.1020965576172,3.642191950348206e-05,-0.019937923178076744,-0.01119384914636612
001028.png,-2.449187994003296,-5.016119956970215,239.8592987060547,0.00018579211609903723,-0.015395266935229301,-0.010877403430640697
001029.png,-2.4574708938598633,-5.0328569412231445,240.61380004882812,0.00022921156778465956,-0.011194143444299698,-0.010920761153101921
001030.png,-2.464848041534424,-5.049015998840332,241.36520385742188,-0.00015070481458678842,-0.00738482316955924,-0.010965238325297832
001031.png,-2.4711179733276367,-5.064022064208984,242.11300659179688,-0.001199421938508749,-0.003815986216068268,-0.01076145563274622
001032.png,-2.477940082550049,-5.076752185821533,242.85850524902344,-0.002551672514528036,-0.0006734735798090696,-0.011033416725695133
001033.png,-2.481229066848755,-5.090455055236816,243.6011962890625,-0.003026439808309078,0.0012407783651724458,-0.010295569896697998
001034.png,-2.485940933227539,-5.103671073913574,244.3383026123047,-0.0019989698193967342,0.0023417710326611996,-0.009832218289375305
001035.png,-2.4876039028167725,-5.118721961975098,245.0751953125,0.0006909523508511484,0.0031697703525424004,-0.009971868246793747
001036.png,-2.49324893951416,-5.131838798522949,245.81640625,0.004488321952521801,0.003942080307751894,-0.010864977724850178
001037.png,-2.494729995727539,-5.147360801696777,246.5623016357422,0.0066942512057721615,0.004401609767228365,-0.010857148095965385
001038.png,-2.49727201461792,-5.164437770843506,247.31570434570312,0.0067916144616901875,0.00395938940346241,-0.010033776983618736
001039.png,-2.498605966567993,-5.182584762573242,248.07229614257812,0.00638835271820426,0.003413028549402952,-0.00945320911705494
001040.png,-2.503084897994995,-5.199297904968262,248.83290100097656,0.006140748504549265,0.0027718758210539818,-0.010473601520061493
001041.png,-2.506485939025879,-5.218218803405762,249.59910583496094,0.00764469662681222,0.002226969925686717,-0.010816207155585289
001042.png,-2.50850510597229,-5.237783908843994,250.3665008544922,0.010080864652991295,0.002596852835267782,-0.009152412414550781
001043.png,-2.5055630207061768,-5.25684118270874,251.13949584960938,0.011869886890053749,0.0033799356315284967,-0.006431045010685921
001044.png,-2.503453016281128,-5.2730841636657715,251.92160034179688,0.009692826308310032,0.004581992048770189,-0.005237732548266649
001045.png,-2.5085411071777344,-5.2892351150512695,252.7115936279297,0.0037940863985568285,0.005503506865352392,-0.009413156658411026
001046.png,-2.5071210861206055,-5.306929111480713,253.50880432128906,-0.002202319912612438,0.006886778865009546,-0.00965680368244648
001047.png,-2.498934030532837,-5.321531772613525,254.30369567871094,-0.0019533175509423018,0.008787318132817745,-0.007637771312147379
001048.png,-2.491981029510498,-5.336195945739746,255.0989990234375,0.0040768845938146114,0.01193772442638874,-0.007965832948684692
001049.png,-2.485560894012451,-5.351122856140137,255.89999389648438,0.008962373249232769,0.01507877092808485,-0.009525956586003304
001050.png,-2.475778102874756,-5.370200157165527,256.706787109375,0.00975017249584198,0.01740543730556965,-0.011140537448227406
001051.png,-2.46159291267395,-5.3927202224731445,257.5259094238281,0.008144167251884937,0.019714996218681335,-0.011045841500163078
001052.png,-2.442073106765747,-5.414196014404297,258.3481140136719,0.005620914977043867,0.021768899634480476,-0.00876970961689949
001053.png,-2.418787956237793,-5.432422161102295,259.1759033203125,0.004355905577540398,0.023493951186537743,-0.0051785302348434925
001054.png,-2.398098945617676,-5.451574802398682,260.0072021484375,0.005054343957453966,0.02551789954304695,-0.0045417845249176025
001055.png,-2.3794000148773193,-5.472421169281006,260.8435974121094,0.007354517001658678,0.027430538088083267,-0.006422665901482105
001056.png,-2.357177972793579,-5.492976188659668,261.68780517578125,0.010674059391021729,0.02886432781815529,-0.007780660409480333
001057.png,-2.3316490650177,-5.513461112976074,262.5408020019531,0.012661480344831944,0.030431916937232018,-0.007983805611729622
001058.png,-2.305211067199707,-5.536212921142578,263.4078063964844,0.011099344119429588,0.03243103623390198,-0.008898425847291946
001059.png,-2.2784459590911865,-5.560784816741943,264.28271484375,0.009027482941746712,0.034599293023347855,-0.010071477852761745
001060.png,-2.248879909515381,-5.585020065307617,265.1669921875,0.008570410311222076,0.03602750226855278,-0.010450191795825958
001061.png,-2.2170259952545166,-5.608339786529541,266.0592956542969,0.009032472968101501,0.036514945328235626,-0.010406434535980225
001062.png,-2.1810479164123535,-5.632765769958496,266.96038818359375,0.00928252749145031,0.036593616008758545,-0.0083002345636487
001063.png,-2.144562005996704,-5.657824993133545,267.8692932128906,0.008290087804198265,0.036651697009801865,-0.006883818656206131
001064.png,-2.107090950012207,-5.684566020965576,268.7872009277344,0.00809900090098381,0.03695765137672424,-0.005787846632301807
001065.png,-2.0729949474334717,-5.710526943206787,269.7117004394531,0.007573376875370741,0.037037186324596405,-0.00505105359479785
001066.png,-2.0398569107055664,-5.7354841232299805,270.64349365234375,0.006675089709460735,0.03683314472436905,-0.00455846032127738
001067.png,-2.0081369876861572,-5.759966850280762,271.5780029296875,0.004861744586378336,0.03653327748179436,-0.005163724534213543
001068.png,-1.9771829843521118,-5.786934852600098,272.5155944824219,0.004211756866425276,0.03563516214489937,-0.004888464231044054
001069.png,-1.9485770463943481,-5.8130388259887695,273.45111083984375,0.004463983234018087,0.03394487872719765,-0.00498151732608676
001070.png,-1.9236940145492554,-5.83750581741333,274.3868103027344,0.0054880473762750626,0.03164264187216759,-0.005214138887822628
001071.png,-1.903306007385254,-5.8627519607543945,275.3219909667969,0.006198547314852476,0.029026905074715614,-0.0066782329231500626
001072.png,-1.886301040649414,-5.888991832733154,276.255615234375,0.0063408659771084785,0.026352819055318832,-0.008348075672984123
001073.png,-1.8719580173492432,-5.9145989418029785,277.18939208984375,0.005769896320998669,0.023595329374074936,-0.009554029442369938
001074.png,-1.8601709604263306,-5.940086841583252,278.1217041015625,0.004370366223156452,0.02105306275188923,-0.01058892346918583
001075.png,-1.8501650094985962,-5.965237140655518,279.0549011230469,0.002347916131839156,0.018551213666796684,-0.010670938529074192
001076.png,-1.841130018234253,-5.989292144775391,279.9822082519531,0.000981331686489284,0.016321424394845963,-0.010830353945493698
001077.png,-1.8348779678344727,-6.011765956878662,280.9067077636719,0.0002565137983765453,0.014212198555469513,-0.011074384674429893
001078.png,-1.8295379877090454,-6.033194065093994,281.8283996582031,-1.593284287082497e-05,0.012334753759205341,-0.011471585370600224
001079.png,-1.8244229555130005,-6.0542402267456055,282.7471923828125,9.747641161084175e-05,0.010722235776484013,-0.01060623861849308
001080.png,-1.8203779458999634,-6.076006889343262,283.66259765625,0.0005746146780438721,0.009278175421059132,-0.01029781624674797
001081.png,-1.8191879987716675,-6.09725284576416,284.57379150390625,0.0008329171105287969,0.007812324445694685,-0.01034265011548996
001082.png,-1.8200780153274536,-6.118356227874756,285.472900390625,6.385336018865928e-05,0.006343103013932705,-0.011121673509478569
001083.png,-1.8212929964065552,-6.140076160430908,286.35589599609375,-0.0010157432407140732,0.005087422672659159,-0.011009413748979568
001084.png,-1.8246649503707886,-6.162957191467285,287.21649169921875,-0.0006065183551982045,0.0041249897330999374,-0.012258091010153294
001085.png,-1.8311320543289185,-6.186044216156006,288.0602111816406,0.0015548985684290528,0.003564334474503994,-0.014719445258378983
001086.png,-1.835811972618103,-6.208970069885254,288.8905029296875,0.004587204661220312,0.003352315630763769,-0.017254693433642387
001087.png,-1.8385729789733887,-6.232745170593262,289.7168884277344,0.006821218878030777,0.0033399572130292654,-0.018911952152848244
001088.png,-1.8415989875793457,-6.257806777954102,290.5415954589844,0.0074297538958489895,0.0036989504005759954,-0.020619681105017662
001089.png,-1.8438270092010498,-6.281585216522217,291.3656921386719,0.00798778422176838,0.004226073622703552,-0.02259092405438423
001090.png,-1.844053030014038,-6.305430889129639,292.1856994628906,0.008770584128797054,0.005153775680810213,-0.023741906508803368
001091.png,-1.8432430028915405,-6.332347869873047,293.0003967285156,0.00974730122834444,0.006714856252074242,-0.025685343891382217
001092.png,-1.8402090072631836,-6.360715866088867,293.81219482421875,0.010037994012236595,0.00830192118883133,-0.02687627077102661
001093.png,-1.8361860513687134,-6.387429237365723,294.6199035644531,0.00885049533098936,0.009520132094621658,-0.027841385453939438
001094.png,-1.8298360109329224,-6.41440486907959,295.42840576171875,0.006897332146763802,0.010393106378614902,-0.02736678160727024
001095.png,-1.8238320350646973,-6.44031286239624,296.231689453125,0.0047129420563578606,0.01022578775882721,-0.026217173784971237
001096.png,-1.8179399967193604,-6.4641900062561035,297.0309143066406,0.0026479335501790047,0.00892573967576027,-0.024982010945677757
001097.png,-1.814743995666504,-6.486178874969482,297.82830810546875,0.0010530748404562473,0.007381182163953781,-0.024218536913394928
001098.png,-1.8120349645614624,-6.506511211395264,298.6242980957031,0.00028351889341138303,0.005882240831851959,-0.023367470130324364
001099.png,-1.8095170259475708,-6.524788856506348,299.422607421875,-0.0008165862527675927,0.004430131521075964,-0.02221846580505371
001100.png,-1.8076210021972656,-6.541553974151611,300.22320556640625,-0.0013180843088775873,0.002451904583722353,-0.020448196679353714
