frame,x,y,z,rx,ry,rz
000000.png,0.0,0.0,0.0,0.0,0.0,0.0
000001.png,0.015630409121513367,-0.02465895190834999,0.004695989191532135,0.022570285946130753,0.022736579179763794,0.04078986123204231
000002.png,-0.09475622326135635,-0.02995949611067772,0.04061711207032204,0.04422755539417267,0.03618428111076355,0.08827126026153564
000003.png,-0.28694474697113037,-0.014181453734636307,0.12224119901657104,0.07410307228565216,0.04256024211645126,0.1429762840270996
000004.png,-0.5055392980575562,-0.007705312222242355,0.23746588826179504,0.1120113879442215,0.048443544656038284,0.21105064451694489
000005.png,-0.7384123802185059,0.003897249698638916,0.3477303981781006,0.13965974748134613,0.06372851878404617,0.2846176028251648
000006.png,-0.9776451587677002,0.01130739226937294,0.44851255416870117,0.18538662791252136,0.08843831717967987,0.37354910373687744
000007.png,-1.1913223266601562,0.010708663612604141,0.5262151956558228,0.21113871037960052,0.11041721701622009,0.46512776613235474
000008.png,-1.3498075008392334,0.0022856444120407104,0.6664896607398987,0.20222990214824677,0.11991395056247711,0.552704393863678
000009.png,-1.4726412296295166,0.011494450271129608,0.8469738364219666,0.16434070467948914,0.11985594034194946,0.6364969611167908
000010.png,-1.5696020126342773,0.04054202139377594,0.9760308861732483,0.12635494768619537,0.11633752286434174,0.6664813756942749
000011.png,-1.662703275680542,0.06566760689020157,1.0601541996002197,0.0636519193649292,0.1277521550655365,0.6931318044662476
000012.png,-1.7590841054916382,0.10525131225585938,1.1158561706542969,0.03115655854344368,0.1438313126564026,0.6937980055809021
000013.png,-1.871537208557129,0.13931363821029663,1.1116526126861572,0.03139987215399742,0.17289502918720245,0.716015100479126
000014.png,-1.9753446578979492,0.17692694067955017,1.1064603328704834,0.02144962176680565,0.21220871806144714,0.7897165417671204
000015.png,-2.0883474349975586,0.2046358585357666,1.0999706983566284,0.010285471566021442,0.24744217097759247,0.8736066818237305
000016.png,-2.236140012741089,0.2216065227985382,1.115935206413269,0.028033297508955002,0.27206864953041077,0.9431672096252441
000017.png,-2.3931491374969482,0.2361328899860382,1.1351659297943115,0.008631423115730286,0.27015063166618347,1.0420578718185425
000018.png,-2.5120224952697754,0.24065174162387848,1.2075637578964233,-0.027115236967802048,0.25413116812705994,1.162516713142395
000019.png,-2.5795891284942627,0.2557051479816437,1.304228663444519,-0.09382762014865875,0.23439843952655792,1.2523828744888306
000020.png,-2.670677661895752,0.29077526926994324,1.4381836652755737,-0.15941543877124786,0.2182924896478653,1.3143786191940308
000021.png,-2.7770750522613525,0.31052741408348083,1.5586247444152832,-0.19603943824768066,0.2250419408082962,1.332815408706665
000022.png,-2.8215441703796387,0.3573571741580963,1.6373661756515503,-0.21111595630645752,0.2337007373571396,1.3530091047286987
000023.png,-2.861004590988159,0.3790937066078186,1.709364414215088,-0.23472118377685547,0.238925039768219,1.4321694374084473
000024.png,-2.8665428161621094,0.3875575661659241,1.8542261123657227,-0.3037645220756531,0.24116915464401245,1.5225180387496948
000025.png,-2.856964349746704,0.37839069962501526,2.0306990146636963,-0.3547890782356262,0.26184263825416565,1.5670584440231323
000026.png,-2.8815059661865234,0.3561568558216095,2.176300287246704,-0.3865044414997101,0.2837626338005066,1.5911961793899536
000027.png,-2.91679310798645,0.34420594573020935,2.335853099822998,-0.4487593472003937,0.2984602451324463,1.6096134185791016
000028.png,-2.905350685119629,0.35694220662117004,2.483726739883423,-0.574912965297699,0.313282310962677,1.599487543106079
000029.png,-2.8446459770202637,0.3765014410018921,2.5433802604675293,-0.7167624831199646,0.33101972937583923,1.6023437976837158
000030.png,-2.7979230880737305,0.3792720437049866,2.5611557960510254,-0.8089436888694763,0.34309592843055725,1.5816919803619385
000031.png,-2.7527551651000977,0.41598889231681824,2.646315574645996,-0.8752718567848206,0.3645213842391968,1.5653401613235474
000032.png,-2.731011152267456,0.4671861529350281,2.774271011352539,-0.9429402947425842,0.3800019919872284,1.5588630437850952
000033.png,-2.721768379211426,0.5067877769470215,2.9382333755493164,-1.009179949760437,0.3941051959991455,1.5614030361175537
000034.png,-2.698320150375366,0.5507023334503174,3.0821046829223633,-1.0587884187698364,0.4178277254104614,1.5796360969543457
000035.png,-2.659691333770752,0.5986735820770264,3.2146644592285156,-1.1039587259292603,0.4413277506828308,1.6001232862472534
000036.png,-2.6376752853393555,0.6279326677322388,3.3372702598571777,-1.1438730955123901,0.4646388590335846,1.6191152334213257
000037.png,-2.6411209106445312,0.6292762160301208,3.4656689167022705,-1.1786662340164185,0.4948999285697937,1.6790988445281982
000038.png,-2.6782374382019043,0.616524338722229,3.577857255935669,-1.2046611309051514,0.5245639085769653,1.7660443782806396
000039.png,-2.755030393600464,0.6174299716949463,3.684636116027832,-1.232129454612732,0.5479024052619934,1.8693650960922241
000040.png,-2.8283989429473877,0.6245702505111694,3.838989496231079,-1.2675278186798096,0.5739219188690186,1.9630335569381714
000041.png,-2.878810167312622,0.6278928518295288,4.048364162445068,-1.325028896331787,0.589094877243042,2.0637435913085938
000042.png,-2.9491348266601562,0.6098147630691528,4.2900004386901855,-1.4262018203735352,0.5959268808364868,2.2012104988098145
000043.png,-3.0417051315307617,0.6293016672134399,4.540843963623047,-1.5027565956115723,0.6022736430168152,2.277209520339966
000044.png,-3.167546510696411,0.6601358652114868,4.769377708435059,-1.589825987815857,0.6145597696304321,2.3910844326019287
000045.png,-3.307142496109009,0.6904062032699585,4.9743242263793945,-1.6435902118682861,0.6299389004707336,2.49308443069458
000046.png,-3.4724984169006348,0.7297638654708862,5.1311774253845215,-1.6667917966842651,0.638414204120636,2.5749282836914062
000047.png,-3.6646971702575684,0.7659617066383362,5.2695698738098145,-1.6763348579406738,0.6418887972831726,2.6674094200134277
000048.png,-3.8822290897369385,0.787000298500061,5.391907215118408,-1.6881170272827148,0.6412286758422852,2.736809492111206
000049.png,-4.101674556732178,0.8101907968521118,5.5430755615234375,-1.7077269554138184,0.6262306571006775,2.8231921195983887
000050.png,-4.302722930908203,0.8293870687484741,5.73150634765625,-1.7078402042388916,0.6391357779502869,2.911496162414551
000051.png,-4.479639053344727,0.814765214920044,5.890953063964844,-1.7117986679077148,0.6698834300041199,2.961672782897949
000052.png,-4.623421669006348,0.825227677822113,6.020668029785156,-1.720166563987732,0.6750884056091309,2.9943814277648926
000053.png,-4.767953395843506,0.8352971076965332,6.140448093414307,-1.7273709774017334,0.6860960721969604,3.052431583404541
000054.png,-4.918180465698242,0.8416610360145569,6.295448303222656,-1.786154866218567,0.6824344396591187,3.072221279144287
000055.png,-4.998244285583496,0.864540159702301,6.428685665130615,-1.8379709720611572,0.679415225982666,3.084265947341919
000056.png,-5.067275524139404,0.8939948081970215,6.576197624206543,-1.907368540763855,0.6693911552429199,3.1225147247314453
000057.png,-5.15447473526001,0.9290488958358765,6.751724720001221,-1.965233564376831,0.6479030847549438,3.163581132888794
000058.png,-5.247450828552246,0.9737297296524048,6.924677848815918,-2.017211675643921,0.6279023885726929,3.1854422092437744
000059.png,-5.329351425170898,1.0042134523391724,7.081068515777588,-2.032707452774048,0.6216121315956116,3.1963963508605957
000060.png,-5.429956436157227,1.0415575504302979,7.245048999786377,-2.037808895111084,0.6058084964752197,3.2211673259735107
000061.png,-5.566483020782471,1.0886753797531128,7.42952299118042,-2.07053804397583,0.5710638165473938,3.3136074542999268
000062.png,-5.739180564880371,1.1327579021453857,7.635311126708984,-2.105640172958374,0.5429434776306152,3.3996477127075195
000063.png,-5.9107208251953125,1.1686043739318848,7.848142147064209,-2.121929883956909,0.5300901532173157,3.46047043800354
000064.png,-6.067558765411377,1.2222990989685059,8.026474952697754,-2.096911668777466,0.5330851674079895,3.5245518684387207
000065.png,-6.224893569946289,1.2323156595230103,8.155179023742676,-2.0493409633636475,0.5563036203384399,3.595592975616455
000066.png,-6.35591459274292,1.224132776260376,8.302224159240723,-2.045292615890503,0.5598741173744202,3.6804332733154297
000067.png,-6.448413372039795,1.2346916198730469,8.428081512451172,-2.034541606903076,0.5622105002403259,3.7333595752716064
000068.png,-6.567060947418213,1.211108922958374,8.57496166229248,-2.036713123321533,0.5730710029602051,3.8058910369873047
000069.png,-6.677320957183838,1.2149457931518555,8.725369453430176,-2.0249125957489014,0.5895238518714905,3.843125343322754
000070.png,-6.77202033996582,1.2291346788406372,8.941569328308105,-2.017986536026001,0.5884218215942383,3.917877435684204
000071.png,-6.8145551681518555,1.2639203071594238,9.133160591125488,-2.0191497802734375,0.5875546336174011,3.964989423751831
000072.png,-6.835720539093018,1.2935081720352173,9.257906913757324,-2.0298187732696533,0.5979403853416443,3.992307424545288
000073.png,-6.917503833770752,1.2848516702651978,9.398941993713379,-2.0576682090759277,0.6001274585723877,4.039345741271973
000074.png,-7.00347900390625,1.3272501230239868,9.526748657226562,-2.089724540710449,0.5997074246406555,4.123138427734375
000075.png,-7.161165237426758,1.340118169784546,9.67611026763916,-2.184760570526123,0.600617527961731,4.175379753112793
000076.png,-7.288095474243164,1.3738596439361572,9.827220916748047,-2.2029647827148438,0.6126067042350769,4.152702331542969
000077.png,-7.3930230140686035,1.4187947511672974,9.907858848571777,-2.1881232261657715,0.6340451836585999,4.157179355621338
000078.png,-7.458588123321533,1.468303918838501,10.049385070800781,-2.247814416885376,0.6546686291694641,4.202815532684326
000079.png,-7.481071472167969,1.513238549232483,10.162967681884766,-2.3390698432922363,0.6843742728233337,4.258965969085693
000080.png,-7.489933967590332,1.5591822862625122,10.248823165893555,-2.4202470779418945,0.7159377336502075,4.312098503112793
000081.png,-7.512397289276123,1.5927928686141968,10.329855918884277,-2.493593454360962,0.7362369894981384,4.322168827056885
000082.png,-7.522676944732666,1.6374236345291138,10.393144607543945,-2.5534582138061523,0.7523972988128662,4.299324035644531
000083.png,-7.516728401184082,1.689573049545288,10.423758506774902,-2.609856605529785,0.7599238753318787,4.283390522003174
000084.png,-7.465223789215088,1.7477995157241821,10.415437698364258,-2.665761947631836,0.7676985263824463,4.276408672332764
000085.png,-7.3868842124938965,1.8123492002487183,10.408171653747559,-2.7077043056488037,0.7781157493591309,4.268492698669434
000086.png,-7.282990455627441,1.8848296403884888,10.405777931213379,-2.732182741165161,0.7902199625968933,4.263500690460205
000087.png,-7.167347431182861,1.9642583131790161,10.414586067199707,-2.747987747192383,0.8031067848205566,4.265434265136719
000088.png,-7.05404806137085,2.046485424041748,10.44498348236084,-2.7653520107269287,0.8146060109138489,4.27680778503418
000089.png,-6.945103645324707,2.1298305988311768,10.490068435668945,-2.7851555347442627,0.827272355556488,4.2928009033203125
000090.png,-6.849253177642822,2.210674524307251,10.541742324829102,-2.808445930480957,0.8412367701530457,4.314259052276611
000091.png,-6.7598490715026855,2.2884135246276855,10.592169761657715,-2.835216760635376,0.8584170341491699,4.342374324798584
000092.png,-6.670716762542725,2.3631064891815186,10.640398025512695,-2.856025457382202,0.879440426826477,4.374312877655029
000093.png,-6.579004764556885,2.4346954822540283,10.689559936523438,-2.8685619831085205,0.9020642638206482,4.417613983154297
000094.png,-6.490576267242432,2.4974145889282227,10.723594665527344,-2.8672597408294678,0.9267270565032959,4.455606460571289
000095.png,-6.411824703216553,2.560171604156494,10.736745834350586,-2.860167980194092,0.9475473165512085,4.493988513946533
000096.png,-6.346813201904297,2.629911184310913,10.750731468200684,-2.8522469997406006,0.9666736721992493,4.521910667419434
000097.png,-6.280240058898926,2.6976187229156494,10.752375602722168,-2.845247983932495,0.9867208003997803,4.545960903167725
000098.png,-6.213842868804932,2.761033058166504,10.766037940979004,-2.8507580757141113,1.0013059377670288,4.567724704742432
000099.png,-6.142812728881836,2.8135178089141846,10.769296646118164,-2.877871036529541,1.016161322593689,4.570906162261963
000100.png,-6.078575134277344,2.8506345748901367,10.781415939331055,-2.903930902481079,1.0327281951904297,4.579918384552002
000101.png,-6.038178443908691,2.885483503341675,10.818937301635742,-2.964285135269165,1.035599708557129,4.59989595413208
000102.png,-5.9957194328308105,2.9451839923858643,10.886089324951172,-3.029611110687256,1.0337181091308594,4.608973503112793
000103.png,-5.938243389129639,3.00423002243042,10.91699504852295,-3.076141119003296,1.0347248315811157,4.606975555419922
000104.png,-5.864772796630859,3.074171543121338,10.897109031677246,-3.108948230743408,1.0460706949234009,4.569231986999512
000105.png,-5.8137383460998535,3.1452879905700684,10.888646125793457,-3.218026638031006,1.0595420598983765,4.5178728103637695
000106.png,-5.7248148918151855,3.186582088470459,10.83020305633545,-3.287532091140747,1.0927481651306152,4.490910530090332
000107.png,-5.711191177368164,3.229127883911133,10.832058906555176,-3.3570199012756348,1.1171081066131592,4.399646759033203
000108.png,-5.709003448486328,3.2887580394744873,10.8353853225708,-3.4214882850646973,1.1478583812713623,4.3344573974609375
000109.png,-5.692298412322998,3.360740900039673,10.865775108337402,-3.469862222671509,1.171796202659607,4.291256904602051
000110.png,-5.678928375244141,3.4460556507110596,10.915390014648438,-3.510469913482666,1.177695870399475,4.272623062133789
000111.png,-5.63607120513916,3.5460872650146484,10.987909317016602,-3.5406389236450195,1.183127522468567,4.266912937164307
000112.png,-5.589742183685303,3.6515605449676514,11.085331916809082,-3.5823464393615723,1.194862961769104,4.286652088165283
000113.png,-5.5379958152771,3.7409539222717285,11.213947296142578,-3.623473644256592,1.1936994791030884,4.333828449249268
000114.png,-5.504913330078125,3.8258779048919678,11.380491256713867,-3.6495962142944336,1.193542718887329,4.3730950355529785
000115.png,-5.50119686126709,3.9130046367645264,11.542555809020996,-3.6617112159729004,1.2054909467697144,4.410455703735352
000116.png,-5.546762943267822,3.978253126144409,11.69005012512207,-3.6661689281463623,1.217839002609253,4.46343469619751
000117.png,-5.6228251457214355,4.031339645385742,11.81885814666748,-3.6586060523986816,1.2359334230422974,4.505165100097656
000118.png,-5.6636528968811035,4.073079586029053,11.986882209777832,-3.671618700027466,1.2450506687164307,4.57668399810791
000119.png,-5.689225673675537,4.114959716796875,12.20418643951416,-3.7259159088134766,1.2668477296829224,4.633520126342773
000120.png,-5.717874050140381,4.168508529663086,12.453553199768066,-3.755289077758789,1.2891216278076172,4.729296684265137
000121.png,-5.761164665222168,4.216662883758545,12.709583282470703,-3.785861015319824,1.311438798904419,4.814964771270752
000122.png,-5.833391189575195,4.2569122314453125,12.946149826049805,-3.8132975101470947,1.3281954526901245,4.82920503616333
000123.png,-5.879409313201904,4.321666240692139,13.155196189880371,-3.83316707611084,1.3333005905151367,4.798977851867676
000124.png,-5.9052557945251465,4.377668380737305,13.322493553161621,-3.852022886276245,1.3324204683303833,4.7873687744140625
000125.png,-5.913674354553223,4.442200660705566,13.496550559997559,-3.864537239074707,1.3347134590148926,4.776630878448486
000126.png,-5.899393558502197,4.523247718811035,13.660846710205078,-3.8751089572906494,1.3438057899475098,4.775280952453613
000127.png,-5.888864994049072,4.606276512145996,13.808893203735352,-3.892606019973755,1.3518943786621094,4.789242744445801
000128.png,-5.889800548553467,4.69089937210083,13.965187072753906,-3.9257614612579346,1.362982153892517,4.811750411987305
000129.png,-5.872786045074463,4.761904716491699,14.13029956817627,-3.9603424072265625,1.3782589435577393,4.847303867340088
000130.png,-5.831408500671387,4.833499431610107,14.306937217712402,-4.012945652008057,1.386844515800476,4.882881164550781
000131.png,-5.813473224639893,4.90504264831543,14.52002239227295,-4.090579509735107,1.4029499292373657,4.9068827629089355
000132.png,-5.773568153381348,4.990781307220459,14.727949142456055,-4.1435770988464355,1.4177745580673218,4.972757816314697
000133.png,-5.7158522605896,5.082118511199951,14.891552925109863,-4.163207530975342,1.4251272678375244,5.0430006980896
000134.png,-5.641942501068115,5.182495594024658,14.996453285217285,-4.159214019775391,1.4328601360321045,5.091497421264648
000135.png,-5.560670852661133,5.286716461181641,15.067678451538086,-4.138526916503906,1.442123532295227,5.1198320388793945
000136.png,-5.5066070556640625,5.391641139984131,15.171600341796875,-4.148865699768066,1.4651083946228027,5.136750221252441
000137.png,-5.491843223571777,5.50336217880249,15.30971908569336,-4.171550273895264,1.4974302053451538,5.132801055908203
000138.png,-5.5213799476623535,5.611678123474121,15.450794219970703,-4.175641059875488,1.5289157629013062,5.121994495391846
000139.png,-5.597105026245117,5.707807540893555,15.619185447692871,-4.193502902984619,1.5569592714309692,5.101249694824219
000140.png,-5.672726154327393,5.783610820770264,15.821331977844238,-4.250001430511475,1.5796289443969727,5.111384391784668
000141.png,-5.7408623695373535,5.845245361328125,16.038572311401367,-4.333627223968506,1.5932199954986572,5.130784511566162
000142.png,-5.8491034507751465,5.8855109214782715,16.278705596923828,-4.419530391693115,1.611084222793579,5.132043838500977
000143.png,-5.928628444671631,5.935877799987793,16.522785186767578,-4.501893997192383,1.6325074434280396,5.141273021697998
000144.png,-5.999621391296387,5.999411582946777,16.752248764038086,-4.564818382263184,1.6450998783111572,5.177318096160889
000145.png,-6.029365062713623,6.063232421875,16.943527221679688,-4.609523296356201,1.6507340669631958,5.220700263977051
000146.png,-6.063974857330322,6.124747276306152,17.11693000793457,-4.623202800750732,1.6532431840896606,5.246830463409424
000147.png,-6.134637832641602,6.1801652908325195,17.283449172973633,-4.636714935302734,1.6609877347946167,5.289668083190918
000148.png,-6.173426151275635,6.2404303550720215,17.448261260986328,-4.649648189544678,1.6713664531707764,5.355164527893066
000149.png,-6.187242031097412,6.304117679595947,17.642534255981445,-4.630289077758789,1.69185209274292,5.420302391052246
000150.png,-6.246746063232422,6.352471828460693,17.851713180541992,-4.601712226867676,1.7082493305206299,5.463393211364746
000151.png,-6.3288164138793945,6.377748489379883,18.106159210205078,-4.5989484786987305,1.7134525775909424,5.506131649017334
000152.png,-6.416229248046875,6.386183738708496,18.421661376953125,-4.6151933670043945,1.7127435207366943,5.570036888122559
000153.png,-6.506834983825684,6.383176803588867,18.712087631225586,-4.664842128753662,1.7020938396453857,5.650790214538574
000154.png,-6.5582990646362305,6.393770694732666,19.003053665161133,-4.740972518920898,1.696936845779419,5.688803195953369
000155.png,-6.595159530639648,6.402869701385498,19.298686981201172,-4.829082012176514,1.71925950050354,5.697975158691406
000156.png,-6.659354209899902,6.423497676849365,19.594810485839844,-4.8855462074279785,1.7369418144226074,5.7574639320373535
000157.png,-6.781771659851074,6.44462776184082,19.893314361572266,-4.93161678314209,1.7557507753372192,5.828967571258545
000158.png,-6.964732646942139,6.432426452636719,20.17588233947754,-4.954547882080078,1.7798352241516113,5.83135461807251
000159.png,-7.181820869445801,6.423271179199219,20.40884780883789,-4.962049961090088,1.7999651432037354,5.782563209533691
000160.png,-7.414270401000977,6.396208763122559,20.67778778076172,-5.006139278411865,1.819785237312317,5.742972373962402
000161.png,-7.670304298400879,6.360687732696533,20.989791870117188,-5.063417434692383,1.8376710414886475,5.708634376525879
000162.png,-7.938883304595947,6.315134048461914,21.315580368041992,-5.103573322296143,1.84917151927948,5.673696994781494
000163.png,-8.182164192199707,6.293311595916748,21.603593826293945,-5.144436359405518,1.8574132919311523,5.680578231811523
000164.png,-8.436714172363281,6.273475170135498,21.88225555419922,-5.198038101196289,1.8604099750518799,5.702507495880127
000165.png,-8.71187973022461,6.2326154708862305,22.16796875,-5.248732566833496,1.8700329065322876,5.725270748138428
000166.png,-8.992289543151855,6.208505153656006,22.399988174438477,-5.281848907470703,1.8924192190170288,5.7241644859313965
000167.png,-9.24830150604248,6.198013782501221,22.604690551757812,-5.259688854217529,1.9186171293258667,5.699182033538818
000168.png,-9.511222839355469,6.1878509521484375,22.805761337280273,-5.246741771697998,1.9372600317001343,5.727841377258301
000169.png,-9.76971435546875,6.1640400886535645,22.993680953979492,-5.255777835845947,1.9515684843063354,5.743650913238525
000170.png,-10.031718254089355,6.145370006561279,23.152997970581055,-5.260023593902588,1.966353416442871,5.736253261566162
000171.png,-10.260285377502441,6.119403839111328,23.295743942260742,-5.278504848480225,1.9928302764892578,5.756103515625
000172.png,-10.465365409851074,6.097906589508057,23.425039291381836,-5.2801666259765625,2.0175228118896484,5.800742149353027
000173.png,-10.644632339477539,6.092321395874023,23.49131202697754,-5.2805495262146,2.030775785446167,5.844560623168945
000174.png,-10.83622932434082,6.101781368255615,23.539474487304688,-5.305441856384277,2.041353702545166,5.875683784484863
000175.png,-11.032280921936035,6.119729518890381,23.58493995666504,-5.3425726890563965,2.053530216217041,5.904208660125732
000176.png,-11.239230155944824,6.130666255950928,23.62468910217285,-5.370754241943359,2.071819543838501,5.914261817932129
000177.png,-11.439900398254395,6.139276504516602,23.647245407104492,-5.393486499786377,2.093144416809082,5.941274166107178
000178.png,-11.629772186279297,6.135711193084717,23.64366912841797,-5.413491249084473,2.1177315711975098,5.989068984985352
000179.png,-11.77438735961914,6.134838581085205,23.59319305419922,-5.44856071472168,2.1417388916015625,6.017221927642822
000180.png,-11.877297401428223,6.133276462554932,23.557790756225586,-5.47395133972168,2.1659810543060303,6.049960136413574
000181.png,-11.979415893554688,6.1331400871276855,23.533628463745117,-5.478237152099609,2.1923558712005615,6.10960578918457
000182.png,-12.103212356567383,6.129607677459717,23.50845718383789,-5.476293563842773,2.2070345878601074,6.183598518371582
000183.png,-12.222505569458008,6.11286735534668,23.47382164001465,-5.481425762176514,2.214763879776001,6.24969482421875
000184.png,-12.333451271057129,6.090883255004883,23.434703826904297,-5.498273849487305,2.218076229095459,6.305086135864258
000185.png,-12.452852249145508,6.064182758331299,23.41478729248047,-5.516369819641113,2.2155661582946777,6.338218688964844
000186.png,-12.578265190124512,6.045619487762451,23.421213150024414,-5.542787075042725,2.206010103225708,6.380314350128174
000187.png,-12.728642463684082,6.043420791625977,23.43980598449707,-5.588151454925537,2.1970412731170654,6.390652656555176
000188.png,-12.900948524475098,6.0685505867004395,23.463546752929688,-5.671951770782471,2.1908986568450928,6.358168125152588
000189.png,-13.050182342529297,6.092292785644531,23.451656341552734,-5.750418663024902,2.193129301071167,6.3221869468688965
000190.png,-13.208022117614746,6.101424694061279,23.422611236572266,-5.849810600280762,2.218153715133667,6.3157429695129395
000191.png,-13.368016242980957,6.108917713165283,23.407339096069336,-5.962186813354492,2.238913059234619,6.3174614906311035
000192.png,-13.544926643371582,6.10306978225708,23.43444061279297,-6.06448221206665,2.2555670738220215,6.3057379722595215
000193.png,-13.759732246398926,6.078451156616211,23.505582809448242,-6.169534206390381,2.264192581176758,6.273704528808594
000194.png,-13.985801696777344,6.062997817993164,23.594772338867188,-6.297821998596191,2.2683019638061523,6.271039009094238
000195.png,-14.230798721313477,6.078942775726318,23.703153610229492,-6.432763576507568,2.2718088626861572,6.241663932800293
000196.png,-14.438791275024414,6.0735650062561035,23.79212188720703,-6.541311264038086,2.267857789993286,6.233669281005859
000197.png,-14.640295028686523,6.054483890533447,23.856124877929688,-6.674973011016846,2.270853042602539,6.257119178771973
000198.png,-14.841259956359863,6.040818214416504,23.929119110107422,-6.805975914001465,2.270764112472534,6.239184379577637
000199.png,-15.022335052490234,6.0456671714782715,24.019275665283203,-6.933745861053467,2.2617239952087402,6.236968994140625
000200.png,-15.209433555603027,6.055674076080322,24.10563850402832,-7.070289611816406,2.2449212074279785,6.240555286407471
000201.png,-15.409917831420898,6.0436272621154785,24.196744918823242,-7.217182636260986,2.2345340251922607,6.25221061706543
000202.png,-15.620426177978516,6.012770652770996,24.31158447265625,-7.365809440612793,2.226656198501587,6.291662693023682
000203.png,-15.87515926361084,5.97847318649292,24.421573638916016,-7.519455432891846,2.2120158672332764,6.3244805335998535
000204.png,-16.13067626953125,5.956676959991455,24.520803451538086,-7.690426826477051,2.1974246501922607,6.348546504974365
000205.png,-16.358867645263672,5.940608978271484,24.6063289642334,-7.870941638946533,2.1847965717315674,6.397220134735107
000206.png,-16.566547393798828,5.918168067932129,24.683021545410156,-8.040350914001465,2.175581932067871,6.426770210266113
000207.png,-16.780658721923828,5.890102386474609,24.776718139648438,-8.199357032775879,2.1673319339752197,6.473776817321777
000208.png,-16.99282455444336,5.8623433113098145,24.890432357788086,-8.340899467468262,2.1581532955169678,6.526681423187256
000209.png,-17.217151641845703,5.8329925537109375,25.0190372467041,-8.456496238708496,2.1476216316223145,6.592632293701172
000210.png,-17.447237014770508,5.804751873016357,25.157678604125977,-8.565995216369629,2.1376893520355225,6.643049240112305
000211.png,-17.689903259277344,5.778083324432373,25.274904251098633,-8.659911155700684,2.1299781799316406,6.699893474578857
000212.png,-17.874528884887695,5.740397930145264,25.346920013427734,-8.75235366821289,2.123927593231201,6.787647724151611
000213.png,-18.023029327392578,5.684815883636475,25.37851905822754,-8.842037200927734,2.1143839359283447,6.872113227844238
000214.png,-18.159208297729492,5.6379780769348145,25.376245498657227,-8.951359748840332,2.09222674369812,6.934222221374512
000215.png,-18.28526496887207,5.607725143432617,25.396629333496094,-9.05258560180664,2.07317852973938,6.992898464202881
000216.png,-18.358795166015625,5.55963659286499,25.41023826599121,-9.122114181518555,2.0604562759399414,7.081479072570801
000217.png,-18.467479705810547,5.543647766113281,25.414918899536133,-9.184869766235352,2.0406177043914795,7.141611576080322
000218.png,-18.652149200439453,5.502400875091553,25.420488357543945,-9.265871047973633,2.019315242767334,7.170186996459961
000219.png,-18.796228408813477,5.46613883972168,25.400102615356445,-9.348699569702148,1.9823663234710693,7.287746906280518
000220.png,-18.861116409301758,5.434261322021484,25.354822158813477,-9.387972831726074,1.970091700553894,7.367653846740723
000221.png,-18.97149658203125,5.440985202789307,25.36832046508789,-9.505414009094238,1.9668302536010742,7.408422470092773
000222.png,-19.1312313079834,5.458247661590576,25.354549407958984,-9.568840026855469,1.9659026861190796,7.457111358642578
000223.png,-19.298709869384766,5.4332098960876465,25.34564208984375,-9.629948616027832,1.9779754877090454,7.495823383331299
000224.png,-19.442358016967773,5.398747444152832,25.386484146118164,-9.721575736999512,1.9974991083145142,7.550199508666992
000225.png,-19.599384307861328,5.376730918884277,25.42898941040039,-9.830310821533203,2.0144708156585693,7.563807010650635
000226.png,-19.75173568725586,5.363619804382324,25.39806365966797,-9.934187889099121,2.025698661804199,7.583703994750977
000227.png,-19.931438446044922,5.350388526916504,25.393295288085938,-10.074748992919922,2.0266685485839844,7.59072208404541
000228.png,-20.113801956176758,5.325881481170654,25.404150009155273,-10.20328426361084,2.0262537002563477,7.592088222503662
000229.png,-20.31574058532715,5.277154445648193,25.378427505493164,-10.306785583496094,2.0368688106536865,7.597708225250244
000230.png,-20.53528594970703,5.230530261993408,25.3226375579834,-10.408878326416016,2.052929401397705,7.605767726898193
000231.png,-20.76468849182129,5.186609268188477,25.256309509277344,-10.5149564743042,2.0590269565582275,7.620287895202637
000232.png,-20.952402114868164,5.117197513580322,25.230854034423828,-10.594178199768066,2.078895092010498,7.6266632080078125
000233.png,-21.153894424438477,5.061272621154785,25.198183059692383,-10.71186637878418,2.08892560005188,7.616307258605957
000234.png,-21.37242889404297,5.0277886390686035,25.182239532470703,-10.854204177856445,2.1025848388671875,7.552226543426514
000235.png,-21.547094345092773,5.008431434631348,25.167945861816406,-10.992321014404297,2.1240994930267334,7.526467323303223
000236.png,-21.734861373901367,4.994938373565674,25.152206420898438,-11.150262832641602,2.146681547164917,7.517123222351074
000237.png,-21.946828842163086,4.973973751068115,25.16794204711914,-11.316957473754883,2.162829637527466,7.490628242492676
000238.png,-22.173213958740234,4.955103874206543,25.204940795898438,-11.470052719116211,2.1745448112487793,7.4405646324157715
000239.png,-22.402502059936523,4.932914733886719,25.242202758789062,-11.603405952453613,2.1826376914978027,7.361106872558594
000240.png,-22.62468147277832,4.916416645050049,25.25979232788086,-11.74955940246582,2.1886255741119385,7.247828006744385
000241.png,-22.845672607421875,4.904787063598633,25.285436630249023,-11.911529541015625,2.190749168395996,7.140904903411865
000242.png,-23.073429107666016,4.886768341064453,25.34332275390625,-12.068367958068848,2.20088267326355,7.043034553527832
000243.png,-23.282224655151367,4.857924938201904,25.417449951171875,-12.20666790008545,2.225367546081543,6.956655025482178
000244.png,-23.499046325683594,4.841764450073242,25.48615837097168,-12.315855026245117,2.250563383102417,6.846620559692383
000245.png,-23.69944953918457,4.850663661956787,25.54872703552246,-12.41989517211914,2.2575743198394775,6.734302997589111
000246.png,-23.902969360351562,4.854299068450928,25.606426239013672,-12.535394668579102,2.2581121921539307,6.627607822418213
000247.png,-24.118947982788086,4.854722499847412,25.6920166015625,-12.651728630065918,2.260460376739502,6.547962188720703
000248.png,-24.346914291381836,4.871201515197754,25.76133918762207,-12.776333808898926,2.2627124786376953,6.472219467163086
000249.png,-24.563720703125,4.890268802642822,25.807567596435547,-12.89184284210205,2.2712252140045166,6.397739887237549
000250.png,-24.770896911621094,4.900694847106934,25.821670532226562,-12.955912590026855,2.2650911808013916,6.3217244148254395
000251.png,-24.982501983642578,4.904065132141113,25.817276000976562,-13.003281593322754,2.2590203285217285,6.291160583496094
000252.png,-25.165973663330078,4.902541637420654,25.792850494384766,-13.02656364440918,2.2572834491729736,6.291934013366699
000253.png,-25.3303165435791,4.914154052734375,25.791540145874023,-13.057991027832031,2.2675106525421143,6.284260272979736
000254.png,-25.48879623413086,4.945207595825195,25.81577491760254,-13.057700157165527,2.294870376586914,6.263824939727783
000255.png,-25.621654510498047,4.98761510848999,25.863082885742188,-13.039626121520996,2.312445878982544,6.208523750305176
000256.png,-25.794639587402344,5.010310649871826,25.892044067382812,-13.034989356994629,2.3339617252349854,6.18231201171875
000257.png,-26.019250869750977,5.042839050292969,25.89971923828125,-13.055261611938477,2.3421096801757812,6.1651763916015625
000258.png,-26.243080139160156,5.073551177978516,25.93131446838379,-13.081735610961914,2.3490447998046875,6.147629737854004
000259.png,-26.426349639892578,5.100078582763672,25.968841552734375,-13.101601600646973,2.364820718765259,6.095028877258301
000260.png,-26.565418243408203,5.109840393066406,25.97587013244629,-13.093611717224121,2.4114990234375,6.0362935066223145
000261.png,-26.69219398498535,5.10357141494751,25.99709701538086,-13.112537384033203,2.4434778690338135,6.059481143951416
000262.png,-26.83019256591797,5.088648319244385,26.101083755493164,-13.12926959991455,2.480180025100708,6.135433197021484
000263.png,-26.956369400024414,5.061825275421143,26.188344955444336,-13.128913879394531,2.5209641456604004,6.09653377532959
000264.png,-27.00998878479004,5.073444843292236,26.299724578857422,-13.173715591430664,2.5529918670654297,6.094918251037598
000265.png,-27.017202377319336,5.066374778747559,26.32343292236328,-13.201716423034668,2.616518020629883,6.079436779022217
000266.png,-27.017030715942383,5.046574592590332,26.382890701293945,-13.241129875183105,2.670957326889038,6.0422821044921875
000267.png,-27.023406982421875,5.045610427856445,26.45050811767578,-13.306976318359375,2.702132225036621,6.04355001449585
000268.png,-26.992483139038086,5.06204080581665,26.486400604248047,-13.38115406036377,2.742954969406128,6.09111213684082
000269.png,-26.939899444580078,5.047025680541992,26.485666275024414,-13.422662734985352,2.7826054096221924,6.121915817260742
000270.png,-26.90091323852539,5.032646656036377,26.525407791137695,-13.462624549865723,2.8207297325134277,6.18389892578125
000271.png,-26.933691024780273,5.020742416381836,26.587549209594727,-13.511303901672363,2.855494737625122,6.25043249130249
000272.png,-27.000446319580078,5.001243591308594,26.678396224975586,-13.591462135314941,2.882187843322754,6.341273784637451
000273.png,-27.099754333496094,4.971071720123291,26.776554107666016,-13.660367965698242,2.898967981338501,6.403157711029053
000274.png,-27.25884437561035,4.927125930786133,26.87040901184082,-13.737327575683594,2.9230732917785645,6.449350357055664
000275.png,-27.416034698486328,4.900362014770508,26.984338760375977,-13.800633430480957,2.947643518447876,6.482068061828613
000276.png,-27.55508804321289,4.8725056648254395,27.081302642822266,-13.865467071533203,2.9665164947509766,6.517119407653809
000277.png,-27.68718910217285,4.868554592132568,27.129253387451172,-13.929863929748535,2.990126132965088,6.54289436340332
000278.png,-27.78020477294922,4.881137847900391,27.221067428588867,-14.002511024475098,2.999215602874756,6.58306360244751
000279.png,-27.856571197509766,4.914026260375977,27.3452091217041,-14.074881553649902,3.0011322498321533,6.595837593078613
000280.png,-27.897937774658203,4.964365482330322,27.472806930541992,-14.130117416381836,2.999635696411133,6.587035655975342
000281.png,-27.946866989135742,5.025759220123291,27.619796752929688,-14.185562133789062,2.996213674545288,6.584404468536377
000282.png,-27.97659683227539,5.083866119384766,27.812414169311523,-14.252577781677246,3.013437032699585,6.538619518280029
000283.png,-28.020627975463867,5.145791530609131,27.982494354248047,-14.316625595092773,3.0396227836608887,6.533052921295166
000284.png,-28.025970458984375,5.189591407775879,28.125123977661133,-14.357792854309082,3.066239356994629,6.5544867515563965
000285.png,-28.002914428710938,5.217650890350342,28.248945236206055,-14.410299301147461,3.07894229888916,6.629991054534912
000286.png,-28.00792121887207,5.251148700714111,28.40993881225586,-14.469884872436523,3.113287925720215,6.690924167633057
000287.png,-28.03372573852539,5.284764766693115,28.588552474975586,-14.491026878356934,3.131957530975342,6.800438404083252
000288.png,-28.02238655090332,5.31006383895874,28.770814895629883,-14.489688873291016,3.1491127014160156,6.93214225769043
000289.png,-27.88753890991211,5.3574395179748535,28.914554595947266,-14.51595401763916,3.1743030548095703,7.0409393310546875
000290.png,-27.700565338134766,5.406003952026367,29.122289657592773,-14.597416877746582,3.1879348754882812,7.125911712646484
000291.png,-27.491472244262695,5.448018550872803,29.29491424560547,-14.657840728759766,3.1976990699768066,7.164307594299316
000292.png,-27.274995803833008,5.479347229003906,29.421262741088867,-14.707454681396484,3.213146448135376,7.21346378326416
000293.png,-27.082120895385742,5.492170333862305,29.54073715209961,-14.776275634765625,3.229813814163208,7.221428871154785
000294.png,-26.880407333374023,5.510295391082764,29.594453811645508,-14.847511291503906,3.2602241039276123,7.2244157791137695
000295.png,-26.675357818603516,5.521417140960693,29.55837631225586,-14.88145923614502,3.3010313510894775,7.233992576599121
000296.png,-26.51185417175293,5.558910369873047,29.423442840576172,-14.864689826965332,3.3446667194366455,7.230940818786621
000297.png,-26.403034210205078,5.561839580535889,29.293428421020508,-14.878007888793945,3.3857572078704834,7.232356548309326
000298.png,-26.190292358398438,5.54742956161499,29.23943519592285,-14.91957950592041,3.4245831966400146,7.299289703369141
000299.png,-25.94231414794922,5.545110702514648,29.205717086791992,-15.028603553771973,3.455888032913208,7.325570583343506
000300.png,-25.678211212158203,5.595475196838379,29.1982364654541,-15.1240234375,3.48307466506958,7.327839374542236
000301.png,-25.443716049194336,5.671631813049316,29.22748374938965,-15.21527099609375,3.4924581050872803,7.318326473236084
000302.png,-25.213153839111328,5.7608418464660645,29.30234146118164,-15.261543273925781,3.491387367248535,7.295203685760498
000303.png,-25.007286071777344,5.806199550628662,29.365854263305664,-15.286169052124023,3.505497455596924,7.2767415046691895
000304.png,-24.814069747924805,5.840287685394287,29.40470314025879,-15.302712440490723,3.515019178390503,7.310413360595703
000305.png,-24.63939666748047,5.85292387008667,29.476789474487305,-15.259307861328125,3.5033626556396484,7.329866886138916
000306.png,-24.4591007232666,5.903041362762451,29.559545516967773,-15.15243911743164,3.494382381439209,7.273053169250488
000307.png,-24.243194580078125,5.987306118011475,29.58252716064453,-15.044647216796875,3.4957199096679688,7.244718074798584
000308.png,-24.018495559692383,6.053045272827148,29.6635684967041,-14.992528915405273,3.496847629547119,7.2592949867248535
000309.png,-23.79837417602539,6.132104396820068,29.77251625061035,-14.970664024353027,3.4828102588653564,7.291090488433838
000310.png,-23.60401153564453,6.2253875732421875,29.8527889251709,-14.947686195373535,3.4680776596069336,7.298727512359619
000311.png,-23.374269485473633,6.340795993804932,29.947559356689453,-14.923698425292969,3.4544999599456787,7.3090362548828125
000312.png,-23.117082595825195,6.431857109069824,30.091533660888672,-14.946069717407227,3.450998306274414,7.394007682800293
000313.png,-22.853836059570312,6.5125250816345215,30.28406524658203,-15.015403747558594,3.451942205429077,7.486137390136719
000314.png,-22.572599411010742,6.611631870269775,30.491252899169922,-15.081806182861328,3.452585220336914,7.583698749542236
000315.png,-22.215496063232422,6.740002155303955,30.63202476501465,-15.102213859558105,3.4637768268585205,7.635457515716553
000316.png,-21.798702239990234,6.857357501983643,30.724912643432617,-15.101608276367188,3.4740939140319824,7.679505348205566
000317.png,-21.375585556030273,6.965385913848877,30.777027130126953,-15.097515106201172,3.4688899517059326,7.698238372802734
000318.png,-20.964622497558594,7.057960510253906,30.812387466430664,-15.106829643249512,3.466047763824463,7.686079502105713
000319.png,-20.581436157226562,7.136101245880127,30.842548370361328,-15.125850677490234,3.451476812362671,7.666945457458496
000320.png,-20.247421264648438,7.194230556488037,30.850608825683594,-15.150588035583496,3.4363813400268555,7.6490888595581055
000321.png,-19.973264694213867,7.2297468185424805,30.837936401367188,-15.1834135055542,3.4097325801849365,7.675799369812012
000322.png,-19.71944808959961,7.2766242027282715,30.8204345703125,-15.194623947143555,3.3801019191741943,7.723015785217285
000323.png,-19.4825382232666,7.317733287811279,30.798601150512695,-15.185359001159668,3.3695054054260254,7.788819313049316
000324.png,-19.26109504699707,7.345652103424072,30.758033752441406,-15.145729064941406,3.3806183338165283,7.851025104522705
000325.png,-19.02817153930664,7.356186389923096,30.687070846557617,-15.097384452819824,3.391815423965454,7.932307243347168
000326.png,-18.771705627441406,7.362119197845459,30.56601905822754,-15.047379493713379,3.40124249458313,7.99019193649292
000327.png,-18.568817138671875,7.368809223175049,30.416378021240234,-15.039254188537598,3.399237632751465,8.016926765441895
000328.png,-18.428159713745117,7.379647731781006,30.285987854003906,-15.066781044006348,3.3947017192840576,8.054484367370605
000329.png,-18.302927017211914,7.392934322357178,30.14451789855957,-15.110974311828613,3.3999099731445312,8.092689514160156
000330.png,-18.184024810791016,7.420868873596191,30.000062942504883,-15.157453536987305,3.3933663368225098,8.119795799255371
000331.png,-18.067432403564453,7.447394371032715,29.885576248168945,-15.200018882751465,3.38211989402771,8.13277816772461
000332.png,-17.946611404418945,7.463876724243164,29.808191299438477,-15.225634574890137,3.3737242221832275,8.136876106262207
000333.png,-17.808902740478516,7.466442584991455,29.757835388183594,-15.237565040588379,3.3711884021759033,8.149020195007324
000334.png,-17.660282135009766,7.450491428375244,29.70665168762207,-15.250313758850098,3.3788695335388184,8.169654846191406
000335.png,-17.488929748535156,7.428746700286865,29.651485443115234,-15.264537811279297,3.3937385082244873,8.174137115478516
000336.png,-17.32757568359375,7.407753944396973,29.604751586914062,-15.29586410522461,3.4158108234405518,8.179500579833984
000337.png,-17.215551376342773,7.389865875244141,29.594093322753906,-15.349934577941895,3.4281296730041504,8.17974853515625
000338.png,-17.14858055114746,7.376596450805664,29.61553955078125,-15.412242889404297,3.4339165687561035,8.176944732666016
000339.png,-17.110084533691406,7.370820999145508,29.644262313842773,-15.477269172668457,3.4399282932281494,8.164155960083008
000340.png,-17.114429473876953,7.371662616729736,29.68567657470703,-15.555777549743652,3.453295946121216,8.130096435546875
000341.png,-17.123037338256836,7.381735324859619,29.734498977661133,-15.64771556854248,3.471991777420044,8.069911003112793
000342.png,-17.140140533447266,7.400172233581543,29.79010009765625,-15.742210388183594,3.4928503036499023,8.005209922790527
000343.png,-17.173307418823242,7.419704914093018,29.85094451904297,-15.8258638381958,3.5130081176757812,7.932757377624512
000344.png,-17.206666946411133,7.453313827514648,29.923696517944336,-15.900118827819824,3.5276451110839844,7.857853889465332
000345.png,-17.2463436126709,7.496766567230225,30.000621795654297,-15.96635627746582,3.5450992584228516,7.798570156097412
000346.png,-17.32155418395996,7.541227340698242,30.10031509399414,-16.03261375427246,3.5631701946258545,7.745144844055176
000347.png,-17.43233871459961,7.588382720947266,30.2220458984375,-16.097394943237305,3.5720856189727783,7.699347019195557
000348.png,-17.589801788330078,7.63611364364624,30.3928165435791,-16.17058563232422,3.569025993347168,7.677623271942139
000349.png,-17.78008460998535,7.6801276206970215,30.602413177490234,-16.244205474853516,3.5662293434143066,7.659354209899902
000350.png,-17.974227905273438,7.698789119720459,30.843624114990234,-16.33538818359375,3.5814833641052246,7.6486921310424805
000351.png,-18.153057098388672,7.708434104919434,31.07562828063965,-16.432836532592773,3.590364933013916,7.652737617492676
000352.png,-18.319856643676758,7.713556289672852,31.307645797729492,-16.546207427978516,3.5867598056793213,7.661125183105469
000353.png,-18.501840591430664,7.704678535461426,31.55044937133789,-16.66509246826172,3.586522340774536,7.673252582550049
000354.png,-18.681495666503906,7.689327716827393,31.79720115661621,-16.787710189819336,3.590351104736328,7.6859965324401855
000355.png,-18.82731819152832,7.694883346557617,32.02527618408203,-16.90176773071289,3.5968258380889893,7.69012451171875
000356.png,-18.956298828125,7.716300010681152,32.240142822265625,-17.005754470825195,3.60522198677063,7.680947303771973
000357.png,-19.09034538269043,7.739689350128174,32.47957229614258,-17.102022171020508,3.6086888313293457,7.686062812805176
000358.png,-19.244544982910156,7.734586238861084,32.72550964355469,-17.188034057617188,3.608659029006958,7.712481498718262
000359.png,-19.3985538482666,7.7258758544921875,32.96764373779297,-17.273900985717773,3.604461193084717,7.746307373046875
000360.png,-19.548633575439453,7.725103855133057,33.196571350097656,-17.371028900146484,3.597292184829712,7.772981643676758
000361.png,-19.68341636657715,7.743307113647461,33.41440963745117,-17.485233306884766,3.584198474884033,7.804898738861084
000362.png,-19.819854736328125,7.7711615562438965,33.631980895996094,-17.598907470703125,3.57206130027771,7.828364372253418
000363.png,-19.96360206604004,7.81158971786499,33.84337615966797,-17.71822166442871,3.5553197860717773,7.832337379455566
000364.png,-20.115873336791992,7.857720375061035,34.05575942993164,-17.842098236083984,3.5357418060302734,7.834489822387695
000365.png,-20.265613555908203,7.891518592834473,34.248958587646484,-17.9587459564209,3.516127586364746,7.847890853881836
000366.png,-20.39166259765625,7.917296886444092,34.41670227050781,-18.068517684936523,3.4986536502838135,7.8507561683654785
000367.png,-20.47949981689453,7.939348220825195,34.59473419189453,-18.174060821533203,3.4837357997894287,7.8759026527404785
000368.png,-20.543621063232422,7.966748237609863,34.76705551147461,-18.2774715423584,3.47101092338562,7.913745403289795
000369.png,-20.599166870117188,7.995850086212158,34.94182205200195,-18.38033676147461,3.456150531768799,7.971479892730713
000370.png,-20.636226654052734,8.02949047088623,35.11179733276367,-18.48944664001465,3.440770149230957,8.032870292663574
000371.png,-20.649789810180664,8.05753231048584,35.27675247192383,-18.59785270690918,3.4229466915130615,8.103007316589355
000372.png,-20.65204620361328,8.09267807006836,35.45280075073242,-18.70844268798828,3.400606393814087,8.172168731689453
000373.png,-20.653606414794922,8.11827564239502,35.62633514404297,-18.827070236206055,3.3782830238342285,8.252033233642578
000374.png,-20.665416717529297,8.132225036621094,35.82289505004883,-18.93718910217285,3.379239559173584,8.353485107421875
000375.png,-20.681865692138672,8.126110076904297,35.99685287475586,-19.043006896972656,3.3860278129577637,8.453178405761719
000376.png,-20.724102020263672,8.093722343444824,36.11353302001953,-19.132139205932617,3.3851590156555176,8.542691230773926
000377.png,-20.79634666442871,8.046191215515137,36.17148208618164,-19.190156936645508,3.3749585151672363,8.622154235839844
000378.png,-20.884309768676758,7.9946746826171875,36.20246887207031,-19.21666717529297,3.35624623298645,8.681394577026367
000379.png,-20.981830596923828,7.9354376792907715,36.23067855834961,-19.23187255859375,3.3355772495269775,8.74742603302002
000380.png,-21.09465217590332,7.8713836669921875,36.24516677856445,-19.253963470458984,3.3168420791625977,8.795681953430176
000381.png,-21.18744468688965,7.822585582733154,36.23456573486328,-19.265487670898438,3.3029696941375732,8.81671142578125
000382.png,-21.246835708618164,7.788096904754639,36.19696807861328,-19.282846450805664,3.2948460578918457,8.82922649383545
000383.png,-21.27318000793457,7.773190975189209,36.14906311035156,-19.304460525512695,3.294036388397217,8.843886375427246
000384.png,-21.2803897857666,7.7508864402771,36.116363525390625,-19.3504638671875,3.307107448577881,8.889930725097656
000385.png,-21.278745651245117,7.717588424682617,36.07632064819336,-19.401945114135742,3.3180928230285645,8.966902732849121
000386.png,-21.28150749206543,7.664264678955078,36.04170227050781,-19.458005905151367,3.323517322540283,9.083099365234375
000387.png,-21.283620834350586,7.601580619812012,36.01371383666992,-19.526968002319336,3.327988386154175,9.184222221374512
000388.png,-21.28883934020996,7.541426181793213,35.993499755859375,-19.612424850463867,3.324039936065674,9.263080596923828
000389.png,-21.282503128051758,7.502122402191162,35.963924407958984,-19.68302345275879,3.3135926723480225,9.307823181152344
000390.png,-21.280216217041016,7.485049724578857,35.868343353271484,-19.717437744140625,3.3064510822296143,9.289678573608398
000391.png,-21.275197982788086,7.465603351593018,35.733829498291016,-19.7643985748291,3.305717945098877,9.276518821716309
000392.png,-21.26000213623047,7.44551420211792,35.61790466308594,-19.81962776184082,3.314587354660034,9.272698402404785
000393.png,-21.227102279663086,7.426258087158203,35.509490966796875,-19.879911422729492,3.3325188159942627,9.276297569274902
000394.png,-21.18347930908203,7.409220218658447,35.40473556518555,-19.935386657714844,3.356239080429077,9.292845726013184
000395.png,-21.146190643310547,7.39588737487793,35.317283630371094,-19.99526596069336,3.37923002243042,9.333426475524902
000396.png,-21.099760055541992,7.379722595214844,35.261226654052734,-20.060012817382812,3.4030158519744873,9.39995002746582
000397.png,-21.025611877441406,7.362509727478027,35.23862838745117,-20.123836517333984,3.4279377460479736,9.499794006347656
000398.png,-20.925100326538086,7.348604202270508,35.224769592285156,-20.181846618652344,3.456475257873535,9.588601112365723
000399.png,-20.753358840942383,7.342118263244629,35.18201446533203,-20.240253448486328,3.497411012649536,9.66556453704834
000400.png,-20.56141471862793,7.344642639160156,35.10338592529297,-20.292837142944336,3.5416982173919678,9.721917152404785
000401.png,-20.36341667175293,7.341064929962158,34.965946197509766,-20.33344078063965,3.5843770503997803,9.747358322143555
000402.png,-20.160017013549805,7.336178302764893,34.80684280395508,-20.374073028564453,3.625795364379883,9.75890827178955
000403.png,-19.94700813293457,7.335606575012207,34.63630294799805,-20.409847259521484,3.6651997566223145,9.7733154296875
000404.png,-19.749174118041992,7.339087963104248,34.45785903930664,-20.430709838867188,3.703517198562622,9.785384178161621
000405.png,-19.573904037475586,7.3404951095581055,34.27607727050781,-20.44508171081543,3.74759840965271,9.79586124420166
000406.png,-19.42172622680664,7.331759452819824,34.10441970825195,-20.456274032592773,3.79137921333313,9.814228057861328
000407.png,-19.276208877563477,7.328527927398682,33.953216552734375,-20.468591690063477,3.83107852935791,9.872401237487793
000408.png,-19.11954689025879,7.336087226867676,33.830997467041016,-20.47662925720215,3.87320876121521,9.948355674743652
000409.png,-18.944677352905273,7.345993518829346,33.7436637878418,-20.479286193847656,3.918077230453491,9.998101234436035
000410.png,-18.75868034362793,7.3536224365234375,33.653053283691406,-20.492891311645508,3.9655768871307373,10.045309066772461
000411.png,-18.565027236938477,7.357968330383301,33.561073303222656,-20.518400192260742,4.020217418670654,10.082794189453125
000412.png,-18.37373161315918,7.355700969696045,33.46831130981445,-20.534311294555664,4.076842784881592,10.112147331237793
000413.png,-18.201831817626953,7.3550944328308105,33.38216018676758,-20.541423797607422,4.140681743621826,10.156149864196777
000414.png,-18.042171478271484,7.3624677658081055,33.28758239746094,-20.540800094604492,4.212109565734863,10.20750904083252
000415.png,-17.884748458862305,7.366787433624268,33.21576690673828,-20.53592872619629,4.271786212921143,10.2898588180542
000416.png,-17.770097732543945,7.35831880569458,33.164180755615234,-20.527379989624023,4.322614669799805,10.393906593322754
000417.png,-17.679237365722656,7.348414421081543,33.11338424682617,-20.517253875732422,4.368580341339111,10.482728004455566
000418.png,-17.60983657836914,7.335648536682129,33.09773635864258,-20.511058807373047,4.419051647186279,10.562960624694824
000419.png,-17.539621353149414,7.316426753997803,33.109188079833984,-20.515056610107422,4.460300922393799,10.620396614074707
000420.png,-17.4674072265625,7.290820121765137,33.14844512939453,-20.532730102539062,4.50307559967041,10.684409141540527
000421.png,-17.387279510498047,7.265774250030518,33.17679214477539,-20.56390953063965,4.553730010986328,10.738476753234863
000422.png,-17.297029495239258,7.245396137237549,33.18854522705078,-20.613178253173828,4.6094465255737305,10.779565811157227
000423.png,-17.19232940673828,7.232748031616211,33.16962814331055,-20.659107208251953,4.6664581298828125,10.809436798095703
000424.png,-17.07254981994629,7.221016883850098,33.113529205322266,-20.693801879882812,4.721264839172363,10.849455833435059
000425.png,-16.923851013183594,7.210343360900879,33.01951599121094,-20.720314025878906,4.774346351623535,10.904607772827148
000426.png,-16.73722267150879,7.19591760635376,32.90628433227539,-20.737987518310547,4.825170040130615,10.980186462402344
000427.png,-16.52967071533203,7.170993328094482,32.79710388183594,-20.743698120117188,4.8695969581604,11.065921783447266
000428.png,-16.301227569580078,7.150236129760742,32.69477844238281,-20.73778533935547,4.906023979187012,11.13676929473877
000429.png,-16.073379516601562,7.136289119720459,32.606536865234375,-20.7292537689209,4.9421772956848145,11.193581581115723
000430.png,-15.903770446777344,7.126621723175049,32.62548065185547,-20.743600845336914,4.984189510345459,11.229684829711914
000431.png,-15.774567604064941,7.130306720733643,32.7125358581543,-20.767324447631836,5.023388385772705,11.256291389465332
000432.png,-15.640560150146484,7.128354549407959,32.783199310302734,-20.7766056060791,5.066224098205566,11.288468360900879
000433.png,-15.512369155883789,7.111372470855713,32.84462356567383,-20.784774780273438,5.111584186553955,11.322968482971191
000434.png,-15.412022590637207,7.082563877105713,32.92365264892578,-20.804141998291016,5.167532920837402,11.353032112121582
000435.png,-15.34095573425293,7.037718296051025,33.02925491333008,-20.840490341186523,5.224575519561768,11.400325775146484
000436.png,-15.290480613708496,6.989284038543701,33.152557373046875,-20.882383346557617,5.27501916885376,11.448323249816895
000437.png,-15.266900062561035,6.937561511993408,33.27369689941406,-20.9254093170166,5.318663120269775,11.503764152526855
000438.png,-15.25183391571045,6.885106086730957,33.39083480834961,-20.971044540405273,5.3586578369140625,11.56338882446289
000439.png,-15.238805770874023,6.840490341186523,33.5029296875,-21.024765014648438,5.395641803741455,11.614627838134766
000440.png,-15.224451065063477,6.8106794357299805,33.603118896484375,-21.08209991455078,5.427458763122559,11.66019058227539
000441.png,-15.210848808288574,6.783987522125244,33.70511245727539,-21.14297866821289,5.455172061920166,11.696764945983887
000442.png,-15.203221321105957,6.760391712188721,33.815303802490234,-21.21468162536621,5.482779026031494,11.741729736328125
000443.png,-15.215221405029297,6.7469658851623535,33.95407485961914,-21.27728271484375,5.507094860076904,11.792096138000488
000444.png,-15.23882007598877,6.7413482666015625,34.1005973815918,-21.32881736755371,5.527692794799805,11.8513822555542
000445.png,-15.276423454284668,6.742321491241455,34.24419021606445,-21.37856674194336,5.545027256011963,11.911666870117188
000446.png,-15.32218074798584,6.750268936157227,34.3935546875,-21.43108367919922,5.561408042907715,11.97313404083252
000447.png,-15.367932319641113,6.763821125030518,34.545738220214844,-21.48934555053711,5.577571868896484,12.037243843078613
000448.png,-15.420382499694824,6.781382083892822,34.708316802978516,-21.550283432006836,5.595767021179199,12.102437019348145
000449.png,-15.482065200805664,6.802445411682129,34.891822814941406,-21.620594024658203,5.618739604949951,12.170720100402832
000450.png,-15.544798851013184,6.8284525871276855,35.09088134765625,-21.69413185119629,5.6457319259643555,12.235899925231934
000451.png,-15.619962692260742,6.865199089050293,35.31044387817383,-21.77252197265625,5.6737961769104,12.294231414794922
000452.png,-15.699380874633789,6.906649589538574,35.55497360229492,-21.851762771606445,5.701569557189941,12.340873718261719
000453.png,-15.7966947555542,6.93673849105835,35.84202575683594,-21.92353630065918,5.72900390625,12.388233184814453
000454.png,-15.929272651672363,6.952136039733887,36.17924118041992,-21.992456436157227,5.75234317779541,12.432148933410645
000455.png,-16.08184051513672,6.947432994842529,36.53702926635742,-22.06713104248047,5.773011684417725,12.472777366638184
000456.png,-16.2469482421875,6.930226802825928,36.902915954589844,-22.13081169128418,5.786441802978516,12.518345832824707
000457.png,-16.415006637573242,6.906434059143066,37.26331329345703,-22.184419631958008,5.798554420471191,12.560291290283203
000458.png,-16.594396591186523,6.883029937744141,37.61427688598633,-22.231027603149414,5.80772590637207,12.59528636932373
000459.png,-16.794002532958984,6.866310119628906,37.96045684814453,-22.272323608398438,5.814702033996582,12.623747825622559
000460.png,-17.00075340270996,6.8648200035095215,38.32616424560547,-22.328250885009766,5.823598384857178,12.650465965270996
000461.png,-17.212921142578125,6.864629745483398,38.68437576293945,-22.39127540588379,5.834503173828125,12.679387092590332
000462.png,-17.422510147094727,6.861822128295898,39.022029876708984,-22.453079223632812,5.843503475189209,12.714679718017578
000463.png,-17.610698699951172,6.855890274047852,39.34425354003906,-22.509817123413086,5.84834623336792,12.7565336227417
000464.png,-17.783023834228516,6.8544535636901855,39.651023864746094,-22.5636043548584,5.846676349639893,12.783952713012695
000465.png,-17.923463821411133,6.871211051940918,39.951908111572266,-22.618974685668945,5.832291126251221,12.806267738342285
000466.png,-18.027952194213867,6.910604953765869,40.253936767578125,-22.6742000579834,5.80548095703125,12.828466415405273
000467.png,-18.10563850402832,6.964183330535889,40.557411193847656,-22.729877471923828,5.767449378967285,12.8479642868042
000468.png,-18.18548011779785,7.025146484375,40.87769317626953,-22.79434585571289,5.722747325897217,12.856904983520508
000469.png,-18.27151870727539,7.084023475646973,41.19993591308594,-22.857290267944336,5.673030853271484,12.865159034729004
000470.png,-18.342668533325195,7.153721332550049,41.5119514465332,-22.919818878173828,5.617801666259766,12.879793167114258
000471.png,-18.407066345214844,7.228476047515869,41.841346740722656,-22.982160568237305,5.565658092498779,12.902743339538574
000472.png,-18.43153953552246,7.292850494384766,42.18167495727539,-23.044408798217773,5.524397373199463,12.946871757507324
000473.png,-18.426034927368164,7.3659491539001465,42.54948806762695,-23.123016357421875,5.490314960479736,13.000922203063965
000474.png,-18.392210006713867,7.430383205413818,42.900794982910156,-23.204509735107422,5.464785575866699,13.039266586303711
000475.png,-18.352304458618164,7.474057674407959,43.267333984375,-23.28663444519043,5.447448253631592,13.103647232055664
000476.png,-18.322063446044922,7.501311302185059,43.63297653198242,-23.374128341674805,5.432748794555664,13.192452430725098
000477.png,-18.27350616455078,7.522220611572266,43.91470718383789,-23.461471557617188,5.40919828414917,13.27002239227295
000478.png,-18.19552993774414,7.51785135269165,44.15565490722656,-23.5380859375,5.386643886566162,13.362287521362305
000479.png,-18.1129207611084,7.507057189941406,44.3900146484375,-23.622791290283203,5.358009338378906,13.4320707321167
000480.png,-18.009906768798828,7.492228031158447,44.60652160644531,-23.701196670532227,5.337620735168457,13.497930526733398
000481.png,-17.943336486816406,7.486336708068848,44.846710205078125,-23.76225471496582,5.319672584533691,13.544718742370605
000482.png,-17.896011352539062,7.514198303222656,45.11708450317383,-23.79142189025879,5.292607307434082,13.562151908874512
000483.png,-17.828022003173828,7.5559844970703125,45.402870178222656,-23.79972267150879,5.274055480957031,13.608875274658203
000484.png,-17.718944549560547,7.615259647369385,45.708011627197266,-23.796916961669922,5.250193119049072,13.679534912109375
000485.png,-17.52493667602539,7.6811652183532715,46.02449417114258,-23.886795043945312,5.26076602935791,13.759910583496094
000486.png,-17.37104606628418,7.721591472625732,46.35307693481445,-23.946731567382812,5.26082181930542,13.863118171691895
000487.png,-17.25261878967285,7.7374043464660645,46.68495178222656,-23.97776985168457,5.273481845855713,13.958731651306152
000488.png,-17.144548416137695,7.735228538513184,46.999473571777344,-23.992034912109375,5.287053108215332,14.049277305603027
000489.png,-17.036306381225586,7.718999862670898,47.28121566772461,-24.012380599975586,5.293875694274902,14.130474090576172
000490.png,-16.899063110351562,7.7103400230407715,47.5324821472168,-24.0280818939209,5.291392803192139,14.193325996398926
000491.png,-16.770540237426758,7.695934772491455,47.7780647277832,-24.034038543701172,5.287405967712402,14.247994422912598
000492.png,-16.6655216217041,7.677989482879639,48.02392578125,-24.02714729309082,5.27446985244751,14.314931869506836
000493.png,-16.532941818237305,7.661094665527344,48.2547492980957,-24.01766586303711,5.255225658416748,14.392498970031738
000494.png,-16.404296875,7.636349201202393,48.449710845947266,-24.00811767578125,5.233052730560303,14.474763870239258
000495.png,-16.31106185913086,7.602293014526367,48.68535232543945,-24.02083396911621,5.2060747146606445,14.557485580444336
000496.png,-16.236576080322266,7.571007251739502,48.953369140625,-24.062366485595703,5.187919616699219,14.621293067932129
000497.png,-16.17101287841797,7.542087554931641,49.219791412353516,-24.126893997192383,5.168249130249023,14.682798385620117
000498.png,-16.115270614624023,7.511905670166016,49.47890853881836,-24.199872970581055,5.149430751800537,14.71386432647705
000499.png,-16.0579833984375,7.501569747924805,49.720924377441406,-24.25950050354004,5.134363651275635,14.73653507232666
000500.png,-15.977154731750488,7.479639530181885,49.92962646484375,-24.304485321044922,5.131250858306885,14.769259452819824
000501.png,-15.883008003234863,7.467559814453125,50.13251495361328,-24.347152709960938,5.127254009246826,14.796180725097656
000502.png,-15.766074180603027,7.4787797927856445,50.35139083862305,-24.39687728881836,5.122992515563965,14.807526588439941
000503.png,-15.64040756225586,7.486260890960693,50.614410400390625,-24.445459365844727,5.121576309204102,14.844663619995117
000504.png,-15.50813102722168,7.485508441925049,50.884647369384766,-24.492013931274414,5.131227970123291,14.868042945861816
000505.png,-15.417557716369629,7.476584434509277,51.14848327636719,-24.530067443847656,5.142414569854736,14.880760192871094
000506.png,-15.353168487548828,7.467653274536133,51.36000442504883,-24.534442901611328,5.1456618309021,14.880712509155273
000507.png,-15.244362831115723,7.471034526824951,51.525882720947266,-24.524513244628906,5.15935754776001,14.886313438415527
000508.png,-15.141725540161133,7.472208023071289,51.65562438964844,-24.49938201904297,5.156858444213867,14.94283390045166
000509.png,-15.029592514038086,7.482180595397949,51.719730377197266,-24.464385986328125,5.149950981140137,15.035106658935547
000510.png,-14.854503631591797,7.482379913330078,51.77931213378906,-24.43134880065918,5.152950763702393,15.094852447509766
000511.png,-14.638219833374023,7.4576640129089355,51.878299713134766,-24.430835723876953,5.169497013092041,15.145915985107422
000512.png,-14.432940483093262,7.4300312995910645,52.0370979309082,-24.471494674682617,5.184954643249512,15.180692672729492
000513.png,-14.193489074707031,7.400590419769287,52.19805145263672,-24.48917579650879,5.196159839630127,15.221816062927246
000514.png,-13.937138557434082,7.378445625305176,52.304561614990234,-24.49217987060547,5.2047553062438965,15.262693405151367
000515.png,-13.656288146972656,7.3577985763549805,52.386993408203125,-24.492050170898438,5.207366466522217,15.289819717407227
000516.png,-13.387134552001953,7.3414764404296875,52.48550033569336,-24.48810577392578,5.208574295043945,15.296526908874512
000517.png,-13.120260238647461,7.32769775390625,52.576358795166016,-24.482486724853516,5.215273857116699,15.322002410888672
000518.png,-12.851885795593262,7.312259197235107,52.657039642333984,-24.470731735229492,5.216573238372803,15.384819984436035
000519.png,-12.569334983825684,7.285376071929932,52.73175811767578,-24.454120635986328,5.219756603240967,15.439664840698242
000520.png,-12.283848762512207,7.247898101806641,52.83635711669922,-24.441497802734375,5.222371578216553,15.491562843322754
000521.png,-12.039239883422852,7.223262310028076,52.97602081298828,-24.455041885375977,5.221157073974609,15.531649589538574
000522.png,-11.76805305480957,7.206578731536865,53.10659408569336,-24.457630157470703,5.217379093170166,15.580855369567871
000523.png,-11.481791496276855,7.195075988769531,53.20003128051758,-24.453659057617188,5.225583553314209,15.61654281616211
000524.png,-11.193474769592285,7.178747653961182,53.28076171875,-24.465137481689453,5.234523296356201,15.6475830078125
000525.png,-10.927322387695312,7.150418758392334,53.3922233581543,-24.49223518371582,5.241376876831055,15.683069229125977
000526.png,-10.719039916992188,7.120525360107422,53.52558898925781,-24.5455379486084,5.241857528686523,15.710611343383789
000527.png,-10.536657333374023,7.095410346984863,53.63499450683594,-24.585983276367188,5.243391513824463,15.731712341308594
000528.png,-10.366554260253906,7.070578575134277,53.74456787109375,-24.61917495727539,5.240835666656494,15.74416732788086
000529.png,-10.228310585021973,7.042008399963379,53.86968231201172,-24.64293098449707,5.246817111968994,15.765413284301758
000530.png,-10.072077751159668,7.01338005065918,54.00314712524414,-24.682199478149414,5.260793209075928,15.779308319091797
000531.png,-9.889351844787598,7.0198469161987305,54.13618850708008,-24.718637466430664,5.2951340675354,15.776083946228027
000532.png,-9.7023344039917,7.015816688537598,54.25460433959961,-24.77458953857422,5.3232197761535645,15.77495002746582
000533.png,-9.551567077636719,7.011998653411865,54.3719367980957,-24.837932586669922,5.351013660430908,15.794663429260254
000534.png,-9.430473327636719,6.992960453033447,54.49824905395508,-24.9003963470459,5.384029865264893,15.8134126663208
000535.png,-9.29063606262207,6.968634128570557,54.625389099121094,-24.965999603271484,5.419075012207031,15.816290855407715
000536.png,-9.141077041625977,6.9458842277526855,54.7437858581543,-25.013874053955078,5.448343276977539,15.822669982910156
000537.png,-8.995124816894531,6.9278388023376465,54.85215377807617,-25.052143096923828,5.46813440322876,15.834381103515625
000538.png,-8.869059562683105,6.9236602783203125,54.97364044189453,-25.100431442260742,5.483470439910889,15.85342025756836
000539.png,-8.751945495605469,6.9221014976501465,55.10185241699219,-25.137529373168945,5.4941020011901855,15.88803768157959
000540.png,-8.632401466369629,6.907958984375,55.24252700805664,-25.189077377319336,5.495320796966553,15.921039581298828
000541.png,-8.50317096710205,6.90467643737793,55.378929138183594,-25.243671417236328,5.486391067504883,15.937893867492676
000542.png,-8.391660690307617,6.915777206420898,55.53940200805664,-25.283184051513672,5.469757080078125,15.950831413269043
000543.png,-8.294723510742188,6.948647499084473,55.69664001464844,-25.313663482666016,5.458054065704346,15.962446212768555
000544.png,-8.183362007141113,6.9949445724487305,55.873008728027344,-25.30206871032715,5.440507411956787,16.003694534301758
000545.png,-8.084345817565918,7.0339155197143555,56.0631103515625,-25.324575424194336,5.45189094543457,16.083189010620117
000546.png,-7.993030548095703,7.073304653167725,56.218414306640625,-25.365360260009766,5.461956977844238,16.15791893005371
000547.png,-7.924782752990723,7.1185712814331055,56.38290023803711,-25.415456771850586,5.460846900939941,16.222986221313477
000548.png,-7.861037731170654,7.147925853729248,56.58099365234375,-25.46021842956543,5.4568328857421875,16.287336349487305
000549.png,-7.86211633682251,7.143260478973389,56.79837417602539,-25.50945281982422,5.4662957191467285,16.35841941833496
000550.png,-7.8183698654174805,7.139763355255127,57.00844955444336,-25.561311721801758,5.491879463195801,16.398935317993164
000551.png,-7.731855869293213,7.160183906555176,57.2327880859375,-25.580718994140625,5.521305084228516,16.441974639892578
000552.png,-7.615886688232422,7.190229892730713,57.43428421020508,-25.615386962890625,5.535741329193115,16.4948673248291
000553.png,-7.502520561218262,7.229293346405029,57.64883804321289,-25.66178321838379,5.549187660217285,16.545211791992188
000554.png,-7.387649059295654,7.261009693145752,57.891868591308594,-25.715816497802734,5.5542144775390625,16.614770889282227
000555.png,-7.305859088897705,7.250747203826904,58.17637634277344,-25.78408432006836,5.538915634155273,16.70835304260254
000556.png,-7.2751922607421875,7.2213850021362305,58.4980354309082,-25.846778869628906,5.513216018676758,16.781129837036133
000557.png,-7.305270671844482,7.194539546966553,58.82720184326172,-25.913108825683594,5.486135482788086,16.854652404785156
000558.png,-7.375955104827881,7.169213771820068,59.143348693847656,-25.981781005859375,5.468958377838135,16.927053451538086
000559.png,-7.448089122772217,7.146551132202148,59.44734573364258,-26.05321502685547,5.457435607910156,16.99181365966797
000560.png,-7.481078624725342,7.134903430938721,59.74394607543945,-26.140155792236328,5.449717044830322,17.030033111572266
000561.png,-7.502734661102295,7.1023945808410645,60.05363082885742,-26.22537612915039,5.441066265106201,17.05397605895996
000562.png,-7.445773601531982,7.082586765289307,60.31217956542969,-26.285614013671875,5.4265007972717285,17.089990615844727
000563.png,-7.361886024475098,7.069779396057129,60.54731369018555,-26.330259323120117,5.40803337097168,17.13740348815918
000564.png,-7.303586959838867,7.051984786987305,60.80134201049805,-26.382305145263672,5.391307353973389,17.188520431518555
000565.png,-7.258904457092285,7.024259567260742,61.075462341308594,-26.43701171875,5.387165546417236,17.243242263793945
000566.png,-7.195473670959473,6.994943618774414,61.35395812988281,-26.493717193603516,5.395232200622559,17.28281593322754
000567.png,-7.179813861846924,6.948317050933838,61.65651321411133,-26.552879333496094,5.411554336547852,17.335853576660156
000568.png,-7.153719425201416,6.89091682434082,61.92411422729492,-26.595125198364258,5.437620162963867,17.397872924804688
000569.png,-7.12744140625,6.843718528747559,62.14727020263672,-26.641357421875,5.4536542892456055,17.46036720275879
000570.png,-7.0646843910217285,6.794178485870361,62.33018493652344,-26.694108963012695,5.463914394378662,17.506940841674805
000571.png,-6.966103553771973,6.747727870941162,62.5485954284668,-26.747520446777344,5.4796833992004395,17.542356491088867
000572.png,-6.848175525665283,6.688240051269531,62.73987579345703,-26.806652069091797,5.499350070953369,17.587909698486328
000573.png,-6.740145206451416,6.625663757324219,62.94532775878906,-26.85646629333496,5.5236496925354,17.666147232055664
000574.png,-6.627583980560303,6.576798915863037,63.110294342041016,-26.911426544189453,5.550243854522705,17.71505355834961
000575.png,-6.494125843048096,6.549448013305664,63.23896026611328,-26.966854095458984,5.580521106719971,17.727455139160156
000576.png,-6.356947898864746,6.54002046585083,63.33956527709961,-27.022396087646484,5.619394302368164,17.71428680419922
000577.png,-6.234281539916992,6.537905693054199,63.414817810058594,-27.0806827545166,5.652797222137451,17.695920944213867
000578.png,-6.112706661224365,6.549008369445801,63.50458908081055,-27.13015365600586,5.678074836730957,17.686281204223633
000579.png,-5.989608287811279,6.5569915771484375,63.58396530151367,-27.13848304748535,5.694943428039551,17.703739166259766
000580.png,-5.855574607849121,6.557381629943848,63.69722366333008,-27.17844009399414,5.713003635406494,17.714426040649414
000581.png,-5.6933159828186035,6.569364547729492,63.84510803222656,-27.215377807617188,5.7211689949035645,17.73179054260254
000582.png,-5.533796787261963,6.593132019042969,64.01005554199219,-27.23422622680664,5.715672492980957,17.747268676757812
000583.png,-5.382843494415283,6.621311664581299,64.15381622314453,-27.244518280029297,5.702788352966309,17.772573471069336
000584.png,-5.2316484451293945,6.649890899658203,64.29629516601562,-27.249582290649414,5.694072246551514,17.80617332458496
000585.png,-5.080704689025879,6.679030418395996,64.42523193359375,-27.27745246887207,5.702122211456299,17.85279083251953
000586.png,-4.9297285079956055,6.709079742431641,64.50931549072266,-27.309473037719727,5.7097673416137695,17.916133880615234
000587.png,-4.792478084564209,6.7390851974487305,64.58577728271484,-27.33544921875,5.715027332305908,17.975399017333984
000588.png,-4.652169227600098,6.7555389404296875,64.6626968383789,-27.37299346923828,5.724132537841797,18.034255981445312
000589.png,-4.521942615509033,6.761225700378418,64.72898864746094,-27.417438507080078,5.7397260665893555,18.0932559967041
000590.png,-4.371451377868652,6.7653279304504395,64.84739685058594,-27.486093521118164,5.751204967498779,18.10806655883789
000591.png,-4.207353115081787,6.78270149230957,64.9780502319336,-27.540586471557617,5.764695644378662,18.11415672302246
000592.png,-3.9999241828918457,6.797774314880371,65.09954833984375,-27.585803985595703,5.774720668792725,18.1444091796875
000593.png,-3.8194074630737305,6.806406497955322,65.2405014038086,-27.63446807861328,5.785635948181152,18.181642532348633
000594.png,-3.6475188732147217,6.793761730194092,65.37714385986328,-27.685712814331055,5.8017120361328125,18.22604751586914
000595.png,-3.4896984100341797,6.768092155456543,65.52526092529297,-27.733354568481445,5.826272010803223,18.253211975097656
000596.png,-3.3311147689819336,6.741849899291992,65.67645263671875,-27.76648712158203,5.854616641998291,18.269840240478516
000597.png,-3.18087100982666,6.709244728088379,65.81864166259766,-27.788135528564453,5.88185453414917,18.281187057495117
000598.png,-3.010540008544922,6.68168830871582,65.94694519042969,-27.798059463500977,5.906752586364746,18.30811309814453
000599.png,-2.840369939804077,6.648568630218506,66.0530014038086,-27.81247329711914,5.9238972663879395,18.336652755737305
000600.png,-2.649421215057373,6.61428689956665,66.1618423461914,-27.840059280395508,5.937653064727783,18.37038803100586
000601.png,-2.4518556594848633,6.615241527557373,66.29652404785156,-27.871780395507812,5.940502643585205,18.39767074584961
000602.png,-2.253617763519287,6.619040012359619,66.41279602050781,-27.901384353637695,5.942192077636719,18.456071853637695
000603.png,-2.1157455444335938,6.604527473449707,66.5892105102539,-27.94560432434082,5.953274726867676,18.54561424255371
000604.png,-2.000467300415039,6.5818657875061035,66.77069854736328,-27.989822387695312,5.972565650939941,18.6113338470459
000605.png,-1.9013475179672241,6.5530524253845215,66.97008514404297,-28.046213150024414,6.003897666931152,18.64142417907715
000606.png,-1.804973840713501,6.524079322814941,67.15895080566406,-28.09791374206543,6.036329746246338,18.646461486816406
000607.png,-1.7014148235321045,6.488213539123535,67.31260681152344,-28.1468448638916,6.064345359802246,18.662683486938477
000608.png,-1.6002432107925415,6.450909614562988,67.42428588867188,-28.174020767211914,6.082338333129883,18.696090698242188
000609.png,-1.4835882186889648,6.4284772872924805,67.51448059082031,-28.189350128173828,6.0954484939575195,18.74054718017578
000610.png,-1.3304060697555542,6.421956539154053,67.623291015625,-28.229677200317383,6.10488224029541,18.765544891357422
000611.png,-1.1604348421096802,6.409915924072266,67.75253295898438,-28.27952003479004,6.123451232910156,18.783605575561523
000612.png,-1.0159488916397095,6.38818883895874,67.88956451416016,-28.352649688720703,6.135813236236572,18.814897537231445
000613.png,-0.8466189503669739,6.3786702156066895,68.0043716430664,-28.435287475585938,6.156775951385498,18.834386825561523
000614.png,-0.651167094707489,6.381771087646484,68.09180450439453,-28.526813507080078,6.184743404388428,18.844406127929688
000615.png,-0.4385949373245239,6.387296199798584,68.15876770019531,-28.621063232421875,6.219030380249023,18.846590042114258
000616.png,-0.20352387428283691,6.396870136260986,68.19586944580078,-28.720802307128906,6.253661155700684,18.84109115600586
000617.png,0.03029683232307434,6.406839847564697,68.21168518066406,-28.80211067199707,6.290534019470215,18.842632293701172
000618.png,0.2606882154941559,6.4192938804626465,68.24141693115234,-28.87023162841797,6.31840705871582,18.851852416992188
000619.png,0.4941856861114502,6.425468921661377,68.27816009521484,-28.916704177856445,6.337338924407959,18.89179801940918
000620.png,0.7163522243499756,6.433910369873047,68.39039611816406,-28.98293685913086,6.367363452911377,18.928489685058594
000621.png,0.9108735918998718,6.447948455810547,68.53872680664062,-29.02224349975586,6.383273601531982,18.956783294677734
000622.png,1.099670648574829,6.468270301818848,68.67318725585938,-29.022380828857422,6.390296936035156,18.983013153076172
000623.png,1.274965763092041,6.49217414855957,68.805908203125,-29.01522445678711,6.388576984405518,19.019250869750977
000624.png,1.4400522708892822,6.528380393981934,68.94929504394531,-29.016237258911133,6.3769001960754395,19.062015533447266
000625.png,1.602189302444458,6.569406032562256,69.0901870727539,-29.05678367614746,6.374549865722656,19.120393753051758
000626.png,1.7611209154129028,6.619987487792969,69.24806213378906,-29.08985710144043,6.356319427490234,19.150266647338867
000627.png,1.8534331321716309,6.643806457519531,69.45478057861328,-29.151769638061523,6.353484630584717,19.206680297851562
000628.png,1.949758768081665,6.655272006988525,69.66664123535156,-29.197385787963867,6.3648457527160645,19.244918823242188
000629.png,2.092878818511963,6.667635917663574,69.84098052978516,-29.228132247924805,6.385162353515625,19.30480194091797
000630.png,2.262547731399536,6.684398174285889,69.9931869506836,-29.262937545776367,6.411957263946533,19.366567611694336
000631.png,2.4758825302124023,6.705563545227051,70.16849517822266,-29.300533294677734,6.432016849517822,19.398578643798828
000632.png,2.6760900020599365,6.717076301574707,70.3631591796875,-29.340694427490234,6.444986820220947,19.44049644470215
000633.png,2.8483901023864746,6.718930721282959,70.55824279785156,-29.377235412597656,6.459506034851074,19.514299392700195
000634.png,2.99971342086792,6.6874518394470215,70.77169799804688,-29.409711837768555,6.4753875732421875,19.5864315032959
000635.png,3.110738754272461,6.656768798828125,71.00647735595703,-29.457612991333008,6.4856486320495605,19.619977951049805
000636.png,3.213718891143799,6.626955509185791,71.20055389404297,-29.495046615600586,6.485139846801758,19.639175415039062
000637.png,3.3535571098327637,6.610654830932617,71.33766174316406,-29.5062313079834,6.479060173034668,19.6381893157959
000638.png,3.4837186336517334,6.584717750549316,71.4638442993164,-29.503026962280273,6.483704090118408,19.6610050201416
000639.png,3.619180679321289,6.556410789489746,71.54879760742188,-29.483253479003906,6.490523338317871,19.696533203125
000640.png,3.7576608657836914,6.53661584854126,71.62028503417969,-29.47252082824707,6.481384754180908,19.741060256958008
000641.png,3.896432876586914,6.530544281005859,71.72747802734375,-29.484241485595703,6.462806701660156,19.783361434936523
000642.png,4.062086582183838,6.542912006378174,71.85682678222656,-29.48614501953125,6.4402384757995605,19.83159828186035
000643.png,4.14130163192749,6.537919998168945,72.02381134033203,-29.528844833374023,6.420095920562744,19.881038665771484
000644.png,4.177718162536621,6.515224456787109,72.21764373779297,-29.57823371887207,6.405914306640625,19.919418334960938
000645.png,4.217066287994385,6.487468242645264,72.39462280273438,-29.64142417907715,6.395002365112305,19.934846878051758
000646.png,4.273813724517822,6.456658840179443,72.56180572509766,-29.705913543701172,6.395298957824707,19.935266494750977
000647.png,4.380756378173828,6.4264702796936035,72.71873474121094,-29.765554428100586,6.385956764221191,19.93718147277832
000648.png,4.511049747467041,6.417412281036377,72.8647689819336,-29.818906784057617,6.374966621398926,19.969776153564453
000649.png,4.657231330871582,6.40817403793335,72.99913024902344,-29.885648727416992,6.364194393157959,19.994840621948242
000650.png,4.819629192352295,6.3908562660217285,73.10746002197266,-29.94224739074707,6.354442119598389,20.025026321411133
000651.png,4.975027084350586,6.380084037780762,73.2127685546875,-30.022001266479492,6.352715492248535,20.045635223388672
000652.png,5.154599189758301,6.375277042388916,73.32585906982422,-30.108972549438477,6.356496334075928,20.077072143554688
000653.png,5.356700897216797,6.372838020324707,73.439453125,-30.19708251953125,6.363203048706055,20.07895851135254
000654.png,5.558237552642822,6.378711700439453,73.55952453613281,-30.2755126953125,6.36868143081665,20.080785751342773
000655.png,5.750123977661133,6.3941650390625,73.67367553710938,-30.33932876586914,6.379971981048584,20.080732345581055
000656.png,5.936114311218262,6.407477855682373,73.76434326171875,-30.39850425720215,6.392062187194824,20.086881637573242
000657.png,6.110167980194092,6.420925140380859,73.8310546875,-30.457965850830078,6.402507781982422,20.100961685180664
000658.png,6.297171592712402,6.437493801116943,73.87666320800781,-30.522018432617188,6.41463041305542,20.158832550048828
000659.png,6.488442420959473,6.450356960296631,73.91172790527344,-30.559619903564453,6.423688888549805,20.20119857788086
000660.png,6.699391841888428,6.466482639312744,73.95638275146484,-30.57793617248535,6.443506717681885,20.26153564453125
000661.png,6.915149688720703,6.479297161102295,73.96128845214844,-30.594635009765625,6.471692085266113,20.315242767333984
000662.png,7.152894496917725,6.475951671600342,73.93993377685547,-30.592222213745117,6.504525184631348,20.365249633789062
000663.png,7.443246841430664,6.47610330581665,73.9097900390625,-30.584047317504883,6.533102989196777,20.406038284301758
000664.png,7.721357345581055,6.473003387451172,73.90415954589844,-30.550809860229492,6.543396472930908,20.464956283569336
000665.png,7.982013702392578,6.482594966888428,73.96298217773438,-30.504405975341797,6.5421013832092285,20.5248966217041
000666.png,8.222579002380371,6.5031657218933105,74.03506469726562,-30.47219467163086,6.536281585693359,20.572172164916992
000667.png,8.415372848510742,6.532463073730469,74.12423706054688,-30.450937271118164,6.516900539398193,20.617136001586914
000668.png,8.570273399353027,6.5654520988464355,74.24674224853516,-30.433666229248047,6.488430023193359,20.63324737548828
000669.png,8.713722229003906,6.601766109466553,74.3991470336914,-30.424699783325195,6.458282947540283,20.624032974243164
000670.png,8.864380836486816,6.636070251464844,74.5285873413086,-30.43206214904785,6.4252190589904785,20.601015090942383
000671.png,9.058902740478516,6.67478084564209,74.65316772460938,-30.43504524230957,6.390887260437012,20.583518981933594
000672.png,9.206615447998047,6.71314811706543,74.82467651367188,-30.427227020263672,6.358435153961182,20.56032371520996
000673.png,9.30681037902832,6.752240180969238,75.0058364868164,-30.412673950195312,6.329656600952148,20.496278762817383
000674.png,9.395752906799316,6.789134502410889,75.19071960449219,-30.389636993408203,6.305719375610352,20.409961700439453
000675.png,9.466656684875488,6.825973987579346,75.38440704345703,-30.348451614379883,6.285285472869873,20.299678802490234
000676.png,9.536824226379395,6.867969512939453,75.57569885253906,-30.296052932739258,6.268857479095459,20.205554962158203
000677.png,9.595580101013184,6.897758483886719,75.77969360351562,-30.241161346435547,6.256282806396484,20.137094497680664
000678.png,9.626504898071289,6.919116020202637,76.01213836669922,-30.20067596435547,6.248878002166748,20.074909210205078
000679.png,9.631257057189941,6.93841028213501,76.31682586669922,-30.180038452148438,6.252830982208252,20.01734733581543
000680.png,9.592211723327637,6.960541248321533,76.70387268066406,-30.187837600708008,6.241049289703369,19.952800750732422
000681.png,9.494842529296875,6.972851276397705,77.11222839355469,-30.21394157409668,6.216046333312988,19.90776252746582
000682.png,9.385366439819336,6.966867923736572,77.4509506225586,-30.203266143798828,6.202399730682373,19.899538040161133
000683.png,9.283089637756348,6.965234279632568,77.75723266601562,-30.20751953125,6.183128356933594,19.87217140197754
000684.png,9.19529914855957,6.991276264190674,78.08252716064453,-30.217700958251953,6.181812286376953,19.799713134765625
000685.png,9.074893951416016,7.0025224685668945,78.43938446044922,-30.271440505981445,6.183107376098633,19.75528907775879
000686.png,8.949527740478516,7.039950847625732,78.75814819335938,-30.27739143371582,6.173859119415283,19.701793670654297
000687.png,8.788500785827637,7.076292991638184,79.09501647949219,-30.272438049316406,6.162670612335205,19.637041091918945
000688.png,8.64482307434082,7.101394176483154,79.4893569946289,-30.30916404724121,6.149908542633057,19.56039047241211
000689.png,8.53532600402832,7.146012783050537,79.86865997314453,-30.360074996948242,6.1421217918396,19.50752830505371
000690.png,8.449006080627441,7.21602725982666,80.26225280761719,-30.408315658569336,6.136746883392334,19.425569534301758
000691.png,8.361603736877441,7.258920669555664,80.63984680175781,-30.429994583129883,6.130251884460449,19.368593215942383
000692.png,8.247108459472656,7.288540840148926,80.9779052734375,-30.434398651123047,6.116269588470459,19.34099578857422
000693.png,8.110112190246582,7.310988426208496,81.30308532714844,-30.45667839050293,6.100104808807373,19.32927703857422
000694.png,8.016654968261719,7.323431968688965,81.67620849609375,-30.492202758789062,6.102663516998291,19.355388641357422
000695.png,7.913078308105469,7.311692237854004,82.02676391601562,-30.528629302978516,6.092597484588623,19.36231231689453
000696.png,7.786101818084717,7.303183555603027,82.44051361083984,-30.527542114257812,6.104057788848877,19.34994125366211
000697.png,7.569733142852783,7.302693843841553,82.84774017333984,-30.521373748779297,6.108803749084473,19.316890716552734
000698.png,7.3787970542907715,7.3229079246521,83.28729248046875,-30.506559371948242,6.107516288757324,19.290081024169922
000699.png,7.175724506378174,7.360432147979736,83.70450592041016,-30.47901725769043,6.1120429039001465,19.254812240600586
000700.png,7.051972389221191,7.3842997550964355,84.06320190429688,-30.46535873413086,6.128995895385742,19.26350975036621
000701.png,6.903880596160889,7.4161529541015625,84.44677734375,-30.491941452026367,6.130090713500977,19.22152328491211
000702.png,6.797238826751709,7.427608966827393,84.87301635742188,-30.558115005493164,6.134156703948975,19.159635543823242
000703.png,6.667098045349121,7.428460597991943,85.28064727783203,-30.625900268554688,6.130392551422119,19.0629825592041
000704.png,6.515223503112793,7.437783718109131,85.66841888427734,-30.693073272705078,6.133391857147217,18.966951370239258
000705.png,6.366111755371094,7.463094711303711,86.01636505126953,-30.723115921020508,6.12669038772583,18.9085693359375
000706.png,6.269804000854492,7.496676445007324,86.321533203125,-30.78357696533203,6.104884624481201,18.89519691467285
000707.png,6.19847297668457,7.537833213806152,86.57190704345703,-30.834136962890625,6.106293678283691,18.91674041748047
000708.png,6.171712398529053,7.575013160705566,86.8132095336914,-30.87677001953125,6.1198577880859375,18.88455581665039
000709.png,6.127325534820557,7.604707717895508,87.02268981933594,-30.903701782226562,6.115899085998535,18.932849884033203
000710.png,6.090654373168945,7.61924409866333,87.2515869140625,-30.918731689453125,6.113869667053223,18.97796058654785
000711.png,6.024975776672363,7.618969917297363,87.46428680419922,-30.921363830566406,6.104811191558838,18.98558235168457
000712.png,5.943130970001221,7.599089622497559,87.57720184326172,-30.93574333190918,6.110869884490967,19.025121688842773
000713.png,5.853806495666504,7.579069137573242,87.61361694335938,-30.9096622467041,6.127669811248779,19.086612701416016
000714.png,5.74281120300293,7.5624189376831055,87.58960723876953,-30.840717315673828,6.140705585479736,19.109682083129883
000715.png,5.630720138549805,7.523725986480713,87.60221862792969,-30.823286056518555,6.1356377601623535,19.167097091674805
000716.png,5.507789134979248,7.491158962249756,87.63810729980469,-30.830602645874023,6.109643936157227,19.17051887512207
000717.png,5.344008922576904,7.494788646697998,87.6165542602539,-30.789302825927734,6.098524570465088,19.17806053161621
000718.png,5.141819953918457,7.508070945739746,87.64373779296875,-30.760639190673828,6.0730791091918945,19.149606704711914
000719.png,4.9858832359313965,7.504980564117432,87.71578216552734,-30.729745864868164,6.046667575836182,19.15890884399414
000720.png,4.8318376541137695,7.469686031341553,87.74710083007812,-30.693613052368164,6.0475335121154785,19.16705894470215
000721.png,4.647501468658447,7.421422004699707,87.765869140625,-30.68368911743164,6.071508407592773,19.139171600341797
000722.png,4.497459888458252,7.391261577606201,87.79010009765625,-30.681488037109375,6.091410160064697,19.093605041503906
000723.png,4.384481906890869,7.380198955535889,87.83409118652344,-30.688594818115234,6.095057964324951,19.13823699951172
000724.png,4.279323101043701,7.359739303588867,87.86912536621094,-30.69502830505371,6.092418193817139,19.178314208984375
000725.png,4.181585788726807,7.354683876037598,87.8786392211914,-30.627511978149414,6.088262557983398,19.19028663635254
000726.png,4.011502265930176,7.3536176681518555,87.88133239746094,-30.604549407958984,6.076220512390137,19.221725463867188
000727.png,3.879551649093628,7.367178440093994,87.89054107666016,-30.563966751098633,6.080845832824707,19.257492065429688
000728.png,3.725748062133789,7.381263256072998,87.91881561279297,-30.53694725036621,6.090917587280273,19.29215431213379
000729.png,3.5628561973571777,7.390880107879639,87.97972869873047,-30.489456176757812,6.11665153503418,19.318037033081055
000730.png,3.424548387527466,7.391940116882324,88.03831481933594,-30.44279670715332,6.135271072387695,19.370746612548828
000731.png,3.356935739517212,7.390354633331299,88.09197235107422,-30.424179077148438,6.149213790893555,19.474851608276367
000732.png,3.3121509552001953,7.37996768951416,88.19261932373047,-30.479522705078125,6.164667129516602,19.606725692749023
000733.png,3.231274366378784,7.362432956695557,88.31304168701172,-30.525850296020508,6.192265510559082,19.736217498779297
000734.png,3.0993661880493164,7.315677165985107,88.43344116210938,-30.59250259399414,6.20538330078125,19.83568000793457
000735.png,2.9719901084899902,7.280532360076904,88.5018081665039,-30.61840057373047,6.209287643432617,19.89645004272461
000736.png,2.8410072326660156,7.24822998046875,88.53341674804688,-30.614858627319336,6.232301712036133,19.98662567138672
000737.png,2.701956033706665,7.208658218383789,88.51947784423828,-30.602489471435547,6.263766765594482,20.119869232177734
000738.png,2.522684097290039,7.171766757965088,88.53604888916016,-30.638595581054688,6.283702850341797,20.25371742248535
000739.png,2.2923331260681152,7.13243293762207,88.63065338134766,-30.704587936401367,6.295652866363525,20.350770950317383
000740.png,2.0418360233306885,7.098450660705566,88.79617309570312,-30.784351348876953,6.315382957458496,20.423234939575195
000741.png,1.8326867818832397,7.074913024902344,89.01020050048828,-30.89212417602539,6.335695743560791,20.497346878051758
000742.png,1.6721935272216797,7.068192481994629,89.21334075927734,-31.00970458984375,6.362461566925049,20.55377769470215
000743.png,1.5227985382080078,7.076362133026123,89.390869140625,-31.135168075561523,6.377123832702637,20.578067779541016
000744.png,1.3713040351867676,7.076392650604248,89.52255249023438,-31.251239776611328,6.3863348960876465,20.597545623779297
000745.png,1.2623746395111084,7.068953990936279,89.55155944824219,-31.323074340820312,6.392410755157471,20.583940505981445
000746.png,1.0945607423782349,7.060946941375732,89.61579895019531,-31.402385711669922,6.401260852813721,20.55167007446289
000747.png,0.906889796257019,7.043966770172119,89.69207763671875,-31.471698760986328,6.411357402801514,20.58870506286621
000748.png,0.6838846206665039,7.0282769203186035,89.81021118164062,-31.52560806274414,6.415464401245117,20.673824310302734
000749.png,0.41918760538101196,7.014068603515625,89.97876739501953,-31.588157653808594,6.422329902648926,20.777013778686523
000750.png,0.14604637026786804,7.002834320068359,90.1338119506836,-31.649024963378906,6.43271017074585,20.89059829711914
000751.png,-0.11709940433502197,7.011036396026611,90.26756286621094,-31.705852508544922,6.4406280517578125,21.000770568847656
000752.png,-0.3573513627052307,7.0353569984436035,90.39380645751953,-31.769193649291992,6.438379764556885,21.095348358154297
000753.png,-0.597697377204895,7.066281795501709,90.47505187988281,-31.791669845581055,6.441338539123535,21.130619049072266
000754.png,-0.815081000328064,7.095548152923584,90.49502563476562,-31.768152236938477,6.46554708480835,21.146564483642578
000755.png,-1.0216292142868042,7.103879451751709,90.54046630859375,-31.74628257751465,6.505105972290039,21.171649932861328
000756.png,-1.2528451681137085,7.097614765167236,90.60188293457031,-31.761411666870117,6.538186073303223,21.19338035583496
000757.png,-1.455130934715271,7.088187217712402,90.69509887695312,-31.813140869140625,6.546661376953125,21.24658203125
000758.png,-1.6204344034194946,7.091313362121582,90.84408569335938,-31.866683959960938,6.5479888916015625,21.321622848510742
000759.png,-1.7800909280776978,7.093155860900879,91.01354217529297,-31.89008140563965,6.5758819580078125,21.423572540283203
000760.png,-2.002687692642212,7.0755205154418945,91.13111114501953,-31.924285888671875,6.607128143310547,21.488969802856445
000761.png,-2.2423179149627686,7.072405815124512,91.21593475341797,-31.923316955566406,6.632193565368652,21.50950813293457
000762.png,-2.4578158855438232,7.065553188323975,91.28341674804688,-31.911418914794922,6.656844615936279,21.549673080444336
000763.png,-2.6937997341156006,7.061230182647705,91.35688781738281,-31.912363052368164,6.682117938995361,21.588092803955078
000764.png,-2.9327685832977295,7.054988861083984,91.46263885498047,-31.88764190673828,6.698148727416992,21.631214141845703
000765.png,-3.1452834606170654,7.0501275062561035,91.55489349365234,-31.892507553100586,6.7004618644714355,21.717897415161133
000766.png,-3.3126678466796875,7.06168794631958,91.69793701171875,-31.938697814941406,6.676192760467529,21.813905715942383
000767.png,-3.4613914489746094,7.073404312133789,91.87261199951172,-31.964479446411133,6.676651477813721,21.91004180908203
000768.png,-3.637319803237915,7.070377826690674,91.99899291992188,-32.01179504394531,6.679800987243652,21.92978858947754
000769.png,-3.839237689971924,7.086933135986328,92.12191772460938,-32.02007293701172,6.686883449554443,21.92331886291504
000770.png,-4.0643720626831055,7.0822978019714355,92.17045593261719,-32.01979064941406,6.696710109710693,21.955791473388672
000771.png,-4.27830696105957,7.063377857208252,92.2296371459961,-32.04237747192383,6.719938278198242,22.000505447387695
000772.png,-4.450345516204834,7.049834251403809,92.35235595703125,-32.07304763793945,6.743936538696289,22.063825607299805
000773.png,-4.542640686035156,7.0264787673950195,92.47147369384766,-32.125732421875,6.754710674285889,22.139816284179688
000774.png,-4.63016414642334,7.027829647064209,92.64015197753906,-32.23661804199219,6.758274078369141,22.241945266723633
000775.png,-4.667974472045898,6.998720169067383,92.78986358642578,-32.29466247558594,6.7904052734375,22.29393196105957
000776.png,-4.691914081573486,6.986422061920166,92.88027954101562,-32.334896087646484,6.80667781829834,22.298673629760742
000777.png,-4.6790337562561035,6.99993896484375,92.97174072265625,-32.388572692871094,6.810152053833008,22.32760238647461
000778.png,-4.689321517944336,7.013106346130371,93.08441925048828,-32.43986511230469,6.800868511199951,22.39041519165039
000779.png,-4.765071868896484,6.988430023193359,93.1637954711914,-32.4622688293457,6.811309337615967,22.440580368041992
000780.png,-4.889500141143799,6.9724955558776855,93.27835083007812,-32.501033782958984,6.836556911468506,22.49816131591797
000781.png,-5.020634174346924,6.943999290466309,93.36785125732422,-32.53663635253906,6.859131336212158,22.548425674438477
000782.png,-5.109563827514648,6.93694543838501,93.51725006103516,-32.599700927734375,6.869207382202148,22.575605392456055
000783.png,-5.184471607208252,6.934879779815674,93.57926940917969,-32.63909149169922,6.891716957092285,22.627225875854492
000784.png,-5.266959190368652,6.939444065093994,93.64747619628906,-32.70331573486328,6.891600131988525,22.682636260986328
000785.png,-5.432460784912109,6.935642242431641,93.7631607055664,-32.76148223876953,6.8888068199157715,22.745269775390625
000786.png,-5.619178295135498,6.927128791809082,93.89402770996094,-32.76694869995117,6.884462356567383,22.811609268188477
000787.png,-5.799657821655273,6.943233013153076,94.07516479492188,-32.772911071777344,6.8738861083984375,22.887014389038086
000788.png,-5.985990047454834,6.967121124267578,94.29975891113281,-32.787208557128906,6.869347095489502,22.9669189453125
000789.png,-6.200055122375488,6.9893479347229,94.4906005859375,-32.79782485961914,6.870790481567383,23.007469177246094
000790.png,-6.420755386352539,7.012599468231201,94.57817840576172,-32.7769660949707,6.880006790161133,23.00204849243164
000791.png,-6.592759132385254,7.044721603393555,94.59645080566406,-32.74000549316406,6.903253078460693,22.997753143310547
000792.png,-6.794545650482178,7.069931507110596,94.65840911865234,-32.702064514160156,6.920165538787842,23.006858825683594
000793.png,-6.989039421081543,7.084548473358154,94.71736145019531,-32.701473236083984,6.916794776916504,23.03197479248047
000794.png,-7.177361965179443,7.115915298461914,94.81501770019531,-32.70549011230469,6.901454448699951,23.106857299804688
000795.png,-7.368130207061768,7.13401460647583,94.96395111083984,-32.68116760253906,6.917469501495361,23.173891067504883
000796.png,-7.60195779800415,7.147022247314453,95.06794738769531,-32.66116714477539,6.9407830238342285,23.23379898071289
000797.png,-7.7588629722595215,7.175407886505127,95.1734619140625,-32.65141296386719,6.942773342132568,23.285078048706055
000798.png,-7.937997817993164,7.171898365020752,95.23235321044922,-32.63801574707031,6.966960906982422,23.351545333862305
000799.png,-8.1493558883667,7.165210723876953,95.27934265136719,-32.63631820678711,7.00540018081665,23.443941116333008
000800.png,-8.388087272644043,7.142032623291016,95.35418701171875,-32.605167388916016,7.044696807861328,23.475261688232422
000801.png,-8.595600128173828,7.1228742599487305,95.48001861572266,-32.62923812866211,7.0626068115234375,23.517993927001953
000802.png,-8.756935119628906,7.13878870010376,95.66728973388672,-32.658203125,7.059424877166748,23.62176513671875
000803.png,-8.90674877166748,7.1567463874816895,95.85807800292969,-32.683494567871094,7.075039863586426,23.709823608398438
000804.png,-9.091337203979492,7.198243141174316,95.99571990966797,-32.69536590576172,7.071406841278076,23.797941207885742
000805.png,-9.208694458007812,7.25302791595459,96.11949157714844,-32.69414520263672,7.070178031921387,23.864307403564453
000806.png,-9.35675048828125,7.291008949279785,96.26336669921875,-32.67734909057617,7.086683750152588,23.967315673828125
000807.png,-9.49977970123291,7.313784122467041,96.354736328125,-32.64308166503906,7.1115241050720215,24.066038131713867
000808.png,-9.646324157714844,7.332098960876465,96.4434814453125,-32.61049270629883,7.147740840911865,24.165569305419922
000809.png,-9.830612182617188,7.3473968505859375,96.5362777709961,-32.62168502807617,7.18170690536499,24.275808334350586
000810.png,-10.008626937866211,7.345215797424316,96.69032287597656,-32.68331527709961,7.201595783233643,24.41552734375
000811.png,-10.15947151184082,7.333833694458008,96.90581512451172,-32.7388801574707,7.220757484436035,24.51751708984375
000812.png,-10.301424980163574,7.293588161468506,97.07803344726562,-32.83338165283203,7.256167411804199,24.563011169433594
000813.png,-10.401400566101074,7.272872447967529,97.20975494384766,-32.85506820678711,7.292464733123779,24.604286193847656
000814.png,-10.527181625366211,7.24505090713501,97.29496002197266,-32.88454818725586,7.328132629394531,24.706756591796875
000815.png,-10.690701484680176,7.215368270874023,97.343017578125,-32.95133972167969,7.355591297149658,24.832956314086914
000816.png,-10.883477210998535,7.181694984436035,97.42809295654297,-33.0230712890625,7.394824981689453,24.91651725769043
000817.png,-11.099848747253418,7.1731276512146,97.54888153076172,-33.070213317871094,7.437878608703613,24.985370635986328
000818.png,-11.307745933532715,7.189740180969238,97.67070007324219,-33.141178131103516,7.463646411895752,25.031251907348633
000819.png,-11.47779655456543,7.2266926765441895,97.78795623779297,-33.26569366455078,7.4785380363464355,25.04108238220215
000820.png,-11.58967399597168,7.256688594818115,97.86178588867188,-33.34107971191406,7.495455741882324,25.066213607788086
000821.png,-11.692642211914062,7.276065349578857,97.94493103027344,-33.388370513916016,7.514928340911865,25.074743270874023
000822.png,-11.856531143188477,7.280367851257324,98.0455551147461,-33.418121337890625,7.543809413909912,25.077043533325195
000823.png,-12.033644676208496,7.274576187133789,98.14253997802734,-33.42441177368164,7.569681167602539,25.109901428222656
000824.png,-12.228893280029297,7.277393341064453,98.24478149414062,-33.41254806518555,7.5796637535095215,25.187061309814453
000825.png,-12.447088241577148,7.281463146209717,98.3430404663086,-33.407798767089844,7.584325790405273,25.277233123779297
000826.png,-12.649588584899902,7.299358367919922,98.47178649902344,-33.407470703125,7.591848373413086,25.37889862060547
000827.png,-12.871156692504883,7.295175552368164,98.56950378417969,-33.39529037475586,7.609497547149658,25.435163497924805
000828.png,-13.122632026672363,7.292972564697266,98.61215209960938,-33.33961868286133,7.629989147186279,25.424108505249023
000829.png,-13.370644569396973,7.26123046875,98.63973999023438,-33.26713180541992,7.664906024932861,25.430011749267578
000830.png,-13.623626708984375,7.203052043914795,98.69597625732422,-33.239017486572266,7.707411766052246,25.44706153869629
000831.png,-13.84564208984375,7.155524730682373,98.75493621826172,-33.243072509765625,7.734920501708984,25.478271484375
000832.png,-13.998695373535156,7.140917778015137,98.82615661621094,-33.257266998291016,7.741481781005859,25.544954299926758
000833.png,-14.169127464294434,7.147861957550049,98.9532699584961,-33.25557327270508,7.740996360778809,25.60740852355957
000834.png,-14.32439136505127,7.163283824920654,99.07105255126953,-33.2314453125,7.7504496574401855,25.69200325012207
000835.png,-14.443549156188965,7.201194763183594,99.15865325927734,-33.193939208984375,7.772493839263916,25.778121948242188
000836.png,-14.619552612304688,7.243458271026611,99.241455078125,-33.17335510253906,7.778913497924805,25.828968048095703
000837.png,-14.824837684631348,7.284055233001709,99.31654357910156,-33.13546371459961,7.784140586853027,25.86699104309082
000838.png,-15.046077728271484,7.326063632965088,99.39634704589844,-33.08814239501953,7.797079563140869,25.91414451599121
000839.png,-15.272832870483398,7.345047950744629,99.48646545410156,-33.03408432006836,7.826782703399658,25.995166778564453
000840.png,-15.494659423828125,7.350266933441162,99.56866455078125,-32.996437072753906,7.8487701416015625,26.08099937438965
000841.png,-15.670867919921875,7.342750549316406,99.70762634277344,-32.9976806640625,7.85165548324585,26.15559196472168
000842.png,-15.809598922729492,7.366474151611328,99.88584899902344,-33.031715393066406,7.851980686187744,26.20801544189453
000843.png,-15.943767547607422,7.405452728271484,100.02318572998047,-33.07394790649414,7.8538641929626465,26.234554290771484
000844.png,-16.075231552124023,7.4307355880737305,100.13336944580078,-33.10870361328125,7.873727321624756,26.25261688232422
000845.png,-16.211694717407227,7.4723358154296875,100.19248962402344,-33.11800765991211,7.903649806976318,26.26654052734375
000846.png,-16.33720588684082,7.521529674530029,100.21511840820312,-33.12204360961914,7.945277214050293,26.313051223754883
000847.png,-16.466766357421875,7.563877105712891,100.20861053466797,-33.1405143737793,7.988266468048096,26.39761734008789
000848.png,-16.637958526611328,7.586464881896973,100.23892974853516,-33.124305725097656,8.020720481872559,26.468379974365234
000849.png,-16.818063735961914,7.606992244720459,100.26614379882812,-33.13703536987305,8.029264450073242,26.5627498626709
000850.png,-16.937820434570312,7.620944023132324,100.35275268554688,-33.166358947753906,8.022746086120605,26.670482635498047
000851.png,-16.988126754760742,7.651185512542725,100.46211242675781,-33.225791931152344,8.011934280395508,26.746339797973633
000852.png,-17.049549102783203,7.69900369644165,100.6075210571289,-33.292728424072266,8.005786895751953,26.80141830444336
000853.png,-17.132843017578125,7.725325107574463,100.69901275634766,-33.33150863647461,8.018648147583008,26.80046272277832
000854.png,-17.17506217956543,7.766287803649902,100.78785705566406,-33.33631134033203,8.031064987182617,26.844221115112305
000855.png,-17.171350479125977,7.792205810546875,100.89913940429688,-33.37541580200195,8.025571823120117,26.93891143798828
000856.png,-17.138423919677734,7.796912670135498,101.07495880126953,-33.42715835571289,8.045013427734375,26.989791870117188
000857.png,-17.138248443603516,7.777716636657715,101.25228881835938,-33.46720504760742,8.072515487670898,27.0074405670166
000858.png,-17.161680221557617,7.764737606048584,101.45516204833984,-33.53750228881836,8.092752456665039,27.026933670043945
000859.png,-17.13672637939453,7.785524368286133,101.65036010742188,-33.666648864746094,8.117293357849121,27.00267219543457
000860.png,-17.08157730102539,7.805200099945068,101.72907257080078,-33.78681182861328,8.143839836120605,26.999286651611328
000861.png,-17.035120010375977,7.8173065185546875,101.78235626220703,-33.87793731689453,8.1594877243042,26.99027442932129
000862.png,-16.98444938659668,7.860186576843262,101.91297149658203,-33.96721267700195,8.192596435546875,26.954587936401367
000863.png,-16.95823860168457,7.906487941741943,102.07321166992188,-34.040130615234375,8.218157768249512,26.935869216918945
000864.png,-16.94209861755371,7.951657772064209,102.2509536743164,-34.085479736328125,8.245462417602539,26.940038681030273
000865.png,-16.90913963317871,7.993908405303955,102.41851043701172,-34.1163215637207,8.280649185180664,26.96499252319336
000866.png,-16.879886627197266,8.030603408813477,102.56007385253906,-34.147544860839844,8.308379173278809,26.993349075317383
000867.png,-16.876285552978516,8.043209075927734,102.70204162597656,-34.20621871948242,8.342755317687988,27.047061920166016
000868.png,-16.88455581665039,8.051392555236816,102.82872009277344,-34.25400924682617,8.382949829101562,27.11760711669922
000869.png,-16.92696189880371,8.062790870666504,102.9324722290039,-34.2901611328125,8.415603637695312,27.213014602661133
000870.png,-16.97002410888672,8.07077407836914,103.07122039794922,-34.33224105834961,8.44286823272705,27.2963924407959
000871.png,-16.99361801147461,8.066878318786621,103.26495361328125,-34.396671295166016,8.45915412902832,27.38506507873535
000872.png,-17.077919006347656,8.052884101867676,103.55059051513672,-34.50910186767578,8.464974403381348,27.503870010375977
000873.png,-17.17373275756836,8.064325332641602,103.80420684814453,-34.59550094604492,8.4715576171875,27.573928833007812
000874.png,-17.25946617126465,8.093750953674316,104.01895141601562,-34.6596565246582,8.476543426513672,27.665903091430664
000875.png,-17.37175941467285,8.12281608581543,104.20807647705078,-34.712894439697266,8.474327087402344,27.751996994018555
000876.png,-17.514240264892578,8.171865463256836,104.36286163330078,-34.73577117919922,8.47559928894043,27.84340476989746
000877.png,-17.690256118774414,8.209771156311035,104.47767639160156,-34.72940444946289,8.47130012512207,27.926549911499023
000878.png,-17.895353317260742,8.228777885437012,104.61653137207031,-34.75183868408203,8.45859146118164,27.99431037902832
000879.png,-18.043453216552734,8.257403373718262,104.80433654785156,-34.79391098022461,8.446218490600586,28.095617294311523
000880.png,-18.227344512939453,8.264299392700195,105.0050277709961,-34.844486236572266,8.44443416595459,28.146812438964844
000881.png,-18.33776092529297,8.274697303771973,105.19319152832031,-34.87128829956055,8.4434232711792,28.205638885498047
000882.png,-18.4273681640625,8.292413711547852,105.38814544677734,-34.914180755615234,8.445241928100586,28.305662155151367
000883.png,-18.54680633544922,8.299701690673828,105.58937072753906,-34.99665069580078,8.436199188232422,28.36927604675293
000884.png,-18.63268280029297,8.301681518554688,105.7755126953125,-35.05591583251953,8.429767608642578,28.405433654785156
000885.png,-18.712888717651367,8.325133323669434,105.95792388916016,-35.12168884277344,8.421452522277832,28.4410457611084
000886.png,-18.827983856201172,8.35372257232666,106.1627197265625,-35.18122100830078,8.400267601013184,28.474258422851562
000887.png,-18.956167221069336,8.386284828186035,106.3548583984375,-35.22772216796875,8.391944885253906,28.49195098876953
000888.png,-19.094013214111328,8.409232139587402,106.51639556884766,-35.2449951171875,8.386472702026367,28.498449325561523
000889.png,-19.254362106323242,8.440934181213379,106.69954681396484,-35.264591217041016,8.370572090148926,28.539653778076172
000890.png,-19.43505859375,8.483942985534668,106.90512084960938,-35.29995346069336,8.338369369506836,28.643117904663086
000891.png,-19.671205520629883,8.500744819641113,107.109619140625,-35.339622497558594,8.314021110534668,28.69641876220703
000892.png,-19.858646392822266,8.518651962280273,107.29519653320312,-35.33473587036133,8.283857345581055,28.709856033325195
000893.png,-20.016162872314453,8.563841819763184,107.462158203125,-35.30842208862305,8.273710250854492,28.77509117126465
000894.png,-20.160118103027344,8.584755897521973,107.62353515625,-35.307228088378906,8.282626152038574,28.853069305419922
000895.png,-20.227272033691406,8.619743347167969,107.77657318115234,-35.3172492980957,8.266682624816895,28.895740509033203
000896.png,-20.260562896728516,8.642256736755371,107.93043518066406,-35.33777618408203,8.243332862854004,28.931106567382812
000897.png,-20.331464767456055,8.629440307617188,108.04788970947266,-35.33211898803711,8.222825050354004,28.993820190429688
000898.png,-20.4091796875,8.638869285583496,108.13996887207031,-35.30347442626953,8.23304271697998,29.037708282470703
000899.png,-20.49026107788086,8.665282249450684,108.28572845458984,-35.27991485595703,8.21984577178955,29.136089324951172
000900.png,-20.494173049926758,8.716537475585938,108.40100860595703,-35.26567840576172,8.211398124694824,29.178327560424805
000901.png,-20.52365493774414,8.745115280151367,108.4494400024414,-35.271156311035156,8.209465026855469,29.21637535095215
000902.png,-20.61951446533203,8.744194984436035,108.57125854492188,-35.29090118408203,8.206097602844238,29.308320999145508
000903.png,-20.731966018676758,8.769163131713867,108.73529052734375,-35.33477783203125,8.214244842529297,29.40292739868164
000904.png,-20.87445068359375,8.759037971496582,108.9085464477539,-35.413143157958984,8.231678009033203,29.45694923400879
000905.png,-20.979446411132812,8.786031723022461,109.04656219482422,-35.42820739746094,8.246052742004395,29.46822738647461
000906.png,-21.024255752563477,8.805584907531738,109.09223175048828,-35.4344596862793,8.25489330291748,29.493820190429688
000907.png,-21.077178955078125,8.838473320007324,109.19265747070312,-35.50801086425781,8.259197235107422,29.549179077148438
000908.png,-21.09918785095215,8.856405258178711,109.3044204711914,-35.60309982299805,8.275707244873047,29.577505111694336
000909.png,-21.059307098388672,8.858880043029785,109.38519287109375,-35.6739616394043,8.30454158782959,29.604074478149414
000910.png,-21.00032615661621,8.858566284179688,109.45416259765625,-35.75041961669922,8.322229385375977,29.61077308654785
000911.png,-20.88067626953125,8.874987602233887,109.4854965209961,-35.82674789428711,8.342399597167969,29.63043975830078
000912.png,-20.791921615600586,8.91298770904541,109.53958892822266,-35.92780685424805,8.3475980758667,29.632295608520508
000913.png,-20.711647033691406,8.95914077758789,109.54605102539062,-36.0058479309082,8.34261703491211,29.62177848815918
000914.png,-20.626832962036133,9.026522636413574,109.53907775878906,-36.096435546875,8.330909729003906,29.604738235473633
000915.png,-20.52680015563965,9.08386516571045,109.51223754882812,-36.178611755371094,8.316791534423828,29.603952407836914
000916.png,-20.412307739257812,9.147692680358887,109.43437194824219,-36.24727249145508,8.298843383789062,29.625274658203125
000917.png,-20.309127807617188,9.201921463012695,109.34002685546875,-36.309043884277344,8.290233612060547,29.636117935180664
000918.png,-20.20958709716797,9.248100280761719,109.2421875,-36.367103576660156,8.282522201538086,29.661848068237305
000919.png,-20.101520538330078,9.284873008728027,109.13655090332031,-36.4287109375,8.276878356933594,29.692737579345703
000920.png,-19.9770565032959,9.317211151123047,109.02987670898438,-36.490474700927734,8.273724555969238,29.73130989074707
000921.png,-19.834482192993164,9.345792770385742,108.91683959960938,-36.546817779541016,8.276519775390625,29.776622772216797
000922.png,-19.688486099243164,9.375102043151855,108.79776763916016,-36.59503936767578,8.285961151123047,29.82207679748535
000923.png,-19.539575576782227,9.406003952026367,108.67596435546875,-36.646240234375,8.297066688537598,29.862403869628906
000924.png,-19.386384963989258,9.43829345703125,108.56402587890625,-36.703975677490234,8.305097579956055,29.891624450683594
000925.png,-19.234655380249023,9.47406005859375,108.47047424316406,-36.7713623046875,8.310392379760742,29.913057327270508
000926.png,-19.086414337158203,9.515095710754395,108.39000701904297,-36.840152740478516,8.310296058654785,29.925230026245117
000927.png,-18.952726364135742,9.560126304626465,108.32382202148438,-36.90930938720703,8.303985595703125,29.933441162109375
000928.png,-18.851634979248047,9.606377601623535,108.2657470703125,-36.97900390625,8.29306411743164,29.9370174407959
000929.png,-18.754432678222656,9.64537525177002,108.21817016601562,-37.04048538208008,8.286609649658203,29.941591262817383
000930.png,-18.666154861450195,9.68253231048584,108.19062805175781,-37.09634780883789,8.277048110961914,29.95915985107422
000931.png,-18.573816299438477,9.728009223937988,108.1952133178711,-37.15195846557617,8.266289710998535,29.991653442382812
000932.png,-18.4907169342041,9.789921760559082,108.23677825927734,-37.214874267578125,8.251158714294434,30.019886016845703
000933.png,-18.410076141357422,9.856904029846191,108.28031921386719,-37.271244049072266,8.23581314086914,30.044105529785156
000934.png,-18.336347579956055,9.922383308410645,108.30360412597656,-37.31840896606445,8.223533630371094,30.050846099853516
000935.png,-18.251094818115234,10.00324535369873,108.32108306884766,-37.3702278137207,8.230405807495117,30.01824951171875
000936.png,-18.188013076782227,10.087695121765137,108.35800170898438,-37.49143600463867,8.237833023071289,29.970909118652344
000937.png,-18.079530715942383,10.148242950439453,108.35272216796875,-37.59107971191406,8.270482063293457,29.94634437561035
000938.png,-17.9896297454834,10.18191909790039,108.304931640625,-37.68560791015625,8.296576499938965,29.885995864868164
000939.png,-17.926488876342773,10.24109172821045,108.31058502197266,-37.77285385131836,8.327771186828613,29.8351993560791
000940.png,-17.876401901245117,10.332803726196289,108.3581314086914,-37.84771728515625,8.355860710144043,29.799890518188477
000941.png,-17.81960678100586,10.44837760925293,108.45034790039062,-37.92412567138672,8.376745223999023,29.758378982543945
000942.png,-17.78917694091797,10.565361022949219,108.54627227783203,-38.00670623779297,8.368213653564453,29.714242935180664
000943.png,-17.737722396850586,10.681779861450195,108.67633056640625,-38.04949188232422,8.361360549926758,29.707807540893555
000944.png,-17.696392059326172,10.793954849243164,108.81403350830078,-38.074440002441406,8.3609037399292,29.73494529724121
000945.png,-17.674423217773438,10.87861156463623,108.97469329833984,-38.082275390625,8.365482330322266,29.780611038208008
000946.png,-17.670747756958008,10.954191207885742,109.12751007080078,-38.084651947021484,8.373656272888184,29.83112335205078
000947.png,-17.696386337280273,11.023509979248047,109.2836685180664,-38.10295867919922,8.38602352142334,29.911699295043945
000948.png,-17.77471351623535,11.07754135131836,109.42536163330078,-38.1251106262207,8.396059036254883,29.994098663330078
000949.png,-17.846227645874023,11.134099006652832,109.56964874267578,-38.14675521850586,8.40385627746582,30.07610321044922
000950.png,-17.864498138427734,11.213543891906738,109.75386810302734,-38.20661926269531,8.415453910827637,30.126123428344727
000951.png,-17.873273849487305,11.294251441955566,110.01453399658203,-38.2481575012207,8.439002990722656,30.210857391357422
000952.png,-17.890920639038086,11.370659828186035,110.26336669921875,-38.29745101928711,8.45295238494873,30.28388214111328
000953.png,-17.95440673828125,11.437457084655762,110.51432037353516,-38.34317398071289,8.458443641662598,30.30050277709961
000954.png,-18.00172233581543,11.521111488342285,110.7464599609375,-38.3801383972168,8.45312786102295,30.266643524169922
000955.png,-18.03105926513672,11.58887767791748,110.92540740966797,-38.39643096923828,8.44641399383545,30.25568962097168
000956.png,-18.027315139770508,11.664823532104492,111.09127807617188,-38.41270065307617,8.44803524017334,30.24555015563965
000957.png,-17.999649047851562,11.756132125854492,111.24186706542969,-38.42131423950195,8.456791877746582,30.242820739746094
000958.png,-17.990896224975586,11.845629692077637,111.3899154663086,-38.4403190612793,8.461942672729492,30.2640438079834
000959.png,-17.960430145263672,11.935515403747559,111.53606414794922,-38.4559440612793,8.469158172607422,30.296981811523438
000960.png,-17.92751121520996,12.00744342803955,111.70794677734375,-38.48381042480469,8.472777366638184,30.344667434692383
000961.png,-17.898487091064453,12.072287559509277,111.92684173583984,-38.545326232910156,8.490056037902832,30.369274139404297
000962.png,-17.864608764648438,12.149967193603516,112.16271209716797,-38.589359283447266,8.50325870513916,30.434093475341797
000963.png,-17.82142448425293,12.241186141967773,112.34693145751953,-38.61084747314453,8.504436492919922,30.50077247619629
000964.png,-17.771949768066406,12.339223861694336,112.48441314697266,-38.623905181884766,8.506131172180176,30.537906646728516
000965.png,-17.712051391601562,12.444337844848633,112.57489013671875,-38.61447525024414,8.512147903442383,30.550479888916016
000966.png,-17.692148208618164,12.532902717590332,112.69145965576172,-38.61785888671875,8.525845527648926,30.569061279296875
000967.png,-17.725608825683594,12.609424591064453,112.80717468261719,-38.637542724609375,8.546642303466797,30.57697296142578
000968.png,-17.792404174804688,12.696403503417969,112.94450378417969,-38.639259338378906,8.5734224319458,30.564924240112305
000969.png,-17.86920928955078,12.79348087310791,113.1318359375,-38.68818283081055,8.596657752990723,30.560531616210938
000970.png,-17.931835174560547,12.873163223266602,113.30096435546875,-38.76151657104492,8.619667053222656,30.55907440185547
000971.png,-17.998018264770508,12.935585021972656,113.5055923461914,-38.839271545410156,8.64236068725586,30.562379837036133
000972.png,-18.034847259521484,13.017900466918945,113.7052993774414,-38.90497970581055,8.673049926757812,30.58472442626953
000973.png,-18.07280158996582,13.096911430358887,113.89839935302734,-38.91826248168945,8.695746421813965,30.640766143798828
000974.png,-18.122026443481445,13.166812896728516,114.07362365722656,-38.91023635864258,8.706474304199219,30.678342819213867
000975.png,-18.18929100036621,13.232292175292969,114.24304962158203,-38.91676330566406,8.71925163269043,30.741403579711914
000976.png,-18.2226505279541,13.292830467224121,114.4072265625,-38.9190559387207,8.729994773864746,30.834856033325195
000977.png,-18.24078369140625,13.368595123291016,114.63034057617188,-38.89329528808594,8.746387481689453,30.914810180664062
000978.png,-18.310733795166016,13.417701721191406,114.8553237915039,-38.873924255371094,8.753890037536621,30.959768295288086
000979.png,-18.4036865234375,13.454869270324707,115.0949935913086,-38.86924743652344,8.745403289794922,30.978578567504883
000980.png,-18.524694442749023,13.471976280212402,115.37409973144531,-38.884910583496094,8.73320484161377,31.055702209472656
000981.png,-18.62578010559082,13.483020782470703,115.65370178222656,-38.94088363647461,8.717470169067383,31.102365493774414
000982.png,-18.676376342773438,13.498095512390137,115.94744873046875,-39.017879486083984,8.725922584533691,31.109609603881836
000983.png,-18.763320922851562,13.527227401733398,116.29808807373047,-39.08612060546875,8.748929977416992,31.146574020385742
000984.png,-18.890390396118164,13.540968894958496,116.6400146484375,-39.147335052490234,8.777085304260254,31.2264404296875
000985.png,-19.088476181030273,13.515137672424316,116.95948791503906,-39.18999099731445,8.810708999633789,31.238693237304688
000986.png,-19.315736770629883,13.491415023803711,117.2166519165039,-39.20458221435547,8.835328102111816,31.19219398498535
000987.png,-19.572162628173828,13.448067665100098,117.50894165039062,-39.24910354614258,8.861818313598633,31.157093048095703
000988.png,-19.827852249145508,13.406961441040039,117.80989074707031,-39.29427719116211,8.881272315979004,31.115537643432617
000989.png,-20.088857650756836,13.372942924499512,118.10624694824219,-39.31816101074219,8.889738082885742,31.074508666992188
000990.png,-20.34890365600586,13.356803894042969,118.38871002197266,-39.36914825439453,8.891448020935059,31.076519012451172
000991.png,-20.622844696044922,13.324994087219238,118.64130401611328,-39.419864654541016,8.889961242675781,31.102550506591797
000992.png,-20.90212631225586,13.288990020751953,118.87816619873047,-39.45796585083008,8.902186393737793,31.096681594848633
000993.png,-21.148019790649414,13.27001953125,119.0712890625,-39.42987060546875,8.919037818908691,31.06521224975586
000994.png,-21.393768310546875,13.267558097839355,119.25315856933594,-39.4121208190918,8.929800033569336,31.074737548828125
000995.png,-21.647010803222656,13.252959251403809,119.42755126953125,-39.42027282714844,8.936347007751465,31.080158233642578
000996.png,-21.88561248779297,13.238950729370117,119.59236907958984,-39.427162170410156,8.947625160217285,31.082914352416992
000997.png,-22.10782814025879,13.218328475952148,119.7469253540039,-39.43671417236328,8.970975875854492,31.117448806762695
000998.png,-22.291547775268555,13.210612297058105,119.84869384765625,-39.43351745605469,8.985272407531738,31.163331985473633
000999.png,-22.492612838745117,13.21562671661377,119.92269897460938,-39.45298767089844,8.994070053100586,31.20285987854004
001000.png,-22.70372772216797,13.227926254272461,119.99443054199219,-39.48336410522461,9.000443458557129,31.235353469848633
001001.png,-22.91958236694336,13.230225563049316,120.04025268554688,-39.504024505615234,9.016807556152344,31.26176643371582
001002.png,-23.135217666625977,13.227571487426758,120.06353759765625,-39.51606369018555,9.036921501159668,31.301944732666016
001003.png,-23.300323486328125,13.22588062286377,120.04460906982422,-39.54458236694336,9.063634872436523,31.33243179321289
001004.png,-23.417194366455078,13.231486320495605,120.05604553222656,-39.59038543701172,9.090408325195312,31.368986129760742
001005.png,-23.520849227905273,13.234220504760742,120.05738067626953,-39.607181549072266,9.117111206054688,31.433534622192383
001006.png,-23.643402099609375,13.231036186218262,120.0401382446289,-39.6108512878418,9.132891654968262,31.500459671020508
001007.png,-23.757356643676758,13.21818733215332,120.00968933105469,-39.61701583862305,9.145837783813477,31.5522403717041
001008.png,-23.876583099365234,13.200248718261719,119.99699401855469,-39.63983917236328,9.153068542480469,31.583675384521484
001009.png,-23.993684768676758,13.185205459594727,120.00639343261719,-39.665435791015625,9.151576042175293,31.618810653686523
001010.png,-24.130874633789062,13.188230514526367,120.02823638916016,-39.71184158325195,9.154855728149414,31.617996215820312
001011.png,-24.28635597229004,13.209775924682617,120.04055786132812,-39.79289627075195,9.162470817565918,31.5822811126709
001012.png,-24.434350967407227,13.2252779006958,120.00494384765625,-39.89155578613281,9.186324119567871,31.556034088134766
001013.png,-24.585962295532227,13.24267578125,119.98628997802734,-40.00730895996094,9.207364082336426,31.537694931030273
001014.png,-24.738515853881836,13.260141372680664,119.99149322509766,-40.10101318359375,9.224954605102539,31.520097732543945
001015.png,-24.92171859741211,13.264142990112305,120.05094146728516,-40.19964599609375,9.228726387023926,31.4993839263916
001016.png,-25.11949920654297,13.28646183013916,120.1090316772461,-40.320037841796875,9.225318908691406,31.500137329101562
001017.png,-25.304039001464844,13.291606903076172,120.13461303710938,-40.42633819580078,9.222722053527832,31.48967170715332
001018.png,-25.482582092285156,13.291913032531738,120.15065002441406,-40.53926086425781,9.228528022766113,31.497432708740234
001019.png,-25.658220291137695,13.283766746520996,120.15455627441406,-40.65884780883789,9.232377052307129,31.479509353637695
001020.png,-25.830360412597656,13.283231735229492,120.1864013671875,-40.76822280883789,9.229559898376465,31.481714248657227
001021.png,-26.015703201293945,13.275800704956055,120.23139190673828,-40.88579177856445,9.217208862304688,31.501964569091797
001022.png,-26.2357234954834,13.256567001342773,120.28451538085938,-41.0096549987793,9.214925765991211,31.51822280883789
001023.png,-26.491310119628906,13.239546775817871,120.3563232421875,-41.13421630859375,9.202591896057129,31.53535270690918
001024.png,-26.758590698242188,13.226492881774902,120.43965148925781,-41.27013397216797,9.18286418914795,31.557655334472656
001025.png,-27.03125762939453,13.217208862304688,120.53939056396484,-41.41669464111328,9.164048194885254,31.56975746154785
001026.png,-27.29805564880371,13.212902069091797,120.65508270263672,-41.57112503051758,9.151468276977539,31.5747013092041
001027.png,-27.55809211730957,13.201763153076172,120.77882385253906,-41.72243881225586,9.143747329711914,31.568071365356445
001028.png,-27.78846549987793,13.186275482177734,120.8935775756836,-41.858314514160156,9.139153480529785,31.55885887145996
001029.png,-28.024799346923828,13.168364524841309,121.01580810546875,-41.98439407348633,9.140822410583496,31.55885887145996
001030.png,-28.268638610839844,13.15434741973877,121.15453338623047,-42.1014518737793,9.139883041381836,31.571712493896484
001031.png,-28.519287109375,13.136584281921387,121.278076171875,-42.21985626220703,9.140378952026367,31.584848403930664
001032.png,-28.72095489501953,13.108214378356934,121.3442153930664,-42.332359313964844,9.136204719543457,31.637052536010742
001033.png,-28.881189346313477,13.07981014251709,121.38758087158203,-42.43731689453125,9.123102188110352,31.7187557220459
001034.png,-29.02825927734375,13.042296409606934,121.39061737060547,-42.55652618408203,9.0989351272583,31.802303314208984
001035.png,-29.182331085205078,13.018906593322754,121.41358947753906,-42.673622131347656,9.086615562438965,31.851247787475586
001036.png,-29.307708740234375,12.95592212677002,121.43171691894531,-42.77040481567383,9.088212966918945,31.937597274780273
001037.png,-29.485746383666992,12.913200378417969,121.43014526367188,-42.90008544921875,9.09195613861084,31.959136962890625
001038.png,-29.69782829284668,12.875422477722168,121.41009521484375,-43.018672943115234,9.08849811553955,31.989856719970703
001039.png,-29.89311981201172,12.841150283813477,121.40550231933594,-43.086769104003906,9.074417114257812,32.073143005371094
001040.png,-30.109474182128906,12.822522163391113,121.45970153808594,-43.19940948486328,9.056479454040527,32.09918212890625
001041.png,-30.284011840820312,12.840814590454102,121.46842193603516,-43.273193359375,9.064778327941895,32.12863540649414
001042.png,-30.471567153930664,12.813931465148926,121.5008544921875,-43.32339096069336,9.063899040222168,32.21699142456055
001043.png,-30.63641929626465,12.756043434143066,121.55555725097656,-43.38746643066406,9.082002639770508,32.32521438598633
001044.png,-30.86623191833496,12.713471412658691,121.58132934570312,-43.50059509277344,9.099128723144531,32.35150909423828
001045.png,-31.042020797729492,12.704255104064941,121.56002807617188,-43.62469482421875,9.090635299682617,32.38325881958008
001046.png,-31.190576553344727,12.698212623596191,121.55632781982422,-43.75954818725586,9.098416328430176,32.40330123901367
001047.png,-31.33498764038086,12.686858177185059,121.54402160644531,-43.90730285644531,9.085453033447266,32.416908264160156
001048.png,-31.49036979675293,12.659960746765137,121.51959228515625,-44.01658248901367,9.082756042480469,32.44731521606445
001049.png,-31.67099952697754,12.608901977539062,121.44546508789062,-44.13640594482422,9.0877685546875,32.46805953979492
001050.png,-31.83792495727539,12.558828353881836,121.3542709350586,-44.2421760559082,9.087138175964355,32.52730941772461
001051.png,-32.00270462036133,12.498856544494629,121.32018280029297,-44.30192947387695,9.09466552734375,32.55564498901367
001052.png,-32.1903190612793,12.44833755493164,121.27867889404297,-44.41301727294922,9.090248107910156,32.561927795410156
001053.png,-32.39191818237305,12.415548324584961,121.2431640625,-44.54789352416992,9.097203254699707,32.5211181640625
001054.png,-32.559608459472656,12.389019012451172,121.22509765625,-44.69594192504883,9.112079620361328,32.50006103515625
001055.png,-32.70713424682617,12.35782241821289,121.21517181396484,-44.874271392822266,9.130669593811035,32.524532318115234
001056.png,-32.89496612548828,12.322296142578125,121.23284912109375,-45.0528678894043,9.144251823425293,32.52693176269531
001057.png,-33.09364700317383,12.297857284545898,121.25090026855469,-45.20845031738281,9.143474578857422,32.52357482910156
001058.png,-33.308685302734375,12.263182640075684,121.25853729248047,-45.33729934692383,9.142414093017578,32.49553298950195
001059.png,-33.5245475769043,12.229628562927246,121.2580795288086,-45.47734832763672,9.143540382385254,32.431488037109375
001060.png,-33.74393081665039,12.195467948913574,121.28096771240234,-45.63718795776367,9.142202377319336,32.383628845214844
001061.png,-33.974674224853516,12.162744522094727,121.3499984741211,-45.785865783691406,9.146026611328125,32.354862213134766
001062.png,-34.20695495605469,12.136214256286621,121.4296875,-45.903587341308594,9.15614128112793,32.31083297729492
001063.png,-34.43183898925781,12.127809524536133,121.50148010253906,-45.97808074951172,9.16454029083252,32.2631721496582
001064.png,-34.64939880371094,12.132777214050293,121.52486419677734,-46.067283630371094,9.160116195678711,32.17673110961914
001065.png,-34.868961334228516,12.132792472839355,121.5676040649414,-46.16179656982422,9.163314819335938,32.10886001586914
001066.png,-35.103759765625,12.142332077026367,121.6055679321289,-46.27159118652344,9.16911792755127,32.0321159362793
001067.png,-35.305355072021484,12.149821281433105,121.62116241455078,-46.35090637207031,9.18030071258545,31.96985626220703
001068.png,-35.479549407958984,12.169462203979492,121.62452697753906,-46.38472366333008,9.1731538772583,31.89166831970215
001069.png,-35.644493103027344,12.183798789978027,121.60836029052734,-46.4124641418457,9.16843032836914,31.865259170532227
001070.png,-35.79060745239258,12.19700813293457,121.62200927734375,-46.456390380859375,9.171822547912598,31.863157272338867
001071.png,-35.93071746826172,12.213696479797363,121.65946960449219,-46.485130310058594,9.196440696716309,31.840614318847656
001072.png,-36.0341682434082,12.248804092407227,121.720703125,-46.470619201660156,9.215774536132812,31.778139114379883
001073.png,-36.16759490966797,12.27981948852539,121.74983978271484,-46.481719970703125,9.242642402648926,31.728914260864258
001074.png,-36.32831573486328,12.315571784973145,121.77437591552734,-46.51744842529297,9.258475303649902,31.704689025878906
001075.png,-36.507057189941406,12.33804988861084,121.83660125732422,-46.53895950317383,9.279052734375,31.682178497314453
001076.png,-36.66730499267578,12.342053413391113,121.89913177490234,-46.524593353271484,9.321995735168457,31.622983932495117
001077.png,-36.861629486083984,12.332866668701172,121.94473266601562,-46.51340866088867,9.372964859008789,31.564315795898438
001078.png,-37.013187408447266,12.336835861206055,122.03022003173828,-46.55096435546875,9.406283378601074,31.581533432006836
001079.png,-37.204158782958984,12.32744026184082,122.17510223388672,-46.60758590698242,9.448498725891113,31.60018539428711
001080.png,-37.33989715576172,12.337370872497559,122.34199523925781,-46.673736572265625,9.500094413757324,31.576419830322266
001081.png,-37.425567626953125,12.333221435546875,122.428955078125,-46.708805084228516,9.57331371307373,31.57347869873047
001082.png,-37.518409729003906,12.314926147460938,122.55709075927734,-46.780296325683594,9.650572776794434,31.514728546142578
001083.png,-37.5882453918457,12.314126968383789,122.66798400878906,-46.86491394042969,9.698460578918457,31.509910583496094
001084.png,-37.58468246459961,12.321584701538086,122.72516632080078,-46.94246292114258,9.748409271240234,31.549846649169922
001085.png,-37.528011322021484,12.315865516662598,122.75753021240234,-46.99867630004883,9.793045997619629,31.543840408325195
001086.png,-37.499908447265625,12.317843437194824,122.81339263916016,-47.02703857421875,9.828243255615234,31.56014633178711
001087.png,-37.496395111083984,12.316746711730957,122.8542251586914,-47.03321075439453,9.858966827392578,31.610023498535156
001088.png,-37.512290954589844,12.316224098205566,122.89236450195312,-47.043190002441406,9.877890586853027,31.65995216369629
001089.png,-37.53892517089844,12.295947074890137,122.91372680664062,-47.054832458496094,9.895458221435547,31.704086303710938
001090.png,-37.56205368041992,12.282011985778809,122.96113586425781,-47.138916015625,9.91021728515625,31.754016876220703
001091.png,-37.6146240234375,12.266735076904297,123.06287384033203,-47.278228759765625,9.929649353027344,31.767118453979492
001092.png,-37.66597366333008,12.225708961486816,123.14216613769531,-47.39128875732422,9.952919006347656,31.78630828857422
001093.png,-37.733978271484375,12.166878700256348,123.23009490966797,-47.50391387939453,9.973081588745117,31.81169891357422
001094.png,-37.8182487487793,12.103203773498535,123.3117446899414,-47.60023498535156,9.992931365966797,31.832143783569336
001095.png,-37.914451599121094,12.043719291687012,123.39271545410156,-47.68626403808594,10.009947776794434,31.837474822998047
001096.png,-38.02266311645508,11.989239692687988,123.46942138671875,-47.7811164855957,10.020354270935059,31.84891128540039
001097.png,-38.15239334106445,11.951680183410645,123.53141021728516,-47.878292083740234,10.029808044433594,31.85789680480957
001098.png,-38.29273223876953,11.922764778137207,123.58533477783203,-47.98330307006836,10.038066864013672,31.882036209106445
001099.png,-38.44678497314453,11.900129318237305,123.635498046875,-48.101409912109375,10.041336059570312,31.923181533813477
001100.png,-38.617835998535156,11.884074211120605,123.68695068359375,-48.22368240356445,10.043257713317871,31.970569610595703
