frame_a,frame_b,tx,ty,tz,rx,ry,rz
000000.png,000001.png,0.015630409121513367,-0.02465895190834999,0.004695989191532135,0.022570285946130753,0.022736579179763794,0.04078986123204231
000001.png,000002.png,-0.11038663238286972,-0.005300544202327728,0.0359211228787899,0.021657269448041916,0.013447700068354607,0.04748140275478363
000002.png,000003.png,-0.19218853116035461,0.015778042376041412,0.0816240906715393,0.029875513166189194,0.006375960074365139,0.054705023765563965
000003.png,000004.png,-0.21859458088874817,0.006476141512393951,0.115224689245224,0.037908315658569336,0.005883301608264446,0.06807436048984528
000004.png,000005.png,-0.23287305235862732,0.011602561920881271,0.11026450991630554,0.027648363262414932,0.015284973196685314,0.07356694340705872
000005.png,000006.png,-0.23923280835151672,0.007410142570734024,0.10078215599060059,0.04572688043117523,0.024709798395633698,0.08893148601055145
000006.png,000007.png,-0.21367710828781128,-0.0005987286567687988,0.07770264148712158,0.025752082467079163,0.021978896111249924,0.0915786623954773
000007.png,000008.png,-0.15848523378372192,-0.00842301920056343,0.14027446508407593,-0.00890880636870861,0.009496732614934444,0.08757661283016205
000008.png,000009.png,-0.12283378094434738,0.009208805859088898,0.18048417568206787,-0.03788919001817703,-5.800742655992508e-05,0.08379256725311279
000009.png,000010.png,-0.09696074575185776,0.029047571122646332,0.12905703485012054,-0.037985753268003464,-0.003518414683640003,0.02998439595103264
000010.png,000011.png,-0.09310131520032883,0.02512558549642563,0.08412326872348785,-0.06270302832126617,0.01141462754458189,0.026650436222553253
000011.png,000012.png,-0.09638085216283798,0.039583705365657806,0.055701930075883865,-0.03249536082148552,0.016079165041446686,0.0006662057712674141
000012.png,000013.png,-0.11245309561491013,0.03406231850385666,-0.004203528165817261,0.00024331454187631607,0.029063712805509567,0.022217102348804474
000013.png,000014.png,-0.10380744189023972,0.03761330246925354,-0.005192320793867111,-0.009950249455869198,0.03931368887424469,0.07370145618915558
000014.png,000015.png,-0.11300288885831833,0.02770891785621643,-0.006489656865596771,-0.011164150200784206,0.03523345664143562,0.08389012515544891
000015.png,000016.png,-0.14779263734817505,0.01697065681219101,0.01596447452902794,0.017747826874256134,0.024626474827528,0.06956049799919128
000016.png,000017.png,-0.15700918436050415,0.014526374638080597,0.019230756908655167,-0.019401874393224716,-0.0019180215895175934,0.09889063239097595
000017.png,000018.png,-0.1188732460141182,0.0045188479125499725,0.07239778339862823,-0.03574666008353233,-0.016019463539123535,0.12045884132385254
000018.png,000019.png,-0.06756671518087387,0.0150533989071846,0.09666493535041809,-0.066712386906147,-0.019732724875211716,0.08986616134643555
000019.png,000020.png,-0.09108855575323105,0.035070113837718964,0.1339549571275711,-0.06558781862258911,-0.01610594615340233,0.06199575960636139
000020.png,000021.png,-0.10639741271734238,0.019752137362957,0.12044103443622589,-0.0366239994764328,0.006749450694769621,0.018436826765537262
000021.png,000022.png,-0.04446902126073837,0.04682976007461548,0.07874147593975067,-0.015076513402163982,0.008658794686198235,0.0201936773955822
000022.png,000023.png,-0.03946053236722946,0.021736539900302887,0.07199817895889282,-0.023605220019817352,0.005224309861660004,0.07916032522916794
000023.png,000024.png,-0.005538232624530792,0.008463852107524872,0.14486175775527954,-0.0690433457493782,0.00224410742521286,0.09034858644008636
000024.png,000025.png,0.009578436613082886,-0.009166877716779709,0.17647294700145721,-0.05102454125881195,0.020673491060733795,0.044540420174598694
000025.png,000026.png,-0.024541594088077545,-0.02223384566605091,0.1456012725830078,-0.03171536698937416,0.02191999927163124,0.02413773536682129
000026.png,000027.png,-0.03528717905282974,-0.011950917541980743,0.15955275297164917,-0.062254905700683594,0.014697614125907421,0.018417298793792725
000027.png,000028.png,0.011442534625530243,0.012736264616250992,0.14787361025810242,-0.1261536329984665,0.014822062104940414,-0.0101259034126997
000028.png,000029.png,0.0607047975063324,0.01955924555659294,0.05965360626578331,-0.14184950292110443,0.01773742586374283,0.0028562890365719795
000029.png,000030.png,0.04672287777066231,0.0027705878019332886,0.017775528132915497,-0.09218122810125351,0.012076186947524548,-0.02065187320113182
000030.png,000031.png,0.04516780376434326,0.03671685606241226,0.08515968918800354,-0.06632816046476364,0.02142544835805893,-0.016351766884326935
000031.png,000032.png,0.021743930876255035,0.051197245717048645,0.12795548141002655,-0.06766842305660248,0.015480613335967064,-0.0064771706238389015
000032.png,000033.png,0.009242691099643707,0.039601653814315796,0.16396242380142212,-0.0662396028637886,0.014103214256465435,0.0025399764999747276
000033.png,000034.png,0.02344813197851181,0.04391457885503769,0.14387136697769165,-0.04960848391056061,0.023722514510154724,0.018233001232147217
000034.png,000035.png,0.038628820329904556,0.04797125607728958,0.1325598657131195,-0.04517035186290741,0.023500017821788788,0.02048720046877861
000035.png,000036.png,0.022015981376171112,0.029259085655212402,0.1226058304309845,-0.039914391934871674,0.023311108350753784,0.018991954624652863
000036.png,000037.png,-0.0034456178545951843,0.0013435408473014832,0.128398597240448,-0.0347931832075119,0.030261073261499405,0.05998365581035614
000037.png,000038.png,-0.037116505205631256,-0.012751897796988487,0.11218839883804321,-0.025994930416345596,0.02966398373246193,0.08694558590650558
000038.png,000039.png,-0.07679303735494614,0.0009056255221366882,0.10677891969680786,-0.02746831253170967,0.023338519036769867,0.1033206656575203
000039.png,000040.png,-0.07336854189634323,0.007140263915061951,0.15435346961021423,-0.03539839759469032,0.026019524782896042,0.09366847574710846
000040.png,000041.png,-0.05041121691465378,0.003322608768939972,0.2093748152256012,-0.057501018047332764,0.01517296489328146,0.10071002691984177
000041.png,000042.png,-0.07032465189695358,-0.018078114837408066,0.24163639545440674,-0.10117291659116745,0.00683197844773531,0.13746678829193115
000042.png,000043.png,-0.09257026761770248,0.01948690041899681,0.25084367394447327,-0.07655483484268188,0.006346740759909153,0.0759989470243454
000043.png,000044.png,-0.12584146857261658,0.030834197998046875,0.22853364050388336,-0.08706940710544586,0.012286100536584854,0.1138749048113823
000044.png,000045.png,-0.13959598541259766,0.030270345509052277,0.2049466073513031,-0.0537642203271389,0.015379139222204685,0.10199995338916779
000045.png,000046.png,-0.1653558313846588,0.03935765475034714,0.15685313940048218,-0.02320162206888199,0.008475320413708687,0.08184376358985901
000046.png,000047.png,-0.19219866394996643,0.03619782626628876,0.13839247822761536,-0.009543032385408878,0.0034746164456009865,0.09248119592666626
000047.png,000048.png,-0.21753191947937012,0.02103857696056366,0.12233719229698181,-0.011782127432525158,-0.0006601167842745781,0.0694001317024231
000048.png,000049.png,-0.21944555640220642,0.02319047600030899,0.15116822719573975,-0.019609957933425903,-0.014997999183833599,0.08638256043195724
000049.png,000050.png,-0.2010485827922821,0.019196294248104095,0.18843068182468414,-0.00011322181671857834,0.012905116192996502,0.08830413222312927
000050.png,000051.png,-0.176916241645813,-0.014621879905462265,0.1594468653202057,-0.003958501853048801,0.030747633427381516,0.05017651617527008
000051.png,000052.png,-0.14378252625465393,0.010462448000907898,0.12971502542495728,-0.008367875590920448,0.005204950459301472,0.032708540558815
000052.png,000053.png,-0.1445317566394806,0.010069459676742554,0.1197800487279892,-0.007204378955066204,0.011007669381797314,0.05805023014545441
000053.png,000054.png,-0.1502269208431244,0.0063639357686042786,0.1549999713897705,-0.0587838850915432,-0.0036616409197449684,0.019789785146713257
000054.png,000055.png,-0.08006387203931808,0.02287910133600235,0.1332375854253769,-0.051816124469041824,-0.003019220195710659,0.012044631876051426
000055.png,000056.png,-0.06903105229139328,0.02945467084646225,0.147511824965477,-0.06939758360385895,-0.010024079121649265,0.038248710334300995
000056.png,000057.png,-0.08719917386770248,0.035054102540016174,0.17552730441093445,-0.05786508321762085,-0.021488085389137268,0.04106632620096207
000057.png,000058.png,-0.0929759219288826,0.044680848717689514,0.17295299470424652,-0.05197806656360626,-0.020000670105218887,0.0218610018491745
000058.png,000059.png,-0.08190042525529861,0.03048374503850937,0.15639062225818634,-0.01549579668790102,-0.006290269084274769,0.010954120196402073
000059.png,000060.png,-0.1006050631403923,0.03734405338764191,0.16398033499717712,-0.005101355724036694,-0.015803616493940353,0.02477109059691429
000060.png,000061.png,-0.13652679324150085,0.047117821872234344,0.18447405099868774,-0.03272921219468117,-0.03474465757608414,0.09244020283222198
000061.png,000062.png,-0.1726973056793213,0.04408257454633713,0.20578810572624207,-0.03510205075144768,-0.02812032401561737,0.08604035526514053
000062.png,000063.png,-0.17154046893119812,0.03584648668766022,0.21283112466335297,-0.01628962904214859,-0.01285333652049303,0.060822732746601105
000063.png,000064.png,-0.15683788061141968,0.0536947026848793,0.17833322286605835,0.02501821517944336,0.0029950328171253204,0.06408137828111649
000064.png,000065.png,-0.15733501315116882,0.010016512125730515,0.1287040263414383,0.047570690512657166,0.023218471556901932,0.07104121148586273
000065.png,000066.png,-0.13102120161056519,-0.008182942867279053,0.14704535901546478,0.004048335365951061,0.0035704923793673515,0.08484034240245819
000066.png,000067.png,-0.09249892085790634,0.010558832436800003,0.1258576363325119,0.010751084424555302,0.0023364070802927017,0.052926287055015564
000067.png,000068.png,-0.1186475083231926,-0.02358275279402733,0.1468803882598877,-0.0021714558824896812,0.01086051668971777,0.07253135740756989
000068.png,000069.png,-0.1102600023150444,0.0038368552923202515,0.15040799975395203,0.011800571344792843,0.016452845185995102,0.03723432123661041
000069.png,000070.png,-0.09469922631978989,0.014188852161169052,0.21619991958141327,0.0069261277094483376,-0.0011020181700587273,0.07475204765796661
000070.png,000071.png,-0.04253462702035904,0.03478560596704483,0.1915912628173828,-0.0011632544919848442,-0.000867214985191822,0.047111935913562775
000071.png,000072.png,-0.02116546779870987,0.029587827622890472,0.12474587559700012,-0.01066888403147459,0.010385747067630291,0.027317989617586136
000072.png,000073.png,-0.08178313821554184,-0.00865645706653595,0.14103499054908752,-0.0278494730591774,0.0021870434284210205,0.047038257122039795
000073.png,000074.png,-0.08597507327795029,0.04239840805530548,0.12780655920505524,-0.03205634653568268,-0.0004200488328933716,0.08379250764846802
000074.png,000075.png,-0.15768611431121826,0.012868095189332962,0.14936116337776184,-0.09503593295812607,0.0009101042523980141,0.05224139615893364
000075.png,000076.png,-0.1269301474094391,0.033741459250450134,0.15111112594604492,-0.018204163759946823,0.011989151127636433,-0.02267739549279213
000076.png,000077.png,-0.10492759197950363,0.04493507742881775,0.08063822984695435,0.014841669239103794,0.02143847942352295,0.00447723176330328
000077.png,000078.png,-0.06556534022092819,0.049509137868881226,0.14152592420578003,-0.059691157191991806,0.020623445510864258,0.04563633352518082
000078.png,000079.png,-0.02248348295688629,0.04493464529514313,0.11358287930488586,-0.09125543385744095,0.029705632477998734,0.05615057051181793
000079.png,000080.png,-0.00886266678571701,0.04594368487596512,0.08585578203201294,-0.08117713034152985,0.031563472002744675,0.053132422268390656
000080.png,000081.png,-0.022463425993919373,0.033610619604587555,0.08103257417678833,-0.073346346616745,0.020299255847930908,0.01007030252367258
000081.png,000082.png,-0.010279692709445953,0.0446307510137558,0.06328907608985901,-0.05986487865447998,0.016160286962985992,-0.022844675928354263
000082.png,000083.png,0.00594870001077652,0.05214938521385193,0.030614059418439865,-0.056398384273052216,0.007526603527367115,-0.015933670103549957
000083.png,000084.png,0.05150441825389862,0.05822647362947464,-0.008320493623614311,-0.05590541660785675,0.007774637080729008,-0.006981643848121166
000084.png,000085.png,0.07833978533744812,0.06454963982105255,-0.007266100496053696,-0.04194236919283867,0.010417193174362183,-0.007916013710200787
000085.png,000086.png,0.10389351844787598,0.07248040288686752,-0.0023937467485666275,-0.0244784876704216,0.012104223482310772,-0.0049921730533242226
000086.png,000087.png,0.11564300209283829,0.07942865043878555,0.00880797952413559,-0.01580490544438362,0.012886815704405308,0.001933438703417778
000087.png,000088.png,0.11329949647188187,0.0822271928191185,0.03039766103029251,-0.017364192754030228,0.011499235406517982,0.01137359905987978
000088.png,000089.png,0.10894452035427094,0.08334515243768692,0.04508533701300621,-0.019803527742624283,0.012666333466768265,0.015993237495422363
000089.png,000090.png,0.09585030376911163,0.08084403723478317,0.051673512905836105,-0.02329038456082344,0.013964428566396236,0.021458059549331665
000090.png,000091.png,0.08940397202968597,0.07773903012275696,0.0504271499812603,-0.026770923286676407,0.017180249094963074,0.028115421533584595
000091.png,000092.png,0.08913230150938034,0.07469300925731659,0.04822840914130211,-0.020808622241020203,0.021023381501436234,0.0319385826587677
000092.png,000093.png,0.09171193838119507,0.07158894091844559,0.04916205629706383,-0.012536418624222279,0.022623855620622635,0.043301064521074295
000093.png,000094.png,0.08842837810516357,0.06271906197071075,0.03403493016958237,0.0013022618368268013,0.024662815034389496,0.03799256682395935
000094.png,000095.png,0.07875177264213562,0.06275690346956253,0.013151366263628006,0.007091819308698177,0.02082025445997715,0.0383819118142128
000095.png,000096.png,0.0650116503238678,0.0697396770119667,0.013985510915517807,0.00792095810174942,0.019126366823911667,0.027922287583351135
000096.png,000097.png,0.06657317280769348,0.06770753860473633,0.0016443133354187012,0.006998979486525059,0.020047150552272797,0.024050451815128326
000097.png,000098.png,0.06639708578586578,0.06341444700956345,0.01366255059838295,-0.005510156974196434,0.014585142955183983,0.0217636339366436
000098.png,000099.png,0.07103018462657928,0.05248483270406723,0.003259170800447464,-0.02711302787065506,0.014855347573757172,0.0031815124675631523
000099.png,000100.png,0.0642378181219101,0.03711683303117752,0.012119609862565994,-0.026059821248054504,0.016566850244998932,0.009012346155941486
000100.png,000101.png,0.040396805852651596,0.034849002957344055,0.037520941346883774,-0.06035429239273071,0.002871559467166662,0.01997733861207962
000101.png,000102.png,0.04245919734239578,0.0597003772854805,0.06715205311775208,-0.06532587110996246,-0.0018816487863659859,0.009077600203454494
000102.png,000103.png,0.05747587978839874,0.05904604494571686,0.030905619263648987,-0.04652990400791168,0.0010067769326269627,-0.0019981665536761284
000103.png,000104.png,0.07347071170806885,0.06994163990020752,-0.019886184483766556,-0.03280716761946678,0.011345836333930492,-0.037743475288152695
000104.png,000105.png,0.05103451758623123,0.07111655175685883,-0.008462563157081604,-0.1090783178806305,0.013471410609781742,-0.0513593852519989
000105.png,000106.png,0.08892327547073364,0.04129398614168167,-0.058443039655685425,-0.06950546056032181,0.03320605680346489,-0.02696238085627556
000106.png,000107.png,0.013623841106891632,0.04254583269357681,0.0018555056303739548,-0.0694878101348877,0.024359896779060364,-0.09126389026641846
000107.png,000108.png,0.002187572419643402,0.05963011831045151,0.003326248377561569,-0.06446848064661026,0.030750248581171036,-0.06518928706645966
000108.png,000109.png,0.016704879701137543,0.07198286801576614,0.030389495193958282,-0.04837402328848839,0.02393781766295433,-0.04320068657398224
000109.png,000110.png,0.013370253145694733,0.08531486243009567,0.049615051597356796,-0.04060766100883484,0.005899655632674694,-0.018633712083101273
000110.png,000111.png,0.042856961488723755,0.10003171116113663,0.07251898944377899,-0.030168939381837845,0.005431655794382095,-0.005710325203835964
000111.png,000112.png,0.04632879048585892,0.10547328740358353,0.09742274880409241,-0.0417076051235199,0.011735438369214535,0.01973893493413925
000112.png,000113.png,0.05174623802304268,0.08939341455698013,0.1286158263683319,-0.04112723842263222,-0.0011634770780801773,0.047176286578178406
000113.png,000114.png,0.033082637935876846,0.08492401987314224,0.16654419898986816,-0.026122573763132095,-0.00015678908675909042,0.039266739040613174
000114.png,000115.png,0.0037164315581321716,0.08712679892778397,0.16206493973731995,-0.012115019373595715,0.011948265135288239,0.03736090660095215
000115.png,000116.png,-0.04556602984666824,0.06524845212697983,0.1474941074848175,-0.004457741044461727,0.012348035350441933,0.052979014813899994
000116.png,000117.png,-0.07606231421232224,0.05308675020933151,0.12880846858024597,0.007562804035842419,0.018094457685947418,0.04173031821846962
000117.png,000118.png,-0.04082765430212021,0.0417398139834404,0.16802430152893066,-0.013012551702558994,0.00911723356693983,0.07151897251605988
000118.png,000119.png,-0.02557285875082016,0.04187992960214615,0.21730411052703857,-0.05429714173078537,0.02179708331823349,0.0568360760807991
000119.png,000120.png,-0.028648197650909424,0.05354873090982437,0.24936705827713013,-0.0293731652200222,0.022273864597082138,0.0957765281200409
000120.png,000121.png,-0.043290458619594574,0.048154331743717194,0.25603002309799194,-0.030571818351745605,0.02231721207499504,0.08566831052303314
000121.png,000122.png,-0.07222648710012436,0.04024920612573624,0.23656675219535828,-0.027436546981334686,0.016756638884544373,0.014240032993257046
000122.png,000123.png,-0.04601825028657913,0.06475421041250229,0.20904606580734253,-0.01986958086490631,0.005105172283947468,-0.030227351933717728
000123.png,000124.png,-0.025846615433692932,0.0560021847486496,0.16729721426963806,-0.018855825066566467,-0.0008801314979791641,-0.011609178967773914
000124.png,000125.png,-0.008418560028076172,0.06453227996826172,0.17405715584754944,-0.012514264322817326,0.002293012570589781,-0.01073786523193121
000125.png,000126.png,0.014280728995800018,0.08104682713747025,0.1642962098121643,-0.010571776889264584,0.009092320688068867,-0.0013501355424523354
000126.png,000127.png,0.010528750717639923,0.08302857726812363,0.1480463445186615,-0.017497170716524124,0.008088622242212296,0.013961982913315296
000127.png,000128.png,-0.0009357556700706482,0.08462295681238174,0.15629401803016663,-0.03315548971295357,0.011087753809988499,0.022507593035697937
000128.png,000129.png,0.01701463758945465,0.07100515812635422,0.16511209309101105,-0.03458099812269211,0.015276755206286907,0.03555350750684738
000129.png,000130.png,0.041377726942300797,0.07159451395273209,0.1766374260187149,-0.05260317027568817,0.00858557503670454,0.03557709604501724
000130.png,000131.png,0.01793525367975235,0.07154343277215958,0.2130853831768036,-0.07763370126485825,0.016105394810438156,0.024001553654670715
000131.png,000132.png,0.03990527242422104,0.08573883026838303,0.20792648196220398,-0.05299760401248932,0.0148245794698596,0.06587501615285873
000132.png,000133.png,0.057716004550457,0.0913374051451683,0.16360363364219666,-0.01963038742542267,0.00735266599804163,0.07024308294057846
000133.png,000134.png,0.07390999048948288,0.10037725418806076,0.1049000471830368,0.00399372261017561,0.007732904516160488,0.048496752977371216
000134.png,000135.png,0.08127179741859436,0.10422102361917496,0.07122534513473511,0.020687125623226166,0.00926344282925129,0.028334390372037888
000135.png,000136.png,0.05406367778778076,0.10492462664842606,0.10392177104949951,-0.010338722728192806,0.022984810173511505,0.016918081790208817
000136.png,000137.png,0.014763802289962769,0.111720971763134,0.13811913132667542,-0.022684581577777863,0.03232181444764137,-0.0039492277428507805
000137.png,000138.png,-0.029536500573158264,0.10831605643033981,0.1410750448703766,-0.004090740345418453,0.03148558735847473,-0.010806621052324772
000138.png,000139.png,-0.07572486251592636,0.09612942487001419,0.16839098930358887,-0.017861921340227127,0.028043493628501892,-0.02074478194117546
000139.png,000140.png,-0.07562123984098434,0.07580337673425674,0.20214694738388062,-0.056498587131500244,0.022669661790132523,0.010134520940482616
000140.png,000141.png,-0.06813643127679825,0.06163439154624939,0.2172394096851349,-0.08362563699483871,0.013591012917459011,0.019400332123041153
000141.png,000142.png,-0.10824085026979446,0.04026547819375992,0.24013423919677734,-0.08590298146009445,0.017864204943180084,0.00125929806381464
000142.png,000143.png,-0.07952483743429184,0.05036696046590805,0.24407970905303955,-0.08236346393823624,0.021423202008008957,0.009229163639247417
000143.png,000144.png,-0.07099281996488571,0.06353355199098587,0.22946412861347198,-0.06292426586151123,0.012592392973601818,0.03604520484805107
000144.png,000145.png,-0.029743440449237823,0.06382091343402863,0.19127807021141052,-0.04470469057559967,0.005634228698909283,0.043382201343774796
000145.png,000146.png,-0.03460966795682907,0.06151498109102249,0.17340198159217834,-0.013679557479918003,0.0025090668350458145,0.026130322366952896
000146.png,000147.png,-0.07066293805837631,0.05541793256998062,0.16651944816112518,-0.0135123236104846,0.007744545117020607,0.04283766448497772
000147.png,000148.png,-0.03878825157880783,0.060265280306339264,0.16481275856494904,-0.012933031655848026,0.010378684848546982,0.06549627333879471
000148.png,000149.png,-0.013815827667713165,0.0636875256896019,0.19427305459976196,0.01935892179608345,0.020485669374465942,0.06513792276382446
000149.png,000150.png,-0.05950387567281723,0.04835405945777893,0.20917880535125732,0.028576981276273727,0.01639728993177414,0.04309101030230522
000150.png,000151.png,-0.08207055181264877,0.02527645230293274,0.2544457018375397,0.00276385061442852,0.0052032386884093285,0.04273859038949013
000151.png,000152.png,-0.0874127671122551,0.008435238152742386,0.31550177931785583,-0.01624489575624466,-0.0007090689614415169,0.06390504539012909
000152.png,000153.png,-0.09060569852590561,-0.003007102757692337,0.2904261648654938,-0.04964856058359146,-0.010649717412889004,0.08075350522994995
000153.png,000154.png,-0.05146407335996628,0.010593771934509277,0.29096636176109314,-0.07613027095794678,-0.005157037638127804,0.03801313042640686
000154.png,000155.png,-0.03686045855283737,0.009099233895540237,0.29563331604003906,-0.0881093293428421,0.022322624921798706,0.009171740151941776
000155.png,000156.png,-0.06419459730386734,0.020628049969673157,0.2961232364177704,-0.05646410584449768,0.017682254314422607,0.05948888510465622
000156.png,000157.png,-0.12241768091917038,0.02113022655248642,0.29850319027900696,-0.04607062041759491,0.01880893111228943,0.07150343805551529
000157.png,000158.png,-0.18296095728874207,-0.012201189994812012,0.2825688421726227,-0.022931259125471115,0.02408449724316597,0.0023869136348366737
000158.png,000159.png,-0.21708813309669495,-0.00915529578924179,0.23296603560447693,-0.007502215914428234,0.020129967480897903,-0.048791587352752686
000159.png,000160.png,-0.23244956135749817,-0.027062349021434784,0.2689405381679535,-0.04408928006887436,0.01982009783387184,-0.039590984582901
000160.png,000161.png,-0.2560340166091919,-0.03552114963531494,0.3120039403438568,-0.05727798491716385,0.017885789275169373,-0.03433794900774956
000161.png,000162.png,-0.2685792148113251,-0.0455537848174572,0.3257889449596405,-0.04015570878982544,0.01150053646415472,-0.03493727743625641
000162.png,000163.png,-0.24328121542930603,-0.02182227559387684,0.28801432251930237,-0.040863215923309326,0.00824171956628561,0.006881014443933964
000163.png,000164.png,-0.25455012917518616,-0.019836369901895523,0.27866148948669434,-0.05360192805528641,0.002996671013534069,0.021929189562797546
000164.png,000165.png,-0.27516523003578186,-0.040859587490558624,0.28571370244026184,-0.05069424584507942,0.009622926823794842,0.022763215005397797
000165.png,000166.png,-0.2804095447063446,-0.024110494181513786,0.23201987147331238,-0.033116474747657776,0.02238636091351509,-0.0011063804849982262
000166.png,000167.png,-0.2560119926929474,-0.010491296648979187,0.20470160245895386,0.02216017246246338,0.026197873055934906,-0.024982262402772903
000167.png,000168.png,-0.26292136311531067,-0.01016266644001007,0.2010701447725296,0.01294685248285532,0.0186428464949131,0.028659239411354065
000168.png,000169.png,-0.25849175453186035,-0.023811064660549164,0.18791916966438293,-0.00903614517301321,0.014308464713394642,0.0158095546066761
000169.png,000170.png,-0.26200392842292786,-0.018670126795768738,0.15931648015975952,-0.004245898686349392,0.014784923754632473,-0.007397669367492199
000170.png,000171.png,-0.228566974401474,-0.025966070592403412,0.14274689555168152,-0.01848141849040985,0.026476804167032242,0.019850444048643112
000171.png,000172.png,-0.20508000254631042,-0.021497279405593872,0.1292957365512848,-0.0016617504879832268,0.024692583829164505,0.044638741761446
000172.png,000173.png,-0.1792668104171753,-0.005585245788097382,0.06627221405506134,-0.0003830213099718094,0.01325290184468031,0.04381837323307991
000173.png,000174.png,-0.19159695506095886,0.00945974886417389,0.04816257581114769,-0.024892523884773254,0.010577947832643986,0.031123340129852295
000174.png,000175.png,-0.19605132937431335,0.017948247492313385,0.04546504095196724,-0.03713063895702362,0.012176568619906902,0.02852480858564377
000175.png,000176.png,-0.20694908499717712,0.01093650609254837,0.03974902629852295,-0.028181493282318115,0.018289264291524887,0.010052983649075031
000176.png,000177.png,-0.2006705105304718,0.008610345423221588,0.02255723625421524,-0.0227324441075325,0.021324895322322845,0.027012139558792114
000177.png,000178.png,-0.18987193703651428,-0.0035653412342071533,-0.0035758428275585175,-0.02000461518764496,0.02458714321255684,0.047794878482818604
000178.png,000179.png,-0.1446155607700348,-0.0008724071085453033,-0.05047659948468208,-0.035069383680820465,0.024007335305213928,0.028153132647275925
000179.png,000180.png,-0.1029098704457283,-0.0015620142221450806,-0.03540313243865967,-0.025390755385160446,0.02424224093556404,0.03273807093501091
000180.png,000181.png,-0.10211873799562454,-0.0001361742615699768,-0.024162817746400833,-0.004286034032702446,0.026374801993370056,0.05964556336402893
000181.png,000182.png,-0.12379606813192368,-0.0035324469208717346,-0.025171447545289993,0.001943676732480526,0.014678685925900936,0.07399296760559082
000182.png,000183.png,-0.11929278820753098,-0.01674024388194084,-0.03463504835963249,-0.00513239111751318,0.0077292425557971,0.06609638035297394
000183.png,000184.png,-0.11094538122415543,-0.02198399230837822,-0.0391179583966732,-0.016848213970661163,0.003312273882329464,0.055391497910022736
000184.png,000185.png,-0.11940088123083115,-0.026700299233198166,-0.01991577073931694,-0.018095847219228745,-0.0025100866332650185,0.03313252702355385
000185.png,000186.png,-0.12541335821151733,-0.018563251942396164,0.00642603263258934,-0.02641718089580536,-0.00955593679100275,0.042095862329006195
000186.png,000187.png,-0.15037712454795837,-0.00219852477312088,0.01859254762530327,-0.04536440968513489,-0.008968756534159184,0.010338335298001766
000187.png,000188.png,-0.17230618000030518,0.02512979507446289,0.023741398006677628,-0.08380033820867538,-0.006142591126263142,-0.03248441591858864
000188.png,000189.png,-0.14923349022865295,0.023742027580738068,-0.011890258640050888,-0.07846695184707642,0.002230715937912464,-0.03598110377788544
000189.png,000190.png,-0.15783950686454773,0.00913170725107193,-0.02904454618692398,-0.0993918627500534,0.02502438798546791,-0.0064439475536346436
000190.png,000191.png,-0.1599937379360199,0.007493000477552414,-0.015271790325641632,-0.11237604916095734,0.020759381353855133,0.0017185239121317863
000191.png,000192.png,-0.17691007256507874,-0.0058478303253650665,0.02710234746336937,-0.10229530930519104,0.01665392518043518,-0.01172355655580759
000192.png,000193.png,-0.21480533480644226,-0.02461869642138481,0.07114286720752716,-0.1050521731376648,0.008625580929219723,-0.03203330188989639
000193.png,000194.png,-0.2260693609714508,-0.01545318216085434,0.08918938040733337,-0.1282876878976822,0.004109467379748821,-0.0026655634865164757
000194.png,000195.png,-0.244996577501297,0.01594492793083191,0.10838213562965393,-0.13494157791137695,0.0035068439319729805,-0.02937512844800949
000195.png,000196.png,-0.20799210667610168,-0.005377579480409622,0.0889689177274704,-0.10854770243167877,-0.003951086662709713,-0.007994863204658031
000196.png,000197.png,-0.20150357484817505,-0.01908106729388237,0.0640033483505249,-0.13366183638572693,0.0029952554032206535,0.02344975620508194
000197.png,000198.png,-0.20096448063850403,-0.013665646314620972,0.07299444079399109,-0.13100296258926392,-8.881743997335434e-05,-0.017934594303369522
000198.png,000199.png,-0.18107488751411438,0.004848845303058624,0.09015737473964691,-0.12777014076709747,-0.0090400455519557,-0.0022154441103339195
000199.png,000200.png,-0.1870986521244049,0.010006755590438843,0.08636347949504852,-0.13654370605945587,-0.016802873462438583,0.0035864943638443947
000200.png,000201.png,-0.200484037399292,-0.01204695738852024,0.09110710024833679,-0.14689286053180695,-0.010387190617620945,0.011655156500637531
000201.png,000202.png,-0.21050786972045898,-0.030856449156999588,0.11483901739120483,-0.14862671494483948,-0.007877771742641926,0.039452094584703445
000202.png,000203.png,-0.2547329366207123,-0.03429765999317169,0.1099894642829895,-0.153645858168602,-0.014640307985246181,0.03281785175204277
000203.png,000204.png,-0.25551751255989075,-0.021796295419335365,0.09923005104064941,-0.17097121477127075,-0.014591180719435215,0.024066075682640076
000204.png,000205.png,-0.22819086909294128,-0.016067910939455032,0.08552612364292145,-0.1805146336555481,-0.012627986259758472,0.048673443496227264
000205.png,000206.png,-0.20767909288406372,-0.022440951317548752,0.07669302821159363,-0.16940896213054657,-0.009214705787599087,0.02954994887113571
000206.png,000207.png,-0.21411144733428955,-0.028065605089068413,0.0936969518661499,-0.15900570154190063,-0.008250043727457523,0.04700661823153496
000207.png,000208.png,-0.21216514706611633,-0.027759069576859474,0.11371497809886932,-0.14154233038425446,-0.009178523905575275,0.05290441960096359
000208.png,000209.png,-0.22432765364646912,-0.029350854456424713,0.1286052167415619,-0.11559641361236572,-0.010531621985137463,0.06595082581043243
000209.png,000210.png,-0.23008444905281067,-0.028240790590643883,0.13864177465438843,-0.10949881374835968,-0.009932347573339939,0.05041717737913132
000210.png,000211.png,-0.24266645312309265,-0.026668395847082138,0.11722637712955475,-0.09391609579324722,-0.007711254991590977,0.05684433877468109
000211.png,000212.png,-0.1846250593662262,-0.03768562525510788,0.07201527059078217,-0.09244216233491898,-0.006050600670278072,0.08775438368320465
000212.png,000213.png,-0.14849963784217834,-0.05558215081691742,0.031599171459674835,-0.08968368172645569,-0.00954360980540514,0.08446532487869263
000213.png,000214.png,-0.13617876172065735,-0.046837739646434784,-0.0022736527025699615,-0.10932274162769318,-0.022157296538352966,0.06210923194885254
000214.png,000215.png,-0.12605726718902588,-0.03025287576019764,0.02038395404815674,-0.10122602432966232,-0.019048325717449188,0.05867628753185272
000215.png,000216.png,-0.07353106886148453,-0.04808860272169113,0.013609848916530609,-0.0695289745926857,-0.01272230688482523,0.08858037739992142
000216.png,000217.png,-0.10868506878614426,-0.01598886400461197,0.004679698497056961,-0.06275512278079987,-0.019838497042655945,0.06013260781764984
000217.png,000218.png,-0.18466868996620178,-0.041246797889471054,0.005570124834775925,-0.08100131899118423,-0.021302565932273865,0.028575479984283447
000218.png,000219.png,-0.144079327583313,-0.03626207262277603,-0.020386647433042526,-0.0828285738825798,-0.03694893792271614,0.11755993962287903
000219.png,000220.png,-0.06488870829343796,-0.031877391040325165,-0.04528030753135681,-0.03927283734083176,-0.012274653650820255,0.07990711182355881
000220.png,000221.png,-0.11037973314523697,0.006723806262016296,0.013497915118932724,-0.11744096875190735,-0.0032613882794976234,0.040768541395664215
000221.png,000222.png,-0.15973398089408875,0.017262525856494904,-0.013770822435617447,-0.06342610716819763,-0.0009275535121560097,0.048689018934965134
000222.png,000223.png,-0.1674792766571045,-0.025037873536348343,-0.00890824943780899,-0.06110846623778343,0.012072793208062649,0.03871181607246399
000223.png,000224.png,-0.14364758133888245,-0.03446245566010475,0.04084281250834465,-0.09162703156471252,0.019523661583662033,0.054376088082790375
000224.png,000225.png,-0.15702563524246216,-0.022016478702425957,0.04250456765294075,-0.10873539745807648,0.016971763223409653,0.013607312925159931
000225.png,000226.png,-0.1523522138595581,-0.01311110332608223,-0.03092646226286888,-0.10387729108333588,0.011227740906178951,0.01989676058292389
000226.png,000227.png,-0.1797022819519043,-0.013231249526143074,-0.00476832315325737,-0.14056089520454407,0.0009697764180600643,0.007017939351499081
000227.png,000228.png,-0.18236353993415833,-0.024506907910108566,0.010854285210371017,-0.1285349428653717,-0.0004149125888943672,0.0013659661635756493
000228.png,000229.png,-0.2019389569759369,-0.04872696101665497,-0.025722455233335495,-0.1035015732049942,0.010615174658596516,0.005619836039841175
000229.png,000230.png,-0.21954479813575745,-0.046624235808849335,-0.05579041689634323,-0.10209273546934128,0.016060588881373405,0.008059329353272915
000230.png,000231.png,-0.22940197587013245,-0.04392121732234955,-0.0663290023803711,-0.106078140437603,0.006097513251006603,0.014520279131829739
000231.png,000232.png,-0.18771293759346008,-0.06941196322441101,-0.025455709546804428,-0.07922203093767166,0.01986820250749588,0.006375250406563282
000232.png,000233.png,-0.20149245858192444,-0.05592488497495651,-0.032671842724084854,-0.11768781393766403,0.010030457749962807,-0.010356119833886623
000233.png,000234.png,-0.21853461861610413,-0.03348403796553612,-0.015943165868520737,-0.14233823120594025,0.013659345917403698,-0.06408059597015381
000234.png,000235.png,-0.1746654510498047,-0.019356992095708847,-0.014292921870946884,-0.13811711966991425,0.02151472494006157,-0.02575930580496788
000235.png,000236.png,-0.18776655197143555,-0.013492872938513756,-0.01573861390352249,-0.1579417884349823,0.022582147270441055,-0.009344338439404964
000236.png,000237.png,-0.211968332529068,-0.02096445858478546,0.015734948217868805,-0.16669489443302155,0.01614813506603241,-0.026495039463043213
000237.png,000238.png,-0.22638419270515442,-0.018869956955313683,0.036998163908720016,-0.15309511125087738,0.011715260334312916,-0.050063520669937134
000238.png,000239.png,-0.22928720712661743,-0.022189117968082428,0.03726200759410858,-0.13335315883159637,0.008092988282442093,-0.0794578269124031
000239.png,000240.png,-0.22217944264411926,-0.01649809442460537,0.017588816583156586,-0.14615391194820404,0.005987994372844696,-0.11327877640724182
000240.png,000241.png,-0.22099143266677856,-0.01162945106625557,0.02564476802945137,-0.16197003424167633,0.002123684622347355,-0.10692332684993744
000241.png,000242.png,-0.22775638103485107,-0.018018897622823715,0.05788638815283775,-0.15683795511722565,0.010133481584489346,-0.09787030518054962
000242.png,000243.png,-0.20879477262496948,-0.028843436390161514,0.0741274505853653,-0.13829992711544037,0.02448495477437973,-0.08637961745262146
000243.png,000244.png,-0.21682223677635193,-0.016160501167178154,0.068708136677742,-0.10918755829334259,0.025195728987455368,-0.11003464460372925
000244.png,000245.png,-0.20040324330329895,0.008899439126253128,0.06256797909736633,-0.10403990745544434,0.007011027075350285,-0.11231748014688492
000245.png,000246.png,-0.20352062582969666,0.0036352351307868958,0.05769963189959526,-0.11549969017505646,0.0005377689376473427,-0.10669531673192978
000246.png,000247.png,-0.21597892045974731,0.0004231967031955719,0.08559079468250275,-0.11633430421352386,0.002348261885344982,-0.07964572310447693
000247.png,000248.png,-0.22796630859375,0.016478806734085083,0.06932292878627777,-0.12460562586784363,0.00225220900028944,-0.07574288547039032
000248.png,000249.png,-0.21680724620819092,0.019067134708166122,0.046228040009737015,-0.11550923436880112,0.008512708358466625,-0.07447956502437592
000249.png,000250.png,-0.20717531442642212,0.010426219552755356,0.01410248875617981,-0.06406956911087036,-0.006133922375738621,-0.07601556181907654
000250.png,000251.png,-0.2116049826145172,0.003370266407728195,-0.004394084215164185,-0.04736877977848053,-0.006070881150662899,-0.030563704669475555
000251.png,000252.png,-0.18347227573394775,-0.0015232935547828674,-0.024426139891147614,-0.02328171581029892,-0.0017369063571095467,0.0007732892408967018
000252.png,000253.png,-0.16434302926063538,0.011612467467784882,-0.0013097822666168213,-0.03142736107110977,0.010227241553366184,-0.007673921994864941
000253.png,000254.png,-0.15847885608673096,0.031053587794303894,0.02423415705561638,0.00029109884053468704,0.027359675616025925,-0.020435243844985962
000254.png,000255.png,-0.1328575313091278,0.04240732640028,0.04730818793177605,0.01807359606027603,0.017575405538082123,-0.05530133098363876
000255.png,000256.png,-0.1729852855205536,0.022695422172546387,0.028960291296243668,0.004636712372303009,0.021515797823667526,-0.026211660355329514
000256.png,000257.png,-0.22461071610450745,0.03252843767404556,0.0076749250292778015,-0.020272720605134964,0.008147886954247952,-0.017135679721832275
000257.png,000258.png,-0.22382983565330505,0.030712246894836426,0.03159509226679802,-0.026473581790924072,0.006935105659067631,-0.017546512186527252
000258.png,000259.png,-0.18326929211616516,0.026527374982833862,0.037526581436395645,-0.01986626163125038,0.015775952488183975,-0.05260101333260536
000259.png,000260.png,-0.13906851410865784,0.009761862456798553,0.007027972489595413,0.007990286685526371,0.04667827486991882,-0.05873535946011543
000260.png,000261.png,-0.12677645683288574,-0.006268993020057678,0.021226923912763596,-0.018925778567790985,0.03197892755270004,0.023187629878520966
000261.png,000262.png,-0.13799795508384705,-0.014923304319381714,0.10398764908313751,-0.016732100397348404,0.036702241748571396,0.07595202326774597
000262.png,000263.png,-0.12617594003677368,-0.02682281844317913,0.08726070821285248,0.00035534054040908813,0.04078414663672447,-0.03889927268028259
000263.png,000264.png,-0.053618915379047394,0.011619694530963898,0.11138036847114563,-0.04480142891407013,0.03202776238322258,-0.001615556888282299
000264.png,000265.png,-0.007213301956653595,-0.007070235908031464,0.023707926273345947,-0.02800104394555092,0.06352607905864716,-0.015481275506317616
000265.png,000266.png,0.00017174333333969116,-0.01980034075677395,0.05945712700486183,-0.039413921535015106,0.05443920940160751,-0.03715484216809273
000266.png,000267.png,-0.006376370787620544,-0.0009640306234359741,0.06761768460273743,-0.06584666669368744,0.031174886971712112,0.0012680599465966225
000267.png,000268.png,0.030923962593078613,0.016430556774139404,0.035892367362976074,-0.07417745143175125,0.040822651237249374,0.04756215959787369
000268.png,000269.png,0.052584536373615265,-0.015015238896012306,-0.0007344763725996017,-0.04150860384106636,0.039650361984968185,0.030803464353084564
000269.png,000270.png,0.038986317813396454,-0.014378856867551804,0.03974186256527901,-0.03996209055185318,0.03812437132000923,0.061983004212379456
000270.png,000271.png,-0.03277713060379028,-0.011904094368219376,0.06214126572012901,-0.04867953434586525,0.03476492315530777,0.06653347611427307
000271.png,000272.png,-0.06675570458173752,-0.019498880952596664,0.09084638953208923,-0.0801585242152214,0.02669306844472885,0.09084121882915497
000272.png,000273.png,-0.09930723160505295,-0.030172061175107956,0.09815825521945953,-0.06890583038330078,0.01678021438419819,0.061884067952632904
000273.png,000274.png,-0.1590900719165802,-0.04394597187638283,0.09385433793067932,-0.07695925235748291,0.024105235934257507,0.0461924746632576
000274.png,000275.png,-0.1571904420852661,-0.026763832196593285,0.11393022537231445,-0.06330593675374985,0.024570196866989136,0.032717570662498474
000275.png,000276.png,-0.1390538215637207,-0.027856353670358658,0.09696385264396667,-0.06483388692140579,0.018872862681746483,0.035051245242357254
000276.png,000277.png,-0.13210031390190125,-0.003950908780097961,0.047950629144907,-0.06439658999443054,0.023609738796949387,0.025774896144866943
000277.png,000278.png,-0.09301624447107315,0.012583471834659576,0.09181377291679382,-0.07264695316553116,0.009089415892958641,0.040169041603803635
000278.png,000279.png,-0.07636692374944687,0.03288833051919937,0.12414249777793884,-0.07237081229686737,0.0019167088903486729,0.012774108909070492
000279.png,000280.png,-0.041365645825862885,0.05033906549215317,0.12759703397750854,-0.05523616820573807,-0.001496567390859127,-0.008801751770079136
000280.png,000281.png,-0.04892886430025101,0.06139392405748367,0.1469905972480774,-0.05544447526335716,-0.0034219110384583473,-0.0026311120018363
000281.png,000282.png,-0.029730692505836487,0.058106981217861176,0.19261763989925385,-0.06701561063528061,0.017223451286554337,-0.0457848459482193
000282.png,000283.png,-0.04403194040060043,0.06192554533481598,0.17008042335510254,-0.0640479028224945,0.02618568018078804,-0.005566786043345928
000283.png,000284.png,-0.005342938005924225,0.04380001127719879,0.14263053238391876,-0.0411672443151474,0.026616524904966354,0.021433938294649124
000284.png,000285.png,0.023056216537952423,0.028059490025043488,0.12382110953330994,-0.052506644278764725,0.012702962383627892,0.07550414651632309
000285.png,000286.png,-0.0050073787569999695,0.03349786251783371,0.16099309921264648,-0.05958539620041847,0.03434564918279648,0.060932889580726624
000286.png,000287.png,-0.025803618133068085,0.03361622989177704,0.17861421406269073,-0.021142378449440002,0.01866970583796501,0.10951446741819382
000287.png,000288.png,0.011340014636516571,0.025299079716205597,0.1822623610496521,0.0013381866738200188,0.017155099660158157,0.13170380890369415
000288.png,000289.png,0.13484737277030945,0.047375865280628204,0.1437389999628067,-0.026265352964401245,0.025190439075231552,0.1087968721985817
000289.png,000290.png,0.1869744509458542,0.04856420308351517,0.2077353149652481,-0.08146306127309799,0.01363188587129116,0.08497254550457001
000290.png,000291.png,0.20909306406974792,0.04201469570398331,0.17262427508831024,-0.06042395159602165,0.00976429134607315,0.03839573264122009
000291.png,000292.png,0.21647703647613525,0.031328462064266205,0.12634830176830292,-0.049614228308200836,0.015447410754859447,0.04915633052587509
000292.png,000293.png,0.1928754448890686,0.012823022902011871,0.11947479844093323,-0.06882098317146301,0.016667254269123077,0.007964917458593845
000293.png,000294.png,0.2017141580581665,0.018124911934137344,0.05371759459376335,-0.07123541086912155,0.03041037917137146,0.002986880950629711
000294.png,000295.png,0.2050492763519287,0.011121544986963272,-0.03607693687081337,-0.03394747152924538,0.040807273238897324,0.009576846845448017
000295.png,000296.png,0.16350364685058594,0.037493444979190826,-0.13493330776691437,0.01676933467388153,0.04363531246781349,-0.00305174570530653
000296.png,000297.png,0.10881964862346649,0.0029293857514858246,-0.13001355528831482,-0.01331826951354742,0.04109058529138565,0.001415957696735859
000297.png,000298.png,0.21274101734161377,-0.014410221949219704,-0.05399298295378685,-0.04157207906246185,0.03882601484656334,0.06693294644355774
000298.png,000299.png,0.24797794222831726,-0.00231880322098732,-0.03371881693601608,-0.10902435332536697,0.031304750591516495,0.026280686259269714
000299.png,000300.png,0.2641025185585022,0.05036446452140808,-0.007479719817638397,-0.09542032331228256,0.027186531573534012,0.0022686729207634926
000300.png,000301.png,0.23449426889419556,0.07615674287080765,0.0292472206056118,-0.09124794602394104,0.009383405558764935,-0.009512974880635738
000301.png,000302.png,0.2305614948272705,0.0892101600766182,0.07485789060592651,-0.04627222195267677,-0.0010708523914217949,-0.02312260866165161
000302.png,000303.png,0.20586849749088287,0.04535768926143646,0.06351341307163239,-0.024625319987535477,0.014110141433775425,-0.018462195992469788
000303.png,000304.png,0.1932159960269928,0.03408830612897873,0.03884800150990486,-0.016543030738830566,0.009521808475255966,0.033672042191028595
000304.png,000305.png,0.17467358708381653,0.012636367231607437,0.07208704948425293,0.043404579162597656,-0.01165663544088602,0.01945345103740692
000305.png,000306.png,0.18029570579528809,0.05011741816997528,0.08275559544563293,0.10686904937028885,-0.008980360813438892,-0.056813716888427734
000306.png,000307.png,0.2159055769443512,0.08426476269960403,0.022981662303209305,0.10779201984405518,0.0013376092538237572,-0.028334971517324448
000307.png,000308.png,0.22469818592071533,0.06573908030986786,0.08104091882705688,0.05211857706308365,0.001127774827182293,0.014576832763850689
000308.png,000309.png,0.2201218605041504,0.079058937728405,0.10894733667373657,0.02186509594321251,-0.014037339948117733,0.031795401126146317
000309.png,000310.png,0.19436350464820862,0.09328324347734451,0.08027257025241852,0.0229782834649086,-0.014732525683939457,0.007636916823685169
000310.png,000311.png,0.22974282503128052,0.1154085323214531,0.09477044641971588,0.02398732677102089,-0.013577788136899471,0.010308695025742054
000311.png,000312.png,0.2571863830089569,0.09106088429689407,0.1439742147922516,-0.022371508181095123,-0.0035015465691685677,0.08497138321399689
000312.png,000313.png,0.26324743032455444,0.08066815137863159,0.19253107905387878,-0.0693342536687851,0.0009438497945666313,0.09212987124919891
000313.png,000314.png,0.2812361717224121,0.0991067960858345,0.2071875035762787,-0.06640265136957169,0.0006429320201277733,0.09756137430667877
000314.png,000315.png,0.3571035861968994,0.1283702254295349,0.14077278971672058,-0.020408030599355698,0.011191627942025661,0.051758699119091034
000315.png,000316.png,0.41679325699806213,0.11735536903142929,0.09288854897022247,0.000605517067015171,0.010317201726138592,0.04404778778553009
000316.png,000317.png,0.42311719059944153,0.10802838951349258,0.05211399868130684,0.0040928395465016365,-0.005203959532082081,0.018733009696006775
000317.png,000318.png,0.41096219420433044,0.09257476776838303,0.03536063805222511,-0.009314806200563908,-0.0028421031311154366,-0.01215888187289238
000318.png,000319.png,0.38318729400634766,0.07814065366983414,0.030161388218402863,-0.01902102679014206,-0.014571060426533222,-0.019134093075990677
000319.png,000320.png,0.3340153992176056,0.05812937766313553,0.008061405271291733,-0.024737495929002762,-0.015095577575266361,-0.01785648986697197
000320.png,000321.png,0.2741556465625763,0.03551612049341202,-0.012672469019889832,-0.03282591700553894,-0.02664882317185402,0.026710744947195053
000321.png,000322.png,0.2538162171840668,0.04687737673521042,-0.01750214770436287,-0.011210859753191471,-0.029630690813064575,0.04721660912036896
000322.png,000323.png,0.23691070079803467,0.04110901802778244,-0.021832499653100967,0.009265103377401829,-0.01059641782194376,0.06580349802970886
000323.png,000324.png,0.22144237160682678,0.027918800711631775,-0.04056719318032265,0.03963012248277664,0.011112990789115429,0.06220558285713196
000324.png,000325.png,0.23292392492294312,0.010534107685089111,-0.07096196711063385,0.04834432527422905,0.011197048239409924,0.08128215372562408
000325.png,000326.png,0.2564651370048523,0.005932863801717758,-0.12105220556259155,0.050005026161670685,0.009427147917449474,0.05788467824459076
000326.png,000327.png,0.20288868248462677,0.006689880043268204,-0.14964082837104797,0.008125669322907925,-0.0020047472789883614,0.02673480287194252
000327.png,000328.png,0.1406569480895996,0.01083872839808464,-0.1303897202014923,-0.027526944875717163,-0.0045359572395682335,0.03755778819322586
000328.png,000329.png,0.12523356080055237,0.013286784291267395,-0.14146968722343445,-0.04419318214058876,0.005208239890635014,0.0382051020860672
000329.png,000330.png,0.11890155076980591,0.027934618294239044,-0.14445428550243378,-0.046479448676109314,-0.006543729454278946,0.02710602432489395
000330.png,000331.png,0.11659275740385056,0.02652566134929657,-0.11448638141155243,-0.04256557673215866,-0.011246365495026112,0.012982276268303394
000331.png,000332.png,0.12082067131996155,0.016482464969158173,-0.07738540321588516,-0.025616031140089035,-0.008395607583224773,0.004097588360309601
000332.png,000333.png,0.1377083659172058,0.0025657564401626587,-0.05035648122429848,-0.011930494569242,-0.002535809762775898,0.012143638916313648
000333.png,000334.png,0.14861981570720673,-0.015951035544276237,-0.05118302255868912,-0.012748978100717068,0.0076811471953988075,0.02063426747918129
000334.png,000335.png,0.17135238647460938,-0.02174483612179756,-0.055165667086839676,-0.014223902486264706,0.014868920668959618,0.004481857642531395
000335.png,000336.png,0.16135406494140625,-0.020992888137698174,-0.046733558177948,-0.03132627531886101,0.02207231894135475,0.005363089963793755
000336.png,000337.png,0.11202472448348999,-0.017888033762574196,-0.010658062994480133,-0.054070260375738144,0.012318911962211132,0.0002482850104570389
000337.png,000338.png,0.06697133183479309,-0.013269353657960892,0.021447140723466873,-0.062308311462402344,0.005786985158920288,-0.002804162912070751
000338.png,000339.png,0.03849611431360245,-0.0057755932211875916,0.028723154217004776,-0.06502604484558105,0.0060117244720458984,-0.01278847549110651
000339.png,000340.png,-0.004345498979091644,0.0008418038487434387,0.04141520336270332,-0.07850873470306396,0.01336775254458189,-0.034059882164001465
000340.png,000341.png,-0.008608274161815643,0.010072529315948486,0.04882219806313515,-0.09193763881921768,0.018695896491408348,-0.060185547918081284
000341.png,000342.png,-0.01710318773984909,0.018436923623085022,0.05560093745589256,-0.09449490904808044,0.02085855044424534,-0.0647011250257492
000342.png,000343.png,-0.033166952431201935,0.01953251287341118,0.060844745486974716,-0.0836530476808548,0.020157895982265472,-0.07245270907878876
000343.png,000344.png,-0.033359117805957794,0.03360879421234131,0.07275234162807465,-0.07425495982170105,0.014636934734880924,-0.07490365952253342
000344.png,000345.png,-0.03967667371034622,0.043452925980091095,0.07692568004131317,-0.06623786687850952,0.017454057931900024,-0.05928396061062813
000345.png,000346.png,-0.07520966976881027,0.044460639357566833,0.09969297051429749,-0.0662565678358078,0.018071021884679794,-0.05342523008584976
000346.png,000347.png,-0.11078359931707382,0.047155410051345825,0.12173047661781311,-0.06478024274110794,0.008915453217923641,-0.04579770937561989
000347.png,000348.png,-0.15746238827705383,0.04773087054491043,0.1707703322172165,-0.07319031655788422,-0.00305964145809412,-0.021723564714193344
000348.png,000349.png,-0.19028213620185852,0.04401396960020065,0.2095959335565567,-0.07362005114555359,-0.002796701155602932,-0.018269024789333344
000349.png,000350.png,-0.19414260983467102,0.01866140589118004,0.2412111461162567,-0.09118235111236572,0.015253924764692783,-0.010662044398486614
000350.png,000351.png,-0.178829163312912,0.009644914418458939,0.23200395703315735,-0.09744864702224731,0.008881586603820324,0.004045658744871616
000351.png,000352.png,-0.166799396276474,0.005122322589159012,0.23201832175254822,-0.1133713498711586,-0.003605206497013569,0.008387439884245396
000352.png,000353.png,-0.18198469281196594,-0.008877851068973541,0.24280279874801636,-0.11888489127159119,-0.0002375403419137001,0.01212750468403101
000353.png,000354.png,-0.17965435981750488,-0.01535087451338768,0.24675124883651733,-0.12261863052845001,0.00382883008569479,0.012743999250233173
000354.png,000355.png,-0.14582180976867676,0.005555488169193268,0.2280731350183487,-0.11405795812606812,0.006474676541984081,0.004128006286919117
000355.png,000356.png,-0.12898138165473938,0.021416708827018738,0.21486765146255493,-0.10398617386817932,0.008396058343350887,-0.009177218191325665
000356.png,000357.png,-0.13404569029808044,0.023389123380184174,0.2394283413887024,-0.09626834094524384,0.003466944210231304,0.005115375854074955
000357.png,000358.png,-0.1542004942893982,-0.005103103816509247,0.24593904614448547,-0.08601266145706177,-2.971012145280838e-05,0.026418596506118774
000358.png,000359.png,-0.15400931239128113,-0.008710615336894989,0.24213320016860962,-0.08586724102497101,-0.0041979337111115456,0.03382568061351776
000359.png,000360.png,-0.15008068084716797,-0.0007718279957771301,0.2289271503686905,-0.09712804853916168,-0.007168897427618504,0.026674345135688782
000360.png,000361.png,-0.13478338718414307,0.01820337027311325,0.2178364247083664,-0.11420407891273499,-0.013093703426420689,0.03191714733839035
000361.png,000362.png,-0.13643869757652283,0.027854397892951965,0.21757271885871887,-0.11367492377758026,-0.012137171812355518,0.02346552163362503
000362.png,000363.png,-0.1437479555606842,0.0404280424118042,0.21139393746852875,-0.11931383609771729,-0.016741588711738586,0.003972915001213551
000363.png,000364.png,-0.1522710621356964,0.04613066464662552,0.21238179504871368,-0.1238761842250824,-0.019577860832214355,0.002152242697775364
000364.png,000365.png,-0.1497407853603363,0.03379834443330765,0.19319859147071838,-0.11664829403162003,-0.01961420848965645,0.013400950469076633
000365.png,000366.png,-0.1260496973991394,0.025778062641620636,0.16774329543113708,-0.10977257788181305,-0.017473824322223663,0.0028655463829636574
000366.png,000367.png,-0.0878368690609932,0.022051528096199036,0.17803338170051575,-0.10554399341344833,-0.014917920343577862,0.025146540254354477
000367.png,000368.png,-0.06412162631750107,0.027399882674217224,0.1723196804523468,-0.1034097820520401,-0.012724892236292362,0.0378425195813179
000368.png,000369.png,-0.055545367300510406,0.02910195291042328,0.174765944480896,-0.10286548733711243,-0.014860483817756176,0.05773434042930603
000369.png,000370.png,-0.03705921024084091,0.03364080935716629,0.16997650265693665,-0.10911008715629578,-0.015380279161036015,0.06138996034860611
000370.png,000371.png,-0.013562269508838654,0.028041698038578033,0.16495391726493835,-0.10840553045272827,-0.017823345959186554,0.07013663649559021
000371.png,000372.png,-0.0022563040256500244,0.03514542430639267,0.17604897916316986,-0.11058966815471649,-0.02234041318297386,0.0691617801785469
000372.png,000373.png,-0.0015598312020301819,0.025597326457500458,0.17353340983390808,-0.11862821877002716,-0.022323399782180786,0.07986433804035187
000373.png,000374.png,-0.011810339987277985,0.013949595391750336,0.19656121730804443,-0.11011921614408493,0.0009566368535161018,0.10145160555839539
000374.png,000375.png,-0.01644851267337799,-0.00611523911356926,0.17395752668380737,-0.1058184802532196,0.006788165308535099,0.0996929258108139
000375.png,000376.png,-0.04223557561635971,-0.0323878675699234,0.116681307554245,-0.0891323983669281,-0.0008688243106007576,0.08951248228549957
000376.png,000377.png,-0.07224398106336594,-0.047530680894851685,0.05794807896018028,-0.05801747739315033,-0.010200426913797855,0.07946337014436722
000377.png,000378.png,-0.0879635140299797,-0.05151648074388504,0.030986368656158447,-0.026510093361139297,-0.018712211400270462,0.05924069881439209
000378.png,000379.png,-0.09752023965120316,-0.05923699960112572,0.028209630399942398,-0.015206015668809414,-0.020669057965278625,0.06603184342384338
000379.png,000380.png,-0.11282103508710861,-0.06405401974916458,0.014488235116004944,-0.022090915590524673,-0.018735092133283615,0.04825621843338013
000380.png,000381.png,-0.0927916094660759,-0.048797979950904846,-0.010601755231618881,-0.011524206027388573,-0.013872307725250721,0.02102942392230034
000381.png,000382.png,-0.05939186364412308,-0.03448867425322533,-0.037598755210638046,-0.01735844835639,-0.008123752661049366,0.012514869682490826
000382.png,000383.png,-0.02634468674659729,-0.014905732125043869,-0.047906842082738876,-0.021613337099552155,-0.0008096126839518547,0.014659927226603031
000383.png,000384.png,-0.0072101205587387085,-0.022304361686110497,-0.032698534429073334,-0.046003784984350204,0.013071059249341488,0.04604469984769821
000384.png,000385.png,0.0016434341669082642,-0.033298105001449585,-0.04004261642694473,-0.051481928676366806,0.010985336266458035,0.0769721046090126
000385.png,000386.png,-0.0027608945965766907,-0.053323935717344284,-0.034619610756635666,-0.05606172978878021,0.0054244427010416985,0.11619633436203003
000386.png,000387.png,-0.0021138712763786316,-0.06268425285816193,-0.027987617999315262,-0.0689626932144165,0.004471098072826862,0.10112297534942627
000387.png,000388.png,-0.005219094455242157,-0.06015422195196152,-0.02021384984254837,-0.08545703440904617,-0.003948436118662357,0.07885856181383133
000388.png,000389.png,0.0063353776931762695,-0.03930386155843735,-0.029576990753412247,-0.07059823721647263,-0.010447275824844837,0.04474285617470741
000389.png,000390.png,0.0022866353392601013,-0.017072545364499092,-0.0955801010131836,-0.034415002912282944,-0.007141632027924061,-0.018144845962524414
000390.png,000391.png,0.005018584430217743,-0.019446266815066338,-0.13451266288757324,-0.046961475163698196,-0.0007330561056733131,-0.013159330002963543
000391.png,000392.png,0.015195295214653015,-0.02008902281522751,-0.11592309176921844,-0.05522835999727249,0.00886936392635107,-0.003820219077169895
000392.png,000393.png,0.0328996367752552,-0.01925603672862053,-0.10841196775436401,-0.06028357148170471,0.017931487411260605,0.00359911285340786
000393.png,000394.png,0.04362259432673454,-0.01703771948814392,-0.10475367307662964,-0.05547613278031349,0.023720379918813705,0.016547709703445435
000394.png,000395.png,0.03728928416967392,-0.013332892209291458,-0.08745220303535461,-0.05987872928380966,0.02299090102314949,0.04058093577623367
000395.png,000396.png,0.04643027111887932,-0.016164883971214294,-0.05605762079358101,-0.06474676728248596,0.023785728961229324,0.06652399897575378
000396.png,000397.png,0.07414821535348892,-0.01721278578042984,-0.02259981259703636,-0.06382434070110321,0.02492178976535797,0.09984415769577026
000397.png,000398.png,0.10051126033067703,-0.013905493542551994,-0.013857010751962662,-0.05801085755228996,0.028537508100271225,0.08880677819252014
000398.png,000399.png,0.171741783618927,-0.006485790014266968,-0.04275338724255562,-0.0584070198237896,0.040935762226581573,0.07696380466222763
000399.png,000400.png,0.19194337725639343,0.002524562180042267,-0.07862822711467743,-0.052583348006010056,0.044287241995334625,0.0563526451587677
000400.png,000401.png,0.1979987770318985,-0.003577563911676407,-0.13743840157985687,-0.04060409963130951,0.04267878085374832,0.025440901517868042
000401.png,000402.png,0.20339888334274292,-0.0048867762088775635,-0.15910468995571136,-0.0406319797039032,0.04141823202371597,0.011550039984285831
000402.png,000403.png,0.21300892531871796,-0.0005718693137168884,-0.17054161429405212,-0.03577505797147751,0.03940436244010925,0.014407322742044926
000403.png,000404.png,0.19783437252044678,0.003481607884168625,-0.17844463884830475,-0.020862549543380737,0.038317471742630005,0.012068678624927998
000404.png,000405.png,0.1752694845199585,0.0014072507619857788,-0.18178057670593262,-0.014372703619301319,0.04408131539821625,0.010476906783878803
000405.png,000406.png,0.15217819809913635,-0.008735477924346924,-0.17165715992450714,-0.01119138952344656,0.04378083348274231,0.018366888165473938
000406.png,000407.png,0.1455180048942566,-0.0032316818833351135,-0.15120287239551544,-0.012318196706473827,0.039699405431747437,0.05817296355962753
000407.png,000408.png,0.15666261315345764,0.007559444755315781,-0.12221936881542206,-0.008037141524255276,0.04213012382388115,0.07595400512218475
000408.png,000409.png,0.174868643283844,0.009906291961669922,-0.08733412623405457,-0.002656540833413601,0.04486845061182976,0.049745313823223114
000409.png,000410.png,0.18599770963191986,0.007628701627254486,-0.0906091034412384,-0.013605686835944653,0.04749966412782669,0.047207724303007126
000410.png,000411.png,0.1936531364917755,0.004345744848251343,-0.0919790267944336,-0.025508474558591843,0.05464033782482147,0.0374855101108551
000411.png,000412.png,0.19129621982574463,-0.0022675693035125732,-0.09276358783245087,-0.015911497175693512,0.0566253662109375,0.029353588819503784
000412.png,000413.png,0.171899676322937,-0.0006064251065254211,-0.08615216612815857,-0.00711312610656023,0.06383899599313736,0.04400281980633736
000413.png,000414.png,0.15966051816940308,0.007373444736003876,-0.09457594156265259,0.0006244080141186714,0.07142762094736099,0.05135880410671234
000414.png,000415.png,0.1574227511882782,0.004319489002227783,-0.07181590050458908,0.004872222431004047,0.05967675521969795,0.08234986662864685
000415.png,000416.png,0.11465029418468475,-0.008468501269817352,-0.05158720165491104,0.008549167774617672,0.05082860216498375,0.10404741764068604
000416.png,000417.png,0.09086111187934875,-0.00990438461303711,-0.05079695209860802,0.01012531016021967,0.04596588760614395,0.08882151544094086
000417.png,000418.png,0.06940066814422607,-0.012765692546963692,-0.015646787360310555,0.006195339374244213,0.05047129839658737,0.08023274689912796
000418.png,000419.png,0.07021541893482208,-0.01922156661748886,0.011450454592704773,-0.003998543135821819,0.0412493534386158,0.05743580311536789
000419.png,000420.png,0.07221479713916779,-0.02560644969344139,0.039257388561964035,-0.01767360046505928,0.04277452453970909,0.06401275098323822
000420.png,000421.png,0.0801284909248352,-0.025046024471521378,0.028348617255687714,-0.031179018318653107,0.05065452307462692,0.05406738817691803
000421.png,000422.png,0.09025067090988159,-0.02037799544632435,0.011751275509595871,-0.04926784336566925,0.05571674928069115,0.041088808327913284
000422.png,000423.png,0.10469933599233627,-0.012647893279790878,-0.018918003886938095,-0.04592929780483246,0.05701155215501785,0.029871109873056412
000423.png,000424.png,0.11977944523096085,-0.011731071397662163,-0.05609876289963722,-0.034694164991378784,0.05480680242180824,0.04001883417367935
000424.png,000425.png,0.14869803190231323,-0.010673735290765762,-0.09401333332061768,-0.026513077318668365,0.053081560879945755,0.05515187233686447
000425.png,000426.png,0.18662838637828827,-0.01442592404782772,-0.11323198676109314,-0.01767299324274063,0.05082353204488754,0.07557851076126099
000426.png,000427.png,0.20755136013031006,-0.02492412179708481,-0.1091795414686203,-0.005710095167160034,0.04442697390913963,0.08573558926582336
000427.png,000428.png,0.2284437119960785,-0.020757203921675682,-0.10232476890087128,0.005913253873586655,0.03642698749899864,0.07084742188453674
000428.png,000429.png,0.22784751653671265,-0.013947047293186188,-0.08824120461940765,0.008531156927347183,0.03615349158644676,0.05681247264146805
000429.png,000430.png,0.1696089208126068,-0.009667471051216125,0.018944744020700455,-0.014347595162689686,0.04201214760541916,0.03610299527645111
000430.png,000431.png,0.12920263409614563,0.003685086965560913,0.0870550274848938,-0.023723755031824112,0.03919879347085953,0.026606343686580658
000431.png,000432.png,0.13400787115097046,-0.0019522570073604584,0.07066205143928528,-0.009280881844460964,0.042835839092731476,0.03217668831348419
000432.png,000433.png,0.12819083034992218,-0.01698227971792221,0.061422500759363174,-0.008168780244886875,0.04536023363471031,0.03450040519237518
000433.png,000434.png,0.10034647583961487,-0.02880837395787239,0.07902725040912628,-0.019366910681128502,0.055948786437511444,0.030063893646001816
000434.png,000435.png,0.07106689363718033,-0.044845644384622574,0.1056041270494461,-0.03634845092892647,0.057042401283979416,0.047293275594711304
000435.png,000436.png,0.050475046038627625,-0.04843438044190407,0.12330272793769836,-0.041893232613801956,0.05044358968734741,0.047997474670410156
000436.png,000437.png,0.02358008176088333,-0.05172272026538849,0.12114021182060242,-0.04302629828453064,0.04364375025033951,0.055441275238990784
000437.png,000438.png,0.015065975487232208,-0.0524553507566452,0.11713863909244537,-0.04563601687550545,0.03999491408467293,0.05962502956390381
000438.png,000439.png,0.013028576970100403,-0.044615983963012695,0.11209441721439362,-0.053720563650131226,0.03698400780558586,0.05123903229832649
000439.png,000440.png,0.014355085790157318,-0.029810763895511627,0.10019053518772125,-0.057334743440151215,0.031816963106393814,0.04556318372488022
000440.png,000441.png,0.013602398335933685,-0.026691988110542297,0.10199472308158875,-0.060879237949848175,0.027713268995285034,0.03657440468668938
000441.png,000442.png,0.0076270997524261475,-0.02359567955136299,0.11019079387187958,-0.07170291244983673,0.027606938034296036,0.04496445506811142
000442.png,000443.png,-0.01200024038553238,-0.013426031917333603,0.13877162337303162,-0.06260085105895996,0.024315599352121353,0.050366148352622986
000443.png,000444.png,-0.02359839528799057,-0.005617726594209671,0.14652229845523834,-0.05153400078415871,0.02059781551361084,0.05928640067577362
000444.png,000445.png,-0.03760351985692978,0.0009733662009239197,0.14359378814697266,-0.049748606979846954,0.017334595322608948,0.06028416007757187
000445.png,000446.png,-0.04575683921575546,0.007947605103254318,0.14936527609825134,-0.05251692980527878,0.016380708664655685,0.06146737188100815
000446.png,000447.png,-0.045751817524433136,0.01355210691690445,0.15218248963356018,-0.058261312544345856,0.0161639004945755,0.06410952657461166
000447.png,000448.png,-0.05245008319616318,0.017560891807079315,0.16257956624031067,-0.06093711033463478,0.018195167183876038,0.06519296765327454
000448.png,000449.png,-0.06168244034051895,0.021063372492790222,0.18350555002689362,-0.07031010836362839,0.02297264337539673,0.06828279793262482
000449.png,000450.png,-0.06273394078016281,0.026006989181041718,0.1990589201450348,-0.07353728264570236,0.02699252963066101,0.06517943739891052
000450.png,000451.png,-0.07516392320394516,0.03674628585577011,0.21956193447113037,-0.07838927209377289,0.02806413173675537,0.05833171308040619
000451.png,000452.png,-0.0794181302189827,0.04145028442144394,0.24452894926071167,-0.07924103736877441,0.027773328125476837,0.04664182662963867
000452.png,000453.png,-0.09731417149305344,0.030089005827903748,0.28705039620399475,-0.07177352160215378,0.027434412389993668,0.04735942929983139
000453.png,000454.png,-0.13257792592048645,0.015397746115922928,0.3372136056423187,-0.06892019510269165,0.023339468985795975,0.04391534999012947
000454.png,000455.png,-0.1525682806968689,-0.0047030970454216,0.3577876687049866,-0.07467406243085861,0.020668640732765198,0.0406285785138607
000455.png,000456.png,-0.16510692238807678,-0.017206311225891113,0.3658880889415741,-0.06367974728345871,0.013430229388177395,0.045568130910396576
000456.png,000457.png,-0.16805922985076904,-0.02379286289215088,0.36039724946022034,-0.053608041256666183,0.012112787924706936,0.04194522649049759
000457.png,000458.png,-0.17939022183418274,-0.023403966799378395,0.3509628474712372,-0.04660830274224281,0.009171280078589916,0.03499544411897659
000458.png,000459.png,-0.19960537552833557,-0.016719762235879898,0.34618106484413147,-0.041296880692243576,0.006976007483899593,0.028461888432502747
000459.png,000460.png,-0.20675018429756165,-0.0014899373054504395,0.3657062351703644,-0.0559268519282341,0.008896141313016415,0.026717685163021088
000460.png,000461.png,-0.21216794848442078,-0.00019011646509170532,0.35821202397346497,-0.06302529573440552,0.010905000381171703,0.028921395540237427
000461.png,000462.png,-0.20958861708641052,-0.002807505428791046,0.3376522362232208,-0.06180425360798836,0.009000326506793499,0.03529239818453789
000462.png,000463.png,-0.18818899989128113,-0.00593162328004837,0.3222247064113617,-0.05673850327730179,0.004842690192162991,0.041854243725538254
000463.png,000464.png,-0.1723255217075348,-0.001436568796634674,0.3067692220211029,-0.05378739535808563,-0.0016696685925126076,0.027418870478868484
000464.png,000465.png,-0.14044073224067688,0.016757577657699585,0.30088308453559875,-0.055370599031448364,-0.014385358430445194,0.022314704954624176
000465.png,000466.png,-0.1044890508055687,0.03939373046159744,0.30202892422676086,-0.055224791169166565,-0.026809968054294586,0.022198718041181564
000466.png,000467.png,-0.07768594473600388,0.053578443825244904,0.303474098443985,-0.05567678064107895,-0.038031455129384995,0.019497592002153397
000467.png,000468.png,-0.07984182983636856,0.06096336990594864,0.32028141617774963,-0.06446781009435654,-0.044701822102069855,0.008940660394728184
000468.png,000469.png,-0.08603864163160324,0.058876924216747284,0.3222433924674988,-0.06294533610343933,-0.049716703593730927,0.008253888227045536
000469.png,000470.png,-0.07114928215742111,0.06969793140888214,0.3120172321796417,-0.06252841651439667,-0.055228956043720245,0.01463370118290186
000470.png,000471.png,-0.06439750641584396,0.074754498898983,0.3293960988521576,-0.0623408779501915,-0.05214373394846916,0.022949956357479095
000471.png,000472.png,-0.024472326040267944,0.06437420845031738,0.340326726436615,-0.06224818900227547,-0.041260864585638046,0.044128820300102234
000472.png,000473.png,0.0055046603083610535,0.07309865206480026,0.3678135573863983,-0.07860735058784485,-0.034082457423210144,0.05405035614967346
000473.png,000474.png,0.0338258258998394,0.0644342377781868,0.3513074815273285,-0.08149392902851105,-0.0255291648209095,0.03834477812051773
000474.png,000475.png,0.03990599140524864,0.043674372136592865,0.3665376603603363,-0.08212433755397797,-0.017337124794721603,0.06438037008047104
000475.png,000476.png,0.0302412249147892,0.027253620326519012,0.36564120650291443,-0.08749381452798843,-0.014699605293571949,0.08880502730607986
000476.png,000477.png,0.048558205366134644,0.02090924233198166,0.2817307412624359,-0.08734350651502609,-0.023550424724817276,0.07757022976875305
000477.png,000478.png,0.07797548919916153,-0.004369262605905533,0.24094823002815247,-0.07661410421133041,-0.02255455031991005,0.09226520359516144
000478.png,000479.png,0.08260881900787354,-0.010794185101985931,0.2343580424785614,-0.08470572531223297,-0.028634414076805115,0.06978288292884827
000479.png,000480.png,0.10301358997821808,-0.014829343184828758,0.21650701761245728,-0.0784049853682518,-0.020388808101415634,0.06585994362831116
000480.png,000481.png,0.06656938046216965,-0.005891226232051849,0.2401893436908722,-0.06105869263410568,-0.017947949469089508,0.04678826034069061
000481.png,000482.png,0.04732552915811539,0.02786162495613098,0.2703748941421509,-0.02916768565773964,-0.027065448462963104,0.017433270812034607
000482.png,000483.png,0.06799005717039108,0.04178638756275177,0.28578701615333557,-0.00830161478370428,-0.018551602959632874,0.046723540872335434
000483.png,000484.png,0.10907696187496185,0.059275172650814056,0.3051421344280243,0.0028050150722265244,-0.023862440139055252,0.07065941393375397
000484.png,000485.png,0.19400730729103088,0.06590545177459717,0.31648340821266174,-0.08987772464752197,0.010572847910225391,0.08037545531988144
000485.png,000486.png,0.15389016270637512,0.0404260978102684,0.32858404517173767,-0.05993596836924553,5.596131086349487e-05,0.10320796817541122
000486.png,000487.png,0.11842788755893707,0.015812747180461884,0.3318737745285034,-0.031037814915180206,0.012660196051001549,0.09561368823051453
000487.png,000488.png,0.10807095468044281,-0.0021757595241069794,0.31452053785324097,-0.014265659265220165,0.013571470975875854,0.09054574370384216
000488.png,000489.png,0.10824258625507355,-0.01622888445854187,0.28174126148223877,-0.02034495770931244,0.0068223606795072556,0.08119718730449677
000489.png,000490.png,0.13724303245544434,-0.008659649640321732,0.25126755237579346,-0.01570095494389534,-0.0024830838665366173,0.06285189837217331
000490.png,000491.png,0.12852323055267334,-0.014405295252799988,0.24558302760124207,-0.005956795532256365,-0.003986712545156479,0.05466853082180023
000491.png,000492.png,0.1050187200307846,-0.017945123836398125,0.24586063623428345,0.006891942583024502,-0.01293592993170023,0.06693736463785172
000492.png,000493.png,0.13257889449596405,-0.01689484342932701,0.23082229495048523,0.009480484761297703,-0.019244138151407242,0.07756690680980682
000493.png,000494.png,0.12864486873149872,-0.024745682254433632,0.19496142864227295,0.009548365138471127,-0.02217274159193039,0.08226490020751953
000494.png,000495.png,0.09323451668024063,-0.03405630588531494,0.2356402575969696,-0.012717067264020443,-0.026978202164173126,0.08272147178649902
000495.png,000496.png,0.07448559999465942,-0.03128565847873688,0.2680180072784424,-0.04153209179639816,-0.018155276775360107,0.06380702555179596
000496.png,000497.png,0.06556325405836105,-0.02891990914940834,0.2664209008216858,-0.06452685594558716,-0.01967046782374382,0.06150495260953903
000497.png,000498.png,0.055742569267749786,-0.03018166869878769,0.2591186463832855,-0.07297948002815247,-0.018818430602550507,0.031066149473190308
000498.png,000499.png,0.057287245988845825,-0.010336104780435562,0.24201589822769165,-0.05962839722633362,-0.015066907741129398,0.022671043872833252
000499.png,000500.png,0.08082908391952515,-0.021930130198597908,0.20870214700698853,-0.04498475790023804,-0.003112652339041233,0.032724060118198395
000500.png,000501.png,0.09414635598659515,-0.01207992248237133,0.20288708806037903,-0.042668022215366364,-0.0039969151839613914,0.026921134442090988
000501.png,000502.png,0.11693404614925385,0.011220104992389679,0.2188740372657776,-0.0497237965464592,-0.004261641763150692,0.011346318759024143
000502.png,000503.png,0.12566639482975006,0.007480945438146591,0.26301833987236023,-0.04858139157295227,-0.0014161774888634682,0.03713715821504593
000503.png,000504.png,0.13227665424346924,-0.0007525309920310974,0.270236074924469,-0.046555254608392715,0.009651713073253632,0.02337953820824623
000504.png,000505.png,0.09057286381721497,-0.008924044668674469,0.2638367712497711,-0.03805302083492279,0.011186723597347736,0.012717113830149174
000505.png,000506.png,0.06438961625099182,-0.008931025862693787,0.21152004599571228,-0.004375169984996319,0.0032470552250742912,-4.722084850072861e-05
000506.png,000507.png,0.10880567133426666,0.0033813491463661194,0.16587816178798676,0.009929624386131763,0.01369547937065363,0.005601146258413792
000507.png,000508.png,0.1026369109749794,0.0011737123131752014,0.129741832613945,0.025131016969680786,-0.002499000169336796,0.05652076005935669
000508.png,000509.png,0.11213258653879166,0.009972400963306427,0.06410488486289978,0.03499612212181091,-0.006907377392053604,0.0922723263502121
000509.png,000510.png,0.17508840560913086,0.00019927695393562317,0.059580836445093155,0.03303629532456398,0.0029997313395142555,0.059745609760284424
000510.png,000511.png,0.21628421545028687,-0.024715911597013474,0.09898580610752106,0.0005123252049088478,0.01654621958732605,0.051063284277915955
000511.png,000512.png,0.20527967810630798,-0.027632739394903183,0.15879663825035095,-0.040658291429281235,0.01545764785259962,0.034776367247104645
000512.png,000513.png,0.23945167660713196,-0.029440725222229958,0.16095468401908875,-0.017680920660495758,0.011205421760678291,0.04112331569194794
000513.png,000514.png,0.2563505172729492,-0.022144747897982597,0.10651135444641113,-0.003003411926329136,0.008595346473157406,0.04087741672992706
000514.png,000515.png,0.2808499336242676,-0.020646994933485985,0.08243048191070557,0.00012978259474039078,0.0026111742481589317,0.02712603285908699
000515.png,000516.png,0.2691531479358673,-0.016322091221809387,0.09850504994392395,0.00394402164965868,0.0012077782303094864,0.006707421503961086
000516.png,000517.png,0.2668742835521698,-0.013778533786535263,0.09085953235626221,0.005619277246296406,0.006699478253722191,0.02547590807080269
000517.png,000518.png,0.2683742642402649,-0.015438444912433624,0.08067990839481354,0.011755690909922123,0.001299266703426838,0.06281764805316925
000518.png,000519.png,0.28255102038383484,-0.02688295766711235,0.07471922039985657,0.016611721366643906,0.003183512482792139,0.05484502762556076
000519.png,000520.png,0.2854864001274109,-0.0374780148267746,0.10459904372692108,0.012622983194887638,0.0026150010526180267,0.0518980398774147
000520.png,000521.png,0.2446085512638092,-0.02463594451546669,0.13966485857963562,-0.013544741086661816,-0.0012144530192017555,0.04008696973323822
000521.png,000522.png,0.271186500787735,-0.016683761030435562,0.13057157397270203,-0.0025879954919219017,-0.003778216429054737,0.049205996096134186
000522.png,000523.png,0.2862618565559387,-0.01150251179933548,0.0934373140335083,0.003970795311033726,0.008204667828977108,0.03568756580352783
000523.png,000524.png,0.28831684589385986,-0.01632840931415558,0.08073018491268158,-0.0114792725071311,0.00893958006054163,0.03103978931903839
000524.png,000525.png,0.26615193486213684,-0.02832880988717079,0.11145985126495361,-0.027097824960947037,0.006853724829852581,0.03548624366521835
000525.png,000526.png,0.2082822620868683,-0.029893402010202408,0.13336533308029175,-0.05330212414264679,0.0004808632656931877,0.027542520314455032
000526.png,000527.png,0.18238306045532227,-0.02511521242558956,0.10940496623516083,-0.040445491671562195,0.001533791422843933,0.02110089734196663
000527.png,000528.png,0.17010286450386047,-0.02483157254755497,0.10957150161266327,-0.033191513270139694,-0.0025556953623890877,0.012454758398234844
000528.png,000529.png,0.13824331760406494,-0.028570091351866722,0.12511438131332397,-0.023756057024002075,0.005981622263789177,0.021245799958705902
000529.png,000530.png,0.15623325109481812,-0.02862851321697235,0.1334642767906189,-0.03926922380924225,0.013976287096738815,0.01389527041465044
000530.png,000531.png,0.18272626399993896,0.006466731429100037,0.1330420821905136,-0.03643745929002762,0.03434105962514877,-0.003224431537091732
000531.png,000532.png,0.1870177537202835,-0.004030391573905945,0.11841738224029541,-0.05595211312174797,0.028085552155971527,-0.0011340463533997536
000532.png,000533.png,0.15076693892478943,-0.003818150609731674,0.11733123660087585,-0.06334241479635239,0.02779402956366539,0.019713789224624634
000533.png,000534.png,0.12109394371509552,-0.01903834566473961,0.12631334364414215,-0.062464453279972076,0.03301604464650154,0.01874956488609314
000534.png,000535.png,0.1398368775844574,-0.02432619035243988,0.1271410882472992,-0.06560269743204117,0.03504500538110733,0.002878650091588497
000535.png,000536.png,0.14955896139144897,-0.022749682888388634,0.11839497089385986,-0.04787357151508331,0.029268179088830948,0.006378847174346447
000536.png,000537.png,0.1459517478942871,-0.018045242875814438,0.10836939513683319,-0.038269806653261185,0.01979108154773712,0.011711453087627888
000537.png,000538.png,0.12606532871723175,-0.004178401082754135,0.1214853972196579,-0.04828788340091705,0.015336147509515285,0.019039340317249298
000538.png,000539.png,0.11711445450782776,-0.001558944582939148,0.12821149826049805,-0.037097323685884476,0.010631737299263477,0.0346175953745842
000539.png,000540.png,0.1195443794131279,-0.014142323285341263,0.14067408442497253,-0.051548250019550323,0.001218642108142376,0.033001650124788284
000540.png,000541.png,0.12923014163970947,-0.0032827630639076233,0.13640114665031433,-0.05459406226873398,-0.00892950315028429,0.016854505985975266
000541.png,000542.png,0.11150987446308136,0.011100541800260544,0.16047298908233643,-0.0395125076174736,-0.016633931547403336,0.012937202118337154
000542.png,000543.png,0.09693688154220581,0.03287021815776825,0.1572386771440506,-0.03048000857234001,-0.011703220196068287,0.011615012772381306
000543.png,000544.png,0.111361563205719,0.04629693925380707,0.17636854946613312,0.011594180949032307,-0.01754681020975113,0.041247665882110596
000544.png,000545.png,0.09901579469442368,0.03897072374820709,0.19010291993618011,-0.02250732108950615,0.011383558623492718,0.07949404418468475
000545.png,000546.png,0.09131539613008499,0.03938902169466019,0.1553039848804474,-0.04078449681401253,0.010065875016152859,0.07473066449165344
000546.png,000547.png,0.06824794411659241,0.045266665518283844,0.16448765993118286,-0.050096187740564346,-0.001110048033297062,0.06506715714931488
000547.png,000548.png,0.06374518573284149,0.0293547585606575,0.19809353351593018,-0.04476245492696762,-0.004014006815850735,0.06435105949640274
000548.png,000549.png,-0.0010787919163703918,-0.0046655647456645966,0.21738117933273315,-0.049234844744205475,0.0094628119841218,0.0710836797952652
000549.png,000550.png,0.04374655336141586,-0.003496907651424408,0.2100769579410553,-0.05185924470424652,0.025583848357200623,0.04051533341407776
000550.png,000551.png,0.08651400357484818,0.020420603454113007,0.2243371307849884,-0.019407127052545547,0.02942582219839096,0.04303969070315361
000551.png,000552.png,0.11596911400556564,0.030046023428440094,0.201494961977005,-0.03466753289103508,0.014436141587793827,0.05289324373006821
000552.png,000553.png,0.11336632072925568,0.039063237607479095,0.21455207467079163,-0.04639570787549019,0.013446345925331116,0.050344426184892654
000553.png,000554.png,0.11487136036157608,0.03171642869710922,0.24302944540977478,-0.05403386801481247,0.005026752129197121,0.06955958902835846
000554.png,000555.png,0.0817897766828537,-0.01026245579123497,0.28450825810432434,-0.06826713681221008,-0.015298846177756786,0.09358223527669907
000555.png,000556.png,0.030666865408420563,-0.029362352564930916,0.3216595947742462,-0.06269393116235733,-0.025699615478515625,0.07277752459049225
000556.png,000557.png,-0.03007841855287552,-0.026845423504710197,0.32916730642318726,-0.06633017957210541,-0.027080334722995758,0.07352276146411896
000557.png,000558.png,-0.070684514939785,-0.025325993075966835,0.3161463141441345,-0.06867215782403946,-0.017177078872919083,0.07240073382854462
000558.png,000559.png,-0.07213398069143295,-0.02266283705830574,0.3039959967136383,-0.0714348703622818,-0.011522782035171986,0.06476030498743057
000559.png,000560.png,-0.0329895094037056,-0.011647865176200867,0.2965991795063019,-0.08694116771221161,-0.007718426175415516,0.03822029381990433
000560.png,000561.png,-0.021656237542629242,-0.032508790493011475,0.3096849322319031,-0.08522070944309235,-0.008650989271700382,0.023942217230796814
000561.png,000562.png,0.05696098506450653,-0.019807832315564156,0.25854793190956116,-0.06023743003606796,-0.01456547249108553,0.03601361811161041
000562.png,000563.png,0.08388752490282059,-0.012807296589016914,0.2351342737674713,-0.04464530199766159,-0.018467552959918976,0.0474129281938076
000563.png,000564.png,0.05829884856939316,-0.017794543877243996,0.25402653217315674,-0.05204547196626663,-0.016726016998291016,0.05111769959330559
000564.png,000565.png,0.044682398438453674,-0.02772502787411213,0.274119108915329,-0.0547071173787117,-0.004141864366829395,0.054722413420677185
000565.png,000566.png,0.06343095749616623,-0.02931583672761917,0.27849718928337097,-0.056704647839069366,0.008066856302320957,0.03957381471991539
000566.png,000567.png,0.01565985381603241,-0.04662670940160751,0.30255454778671265,-0.05916246026754379,0.016322370618581772,0.053037144243717194
000567.png,000568.png,0.02609461545944214,-0.057400211691856384,0.26760220527648926,-0.04224655032157898,0.026065684854984283,0.06201976537704468
000568.png,000569.png,0.02627807855606079,-0.047198228538036346,0.2231558859348297,-0.0462324321269989,0.016034308820962906,0.062495097517967224
000569.png,000570.png,0.06275691837072372,-0.0495402067899704,0.18291424214839935,-0.052751705050468445,0.010260040871798992,0.046573832631111145
000570.png,000571.png,0.09858088940382004,-0.046450600028038025,0.21841099858283997,-0.053411759436130524,0.015769030898809433,0.03541635349392891
000571.png,000572.png,0.11792784184217453,-0.05948789417743683,0.19127869606018066,-0.05913078039884567,0.01966683380305767,0.045553531497716904
000572.png,000573.png,0.10803047567605972,-0.06257631629705429,0.20545098185539246,-0.04981480911374092,0.024299856275320053,0.07823734730482101
000573.png,000574.png,0.1125614270567894,-0.048864711076021194,0.16496747732162476,-0.05496026575565338,0.02659410983324051,0.0489058643579483
000574.png,000575.png,0.1334579885005951,-0.02735087089240551,0.12866434454917908,-0.05542726069688797,0.030277106910943985,0.012402077205479145
000575.png,000576.png,0.13717788457870483,-0.009427618235349655,0.10060611367225647,-0.05554220452904701,0.03887340426445007,-0.01316875871270895
000576.png,000577.png,0.1226663589477539,-0.0021149180829524994,0.07525224983692169,-0.05828716233372688,0.03340274840593338,-0.018366117030382156
000577.png,000578.png,0.1215747594833374,0.011102579534053802,0.08977051079273224,-0.04947059229016304,0.02527780830860138,-0.009639902971684933
000578.png,000579.png,0.12309829890727997,0.007983095943927765,0.07937780022621155,-0.008329295553267002,0.01686853915452957,0.017457976937294006
000579.png,000580.png,0.13403362035751343,0.0003900080919265747,0.11326004564762115,-0.0399574376642704,0.018060263246297836,0.010686502791941166
000580.png,000581.png,0.16225862503051758,0.011983126401901245,0.14788302779197693,-0.03693743050098419,0.008165533654391766,0.017365142703056335
000581.png,000582.png,0.15951937437057495,0.023767560720443726,0.16494491696357727,-0.018848547711968422,-0.005496391095221043,0.015479049645364285
000582.png,000583.png,0.1509532779455185,0.028179846704006195,0.14375776052474976,-0.010291548445820808,-0.012884016148746014,0.025305096060037613
000583.png,000584.png,0.15119513869285583,0.02857934683561325,0.1424795240163803,-0.005063928198069334,-0.008716261945664883,0.03359971567988396
000584.png,000585.png,0.15094353258609772,0.029139719903469086,0.1289362907409668,-0.027869347482919693,0.008049759082496166,0.04661673307418823
000585.png,000586.png,0.15097595751285553,0.030049152672290802,0.08408735692501068,-0.03202035650610924,0.00764514971524477,0.0633428543806076
000586.png,000587.png,0.13725042343139648,0.03000561147928238,0.07645948231220245,-0.025975972414016724,0.0052597662433981895,0.059265702962875366
000587.png,000588.png,0.14030882716178894,0.016453631222248077,0.0769161731004715,-0.0375448614358902,0.009105165489017963,0.05885743349790573
000588.png,000589.png,0.13022670149803162,0.005686867982149124,0.0662882924079895,-0.04444519802927971,0.015593375079333782,0.058999501168727875
000589.png,000590.png,0.15049134194850922,0.004102207720279694,0.11840763688087463,-0.06865473836660385,0.011478840373456478,0.014810903929173946
000590.png,000591.png,0.1640980988740921,0.017373785376548767,0.130650594830513,-0.05449378862977028,0.01349081564694643,0.006091051734983921
000591.png,000592.png,0.20742884278297424,0.015072755515575409,0.12149934470653534,-0.04521668702363968,0.010025198571383953,0.030253306031227112
000592.png,000593.png,0.18051676452159882,0.008632253855466843,0.140951007604599,-0.048664603382349014,0.010915149003267288,0.03723371773958206
000593.png,000594.png,0.1718885749578476,-0.012644803151488304,0.13664551079273224,-0.05124387517571449,0.016076184809207916,0.04440493509173393
000594.png,000595.png,0.15782034397125244,-0.025669502094388008,0.14811857044696808,-0.04764171317219734,0.02455979958176613,0.027165044099092484
000595.png,000596.png,0.15858355164527893,-0.026242166757583618,0.15119467675685883,-0.03313277289271355,0.02834441140294075,0.016627706587314606
000596.png,000597.png,0.15024375915527344,-0.03260524570941925,0.14218898117542267,-0.021648533642292023,0.027238082140684128,0.01134608406573534
000597.png,000598.png,0.1703309416770935,-0.02755657210946083,0.12830647826194763,-0.009924541227519512,0.024897851049900055,0.0269257053732872
000598.png,000599.png,0.17017009854316711,-0.03311971202492714,0.10605308413505554,-0.014412918128073215,0.017144834622740746,0.0285404771566391
000599.png,000600.png,0.19094878435134888,-0.03428151458501816,0.10884350538253784,-0.027586620301008224,0.01375583279877901,0.03373616188764572
000600.png,000601.png,0.19756555557250977,0.0009547844529151917,0.1346835345029831,-0.03172072395682335,0.0028494587168097496,0.0272819921374321
000601.png,000602.png,0.19823779165744781,0.003798343241214752,0.11627258360385895,-0.029603786766529083,0.0016892971470952034,0.05840205401182175
000602.png,000603.png,0.1378721296787262,-0.014512553811073303,0.17641577124595642,-0.04422018676996231,0.011082876473665237,0.08954174071550369
000603.png,000604.png,0.11527834087610245,-0.022661618888378143,0.18149051070213318,-0.04421800374984741,0.019291013479232788,0.06572015583515167
000604.png,000605.png,0.09911978244781494,-0.028813274577260017,0.1993863433599472,-0.0563916377723217,0.03133205324411392,0.03009096533060074
000605.png,000606.png,0.09637373685836792,-0.028973042964935303,0.18886372447013855,-0.05170093849301338,0.032432008534669876,0.0050375210121273994
000606.png,000607.png,0.1035589724779129,-0.035865798592567444,0.1536588966846466,-0.04893196001648903,0.02801566943526268,0.016222462058067322
000607.png,000608.png,0.10117162019014359,-0.037303730845451355,0.11167705059051514,-0.027176644653081894,0.01799284666776657,0.03340737521648407
000608.png,000609.png,0.11665493994951248,-0.02243255451321602,0.09019355475902557,-0.015329715795814991,0.01310996524989605,0.044456593692302704
000609.png,000610.png,0.15318210422992706,-0.00652066245675087,0.10880669951438904,-0.04032643511891365,0.00943358801305294,0.024997152388095856
000610.png,000611.png,0.16997121274471283,-0.012040523812174797,0.1292433887720108,-0.04984297230839729,0.01856880635023117,0.01806066930294037
000611.png,000612.png,0.1444859504699707,-0.021727226674556732,0.13703341782093048,-0.07312954217195511,0.012362102046608925,0.031291842460632324
000612.png,000613.png,0.1693299263715744,-0.009518541395664215,0.1148059219121933,-0.08263769745826721,0.020962528884410858,0.019489295780658722
000613.png,000614.png,0.19545185565948486,0.0031006820499897003,0.08743029832839966,-0.09152562916278839,0.027967602014541626,0.01001837756484747
000614.png,000615.png,0.2125721573829651,0.005524963140487671,0.06696407496929169,-0.09424947202205658,0.03428685665130615,0.002184485085308552
000615.png,000616.png,0.235071063041687,0.009573720395565033,0.03710174560546875,-0.09973903745412827,0.03463058918714523,-0.005498128943145275
000616.png,000617.png,0.23382070660591125,0.009969491511583328,0.015813224017620087,-0.08130861818790436,0.03687288612127304,0.0015419283881783485
000617.png,000618.png,0.23039138317108154,0.012454167008399963,0.02973296120762825,-0.06812136620283127,0.027872957289218903,0.009220109321177006
000618.png,000619.png,0.2334974706172943,0.006174854934215546,0.036741189658641815,-0.046472348272800446,0.01893198862671852,0.039944812655448914
000619.png,000620.png,0.222166508436203,0.008441481739282608,0.1122351884841919,-0.06623212993144989,0.030024554580450058,0.03669104352593422
000620.png,000621.png,0.19452136754989624,0.014038227498531342,0.14832711219787598,-0.03930692374706268,0.015910174697637558,0.02829287201166153
000621.png,000622.png,0.18879705667495728,0.0203220397233963,0.1344568431377411,-0.00013670418411493301,0.007023288868367672,0.02623077854514122
000622.png,000623.png,0.17529508471488953,0.02390400320291519,0.1327216923236847,0.007156608626246452,-0.001719726249575615,0.03623837232589722
000623.png,000624.png,0.1650865226984024,0.036206476390361786,0.14338913559913635,-0.0010120864026248455,-0.011676625348627567,0.04276418685913086
000624.png,000625.png,0.16213703155517578,0.041025593876838684,0.14089447259902954,-0.0405469685792923,-0.002350171096622944,0.05837860703468323
000625.png,000626.png,0.15893162786960602,0.050581686198711395,0.15787801146507263,-0.03307371586561203,-0.018230661749839783,0.029873497784137726
000626.png,000627.png,0.09231217205524445,0.023818813264369965,0.20671530067920685,-0.061912715435028076,-0.0028347214683890343,0.05641403794288635
000627.png,000628.png,0.09632558375597,0.011465705931186676,0.21186205744743347,-0.04561641067266464,0.011360971257090569,0.038238853216171265
000628.png,000629.png,0.1431201696395874,0.012363918125629425,0.17434054613113403,-0.030747290700674057,0.020316390320658684,0.05988305062055588
000629.png,000630.png,0.16966897249221802,0.0167621448636055,0.15220975875854492,-0.03480503335595131,0.026794999837875366,0.061765916645526886
000630.png,000631.png,0.2133347988128662,0.021165139973163605,0.17531080543994904,-0.037596121430397034,0.02005980908870697,0.032011061906814575
000631.png,000632.png,0.20020750164985657,0.011512577533721924,0.1946631520986557,-0.040160730481147766,0.012970066629350185,0.04191800206899643
000632.png,000633.png,0.17229998111724854,0.0018544048070907593,0.1950872540473938,-0.036540430039167404,0.014519072137773037,0.07380270957946777
000633.png,000634.png,0.1513233631849289,-0.03147902339696884,0.21345409750938416,-0.03247612342238426,0.01588135026395321,0.07213196158409119
000634.png,000635.png,0.11102545261383057,-0.03068285435438156,0.23478177189826965,-0.04790133982896805,0.010261133313179016,0.03354671597480774
000635.png,000636.png,0.10298025608062744,-0.029813386499881744,0.19407308101654053,-0.037433043122291565,-0.0005089454352855682,0.019196834415197372
000636.png,000637.png,0.13983812928199768,-0.016300464048981667,0.1371096670627594,-0.011185468174517155,-0.006079827435314655,-0.0009862659499049187
000637.png,000638.png,0.13016147911548615,-0.025937046855688095,0.12618601322174072,0.0032048532739281654,0.004643836058676243,0.022816143929958344
000638.png,000639.png,0.1354619264602661,-0.028306933119893074,0.08495010435581207,0.019772902131080627,0.0068191662430763245,0.03552818298339844
000639.png,000640.png,0.13848018646240234,-0.019794926047325134,0.07148614525794983,0.010732918046414852,-0.00913854781538248,0.0445278063416481
000640.png,000641.png,0.13877198100090027,-0.006071515381336212,0.10718929767608643,-0.01172073744237423,-0.018578093498945236,0.04230140894651413
000641.png,000642.png,0.1656535267829895,0.012367792427539825,0.12934836745262146,-0.0019029472023248672,-0.022568214684724808,0.048237405717372894
000642.png,000643.png,0.07921523600816727,-0.004991888999938965,0.16698671877384186,-0.04269905388355255,-0.020142510533332825,0.04944005608558655
000643.png,000644.png,0.03641664236783981,-0.02269575372338295,0.19383399188518524,-0.04938920587301254,-0.014181499369442463,0.03837893530726433
000644.png,000645.png,0.03934802860021591,-0.02775621972978115,0.17698082327842712,-0.0631902739405632,-0.010912162251770496,0.015427679754793644
000645.png,000646.png,0.05674726888537407,-0.030809439718723297,0.16718199849128723,-0.06448978930711746,0.0002966383472084999,0.00041972193866968155
000646.png,000647.png,0.10694263130426407,-0.03018840029835701,0.15693247318267822,-0.05964106321334839,-0.009342229925096035,0.0019144462421536446
000647.png,000648.png,0.1302935779094696,-0.009058073163032532,0.1460328847169876,-0.053352031856775284,-0.010989994741976261,0.03259522467851639
000648.png,000649.png,0.1461816430091858,-0.00923805683851242,0.13436061143875122,-0.06674249470233917,-0.010772080160677433,0.025064803659915924
000649.png,000650.png,0.1623978316783905,-0.017317771911621094,0.1083279550075531,-0.056599367409944534,-0.0097522446885705,0.03018542379140854
000650.png,000651.png,0.1553979218006134,-0.010772369801998138,0.10531215369701385,-0.07975421100854874,-0.0017266785725951195,0.020609844475984573
000651.png,000652.png,0.17957210540771484,-0.004807122051715851,0.11309388279914856,-0.08697053045034409,0.00378107326105237,0.03143675997853279
000652.png,000653.png,0.202101469039917,-0.0024390295147895813,0.11359357833862305,-0.08811052143573761,0.006706716027110815,0.0018857428804039955
000653.png,000654.png,0.20153671503067017,0.005873523652553558,0.12007452547550201,-0.07843001186847687,0.00547818373888731,0.0018266299739480019
000654.png,000655.png,0.19188645482063293,0.015453476458787918,0.11414895951747894,-0.0638151690363884,0.011290404945611954,-5.249585956335068e-05
000655.png,000656.png,0.18599048256874084,0.013312846422195435,0.09067094326019287,-0.059174567461013794,0.012090442702174187,0.006149890832602978
000656.png,000657.png,0.17405369877815247,0.013447485864162445,0.06671112775802612,-0.05946127697825432,0.010445685125887394,0.014080124907195568
000657.png,000658.png,0.18700344860553741,0.01656872034072876,0.04560625180602074,-0.06405308842658997,0.012122667394578457,0.05787033587694168
000658.png,000659.png,0.1912708580493927,0.01286325603723526,0.03506122902035713,-0.03760156035423279,0.009058582596480846,0.04236631095409393
000659.png,000660.png,0.21094956994056702,0.016125500202178955,0.04465639963746071,-0.018316101282835007,0.01981762796640396,0.060337916016578674
000660.png,000661.png,0.21575796604156494,0.012814395129680634,0.004905099049210548,-0.016699202358722687,0.028185416013002396,0.05370807647705078
000661.png,000662.png,0.23774483799934387,-0.0033454447984695435,-0.021351095288991928,0.002412036992609501,0.03283296525478363,0.05000630393624306
000662.png,000663.png,0.29035231471061707,0.00015167146921157837,-0.030140569433569908,0.00817518774420023,0.028577782213687897,0.04078812897205353
000663.png,000664.png,0.27811047434806824,-0.0030998997390270233,-0.005629668012261391,0.033237285912036896,0.010293356142938137,0.058918699622154236
000664.png,000665.png,0.2606565058231354,0.009591743350028992,0.05882468447089195,0.0464044064283371,-0.0012949081137776375,0.05994115769863129
000665.png,000666.png,0.2405657172203064,0.020570583641529083,0.07207952439785004,0.032211802899837494,-0.00581956934183836,0.047276269644498825
000666.png,000667.png,0.19279378652572632,0.02929728478193283,0.08917540311813354,0.021257780492305756,-0.019381262362003326,0.044963836669921875
000667.png,000668.png,0.15490026772022247,0.03298898786306381,0.12250269949436188,0.017271574586629868,-0.02847062051296234,0.01611172780394554
000668.png,000669.png,0.14344856142997742,0.036314159631729126,0.15240222215652466,0.008966521359980106,-0.03014703094959259,-0.009213588200509548
000669.png,000670.png,0.15065830945968628,0.0343039408326149,0.12943944334983826,-0.0073620108887553215,-0.03306382894515991,-0.02301754429936409
000670.png,000671.png,0.19452154636383057,0.03871069848537445,0.12458327412605286,-0.0029831649735569954,-0.034331608563661575,-0.017495518550276756
000671.png,000672.png,0.14771251380443573,0.03836739808320999,0.17151236534118652,0.007818506099283695,-0.03245188668370247,-0.023194575682282448
000672.png,000673.png,0.1001945212483406,0.039092279970645905,0.18116240203380585,0.014552154578268528,-0.0287783220410347,-0.06404446810483932
000673.png,000674.png,0.08894209563732147,0.036894313991069794,0.18488280475139618,0.023037314414978027,-0.023937013000249863,-0.0863165408372879
000674.png,000675.png,0.07090422511100769,0.036839671432971954,0.1936860978603363,0.041184715926647186,-0.020433753728866577,-0.11028284579515457
000675.png,000676.png,0.07016776502132416,0.04199535399675369,0.1912929117679596,0.052399035543203354,-0.016427967697381973,-0.09412381052970886
000676.png,000677.png,0.05875629931688309,0.029789209365844727,0.20399484038352966,0.054891981184482574,-0.012574461288750172,-0.06845980137586594
000677.png,000678.png,0.030925169587135315,0.021357662975788116,0.23244184255599976,0.040484871715307236,-0.007404576055705547,-0.062185388058423996
000678.png,000679.png,0.004752166569232941,0.01929403841495514,0.30468496680259705,0.02063722163438797,0.00395286176353693,-0.05756278336048126
000679.png,000680.png,-0.03904544562101364,0.02213118225336075,0.3870483934879303,-0.007799574173986912,-0.011781585402786732,-0.06454568356275558
000680.png,000681.png,-0.09736906737089157,0.012309793382883072,0.4083561897277832,-0.02610379084944725,-0.02500295639038086,-0.04503801092505455
000681.png,000682.png,-0.10947627574205399,-0.0059834010899066925,0.3387189209461212,0.010676261968910694,-0.013646692968904972,-0.008224905468523502
000682.png,000683.png,-0.10227673500776291,-0.0016334541141986847,0.30627861618995667,-0.004252436570823193,-0.01927122101187706,-0.027366191148757935
000683.png,000684.png,-0.08779039233922958,0.026042059063911438,0.32529404759407043,-0.010181254707276821,-0.0013160044327378273,-0.07245790958404541
000684.png,000685.png,-0.12040489166975021,0.011246055364608765,0.35686060786247253,-0.053739458322525024,0.0012950478121638298,-0.04442428797483444
000685.png,000686.png,-0.1253660023212433,0.03742852061986923,0.3187621533870697,-0.0059513067826628685,-0.00924843829125166,-0.05349446088075638
000686.png,000687.png,-0.16102686524391174,0.03634192794561386,0.33686769008636475,0.004953457973897457,-0.011188526637852192,-0.06475318968296051
000687.png,000688.png,-0.1436779499053955,0.025101013481616974,0.39433997869491577,-0.03672643005847931,-0.012761848978698254,-0.07665091753005981
000688.png,000689.png,-0.10949680954217911,0.04461856186389923,0.37930217385292053,-0.0509110651910305,-0.007786902599036694,-0.052861928939819336
000689.png,000690.png,-0.08631973713636398,0.07001430541276932,0.39359620213508606,-0.04824146255850792,-0.00537502858787775,-0.08195921778678894
000690.png,000691.png,-0.08740203827619553,0.04289320111274719,0.3775908350944519,-0.02167966589331627,-0.006494860164821148,-0.05697561800479889
000691.png,000692.png,-0.11449529975652695,0.029620222747325897,0.33805790543556213,-0.004404100589454174,-0.013982408680021763,-0.027597885578870773
000692.png,000693.png,-0.13699626922607422,0.022447459399700165,0.3251801133155823,-0.022278964519500732,-0.016164559870958328,-0.011719032190740108
000693.png,000694.png,-0.09345682710409164,0.012443523854017258,0.3731231391429901,-0.03552482649683952,0.0025588208809494972,0.026112496852874756
000694.png,000695.png,-0.1035764291882515,-0.011739782989025116,0.35055166482925415,-0.03642638027667999,-0.01006604079157114,0.006923534907400608
000695.png,000696.png,-0.1269763708114624,-0.008508559316396713,0.4137463867664337,0.001087256707251072,0.011460321955382824,-0.012370231561362743
000696.png,000697.png,-0.21636882424354553,-0.0004899464547634125,0.40722566843032837,0.0061676884070038795,0.00474614929407835,-0.03304969519376755
000697.png,000698.png,-0.19093599915504456,0.02021399512887001,0.43955501914024353,0.01481438335031271,-0.0012873755767941475,-0.02680961787700653
000698.png,000699.png,-0.20307239890098572,0.037524424493312836,0.4172118604183197,0.027542799711227417,0.004526606760919094,-0.03526879847049713
000699.png,000700.png,-0.12375207990407944,0.023867376148700714,0.35869261622428894,0.013659198768436909,0.01695278286933899,0.008698311634361744
000700.png,000701.png,-0.1480916440486908,0.03185298293828964,0.38357236981391907,-0.02658320590853691,0.0010947203263640404,-0.04198693484067917
000701.png,000702.png,-0.10664162784814835,0.011456005275249481,0.42624256014823914,-0.06617274880409241,0.00406587403267622,-0.06188730150461197
000702.png,000703.png,-0.13014072179794312,0.000851750373840332,0.40762922167778015,-0.06778474152088165,-0.0037643173709511757,-0.09665309637784958
000703.png,000704.png,-0.15187430381774902,0.009323108941316605,0.3877753019332886,-0.06717264652252197,0.0029990775510668755,-0.096031554043293
000704.png,000705.png,-0.14911171793937683,0.025311097502708435,0.3479490280151367,-0.030042022466659546,-0.006701529957354069,-0.058382343500852585
000705.png,000706.png,-0.09630798548460007,0.03358174115419388,0.3051699995994568,-0.06046082079410553,-0.021805673837661743,-0.01337286364287138
000706.png,000707.png,-0.07133085280656815,0.04115666449069977,0.2503701448440552,-0.050560113042593,0.0014089560136198997,0.021543048322200775
000707.png,000708.png,-0.026760533452033997,0.037180013954639435,0.24130380153656006,-0.04263272508978844,0.013563982211053371,-0.03218473866581917
000708.png,000709.png,-0.04438667744398117,0.02969472110271454,0.2094806730747223,-0.02693161368370056,-0.003958745859563351,0.04829394072294235
000709.png,000710.png,-0.03667130321264267,0.01453639566898346,0.22890055179595947,-0.015029523521661758,-0.0020296433940529823,0.04511050507426262
000710.png,000711.png,-0.06567846983671188,-0.0002740398049354553,0.21270273625850677,-0.002632198855280876,-0.009058411233127117,0.007621691562235355
000711.png,000712.png,-0.08184491842985153,-0.019880279898643494,0.11291402578353882,-0.014378841035068035,0.0060585131868720055,0.039538756012916565
000712.png,000713.png,-0.08932425826787949,-0.02002028003334999,0.03641185909509659,0.02608169987797737,0.016800154000520706,0.06149172782897949
000713.png,000714.png,-0.1109951063990593,-0.016649961471557617,-0.024006161838769913,0.06894567608833313,0.01303600613027811,0.023070305585861206
000714.png,000715.png,-0.11209126561880112,-0.038693178445100784,0.012611443176865578,0.01743093505501747,-0.005067917518317699,0.05741538107395172
000715.png,000716.png,-0.1229310855269432,-0.032566845417022705,0.03588514402508736,-0.007316931150853634,-0.025993749499320984,0.0034226709976792336
000716.png,000717.png,-0.1637803614139557,0.003629833459854126,-0.021551914513111115,0.04129966348409653,-0.011119372211396694,0.007540819235146046
000717.png,000718.png,-0.20218893885612488,0.013282116502523422,0.02718726545572281,0.028663288801908493,-0.025445546954870224,-0.02845298871397972
000718.png,000719.png,-0.1559365689754486,-0.003090605139732361,0.07204487919807434,0.03089263290166855,-0.026411663740873337,0.009302292950451374
000719.png,000720.png,-0.15404579043388367,-0.035294536501169205,0.03131799399852753,0.03613346442580223,0.0008659502491354942,0.008150734938681126
000720.png,000721.png,-0.18433639407157898,-0.048263803124427795,0.0187649205327034,0.009923920966684818,0.023974977433681488,-0.027886994183063507
000721.png,000722.png,-0.1500413715839386,-0.030160199850797653,0.02423034980893135,0.0022015729919075966,0.019901767373085022,-0.04556571692228317
000722.png,000723.png,-0.11297803372144699,-0.011062605306506157,0.04398977383971214,-0.007106957025825977,0.003647821955382824,0.04463151842355728
000723.png,000724.png,-0.10515894740819931,-0.020459413528442383,0.035034067928791046,-0.00643292348831892,-0.0026399390771985054,0.04007674753665924
000724.png,000725.png,-0.09773752838373184,-0.005055658519268036,0.009511135518550873,0.06751711666584015,-0.004155736416578293,0.011972715146839619
000725.png,000726.png,-0.17008331418037415,-0.0010662563145160675,0.002689838409423828,0.022963106632232666,-0.012042061425745487,0.03143858164548874
000726.png,000727.png,-0.13195058703422546,0.013560723513364792,0.009209424257278442,0.04058333486318588,0.004625109024345875,0.03576672449707985
000727.png,000728.png,-0.15380355715751648,0.014084607362747192,0.02827296406030655,0.027018625289201736,0.010071809403598309,0.03466317057609558
000728.png,000729.png,-0.1628919243812561,0.009617030620574951,0.06091393157839775,0.04749027639627457,0.025734003633260727,0.02588322013616562
000729.png,000730.png,-0.13830780982971191,0.0010601356625556946,0.058586206287145615,0.04665958136320114,0.01861945539712906,0.05271051079034805
000730.png,000731.png,-0.06761271506547928,-0.0015853792428970337,0.05365435406565666,0.01861819624900818,0.013942789286375046,0.10410592705011368
000731.png,000732.png,-0.04478471726179123,-0.010387048125267029,0.10064508020877838,-0.05534304678440094,0.015453431755304337,0.13187441229820251
000732.png,000733.png,-0.08087653666734695,-0.017534524202346802,0.12042537331581116,-0.04632803052663803,0.027598291635513306,0.12949088215827942
000733.png,000734.png,-0.13190817832946777,-0.046755604445934296,0.12040054798126221,-0.06665323674678802,0.013117720372974873,0.09946231544017792
000734.png,000735.png,-0.1273760199546814,-0.03514470160007477,0.06836898624897003,-0.02589891105890274,0.003904372453689575,0.06077010929584503
000735.png,000736.png,-0.13098281621932983,-0.03230242431163788,0.03160789981484413,0.003542426973581314,0.023014187812805176,0.09017559885978699
000736.png,000737.png,-0.13905119895935059,-0.039571866393089294,-0.013937782496213913,0.012369011528789997,0.031465113162994385,0.13324303925037384
000737.png,000738.png,-0.17927181720733643,-0.03689136728644371,0.016573797911405563,-0.03610595315694809,0.01993625983595848,0.13384823501110077
000738.png,000739.png,-0.23035085201263428,-0.03933391720056534,0.09460753202438354,-0.06599175930023193,0.01194994430989027,0.0970534235239029
000739.png,000740.png,-0.25049707293510437,-0.03398215398192406,0.16551688313484192,-0.07976272702217102,0.01973029226064682,0.07246334850788116
000740.png,000741.png,-0.20914921164512634,-0.02353767678141594,0.21402637660503387,-0.10777194052934647,0.02031276375055313,0.074111707508564
000741.png,000742.png,-0.16049325466156006,-0.0067207589745521545,0.20314297080039978,-0.11758051067590714,0.02676565945148468,0.05643053352832794
000742.png,000743.png,-0.14939501881599426,0.008169703185558319,0.1775268018245697,-0.1254633665084839,0.014662235043942928,0.024289559572935104
000743.png,000744.png,-0.15149450302124023,3.028661012649536e-05,0.13168135285377502,-0.11607098579406738,0.009210904128849506,0.019477494060993195
000744.png,000745.png,-0.108929343521595,-0.007438786327838898,0.029006410390138626,-0.07183414697647095,0.006075730547308922,-0.013604427687823772
000745.png,000746.png,-0.16781392693519592,-0.008006956428289413,0.06423996388912201,-0.0793105736374855,0.00885023083537817,-0.03227074071764946
000746.png,000747.png,-0.18767094612121582,-0.016980038955807686,0.07627744972705841,-0.06931334733963013,0.010096420533955097,0.03703439235687256
000747.png,000748.png,-0.22300520539283752,-0.015689846128225327,0.11813527345657349,-0.053909603506326675,0.004106803797185421,0.08511842787265778
000748.png,000749.png,-0.26469701528549194,-0.014208544045686722,0.16855761408805847,-0.06254968047142029,0.006865528412163258,0.1031893640756607
000749.png,000750.png,-0.2731412351131439,-0.011234331876039505,0.15504106879234314,-0.06086723506450653,0.010380086489021778,0.11358420550823212
000750.png,000751.png,-0.26314577460289,0.00820188969373703,0.13374754786491394,-0.05682741850614548,0.007917757146060467,0.11017179489135742
000751.png,000752.png,-0.24025195837020874,0.024320587515830994,0.12624147534370422,-0.06334026902914047,-0.0022483570501208305,0.09457731246948242
000752.png,000753.png,-0.2403460443019867,0.03092462569475174,0.08124315738677979,-0.022476695477962494,0.0029589151963591576,0.03527068719267845
000753.png,000754.png,-0.21738365292549133,0.029266253113746643,0.019973229616880417,0.02351761981844902,0.024208594113588333,0.01594638079404831
000754.png,000755.png,-0.20654821395874023,0.008331086486577988,0.04544014856219292,0.021868735551834106,0.03955908864736557,0.025085411965847015
000755.png,000756.png,-0.2312159240245819,-0.006264861673116684,0.06141320988535881,-0.01512854639440775,0.03308015316724777,0.02173009142279625
000756.png,000757.png,-0.2022857367992401,-0.009427335113286972,0.09321945905685425,-0.051729798316955566,0.008475429378449917,0.05320167541503906
000757.png,000758.png,-0.16530343890190125,0.0031260550022125244,0.14898517727851868,-0.05354364216327667,0.001327543519437313,0.07504165172576904
000758.png,000759.png,-0.15965649485588074,0.0018423646688461304,0.16945503652095795,-0.02339751645922661,0.027893107384443283,0.1019497737288475
000759.png,000760.png,-0.22259676456451416,-0.017635343596339226,0.11756694316864014,-0.034203872084617615,0.031246338039636612,0.06539662182331085
000760.png,000761.png,-0.23963025212287903,-0.0031147822737693787,0.08482381701469421,0.0009681759402155876,0.025065384805202484,0.020537856966257095
000761.png,000762.png,-0.2154979705810547,-0.006852798163890839,0.06748315691947937,0.011897788383066654,0.024651162326335907,0.04016544669866562
000762.png,000763.png,-0.23598375916481018,-0.004323091357946396,0.07346934080123901,-0.0009441738948225975,0.025273200124502182,0.038419418036937714
000763.png,000764.png,-0.23896881937980652,-0.0062415264546871185,0.10575109720230103,0.024722032248973846,0.01603100448846817,0.043121837079524994
000764.png,000765.png,-0.2125149667263031,-0.004861246794462204,0.09225603938102722,-0.004865297116339207,0.0023129330947995186,0.08668354153633118
000765.png,000766.png,-0.16738438606262207,0.011560320854187012,0.1430448740720749,-0.046190932393074036,-0.024269063025712967,0.0960085391998291
000766.png,000767.png,-0.14872366189956665,0.011716175824403763,0.17467838525772095,-0.02578156813979149,0.00045868661254644394,0.09613640606403351
000767.png,000768.png,-0.17592838406562805,-0.0030264481902122498,0.1263841986656189,-0.04731712490320206,0.003149540163576603,0.01974612846970558
000768.png,000769.png,-0.20191779732704163,0.016555316746234894,0.12292695045471191,-0.008279300294816494,0.007082398980855942,-0.006470664404332638
000769.png,000770.png,-0.2251342535018921,-0.004635311663150787,0.048535432666540146,0.00028387922793626785,0.009826426394283772,0.032472461462020874
000770.png,000771.png,-0.2139350175857544,-0.018919968977570534,0.059181828051805496,-0.022586118429899216,0.023228008300065994,0.04471489414572716
000771.png,000772.png,-0.17203864455223083,-0.013543542474508286,0.12272210419178009,-0.030668500810861588,0.02399837225675583,0.06332007050514221
000772.png,000773.png,-0.092295341193676,-0.023355385288596153,0.11911936104297638,-0.052683573216199875,0.010774193331599236,0.07599018514156342
000773.png,000774.png,-0.08752333372831345,0.00135064497590065,0.16867738962173462,-0.11088518798351288,0.003563263453543186,0.1021285355091095
000774.png,000775.png,-0.03781037777662277,-0.02910970337688923,0.14971381425857544,-0.058045394718647,0.03213119879364967,0.051986128091812134
000775.png,000776.png,-0.023939721286296844,-0.012297898530960083,0.09041401743888855,-0.0402345210313797,0.016272544860839844,0.004742437042295933
000776.png,000777.png,0.01288033276796341,0.01351708173751831,0.091464102268219,-0.053678229451179504,0.0034740520641207695,0.028928853571414948
000777.png,000778.png,-0.010287709534168243,0.013167474418878555,0.11267635226249695,-0.051291413605213165,-0.009283690713346004,0.06281362473964691
000778.png,000779.png,-0.0757501944899559,-0.024676479399204254,0.07937780022621155,-0.022402323782444,0.01044059544801712,0.050164490938186646
000779.png,000780.png,-0.12442830950021744,-0.015934256836771965,0.1145525574684143,-0.03876626491546631,0.025247398763895035,0.05758067965507507
000780.png,000781.png,-0.1311340630054474,-0.028496233746409416,0.08950076997280121,-0.03560206666588783,0.022574301809072495,0.0502636544406414
000781.png,000782.png,-0.0889296606183052,-0.007053658366203308,0.14940212666988373,-0.0630655288696289,0.01007592398673296,0.02717939391732216
000782.png,000783.png,-0.07490789145231247,-0.002065621316432953,0.06202298030257225,-0.03939022123813629,0.022509410977363586,0.05162098631262779
000783.png,000784.png,-0.08248742669820786,0.0045643150806427,0.06820769608020782,-0.06422284990549088,-0.00011691218242049217,0.05540946125984192
000784.png,000785.png,-0.16550171375274658,-0.0038017071783542633,0.11568313837051392,-0.05816803127527237,-0.00279354490339756,0.06263303756713867
000785.png,000786.png,-0.18671754002571106,-0.00851345807313919,0.13087020814418793,-0.005468190182000399,-0.004344587214291096,0.0663398802280426
000786.png,000787.png,-0.18047955632209778,0.016104426234960556,0.18113639950752258,-0.005963429808616638,-0.01057633850723505,0.07540570199489594
000787.png,000788.png,-0.18633243441581726,0.023887895047664642,0.22459788620471954,-0.014296145178377628,-0.0045390138402581215,0.07990368455648422
000788.png,000789.png,-0.2140648365020752,0.022227026522159576,0.19084468483924866,-0.010615205392241478,0.0014432547613978386,0.04054944962263107
000789.png,000790.png,-0.22070008516311646,0.023251622915267944,0.08757887780666351,0.020857281982898712,0.009216471575200558,-0.005421432666480541
000790.png,000791.png,-0.17200380563735962,0.03212214261293411,0.018272627145051956,0.03696241229772568,0.023246295750141144,-0.0042962199077010155
000791.png,000792.png,-0.20178630948066711,0.02520982176065445,0.061954762786626816,0.03794247657060623,0.016912683844566345,0.009106234647333622
000792.png,000793.png,-0.19449365139007568,0.014616858214139938,0.05895332619547844,0.0005920613184571266,-0.0033705392852425575,0.025115124881267548
000793.png,000794.png,-0.188322514295578,0.03136669844388962,0.09765267372131348,-0.004017247818410397,-0.015340394340455532,0.07488282769918442
000794.png,000795.png,-0.19076833128929138,0.01809912919998169,0.1489308923482895,0.02432311698794365,0.01601489633321762,0.06703464686870575
000795.png,000796.png,-0.23382773995399475,0.013007722795009613,0.10399317741394043,0.019999388605356216,0.02331344410777092,0.05990712344646454
000796.png,000797.png,-0.15690523386001587,0.028385497629642487,0.10551121830940247,0.009753827936947346,0.0019902167841792107,0.0512784868478775
000797.png,000798.png,-0.1791350543498993,-0.0035092905163764954,0.05889478698372841,0.013395552523434162,0.024187490344047546,0.06646706163883209
000798.png,000799.png,-0.21135762333869934,-0.00668761134147644,0.04698748514056206,0.001699415035545826,0.03843918815255165,0.09239621460437775
000799.png,000800.png,-0.2387315332889557,-0.023178236559033394,0.0748475044965744,0.03114987164735794,0.03929685801267624,0.0313212051987648
000800.png,000801.png,-0.2075124979019165,-0.019158368930220604,0.12583133578300476,-0.024070199579000473,0.01791011542081833,0.04273306578397751
000801.png,000802.png,-0.16133525967597961,0.015914462506771088,0.18727007508277893,-0.028963543474674225,-0.0031819595023989677,0.10377167165279388
000802.png,000803.png,-0.14981380105018616,0.017957493662834167,0.19079062342643738,-0.025292761623859406,0.015615030191838741,0.0880584716796875
000803.png,000804.png,-0.18458881974220276,0.04149668663740158,0.13763923943042755,-0.011872942559421062,-0.003632820211350918,0.08811696618795395
000804.png,000805.png,-0.11735745519399643,0.05478479713201523,0.12377297878265381,0.0012209778651595116,-0.0012288400903344154,0.06636539846658707
000805.png,000806.png,-0.1480565071105957,0.03798126429319382,0.14387449622154236,0.01679757982492447,0.016505785286426544,0.10300735384225845
000806.png,000807.png,-0.14302965998649597,0.022775284945964813,0.09136712551116943,0.03426765650510788,0.02484026923775673,0.09872212260961533
000807.png,000808.png,-0.14654451608657837,0.0183146670460701,0.08874574303627014,0.032588452100753784,0.03621676191687584,0.09953045845031738
000808.png,000809.png,-0.18428757786750793,0.015297949314117432,0.09279833734035492,-0.01119324192404747,0.033966027200222015,0.11023932695388794
000809.png,000810.png,-0.17801469564437866,-0.002181064337491989,0.15404409170150757,-0.061628952622413635,0.019888944923877716,0.1397186815738678
000810.png,000811.png,-0.1508442759513855,-0.011382291093468666,0.21548917889595032,-0.055565349757671356,0.019161824136972427,0.10199044644832611
000811.png,000812.png,-0.1419530212879181,-0.04024549201130867,0.17222124338150024,-0.0945005863904953,0.035410139709711075,0.045493993908166885
000812.png,000813.png,-0.09997525066137314,-0.020715821534395218,0.1317245066165924,-0.021684788167476654,0.036297108978033066,0.04127561300992966
000813.png,000814.png,-0.12578117847442627,-0.027821755036711693,0.08520251512527466,-0.02947823703289032,0.03566785529255867,0.1024695485830307
000814.png,000815.png,-0.1635201871395111,-0.029682576656341553,0.04806050285696983,-0.06678993254899979,0.027458641678094864,0.1261991709470749
000815.png,000816.png,-0.19277581572532654,-0.03367345780134201,0.0850754976272583,-0.07173324376344681,0.03923361748456955,0.08356038480997086
000816.png,000817.png,-0.21637138724327087,-0.008567526936531067,0.12079077959060669,-0.04714226350188255,0.04305356740951538,0.068853959441185
000817.png,000818.png,-0.2078976333141327,0.016612734645605087,0.12182213366031647,-0.0709657371044159,0.025767792016267776,0.04588163271546364
000818.png,000819.png,-0.17005056142807007,0.036952465772628784,0.11725635826587677,-0.12451662123203278,0.014891396276652813,0.009831293486058712
000819.png,000820.png,-0.11187710613012314,0.029995717108249664,0.07383114099502563,-0.07538743317127228,0.01691758632659912,0.02513037994503975
000820.png,000821.png,-0.1029679998755455,0.019376784563064575,0.08314266800880432,-0.04728977754712105,0.01947247050702572,0.008529284037649632
000821.png,000822.png,-0.1638893485069275,0.004302371293306351,0.1006215363740921,-0.029752496629953384,0.028881128877401352,0.0023006806150078773
000822.png,000823.png,-0.17711326479911804,-0.005791809409856796,0.09698675572872162,-0.006291584111750126,0.025871682912111282,0.03285869210958481
000823.png,000824.png,-0.19524863362312317,0.0028170011937618256,0.10224048793315887,0.011863972060382366,0.00998260360211134,0.07715918123722076
000824.png,000825.png,-0.2181948721408844,0.004069972783327103,0.09825856983661652,0.004748892970383167,0.0046622259542346,0.09017196297645569
000825.png,000826.png,-0.20250040292739868,0.017895106226205826,0.1287434697151184,0.000329568050801754,0.00752247404307127,0.10166504979133606
000826.png,000827.png,-0.22156789898872375,-0.004182688891887665,0.09771573543548584,0.012181012891232967,0.017648957669734955,0.05626486986875534
000827.png,000828.png,-0.2514752745628357,-0.0022030360996723175,0.042644914239645004,0.055670157074928284,0.020491816103458405,-0.011054600588977337
000828.png,000829.png,-0.2480129897594452,-0.03174212574958801,0.027586255222558975,0.07248859107494354,0.03491688147187233,0.005903306417167187
000829.png,000830.png,-0.25298240780830383,-0.05817845091223717,0.056233059614896774,0.028114590793848038,0.04250585287809372,0.017049912363290787
000830.png,000831.png,-0.22201499342918396,-0.047527164220809937,0.058961283415555954,-0.004053271375596523,0.02750857174396515,0.031209789216518402
000831.png,000832.png,-0.15305331349372864,-0.014606991782784462,0.07122248411178589,-0.014195353724062443,0.0065613193437457085,0.0666821151971817
000832.png,000833.png,-0.17043164372444153,0.006944011896848679,0.12711694836616516,0.0016925996169447899,-0.0004856446757912636,0.062453895807266235
000833.png,000834.png,-0.1552642285823822,0.015421740710735321,0.11778301000595093,0.024127185344696045,0.009453489445149899,0.08459553122520447
000834.png,000835.png,-0.11915815621614456,0.03791110962629318,0.08759739995002747,0.03750617802143097,0.022044099867343903,0.08611889183521271
000835.png,000836.png,-0.17600300908088684,0.042263612151145935,0.08280061185359955,0.020585764199495316,0.006419734098017216,0.05084696412086487
000836.png,000837.png,-0.20528480410575867,0.040597103536129,0.07508721947669983,0.037892673164606094,0.0052268607541918755,0.03802274912595749
000837.png,000838.png,-0.22123992443084717,0.042008183896541595,0.07980167865753174,0.04732285439968109,0.0129390275105834,0.04715258255600929
000838.png,000839.png,-0.2267555594444275,0.018984079360961914,0.09011897444725037,0.05405997112393379,0.029703065752983093,0.08102237433195114
000839.png,000840.png,-0.22182652354240417,0.005219027400016785,0.08219987154006958,0.03764881193637848,0.02198735624551773,0.08583208918571472
000840.png,000841.png,-0.1762084662914276,-0.007516171783208847,0.13896122574806213,-0.001245451858267188,0.0028855083510279655,0.074592225253582
000841.png,000842.png,-0.13873052597045898,0.02372368425130844,0.17821966111660004,-0.03403349965810776,0.0003251275047659874,0.05242294445633888
000842.png,000843.png,-0.13416829705238342,0.038978420197963715,0.13733822107315063,-0.04223126173019409,0.0018835077062249184,0.026538442820310593
000843.png,000844.png,-0.13146376609802246,0.025282837450504303,0.11018593609333038,-0.03475596383213997,0.019863363355398178,0.018062449991703033
000844.png,000845.png,-0.13646376132965088,0.041600264608860016,0.059118885546922684,-0.00930348876863718,0.02992257848381996,0.013924580998718739
000845.png,000846.png,-0.12551066279411316,0.04919365793466568,0.02262585610151291,-0.004036576487123966,0.041627511382102966,0.04651125892996788
000846.png,000847.png,-0.12956082820892334,0.04234721511602402,-0.006511420011520386,-0.018470395356416702,0.042989060282707214,0.08456611633300781
000847.png,000848.png,-0.1711914837360382,0.022587940096855164,0.030315782874822617,0.01620994508266449,0.03245418146252632,0.07076172530651093
000848.png,000849.png,-0.18010464310646057,0.02052754908800125,0.027217090129852295,-0.01272894348949194,0.008544422686100006,0.09436989575624466
000849.png,000850.png,-0.11975698918104172,0.013951770961284637,0.0866108238697052,-0.029323797672986984,-0.0065178899094462395,0.10773324966430664
000850.png,000851.png,-0.050307177007198334,0.03024144470691681,0.10935661196708679,-0.05943145602941513,-0.010811611078679562,0.07585736364126205
000851.png,000852.png,-0.06142250448465347,0.04781825840473175,0.14541035890579224,-0.06693653762340546,-0.006147298030555248,0.05507912486791611
000852.png,000853.png,-0.08329393714666367,0.026321537792682648,0.09149539470672607,-0.03878002613782883,0.01286166999489069,-0.0009548747912049294
000853.png,000854.png,-0.042219094932079315,0.040962837636470795,0.08884578943252563,-0.004802673123776913,0.012416793033480644,0.04375797510147095
000854.png,000855.png,0.003711305558681488,0.02591823786497116,0.11127921938896179,-0.0391034297645092,-0.005492745898663998,0.0946895107626915
000855.png,000856.png,0.03292640298604965,0.0047066956758499146,0.17581716179847717,-0.05174422264099121,0.019441809505224228,0.05088049918413162
000856.png,000857.png,0.00017573684453964233,-0.01919599622488022,0.1773301362991333,-0.04004688188433647,0.027502313256263733,0.01764848455786705
000857.png,000858.png,-0.02343248575925827,-0.012979157269001007,0.20287495851516724,-0.0702986791729927,0.02023712545633316,0.019492868334054947
000858.png,000859.png,0.0249546617269516,0.02078663557767868,0.19519972801208496,-0.12914812564849854,0.024540796875953674,-0.02426086738705635
000859.png,000860.png,0.05514916032552719,0.019675903022289276,0.07870973646640778,-0.12016160786151886,0.026546627283096313,-0.003384857438504696
000860.png,000861.png,0.04645729064941406,0.012106239795684814,0.05328528210520744,-0.09112367033958435,0.0156480073928833,-0.009011511690914631
000861.png,000862.png,0.05066985264420509,0.042880021035671234,0.13061848282814026,-0.08927549421787262,0.03310864418745041,-0.035686034709215164
000862.png,000863.png,0.02620997279882431,0.04630117863416672,0.1602431684732437,-0.07291646301746368,0.025561518967151642,-0.018718784675002098
000863.png,000864.png,0.01613946259021759,0.04517006129026413,0.17774277925491333,-0.04535049945116043,0.02730441465973854,0.004168716259300709
000864.png,000865.png,0.03295942395925522,0.04225049912929535,0.1675548553466797,-0.030840914696455002,0.035187069326639175,0.024953696876764297
000865.png,000866.png,0.02925226464867592,0.036695174872875214,0.14156487584114075,-0.03122156858444214,0.027729716151952744,0.02835574746131897
000866.png,000867.png,0.0036017894744873047,0.012605782598257065,0.14196684956550598,-0.058674246072769165,0.03437575697898865,0.05371379107236862
000867.png,000868.png,-0.008269838988780975,0.008183225989341736,0.12668144702911377,-0.047791607677936554,0.040194932371377945,0.07054536044597626
000868.png,000869.png,-0.04240519553422928,0.011398445814847946,0.1037537008523941,-0.036153070628643036,0.03265416622161865,0.09540707617998123
000869.png,000870.png,-0.04306236654520035,0.007982734590768814,0.13875064253807068,-0.04207900911569595,0.027264177799224854,0.08337754011154175
000870.png,000871.png,-0.023594848811626434,-0.0038955137133598328,0.19373616576194763,-0.06443201005458832,0.01628582924604416,0.08867238461971283
000871.png,000872.png,-0.08430128544569016,-0.013994643464684486,0.28563886880874634,-0.11243169009685516,0.005820305086672306,0.11880549788475037
000872.png,000873.png,-0.09581314772367477,0.011441200971603394,0.25361430644989014,-0.08640076220035553,0.006583583541214466,0.07005815207958221
000873.png,000874.png,-0.08573409169912338,0.029425695538520813,0.21474429965019226,-0.06415492296218872,0.00498550571501255,0.09197437763214111
000874.png,000875.png,-0.11229366809129715,0.029064662754535675,0.18912772834300995,-0.05323794484138489,-0.002216372638940811,0.08609409630298615
000875.png,000876.png,-0.14247992634773254,0.049049340188503265,0.15478768944740295,-0.02287600189447403,0.0012719538062810898,0.0914071798324585
000876.png,000877.png,-0.17601653933525085,0.03790567070245743,0.11481726169586182,0.006366998888552189,-0.004299230873584747,0.08314435184001923
000877.png,000878.png,-0.20509645342826843,0.019006267189979553,0.13885784149169922,-0.022434603422880173,-0.012708411552011967,0.06775973737239838
000878.png,000879.png,-0.14809975028038025,0.02862577885389328,0.1878066062927246,-0.04207352176308632,-0.012373213656246662,0.10130658745765686
000879.png,000880.png,-0.18389061093330383,0.006895814090967178,0.20069146156311035,-0.05057350918650627,-0.0017841244116425514,0.051194243133068085
000880.png,000881.png,-0.11041640490293503,0.010397695004940033,0.18816353380680084,-0.02680303528904915,-0.0010108845308423042,0.058825552463531494
000881.png,000882.png,-0.08960790187120438,0.01771601289510727,0.19495216012001038,-0.04289371520280838,0.0018188245594501495,0.10002316534519196
000882.png,000883.png,-0.11943847686052322,0.007287751883268356,0.20122835040092468,-0.0824691653251648,-0.009042718447744846,0.06361305713653564
000883.png,000884.png,-0.08587685972452164,0.001980125904083252,0.18614110350608826,-0.059265635907649994,-0.006431738846004009,0.03615788370370865
000884.png,000885.png,-0.08020516484975815,0.02345174551010132,0.18241377174854279,-0.06577285379171371,-0.008315353654325008,0.03561302274465561
000885.png,000886.png,-0.11509601026773453,0.0285896435379982,0.20479226112365723,-0.059532854706048965,-0.021185070276260376,0.03321333974599838
000886.png,000887.png,-0.1281827986240387,0.032562367618083954,0.192135751247406,-0.04650229588150978,-0.008323075249791145,0.01769328862428665
000887.png,000888.png,-0.13784578442573547,0.022947460412979126,0.16153913736343384,-0.017274856567382812,-0.005472318269312382,0.006498587317764759
000888.png,000889.png,-0.16034835577011108,0.03170163184404373,0.18315015733242035,-0.019595466554164886,-0.01590069755911827,0.041204530745744705
000889.png,000890.png,-0.18069738149642944,0.04300863295793533,0.20557372272014618,-0.03536400571465492,-0.03220253065228462,0.10346464067697525
000890.png,000891.png,-0.23614639043807983,0.016801852732896805,0.2045016884803772,-0.039669815450906754,-0.024348121136426926,0.0533001646399498
000891.png,000892.png,-0.1874409317970276,0.017906829714775085,0.18557527661323547,0.004887145943939686,-0.030163880437612534,0.013436534442007542
000892.png,000893.png,-0.1575167179107666,0.04518948495388031,0.16696074604988098,0.026312001049518585,-0.01014737319201231,0.06523433327674866
000893.png,000894.png,-0.14395534992218018,0.02091379463672638,0.16137555241584778,0.0011933483183383942,0.008915670216083527,0.07797789573669434
000894.png,000895.png,-0.06715404242277145,0.034987084567546844,0.15304040908813477,-0.010022085160017014,-0.015943601727485657,0.04267040640115738
000895.png,000896.png,-0.03329081833362579,0.022513747215270996,0.15386509895324707,-0.020525142550468445,-0.02334977686405182,0.035365138202905655
000896.png,000897.png,-0.07090242952108383,-0.012815974652767181,0.11745446920394897,0.0056578172370791435,-0.020507436245679855,0.06271356344223022
000897.png,000898.png,-0.07771488279104233,0.009428679943084717,0.09207874536514282,0.02864314615726471,0.01021780725568533,0.04388739541172981
000898.png,000899.png,-0.08108145743608475,0.026412561535835266,0.14575976133346558,0.023561380803585052,-0.013197367079555988,0.09838142991065979
000899.png,000900.png,-0.003911122679710388,0.05125518888235092,0.11528298258781433,0.014237293042242527,-0.008447744883596897,0.0422382652759552
000900.png,000901.png,-0.029482193291187286,0.02857743203639984,0.048433396965265274,-0.005478831939399242,-0.0019331062212586403,0.038048677146434784
000901.png,000902.png,-0.09585980325937271,-0.0009200684726238251,0.12182088196277618,-0.019745316356420517,-0.0033678989857435226,0.09194625914096832
000902.png,000903.png,-0.11245089024305344,0.02496769279241562,0.16403280198574066,-0.04387669265270233,0.008146879263222218,0.09460674971342087
000903.png,000904.png,-0.14248555898666382,-0.010125074535608292,0.1732596606016159,-0.07836686819791794,0.017433270812034607,0.05402166396379471
000904.png,000905.png,-0.10499574989080429,0.02699369192123413,0.1380133032798767,-0.01506358664482832,0.014374340884387493,0.011277248151600361
000905.png,000906.png,-0.04480912536382675,0.01955348253250122,0.04566958174109459,-0.0062523698434233665,0.008840479888021946,0.025592513382434845
000906.png,000907.png,-0.05292310565710068,0.03288865089416504,0.10042509436607361,-0.0735507607460022,0.004304347559809685,0.05535827577114105
000907.png,000908.png,-0.022008687257766724,0.017932146787643433,0.11176657676696777,-0.09508992731571198,0.01651010662317276,0.028326906263828278
000908.png,000909.png,0.03988107293844223,0.002474643290042877,0.08077390491962433,-0.07086142897605896,0.02883439138531685,0.026569519191980362
000909.png,000910.png,0.05898064374923706,-0.0003133043646812439,0.06896880269050598,-0.07645834237337112,0.017687369138002396,0.006698743440210819
000910.png,000911.png,0.11965055018663406,0.016421131789684296,0.03133348375558853,-0.07632862031459808,0.02017020434141159,0.01966700702905655
000911.png,000912.png,0.08875394612550735,0.03799977898597717,0.05409328266978264,-0.10105808824300766,0.005198615603148937,0.0018558492884039879
000912.png,000913.png,0.08027491718530655,0.04615306109189987,0.006462417542934418,-0.07804045081138611,-0.004980810917913914,-0.010516352020204067
000913.png,000914.png,0.08481396734714508,0.06738177686929703,-0.006969533860683441,-0.09058842062950134,-0.011707373894751072,-0.01703975722193718
000914.png,000915.png,0.10003217309713364,0.05734287202358246,-0.02684146538376808,-0.08217528462409973,-0.014118202961981297,-0.0007850965484976768
000915.png,000916.png,0.11449312418699265,0.0638279840350151,-0.07786373794078827,-0.06865938752889633,-0.017947833985090256,0.02132289856672287
000916.png,000917.png,0.1031806617975235,0.05422881245613098,-0.09434197843074799,-0.06177142634987831,-0.008610107935965061,0.01084368396550417
000917.png,000918.png,0.09954126179218292,0.046179287135601044,-0.09783695638179779,-0.058058831840753555,-0.007711091078817844,0.025730788707733154
000918.png,000919.png,0.10806670784950256,0.036773018538951874,-0.10563942790031433,-0.06160743534564972,-0.005643569864332676,0.030888594686985016
000919.png,000920.png,0.12446485459804535,0.03233800828456879,-0.10667097568511963,-0.06176399067044258,-0.003153701312839985,0.038571711629629135
000920.png,000921.png,0.1425735503435135,0.028581783175468445,-0.11303924024105072,-0.056343402713537216,0.0027950918301939964,0.04531201347708702
000921.png,000922.png,0.14599591493606567,0.02930895984172821,-0.11907073855400085,-0.04822123050689697,0.009441099129617214,0.04545429348945618
000922.png,000923.png,0.14891137182712555,0.030902177095413208,-0.12180085480213165,-0.0512005090713501,0.011105342768132687,0.040327850729227066
000923.png,000924.png,0.1531897634267807,0.03228948265314102,-0.11194171011447906,-0.05773501470685005,0.008030547760426998,0.02922116219997406
000924.png,000925.png,0.1517302393913269,0.03576705604791641,-0.09354947507381439,-0.06738729029893875,0.005295156501233578,0.021431975066661835
000925.png,000926.png,0.1482418328523636,0.041036032140254974,-0.08046989142894745,-0.06879151612520218,-9.643752127885818e-05,0.012172753922641277
000926.png,000927.png,0.13368815183639526,0.045030705630779266,-0.06618295609951019,-0.06915592402219772,-0.006310475058853626,0.0082103805616498
000927.png,000928.png,0.10109205543994904,0.04625125974416733,-0.058074962347745895,-0.06969570368528366,-0.01092138048261404,0.0035759322345256805
000928.png,000929.png,0.09720216691493988,0.03899724781513214,-0.04757411777973175,-0.06148136407136917,-0.006454494781792164,0.004574274644255638
000929.png,000930.png,0.08827713876962662,0.03715696185827255,-0.027542592957615852,-0.05586280673742294,-0.009561615996062756,0.017568431794643402
000930.png,000931.png,0.09233900159597397,0.04547717422246933,0.004584893584251404,-0.05561044439673424,-0.010757979936897755,0.032493773847818375
000931.png,000932.png,0.0830998569726944,0.06191249191761017,0.041568003594875336,-0.06291493028402328,-0.015131157822906971,0.02823278307914734
000932.png,000933.png,0.08064095675945282,0.06698184460401535,0.043539464473724365,-0.0563686266541481,-0.015345235355198383,0.024219509214162827
000933.png,000934.png,0.07372770458459854,0.0654788389801979,0.02328859269618988,-0.04716344177722931,-0.01227914821356535,0.006741085089743137
000934.png,000935.png,0.08525191992521286,0.08086234331130981,0.017482146620750427,-0.051818713545799255,0.006872185505926609,-0.03259671479463577
000935.png,000936.png,0.06308241188526154,0.08444971591234207,0.0369219146668911,-0.12120935320854187,0.007427249103784561,-0.04734114557504654
000936.png,000937.png,0.10848186910152435,0.06054767221212387,-0.005281031131744385,-0.09964202344417572,0.03264901414513588,-0.02456483617424965
000937.png,000938.png,0.08990148454904556,0.03367634862661362,-0.04778887704014778,-0.09452654421329498,0.026094753295183182,-0.06034882366657257
000938.png,000939.png,0.06314117461442947,0.05917220562696457,0.005650091916322708,-0.08724778890609741,0.03119470179080963,-0.05079660564661026
000939.png,000940.png,0.050087083131074905,0.09171242266893387,0.04754319414496422,-0.07486404478549957,0.02808992937207222,-0.0353093221783638
000940.png,000941.png,0.05679500848054886,0.11557397991418839,0.09221622347831726,-0.07640975713729858,0.020884118974208832,-0.04151217266917229
000941.png,000942.png,0.03043030947446823,0.11698352545499802,0.0959269106388092,-0.08258158713579178,-0.008531996048986912,-0.04413602501153946
000942.png,000943.png,0.05145427957177162,0.11641875654459,0.13005830347537994,-0.04278570041060448,-0.006852811202406883,-0.006435285322368145
000943.png,000944.png,0.041331131011247635,0.11217518895864487,0.13770043849945068,-0.024946454912424088,-0.00045633409172296524,0.027138344943523407
000944.png,000945.png,0.021969564259052277,0.084656722843647,0.1606597602367401,-0.007836084812879562,0.004578547552227974,0.045665085315704346
000945.png,000946.png,0.0036753788590431213,0.07558009773492813,0.1528160274028778,-0.0023775342851877213,0.008173835463821888,0.05051314830780029
000946.png,000947.png,-0.0256391242146492,0.06931918114423752,0.15615779161453247,-0.01830694079399109,0.01236691977828741,0.08057567477226257
000947.png,000948.png,-0.07832749933004379,0.054031312465667725,0.14169643819332123,-0.022152498364448547,0.010035041719675064,0.08239853382110596
000948.png,000949.png,-0.07151380926370621,0.05655740201473236,0.14428415894508362,-0.02164541929960251,0.007797141559422016,0.08200463652610779
000949.png,000950.png,-0.018271081149578094,0.07944483309984207,0.1842212975025177,-0.05986285209655762,0.01159763615578413,0.05001934617757797
000950.png,000951.png,-0.008775636553764343,0.08070726692676544,0.26066508889198303,-0.04153702035546303,0.023549512028694153,0.08473467081785202
000951.png,000952.png,-0.01764754205942154,0.07640807330608368,0.24883028864860535,-0.04929180443286896,0.013949555344879627,0.0730256736278534
000952.png,000953.png,-0.06348565965890884,0.06679724901914597,0.25095245242118835,-0.04572196677327156,0.005491600371897221,0.016621366143226624
000953.png,000954.png,-0.04731563478708267,0.08365484327077866,0.23213914036750793,-0.036963194608688354,-0.0053153326734900475,-0.033859893679618835
000954.png,000955.png,-0.029336534440517426,0.06776577234268188,0.17895060777664185,-0.016292504966259003,-0.006713711656630039,-0.010953831486403942
000955.png,000956.png,0.003743410110473633,0.07594563812017441,0.16587436199188232,-0.01626807451248169,0.0016210735775530338,-0.010140007361769676
000956.png,000957.png,0.027665548026561737,0.09130894392728806,0.1505911946296692,-0.008612885139882565,0.008756340481340885,-0.002729589119553566
000957.png,000958.png,0.00875292718410492,0.08949752897024155,0.14804799854755402,-0.019003309309482574,0.005150614306330681,0.021223284304142
000958.png,000959.png,0.030465848743915558,0.08988597244024277,0.14615052938461304,-0.015624438412487507,0.007215483114123344,0.032938916236162186
000959.png,000960.png,0.03291863575577736,0.07192773371934891,0.17188569903373718,-0.027865510433912277,0.0036196066066622734,0.0476849302649498
000960.png,000961.png,0.02902444452047348,0.06484381854534149,0.2188911736011505,-0.06151636689901352,0.017278369516134262,0.02460585907101631
000961.png,000962.png,0.0338786318898201,0.0776796042919159,0.23587027192115784,-0.04403208941221237,0.01320235338062048,0.0648186057806015
000962.png,000963.png,0.0431847870349884,0.09121892601251602,0.18421924114227295,-0.021488487720489502,0.0011777793988585472,0.06667899340391159
000963.png,000964.png,0.049475304782390594,0.098037950694561,0.13747820258140564,-0.01305630337446928,0.0016946764662861824,0.03713350370526314
000964.png,000965.png,0.059898264706134796,0.10511360317468643,0.0904773622751236,0.009430442936718464,0.006016316823661327,0.01257255394011736
000965.png,000966.png,0.01990395039319992,0.08856507390737534,0.1165720522403717,-0.003384082578122616,0.013698042370378971,0.018580928444862366
000966.png,000967.png,-0.033459924161434174,0.0765220895409584,0.11571624875068665,-0.019684724509716034,0.020796537399291992,0.00791128259152174
000967.png,000968.png,-0.06679583340883255,0.08697859197854996,0.13732574880123138,-0.001715666614472866,0.02678053453564644,-0.012048181146383286
000968.png,000969.png,-0.07680471986532211,0.09707767516374588,0.18733569979667664,-0.04892237111926079,0.023234914988279343,-0.0043927463702857494
000969.png,000970.png,-0.06262572854757309,0.07968197017908096,0.1691264808177948,-0.07333390414714813,0.023009449243545532,-0.0014568651095032692
000970.png,000971.png,-0.06618239730596542,0.06242184340953827,0.20462428033351898,-0.0777539387345314,0.022694077342748642,0.003305676393210888
000971.png,000972.png,-0.03682839125394821,0.08231514692306519,0.1997075378894806,-0.06570819020271301,0.03068910539150238,0.022344131022691727
000972.png,000973.png,-0.03795372694730759,0.07901058346033096,0.19309809803962708,-0.01328385341912508,0.022696036845445633,0.05604095011949539
000973.png,000974.png,-0.04922408610582352,0.06990114599466324,0.17522211372852325,0.008024741895496845,0.010728050954639912,0.03757651150226593
000974.png,000975.png,-0.06726380437612534,0.06547916680574417,0.1694261133670807,-0.0065276529639959335,0.012777149677276611,0.06306086480617523
000975.png,000976.png,-0.03336036205291748,0.060538582503795624,0.16417399048805237,-0.002294521778821945,0.010742835700511932,0.09345316886901855
000976.png,000977.png,-0.018133513629436493,0.07576503604650497,0.22311615943908691,0.025762464851140976,0.016392409801483154,0.07995481044054031
000977.png,000978.png,-0.06995082646608353,0.04910661280155182,0.22498661279678345,0.01936989650130272,0.007502882741391659,0.04495774209499359
000978.png,000979.png,-0.0929519459605217,0.03716784715652466,0.23966678977012634,0.004677736200392246,-0.008486800827085972,0.018810637295246124
000979.png,000980.png,-0.12100734561681747,0.017107438296079636,0.27910441160202026,-0.015661317855119705,-0.0121980095282197,0.07712282240390778
000980.png,000981.png,-0.10108637064695358,0.011044826358556747,0.27959975600242615,-0.05597225949168205,-0.01573498174548149,0.046662624925374985
000981.png,000982.png,-0.05059541016817093,0.015074547380208969,0.2937476336956024,-0.07699695229530334,0.008452738635241985,0.007244833745062351
000982.png,000983.png,-0.0869450643658638,0.029132179915905,0.35063788294792175,-0.06824265420436859,0.023007631301879883,0.03696431219577789
000983.png,000984.png,-0.12707021832466125,0.01374165341258049,0.34193024039268494,-0.06121314689517021,0.028155073523521423,0.07986555993556976
000984.png,000985.png,-0.19808661937713623,-0.02583162859082222,0.3194698989391327,-0.04265632852911949,0.033623743802309036,0.012252152897417545
000985.png,000986.png,-0.22726058959960938,-0.02372303605079651,0.2571652829647064,-0.014591406099498272,0.024619460105895996,-0.04649928957223892
000986.png,000987.png,-0.2564249336719513,-0.043347205966711044,0.2922879755496979,-0.04451959580183029,0.0264904722571373,-0.03510135039687157
000987.png,000988.png,-0.2556891143321991,-0.04110608994960785,0.300951212644577,-0.04517538845539093,0.019454043358564377,-0.04155448079109192
000988.png,000989.png,-0.2610050141811371,-0.03401876613497734,0.29635491967201233,-0.023882020264863968,0.008465546183288097,-0.04102984443306923
000989.png,000990.png,-0.26004552841186523,-0.01613931730389595,0.28246423602104187,-0.05098593607544899,0.0017095161601901054,0.002010502852499485
000990.png,000991.png,-0.27394160628318787,-0.03181024640798569,0.252593070268631,-0.05071631446480751,-0.0014871293678879738,0.02603057771921158
000991.png,000992.png,-0.2792825400829315,-0.036004457622766495,0.23686546087265015,-0.03809972479939461,0.012224777601659298,-0.005869678221642971
000992.png,000993.png,-0.24589326977729797,-0.018970580771565437,0.1931249499320984,0.02809390425682068,0.016851499676704407,-0.03146867826581001
000993.png,000994.png,-0.24574923515319824,-0.0024616047739982605,0.18187002837657928,0.017750781029462814,0.010762150399386883,0.009525028057396412
000994.png,000995.png,-0.25324177742004395,-0.014599263668060303,0.17438971996307373,-0.0081523722037673,0.006546548567712307,0.005421328358352184
000995.png,000996.png,-0.23860248923301697,-0.014008602127432823,0.16481921076774597,-0.006888333708047867,0.011278550140559673,0.0027559520676732063
000996.png,000997.png,-0.2222161591053009,-0.020622380077838898,0.15455934405326843,-0.00955098308622837,0.023350313305854797,0.03453351929783821
000997.png,000998.png,-0.18371984362602234,-0.007716149091720581,0.10177130997180939,0.003195500932633877,0.01429643202573061,0.04588286206126213
000998.png,000999.png,-0.2010645568370819,0.005014106631278992,0.07400231063365936,-0.019468484446406364,0.008797391317784786,0.03952770307660103
000999.png,001000.png,-0.21111512184143066,0.01229962706565857,0.07172831892967224,-0.03037751093506813,0.0063735367730259895,0.03249330818653107
001000.png,001001.png,-0.2158544361591339,0.002298876643180847,0.045821662992239,-0.020658504217863083,0.016364049166440964,0.026413697749376297
001001.png,001002.png,-0.2156352698802948,-0.002654030919075012,0.023282330483198166,-0.012037682346999645,0.020113874226808548,0.04017801582813263
001002.png,001003.png,-0.16510525345802307,-0.001691192388534546,-0.018927518278360367,-0.02851814776659012,0.026713527739048004,0.030487067997455597
001003.png,001004.png,-0.11687027662992477,0.005606118589639664,0.011436805129051208,-0.04580242186784744,0.026773691177368164,0.03655528277158737
001004.png,001005.png,-0.10365497320890427,0.0027338825166225433,0.0013363882899284363,-0.016796331852674484,0.02670292928814888,0.06454847753047943
001005.png,001006.png,-0.12255344539880753,-0.0031840242445468903,-0.017243269830942154,-0.0036712409928441048,0.01578018069267273,0.06692527234554291
001006.png,001007.png,-0.1139540895819664,-0.012848809361457825,-0.030452098697423935,-0.006166047416627407,0.012946597300469875,0.05178143456578255
001007.png,001008.png,-0.11922674626111984,-0.017938852310180664,-0.012698132544755936,-0.022824149578809738,0.007230366580188274,0.03143572807312012
001008.png,001009.png,-0.11710139364004135,-0.015043038874864578,0.009395640343427658,-0.025595825165510178,-0.0014922814443707466,0.035134557634592056
001009.png,001010.png,-0.13718992471694946,0.003025263547897339,0.021846439689397812,-0.04640653356909752,0.003279726020991802,-0.0008145356550812721
001010.png,001011.png,-0.1554819643497467,0.02154521644115448,0.012318264693021774,-0.0810546875,0.007614905945956707,-0.035715438425540924
001011.png,001012.png,-0.14799576997756958,0.015501618385314941,-0.0356128066778183,-0.09866002202033997,0.023853350430727005,-0.02624676749110222
001012.png,001013.png,-0.15161070227622986,0.017398089170455933,-0.018656771630048752,-0.11575236916542053,0.021039819344878197,-0.01833907887339592
001013.png,001014.png,-0.15255430340766907,0.017465855926275253,0.005205199122428894,-0.09370379149913788,0.017590798437595367,-0.017596621066331863
001014.png,001015.png,-0.18320360779762268,0.0040018558502197266,0.05944595858454704,-0.0986340343952179,0.0037720566615462303,-0.02071414142847061
001015.png,001016.png,-0.19778093695640564,0.02231871336698532,0.05809059366583824,-0.12039124220609665,-0.003407449461519718,0.0007530143484473228
001016.png,001017.png,-0.1845390498638153,0.00514521449804306,0.025580070912837982,-0.10630041360855103,-0.0025965115055441856,-0.01046596746891737
001017.png,001018.png,-0.17854273319244385,0.00030620768666267395,0.016035377979278564,-0.11292209476232529,0.005805781111121178,0.007761807180941105
001018.png,001019.png,-0.17563742399215698,-0.00814627856016159,0.003908053040504456,-0.11958818137645721,0.003848697990179062,-0.017923101782798767
001019.png,001020.png,-0.17214083671569824,-0.0005353428423404694,0.03184783458709717,-0.10937336087226868,-0.0028176242485642433,0.002205044962465763
001020.png,001021.png,-0.1853419840335846,-0.0074306875467300415,0.044986870139837265,-0.11756980419158936,-0.0123508395627141,0.020250733941793442
001021.png,001022.png,-0.22002121806144714,-0.019233951345086098,0.053119901567697525,-0.12386472523212433,-0.002283274196088314,0.01625829190015793
001022.png,001023.png,-0.2555865943431854,-0.017020374536514282,0.07180464267730713,-0.12456206232309341,-0.012334239669144154,0.017128989100456238
001023.png,001024.png,-0.2672812044620514,-0.013054143637418747,0.08332960307598114,-0.13591594994068146,-0.019727706909179688,0.022302664816379547
001024.png,001025.png,-0.27266713976860046,-0.009283892810344696,0.09973698854446411,-0.14655901491641998,-0.018815547227859497,0.01210149098187685
001025.png,001026.png,-0.2667975127696991,-0.00430704653263092,0.11568871140480042,-0.15442906320095062,-0.012579952366650105,0.004943442530930042
001026.png,001027.png,-0.2600371539592743,-0.011139344424009323,0.1237410306930542,-0.1513126939535141,-0.007721339352428913,-0.0066303713247179985
001027.png,001028.png,-0.23037299513816833,-0.015487225726246834,0.11475549638271332,-0.1358771175146103,-0.004593455232679844,-0.009213312529027462
001028.png,001029.png,-0.23633310198783875,-0.017910895869135857,0.1222335547208786,-0.12607982754707336,0.0016689812764525414,-1.778826117515564e-07
001029.png,001030.png,-0.2438398003578186,-0.014017019420862198,0.13872385025024414,-0.11705809086561203,-0.0009391689673066139,0.012853757478296757
001030.png,001031.png,-0.25064781308174133,-0.017763568088412285,0.12354488670825958,-0.11840616911649704,0.00049555953592062,0.013136510737240314
001031.png,001032.png,-0.2016671597957611,-0.02836947701871395,0.06613986194133759,-0.11250488460063934,-0.0041745500639081,0.05220339819788933
001032.png,001033.png,-0.160235196352005,-0.02840428054332733,0.043364036828279495,-0.10495887696743011,-0.013102971948683262,0.0817037895321846
001033.png,001034.png,-0.14706972241401672,-0.03751349076628685,0.0030394606292247772,-0.11921057105064392,-0.024167228490114212,0.08354778587818146
001034.png,001035.png,-0.15407252311706543,-0.023389380425214767,0.022970382124185562,-0.11709567904472351,-0.012319141067564487,0.04894493147730827
001035.png,001036.png,-0.12537744641304016,-0.06298423558473587,0.01812552660703659,-0.09678355604410172,0.0015975376591086388,0.08635038137435913
001036.png,001037.png,-0.1780368685722351,-0.0427214615046978,-0.001568436622619629,-0.1296820044517517,0.0037430403754115105,0.021539386361837387
001037.png,001038.png,-0.21208098530769348,-0.03777802735567093,-0.020053356885910034,-0.11858779937028885,-0.0034583518281579018,0.030720606446266174
001038.png,001039.png,-0.19529137015342712,-0.034272629767656326,-0.004590533673763275,-0.0680961012840271,-0.014080964960157871,0.08328576385974884
001039.png,001040.png,-0.2163538634777069,-0.018628228455781937,0.05419878289103508,-0.11264057457447052,-0.017937980592250824,0.02604023739695549
001040.png,001041.png,-0.17453733086585999,0.01829245686531067,0.0087195485830307,-0.07378287613391876,0.008298776112496853,0.029453188180923462
001041.png,001042.png,-0.18755480647087097,-0.02688269503414631,0.032433897256851196,-0.05019579455256462,-0.0008794078603386879,0.08835548162460327
001042.png,001043.png,-0.16485252976417542,-0.05788828805088997,0.05470460280776024,-0.06407482922077179,0.018103402107954025,0.10822464525699615
001043.png,001044.png,-0.2298121154308319,-0.04257229343056679,0.025774963200092316,-0.11312978714704514,0.017126359045505524,0.026296451687812805
001044.png,001045.png,-0.17578920722007751,-0.00921626016497612,-0.02130458876490593,-0.12409935146570206,-0.008493413217365742,0.03175093233585358
001045.png,001046.png,-0.1485562026500702,-0.00604286789894104,-0.003703676164150238,-0.13485465943813324,0.007781158201396465,0.020041771233081818
001046.png,001047.png,-0.14441189169883728,-0.01135488972067833,-0.012306209653615952,-0.1477564126253128,-0.012962865643203259,0.013605433516204357
001047.png,001048.png,-0.15538224577903748,-0.026897486299276352,-0.0244268961250782,-0.10928068310022354,-0.0026972535997629166,0.03040514886379242
001048.png,001049.png,-0.18062931299209595,-0.051059216260910034,-0.07412531971931458,-0.1198229044675827,0.005012838635593653,0.020743053406476974
001049.png,001050.png,-0.1669246256351471,-0.050073884427547455,-0.09119491279125214,-0.10577021539211273,-0.0006300592795014381,0.059250667691230774
001050.png,001051.png,-0.16477805376052856,-0.059971943497657776,-0.034090954810380936,-0.059753768146038055,0.007526956498622894,0.02833613008260727
001051.png,001052.png,-0.18761548399925232,-0.05051945894956589,-0.04150601103901863,-0.11108898371458054,-0.004417371936142445,0.006281121633946896
001052.png,001053.png,-0.20159968733787537,-0.0327892042696476,-0.0355115570127964,-0.13487616181373596,0.006955249235033989,-0.04081015661358833
001053.png,001054.png,-0.16768881678581238,-0.026528889313340187,-0.018064774572849274,-0.14804965257644653,0.014876211993396282,-0.021058160811662674
001054.png,001055.png,-0.14752528071403503,-0.031196357682347298,-0.009929057210683823,-0.1783309131860733,0.01859023980796337,0.024470005184412003
001055.png,001056.png,-0.18783053755760193,-0.03552629053592682,0.017674431204795837,-0.17859593033790588,0.013582143932580948,0.0024000974372029305
001056.png,001057.png,-0.19867995381355286,-0.024439267814159393,0.018048960715532303,-0.15558309853076935,-0.0007772203534841537,-0.0033550849184393883
001057.png,001058.png,-0.21503672003746033,-0.03467497229576111,0.007640428841114044,-0.12884731590747833,-0.0010606516152620316,-0.02804272621870041
001058.png,001059.png,-0.21586045622825623,-0.033553775399923325,-0.0004597865045070648,-0.14005088806152344,0.0011260798200964928,-0.06404650956392288
001059.png,001060.png,-0.2193833291530609,-0.03416092321276665,0.022884834557771683,-0.15984006226062775,-0.001337534748017788,-0.04785764217376709
001060.png,001061.png,-0.2307451069355011,-0.03272313252091408,0.0690293163061142,-0.14867641031742096,0.003824668936431408,-0.028764866292476654
001061.png,001062.png,-0.23228076100349426,-0.026530621573328972,0.07968653738498688,-0.1177230253815651,0.010114655829966068,-0.044029995799064636
001062.png,001063.png,-0.2248838245868683,-0.008405089378356934,0.07179614901542664,-0.07449261099100113,0.008399124257266521,-0.047659654170274734
001063.png,001064.png,-0.21755805611610413,0.004968017339706421,0.023386862128973007,-0.08920469880104065,-0.004423697479069233,-0.08643922209739685
001064.png,001065.png,-0.2195638120174408,1.5582889318466187e-05,0.04274012893438339,-0.0945146381855011,0.003198605962097645,-0.06786927580833435
001065.png,001066.png,-0.23479992151260376,0.009539633989334106,0.03796406462788582,-0.10979591310024261,0.005803271196782589,-0.07674596458673477
001066.png,001067.png,-0.2015969455242157,0.007489152252674103,0.015593666583299637,-0.07931404560804367,0.011182661168277264,-0.06225910410284996
001067.png,001068.png,-0.17419496178627014,0.019641093909740448,0.0033664852380752563,-0.033815912902355194,-0.007147182710468769,-0.07818766683340073
001068.png,001069.png,-0.1649450659751892,0.014336518943309784,-0.016166143119335175,-0.027738861739635468,-0.004723883233964443,-0.026408862322568893
001069.png,001070.png,-0.14611420035362244,0.013209179043769836,0.013652510941028595,-0.04392758384346962,0.0033921031281352043,-0.002102530561387539
001070.png,001071.png,-0.1401115357875824,0.01668834313750267,0.03745837137103081,-0.028738632798194885,0.024618174880743027,-0.022543612867593765
001071.png,001072.png,-0.10345212370157242,0.03510782867670059,0.06123102083802223,0.014511213637888432,0.019334223121404648,-0.062475401908159256
001072.png,001073.png,-0.13342508673667908,0.031015701591968536,0.029139090329408646,-0.01110104937106371,0.026867393404245377,-0.049225352704524994
001073.png,001074.png,-0.16071921586990356,0.03575257956981659,0.02453547716140747,-0.035730332136154175,0.0158328115940094,-0.02422618493437767
001074.png,001075.png,-0.1787416636943817,0.022478260099887848,0.06222488358616829,-0.021510116755962372,0.020577579736709595,-0.022510629147291183
001075.png,001076.png,-0.1602466106414795,0.004003062844276428,0.06252831220626831,0.014365104027092457,0.042943425476551056,-0.05919383838772774
001076.png,001077.png,-0.19432297348976135,-0.00918632373213768,0.04560301825404167,0.011183635331690311,0.05096937716007233,-0.058667656034231186
001077.png,001078.png,-0.1515561044216156,0.003968946635723114,0.08548460900783539,-0.037554387003183365,0.03331874683499336,0.01721840351819992
001078.png,001079.png,-0.19097203016281128,-0.009395219385623932,0.1448848992586136,-0.05661965161561966,0.04221520572900772,0.018651463091373444
001079.png,001080.png,-0.1357380747795105,0.009930871427059174,0.16689425706863403,-0.06615051627159119,0.051595538854599,-0.02376534417271614
001080.png,001081.png,-0.08567037433385849,-0.0041494667530059814,0.08696155250072479,-0.0350668840110302,0.07321912795305252,-0.0029413169249892235
001081.png,001082.png,-0.09284063428640366,-0.018295476213097572,0.1281369924545288,-0.07149071246385574,0.07725918292999268,-0.05874979868531227
001082.png,001083.png,-0.0698353573679924,-0.0007994100451469421,0.11088952422142029,-0.08461858332157135,0.04788799583911896,-0.00481827650219202
001083.png,001084.png,0.00356331467628479,0.00745803490281105,0.05718270316720009,-0.07754755765199661,0.04994875192642212,0.039935268461704254
001084.png,001085.png,0.05667179077863693,-0.005719281733036041,0.03236652538180351,-0.05621185898780823,0.04463626444339752,-0.006006746552884579
001085.png,001086.png,0.028103172779083252,0.0019782185554504395,0.05586357042193413,-0.028361573815345764,0.035197462886571884,0.016305290162563324
001086.png,001087.png,0.0035130754113197327,-0.0010966509580612183,0.040829598903656006,-0.006172822788357735,0.030723530799150467,0.04987804964184761
001087.png,001088.png,-0.015895716845989227,-0.0005226247012615204,0.038135528564453125,-0.009979919530451298,0.0189236830919981,0.049928296357393265
001088.png,001089.png,-0.0266348198056221,-0.02027718536555767,0.02136470377445221,-0.01164387259632349,0.017567254602909088,0.04413480684161186
001089.png,001090.png,-0.023129813373088837,-0.013935115188360214,0.047406356781721115,-0.08408351242542267,0.014759190380573273,0.04992982745170593
001090.png,001091.png,-0.05257221311330795,-0.015276670455932617,0.10174117982387543,-0.13931407034397125,0.019431650638580322,0.013101651333272457
001091.png,001092.png,-0.05134852975606918,-0.04102611541748047,0.07929402589797974,-0.11305990070104599,0.02326999604701996,0.01918986439704895
001092.png,001093.png,-0.06800303608179092,-0.05883012339472771,0.08792583644390106,-0.11262449622154236,0.020162910223007202,0.02538979798555374
001093.png,001094.png,-0.08427023142576218,-0.06367479264736176,0.08165255188941956,-0.09632249176502228,0.01985001191496849,0.020445436239242554
001094.png,001095.png,-0.09620101004838943,-0.059484660625457764,0.08096872270107269,-0.08602961897850037,0.01701674610376358,0.005330883897840977
001095.png,001096.png,-0.108211450278759,-0.05447927862405777,0.07670402526855469,-0.09485252946615219,0.010406318120658398,0.011437111534178257
001096.png,001097.png,-0.12973055243492126,-0.03755977004766464,0.06198863312602043,-0.09717650711536407,0.009453804232180119,0.008985019288957119
001097.png,001098.png,-0.14033779501914978,-0.028915828093886375,0.05392487719655037,-0.10500995814800262,0.008259241469204426,0.02413998916745186
001098.png,001099.png,-0.15405160188674927,-0.02263542450964451,0.05016205832362175,-0.11810608208179474,0.0032687941566109657,0.04114590585231781
001099.png,001100.png,-0.17105251550674438,-0.016055075451731682,0.05144989863038063,-0.12227390706539154,0.0019217384979128838,0.04738897085189819
