frame_a,frame_b,tx,ty,tz,rx,ry,rz
frame_000000.png,frame_000001.png,0.18617525696754456,-0.00983397290110588,0.03304029628634453,-0.03423246368765831,0.008248566649854183,0.0008270656690001488
frame_000001.png,frame_000002.png,0.24809983372688293,0.013940740376710892,0.0586613304913044,-0.04963310435414314,0.008333875797688961,0.005885590799152851
frame_000002.png,frame_000003.png,0.28139424324035645,0.02662842720746994,0.06913217902183533,-0.05451960489153862,0.010424583218991756,0.012742065824568272
frame_000003.png,frame_000004.png,0.294350802898407,0.03052518516778946,0.07313619554042816,-0.0548742339015007,0.013247787021100521,0.02336052805185318
frame_000004.png,frame_000005.png,0.29821979999542236,0.029303885996341705,0.07875053584575653,-0.05177818611264229,0.01625264808535576,0.03226626664400101
frame_000005.png,frame_000006.png,0.29381322860717773,0.025210686028003693,0.08517538011074066,-0.04834683611989021,0.019070491194725037,0.0420118011534214
frame_000006.png,frame_000007.png,0.28703588247299194,0.018599938601255417,0.09387055039405823,-0.043528322130441666,0.02199622616171837,0.0504629909992218
frame_000007.png,frame_000008.png,0.27767905592918396,0.01097281277179718,0.10673819482326508,-0.04071015119552612,0.023977525532245636,0.0579678937792778
frame_000008.png,frame_000009.png,0.2690978944301605,0.004380382597446442,0.11900052428245544,-0.038400884717702866,0.025132786482572556,0.06218823790550232
frame_000009.png,frame_000010.png,0.26232314109802246,-0.0007975399494171143,0.13043725490570068,-0.0369296558201313,0.026966169476509094,0.06459149718284607
frame_000010.png,frame_000011.png,0.25835415720939636,-0.005612876266241074,0.13849452137947083,-0.036103297024965286,0.029023677110671997,0.06775888800621033
frame_000011.png,frame_000012.png,0.25491610169410706,-0.0107620470225811,0.1479489654302597,-0.03487127646803856,0.030464649200439453,0.07103103399276733
frame_000012.png,frame_000013.png,0.25314587354660034,-0.015023188665509224,0.16186705231666565,-0.03370911628007889,0.03193310275673866,0.07480862736701965
frame_000013.png,frame_000014.png,0.25036895275115967,-0.01809323951601982,0.17122000455856323,-0.032799649983644485,0.033179156482219696,0.07925178855657578
frame_000014.png,frame_000015.png,0.24518141150474548,-0.019223317503929138,0.1786576807498932,-0.03089044988155365,0.03403276577591896,0.08213049173355103
frame_000015.png,frame_000016.png,0.24068337678909302,-0.019352072849869728,0.18378324806690216,-0.028050590306520462,0.03557028993964195,0.08317403495311737
frame_000016.png,frame_000017.png,0.23384901881217957,-0.019008424133062363,0.19131451845169067,-0.02446332946419716,0.03670927882194519,0.0834696814417839
frame_000017.png,frame_000018.png,0.22535055875778198,-0.018449893221259117,0.19668929278850555,-0.020348306745290756,0.03637809306383133,0.08361503481864929
frame_000018.png,frame_000019.png,0.2193392515182495,-0.017022360116243362,0.19749078154563904,-0.016275599598884583,0.03591127693653107,0.08209273219108582
frame_000019.png,frame_000020.png,0.21404707431793213,-0.015116944909095764,0.19762061536312103,-0.012300844304263592,0.03571562469005585,0.08052141964435577
frame_000020.png,frame_000021.png,0.2063066065311432,-0.013140566647052765,0.19751761853694916,-0.01077976543456316,0.0340888686478138,0.07901342213153839
frame_000021.png,frame_000022.png,0.19927877187728882,-0.01081947609782219,0.19599688053131104,-0.01222241297364235,0.03437972441315651,0.07625604420900345
frame_000022.png,frame_000023.png,0.19232217967510223,-0.007857751101255417,0.19426634907722473,-0.01243595127016306,0.03545020520687103,0.07468652725219727
frame_000023.png,frame_000024.png,0.18412064015865326,-0.005230363458395004,0.20048505067825317,-0.009601364843547344,0.035218216478824615,0.07743171602487564
frame_000024.png,frame_000025.png,0.1829858422279358,-0.0014751777052879333,0.20834878087043762,-0.008321155793964863,0.03555919975042343,0.0807943195104599
frame_000025.png,frame_000026.png,0.18757960200309753,0.0052242279052734375,0.2076251357793808,-0.008282401598989964,0.035622794181108475,0.08527614176273346
frame_000026.png,frame_000027.png,0.19357576966285706,0.012078393250703812,0.19905796647071838,-0.008090770803391933,0.032070059329271317,0.08380438387393951
frame_000027.png,frame_000028.png,0.20040911436080933,0.019702885299921036,0.18591782450675964,-0.006413453258574009,0.02605556696653366,0.08196915686130524
frame_000028.png,frame_000029.png,0.20496141910552979,0.027184411883354187,0.1729004979133606,-0.005313134752213955,0.021350018680095673,0.08012767136096954
frame_000029.png,frame_000030.png,0.20532441139221191,0.0336185097694397,0.15694083273410797,-0.00444748904556036,0.015773743391036987,0.07612890750169754
frame_000030.png,frame_000031.png,0.20325781404972076,0.04260563850402832,0.1392604410648346,-0.0026549426838755608,0.008780564181506634,0.07004041969776154
frame_000031.png,frame_000032.png,0.197072371840477,0.0530901700258255,0.12242230772972107,-0.0021957745775580406,0.002141977660357952,0.0583275705575943
frame_000032.png,frame_000033.png,0.1901712864637375,0.06042349338531494,0.11333689093589783,0.0004321681335568428,-0.002184092067182064,0.04915780574083328
frame_000033.png,frame_000034.png,0.18355867266654968,0.06308613717556,0.11223962903022766,0.0025639431551098824,-0.0035958951339125633,0.044362254440784454
frame_000034.png,frame_000035.png,0.17863184213638306,0.06356741487979889,0.11215794086456299,0.004157901741564274,-0.004390387795865536,0.040355950593948364
frame_000035.png,frame_000036.png,0.17994871735572815,0.06126406043767929,0.10977624356746674,0.005942602641880512,-0.004810151644051075,0.030590761452913284
frame_000036.png,frame_000037.png,0.18434017896652222,0.05711229145526886,0.10231827199459076,0.00911716278642416,-0.005106532014906406,0.02335532382130623
frame_000037.png,frame_000038.png,0.19342869520187378,0.05415622889995575,0.09084007143974304,0.014314922504127026,-0.004162470810115337,0.015124131925404072
frame_000038.png,frame_000039.png,0.2006722092628479,0.05219201743602753,0.07528510689735413,0.021144509315490723,-0.0025259340181946754,0.007522531785070896
frame_000039.png,frame_000040.png,0.2029140293598175,0.04939925670623779,0.0596809946000576,0.026916097849607468,-0.0007788576185703278,0.0002704272046685219
frame_000040.png,frame_000041.png,0.20785363018512726,0.046147070825099945,0.04888166859745979,0.027388058602809906,0.0009136134758591652,-0.004169507883489132
frame_000041.png,frame_000042.png,0.2092295140028,0.04030127823352814,0.046067263931035995,0.027960769832134247,0.003440864384174347,-0.005866578780114651
frame_000042.png,frame_000043.png,0.2146620750427246,0.03142789006233215,0.03955169394612312,0.02658095210790634,0.006483721546828747,-0.0013009672984480858
frame_000043.png,frame_000044.png,0.21690770983695984,0.022899799048900604,0.03711923584342003,0.02221207693219185,0.010434449650347233,0.0034880870953202248
frame_000044.png,frame_000045.png,0.22765955328941345,0.01787082850933075,0.04325104132294655,0.015638474375009537,0.013144937343895435,0.012105264700949192
frame_000045.png,frame_000046.png,0.25146549940109253,0.017054088413715363,0.05865607038140297,0.010312064550817013,0.016512978821992874,0.021918408572673798
frame_000046.png,frame_000047.png,0.2711566090583801,0.011599548161029816,0.06700178980827332,0.003239472396671772,0.021731335669755936,0.028650537133216858
frame_000047.png,frame_000048.png,0.28545480966567993,0.010727904736995697,0.07800137996673584,-0.0011058179661631584,0.024836618453264236,0.029030025005340576
frame_000048.png,frame_000049.png,0.2928524613380432,0.009272582828998566,0.0824781060218811,-0.008536881767213345,0.02516014128923416,0.027651522308588028
frame_000049.png,frame_000050.png,0.3018672466278076,0.010073885321617126,0.0835067629814148,-0.012458882294595242,0.02608456462621689,0.02444569766521454
frame_000050.png,frame_000051.png,0.3080720901489258,0.013538602739572525,0.08413581550121307,-0.016860757023096085,0.025550682097673416,0.01797747239470482
frame_000051.png,frame_000052.png,0.3105892837047577,0.017626628279685974,0.08717706799507141,-0.022817738354206085,0.025066696107387543,0.011901983059942722
frame_000052.png,frame_000053.png,0.31305474042892456,0.019624434411525726,0.08996005356311798,-0.029063817113637924,0.0236629918217659,0.006413762457668781
frame_000053.png,frame_000054.png,0.3145042061805725,0.020853154361248016,0.0880928784608841,-0.03300799801945686,0.022184297442436218,-3.22144478559494e-06
frame_000054.png,frame_000055.png,0.3161269426345825,0.021979980170726776,0.08750922977924347,-0.03620152920484543,0.021306168287992477,-0.009876296855509281
frame_000055.png,frame_000056.png,0.316426545381546,0.022371090948581696,0.09064941108226776,-0.036814894527196884,0.016371991485357285,-0.02524024248123169
frame_000056.png,frame_000057.png,0.3104085326194763,0.025377891957759857,0.09239490330219269,-0.039370983839035034,0.007086939178407192,-0.04088295251131058
frame_000057.png,frame_000058.png,0.30774739384651184,0.03027184307575226,0.0929364562034607,-0.03761414438486099,-0.0030359523370862007,-0.05694819614291191
frame_000058.png,frame_000059.png,0.3034767508506775,0.036093294620513916,0.09496058523654938,-0.03617578372359276,-0.011136372573673725,-0.07000155001878738
frame_000059.png,frame_000060.png,0.2989003360271454,0.040058545768260956,0.09724116325378418,-0.038715723901987076,-0.017396006733179092,-0.07830718159675598
frame_000060.png,frame_000061.png,0.2978752851486206,0.046283915638923645,0.09906260669231415,-0.041050687432289124,-0.02311038225889206,-0.08260449767112732
frame_000061.png,frame_000062.png,0.3017634153366089,0.0523446723818779,0.09758168458938599,-0.04143719747662544,-0.026072345674037933,-0.08523137867450714
frame_000062.png,frame_000063.png,0.30491042137145996,0.05672968178987503,0.0931636393070221,-0.04183496534824371,-0.027540791779756546,-0.08661656081676483
frame_000063.png,frame_000064.png,0.30623501539230347,0.06017652899026871,0.08903761208057404,-0.0432722344994545,-0.027805708348751068,-0.08758251368999481
frame_000064.png,frame_000065.png,0.3063124418258667,0.0636640191078186,0.08612659573554993,-0.04598964750766754,-0.02584359422326088,-0.08939319103956223
frame_000065.png,frame_000066.png,0.3094600737094879,0.06987682729959488,0.08164100348949432,-0.04556778073310852,-0.025166019797325134,-0.09393718838691711
frame_000066.png,frame_000067.png,0.3121248185634613,0.0737285241484642,0.07759761810302734,-0.0488254688680172,-0.024020161479711533,-0.08896691352128983
frame_000067.png,frame_000068.png,0.31067097187042236,0.07711642235517502,0.08178052306175232,-0.05532286688685417,-0.021822266280651093,-0.07883015275001526
frame_000068.png,frame_000069.png,0.30829501152038574,0.08541876822710037,0.0831894725561142,-0.053004924207925797,-0.020036637783050537,-0.06764279305934906
frame_000069.png,frame_000070.png,0.31605198979377747,0.09939112514257431,0.06527560949325562,-0.04456416517496109,-0.019046347588300705,-0.05833283066749573
frame_000070.png,frame_000071.png,0.332986444234848,0.11158110946416855,0.036613333970308304,-0.031009748578071594,-0.019737374037504196,-0.052487026900053024
frame_000071.png,frame_000072.png,0.35263633728027344,0.1195339635014534,0.010490518063306808,-0.01788685843348503,-0.018910802900791168,-0.04735831543803215
frame_000072.png,frame_000073.png,0.37344226241111755,0.12330500036478043,-0.008720826357603073,-0.009616470895707607,-0.01763153448700905,-0.03724287450313568
frame_000073.png,frame_000074.png,0.3862941861152649,0.12253864854574203,-0.022574666887521744,-0.014137147925794125,-0.016375500708818436,-0.02528797835111618
frame_000074.png,frame_000075.png,0.38653889298439026,0.12140936404466629,-0.03333570063114166,-0.021965976804494858,-0.014327381737530231,-0.015453883446753025
frame_000075.png,frame_000076.png,0.37389853596687317,0.12427697330713272,-0.03498448058962822,-0.027055490761995316,-0.010435829870402813,-0.004252864979207516
frame_000076.png,frame_000077.png,0.36217641830444336,0.12961363792419434,-0.028332818299531937,-0.030504129827022552,-0.005532878451049328,0.006848880089819431
frame_000077.png,frame_000078.png,0.36759451031684875,0.13330748677253723,-0.019522789865732193,-0.037729669362306595,0.0021567540243268013,0.01433758158236742
frame_000078.png,frame_000079.png,0.3689880073070526,0.13702765107154846,-0.0032172203063964844,-0.04734078049659729,0.0068431636318564415,0.014415654353797436
frame_000079.png,frame_000080.png,0.36378249526023865,0.13827484846115112,0.014832433313131332,-0.06138710305094719,0.008317328058183193,0.019628077745437622
frame_000080.png,frame_000081.png,0.3552000820636749,0.13868513703346252,0.031837835907936096,-0.07282987982034683,0.004627889953553677,0.02803792804479599
frame_000081.png,frame_000082.png,0.3363059461116791,0.13910016417503357,0.06422394514083862,-0.070098876953125,0.001944056712090969,0.03592728450894356
frame_000082.png,frame_000083.png,0.30937331914901733,0.1246829405426979,0.10257987678050995,-0.06675412505865097,0.00029285158962011337,0.03962738811969757
frame_000083.png,frame_000084.png,0.2891915738582611,0.1123013123869896,0.10966332256793976,-0.0546315461397171,-0.002915085293352604,0.040379785001277924
frame_000084.png,frame_000085.png,0.27377578616142273,0.10814609378576279,0.10762941837310791,-0.03964750096201897,-0.01116365846246481,0.04315365105867386
frame_000085.png,frame_000086.png,0.2654120922088623,0.10786829143762589,0.11265863478183746,-0.02344561740756035,-0.02081487327814102,0.04980829358100891
frame_000086.png,frame_000087.png,0.2665175795555115,0.11296892911195755,0.10194438695907593,-0.014993890188634396,-0.029655665159225464,0.0525154173374176
frame_000087.png,frame_000088.png,0.27727264165878296,0.12238272279500961,0.07517464458942413,-0.012113506905734539,-0.03410947695374489,0.05501280725002289
frame_000088.png,frame_000089.png,0.28523409366607666,0.12743479013442993,0.04721065238118172,-0.014796986244618893,-0.03371896222233772,0.05889502912759781
frame_000089.png,frame_000090.png,0.2928692698478699,0.1297156810760498,0.021361667662858963,-0.019147224724292755,-0.030212245881557465,0.0612606555223465
frame_000090.png,frame_000091.png,0.294018417596817,0.12984639406204224,0.007830329239368439,-0.028949681669473648,-0.025690220296382904,0.0607793927192688
frame_000091.png,frame_000092.png,0.29366233944892883,0.131709486246109,0.003519095480442047,-0.042429883033037186,-0.021112050861120224,0.05220196768641472
frame_000092.png,frame_000093.png,0.28966665267944336,0.1335490345954895,0.004009738564491272,-0.052146293222904205,-0.015678729861974716,0.041807033121585846
frame_000093.png,frame_000094.png,0.2926639914512634,0.13886228203773499,0.002828415483236313,-0.05585446208715439,-0.008345619775354862,0.033829376101493835
frame_000094.png,frame_000095.png,0.2940096855163574,0.14402878284454346,0.009236995130777359,-0.062162332236766815,-0.002106531523168087,0.029135454446077347
frame_000095.png,frame_000096.png,0.28993406891822815,0.14250242710113525,0.023177620023489,-0.0662783533334732,0.0005373293533921242,0.02618502825498581
frame_000096.png,frame_000097.png,0.29672563076019287,0.13584357500076294,0.017038244754076004,-0.06567524373531342,0.0019146082922816277,0.0262228362262249
frame_000097.png,frame_000098.png,0.30833834409713745,0.1260312795639038,-0.0026446450501680374,-0.06308776140213013,-0.001255338080227375,0.02541922777891159
frame_000098.png,frame_000099.png,0.3156875967979431,0.11658529192209244,-0.015414637513458729,-0.058815158903598785,-0.0054818252101540565,0.025556549429893494
frame_000099.png,frame_000100.png,0.3224599361419678,0.10884598642587662,-0.027072295546531677,-0.05826347693800926,-0.010153927840292454,0.024899832904338837
frame_000100.png,frame_000101.png,0.32453811168670654,0.10529366880655289,-0.03513526916503906,-0.05602011829614639,-0.011832167394459248,0.024120818823575974
frame_000101.png,frame_000102.png,0.327028751373291,0.10248347371816635,-0.03390699625015259,-0.052361853420734406,-0.012103416956961155,0.024791676551103592
frame_000102.png,frame_000103.png,0.3284403383731842,0.10160934180021286,-0.02890344336628914,-0.04857819899916649,-0.0102066146209836,0.027370739728212357
frame_000103.png,frame_000104.png,0.32478830218315125,0.10120440274477005,-0.02077939733862877,-0.046029940247535706,-0.008929167874157429,0.030737154185771942
frame_000104.png,frame_000105.png,0.32038527727127075,0.10151604562997818,-0.009750415571033955,-0.04610077291727066,-0.005739037878811359,0.034289777278900146
frame_000105.png,frame_000106.png,0.31880760192871094,0.10190457850694656,-0.001913171261548996,-0.047795116901397705,-0.0016128802672028542,0.037805862724781036
frame_000106.png,frame_000107.png,0.31778913736343384,0.10128197818994522,0.007322883233428001,-0.05258186161518097,0.004044852219521999,0.041504036635160446
frame_000107.png,frame_000108.png,0.31987205147743225,0.09857090562582016,0.008973771706223488,-0.05820320546627045,0.00709208007901907,0.04486317187547684
frame_000108.png,frame_000109.png,0.31544625759124756,0.09376461058855057,0.012973211705684662,-0.06396091729402542,0.009378514252603054,0.05224858224391937
frame_000109.png,frame_000110.png,0.30889010429382324,0.08803265541791916,0.016901999711990356,-0.06643815338611603,0.009000725112855434,0.05609305202960968
frame_000110.png,frame_000111.png,0.2984338402748108,0.08142021298408508,0.022805064916610718,-0.06800459325313568,0.01245948951691389,0.06092393398284912
frame_000111.png,frame_000112.png,0.28724434971809387,0.07699711620807648,0.025896485894918442,-0.06755448877811432,0.014024454168975353,0.06292036175727844
frame_000112.png,frame_000113.png,0.27557143568992615,0.0740848109126091,0.03265068680047989,-0.06774534285068512,0.015758167952299118,0.06689354032278061
frame_000113.png,frame_000114.png,0.26472270488739014,0.07082223892211914,0.04134836792945862,-0.06600309163331985,0.019088830798864365,0.07175828516483307
frame_000114.png,frame_000115.png,0.2556989789009094,0.0672626867890358,0.04929400607943535,-0.06463345140218735,0.020559683442115784,0.07990694791078568
frame_000115.png,frame_000116.png,0.2449151873588562,0.063869409263134,0.06045697256922722,-0.06199045479297638,0.022172171622514725,0.08010411262512207
frame_000116.png,frame_000117.png,0.23515358567237854,0.05946676433086395,0.06748281419277191,-0.060291044414043427,0.023054059594869614,0.07659769058227539
frame_000117.png,frame_000118.png,0.22873368859291077,0.05588672310113907,0.06930457055568695,-0.05711662396788597,0.024196598678827286,0.07489678263664246
frame_000118.png,frame_000119.png,0.2220083475112915,0.05286208540201187,0.06773792207241058,-0.0521426796913147,0.024370543658733368,0.07439854741096497
frame_000119.png,frame_000120.png,0.2149493396282196,0.052901558578014374,0.06546354293823242,-0.047169506549835205,0.02351408824324608,0.06870044767856598
frame_000120.png,frame_000121.png,0.20810481905937195,0.056297264993190765,0.06886634230613708,-0.04249757528305054,0.023480340838432312,0.06083949655294418
frame_000121.png,frame_000122.png,0.20362186431884766,0.058848731219768524,0.069134920835495,-0.0400044247508049,0.022659972310066223,0.05802924185991287
frame_000122.png,frame_000123.png,0.20095455646514893,0.06356822699308395,0.07673564553260803,-0.03859313204884529,0.022421982139348984,0.053029581904411316
frame_000123.png,frame_000124.png,0.1964619904756546,0.06870759278535843,0.0896817296743393,-0.03841409832239151,0.02069910615682602,0.04862800985574722
frame_000124.png,frame_000125.png,0.19242343306541443,0.07464587688446045,0.10130220651626587,-0.03868601471185684,0.0196567140519619,0.043076276779174805
frame_000125.png,frame_000126.png,0.19091176986694336,0.07995399087667465,0.10890014469623566,-0.035745441913604736,0.018755819648504257,0.037100136280059814
frame_000126.png,frame_000127.png,0.1880592405796051,0.08620167523622513,0.11369550228118896,-0.031223315745592117,0.017676427960395813,0.029132213443517685
frame_000127.png,frame_000128.png,0.1838439702987671,0.09195262938737869,0.12026044726371765,-0.02687082067131996,0.01581212319433689,0.019290775060653687
frame_000128.png,frame_000129.png,0.183005690574646,0.09666509181261063,0.12021055817604065,-0.024772748351097107,0.014377953484654427,0.016890667378902435
frame_000129.png,frame_000130.png,0.1859252154827118,0.0995897576212883,0.11736075580120087,-0.02193514257669449,0.013723853975534439,0.01646484062075615
frame_000130.png,frame_000131.png,0.18953865766525269,0.1012016162276268,0.11368051171302795,-0.0198964923620224,0.012757844291627407,0.01966095343232155
frame_000131.png,frame_000132.png,0.18946588039398193,0.10277958959341049,0.10778938233852386,-0.021263543516397476,0.010711976327002048,0.02034894749522209
frame_000132.png,frame_000133.png,0.1892368197441101,0.10094239562749863,0.09325107932090759,-0.02559083327651024,0.011429743841290474,0.024628393352031708
frame_000133.png,frame_000134.png,0.17465293407440186,0.10060492902994156,0.0874428004026413,-0.030690740793943405,0.007897407747805119,0.019900605082511902
frame_000134.png,frame_000135.png,0.16034477949142456,0.09855300933122635,0.0882711112499237,-0.03905835002660751,0.0037631476297974586,0.0196298286318779
frame_000135.png,frame_000136.png,0.14463919401168823,0.09293771535158157,0.09120294451713562,-0.04975253343582153,0.0006117774173617363,0.017985202372074127
frame_000136.png,frame_000137.png,0.13390196859836578,0.0862206295132637,0.09538078308105469,-0.0573471374809742,-0.001984016038477421,0.017075758427381516
frame_000137.png,frame_000138.png,0.12792909145355225,0.07512683421373367,0.09729021787643433,-0.06257952749729156,-0.002733207307755947,0.013179701752960682
frame_000138.png,frame_000139.png,0.1250568926334381,0.06244900822639465,0.10064950585365295,-0.06819924712181091,-0.003123149275779724,0.006444708444178104
frame_000139.png,frame_000140.png,0.12352241575717926,0.05076773464679718,0.10238787531852722,-0.07498887181282043,-0.0037662694230675697,-0.00032008346170186996
frame_000140.png,frame_000141.png,0.12307766824960709,0.04210228472948074,0.10652467608451843,-0.08035598695278168,-0.004430574364960194,-0.006829141639173031
frame_000141.png,frame_000142.png,0.12521745264530182,0.03576839715242386,0.11062917113304138,-0.08432191610336304,-0.004727347753942013,-0.010979942046105862
frame_000142.png,frame_000143.png,0.12851959466934204,0.029920153319835663,0.11322107911109924,-0.08736726641654968,-0.0052067674696445465,-0.013312536291778088
frame_000143.png,frame_000144.png,0.13121795654296875,0.0277915820479393,0.11527666449546814,-0.0889236330986023,-0.007134579122066498,-0.01622971147298813
frame_000144.png,frame_000145.png,0.13849087059497833,0.026982255280017853,0.11953333020210266,-0.08773134648799896,-0.007805974222719669,-0.020865652710199356
frame_000145.png,frame_000146.png,0.1456122249364853,0.026194490492343903,0.12229731678962708,-0.08679340779781342,-0.00782471802085638,-0.02445603907108307
frame_000146.png,frame_000147.png,0.15050867199897766,0.026202388107776642,0.1266101598739624,-0.08561493456363678,-0.009051560424268246,-0.02665211260318756
frame_000147.png,frame_000148.png,0.15086671710014343,0.026270046830177307,0.12885349988937378,-0.08294857293367386,-0.008966089226305485,-0.02470078319311142
frame_000148.png,frame_000149.png,0.14924606680870056,0.027107886970043182,0.13774219155311584,-0.07981234788894653,-0.008576744236052036,-0.024659179151058197
frame_000149.png,frame_000150.png,0.14248213171958923,0.02458130568265915,0.15003016591072083,-0.07719914615154266,-0.00863767508417368,-0.024620115756988525
frame_000150.png,frame_000151.png,0.13055667281150818,0.019303251057863235,0.16234005987644196,-0.07512489706277847,-0.008763271383941174,-0.022325865924358368
frame_000151.png,frame_000152.png,0.1226593554019928,0.016526900231838226,0.16924196481704712,-0.07354442030191422,-0.008708146400749683,-0.021799974143505096
frame_000152.png,frame_000153.png,0.11496365070343018,0.016117319464683533,0.17578288912773132,-0.07247339189052582,-0.009165194816887379,-0.022214971482753754
frame_000153.png,frame_000154.png,0.1081753820180893,0.014593619853258133,0.18040022253990173,-0.07147394120693207,-0.009210077114403248,-0.020816080272197723
frame_000154.png,frame_000155.png,0.10206374526023865,0.016873784363269806,0.18591290712356567,-0.06802120804786682,-0.010465032421052456,-0.0219414085149765
frame_000155.png,frame_000156.png,0.09773524105548859,0.02143523097038269,0.18784299492835999,-0.06311804056167603,-0.012597204186022282,-0.025108322501182556
frame_000156.png,frame_000157.png,0.09673804044723511,0.027885258197784424,0.18344824016094208,-0.05716383457183838,-0.015362278558313847,-0.028635088354349136
frame_000157.png,frame_000158.png,0.09741955250501633,0.035283952951431274,0.1806611567735672,-0.053763970732688904,-0.017005600035190582,-0.03277084603905678
frame_000158.png,frame_000159.png,0.09982825815677643,0.04191038757562637,0.17605260014533997,-0.052056316286325455,-0.017564155161380768,-0.03541424870491028
frame_000159.png,frame_000160.png,0.10530872642993927,0.04836525022983551,0.17186284065246582,-0.04819299280643463,-0.018783997744321823,-0.03607574477791786
frame_000160.png,frame_000161.png,0.10843776911497116,0.05505535751581192,0.17138275504112244,-0.045476485043764114,-0.019152328372001648,-0.03773696720600128
frame_000161.png,frame_000162.png,0.1108083724975586,0.05750124156475067,0.17170247435569763,-0.0464581698179245,-0.018107272684574127,-0.03974631056189537
frame_000162.png,frame_000163.png,0.1130872294306755,0.05788931995630264,0.1697119027376175,-0.044628363102674484,-0.0163414403796196,-0.04058075323700905
frame_000163.png,frame_000164.png,0.11488600820302963,0.0556417852640152,0.16841630637645721,-0.04202887788414955,-0.016181495040655136,-0.03735076263546944
frame_000164.png,frame_000165.png,0.1167827695608139,0.05259186774492264,0.168393075466156,-0.039893388748168945,-0.015567523427307606,-0.032038815319538116
frame_000165.png,frame_000166.png,0.1214141845703125,0.0493120476603508,0.16917145252227783,-0.036543481051921844,-0.014556084759533405,-0.028935730457305908
frame_000166.png,frame_000167.png,0.12246095389127731,0.045532286167144775,0.16991110146045685,-0.03748806565999985,-0.014071316458284855,-0.02800063043832779
frame_000167.png,frame_000168.png,0.11925095319747925,0.04048965126276016,0.18063512444496155,-0.03561808913946152,-0.013050337322056293,-0.027666054666042328
frame_000168.png,frame_000169.png,0.11153635382652283,0.034692928194999695,0.1929662823677063,-0.03479595482349396,-0.013217012397944927,-0.026739157736301422
frame_000169.png,frame_000170.png,0.10349242389202118,0.027804292738437653,0.20762097835540771,-0.03245372697710991,-0.013630104251205921,-0.023748621344566345
frame_000170.png,frame_000171.png,0.09776251763105392,0.023149564862251282,0.21827860176563263,-0.03097521886229515,-0.013591325841844082,-0.021754443645477295
frame_000171.png,frame_000172.png,0.09203343093395233,0.017206132411956787,0.22547584772109985,-0.03145013749599457,-0.012298987247049809,-0.01983734220266342
frame_000172.png,frame_000173.png,0.08376342058181763,0.012312829494476318,0.22862988710403442,-0.032800111919641495,-0.010208259336650372,-0.018746115267276764
frame_000173.png,frame_000174.png,0.07091066986322403,0.007025711238384247,0.22621741890907288,-0.03403185307979584,-0.007607330568134785,-0.02017509937286377
frame_000174.png,frame_000175.png,0.05038972571492195,0.00042387470602989197,0.22011448442935944,-0.03544003516435623,-0.005372694693505764,-0.02018633484840393
frame_000175.png,frame_000176.png,0.028674252331256866,-0.00614214688539505,0.20849058032035828,-0.03717612475156784,-0.0020483853295445442,-0.020900845527648926
frame_000176.png,frame_000177.png,0.01259138435125351,-0.009481683373451233,0.19570626318454742,-0.04066663235425949,-0.0011745067313313484,-0.01973850280046463
frame_000177.png,frame_000178.png,0.008354023098945618,-0.0057772062718868256,0.18233415484428406,-0.044321008026599884,-0.002186407335102558,-0.02088998258113861
frame_000178.png,frame_000179.png,0.001241058111190796,-0.003132816404104233,0.16792061924934387,-0.049793194979429245,-0.0031188027933239937,-0.024364076554775238
frame_000179.png,frame_000180.png,-0.0031660273671150208,0.0020331144332885742,0.15042129158973694,-0.05412502959370613,-0.0050973715260624886,-0.03158392757177353
frame_000180.png,frame_000181.png,-0.009447634220123291,0.00804988294839859,0.1277952939271927,-0.057379625737667084,-0.003987708128988743,-0.0398772656917572
frame_000181.png,frame_000182.png,-0.01910429447889328,0.013965055346488953,0.10896089673042297,-0.06061466038227081,-0.0008829096332192421,-0.04875093698501587
frame_000182.png,frame_000183.png,-0.025665678083896637,0.023516148328781128,0.10016100108623505,-0.06866516172885895,0.0020531555637717247,-0.05434584617614746
frame_000183.png,frame_000184.png,-0.02088213711977005,0.0348590686917305,0.10163569450378418,-0.07359478622674942,0.003950136713683605,-0.05828612297773361
frame_000184.png,frame_000185.png,-0.020306043326854706,0.04088209569454193,0.10300987958908081,-0.08027536422014236,0.00618362333625555,-0.060070864856243134
frame_000185.png,frame_000186.png,-0.024084649980068207,0.04156966507434845,0.10492753982543945,-0.08362692594528198,0.007981217466294765,-0.060391589999198914
frame_000186.png,frame_000187.png,-0.028232529759407043,0.038642771542072296,0.10436224937438965,-0.08538764715194702,0.009466092102229595,-0.059580788016319275
frame_000187.png,frame_000188.png,-0.028957560658454895,0.03340960294008255,0.0987769365310669,-0.08625580370426178,0.011813404969871044,-0.05912237614393234
frame_000188.png,frame_000189.png,-0.024371236562728882,0.028887033462524414,0.093920037150383,-0.087068572640419,0.013524248264729977,-0.055910624563694
frame_000189.png,frame_000190.png,-0.017165713012218475,0.02565930038690567,0.09312012791633606,-0.08831196278333664,0.015126549638807774,-0.0524640753865242
frame_000190.png,frame_000191.png,-0.009428292512893677,0.023279912769794464,0.09349715709686279,-0.09043240547180176,0.01631743833422661,-0.047271642833948135
frame_000191.png,frame_000192.png,-0.00042998045682907104,0.019879162311553955,0.0985502153635025,-0.0928054004907608,0.017155136913061142,-0.04112396761775017
frame_000192.png,frame_000193.png,0.00585571676492691,0.01634984463453293,0.09643582999706268,-0.09162375330924988,0.017945118248462677,-0.0355367474257946
frame_000193.png,frame_000194.png,0.012563668191432953,0.014109496027231216,0.09292380511760712,-0.08779276907444,0.018198572099208832,-0.03255869820713997
frame_000194.png,frame_000195.png,0.01670660823583603,0.01437409594655037,0.09205278754234314,-0.084125816822052,0.01739565283060074,-0.031776782125234604
frame_000195.png,frame_000196.png,0.018662340939044952,0.015754882246255875,0.09396310150623322,-0.08032841980457306,0.01659349352121353,-0.030993808060884476
frame_000196.png,frame_000197.png,0.0208590105175972,0.019240692257881165,0.09799087047576904,-0.07735554873943329,0.016837019473314285,-0.030189141631126404
frame_000197.png,frame_000198.png,0.026225589215755463,0.024720318615436554,0.10133719444274902,-0.07225756347179413,0.016152072697877884,-0.02642442286014557
frame_000198.png,frame_000199.png,0.0335468165576458,0.030475392937660217,0.09362338483333588,-0.06875666975975037,0.014131923206150532,-0.02287161350250244
frame_000199.png,frame_000200.png,0.043657608330249786,0.038190796971321106,0.08665396273136139,-0.06644553691148758,0.011800752021372318,-0.022951025515794754
frame_000200.png,frame_000201.png,0.06451956927776337,0.05063971132040024,0.07586303353309631,-0.06406241655349731,0.008169918321073055,-0.021223492920398712
frame_000201.png,frame_000202.png,0.09383383393287659,0.06532719731330872,0.06123488023877144,-0.06738276779651642,0.0029017655178904533,-0.014903082512319088
frame_000202.png,frame_000203.png,0.12077434360980988,0.07349450141191483,0.029353495687246323,-0.07465095818042755,-0.0013898322358727455,-0.01778487116098404
frame_000203.png,frame_000204.png,0.13887223601341248,0.08047264814376831,0.0015952922403812408,-0.08256779611110687,-0.005752312019467354,-0.022537868469953537
frame_000204.png,frame_000205.png,0.15146580338478088,0.08503926545381546,-0.01803727075457573,-0.0905061587691307,-0.008857187815010548,-0.02687673643231392
frame_000205.png,frame_000206.png,0.15800923109054565,0.08578226715326309,-0.029587481170892715,-0.09877181798219681,-0.008969810791313648,-0.03104216605424881
frame_000206.png,frame_000207.png,0.16387200355529785,0.08144686371088028,-0.03618072345852852,-0.1046094000339508,-0.0050068385899066925,-0.03737397864460945
frame_000207.png,frame_000208.png,0.16921180486679077,0.0759599581360817,-0.03776374086737633,-0.1102815791964531,-0.001878548413515091,-0.04243360087275505
frame_000208.png,frame_000209.png,0.175008624792099,0.06945859640836716,-0.035836923867464066,-0.11680106073617935,0.002834780141711235,-0.04700595885515213
frame_000209.png,frame_000210.png,0.18089377880096436,0.06412434577941895,-0.025484245270490646,-0.12382268905639648,0.004882973153144121,-0.05216531455516815
frame_000210.png,frame_000211.png,0.18655356764793396,0.0604795441031456,-0.019263949245214462,-0.125696063041687,0.006955643184483051,-0.05628790706396103
frame_000211.png,frame_000212.png,0.19270239770412445,0.057081304490566254,-0.014715656638145447,-0.12545301020145416,0.00790305994451046,-0.05367450416088104
frame_000212.png,frame_000213.png,0.19809101521968842,0.05335182696580887,-0.012298334389925003,-0.1225789487361908,0.00911366194486618,-0.048409491777420044
frame_000213.png,frame_000214.png,0.2052939236164093,0.05602402240037918,-0.002523992210626602,-0.1110415980219841,0.007715508341789246,-0.03915473818778992
frame_000214.png,frame_000215.png,0.21721601486206055,0.06279097497463226,0.010295972228050232,-0.09538988769054413,0.0026477398350834846,-0.028844933956861496
frame_000215.png,frame_000216.png,0.23554900288581848,0.07309655100107193,0.01976649835705757,-0.0682593286037445,-0.0021142503246665,-0.025609999895095825
frame_000216.png,frame_000217.png,0.25600987672805786,0.08132091909646988,0.02894037961959839,-0.03855206444859505,-0.005301446653902531,-0.019392911344766617
frame_000217.png,frame_000218.png,0.2746920883655548,0.08792280405759811,0.03102036938071251,-0.020169686526060104,-0.008326325565576553,-0.011181781999766827
frame_000218.png,frame_000219.png,0.28834068775177,0.08878327161073685,0.029364794492721558,-0.011163410730659962,-0.010509678162634373,-0.003155267797410488
frame_000219.png,frame_000220.png,0.28266480565071106,0.085273377597332,0.02672756463289261,-0.007300452329218388,-0.011472188867628574,0.005264570005238056
frame_000220.png,frame_000221.png,0.26883578300476074,0.08037637174129486,0.02503334730863571,-0.010376031510531902,-0.012863724492490292,0.009754807688295841
frame_000221.png,frame_000222.png,0.2603992521762848,0.07693061977624893,0.029306355863809586,-0.015251669101417065,-0.013065009377896786,0.013053315691649914
frame_000222.png,frame_000223.png,0.25305500626564026,0.07501477748155594,0.03401857987046242,-0.013409891165792942,-0.012651151977479458,0.01248572114855051
frame_000223.png,frame_000224.png,0.24451494216918945,0.0736832544207573,0.033048342913389206,-0.01804570108652115,-0.013556581921875477,0.009665400721132755
frame_000224.png,frame_000225.png,0.24052268266677856,0.06941700726747513,0.031326260417699814,-0.02374216541647911,-0.011666516773402691,0.01216451171785593
frame_000225.png,frame_000226.png,0.23502957820892334,0.06485255807638168,0.028917815536260605,-0.03158978000283241,-0.007609253749251366,0.012736656703054905
frame_000226.png,frame_000227.png,0.2265683114528656,0.0603908970952034,0.02929891273379326,-0.04347601160407066,-0.0039230575785040855,0.009013396687805653
frame_000227.png,frame_000228.png,0.2233732044696808,0.05615667253732681,0.028028454631567,-0.050288088619709015,2.967892214655876e-05,0.009785977192223072
frame_000228.png,frame_000229.png,0.21590444445610046,0.05489844083786011,0.025178425014019012,-0.05622969567775726,0.0014271140098571777,0.007617984898388386
frame_000229.png,frame_000230.png,0.2078893780708313,0.05136603116989136,0.025498956441879272,-0.0640297532081604,0.003178610000759363,0.011290819384157658
frame_000230.png,frame_000231.png,0.1936725378036499,0.04756531864404678,0.037531472742557526,-0.07373584061861038,0.002972319722175598,0.017891332507133484
frame_000231.png,frame_000232.png,0.18627360463142395,0.046411432325839996,0.04534782096743584,-0.07937270402908325,0.005099932663142681,0.016914665699005127
frame_000232.png,frame_000233.png,0.1869373917579651,0.04704834520816803,0.04581630602478981,-0.08048363029956818,0.005125074647367001,0.01776355504989624
frame_000233.png,frame_000234.png,0.18716076016426086,0.04298701137304306,0.04334081709384918,-0.08552313596010208,0.004734596237540245,0.01371955219656229
frame_000234.png,frame_000235.png,0.18383479118347168,0.03600526601076126,0.03782769292593002,-0.0866948664188385,0.0031391670927405357,0.01193599496036768
frame_000235.png,frame_000236.png,0.18483123183250427,0.029292404651641846,0.03584003448486328,-0.08803781121969223,0.0011287461966276169,0.011680648662149906
frame_000236.png,frame_000237.png,0.1849246621131897,0.021509744226932526,0.03428875282406807,-0.09103074669837952,-0.0034260721877217293,0.011121098883450031
frame_000237.png,frame_000238.png,0.19163012504577637,0.016139790415763855,0.029941223561763763,-0.09680916368961334,-0.006711804307997227,0.009790000505745411
frame_000238.png,frame_000239.png,0.19805124402046204,0.014013558626174927,0.0223906971514225,-0.1019650548696518,-0.010962643660604954,0.007111226208508015
frame_000239.png,frame_000240.png,0.20486551523208618,0.010121222585439682,0.012082329019904137,-0.10440095514059067,-0.01414997223764658,0.007187799550592899
frame_000240.png,frame_000241.png,0.20775170624256134,0.004203870892524719,0.0032072551548480988,-0.10352924466133118,-0.013980754651129246,0.0010109590366482735
frame_000241.png,frame_000242.png,0.20969384908676147,0.0012390650808811188,-0.0039980243891477585,-0.10559003800153732,-0.013751848600804806,-0.006719185970723629
frame_000242.png,frame_000243.png,0.21085596084594727,0.0005989335477352142,-0.005070626735687256,-0.11078342795372009,-0.015553263016045094,-0.014758010394871235
frame_000243.png,frame_000244.png,0.21630054712295532,0.008106648921966553,0.008875101804733276,-0.11718402802944183,-0.017216753214597702,-0.024091169238090515
frame_000244.png,frame_000245.png,0.2157505750656128,0.01904425024986267,0.043632872402668,-0.12945254147052765,-0.017970964312553406,-0.035708025097846985
frame_000245.png,frame_000246.png,0.20506149530410767,0.029029108583927155,0.08021758496761322,-0.1405499279499054,-0.019049208611249924,-0.04568871483206749
frame_000246.png,frame_000247.png,0.19764989614486694,0.0319417342543602,0.10179533064365387,-0.14624856412410736,-0.020425565540790558,-0.04560941457748413
frame_000247.png,frame_000248.png,0.1969776451587677,0.032588087022304535,0.10790896415710449,-0.1432805359363556,-0.02194807678461075,-0.04196958243846893
frame_000248.png,frame_000249.png,0.2043370008468628,0.03279872238636017,0.10876049101352692,-0.14312319457530975,-0.020304374396800995,-0.04025334119796753
frame_000249.png,frame_000250.png,0.20780101418495178,0.03134554624557495,0.11138027906417847,-0.1414547860622406,-0.018561922013759613,-0.03837156668305397
frame_000250.png,frame_000251.png,0.20786750316619873,0.021098025143146515,0.10501638054847717,-0.13735337555408478,-0.01460015494376421,-0.033177293837070465
frame_000251.png,frame_000252.png,0.22374746203422546,0.014940451830625534,0.0882510095834732,-0.12269265949726105,-0.013037807308137417,-0.038544535636901855
frame_000252.png,frame_000253.png,0.2324572503566742,0.018839534372091293,0.06383758783340454,-0.09866011142730713,-0.016129828989505768,-0.026083670556545258
frame_000253.png,frame_000254.png,0.23360750079154968,0.029780693352222443,0.05332356318831444,-0.08883059024810791,-0.019787557423114777,-0.017198290675878525
frame_000254.png,frame_000255.png,0.23118674755096436,0.036548249423503876,0.04887482151389122,-0.09435856342315674,-0.02777789533138275,-0.004906556569039822
frame_000255.png,frame_000256.png,0.2236444056034088,0.04224719852209091,0.04898900166153908,-0.10071665048599243,-0.03002302348613739,0.003902529366314411
frame_000256.png,frame_000257.png,0.221230149269104,0.04771875590085983,0.04070610553026199,-0.10754594206809998,-0.030181191861629486,0.008532990701496601
frame_000257.png,frame_000258.png,0.2209259569644928,0.0577048733830452,0.01870611682534218,-0.11772259324789047,-0.031514763832092285,0.013232056982815266
frame_000258.png,frame_000259.png,0.21364006400108337,0.06752563267946243,0.0031991004943847656,-0.12833768129348755,-0.03527935594320297,0.016717109829187393
frame_000259.png,frame_000260.png,0.20004719495773315,0.06864271312952042,-0.007320787757635117,-0.13810090720653534,-0.03630417585372925,0.01677217334508896
frame_000260.png,frame_000261.png,0.18397855758666992,0.06748729199171066,-0.015774469822645187,-0.14966030418872833,-0.03613630682229996,0.013465472497045994
frame_000261.png,frame_000262.png,0.17041921615600586,0.06518802046775818,-0.023756276816129684,-0.1558346152305603,-0.03464203700423241,0.015335273928940296
frame_000262.png,frame_000263.png,0.16592034697532654,0.06641332060098648,-0.014148693531751633,-0.15453648567199707,-0.029606901109218597,0.01191838551312685
frame_000263.png,frame_000264.png,0.16384659707546234,0.0531093031167984,0.012562904506921768,-0.14843374490737915,-0.02444460242986679,0.018093988299369812
frame_000264.png,frame_000265.png,0.1634257733821869,0.02587323635816574,0.0326651968061924,-0.1320687085390091,-0.012088150717318058,0.010183383710682392
frame_000265.png,frame_000266.png,0.16107423603534698,0.004222311079502106,0.04462401196360588,-0.11369097232818604,-0.0041639795526862144,0.018587525933980942
frame_000266.png,frame_000267.png,0.16453391313552856,0.0038528144359588623,0.05492366477847099,-0.08889073133468628,0.0006094304844737053,0.02046886831521988
frame_000267.png,frame_000268.png,0.1756107211112976,0.021693892776966095,0.058813150972127914,-0.051444653421640396,0.0016178814694285393,0.012272563762962818
frame_000268.png,frame_000269.png,0.1740027368068695,0.040574654936790466,0.08199627697467804,-0.025515079498291016,-0.007130633108317852,-0.002974103204905987
frame_000269.png,frame_000270.png,0.16375002264976501,0.04751630872488022,0.08551456034183502,-0.017176764085888863,-0.015567474998533726,-0.021153021603822708
frame_000270.png,frame_000271.png,0.13039182126522064,0.04398605227470398,0.0777783989906311,-0.029467377811670303,-0.01725611463189125,-0.0363304503262043
frame_000271.png,frame_000272.png,0.09689939022064209,0.04419988393783569,0.05998712405562401,-0.039023879915475845,-0.015735846012830734,-0.0383569560945034
frame_000272.png,frame_000273.png,0.07029471546411514,0.04533702880144119,0.0442051999270916,-0.047858547419309616,-0.014094940386712551,-0.03694029524922371
frame_000273.png,frame_000274.png,0.05501120537519455,0.046877749264240265,0.033886782824993134,-0.0545688159763813,-0.012040733359754086,-0.03584957867860794
frame_000274.png,frame_000275.png,0.04361019656062126,0.04582636058330536,0.033114075660705566,-0.059461284428834915,-0.00955639872699976,-0.03471849486231804
frame_000275.png,frame_000276.png,0.036937274038791656,0.04419150948524475,0.03463219851255417,-0.06176510453224182,-0.007740200497210026,-0.03408965468406677
frame_000276.png,frame_000277.png,0.03339788317680359,0.04211694002151489,0.03563539311289787,-0.06439752876758575,-0.005891573615372181,-0.03458298370242119
frame_000277.png,frame_000278.png,0.03432657569646835,0.04150494188070297,0.037188414484262466,-0.06441707164049149,-0.003825780935585499,-0.034662507474422455
frame_000278.png,frame_000279.png,0.03778427094221115,0.04077629745006561,0.03983267769217491,-0.067283034324646,-0.0033994587138295174,-0.035582035779953
frame_000279.png,frame_000280.png,0.041013188660144806,0.03799524903297424,0.04258180782198906,-0.06805406510829926,-0.0015055211260914803,-0.04007358103990555
frame_000280.png,frame_000281.png,0.03961816430091858,0.03158898651599884,0.044048700481653214,-0.06634795665740967,0.002482823096215725,-0.04497011750936508
frame_000281.png,frame_000282.png,0.03138066828250885,0.025623217225074768,0.04167136177420616,-0.06174365058541298,0.006970486603677273,-0.04683521017432213
frame_000282.png,frame_000283.png,0.02189481258392334,0.020815029740333557,0.039462391287088394,-0.056815244257450104,0.010789087973535061,-0.045999545603990555
frame_000283.png,frame_000284.png,0.00756719708442688,0.015108782798051834,0.037331338971853256,-0.053598932921886444,0.01296356599777937,-0.045540619641542435
frame_000284.png,frame_000285.png,-0.014455802738666534,0.00808781385421753,0.03450809791684151,-0.04795752465724945,0.014444797299802303,-0.04792292043566704
frame_000285.png,frame_000286.png,-0.03501246124505997,0.003362659364938736,0.02902001515030861,-0.04346088320016861,0.01461671944707632,-0.050239719450473785
frame_000286.png,frame_000287.png,-0.05136833339929581,0.0008416064083576202,0.02430545538663864,-0.03979853540658951,0.014909773133695126,-0.05149899795651436
frame_000287.png,frame_000288.png,-0.06536931544542313,0.0008368082344532013,0.02008918672800064,-0.036984074860811234,0.016392692923545837,-0.05009423568844795
frame_000288.png,frame_000289.png,-0.07482200115919113,0.002372976392507553,0.01934169977903366,-0.040165528655052185,0.015789467841386795,-0.04965108260512352
frame_000289.png,frame_000290.png,-0.07868551462888718,0.004810851067304611,0.02103252336382866,-0.04346160218119621,0.014541911892592907,-0.05006859451532364
frame_000290.png,frame_000291.png,-0.07668688148260117,0.008802533149719238,0.02548648789525032,-0.04819200932979584,0.012393380515277386,-0.048177968710660934
frame_000291.png,frame_000292.png,-0.07438237220048904,0.011424396187067032,0.028817493468523026,-0.05100023001432419,0.010669476352632046,-0.04621883109211922
frame_000292.png,frame_000293.png,-0.0730239674448967,0.013478904962539673,0.032069917768239975,-0.054911352694034576,0.009293726645410061,-0.04797150567173958
frame_000293.png,frame_000294.png,-0.06995641440153122,0.014792822301387787,0.035798873752355576,-0.05788205564022064,0.008434179238975048,-0.04895605146884918
frame_000294.png,frame_000295.png,-0.06388861685991287,0.01536266878247261,0.033670734614133835,-0.05798066407442093,0.0075448667630553246,-0.048623472452163696
frame_000295.png,frame_000296.png,-0.05518878251314163,0.016597814857959747,0.03417206555604935,-0.058738384395837784,0.007452367804944515,-0.04856821894645691
frame_000296.png,frame_000297.png,-0.04474510997533798,0.01879788190126419,0.03216258063912392,-0.05724215507507324,0.008404119871556759,-0.046334847807884216
frame_000297.png,frame_000298.png,-0.033952705562114716,0.020283028483390808,0.022002268582582474,-0.055250704288482666,0.009408853016793728,-0.042593687772750854
frame_000298.png,frame_000299.png,-0.018198691308498383,0.02330022305250168,0.019039731472730637,-0.055394843220710754,0.010370618663728237,-0.03762248530983925
frame_000299.png,frame_000300.png,-0.0016610100865364075,0.02627219259738922,0.018420573323965073,-0.06408503651618958,0.007963987998664379,-0.029087413102388382
frame_000300.png,frame_000301.png,0.019751250743865967,0.030379116535186768,0.022026676684617996,-0.06657197326421738,0.008576185442507267,-0.024957627058029175
frame_000301.png,frame_000302.png,0.03151063621044159,0.03168129920959473,0.027363669127225876,-0.06668584793806076,0.010348654352128506,-0.022031258791685104
frame_000302.png,frame_000303.png,0.036928460001945496,0.03291366994380951,0.0323229618370533,-0.06782179325819016,0.011645163409411907,-0.022998206317424774
frame_000303.png,frame_000304.png,0.03863339126110077,0.033339180052280426,0.03507447615265846,-0.06931765377521515,0.01164370495826006,-0.02446124702692032
frame_000304.png,frame_000305.png,0.03710508719086647,0.0332944393157959,0.0371750146150589,-0.06831496953964233,0.010690287686884403,-0.027942121028900146
frame_000305.png,frame_000306.png,0.03480102866888046,0.03324050456285477,0.039449457079172134,-0.06793392449617386,0.010420859791338444,-0.031491007655858994
frame_000306.png,frame_000307.png,0.030783474445343018,0.03306987136602402,0.040759652853012085,-0.06648460775613785,0.009976808913052082,-0.035133618861436844
frame_000307.png,frame_000308.png,0.021440036594867706,0.03138449043035507,0.0426379032433033,-0.06511259078979492,0.009563443250954151,-0.037666164338588715
frame_000308.png,frame_000309.png,0.012364543974399567,0.02786550670862198,0.043115828186273575,-0.06209946051239967,0.01045640092343092,-0.03970276936888695
frame_000309.png,frame_000310.png,0.007513992488384247,0.02602485567331314,0.04363320395350456,-0.05963243916630745,0.012196986936032772,-0.03869432583451271
frame_000310.png,frame_000311.png,-0.002311497926712036,0.023387424647808075,0.044295068830251694,-0.057986386120319366,0.013031031005084515,-0.038927193731069565
frame_000311.png,frame_000312.png,-0.01920921355485916,0.019327085465192795,0.04209575057029724,-0.05451090261340141,0.013306624256074429,-0.041142839938402176
frame_000312.png,frame_000313.png,-0.033329032361507416,0.019260231405496597,0.04225141555070877,-0.053215157240629196,0.011522551067173481,-0.04376920312643051
frame_000313.png,frame_000314.png,-0.04589536041021347,0.018607255071401596,0.04665512964129448,-0.05445130914449692,0.010657851584255695,-0.044140905141830444
frame_000314.png,frame_000315.png,-0.057318367063999176,0.01760862022638321,0.046502839773893356,-0.05280374363064766,0.010913384146988392,-0.04554732143878937
frame_000315.png,frame_000316.png,-0.062381766736507416,0.017625771462917328,0.043320152908563614,-0.05478200688958168,0.010395214892923832,-0.04698311164975166
frame_000316.png,frame_000317.png,-0.0712621882557869,0.016793478280305862,0.04194074496626854,-0.05696690455079079,0.010352243669331074,-0.04729678854346275
frame_000317.png,frame_000318.png,-0.08113294094800949,0.015177208930253983,0.04279865324497223,-0.0581757128238678,0.010654610581696033,-0.047191113233566284
frame_000318.png,frame_000319.png,-0.09426341205835342,0.014534235000610352,0.0432281494140625,-0.055347513407468796,0.010950046591460705,-0.04739059880375862
frame_000319.png,frame_000320.png,-0.10422886162996292,0.014523588120937347,0.04423396661877632,-0.0527004636824131,0.011424425058066845,-0.04609012231230736
frame_000320.png,frame_000321.png,-0.11187159270048141,0.015093609690666199,0.04570754989981651,-0.05161741375923157,0.012328586541116238,-0.04458652436733246
frame_000321.png,frame_000322.png,-0.11760381609201431,0.015354961156845093,0.047036197036504745,-0.052533846348524094,0.013747665099799633,-0.043088141828775406
frame_000322.png,frame_000323.png,-0.12226628512144089,0.014693539589643478,0.050652895122766495,-0.05398304760456085,0.015110458247363567,-0.040273286402225494
frame_000323.png,frame_000324.png,-0.12442765384912491,0.014022812247276306,0.05428958311676979,-0.05684838443994522,0.016726046800613403,-0.0386861152946949
frame_000324.png,frame_000325.png,-0.12305138260126114,0.013404741883277893,0.056912776082754135,-0.06026121973991394,0.018456272780895233,-0.03616754338145256
frame_000325.png,frame_000326.png,-0.11841528862714767,0.013893801718950272,0.06143220141530037,-0.06524182856082916,0.020114459097385406,-0.035390738397836685
frame_000326.png,frame_000327.png,-0.11344829946756363,0.01490311324596405,0.06685565412044525,-0.06844388693571091,0.021415356546640396,-0.03509349375963211
frame_000327.png,frame_000328.png,-0.10573848336935043,0.017310984432697296,0.068823903799057,-0.07308118045330048,0.022583473473787308,-0.03461663797497749
frame_000328.png,frame_000329.png,-0.09548646956682205,0.019814740866422653,0.07054068148136139,-0.07755200564861298,0.023553717881441116,-0.03271547704935074
frame_000329.png,frame_000330.png,-0.08938740938901901,0.021443262696266174,0.07960514724254608,-0.08251360803842545,0.023190785199403763,-0.030600637197494507
frame_000330.png,frame_000331.png,-0.08044414967298508,0.023959040641784668,0.09126433730125427,-0.08680346608161926,0.02316223457455635,-0.026759952306747437
frame_000331.png,frame_000332.png,-0.06304440647363663,0.02875954657793045,0.1023431271314621,-0.09168900549411774,0.022403161972761154,-0.02408156543970108
frame_000332.png,frame_000333.png,-0.047559209167957306,0.03276214003562927,0.11037622392177582,-0.09213270992040634,0.022106830030679703,-0.02316679060459137
frame_000333.png,frame_000334.png,-0.04693450778722763,0.03408452868461609,0.1191185861825943,-0.08820537477731705,0.02194833755493164,-0.021219708025455475
frame_000334.png,frame_000335.png,-0.05494443327188492,0.034077562391757965,0.13110268115997314,-0.0851200595498085,0.02133169397711754,-0.018366418778896332
frame_000335.png,frame_000336.png,-0.06587383896112442,0.03281234949827194,0.1383911520242691,-0.08150986582040787,0.02012765035033226,-0.015176146291196346
frame_000336.png,frame_000337.png,-0.07699614018201828,0.030934244394302368,0.14348386228084564,-0.07721617817878723,0.01846770942211151,-0.012771672569215298
frame_000337.png,frame_000338.png,-0.08331853896379471,0.031234249472618103,0.14771798253059387,-0.073762908577919,0.017101038247346878,-0.010485398583114147
frame_000338.png,frame_000339.png,-0.0856327936053276,0.03126717358827591,0.15092089772224426,-0.07219758629798889,0.016936983913183212,-0.006182773970067501
frame_000339.png,frame_000340.png,-0.08407493680715561,0.031406596302986145,0.15286849439144135,-0.07220330834388733,0.016704481095075607,-0.0018793968483805656
frame_000340.png,frame_000341.png,-0.08263849467039108,0.030720017850399017,0.15244126319885254,-0.07254171371459961,0.016075745224952698,0.004154098220169544
frame_000341.png,frame_000342.png,-0.0834120437502861,0.03002093732357025,0.15094229578971863,-0.07127111405134201,0.01587400585412979,0.008562435396015644
frame_000342.png,frame_000343.png,-0.08634360879659653,0.02850901335477829,0.14837130904197693,-0.07018114626407623,0.015181195922195911,0.012145326472818851
frame_000343.png,frame_000344.png,-0.08480658382177353,0.029237017035484314,0.14474505186080933,-0.07042071223258972,0.0144813759252429,0.01397873554378748
frame_000344.png,frame_000345.png,-0.07889058440923691,0.031372010707855225,0.14601922035217285,-0.07275950908660889,0.014015289954841137,0.0131871672347188
frame_000345.png,frame_000346.png,-0.054503075778484344,0.036119841039180756,0.1446291208267212,-0.08048115670681,0.011439441703259945,0.01718716323375702
frame_000346.png,frame_000347.png,-0.037169672548770905,0.03995683789253235,0.13963176310062408,-0.08932115137577057,0.009118529967963696,0.023578979074954987
frame_000347.png,frame_000348.png,-0.030759401619434357,0.038950830698013306,0.13729017972946167,-0.09195157885551453,0.00888808723539114,0.025290820747613907
frame_000348.png,frame_000349.png,-0.03502241522073746,0.034487463533878326,0.1360822170972824,-0.09082265943288803,0.009451870806515217,0.021447081118822098
frame_000349.png,frame_000350.png,-0.04270058125257492,0.030027762055397034,0.13330113887786865,-0.08780454099178314,0.00988744106143713,0.016088951379060745
frame_000350.png,frame_000351.png,-0.046267636120319366,0.027732104063034058,0.13134896755218506,-0.0844678282737732,0.010377380065619946,0.00748120341449976
frame_000351.png,frame_000352.png,-0.04389598220586777,0.027565978467464447,0.12898434698581696,-0.0828736275434494,0.010367601178586483,0.0020150626078248024
frame_000352.png,frame_000353.png,-0.040988318622112274,0.026829764246940613,0.12920475006103516,-0.08314545452594757,0.010133649222552776,8.804071694612503e-05
frame_000353.png,frame_000354.png,-0.03823146969079971,0.025042831897735596,0.12500785291194916,-0.08331255614757538,0.010325278155505657,-0.0007948419079184532
frame_000354.png,frame_000355.png,-0.03567875176668167,0.021678917109966278,0.11922399699687958,-0.08351517468690872,0.00974766444414854,-0.0012557199224829674
frame_000355.png,frame_000356.png,-0.0352000817656517,0.01856769248843193,0.11036744713783264,-0.08311618119478226,0.00958919059485197,-0.0025441674515604973
frame_000356.png,frame_000357.png,-0.03362708538770676,0.014723703265190125,0.1012631207704544,-0.08319014310836792,0.009583861567080021,-0.0016911020502448082
frame_000357.png,frame_000358.png,-0.028873004019260406,0.011861596256494522,0.09108565747737885,-0.08303511142730713,0.008929739706218243,-0.0003754226490855217
frame_000358.png,frame_000359.png,-0.01969173550605774,0.010538917034864426,0.074790820479393,-0.08356641232967377,0.008827335201203823,0.0019219154492020607
frame_000359.png,frame_000360.png,-0.010256610810756683,0.009855620563030243,0.055127885192632675,-0.087559275329113,0.008015993051230907,0.0006233351305127144
frame_000360.png,frame_000361.png,-0.001838386058807373,0.013027511537075043,0.04519219323992729,-0.08763305097818375,0.006971725262701511,-0.003567817620933056
frame_000361.png,frame_000362.png,-0.0008737146854400635,0.014304734766483307,0.03340649977326393,-0.08778400719165802,0.005711066536605358,-0.0008312901481986046
frame_000362.png,frame_000363.png,0.0033197030425071716,0.013295907527208328,0.02346222475171089,-0.08582641184329987,0.0036150971427559853,0.0023826556280255318
frame_000363.png,frame_000364.png,0.003810696303844452,0.013615645468235016,0.012672331184148788,-0.08230806887149811,0.003442852757871151,0.005030074156820774
frame_000364.png,frame_000365.png,0.0002151578664779663,0.014001671224832535,0.0070380717515945435,-0.07956366240978241,0.00357262697070837,0.006081380881369114
frame_000365.png,frame_000366.png,-0.00201328843832016,0.015874970704317093,0.005571205168962479,-0.07720769196748734,0.003719397820532322,0.008716513402760029
frame_000366.png,frame_000367.png,-0.0036303624510765076,0.0166475810110569,-0.000872299075126648,-0.07664193958044052,0.003162868320941925,0.014302686788141727
frame_000367.png,frame_000368.png,-0.008158162236213684,0.017506446689367294,-0.007522501051425934,-0.07748160511255264,0.002247526776045561,0.019496671855449677
frame_000368.png,frame_000369.png,-0.015382520854473114,0.017759475857019424,-0.010933436453342438,-0.07895438373088837,0.0016526766121387482,0.022520534694194794
frame_000369.png,frame_000370.png,-0.02259090542793274,0.01762508973479271,-0.012555953115224838,-0.07861778885126114,0.0013550342991948128,0.02424236387014389
frame_000370.png,frame_000371.png,-0.030121169984340668,0.018017936497926712,-0.012520600110292435,-0.07877407968044281,0.001224585808813572,0.026815146207809448
frame_000371.png,frame_000372.png,-0.03721988946199417,0.01806773990392685,-0.009352266788482666,-0.07889743149280548,0.001971280202269554,0.02926444262266159
frame_000372.png,frame_000373.png,-0.040202729403972626,0.018979184329509735,-0.009566407650709152,-0.07950881868600845,0.002998191863298416,0.029453109949827194
frame_000373.png,frame_000374.png,-0.043584518134593964,0.020160824060440063,-0.011975906789302826,-0.07943325489759445,0.0042909886687994,0.029402315616607666
frame_000374.png,frame_000375.png,-0.04574572294950485,0.020192645490169525,-0.009524326771497726,-0.08087538927793503,0.006200069561600685,0.030279308557510376
frame_000375.png,frame_000376.png,-0.048432908952236176,0.020080525428056717,-0.01070467010140419,-0.08148017525672913,0.007488585077226162,0.03134044259786606
frame_000376.png,frame_000377.png,-0.04979296773672104,0.018956277519464493,-0.0072877295315265656,-0.08275099098682404,0.010731046088039875,0.03132301941514015
frame_000377.png,frame_000378.png,-0.050597183406353,0.01680167019367218,-0.008606765419244766,-0.08365022391080856,0.012658179737627506,0.03348813205957413
frame_000378.png,frame_000379.png,-0.049037061631679535,0.01620277762413025,-0.007192868739366531,-0.08529335260391235,0.014699128456413746,0.0349947065114975
frame_000379.png,frame_000380.png,-0.05221382528543472,0.01608574390411377,-0.004782319068908691,-0.08666487038135529,0.016329605132341385,0.03709506243467331
frame_000380.png,frame_000381.png,-0.053741760551929474,0.016357213258743286,-0.005711812525987625,-0.08574925363063812,0.017807770520448685,0.03823569416999817
frame_000381.png,frame_000382.png,-0.05463182181119919,0.018716461956501007,-0.006171137094497681,-0.08603323251008987,0.01905115507543087,0.0393434539437294
frame_000382.png,frame_000383.png,-0.05758645385503769,0.020166538655757904,-0.007794808596372604,-0.08645463734865189,0.020165100693702698,0.03788420557975769
frame_000383.png,frame_000384.png,-0.05703141540288925,0.020649835467338562,-0.0076340921223163605,-0.08609963953495026,0.021082229912281036,0.03435364365577698
frame_000384.png,frame_000385.png,-0.0554606094956398,0.02107899636030197,-0.008710727095603943,-0.08658890426158905,0.02161066047847271,0.03179392218589783
frame_000385.png,frame_000386.png,-0.05537014454603195,0.022434480488300323,-0.005974855273962021,-0.08571053296327591,0.023322783410549164,0.029053591191768646
frame_000386.png,frame_000387.png,-0.05536238104104996,0.023412205278873444,-0.0039832256734371185,-0.08507028222084045,0.0257578082382679,0.027702514082193375
frame_000387.png,frame_000388.png,-0.05459170788526535,0.02392449975013733,-0.0005930177867412567,-0.0852043479681015,0.0288466215133667,0.02708803489804268
frame_000388.png,frame_000389.png,-0.05378221720457077,0.021798454225063324,0.001893404871225357,-0.0830608382821083,0.032932162284851074,0.02634938806295395
frame_000389.png,frame_000390.png,-0.053308241069316864,0.017491914331912994,0.005598362535238266,-0.08225837349891663,0.036637406796216965,0.026817932724952698
frame_000390.png,frame_000391.png,-0.0540044829249382,0.013521641492843628,0.012639407068490982,-0.0778464823961258,0.038668565452098846,0.024690940976142883
frame_000391.png,frame_000392.png,-0.05390884727239609,0.013540633022785187,0.026031631976366043,-0.07195937633514404,0.04009198397397995,0.01864873617887497
frame_000392.png,frame_000393.png,-0.051353298127651215,0.016463391482830048,0.04326477274298668,-0.06804748624563217,0.038049809634685516,0.019769541919231415
frame_000393.png,frame_000394.png,-0.04531525820493698,0.01944834738969803,0.05557659640908241,-0.06357645988464355,0.03476712107658386,0.023293185979127884
frame_000394.png,frame_000395.png,-0.047815822064876556,0.01801889017224312,0.07070229947566986,-0.06413797289133072,0.031284675002098083,0.02748710662126541
frame_000395.png,frame_000396.png,-0.04850827902555466,0.01565995067358017,0.08090303838253021,-0.06822235882282257,0.031140349805355072,0.03229141607880592
frame_000396.png,frame_000397.png,-0.051698945462703705,0.013532400131225586,0.08766993880271912,-0.07189783453941345,0.03166716918349266,0.03490076959133148
frame_000397.png,frame_000398.png,-0.055517442524433136,0.011793844401836395,0.09093935787677765,-0.07614480704069138,0.03203734755516052,0.03760449215769768
frame_000398.png,frame_000399.png,-0.0587465837597847,0.012424204498529434,0.09276999533176422,-0.08078978210687637,0.03149037063121796,0.039360228925943375
frame_000399.png,frame_000400.png,-0.060657911002635956,0.012469928711652756,0.09143662452697754,-0.0822322815656662,0.03045855462551117,0.045437246561050415
frame_000400.png,frame_000401.png,-0.06433301419019699,0.013158254325389862,0.09002116322517395,-0.0829625278711319,0.029372412711381912,0.050584033131599426
frame_000401.png,frame_000402.png,-0.06919047981500626,0.014475904405117035,0.08825820684432983,-0.08179701864719391,0.027590185403823853,0.055457502603530884
frame_000402.png,frame_000403.png,-0.071122907102108,0.01487790048122406,0.08663150668144226,-0.07932474464178085,0.025629810988903046,0.06220662593841553
frame_000403.png,frame_000404.png,-0.07887645810842514,0.013300638645887375,0.09066890180110931,-0.07926428318023682,0.023014146834611893,0.06855449080467224
frame_000404.png,frame_000405.png,-0.08628671616315842,0.012466035783290863,0.09702011942863464,-0.08018632978200912,0.01910420134663582,0.0728818029165268
frame_000405.png,frame_000406.png,-0.09746218472719193,0.012866329401731491,0.10782448947429657,-0.08458118140697479,0.015514417551457882,0.0741550624370575
frame_000406.png,frame_000407.png,-0.1056097075343132,0.014882825314998627,0.12461632490158081,-0.09030173718929291,0.010642304085195065,0.07860900461673737
frame_000407.png,frame_000408.png,-0.11855845898389816,0.014377616345882416,0.14039762318134308,-0.0948747918009758,0.005074704997241497,0.0802224799990654
frame_000408.png,frame_000409.png,-0.12818852066993713,0.013188757002353668,0.15080706775188446,-0.09611564129590988,0.0016440795734524727,0.07417061924934387
frame_000409.png,frame_000410.png,-0.13388997316360474,0.010566186159849167,0.15919038653373718,-0.095112144947052,-0.0017244340851902962,0.07010427117347717
frame_000410.png,frame_000411.png,-0.13524439930915833,0.006797708570957184,0.16467276215553284,-0.09079364687204361,-0.0036726118996739388,0.06657837331295013
frame_000411.png,frame_000412.png,-0.1381886899471283,0.0022289156913757324,0.1636103391647339,-0.08101222664117813,-0.0056228796020150185,0.06584332883358002
frame_000412.png,frame_000413.png,-0.13454177975654602,-0.00298275426030159,0.1665210723876953,-0.07338666915893555,-0.008369718678295612,0.07016546279191971
frame_000413.png,frame_000414.png,-0.1279926300048828,-0.008187159895896912,0.1613829880952835,-0.06875155121088028,-0.010433143936097622,0.07853631675243378
frame_000414.png,frame_000415.png,-0.1322994828224182,-0.018548881635069847,0.14818952977657318,-0.05984347313642502,-0.012629578821361065,0.0900619849562645
frame_000415.png,frame_000416.png,-0.13446646928787231,-0.028789127245545387,0.13035434484481812,-0.05098637565970421,-0.014104225672781467,0.10248469561338425
frame_000416.png,frame_000417.png,-0.13531336188316345,-0.03601915389299393,0.1138206422328949,-0.04389135539531708,-0.013644454069435596,0.11274972558021545
frame_000417.png,frame_000418.png,-0.1357319951057434,-0.041831064969301224,0.10115543007850647,-0.039863310754299164,-0.012345400638878345,0.12051558494567871
frame_000418.png,frame_000419.png,-0.1372757852077484,-0.044757112860679626,0.09399111568927765,-0.03911617025732994,-0.011038077063858509,0.12493082880973816
frame_000419.png,frame_000420.png,-0.13750779628753662,-0.046188950538635254,0.0865105539560318,-0.03739982470870018,-0.009795919992029667,0.12889140844345093
frame_000420.png,frame_000421.png,-0.1383192539215088,-0.0472303070127964,0.07953484356403351,-0.035430483520030975,-0.008436351083219051,0.13336214423179626
frame_000421.png,frame_000422.png,-0.1255132555961609,-0.048566993325948715,0.06557002663612366,-0.03032957762479782,-0.0070234788581728935,0.14228181540966034
frame_000422.png,frame_000423.png,-0.11506084352731705,-0.051065389066934586,0.05543571338057518,-0.02939528599381447,-0.0069722579792141914,0.14781618118286133
frame_000423.png,frame_000424.png,-0.10673593729734421,-0.051777008920907974,0.04478279873728752,-0.02949012815952301,-0.007128707133233547,0.15202155709266663
frame_000424.png,frame_000425.png,-0.09619685262441635,-0.0513964481651783,0.03552627936005592,-0.02799408882856369,-0.007071721367537975,0.1550229787826538
frame_000425.png,frame_000426.png,-0.09142864495515823,-0.05108312517404556,0.03283163532614708,-0.027154840528964996,-0.007195229642093182,0.15994396805763245
frame_000426.png,frame_000427.png,-0.08901258558034897,-0.050784751772880554,0.029872529208660126,-0.023427296429872513,-0.007773079909384251,0.161198228597641
frame_000427.png,frame_000428.png,-0.08478587120771408,-0.05143304914236069,0.02597518265247345,-0.019197732210159302,-0.008432132191956043,0.1629716455936432
frame_000428.png,frame_000429.png,-0.08096731454133987,-0.04977479204535484,0.02562752738595009,-0.015121153555810452,-0.008626504801213741,0.16365675628185272
frame_000429.png,frame_000430.png,-0.07966157048940659,-0.04864092171192169,0.0239453986287117,-0.013236953876912594,-0.00988087709993124,0.16235391795635223
frame_000430.png,frame_000431.png,-0.08520325273275375,-0.04651530086994171,0.020285915583372116,-0.009214249439537525,-0.010685241781175137,0.16179950535297394
frame_000431.png,frame_000432.png,-0.09454696625471115,-0.04586610198020935,0.013273060321807861,-0.002574061043560505,-0.011915440671145916,0.1645447313785553
frame_000432.png,frame_000433.png,-0.1055380180478096,-0.04561275988817215,0.0033753756433725357,-0.0006356528028845787,-0.014366739429533482,0.16517159342765808
frame_000433.png,frame_000434.png,-0.11536001414060593,-0.04591431841254234,-0.007021632045507431,-0.0002473187632858753,-0.01606660708785057,0.1656164675951004
frame_000434.png,frame_000435.png,-0.12423073500394821,-0.04628969728946686,-0.015251416712999344,-0.0011425958946347237,-0.01825491338968277,0.16355901956558228
frame_000435.png,frame_000436.png,-0.13359305262565613,-0.04506556689739227,-0.022969208657741547,-0.00033395178616046906,-0.019658412784337997,0.15961340069770813
frame_000436.png,frame_000437.png,-0.14211371541023254,-0.04393266513943672,-0.030161388218402863,-0.0007488413248211145,-0.021869543939828873,0.15460467338562012
frame_000437.png,frame_000438.png,-0.14830675721168518,-0.04306093603372574,-0.03131532296538353,-0.0014599717687815428,-0.02355816587805748,0.15262524783611298
frame_000438.png,frame_000439.png,-0.14760130643844604,-0.04176754876971245,-0.03180118650197983,-0.0007076598703861237,-0.022708546370267868,0.1488943248987198
frame_000439.png,frame_000440.png,-0.14807060360908508,-0.040206603705883026,-0.03269554674625397,-6.232503801584244e-05,-0.020074494183063507,0.14174921810626984
frame_000440.png,frame_000441.png,-0.1510237753391266,-0.038988158106803894,-0.034858785569667816,0.00021412456408143044,-0.0185103602707386,0.13602927327156067
frame_000441.png,frame_000442.png,-0.15508604049682617,-0.03759712725877762,-0.03790707886219025,0.001205644104629755,-0.017878137528896332,0.1301811933517456
frame_000442.png,frame_000443.png,-0.1593199074268341,-0.03658585995435715,-0.04348099231719971,0.001411345787346363,-0.018512342125177383,0.12210693955421448
frame_000443.png,frame_000444.png,-0.16033104062080383,-0.03401247411966324,-0.04652462899684906,0.0007394244894385338,-0.02040107175707817,0.11757121980190277
frame_000444.png,frame_000445.png,-0.16084706783294678,-0.0314297117292881,-0.05048971623182297,0.0012764902785420418,-0.022216428071260452,0.11606460809707642
frame_000445.png,frame_000446.png,-0.16043001413345337,-0.028554920107126236,-0.055530305951833725,0.002291410695761442,-0.02395538240671158,0.11427760124206543
frame_000446.png,frame_000447.png,-0.15683022141456604,-0.02652311697602272,-0.059155333787202835,0.0046115415170788765,-0.02486608177423477,0.11294567584991455
frame_000447.png,frame_000448.png,-0.15281960368156433,-0.02452728897333145,-0.05945679917931557,0.005079695023596287,-0.025090500712394714,0.11205543577671051
frame_000448.png,frame_000449.png,-0.14756011962890625,-0.021545782685279846,-0.057990849018096924,0.005875284783542156,-0.02457331493496895,0.11211865395307541
frame_000449.png,frame_000450.png,-0.14443188905715942,-0.01895875483751297,-0.05631834641098976,0.007724379189312458,-0.023519329726696014,0.11441697925329208
frame_000450.png,frame_000451.png,-0.14442718029022217,-0.015601733699440956,-0.05529187247157097,0.009194248355925083,-0.023392338305711746,0.11767172813415527
frame_000451.png,frame_000452.png,-0.1448807418346405,-0.012686250731348991,-0.053819626569747925,0.010765657760202885,-0.022919129580259323,0.12009650468826294
frame_000452.png,frame_000453.png,-0.1442793309688568,-0.010730050504207611,-0.05212586000561714,0.011155752465128899,-0.02265290543437004,0.11943534016609192
frame_000453.png,frame_000454.png,-0.13899260759353638,-0.009605098515748978,-0.04673617333173752,0.009750179946422577,-0.021102428436279297,0.11940184235572815
frame_000454.png,frame_000455.png,-0.1309337615966797,-0.009963806718587875,-0.03786102309823036,0.007321634329855442,-0.01808750256896019,0.11670929193496704
frame_000455.png,frame_000456.png,-0.11878161877393723,-0.010182373225688934,-0.026407061144709587,0.0038762791082262993,-0.014426405541598797,0.11469177156686783
frame_000456.png,frame_000457.png,-0.10687281936407089,-0.012609774246811867,-0.019008450210094452,-0.001100318506360054,-0.012459895573556423,0.11173924803733826
frame_000457.png,frame_000458.png,-0.09201367944478989,-0.01583489030599594,-0.011372381821274757,-0.006171445362269878,-0.010507184080779552,0.1084764152765274
frame_000458.png,frame_000459.png,-0.07719626277685165,-0.018891077488660812,-0.008564155548810959,-0.010261017829179764,-0.0076513225212693214,0.10732708871364594
frame_000459.png,frame_000460.png,-0.06677616387605667,-0.01936628855764866,-0.0026329010725021362,-0.012175235897302628,-0.004237246699631214,0.10716789960861206
frame_000460.png,frame_000461.png,-0.056307412683963776,-0.021398702636361122,0.0017201974987983704,-0.01527347881346941,-0.0013159168884158134,0.10935978591442108
frame_000461.png,frame_000462.png,-0.0455046072602272,-0.0218371395021677,0.009677242487668991,-0.019947677850723267,0.0005235187709331512,0.11094836890697479
frame_000462.png,frame_000463.png,-0.03453928977251053,-0.022156937047839165,0.022529464215040207,-0.03032185137271881,0.0026515955105423927,0.11394952982664108
frame_000463.png,frame_000464.png,-0.02636866271495819,-0.01966938003897667,0.03740493208169937,-0.04108377918601036,0.0033111469820141792,0.11445124447345734
frame_000464.png,frame_000465.png,-0.023359224200248718,-0.014831891283392906,0.04708700254559517,-0.048569172620773315,0.003613135777413845,0.11426269263029099
frame_000465.png,frame_000466.png,-0.02368045598268509,-0.010092362761497498,0.05341293290257454,-0.05604802072048187,0.0031952382996678352,0.11334273219108582
frame_000466.png,frame_000467.png,-0.02409779280424118,-0.00663275271654129,0.06392775475978851,-0.06212720274925232,0.0032808640971779823,0.10978081822395325
frame_000467.png,frame_000468.png,-0.026367515325546265,-0.0053636133670806885,0.0704544335603714,-0.06648523360490799,0.0029505575075745583,0.1076144278049469
frame_000468.png,frame_000469.png,-0.030271492898464203,-0.004335198551416397,0.07796783745288849,-0.0715327262878418,0.002740520052611828,0.10533193498849869
frame_000469.png,frame_000470.png,-0.03682919591665268,-0.0046719834208488464,0.08945892751216888,-0.08011197298765182,0.0009296005591750145,0.101353719830513
frame_000470.png,frame_000471.png,-0.0509759858250618,-0.005648180842399597,0.09800826013088226,-0.08913514763116837,-0.0012325411662459373,0.09535611420869827
frame_000471.png,frame_000472.png,-0.06977101415395737,-0.003922678530216217,0.09322072565555573,-0.09348829090595245,-0.003133459948003292,0.09311097860336304
frame_000472.png,frame_000473.png,-0.08363387733697891,-0.002899065613746643,0.08616556227207184,-0.08937898278236389,-0.005893249996006489,0.08992955088615417
frame_000473.png,frame_000474.png,-0.09570006281137466,-0.003635801374912262,0.07665690779685974,-0.07944664359092712,-0.008638801984488964,0.08657693862915039
frame_000474.png,frame_000475.png,-0.10317059606313705,-0.004855938255786896,0.06504146754741669,-0.07041166722774506,-0.01006076019257307,0.08805007487535477
frame_000475.png,frame_000476.png,-0.1061687096953392,-0.003500796854496002,0.061675217002630234,-0.06524831056594849,-0.012010258622467518,0.0864047110080719
frame_000476.png,frame_000477.png,-0.11075366288423538,-0.003282301127910614,0.06120337173342705,-0.059001680463552475,-0.014457234181463718,0.0872805118560791
frame_000477.png,frame_000478.png,-0.11430224031209946,-0.007410071790218353,0.05678356811404228,-0.05553461238741875,-0.0161837637424469,0.08883711695671082
frame_000478.png,frame_000479.png,-0.1148781105875969,-0.012065961956977844,0.05579916760325432,-0.053783923387527466,-0.015775613486766815,0.08913585543632507
frame_000479.png,frame_000480.png,-0.11403163522481918,-0.015435129404067993,0.05357746407389641,-0.048951275646686554,-0.014911950565874577,0.08842311054468155
frame_000480.png,frame_000481.png,-0.10826421529054642,-0.019220644608139992,0.050910379737615585,-0.046547990292310715,-0.014922830276191235,0.0889320820569992
frame_000481.png,frame_000482.png,-0.10192587226629257,-0.02361893281340599,0.047983404248952866,-0.044770557433366776,-0.014057568274438381,0.09187595546245575
frame_000482.png,frame_000483.png,-0.09406634420156479,-0.026657987385988235,0.04832756891846657,-0.04372701048851013,-0.013158190064132214,0.09358030557632446
frame_000483.png,frame_000484.png,-0.08386371284723282,-0.028530146926641464,0.04885224625468254,-0.04295092448592186,-0.011788998730480671,0.09654170274734497
frame_000484.png,frame_000485.png,-0.07857007533311844,-0.02855769731104374,0.052428435534238815,-0.04184599220752716,-0.011006693355739117,0.09792280197143555
frame_000485.png,frame_000486.png,-0.0747089758515358,-0.028422540053725243,0.05564483627676964,-0.04190988838672638,-0.011094075627624989,0.09725525975227356
frame_000486.png,frame_000487.png,-0.07159196585416794,-0.028909672051668167,0.05612149462103844,-0.040385227650403976,-0.011197839863598347,0.09733639657497406
frame_000487.png,frame_000488.png,-0.07001075893640518,-0.03165479376912117,0.05635445937514305,-0.03983598202466965,-0.010953874327242374,0.09497879445552826
frame_000488.png,frame_000489.png,-0.0709589496254921,-0.03570115938782692,0.05546146258711815,-0.039604831486940384,-0.011060965247452259,0.09008799493312836
frame_000489.png,frame_000490.png,-0.0672823116183281,-0.037722375243902206,0.052184801548719406,-0.03900812193751335,-0.010633486323058605,0.08193709701299667
frame_000490.png,frame_000491.png,-0.0588393434882164,-0.04042081534862518,0.045924242585897446,-0.04027099534869194,-0.010520127601921558,0.07241570204496384
frame_000491.png,frame_000492.png,-0.04112938791513443,-0.0458594486117363,0.04041300714015961,-0.04554463550448418,-0.009964662604033947,0.06003370136022568
frame_000492.png,frame_000493.png,-0.020693443715572357,-0.04624025523662567,0.03755423054099083,-0.055831409990787506,-0.009839198552072048,0.05088657885789871
frame_000493.png,frame_000494.png,0.0034843459725379944,-0.04197065532207489,0.044359710067510605,-0.06937865167856216,-0.008390561677515507,0.04529191926121712
frame_000494.png,frame_000495.png,0.018228985369205475,-0.032196592539548874,0.052743684500455856,-0.07983271777629852,-0.008374071680009365,0.03743068501353264
frame_000495.png,frame_000496.png,0.029428735375404358,-0.023531725630164146,0.06647546589374542,-0.08726181089878082,-0.007130620069801807,0.03010375425219536
frame_000496.png,frame_000497.png,0.032234661281108856,-0.015306789427995682,0.08159080147743225,-0.09229925274848938,-0.007380359806120396,0.024959243834018707
frame_000497.png,frame_000498.png,0.02841866761445999,-0.009873617440462112,0.09348100423812866,-0.09498589485883713,-0.008214068599045277,0.02085118740797043
frame_000498.png,frame_000499.png,0.02401425689458847,-0.007489800453186035,0.10062557458877563,-0.09663525223731995,-0.008212252520024776,0.017920248210430145
frame_000499.png,frame_000500.png,0.020758070051670074,-0.006871264427900314,0.10178588330745697,-0.09651109576225281,-0.0077461618930101395,0.01582203060388565
frame_000500.png,frame_000501.png,0.01707208901643753,-0.005660824477672577,0.1007925420999527,-0.0945408046245575,-0.008549739606678486,0.015263338573276997
frame_000501.png,frame_000502.png,0.010755345225334167,-0.005553506314754486,0.10018903017044067,-0.09051422029733658,-0.00937341433018446,0.01435378659516573
frame_000502.png,frame_000503.png,-0.0014357641339302063,-0.0028263218700885773,0.09980791807174683,-0.08478394895792007,-0.009452749975025654,0.014246960170567036
frame_000503.png,frame_000504.png,-0.02110278606414795,0.0008292905986309052,0.10315863788127899,-0.08177869021892548,-0.012067592702805996,0.012254779227077961
frame_000504.png,frame_000505.png,-0.0472128763794899,0.005446247756481171,0.10936987400054932,-0.08049570024013519,-0.016587838530540466,0.009398137219250202
frame_000505.png,frame_000506.png,-0.07307853549718857,0.0073715075850486755,0.11652451753616333,-0.0770304948091507,-0.019248832017183304,0.011384581215679646
frame_000506.png,frame_000507.png,-0.08265792578458786,0.004797756671905518,0.10940486192703247,-0.06728534400463104,-0.023133084177970886,0.013737556524574757
frame_000507.png,frame_000508.png,-0.08917825669050217,0.003738969564437866,0.10149210691452026,-0.0578470453619957,-0.026345662772655487,0.014316852204501629
frame_000508.png,frame_000509.png,-0.09022723883390427,0.002564404159784317,0.09184907376766205,-0.04953969269990921,-0.02864190936088562,0.011565419845283031
frame_000509.png,frame_000510.png,-0.08566831797361374,0.00144195556640625,0.08225396275520325,-0.0452427938580513,-0.02921503409743309,0.008836696855723858
frame_000510.png,frame_000511.png,-0.08239560574293137,0.0012628361582756042,0.07896159589290619,-0.041963476687669754,-0.02968587726354599,0.00432343315333128
frame_000511.png,frame_000512.png,-0.07464026659727097,0.0021812021732330322,0.07634769380092621,-0.038520485162734985,-0.029811091721057892,0.0010602334514260292
frame_000512.png,frame_000513.png,-0.06500210613012314,0.002199240028858185,0.07923991978168488,-0.035171110183000565,-0.029920198023319244,-0.0036559151485562325
frame_000513.png,frame_000514.png,-0.05053781718015671,0.0001747608184814453,0.08388052880764008,-0.032331809401512146,-0.028434380888938904,-0.008534128777682781
frame_000514.png,frame_000515.png,-0.04150717705488205,-0.00023227185010910034,0.0909891128540039,-0.03244216367602348,-0.02695513889193535,-0.009962753392755985
frame_000515.png,frame_000516.png,-0.04024390131235123,0.0005021058022975922,0.09927603602409363,-0.03041403740644455,-0.02614593133330345,-0.011271133087575436
frame_000516.png,frame_000517.png,-0.03891425579786301,0.00017827004194259644,0.10974791646003723,-0.029351994395256042,-0.024675749242305756,-0.011906794272363186
frame_000517.png,frame_000518.png,-0.043511249125003815,0.0013378560543060303,0.12575556337833405,-0.02942488342523575,-0.024374183267354965,-0.0179261714220047
frame_000518.png,frame_000519.png,-0.04848680645227432,0.004827875643968582,0.1536979228258133,-0.029771670699119568,-0.024750836193561554,-0.023624051362276077
frame_000519.png,frame_000520.png,-0.06418202072381973,0.009291000664234161,0.18757176399230957,-0.032953985035419464,-0.02559196576476097,-0.03238032013177872
frame_000520.png,frame_000521.png,-0.08463004976511002,0.00942971184849739,0.2121535837650299,-0.036270301789045334,-0.025075823068618774,-0.03895801678299904
frame_000521.png,frame_000522.png,-0.10422023385763168,0.007117629051208496,0.22575809061527252,-0.03540921211242676,-0.023041214793920517,-0.04636962339282036
frame_000522.png,frame_000523.png,-0.1303209662437439,0.0004897639155387878,0.23769259452819824,-0.035623714327812195,-0.022007837891578674,-0.053578585386276245
frame_000523.png,frame_000524.png,-0.15848460793495178,-0.009149320423603058,0.2446727156639099,-0.03461179882287979,-0.021221823990345,-0.05893293768167496
frame_000524.png,frame_000525.png,-0.18650245666503906,-0.019243814051151276,0.24997034668922424,-0.03361837565898895,-0.021529681980609894,-0.06281928718090057
frame_000525.png,frame_000526.png,-0.21399155259132385,-0.027915336191654205,0.2564042806625366,-0.03432546928524971,-0.02263767272233963,-0.06438747048377991
frame_000526.png,frame_000527.png,-0.23900368809700012,-0.03292049467563629,0.26343727111816406,-0.03498048707842827,-0.023617923259735107,-0.06390264630317688
frame_000527.png,frame_000528.png,-0.2587954103946686,-0.0338803194463253,0.27168309688568115,-0.03583773598074913,-0.02455749362707138,-0.05845510587096214
frame_000528.png,frame_000529.png,-0.27380263805389404,-0.033524446189403534,0.2762385308742523,-0.03652743250131607,-0.025326229631900787,-0.053097184747457504
frame_000529.png,frame_000530.png,-0.28371158242225647,-0.032405540347099304,0.2781297266483307,-0.03568899631500244,-0.0262376070022583,-0.0490773543715477
frame_000530.png,frame_000531.png,-0.2913007438182831,-0.03162584826350212,0.2776479423046112,-0.03380966559052467,-0.02702055126428604,-0.04473782703280449
frame_000531.png,frame_000532.png,-0.2967934310436249,-0.02994643896818161,0.2781306207180023,-0.031228478997945786,-0.027865402400493622,-0.039993491023778915
frame_000532.png,frame_000533.png,-0.30250051617622375,-0.029012469574809074,0.2785189747810364,-0.0300365649163723,-0.027578704059123993,-0.036167338490486145
frame_000533.png,frame_000534.png,-0.30691710114479065,-0.027891719713807106,0.2804953157901764,-0.029317889362573624,-0.02772361785173416,-0.031513530761003494
frame_000534.png,frame_000535.png,-0.3116336166858673,-0.026977721601724625,0.2841363251209259,-0.029066726565361023,-0.027234070003032684,-0.02746966853737831
frame_000535.png,frame_000536.png,-0.316776305437088,-0.026439907029271126,0.29170671105384827,-0.02915295585989952,-0.026512131094932556,-0.026921473443508148
frame_000536.png,frame_000537.png,-0.32121384143829346,-0.028295867145061493,0.3090529143810272,-0.028801679611206055,-0.026001565158367157,-0.030418384820222855
frame_000537.png,frame_000538.png,-0.32881152629852295,-0.030827956274151802,0.3336719870567322,-0.027228280901908875,-0.025466203689575195,-0.03278079628944397
frame_000538.png,frame_000539.png,-0.33470287919044495,-0.03359607607126236,0.3511016070842743,-0.02302379161119461,-0.023925669491291046,-0.031434573233127594
frame_000539.png,frame_000540.png,-0.33591216802597046,-0.03801789879798889,0.361662894487381,-0.018922213464975357,-0.022057518362998962,-0.02967214584350586
frame_000540.png,frame_000541.png,-0.3354935348033905,-0.04206492751836777,0.36902937293052673,-0.014566446654498577,-0.019817262887954712,-0.02988465130329132
frame_000541.png,frame_000542.png,-0.336385041475296,-0.046535030007362366,0.37440815567970276,-0.012825830839574337,-0.01754731684923172,-0.030693892389535904
frame_000542.png,frame_000543.png,-0.33891013264656067,-0.049927085638046265,0.3811403810977936,-0.013518272899091244,-0.015462138690054417,-0.030407723039388657
frame_000543.png,frame_000544.png,-0.34320756793022156,-0.05263353884220123,0.3908419907093048,-0.019463591277599335,-0.01299202535301447,-0.032737355679273605
frame_000544.png,frame_000545.png,-0.3506172001361847,-0.053602997213602066,0.40611788630485535,-0.030534006655216217,-0.010059141553938389,-0.03905513882637024
frame_000545.png,frame_000546.png,-0.3588201105594635,-0.05493626743555069,0.42134690284729004,-0.043106865137815475,-0.006911338306963444,-0.04492035508155823
frame_000546.png,frame_000547.png,-0.36423546075820923,-0.05764801800251007,0.43218764662742615,-0.0520649179816246,-0.0028920182958245277,-0.048614248633384705
frame_000547.png,frame_000548.png,-0.36649516224861145,-0.06098722666501999,0.437644362449646,-0.056365691125392914,0.0009741773828864098,-0.051344871520996094
frame_000548.png,frame_000549.png,-0.365784615278244,-0.06469173729419708,0.4376682937145233,-0.057613201439380646,0.0031272387132048607,-0.051937300711870193
frame_000549.png,frame_000550.png,-0.3615095913410187,-0.0663699209690094,0.43520185351371765,-0.058051321655511856,0.003943785093724728,-0.05349111184477806
frame_000550.png,frame_000551.png,-0.3516975939273834,-0.0651264414191246,0.4271238446235657,-0.05828002095222473,0.0027584871277213097,-0.056489214301109314
frame_000551.png,frame_000552.png,-0.33992987871170044,-0.059997040778398514,0.41425955295562744,-0.05772066488862038,0.00034721847623586655,-0.062852643430233
frame_000552.png,frame_000553.png,-0.3256664574146271,-0.05452124774456024,0.3983358144760132,-0.057992834597826004,-0.0016830945387482643,-0.06927397847175598
frame_000553.png,frame_000554.png,-0.31260445713996887,-0.051678989082574844,0.38104841113090515,-0.054915908724069595,-0.002686583437025547,-0.0733414888381958
frame_000554.png,frame_000555.png,-0.29795899987220764,-0.04732734337449074,0.36850255727767944,-0.05174754932522774,-0.002365485765039921,-0.07642382383346558
frame_000555.png,frame_000556.png,-0.2792060375213623,-0.042329661548137665,0.3647845685482025,-0.05103759467601776,0.00020320620387792587,-0.07568443566560745
frame_000556.png,frame_000557.png,-0.2565177381038666,-0.0363084077835083,0.36950549483299255,-0.05422135442495346,0.0033847084268927574,-0.07396864145994186
frame_000557.png,frame_000558.png,-0.22770726680755615,-0.030539492145180702,0.38088253140449524,-0.05723297595977783,0.006895671598613262,-0.07010887563228607
frame_000558.png,frame_000559.png,-0.19532030820846558,-0.026659082621335983,0.39359793066978455,-0.059469059109687805,0.012243463657796383,-0.06604050099849701
frame_000559.png,frame_000560.png,-0.1566137671470642,-0.025127150118350983,0.40245112776756287,-0.06251905858516693,0.019851185381412506,-0.06242021173238754
frame_000560.png,frame_000561.png,-0.12110043317079544,-0.025346804410219193,0.4100912809371948,-0.0662798210978508,0.025425635278224945,-0.0608992725610733
frame_000561.png,frame_000562.png,-0.09539822489023209,-0.027750693261623383,0.4172673225402832,-0.06757664680480957,0.0283963605761528,-0.059556927531957626
frame_000562.png,frame_000563.png,-0.07805290073156357,-0.03157275915145874,0.42469483613967896,-0.06758773326873779,0.030574582517147064,-0.05687325447797775
frame_000563.png,frame_000564.png,-0.06768748909235,-0.035689570009708405,0.4351673722267151,-0.06833779066801071,0.031710684299468994,-0.0531596764922142
frame_000564.png,frame_000565.png,-0.061662666499614716,-0.04204738140106201,0.44564878940582275,-0.06914301961660385,0.03334574028849602,-0.05139974504709244
frame_000565.png,frame_000566.png,-0.054400719702243805,-0.04601440578699112,0.4566175937652588,-0.06895870715379715,0.03423943743109703,-0.049616944044828415
frame_000566.png,frame_000567.png,-0.04591240733861923,-0.04819202423095703,0.4644247889518738,-0.06922276318073273,0.033641427755355835,-0.05156613886356354
frame_000567.png,frame_000568.png,-0.03640999644994736,-0.04868640378117561,0.47353366017341614,-0.06914936006069183,0.03340186923742294,-0.05331602692604065
frame_000568.png,frame_000569.png,-0.024524979293346405,-0.048728570342063904,0.4852791130542755,-0.06916908919811249,0.03348959609866142,-0.05637352168560028
frame_000569.png,frame_000570.png,-0.008354656398296356,-0.04620771482586861,0.4876343309879303,-0.06838484108448029,0.03381632640957832,-0.05993806943297386
frame_000570.png,frame_000571.png,0.010085515677928925,-0.04091208055615425,0.4837930500507355,-0.06882033497095108,0.0342886783182621,-0.06280303001403809
frame_000571.png,frame_000572.png,0.025144867599010468,-0.035279057919979095,0.47940245270729065,-0.07055459916591644,0.03452790901064873,-0.06215522810816765
frame_000572.png,frame_000573.png,0.03619927540421486,-0.03091222420334816,0.47128286957740784,-0.06999097764492035,0.03379553183913231,-0.060337163507938385
frame_000573.png,frame_000574.png,0.04076382890343666,-0.026277177035808563,0.46138861775398254,-0.06832845509052277,0.03204120323061943,-0.058084648102521896
frame_000574.png,frame_000575.png,0.042682379484176636,-0.021656367927789688,0.4546261131763458,-0.06662021577358246,0.03086046874523163,-0.05529690533876419
frame_000575.png,frame_000576.png,0.042206596583127975,-0.01898328959941864,0.450069397687912,-0.06511717289686203,0.029718365520238876,-0.0555979460477829
frame_000576.png,frame_000577.png,0.03973257541656494,-0.019027993083000183,0.45146533846855164,-0.06309814751148224,0.03141587972640991,-0.05381418392062187
frame_000577.png,frame_000578.png,0.03896890953183174,-0.020442061126232147,0.45686206221580505,-0.059468500316143036,0.03509417548775673,-0.05316760763525963
frame_000578.png,frame_000579.png,0.03939022123813629,-0.02555227093398571,0.468069851398468,-0.0515163317322731,0.03894911706447601,-0.051056280732154846
frame_000579.png,frame_000580.png,0.041228532791137695,-0.03248707205057144,0.47200632095336914,-0.03839024901390076,0.04163741320371628,-0.05068615451455116
frame_000580.png,frame_000581.png,0.04157598689198494,-0.0381283164024353,0.4649139940738678,-0.027637604624032974,0.04234468936920166,-0.051804982125759125
frame_000581.png,frame_000582.png,0.04387052357196808,-0.04115323722362518,0.4552827477455139,-0.017092101275920868,0.04106764495372772,-0.05457858368754387
frame_000582.png,frame_000583.png,0.041626960039138794,-0.04324833303689957,0.445527583360672,-0.007865655235946178,0.03671256825327873,-0.05761522427201271
frame_000583.png,frame_000584.png,0.03543977439403534,-0.04691091179847717,0.4432670772075653,-0.0032960129901766777,0.03229564428329468,-0.06023074686527252
frame_000584.png,frame_000585.png,0.03180132061243057,-0.04556571692228317,0.4398553669452667,-0.002048376016318798,0.02776404470205307,-0.06675230711698532
frame_000585.png,frame_000586.png,0.03171354532241821,-0.03793592005968094,0.43157216906547546,-0.002726122736930847,0.02179725468158722,-0.07199381291866302
frame_000586.png,frame_000587.png,0.03364017978310585,-0.026886943727731705,0.4253469407558441,0.0020644282922148705,0.011306977830827236,-0.06623078137636185
frame_000587.png,frame_000588.png,0.03516418859362602,-0.019183557480573654,0.4177609384059906,0.004525898955762386,0.004772541578859091,-0.06008629873394966
frame_000588.png,frame_000589.png,0.04055098444223404,-0.01312284916639328,0.41034364700317383,0.0065183984115719795,0.004270873032510281,-0.0522322878241539
frame_000589.png,frame_000590.png,0.054925769567489624,-0.004806555807590485,0.40295135974884033,0.004758722148835659,0.010590804740786552,-0.04768211022019386
frame_000590.png,frame_000591.png,0.07457311451435089,-0.0022623054683208466,0.4128250777721405,0.003023560158908367,0.018849287182092667,-0.03876904770731926
frame_000591.png,frame_000592.png,0.08512472361326218,-0.010107167065143585,0.4455866515636444,0.0024893665686249733,0.028762422502040863,-0.030624382197856903
frame_000592.png,frame_000593.png,0.0886731818318367,-0.017165444791316986,0.4718404710292816,0.0009122202172875404,0.03478683531284332,-0.028947293758392334
frame_000593.png,frame_000594.png,0.09264218062162399,-0.022358374670147896,0.48670414090156555,0.0026480304077267647,0.03693274408578873,-0.028925947844982147
frame_000594.png,frame_000595.png,0.09464919567108154,-0.024848829954862595,0.4937456548213959,0.004265982657670975,0.037851035594940186,-0.031984295696020126
frame_000595.png,frame_000596.png,0.09658928960561752,-0.02669680304825306,0.49426743388175964,0.008001450449228287,0.03839036822319031,-0.03549792245030403
frame_000596.png,frame_000597.png,0.0946274846792221,-0.0273506548255682,0.49373045563697815,0.012048567645251751,0.03517277166247368,-0.03838849067687988
frame_000597.png,frame_000598.png,0.09101258963346481,-0.03140348196029663,0.4882566034793854,0.01644909754395485,0.032973892986774445,-0.04100868105888367
frame_000598.png,frame_000599.png,0.08961119502782822,-0.03670424968004227,0.48084262013435364,0.018737852573394775,0.03199484571814537,-0.043151162564754486
frame_000599.png,frame_000600.png,0.08964575082063675,-0.04034610092639923,0.4772024154663086,0.018682263791561127,0.031825076788663864,-0.04583238065242767
frame_000600.png,frame_000601.png,0.09014223515987396,-0.04261452704668045,0.4770025908946991,0.018353454768657684,0.03118012100458145,-0.045887455344200134
frame_000601.png,frame_000602.png,0.08841957896947861,-0.04183775186538696,0.4791984260082245,0.017967164516448975,0.030801966786384583,-0.04443012550473213
frame_000602.png,frame_000603.png,0.08497295528650284,-0.042502373456954956,0.48019078373908997,0.01890629529953003,0.030649982392787933,-0.04356794059276581
frame_000603.png,frame_000604.png,0.08292203396558762,-0.04295209422707558,0.4818483889102936,0.020852871239185333,0.030379358679056168,-0.04233967885375023
frame_000604.png,frame_000605.png,0.0811837911605835,-0.04178827255964279,0.4835246503353119,0.02281557396054268,0.02941671758890152,-0.041294701397418976
frame_000605.png,frame_000606.png,0.07879067957401276,-0.04114452004432678,0.4859112799167633,0.021959781646728516,0.02851513773202896,-0.039940495043992996
frame_000606.png,frame_000607.png,0.07891572266817093,-0.0411587730050087,0.48690077662467957,0.02011803165078163,0.027617890387773514,-0.03888093680143356
frame_000607.png,frame_000608.png,0.08054330199956894,-0.0408087894320488,0.4867109954357147,0.01764458790421486,0.02698351815342903,-0.03819494694471359
frame_000608.png,frame_000609.png,0.08394262939691544,-0.03985581547021866,0.48633167147636414,0.015906862914562225,0.026306673884391785,-0.039614710956811905
frame_000609.png,frame_000610.png,0.08736392110586166,-0.037396252155303955,0.4865885078907013,0.015073335729539394,0.024090252816677094,-0.040011245757341385
frame_000610.png,frame_000611.png,0.09053702652454376,-0.03547672927379608,0.4857540428638458,0.015615218318998814,0.021051911637187004,-0.0404791384935379
frame_000611.png,frame_000612.png,0.09335498511791229,-0.0335703119635582,0.4874456822872162,0.014637005515396595,0.017790857702493668,-0.040511950850486755
frame_000612.png,frame_000613.png,0.09424203634262085,-0.0309305302798748,0.4890143573284149,0.013421603478491306,0.01488665584474802,-0.04061082378029823
frame_000613.png,frame_000614.png,0.09480652213096619,-0.028662782162427902,0.4893518388271332,0.010923366993665695,0.012328144162893295,-0.04014670103788376
frame_000614.png,frame_000615.png,0.0954153910279274,-0.026404058560729027,0.4876314103603363,0.008437997661530972,0.009670461528003216,-0.04101433977484703
frame_000615.png,frame_000616.png,0.0982697531580925,-0.023621108382940292,0.48522940278053284,0.006865779869258404,0.008561542257666588,-0.043419137597084045
frame_000616.png,frame_000617.png,0.102333664894104,-0.02005244977772236,0.4829268157482147,0.007037163712084293,0.007658536080271006,-0.046714648604393005
frame_000617.png,frame_000618.png,0.10991392284631729,-0.017480600625276566,0.47524145245552063,0.00712785217911005,0.0076842824928462505,-0.05247509106993675
frame_000618.png,frame_000619.png,0.12651190161705017,-0.011758662760257721,0.46326324343681335,0.006654382683336735,0.00816358532756567,-0.05918489396572113
frame_000619.png,frame_000620.png,0.15355083346366882,-0.0004676058888435364,0.4417247474193573,0.002655080519616604,0.00723723229020834,-0.06278564780950546
frame_000620.png,frame_000621.png,0.1813385784626007,0.01501975953578949,0.41638144850730896,-0.002906917594373226,0.005213371478021145,-0.06396046280860901
frame_000621.png,frame_000622.png,0.2043318748474121,0.028326623141765594,0.39564213156700134,-0.006825687363743782,0.004029016010463238,-0.06348217278718948
frame_000622.png,frame_000623.png,0.22099491953849792,0.03963980823755264,0.3795640468597412,-0.0072847288101911545,0.0025305626913905144,-0.059856660664081573
frame_000623.png,frame_000624.png,0.23193678259849548,0.046511001884937286,0.3654770255088806,-0.005180595442652702,0.0006149793043732643,-0.05317717418074608
frame_000624.png,frame_000625.png,0.23934584856033325,0.050632841885089874,0.35588499903678894,-0.000999937765300274,-6.641354411840439e-05,-0.047937750816345215
frame_000625.png,frame_000626.png,0.24411919713020325,0.05254118889570236,0.35120752453804016,0.003976412117481232,0.0003772284835577011,-0.04287281259894371
frame_000626.png,frame_000627.png,0.24492782354354858,0.05054747313261032,0.3540284335613251,0.0071374597027897835,0.0020916564390063286,-0.038815200328826904
frame_000627.png,frame_000628.png,0.24177125096321106,0.04283302277326584,0.36861568689346313,0.007357625290751457,0.006041043438017368,-0.03539993613958359
frame_000628.png,frame_000629.png,0.23576760292053223,0.03150007873773575,0.38989511132240295,0.00806801114231348,0.010643793269991875,-0.032229963690042496
frame_000629.png,frame_000630.png,0.22851502895355225,0.020046696066856384,0.4097033739089966,0.009841898456215858,0.013117952272295952,-0.030156254768371582
frame_000630.png,frame_000631.png,0.2210601568222046,0.01305011659860611,0.4232044816017151,0.010597430169582367,0.012496705166995525,-0.029467783868312836
frame_000631.png,frame_000632.png,0.2149866372346878,0.008806951344013214,0.43264296650886536,0.009068389423191547,0.010928328149020672,-0.029324855655431747
frame_000632.png,frame_000633.png,0.2108597755432129,0.007812842726707458,0.43757352232933044,0.00991090014576912,0.010398059152066708,-0.030124880373477936
frame_000633.png,frame_000634.png,0.21138368546962738,0.0076832883059978485,0.43983402848243713,0.011239572428166866,0.011628031730651855,-0.03294353559613228
frame_000634.png,frame_000635.png,0.216864675283432,0.005354069173336029,0.43913984298706055,0.012574889697134495,0.013188706710934639,-0.03452778607606888
frame_000635.png,frame_000636.png,0.22307413816452026,0.002277188003063202,0.43505579233169556,0.01385763380676508,0.013735548593103886,-0.03337424248456955
frame_000636.png,frame_000637.png,0.2268998920917511,-0.0013205185532569885,0.42977479100227356,0.014823037199676037,0.015427441336214542,-0.032622724771499634
frame_000637.png,frame_000638.png,0.23024585843086243,-0.004246383905410767,0.42489945888519287,0.016110163182020187,0.01586761325597763,-0.02988031506538391
frame_000638.png,frame_000639.png,0.23503437638282776,-0.005150903016328812,0.4209023416042328,0.01714983955025673,0.014578505419194698,-0.02528095245361328
frame_000639.png,frame_000640.png,0.23915421962738037,-0.005944430828094482,0.4135284125804901,0.020251154899597168,0.011182154528796673,-0.020497877150774002
frame_000640.png,frame_000641.png,0.24261918663978577,-0.005128346383571625,0.40684792399406433,0.0231529101729393,0.008298787288367748,-0.01675349846482277
frame_000641.png,frame_000642.png,0.24671977758407593,-0.004770725965499878,0.4008014500141144,0.026695426553487778,0.0054407017305493355,-0.013764339499175549
frame_000642.png,frame_000643.png,0.24765616655349731,-0.004311129450798035,0.3999882638454437,0.027965039014816284,0.002755538560450077,-0.01107561495155096
frame_000643.png,frame_000644.png,0.24707496166229248,-0.0036566555500030518,0.4006565511226654,0.029873423278331757,0.0006907200440764427,-0.006266470067203045
frame_000644.png,frame_000645.png,0.24535229802131653,-0.004254668951034546,0.4032829701900482,0.031930744647979736,-0.001938088797032833,-0.0007484769448637962
frame_000645.png,frame_000646.png,0.24543508887290955,-0.005860060453414917,0.40307071805000305,0.035527125000953674,-0.005945795215666294,0.006071695126593113
frame_000646.png,frame_000647.png,0.2417253851890564,-0.005874447524547577,0.4078739583492279,0.03336114063858986,-0.00900947768241167,0.007133715786039829
frame_000647.png,frame_000648.png,0.23695391416549683,-0.004773944616317749,0.40998151898384094,0.03213374689221382,-0.011085587553679943,0.007029012776911259
frame_000648.png,frame_000649.png,0.231041818857193,-0.0054938904941082,0.4111984670162201,0.03136909753084183,-0.013030759058892727,0.006319922395050526
frame_000649.png,frame_000650.png,0.22414782643318176,-0.005497116595506668,0.41292575001716614,0.029942981898784637,-0.013605487532913685,0.005561460740864277
frame_000650.png,frame_000651.png,0.21738120913505554,-0.0067741759121418,0.41238531470298767,0.027739137411117554,-0.013096612878143787,0.004605022259056568
frame_000651.png,frame_000652.png,0.21286222338676453,-0.008491549640893936,0.4129369556903839,0.028409305959939957,-0.0115588353946805,0.003983252681791782
frame_000652.png,frame_000653.png,0.21229591965675354,-0.011917177587747574,0.41312500834465027,0.032371409237384796,-0.008322506211698055,0.002936967648565769
frame_000653.png,frame_000654.png,0.2091694474220276,-0.013508222997188568,0.41663995385169983,0.0307924747467041,-0.005295995622873306,-0.0019951937720179558
frame_000654.png,frame_000655.png,0.20437395572662354,-0.013830427080392838,0.4231264293193817,0.02868209406733513,-0.0027656974270939827,-0.007481704466044903
frame_000655.png,frame_000656.png,0.20296813547611237,-0.013267908245325089,0.4275857210159302,0.0272270068526268,-0.002352318726480007,-0.011264706961810589
frame_000656.png,frame_000657.png,0.2043338119983673,-0.012267619371414185,0.4257940948009491,0.02796492725610733,-0.0023923469707369804,-0.01111623551696539
frame_000657.png,frame_000658.png,0.20941799879074097,-0.010775133967399597,0.41992053389549255,0.030557453632354736,-0.0023346813395619392,-0.009496076963841915
frame_000658.png,frame_000659.png,0.21574337780475616,-0.010437600314617157,0.41651812195777893,0.03175199776887894,-0.0021202601492404938,-0.009006279520690441
frame_000659.png,frame_000660.png,0.22082987427711487,-0.00894252210855484,0.41514283418655396,0.029756560921669006,-0.0016198614612221718,-0.008391174487769604
frame_000660.png,frame_000661.png,0.2250802218914032,-0.006918646395206451,0.41710230708122253,0.026551421731710434,-0.0018083984032273293,-0.0055924346670508385
frame_000661.png,frame_000662.png,0.22902250289916992,-0.006140854209661484,0.4192357063293457,0.0252605639398098,-0.00399384181946516,0.004606516100466251
frame_000662.png,frame_000663.png,0.2320062518119812,-0.003636416047811508,0.4200949966907501,0.02307867631316185,-0.007376723922789097,0.016462355852127075
frame_000663.png,frame_000664.png,0.23332419991493225,-0.002468109130859375,0.41756758093833923,0.02169843018054962,-0.010348771698772907,0.026498284190893173
frame_000664.png,frame_000665.png,0.23121696710586548,-0.003394313156604767,0.41644221544265747,0.019567999988794327,-0.011918370611965656,0.0313057079911232
frame_000665.png,frame_000666.png,0.22747758030891418,-0.005559757351875305,0.4174196422100067,0.019117232412099838,-0.01174792367964983,0.03500043973326683
frame_000666.png,frame_000667.png,0.2227340042591095,-0.009463954716920853,0.4150545597076416,0.01635216549038887,-0.011554469354450703,0.03833579644560814
frame_000667.png,frame_000668.png,0.22021526098251343,-0.011065298691391945,0.413860946893692,0.012988907285034657,-0.011063412763178349,0.03577365726232529
frame_000668.png,frame_000669.png,0.21823474764823914,-0.011897001415491104,0.4070710241794586,0.010261792689561844,-0.011849508620798588,0.033163368701934814
frame_000669.png,frame_000670.png,0.21788501739501953,-0.009350158274173737,0.4012517035007477,0.011159648187458515,-0.015597633086144924,0.03109508380293846
frame_000670.png,frame_000671.png,0.22164958715438843,-0.0043915435671806335,0.39838549494743347,0.01677577942609787,-0.018532495945692062,0.03361652046442032
frame_000671.png,frame_000672.png,0.22451269626617432,0.0010477825999259949,0.4005790948867798,0.02062457799911499,-0.020695123821496964,0.03434372320771217
frame_000672.png,frame_000673.png,0.2325575053691864,0.006025020033121109,0.3964199125766754,0.0256807841360569,-0.020312290638685226,0.03224518150091171
frame_000673.png,frame_000674.png,0.23916348814964294,0.007786273956298828,0.3882139027118683,0.0252438522875309,-0.018817108124494553,0.029047001153230667
frame_000674.png,frame_000675.png,0.2491838037967682,0.00894855335354805,0.37588340044021606,0.029002197086811066,-0.01732296124100685,0.028104212135076523
frame_000675.png,frame_000676.png,0.2619704306125641,0.010765567421913147,0.3477906882762909,0.035320863127708435,-0.017808713018894196,0.034256692975759506
frame_000676.png,frame_000677.png,0.2757139801979065,0.015847574919462204,0.31606850028038025,0.03970636799931526,-0.016858264803886414,0.04135921970009804
frame_000677.png,frame_000678.png,0.29348281025886536,0.019775789231061935,0.29683253169059753,0.045532017946243286,-0.010927279479801655,0.03899329900741577
frame_000678.png,frame_000679.png,0.302469402551651,0.022606484591960907,0.29105815291404724,0.04187116026878357,-0.012830461375415325,0.040038760751485825
frame_000679.png,frame_000680.png,0.299469918012619,0.023235253989696503,0.31563884019851685,0.034026362001895905,-0.01892058178782463,0.05193392187356949
frame_000680.png,frame_000681.png,0.2735579013824463,0.024465098977088928,0.3689488470554352,0.011125822551548481,-0.022936925292015076,0.05723322182893753
frame_000681.png,frame_000682.png,0.25993621349334717,0.025128036737442017,0.41476115584373474,0.0007689511403441429,-0.022930555045604706,0.058976687490940094
frame_000682.png,frame_000683.png,0.24436211585998535,0.02333570271730423,0.4457813799381256,0.0003700209781527519,-0.023363366723060608,0.057680048048496246
frame_000683.png,frame_000684.png,0.23305729031562805,0.02511410415172577,0.4574601948261261,-0.001845833845436573,-0.019032906740903854,0.05289054661989212
frame_000684.png,frame_000685.png,0.23284924030303955,0.026465468108654022,0.457674115896225,-0.0016811443492770195,-0.011538981460034847,0.05287887901067734
frame_000685.png,frame_000686.png,0.23070132732391357,0.019656773656606674,0.46312007308006287,0.0017136288806796074,-0.01049280259758234,0.061494454741477966
frame_000686.png,frame_000687.png,0.22341790795326233,0.01899268850684166,0.4632638394832611,0.0018124505877494812,-0.005922667682170868,0.06472770869731903
frame_000687.png,frame_000688.png,0.22536447644233704,0.024795472621917725,0.46635177731513977,0.003706189803779125,0.001228872686624527,0.05949276685714722
frame_000688.png,frame_000689.png,0.22115647792816162,0.029267385601997375,0.4609655737876892,-0.00045274198055267334,0.0027567334473133087,0.05117476359009743
frame_000689.png,frame_000690.png,0.21365168690681458,0.038165509700775146,0.4513196051120758,0.006118031218647957,0.003403661772608757,0.046065397560596466
frame_000690.png,frame_000691.png,0.2169255018234253,0.03823968023061752,0.4356403350830078,0.00795078743249178,0.004759068600833416,0.04646419733762741
frame_000691.png,frame_000692.png,0.21338754892349243,0.03935227543115616,0.4171666204929352,0.0021559419110417366,0.001499841921031475,0.04726796969771385
frame_000692.png,frame_000693.png,0.205014169216156,0.04194701462984085,0.4103705585002899,-0.00728125125169754,-0.003987007774412632,0.04875025898218155
frame_000693.png,frame_000694.png,0.1858067512512207,0.037571437656879425,0.4047868251800537,-0.015860669314861298,-0.009859372861683369,0.05435578525066376
frame_000694.png,frame_000695.png,0.17813050746917725,0.042551033198833466,0.40592941641807556,-0.02082030102610588,-0.01458026748150587,0.05735289305448532
frame_000695.png,frame_000696.png,0.17234957218170166,0.04718693345785141,0.4033198058605194,-0.020226001739501953,-0.014209195040166378,0.05241478234529495
frame_000696.png,frame_000697.png,0.16921578347682953,0.04990426450967789,0.4070148169994354,-0.02511642500758171,-0.010546346195042133,0.030247144401073456
frame_000697.png,frame_000698.png,0.15919232368469238,0.045926518738269806,0.41545769572257996,-0.033359453082084656,-0.006699899211525917,0.015498199500143528
frame_000698.png,frame_000699.png,0.14392739534378052,0.03824426233768463,0.41703227162361145,-0.03780392184853554,-0.008519512601196766,0.004063955508172512
frame_000699.png,frame_000700.png,0.13787367939949036,0.034616999328136444,0.42747631669044495,-0.037315547466278076,-0.013847053982317448,0.002858744002878666
frame_000700.png,frame_000701.png,0.12321020662784576,0.0375131294131279,0.43803951144218445,-0.0407927930355072,-0.020650804042816162,0.007033887319266796
frame_000701.png,frame_000702.png,0.11914011836051941,0.04259275645017624,0.4357343018054962,-0.044723521918058395,-0.025435470044612885,0.006134607829153538
frame_000702.png,frame_000703.png,0.11949747800827026,0.04565832018852234,0.42731282114982605,-0.04594908282160759,-0.02594790607690811,-0.0015759309753775597
frame_000703.png,frame_000704.png,0.12381855398416519,0.05015834420919418,0.4097495377063751,-0.052579112350940704,-0.027941908687353134,-0.006508606486022472
frame_000704.png,frame_000705.png,0.13325634598731995,0.05520091950893402,0.3780018389225006,-0.05863358825445175,-0.02816232666373253,-0.010296409018337727
frame_000705.png,frame_000706.png,0.15565437078475952,0.05213038623332977,0.3378311097621918,-0.0603482723236084,-0.028920691460371017,-0.007390453480184078
frame_000706.png,frame_000707.png,0.1908292919397354,0.045580990612506866,0.29389670491218567,-0.06060999631881714,-0.02786613255739212,-0.0033089807257056236
frame_000707.png,frame_000708.png,0.21699029207229614,0.04481040686368942,0.25572991371154785,-0.06122100353240967,-0.028026990592479706,0.0005723210051655769
frame_000708.png,frame_000709.png,0.22829240560531616,0.049776412546634674,0.237539142370224,-0.05818743258714676,-0.026775043457746506,0.0018992656841874123
frame_000709.png,frame_000710.png,0.22927075624465942,0.060078516602516174,0.24333134293556213,-0.05824882537126541,-0.026000507175922394,0.004301208071410656
frame_000710.png,frame_000711.png,0.2271970808506012,0.06374796479940414,0.2368905246257782,-0.05966746062040329,-0.024404771625995636,0.004883606918156147
frame_000711.png,frame_000712.png,0.22651883959770203,0.06361162662506104,0.22618363797664642,-0.05894729867577553,-0.018995516002178192,0.005058630369603634
frame_000712.png,frame_000713.png,0.2189578115940094,0.06479748338460922,0.22081419825553894,-0.0575513057410717,-0.01485325489193201,0.002839961089193821
frame_000713.png,frame_000714.png,0.21354416012763977,0.06780483573675156,0.22474639117717743,-0.05754494667053223,-0.011178717948496342,0.005078691989183426
frame_000714.png,frame_000715.png,0.21083924174308777,0.07470110803842545,0.2307540327310562,-0.06223147734999657,-0.006405000574886799,0.005818539299070835
frame_000715.png,frame_000716.png,0.20494285225868225,0.08414239436388016,0.2454981505870819,-0.06595893949270248,-0.0008206060156226158,0.003392215818166733
frame_000716.png,frame_000717.png,0.19519522786140442,0.09229942411184311,0.260729044675827,-0.07207152247428894,0.00293047446757555,0.0005121035501360893
frame_000717.png,frame_000718.png,0.1904372274875641,0.09844323247671127,0.2718115746974945,-0.07898732274770737,0.006625534035265446,-0.006400193087756634
frame_000718.png,frame_000719.png,0.19280216097831726,0.10771829634904861,0.26917585730552673,-0.08746454864740372,0.013530743308365345,-0.025862623006105423
frame_000719.png,frame_000720.png,0.206392303109169,0.11523892730474472,0.23873987793922424,-0.08928748965263367,0.02231399342417717,-0.044387321919202805
frame_000720.png,frame_000721.png,0.21312391757965088,0.11642753332853317,0.20500701665878296,-0.08113734424114227,0.027968231588602066,-0.05558411777019501
frame_000721.png,frame_000722.png,0.21422436833381653,0.11369139701128006,0.18332460522651672,-0.07491965591907501,0.028545603156089783,-0.05925140529870987
frame_000722.png,frame_000723.png,0.21634556353092194,0.1089344248175621,0.16854286193847656,-0.07045166939496994,0.02582121267914772,-0.05989077687263489
frame_000723.png,frame_000724.png,0.2187212109565735,0.1035468801856041,0.15506088733673096,-0.06619805842638016,0.02027679979801178,-0.05675048381090164
frame_000724.png,frame_000725.png,0.2221813201904297,0.10160685330629349,0.143684521317482,-0.06124139577150345,0.014153803698718548,-0.0501517727971077
frame_000725.png,frame_000726.png,0.22919189929962158,0.10018771141767502,0.1306498646736145,-0.0595734678208828,0.008799607865512371,-0.039773523807525635
frame_000726.png,frame_000727.png,0.2432170808315277,0.09667064994573593,0.10818518698215485,-0.0586523674428463,0.005623838864266872,-0.030618488788604736
frame_000727.png,frame_000728.png,0.2646419405937195,0.09315488487482071,0.08666525781154633,-0.05546301603317261,0.005245870910584927,-0.023267898708581924
frame_000728.png,frame_000729.png,0.28691762685775757,0.0888047143816948,0.0658738762140274,-0.0506843701004982,0.0046389540657401085,-0.012935620732605457
frame_000729.png,frame_000730.png,0.3044998049736023,0.08250191807746887,0.044083934277296066,-0.03828105330467224,0.004143058322370052,-0.0004108911380171776
frame_000730.png,frame_000731.png,0.3244231641292572,0.07711099833250046,0.029879018664360046,-0.015580038540065289,0.0061203306540846825,0.010172114707529545
frame_000731.png,frame_000732.png,0.3294716775417328,0.07881975919008255,0.03444117307662964,-0.005170496180653572,0.008444241248071194,0.00821447279304266
frame_000732.png,frame_000733.png,0.3271155059337616,0.08310713618993759,0.03843529149889946,1.1325813829898834e-05,0.005711420439183712,0.007405226118862629
frame_000733.png,frame_000734.png,0.3276119828224182,0.08898881822824478,0.030854564160108566,0.0005257213488221169,0.0034832386299967766,0.008148628287017345
frame_000734.png,frame_000735.png,0.32813024520874023,0.09475626796483994,0.02469480037689209,0.002248787321150303,0.0028114942833781242,0.007527573965489864
frame_000735.png,frame_000736.png,0.3318350613117218,0.09892871230840683,0.014456894248723984,0.005708861164748669,0.003441224806010723,0.0037047481164336205
frame_000736.png,frame_000737.png,0.3319048285484314,0.10039231926202774,0.01113978773355484,0.007784423418343067,0.0031587807461619377,0.0022511864081025124
frame_000737.png,frame_000738.png,0.329826295375824,0.10086549073457718,0.012093454599380493,0.010132851079106331,0.003992467187345028,0.0020668739452958107
frame_000738.png,frame_000739.png,0.32491233944892883,0.10168171674013138,0.016839995980262756,0.011095579713582993,0.005254528485238552,0.001460541971027851
frame_000739.png,frame_000740.png,0.3211667835712433,0.10188999027013779,0.022957883775234222,0.009983202442526817,0.006700838916003704,0.0012648021802306175
frame_000740.png,frame_000741.png,0.31945034861564636,0.10079006105661392,0.029491934925317764,0.008263520896434784,0.007589380256831646,0.00012686196714639664
frame_000741.png,frame_000742.png,0.31863826513290405,0.09978862851858139,0.035250283777713776,0.007542668841779232,0.006720035336911678,-0.0013477830216288567
frame_000742.png,frame_000743.png,0.3158876597881317,0.09989605098962784,0.03778461366891861,0.004841367714107037,0.0047783805057406425,-0.004651748575270176
frame_000743.png,frame_000744.png,0.31340545415878296,0.10002834349870682,0.04264189302921295,0.0029105860739946365,0.0027981093153357506,-0.00618331041187048
frame_000744.png,frame_000745.png,0.3119812607765198,0.09881014376878738,0.046993304044008255,0.0012024538591504097,0.0010635694488883018,-0.007793041877448559
frame_000745.png,frame_000746.png,0.3149465322494507,0.09746060520410538,0.053744878619909286,-0.0002131182700395584,-0.0005822973325848579,-0.005405229516327381
frame_000746.png,frame_000747.png,0.3206214904785156,0.09711287170648575,0.05709300562739372,-0.002712281420826912,-0.0014621363952755928,-0.0021929675713181496
frame_000747.png,frame_000748.png,0.3282534182071686,0.09567359834909439,0.05775841698050499,-0.003571121022105217,-0.002606910653412342,0.001964275725185871
frame_000748.png,frame_000749.png,0.3272850215435028,0.0932796373963356,0.06623752415180206,-0.004733609035611153,-0.0020982110872864723,0.005523408763110638
frame_000749.png,frame_000750.png,0.3251337707042694,0.08881772309541702,0.076705202460289,-0.005904136225581169,-0.0005708830431103706,0.008733152411878109
frame_000750.png,frame_000751.png,0.3194682002067566,0.08430501073598862,0.08652420341968536,-0.010920044034719467,0.0028746454045176506,0.0084229139611125
frame_000751.png,frame_000752.png,0.31792017817497253,0.07875312864780426,0.09799107909202576,-0.01223310548812151,0.005874372087419033,0.007922674529254436
frame_000752.png,frame_000753.png,0.314789354801178,0.07678347080945969,0.11550061404705048,-0.009909498505294323,0.008351354859769344,0.007146869786083698
frame_000753.png,frame_000754.png,0.31949010491371155,0.0734289363026619,0.12319430708885193,0.002740988042205572,0.005714281462132931,0.01241148542612791
frame_000754.png,frame_000755.png,0.31128138303756714,0.07341574877500534,0.14569590985774994,0.006827336736023426,0.004017277620732784,0.01344034168869257
frame_000755.png,frame_000756.png,0.29348862171173096,0.07387969642877579,0.1700993776321411,0.011229909025132656,0.0019597252830863,0.014147165231406689
frame_000756.png,frame_000757.png,0.27943944931030273,0.07589700073003769,0.1853085458278656,0.008561145514249802,0.00013210158795118332,0.015069694258272648
frame_000757.png,frame_000758.png,0.26459166407585144,0.08067149668931961,0.20704993605613708,0.004337819293141365,0.001968829892575741,0.023479700088500977
frame_000758.png,frame_000759.png,0.2546517252922058,0.08553437143564224,0.23187533020973206,0.0026574572548270226,0.00859349500387907,0.03962055593729019
frame_000759.png,frame_000760.png,0.25137975811958313,0.09660906344652176,0.25410187244415283,-2.4128705263137817e-05,0.015184110961854458,0.049541354179382324
frame_000760.png,frame_000761.png,0.2464492917060852,0.09856865555047989,0.26612481474876404,0.0004281913861632347,0.02108079195022583,0.05024277791380882
frame_000761.png,frame_000762.png,0.24794915318489075,0.10055660456418991,0.2752034366130829,0.003166479989886284,0.02788591757416725,0.04986036568880081
frame_000762.png,frame_000763.png,0.24784564971923828,0.0944710448384285,0.2845782935619354,0.004122871905565262,0.02849441021680832,0.0524105578660965
frame_000763.png,frame_000764.png,0.2625502943992615,0.09764363616704941,0.27585268020629883,0.008924801833927631,0.02907640114426613,0.050212107598781586
frame_000764.png,frame_000765.png,0.2707851529121399,0.09886736422777176,0.2775075137615204,0.0082424096763134,0.03199569508433342,0.07915496081113815
frame_000765.png,frame_000766.png,0.2783327102661133,0.09761028736829758,0.2788620889186859,0.007025137543678284,0.03336573392152786,0.09833912551403046
frame_000766.png,frame_000767.png,0.28884705901145935,0.09097626060247421,0.27656909823417664,0.01642647013068199,0.03550396487116814,0.11805689334869385
frame_000767.png,frame_000768.png,0.2821994721889496,0.07956486195325851,0.2755163311958313,0.018052630126476288,0.037753667682409286,0.12378399074077606
frame_000768.png,frame_000769.png,0.2807295322418213,0.07785626500844955,0.2626858055591583,0.013379598967730999,0.032269187271595,0.12736089527606964
frame_000769.png,frame_000770.png,0.28042304515838623,0.08524175733327866,0.2680833339691162,0.009392914362251759,0.03292893245816231,0.10970369726419449
frame_000770.png,frame_000771.png,0.26432904601097107,0.09120338410139084,0.27374789118766785,0.007798675447702408,0.02781449630856514,0.08186289668083191
frame_000771.png,frame_000772.png,0.2411755919456482,0.09870142489671707,0.26678189635276794,-0.0008911057375371456,0.019318412989377975,0.048697128891944885
frame_000772.png,frame_000773.png,0.22566115856170654,0.10146064311265945,0.25514909625053406,-0.005458604544401169,0.013475081883370876,0.018486443907022476
frame_000773.png,frame_000774.png,0.22027069330215454,0.0990118458867073,0.24626627564430237,-0.005415716208517551,0.007834664545953274,0.009424657560884953
frame_000774.png,frame_000775.png,0.22077858448028564,0.09933532029390335,0.23771455883979797,-0.00290725938975811,0.003691083751618862,0.0066067492589354515
frame_000775.png,frame_000776.png,0.22690272331237793,0.10116247087717056,0.23445752263069153,0.002907305024564266,0.002107168547809124,0.00812572706490755
frame_000776.png,frame_000777.png,0.23373019695281982,0.1038532480597496,0.22928698360919952,0.007016121409833431,0.0007430417463183403,0.011667015962302685
frame_000777.png,frame_000778.png,0.23772895336151123,0.1093333289027214,0.2226654589176178,0.009722619317471981,-0.0003343047574162483,0.013447861187160015
frame_000778.png,frame_000779.png,0.24549144506454468,0.11883246153593063,0.21445459127426147,0.008106295950710773,-0.001663179136812687,0.01651093363761902
frame_000779.png,frame_000780.png,0.2515714764595032,0.11516539007425308,0.21064920723438263,0.015950936824083328,-0.0054169753566384315,0.04721354693174362
frame_000780.png,frame_000781.png,0.2587484121322632,0.10327909141778946,0.21556873619556427,0.016981735825538635,-0.009177678264677525,0.1009388118982315
frame_000781.png,frame_000782.png,0.2612425684928894,0.09617064148187637,0.20867696404457092,0.007310415618121624,-0.006207411177456379,0.1294124871492386
frame_000782.png,frame_000783.png,0.2731390595436096,0.09685810655355453,0.2240591198205948,0.007519708946347237,-0.0011933008208870888,0.1486155092716217
frame_000783.png,frame_000784.png,0.296637624502182,0.09015627950429916,0.23955604434013367,0.02616540715098381,0.002441967837512493,0.16231393814086914
frame_000784.png,frame_000785.png,0.32270997762680054,0.09559810906648636,0.2557342052459717,0.027135953307151794,-0.0007369378581643105,0.16188021004199982
frame_000785.png,frame_000786.png,0.3342341184616089,0.09925835579633713,0.25488534569740295,0.00822222325950861,0.006990044377744198,0.14183339476585388
frame_000786.png,frame_000787.png,0.34190765023231506,0.09063313156366348,0.250544935464859,0.0016428390517830849,0.010485588572919369,0.127370685338974
frame_000787.png,frame_000788.png,0.3240744471549988,0.08528221398591995,0.2693822383880615,-0.00502148550003767,0.0043043410405516624,0.10060078650712967
frame_000788.png,frame_000789.png,0.3233911097049713,0.07584648579359055,0.26361116766929626,0.005601049400866032,-0.0029750214889645576,0.09299641102552414
frame_000789.png,frame_000790.png,0.32842394709587097,0.0708736702799797,0.2290595918893814,0.030500013381242752,-0.013225601054728031,0.08876968920230865
frame_000790.png,frame_000791.png,0.321908175945282,0.07057853043079376,0.219902902841568,0.033542003482580185,-0.021087251603603363,0.10165558755397797
frame_000791.png,frame_000792.png,0.3255448341369629,0.07377860695123672,0.2198820561170578,0.037343092262744904,-0.01963064819574356,0.1169125884771347
frame_000792.png,frame_000793.png,0.3301517963409424,0.07945062965154648,0.17174939811229706,0.03464674577116966,-0.020904622972011566,0.119498610496521
frame_000793.png,frame_000794.png,0.30241572856903076,0.07682503014802933,0.12776991724967957,0.028211519122123718,-0.007577957585453987,0.09133709967136383
frame_000794.png,frame_000795.png,0.28267785906791687,0.0730442926287651,0.1266387701034546,0.04360346868634224,-0.0031145447865128517,0.06529196351766586
frame_000795.png,frame_000796.png,0.25337448716163635,0.07413031905889511,0.13356539607048035,0.03957061842083931,-0.000880328007042408,0.046315956860780716
frame_000796.png,frame_000797.png,0.245966374874115,0.07144849002361298,0.15256118774414062,0.01208298560231924,-0.012948748655617237,0.04723428562283516
frame_000797.png,frame_000798.png,0.2700311839580536,0.07424011826515198,0.15677084028720856,-0.007916792295873165,-0.016971204429864883,0.07670619338750839
frame_000798.png,frame_000799.png,0.28456375002861023,0.08008322864770889,0.11784161627292633,-0.023808680474758148,-0.0055451774969697,0.06519188731908798
frame_000799.png,frame_000800.png,0.2761283814907074,0.0918750986456871,0.11565583944320679,-0.04043637216091156,-0.00041999388486146927,0.0496150404214859
frame_000800.png,frame_000801.png,0.24978572130203247,0.08724973350763321,0.10731345415115356,-0.03514803946018219,-0.015100385062396526,0.06847308576107025
frame_000801.png,frame_000802.png,0.2080826461315155,0.08501160889863968,0.11447852849960327,-0.0019355220720171928,-0.01005771104246378,0.061908408999443054
frame_000802.png,frame_000803.png,0.22097516059875488,0.09265197068452835,0.1531783640384674,0.0041496241465210915,-0.007276969030499458,0.06572633981704712
frame_000803.png,frame_000804.png,0.16361534595489502,0.10052940994501114,0.1994510293006897,-0.006361055187880993,-0.009357313625514507,0.0480363592505455
frame_000804.png,frame_000805.png,0.1616078019142151,0.08889476209878922,0.2553843855857849,-0.04518742859363556,-0.015606560744345188,0.06682514399290085
frame_000805.png,frame_000806.png,0.11818528175354004,0.0751030370593071,0.30433937907218933,-0.020996082574129105,-0.017012864351272583,0.0868392139673233
frame_000806.png,frame_000807.png,0.06621896475553513,0.0684463158249855,0.3183533251285553,-0.009432471357285976,-0.012745347805321217,0.09570841491222382
frame_000807.png,frame_000808.png,0.044179532676935196,0.05260171741247177,0.31578370928764343,0.018928181380033493,-0.015055603347718716,0.09727752208709717
frame_000808.png,frame_000809.png,0.02255275845527649,0.07397522777318954,0.2945604622364044,0.031695879995822906,-0.00752159021794796,0.036295946687459946
frame_000809.png,frame_000810.png,0.060133907943964005,0.06869218498468399,0.27643951773643494,-0.01654379442334175,-1.693936064839363e-05,0.03669748082756996
frame_000810.png,frame_000811.png,0.08206656575202942,0.07096769660711288,0.23770621418952942,-0.030687004327774048,-0.017029423266649246,0.05767515301704407
frame_000811.png,frame_000812.png,0.07329116016626358,0.08823928982019424,0.19693896174430847,-0.03305451571941376,-0.02676388993859291,0.05361159145832062
frame_000812.png,frame_000813.png,0.059963878244161606,0.0788767859339714,0.1944606602191925,-0.05011964961886406,-0.02889333665370941,0.028200361877679825
frame_000813.png,frame_000814.png,0.07673090696334839,0.08695317059755325,0.2152521312236786,-0.05824816972017288,-0.0004909960553050041,0.02274647355079651
frame_000814.png,frame_000815.png,0.06742309033870697,0.08757943660020828,0.23668792843818665,-0.09506724029779434,0.008805324323475361,-0.0038018198683857918
frame_000815.png,frame_000816.png,0.08508555591106415,0.0734952762722969,0.2496131956577301,-0.09662958234548569,0.023402642458677292,0.028873376548290253
frame_000816.png,frame_000817.png,0.09434528648853302,0.06465662270784378,0.22910742461681366,-0.08492522686719894,0.016416478902101517,0.02733047679066658
frame_000817.png,frame_000818.png,0.036415647715330124,0.07402476668357849,0.21662123501300812,-0.07637234032154083,0.0075530679896473885,0.03100297972559929
frame_000818.png,frame_000819.png,0.015199057757854462,0.05724983662366867,0.21970310807228088,-0.09809944033622742,0.004559217020869255,0.02403201162815094
frame_000819.png,frame_000820.png,0.049960412085056305,0.05025938153266907,0.21340319514274597,-0.08502594381570816,0.003920163027942181,0.0080454396083951
frame_000820.png,frame_000821.png,0.07133980095386505,0.0485997349023819,0.2031461000442505,-0.11361391097307205,0.008755928836762905,0.015803024172782898
frame_000821.png,frame_000822.png,0.08085927367210388,0.05088936537504196,0.18604405224323273,-0.12112575769424438,0.00755069125443697,0.05941469967365265
frame_000822.png,frame_000823.png,0.09643560647964478,0.048543304204940796,0.18291312456130981,-0.1133776605129242,0.0007361136376857758,0.04713495448231697
frame_000823.png,frame_000824.png,0.13997143507003784,0.04610477387905121,0.16351208090782166,-0.10565759986639023,0.014998478814959526,0.044496987015008926
frame_000824.png,frame_000825.png,0.17206692695617676,0.055685244500637054,0.13678035140037537,-0.08981122821569443,0.019156798720359802,0.05289088189601898
frame_000825.png,frame_000826.png,0.13939771056175232,0.06290262192487717,0.13394871354103088,-0.09642201662063599,0.02821463719010353,0.05125545337796211
frame_000826.png,frame_000827.png,0.08036836981773376,0.05291816592216492,0.16311556100845337,-0.1156512126326561,0.01905880495905876,0.040364064276218414
frame_000827.png,frame_000828.png,0.051382873207330704,0.04270067811012268,0.1783875823020935,-0.09744282066822052,0.02507571503520012,0.03830420970916748
frame_000828.png,frame_000829.png,0.030359812080860138,0.03792013227939606,0.19083213806152344,-0.10563244670629501,0.031752437353134155,0.038718968629837036
frame_000829.png,frame_000830.png,-0.006181046366691589,0.030868224799633026,0.21148094534873962,-0.0837249681353569,0.03031010925769806,0.04486482962965965
frame_000830.png,frame_000831.png,-0.03707651048898697,0.01671542227268219,0.2137964963912964,-0.07773593813180923,0.022822920233011246,0.03808818757534027
frame_000831.png,frame_000832.png,-0.006803594529628754,0.02144423872232437,0.21367838978767395,-0.07830200344324112,0.026868190616369247,0.029743846505880356
frame_000832.png,frame_000833.png,0.005212277173995972,0.018710821866989136,0.2375803291797638,-0.07282465696334839,0.034702129662036896,0.02766219526529312
frame_000833.png,frame_000834.png,0.03137701004743576,0.025773026049137115,0.224986732006073,-0.07066267728805542,0.03943147137761116,0.02939470112323761
frame_000834.png,frame_000835.png,0.045700956135988235,0.02941650152206421,0.21644693613052368,-0.06950992345809937,0.042495839297771454,0.04413589835166931
frame_000835.png,frame_000836.png,0.05018860846757889,0.027752608060836792,0.21831919252872467,-0.08027049154043198,0.03843529894948006,0.05917531996965408
frame_000836.png,frame_000837.png,0.05609607324004173,0.024135984480381012,0.2095436453819275,-0.08635507524013519,0.03533653914928436,0.055705420672893524
frame_000837.png,frame_000838.png,0.07911050319671631,0.029238857328891754,0.21507757902145386,-0.06729241460561752,0.04329730570316315,0.0493561215698719
frame_000838.png,frame_000839.png,0.08431310206651688,0.03954136371612549,0.2163570076227188,-0.0516994372010231,0.04634663462638855,0.05250989645719528
frame_000839.png,frame_000840.png,0.07216887921094894,0.04584752768278122,0.20599249005317688,-0.037486061453819275,0.05262721702456474,0.06652037799358368
frame_000840.png,frame_000841.png,0.0751042291522026,0.05250368267297745,0.17772677540779114,-0.037385713309049606,0.06090346351265907,0.06999613344669342
frame_000841.png,frame_000842.png,0.047605592757463455,0.04936162382364273,0.1670859158039093,-0.040227167308330536,0.05542730167508125,0.06862290948629379
frame_000842.png,frame_000843.png,0.020968079566955566,0.04030446708202362,0.1642492711544037,-0.04213901236653328,0.050139836966991425,0.047807738184928894
frame_000843.png,frame_000844.png,0.005319170653820038,0.034818291664123535,0.15559078752994537,-0.03410696983337402,0.04628831893205643,0.025697197765111923
frame_000844.png,frame_000845.png,0.01641462743282318,0.03034762293100357,0.16060185432434082,-0.02905333787202835,0.04174422845244408,0.016932282596826553
frame_000845.png,frame_000846.png,0.04186323657631874,0.02912965416908264,0.17220234870910645,-0.026407357305288315,0.0418659970164299,0.008339139632880688
frame_000846.png,frame_000847.png,0.05444187670946121,0.024024464190006256,0.1920124888420105,-0.02749166637659073,0.0430905781686306,0.012536830268800259
frame_000847.png,frame_000848.png,0.05406259000301361,0.02458525449037552,0.20750117301940918,-0.027242392301559448,0.04394537955522537,0.03094344586133957
frame_000848.png,frame_000849.png,0.042632464319467545,0.02426658570766449,0.20834702253341675,-0.024984285235404968,0.044162798672914505,0.04906590282917023
frame_000849.png,frame_000850.png,0.04034996032714844,0.02222847193479538,0.21639102697372437,-0.018620610237121582,0.044113025069236755,0.06333070993423462
frame_000850.png,frame_000851.png,0.0354696586728096,0.023563392460346222,0.2292991727590561,-0.011287125758826733,0.03945409506559372,0.06296119838953018
frame_000851.png,frame_000852.png,0.022490881383419037,0.021975241601467133,0.23570045828819275,-0.009300566278398037,0.030424967408180237,0.053093813359737396
frame_000852.png,frame_000853.png,0.01734747737646103,0.018460333347320557,0.2504592537879944,-0.01174119021743536,0.023544982075691223,0.037520863115787506
frame_000853.png,frame_000854.png,0.028662346303462982,0.01993459463119507,0.2691635191440582,-0.01807151734828949,0.022929105907678604,0.021201636642217636
frame_000854.png,frame_000855.png,0.033024732023477554,0.021082229912281036,0.2913713753223419,-0.02486426755785942,0.02749161422252655,0.01007129531353712
frame_000855.png,frame_000856.png,0.03391963988542557,0.021279342472553253,0.30086132884025574,-0.026234284043312073,0.034507445991039276,0.013205482624471188
frame_000856.png,frame_000857.png,0.033941857516765594,0.02057843655347824,0.3075794577598572,-0.023734338581562042,0.03919282183051109,0.018490608781576157
frame_000857.png,frame_000858.png,0.02789536863565445,0.017165720462799072,0.3117491900920868,-0.018575750291347504,0.04178134724497795,0.022390034049749374
frame_000858.png,frame_000859.png,0.0021659135818481445,0.009874746203422546,0.32274287939071655,-0.016846340149641037,0.04344668984413147,0.024996772408485413
frame_000859.png,frame_000860.png,-0.023433484137058258,-0.003733038902282715,0.33594411611557007,-0.017031069844961166,0.04676700383424759,0.024335987865924835
frame_000860.png,frame_000861.png,-0.0471961572766304,-0.017337273806333542,0.3566310703754425,-0.016699332743883133,0.0532284751534462,0.026158567517995834
frame_000861.png,frame_000862.png,-0.0715176984667778,-0.026385046541690826,0.35873106122016907,-0.017223183065652847,0.052855949848890305,0.025778859853744507
frame_000862.png,frame_000863.png,-0.09230946749448776,-0.03292480483651161,0.3438873589038849,-0.013001118786633015,0.048830412328243256,0.021457403898239136
frame_000863.png,frame_000864.png,-0.10383640974760056,-0.036915116012096405,0.32057517766952515,-0.011421899311244488,0.04460668936371803,0.012075374834239483
frame_000864.png,frame_000865.png,-0.10308521240949631,-0.035791199654340744,0.2943933606147766,-0.008484392426908016,0.041876450181007385,0.008357022888958454
frame_000865.png,frame_000866.png,-0.09115853160619736,-0.032552704215049744,0.2699499726295471,-0.01247320044785738,0.0398687943816185,0.005608283914625645
frame_000866.png,frame_000867.png,-0.07299419492483139,-0.028241410851478577,0.2499183714389801,-0.02254672348499298,0.03925953060388565,0.005965239368379116
frame_000867.png,frame_000868.png,-0.06191640347242355,-0.02408374845981598,0.23817119002342224,-0.031658999621868134,0.037238895893096924,0.01486795861274004
frame_000868.png,frame_000869.png,-0.05507134646177292,-0.02135317586362362,0.23253479599952698,-0.036993253976106644,0.036876268684864044,0.023104198276996613
frame_000869.png,frame_000870.png,-0.04894711822271347,-0.01992168463766575,0.23510262370109558,-0.039194054901599884,0.03754842281341553,0.029647383838891983
frame_000870.png,frame_000871.png,-0.043978072702884674,-0.019411448389291763,0.23709595203399658,-0.04167976230382919,0.03805636242032051,0.03269116207957268
frame_000871.png,frame_000872.png,-0.0395958349108696,-0.019810441881418228,0.23914816975593567,-0.04470927268266678,0.0378551110625267,0.033790674060583115
frame_000872.png,frame_000873.png,-0.03633821755647659,-0.020658422261476517,0.23825481534004211,-0.048703208565711975,0.03837845101952553,0.0337168350815773
frame_000873.png,frame_000874.png,-0.0347038134932518,-0.020815342664718628,0.2398063838481903,-0.0533796101808548,0.03871220722794533,0.031205929815769196
frame_000874.png,frame_000875.png,-0.03708084672689438,-0.02125476486980915,0.24362719058990479,-0.05796167999505997,0.03858819976449013,0.026033438742160797
frame_000875.png,frame_000876.png,-0.04572606831789017,-0.02152898721396923,0.25183549523353577,-0.06091075763106346,0.03950914740562439,0.02282831072807312
frame_000876.png,frame_000877.png,-0.0562778040766716,-0.022363189607858658,0.2637392282485962,-0.06354886293411255,0.039590880274772644,0.01911994069814682
frame_000877.png,frame_000878.png,-0.06247589737176895,-0.020888976752758026,0.26629766821861267,-0.06653910875320435,0.03889048099517822,0.015629354864358902
frame_000878.png,frame_000879.png,-0.06711839884519577,-0.020614469423890114,0.2734309732913971,-0.06796316057443619,0.038618795573711395,0.015808727592229843
frame_000879.png,frame_000880.png,-0.07133840769529343,-0.01970028132200241,0.2683056890964508,-0.06702961027622223,0.0361504852771759,0.011777239851653576
frame_000880.png,frame_000881.png,-0.07358997315168381,-0.016973622143268585,0.2590952217578888,-0.06883877515792847,0.032756347209215164,0.009288140572607517
frame_000881.png,frame_000882.png,-0.07033682614564896,-0.011713601648807526,0.24595022201538086,-0.06852930784225464,0.0294240303337574,0.0071806395426392555
frame_000882.png,frame_000883.png,-0.06942843645811081,-0.009125452488660812,0.23741692304611206,-0.07003910839557648,0.025895625352859497,0.00523721519857645
frame_000883.png,frame_000884.png,-0.06960532814264297,-0.00809064507484436,0.23316359519958496,-0.07038899511098862,0.023630499839782715,0.006314628757536411
frame_000884.png,frame_000885.png,-0.06713279336690903,-0.007744450122117996,0.23106175661087036,-0.06913115829229355,0.02223069965839386,0.009534153155982494
frame_000885.png,frame_000886.png,-0.06792444735765457,-0.007433950901031494,0.2354298233985901,-0.07213033735752106,0.020453181117773056,0.0113028259947896
frame_000886.png,frame_000887.png,-0.06720449775457382,-0.006073504686355591,0.23941656947135925,-0.07537315785884857,0.018652919679880142,0.012684774585068226
frame_000887.png,frame_000888.png,-0.06640823930501938,-0.0037007927894592285,0.23968005180358887,-0.07949639856815338,0.017113380134105682,0.01451782789081335
frame_000888.png,frame_000889.png,-0.0615035817027092,-0.0011081844568252563,0.23782548308372498,-0.08564822375774384,0.01649485155940056,0.013176348991692066
frame_000889.png,frame_000890.png,-0.0550532266497612,0.002478495240211487,0.23342910408973694,-0.08938241004943848,0.016391053795814514,0.015360695309937
frame_000890.png,frame_000891.png,-0.046954669058322906,0.0048729777336120605,0.22960123419761658,-0.09375791251659393,0.014869467355310917,0.016050849109888077
frame_000891.png,frame_000892.png,-0.03369792550802231,0.0077218711376190186,0.22438937425613403,-0.09948953986167908,0.01477553229779005,0.014773079194128513
frame_000892.png,frame_000893.png,-0.017251037061214447,0.01330498605966568,0.21121999621391296,-0.09502623975276947,0.014928999356925488,0.015724223107099533
frame_000893.png,frame_000894.png,-0.008094549179077148,0.019213076680898666,0.2006630003452301,-0.08684984594583511,0.012465261854231358,0.019880104809999466
frame_000894.png,frame_000895.png,-0.0010644719004631042,0.02244165539741516,0.18851639330387115,-0.07639855146408081,0.011066044680774212,0.02170892059803009
frame_000895.png,frame_000896.png,0.004707150161266327,0.024183250963687897,0.18323341012001038,-0.0671083927154541,0.010224874131381512,0.02380973845720291
frame_000896.png,frame_000897.png,0.009487375617027283,0.02402622252702713,0.18058288097381592,-0.05978196859359741,0.009709806181490421,0.027956970036029816
frame_000897.png,frame_000898.png,0.014732494950294495,0.021409019827842712,0.17257758975028992,-0.046432480216026306,0.010310405865311623,0.03570541739463806
frame_000898.png,frame_000899.png,0.014653615653514862,0.019710514694452286,0.1638675332069397,-0.03506046533584595,0.010590077377855778,0.03901781886816025
frame_000899.png,frame_000900.png,0.012303970754146576,0.018357541412115097,0.15792632102966309,-0.022817403078079224,0.01084776408970356,0.04110502079129219
frame_000900.png,frame_000901.png,0.011560961604118347,0.015679102391004562,0.15216641128063202,-0.012364241294562817,0.011816791258752346,0.041895005851984024
frame_000901.png,frame_000902.png,0.006770484149456024,0.013281799852848053,0.14946970343589783,-0.004279858432710171,0.012201967649161816,0.041630394756793976
frame_000902.png,frame_000903.png,0.0041359588503837585,0.011109430342912674,0.14936572313308716,0.0029437849298119545,0.012511016800999641,0.0404442735016346
frame_000903.png,frame_000904.png,-0.0006949082016944885,0.009594593197107315,0.14938779175281525,0.008883806876838207,0.012141878716647625,0.041025687009096146
frame_000904.png,frame_000905.png,-0.005344957113265991,0.008753348141908646,0.1523914933204651,0.013238401152193546,0.013417319394648075,0.04089471325278282
frame_000905.png,frame_000906.png,-0.011777691543102264,0.009192541241645813,0.1553938090801239,0.016424383968114853,0.015024802647531033,0.04132331162691116
frame_000906.png,frame_000907.png,-0.01920488476753235,0.009113498032093048,0.15763461589813232,0.016786757856607437,0.017878204584121704,0.04144781082868576
frame_000907.png,frame_000908.png,-0.02560264617204666,0.007539890706539154,0.1611499935388565,0.0127502316609025,0.020650986582040787,0.041293516755104065
frame_000908.png,frame_000909.png,-0.03264082968235016,0.005831193178892136,0.16909432411193848,0.00535331666469574,0.022585880011320114,0.039862632751464844
frame_000909.png,frame_000910.png,-0.0383443608880043,0.0036200955510139465,0.1783539205789566,-0.0038555338978767395,0.023782648146152496,0.037085555493831635
frame_000910.png,frame_000911.png,-0.043474458158016205,0.0018095746636390686,0.18810681998729706,-0.013035766780376434,0.02339344099164009,0.03249204158782959
frame_000911.png,frame_000912.png,-0.049830637872219086,-0.00031676143407821655,0.20009636878967285,-0.02289772778749466,0.023156914860010147,0.028632406145334244
frame_000912.png,frame_000913.png,-0.054746054112911224,-0.00018814951181411743,0.2085391879081726,-0.028891023248434067,0.023536797612905502,0.027837272733449936
frame_000913.png,frame_000914.png,-0.061198316514492035,-0.0011274032294750214,0.2191038429737091,-0.035922449082136154,0.02428290992975235,0.030832983553409576
frame_000914.png,frame_000915.png,-0.06538080424070358,-0.0011638514697551727,0.22720709443092346,-0.04415949434041977,0.02466423436999321,0.03381713852286339
frame_000915.png,frame_000916.png,-0.06902533024549484,-0.0019415393471717834,0.23349151015281677,-0.050433553755283356,0.025163698941469193,0.034535471349954605
frame_000916.png,frame_000917.png,-0.07233642786741257,-0.0015315376222133636,0.2389436662197113,-0.05542744696140289,0.0262766033411026,0.0352046974003315
frame_000917.png,frame_000918.png,-0.07320868223905563,-0.0008680373430252075,0.24357062578201294,-0.058186404407024384,0.027597203850746155,0.03323425352573395
frame_000918.png,frame_000919.png,-0.0718926414847374,-0.0005926080048084259,0.24900662899017334,-0.060452863574028015,0.02943270280957222,0.029459979385137558
frame_000919.png,frame_000920.png,-0.07190855592489243,-0.00030063092708587646,0.2545143663883209,-0.06325023621320724,0.031064357608556747,0.027311772108078003
frame_000920.png,frame_000921.png,-0.07088183611631393,-9.760260581970215e-06,0.2585700750350952,-0.06416232138872147,0.031897399574518204,0.025567367672920227
frame_000921.png,frame_000922.png,-0.07110247761011124,0.0015334859490394592,0.260358989238739,-0.06427594274282455,0.031213484704494476,0.02491803467273712
frame_000922.png,frame_000923.png,-0.07140956073999405,0.0021441206336021423,0.26127904653549194,-0.06332442164421082,0.03135151043534279,0.024621903896331787
frame_000923.png,frame_000924.png,-0.07433933764696121,0.0013050064444541931,0.26233237981796265,-0.06236833333969116,0.030716922134160995,0.02692427486181259
frame_000924.png,frame_000925.png,-0.07674723118543625,-0.0005671083927154541,0.2625587582588196,-0.05947026237845421,0.029648657888174057,0.03242602199316025
frame_000925.png,frame_000926.png,-0.07812552899122238,-0.001562260091304779,0.26550760865211487,-0.05654865503311157,0.028930921107530594,0.03530731797218323
frame_000926.png,frame_000927.png,-0.08057708293199539,-0.0021678507328033447,0.26489439606666565,-0.05303036794066429,0.028265975415706635,0.03613796830177307
frame_000927.png,frame_000928.png,-0.08278562873601913,0.0013683140277862549,0.2618061602115631,-0.04712183400988579,0.027853459119796753,0.03609851747751236
frame_000928.png,frame_000929.png,-0.0826869085431099,0.004084721207618713,0.2574673891067505,-0.03991585969924927,0.030009135603904724,0.03672298043966293
frame_000929.png,frame_000930.png,-0.08184268325567245,0.005150653421878815,0.25315749645233154,-0.034062743186950684,0.03176390007138252,0.0375550277531147
frame_000930.png,frame_000931.png,-0.07733412832021713,0.0067051127552986145,0.2466377317905426,-0.029642730951309204,0.033998843282461166,0.03935111686587334
frame_000931.png,frame_000932.png,-0.06980200856924057,0.008273962885141373,0.23974210023880005,-0.02467956393957138,0.035225898027420044,0.04134884476661682
frame_000932.png,frame_000933.png,-0.06326472014188766,0.008893262594938278,0.22763073444366455,-0.018834169954061508,0.033946990966796875,0.045729756355285645
frame_000933.png,frame_000934.png,-0.0588015541434288,0.007299214601516724,0.21991029381752014,-0.016998209059238434,0.03420402482151985,0.048717398196458817
frame_000934.png,frame_000935.png,-0.049388282001018524,0.005825646221637726,0.20951232314109802,-0.01573285087943077,0.03618701174855232,0.04719490557909012
frame_000935.png,frame_000936.png,-0.0389629527926445,0.004160329699516296,0.20389734208583832,-0.01768893375992775,0.03770384564995766,0.04216597601771355
frame_000936.png,frame_000937.png,-0.031067781150341034,0.0033912882208824158,0.20054437220096588,-0.017020191997289658,0.038759440183639526,0.041677046567201614
frame_000937.png,frame_000938.png,-0.02963179349899292,0.001201581209897995,0.19908367097377777,-0.015480346977710724,0.03944415599107742,0.04344240203499794
frame_000938.png,frame_000939.png,-0.03408800810575485,-0.001627206802368164,0.20151928067207336,-0.014516519382596016,0.03967045247554779,0.041369128972291946
frame_000939.png,frame_000940.png,-0.04144138842821121,-0.004378367215394974,0.20829734206199646,-0.014865724369883537,0.040413446724414825,0.03669000044465065
frame_000940.png,frame_000941.png,-0.04876825958490372,-0.005571894347667694,0.21553972363471985,-0.016295094043016434,0.04178358241915703,0.028261616826057434
frame_000941.png,frame_000942.png,-0.052298836410045624,-0.005262333899736404,0.22013607621192932,-0.01814442314207554,0.04312089830636978,0.018254227936267853
frame_000942.png,frame_000943.png,-0.05530717223882675,-0.005509212613105774,0.2221839874982834,-0.017296016216278076,0.04314907640218735,0.011031522415578365
frame_000943.png,frame_000944.png,-0.06398617476224899,-0.005019247531890869,0.22485452890396118,-0.01656607910990715,0.04221194609999657,0.0068258726969361305
frame_000944.png,frame_000945.png,-0.06865992397069931,-0.005231194198131561,0.22467777132987976,-0.016372904181480408,0.04164491221308708,0.007065116427838802
frame_000945.png,frame_000946.png,-0.07272430509328842,-0.006450731307268143,0.22379536926746368,-0.016996808350086212,0.04133196920156479,0.00993360672146082
frame_000946.png,frame_000947.png,-0.07405301183462143,-0.009113539010286331,0.22575250267982483,-0.02030612900853157,0.04077408090233803,0.013220694847404957
frame_000947.png,frame_000948.png,-0.07439660280942917,-0.009539525955915451,0.22588366270065308,-0.023592453449964523,0.039207473397254944,0.0171583890914917
frame_000948.png,frame_000949.png,-0.07703640311956406,-0.009795498102903366,0.2255396544933319,-0.026354506611824036,0.03738957643508911,0.02188548445701599
frame_000949.png,frame_000950.png,-0.07995905727148056,-0.0111820288002491,0.22501730918884277,-0.02950262278318405,0.035947658121585846,0.023287199437618256
frame_000950.png,frame_000951.png,-0.08202057331800461,-0.014986947178840637,0.22460757195949554,-0.035232000052928925,0.0359487421810627,0.02243012562394142
frame_000951.png,frame_000952.png,-0.08277847617864609,-0.018869400024414062,0.22024601697921753,-0.04009755700826645,0.03463139757514,0.022579871118068695
frame_000952.png,frame_000953.png,-0.07959311455488205,-0.02135510928928852,0.21650324761867523,-0.043647971004247665,0.03345360606908798,0.02323797717690468
frame_000953.png,frame_000954.png,-0.07216846197843552,-0.021204113960266113,0.21164999902248383,-0.045503146946430206,0.03405211120843887,0.01928429678082466
frame_000954.png,frame_000955.png,-0.06215687841176987,-0.02130444161593914,0.20594605803489685,-0.04570644348859787,0.0340929739177227,0.016431309282779694
frame_000955.png,frame_000956.png,-0.05065896362066269,-0.019996996968984604,0.1979576051235199,-0.043987613171339035,0.033910274505615234,0.01371582318097353
frame_000956.png,frame_000957.png,-0.045538924634456635,-0.01824728585779667,0.19627419114112854,-0.0419808030128479,0.03362574800848961,0.010616638697683811
frame_000957.png,frame_000958.png,-0.04403739422559738,-0.01594269648194313,0.19758965075016022,-0.040062740445137024,0.03154231235384941,0.010976691730320454
frame_000958.png,frame_000959.png,-0.040623150765895844,-0.013345777988433838,0.1987808346748352,-0.037735551595687866,0.02908862754702568,0.013590776361525059
frame_000959.png,frame_000960.png,-0.032931700348854065,-0.01163063570857048,0.19764980673789978,-0.03597566485404968,0.02876388654112816,0.016829747706651688
frame_000960.png,frame_000961.png,-0.025877833366394043,-0.007850281894207,0.1972205638885498,-0.03540632501244545,0.028234858065843582,0.01758633181452751
frame_000961.png,frame_000962.png,-0.016603805124759674,-0.004160087555646896,0.19756104052066803,-0.031445372849702835,0.02749072015285492,0.018522240221500397
frame_000962.png,frame_000963.png,-0.005963034927845001,0.0012248530983924866,0.19938614964485168,-0.02507924661040306,0.02715909108519554,0.019820190966129303
frame_000963.png,frame_000964.png,0.0035297945141792297,0.0039115846157073975,0.2020810842514038,-0.01915866881608963,0.02659880369901657,0.022946834564208984
frame_000964.png,frame_000965.png,0.010784603655338287,0.004351861774921417,0.20567724108695984,-0.014688392169773579,0.02636132761836052,0.025383464992046356
frame_000965.png,frame_000966.png,0.020108945667743683,0.004768121987581253,0.20637887716293335,-0.010248923674225807,0.02707192674279213,0.02861945703625679
frame_000966.png,frame_000967.png,0.026714660227298737,0.0065809860825538635,0.20786897838115692,-0.008422484621405602,0.02777988836169243,0.03100201115012169
frame_000967.png,frame_000968.png,0.0335516631603241,0.007926352322101593,0.20578402280807495,-0.004560235887765884,0.028616923838853836,0.03404427692294121
frame_000968.png,frame_000969.png,0.03818470239639282,0.007416516542434692,0.2029624581336975,-0.00035126227885484695,0.028781335800886154,0.03638288751244545
frame_000969.png,frame_000970.png,0.040745027363300323,0.005873233079910278,0.201890766620636,0.00357204582542181,0.02948072925209999,0.03683274984359741
frame_000970.png,frame_000971.png,0.041690170764923096,0.004679493606090546,0.20215733349323273,0.0048581259325146675,0.030380606651306152,0.03640839457511902
frame_000971.png,frame_000972.png,0.04344096779823303,0.005486935377120972,0.1961088329553604,0.009148134849965572,0.030748829245567322,0.03711412101984024
frame_000972.png,frame_000973.png,0.044182077050209045,0.007034331560134888,0.18760798871517181,0.01146129984408617,0.03079283982515335,0.03829101100564003
frame_000973.png,frame_000974.png,0.046725593507289886,0.00950496643781662,0.18158592283725739,0.014011121354997158,0.030355587601661682,0.040524233132600784
frame_000974.png,frame_000975.png,0.046704165637493134,0.01246388629078865,0.180557519197464,0.011750306002795696,0.030371107161045074,0.040263041853904724
frame_000975.png,frame_000976.png,0.04737083241343498,0.017633292824029922,0.18512222170829773,0.003644099459052086,0.030070669949054718,0.04110865294933319
frame_000976.png,frame_000977.png,0.050936222076416016,0.023116372525691986,0.19593694806098938,-0.0050636352971196175,0.028424065560102463,0.04122212529182434
frame_000977.png,frame_000978.png,0.0586014948785305,0.02695164829492569,0.2094806432723999,-0.014205388724803925,0.026630789041519165,0.043626390397548676
frame_000978.png,frame_000979.png,0.06422732025384903,0.03336476534605026,0.222879558801651,-0.019038096070289612,0.024698257446289062,0.044963374733924866
frame_000979.png,frame_000980.png,0.06641029566526413,0.03961385786533356,0.233441561460495,-0.01975877583026886,0.023174989968538284,0.044327594339847565
frame_000980.png,frame_000981.png,0.0691804587841034,0.044049330055713654,0.23856306076049805,-0.016669277101755142,0.023094911128282547,0.04479479789733887
frame_000981.png,frame_000982.png,0.07219959050416946,0.047188885509967804,0.24070671200752258,-0.013641233555972576,0.02287011221051216,0.04429257661104202
frame_000982.png,frame_000983.png,0.07542090117931366,0.049482524394989014,0.24206694960594177,-0.007283804006874561,0.022173359990119934,0.0437554232776165
frame_000983.png,frame_000984.png,0.07331281155347824,0.04814458638429642,0.24395641684532166,-0.0030286251567304134,0.022484319284558296,0.044383324682712555
frame_000984.png,frame_000985.png,0.06600496172904968,0.044569678604602814,0.2463262677192688,0.0003738994710147381,0.022995270788669586,0.0421619787812233
frame_000985.png,frame_000986.png,0.05750155448913574,0.041346482932567596,0.24438652396202087,0.003923457115888596,0.023327715694904327,0.039560817182064056
frame_000986.png,frame_000987.png,0.045220643281936646,0.03617013990879059,0.2387467622756958,0.006053563207387924,0.024156659841537476,0.03519091010093689
frame_000987.png,frame_000988.png,0.03066416084766388,0.03155306726694107,0.22989356517791748,0.006736366078257561,0.02522747591137886,0.030894555151462555
frame_000988.png,frame_000989.png,0.018491357564926147,0.028238199651241302,0.21836814284324646,0.007273801602423191,0.026054903864860535,0.026918642222881317
frame_000989.png,frame_000990.png,0.009021222591400146,0.02545376867055893,0.21137388050556183,0.006291382946074009,0.026577990502119064,0.024503253400325775
frame_000990.png,frame_000991.png,0.004770323634147644,0.02558351308107376,0.19836686551570892,0.007340569980442524,0.0271499902009964,0.020508136600255966
frame_000991.png,frame_000992.png,0.0031411871314048767,0.025745846331119537,0.18975795805454254,0.00787329114973545,0.02746771275997162,0.018178995698690414
frame_000992.png,frame_000993.png,0.0030620843172073364,0.024396851658821106,0.18364320695400238,0.009251216426491737,0.02814323827624321,0.018615446984767914
frame_000993.png,frame_000994.png,0.005231119692325592,0.023494265973567963,0.18502765893936157,0.007045063190162182,0.029083382338285446,0.021784182637929916
frame_000994.png,frame_000995.png,0.0146402046084404,0.0249098539352417,0.19212278723716736,0.00472618080675602,0.029733218252658844,0.027303531765937805
frame_000995.png,frame_000996.png,0.029941659420728683,0.029444657266139984,0.20182804763317108,0.0020785056985914707,0.03003792092204094,0.03339989483356476
frame_000996.png,frame_000997.png,0.045444175601005554,0.03421171009540558,0.21343955397605896,-0.0026512257754802704,0.03124108910560608,0.0374206118285656
frame_000997.png,frame_000998.png,0.056731291115283966,0.036972902715206146,0.22258660197257996,-0.00510348379611969,0.03270307928323746,0.03900542110204697
frame_000998.png,frame_000999.png,0.060757942497730255,0.037014514207839966,0.23181447386741638,-0.007811523042619228,0.0339961051940918,0.0404367558658123
frame_000999.png,frame_001000.png,0.05895956605672836,0.03581986576318741,0.24408990144729614,-0.009266725741326809,0.03563586249947548,0.039549630135297775
frame_001000.png,frame_001001.png,0.05450776591897011,0.035169877111911774,0.2556246221065521,-0.008642557077109814,0.036859672516584396,0.03762774541974068
frame_001001.png,frame_001002.png,0.04973331466317177,0.03402422368526459,0.2667376399040222,-0.009498847648501396,0.03816305845975876,0.03557787835597992
frame_001002.png,frame_001003.png,0.050135038793087006,0.03328745812177658,0.2756922245025635,-0.007828565314412117,0.038724496960639954,0.03497127443552017
frame_001003.png,frame_001004.png,0.05226122587919235,0.03303755074739456,0.27679166197776794,-0.003820467973127961,0.03739719092845917,0.03376147896051407
frame_001004.png,frame_001005.png,0.05079960078001022,0.03569323569536209,0.2718339264392853,-0.0023723398335278034,0.03618746995925903,0.02950175851583481
frame_001005.png,frame_001006.png,0.04974314197897911,0.03784285485744476,0.2657012939453125,-0.0017802831716835499,0.03553919494152069,0.026439663022756577
frame_001006.png,frame_001007.png,0.04917449876666069,0.03918655961751938,0.2520611584186554,0.0010659797117114067,0.034162361174821854,0.02357550337910652
frame_001007.png,frame_001008.png,0.04619412124156952,0.03691025823354721,0.23799225687980652,-0.0025063217617571354,0.034090928733348846,0.021490801125764847
frame_001008.png,frame_001009.png,0.04142066836357117,0.03469998389482498,0.22454455494880676,-0.005128770601004362,0.034598756581544876,0.022077176719903946
frame_001009.png,frame_001010.png,0.03566467761993408,0.033712275326251984,0.21606579422950745,-0.00993066281080246,0.0345948301255703,0.027173608541488647
frame_001010.png,frame_001011.png,0.03103002905845642,0.031969331204891205,0.20636628568172455,-0.01371323224157095,0.035801563411951065,0.031047232449054718
frame_001011.png,frame_001012.png,0.02723691612482071,0.030467800796031952,0.1978275179862976,-0.015153792686760426,0.03563239797949791,0.03412346914410591
frame_001012.png,frame_001013.png,0.025248274207115173,0.028951138257980347,0.19119572639465332,-0.01731235161423683,0.03509541228413582,0.03765449672937393
frame_001013.png,frame_001014.png,0.0235726460814476,0.029059231281280518,0.1847025454044342,-0.017514266073703766,0.03431670740246773,0.03954428434371948
frame_001014.png,frame_001015.png,0.021815523505210876,0.028559252619743347,0.17879170179367065,-0.015726225450634956,0.03377958759665489,0.04175756499171257
frame_001015.png,frame_001016.png,0.01592666655778885,0.02801104635000229,0.1737579107284546,-0.01568514108657837,0.03316349908709526,0.04512944445014
frame_001016.png,frame_001017.png,0.014562182128429413,0.027573302388191223,0.17163650691509247,-0.017057232558727264,0.033058200031518936,0.048278193920850754
frame_001017.png,frame_001018.png,0.013586446642875671,0.028938762843608856,0.172753244638443,-0.020784471184015274,0.032845012843608856,0.05007125437259674
frame_001018.png,frame_001019.png,0.01859346032142639,0.031658999621868134,0.17702314257621765,-0.02763952687382698,0.033789802342653275,0.05266328901052475
frame_001019.png,frame_001020.png,0.026173241436481476,0.031533822417259216,0.1869608759880066,-0.03330763056874275,0.03216373920440674,0.05400887131690979
frame_001020.png,frame_001021.png,0.03255581855773926,0.03143352270126343,0.18984061479568481,-0.03439858928322792,0.029114093631505966,0.05346427857875824
frame_001021.png,frame_001022.png,0.03445155918598175,0.030407153069972992,0.19115832448005676,-0.033672209829092026,0.026252035051584244,0.04925931990146637
frame_001022.png,frame_001023.png,0.030911538749933243,0.027629166841506958,0.19381505250930786,-0.03140677884221077,0.02265555039048195,0.043115414679050446
frame_001023.png,frame_001024.png,0.02378707379102707,0.024040915071964264,0.19618864357471466,-0.02720797061920166,0.02073926478624344,0.039922263473272324
frame_001024.png,frame_001025.png,0.016106195747852325,0.021535910665988922,0.19299522042274475,-0.022679314017295837,0.020183276385068893,0.03576338291168213
frame_001025.png,frame_001026.png,0.010960184037685394,0.01728552207350731,0.18760013580322266,-0.018934626132249832,0.021442122757434845,0.03565851226449013
frame_001026.png,frame_001027.png,0.010360568761825562,0.014376915991306305,0.1819966435432434,-0.017619628459215164,0.023788850754499435,0.0359821543097496
frame_001027.png,frame_001028.png,0.010396815836429596,0.011833317577838898,0.17242014408111572,-0.01979133114218712,0.025375112891197205,0.03485879674553871
frame_001028.png,frame_001029.png,0.0031596943736076355,0.009305011481046677,0.16252627968788147,-0.022147271782159805,0.025674622505903244,0.03326494246721268
frame_001029.png,frame_001030.png,-0.0030891448259353638,0.008853644132614136,0.1535346806049347,-0.0241364948451519,0.02575526013970375,0.032346878200769424
frame_001030.png,frame_001031.png,-0.0013085901737213135,0.012758687138557434,0.1494048684835434,-0.030324243009090424,0.02632390707731247,0.03255733102560043
frame_001031.png,frame_001032.png,0.005860432982444763,0.019666384905576706,0.15017759799957275,-0.03983405604958534,0.027477305382490158,0.031758781522512436
frame_001032.png,frame_001033.png,0.013046279549598694,0.02525295317173004,0.15308846533298492,-0.046958133578300476,0.02760060876607895,0.03199739381670952
frame_001033.png,frame_001034.png,0.024975694715976715,0.03091893345117569,0.1513037383556366,-0.049037251621484756,0.02752336859703064,0.03246648609638214
frame_001034.png,frame_001035.png,0.03439052402973175,0.03647163510322571,0.14684244990348816,-0.04561653733253479,0.027382120490074158,0.03240910917520523
frame_001035.png,frame_001036.png,0.0385480597615242,0.03962969779968262,0.14088362455368042,-0.03980741649866104,0.027781203389167786,0.029533885419368744
frame_001036.png,frame_001037.png,0.036930203437805176,0.042996086180210114,0.13317054510116577,-0.03556227684020996,0.02907858043909073,0.029488757252693176
frame_001037.png,frame_001038.png,0.033858850598335266,0.04682868719100952,0.12718906998634338,-0.03218706697225571,0.029319219291210175,0.03154195100069046
frame_001038.png,frame_001039.png,0.025184623897075653,0.05263280123472214,0.1247977614402771,-0.032957885414361954,0.028251107782125473,0.03064928576350212
frame_001039.png,frame_001040.png,0.015590503811836243,0.05464740842580795,0.12937992811203003,-0.040491655468940735,0.028838060796260834,0.029271870851516724
frame_001040.png,frame_001041.png,0.013015694916248322,0.057730160653591156,0.13688673079013824,-0.04638632759451866,0.029618393629789352,0.027789458632469177
frame_001041.png,frame_001042.png,0.01299341768026352,0.0602763295173645,0.13765664398670197,-0.0488031804561615,0.03026987984776497,0.02426275610923767
frame_001042.png,frame_001043.png,0.015760354697704315,0.06284444779157639,0.13575130701065063,-0.047361280769109726,0.03016921877861023,0.01989120990037918
frame_001043.png,frame_001044.png,0.019467540085315704,0.06385655701160431,0.13140320777893066,-0.043379876762628555,0.030833914875984192,0.015026885084807873
frame_001044.png,frame_001045.png,0.02285294234752655,0.06466613709926605,0.12614144384860992,-0.04061927646398544,0.03258349373936653,0.010987709276378155
frame_001045.png,frame_001046.png,0.024368390440940857,0.06582760065793991,0.12549757957458496,-0.041741106659173965,0.03386681154370308,0.008080665953457355
frame_001046.png,frame_001047.png,0.02274055778980255,0.06850115209817886,0.12866342067718506,-0.04362676292657852,0.03470472991466522,0.005505758337676525
frame_001047.png,frame_001048.png,0.018328018486499786,0.07041064649820328,0.13608355820178986,-0.045903198421001434,0.03521693870425224,0.000323600135743618
frame_001048.png,frame_001049.png,0.012869656085968018,0.07267704606056213,0.14625892043113708,-0.049004845321178436,0.03391798958182335,-0.00492814090102911
frame_001049.png,frame_001050.png,0.005817867815494537,0.07293213903903961,0.1565830409526825,-0.050093408674001694,0.03091508522629738,-0.0052388375625014305
frame_001050.png,frame_001051.png,-0.0038304105401039124,0.07182639092206955,0.16805702447891235,-0.04585520923137665,0.02805354818701744,-0.003909124992787838
frame_001051.png,frame_001052.png,-0.013755746185779572,0.06951651722192764,0.1782318353652954,-0.04011803865432739,0.025241035968065262,-0.0005708178505301476
frame_001052.png,frame_001053.png,-0.019614040851593018,0.06773136556148529,0.18449407815933228,-0.035964395850896835,0.023740895092487335,0.003225010819733143
frame_001053.png,frame_001054.png,-0.024050861597061157,0.06675521284341812,0.18968015909194946,-0.03405044972896576,0.022799625992774963,0.008426916785538197
frame_001054.png,frame_001055.png,-0.02625361829996109,0.06480831652879715,0.19647014141082764,-0.034306079149246216,0.022970624268054962,0.015925735235214233
frame_001055.png,frame_001056.png,-0.02818247675895691,0.06269807368516922,0.19893795251846313,-0.033054277300834656,0.02376881241798401,0.023557908833026886
frame_001056.png,frame_001057.png,-0.03211646527051926,0.06044422835111618,0.20284238457679749,-0.0338483490049839,0.02444031834602356,0.028930790722370148
frame_001057.png,frame_001058.png,-0.039996229112148285,0.057813286781311035,0.2081221044063568,-0.03567904233932495,0.025405529886484146,0.03218647092580795
frame_001058.png,frame_001059.png,-0.045716263353824615,0.05589374154806137,0.21468865871429443,-0.038287289440631866,0.027381915599107742,0.03365062177181244
frame_001059.png,frame_001060.png,-0.04743900150060654,0.05486161261796951,0.2211555540561676,-0.04039333388209343,0.028546057641506195,0.033316224813461304
frame_001060.png,frame_001061.png,-0.04556446522474289,0.05573267489671707,0.22629298269748688,-0.04087774455547333,0.029685579240322113,0.030241183936595917
frame_001061.png,frame_001062.png,-0.04301687330007553,0.05545642971992493,0.2303922474384308,-0.042604487389326096,0.03059079498052597,0.028322268277406693
frame_001062.png,frame_001063.png,-0.039129458367824554,0.05477555841207504,0.23633956909179688,-0.04426870495080948,0.031038571149110794,0.028332535177469254
frame_001063.png,frame_001064.png,-0.035758934915065765,0.05393490940332413,0.2435092329978943,-0.04613752290606499,0.030552085489034653,0.028099358081817627
frame_001064.png,frame_001065.png,-0.03282655030488968,0.05279885232448578,0.2484922707080841,-0.04726218059659004,0.030163653194904327,0.029525138437747955
frame_001065.png,frame_001066.png,-0.033629439771175385,0.0506504625082016,0.2505548298358917,-0.046310409903526306,0.029438916593790054,0.03208101913332939
frame_001066.png,frame_001067.png,-0.04032330960035324,0.04847703129053116,0.24921289086341858,-0.04440784454345703,0.026734907180070877,0.031286075711250305
frame_001067.png,frame_001068.png,-0.05292900651693344,0.04681316763162613,0.2421320378780365,-0.03898075222969055,0.021737512201070786,0.030040305107831955
frame_001068.png,frame_001069.png,-0.06727605313062668,0.045930154621601105,0.23561778664588928,-0.035416990518569946,0.018067684024572372,0.027280453592538834
frame_001069.png,frame_001070.png,-0.08719741553068161,0.04403706640005112,0.22793003916740417,-0.03314148634672165,0.015673715621232986,0.024561721831560135
frame_001070.png,frame_001071.png,-0.10659094899892807,0.039108507335186005,0.22297585010528564,-0.030430525541305542,0.016707561910152435,0.01972591131925583
frame_001071.png,frame_001072.png,-0.1216401681303978,0.033062323927879333,0.21848750114440918,-0.02738606557250023,0.018504932522773743,0.014185474254190922
frame_001072.png,frame_001073.png,-0.1340043842792511,0.028677083551883698,0.21331237256526947,-0.023140382021665573,0.019885260611772537,0.008620538748800755
frame_001073.png,frame_001074.png,-0.14126405119895935,0.025196917355060577,0.20643264055252075,-0.01993933692574501,0.021173827350139618,0.0054285647347569466
frame_001074.png,frame_001075.png,-0.14362287521362305,0.02370613068342209,0.2000230997800827,-0.01630169153213501,0.020345531404018402,0.0034003714099526405
frame_001075.png,frame_001076.png,-0.13995352387428284,0.024984560906887054,0.1939164698123932,-0.014194848947227001,0.020372562110424042,0.00053416658192873
frame_001076.png,frame_001077.png,-0.1374794840812683,0.026967398822307587,0.18971408903598785,-0.015313238836824894,0.020635828375816345,-0.002683638595044613
frame_001077.png,frame_001078.png,-0.13379964232444763,0.028350919485092163,0.18453547358512878,-0.019008412957191467,0.021519780158996582,-0.0037033138796687126
frame_001078.png,frame_001079.png,-0.1331750452518463,0.028273455798625946,0.18120940029621124,-0.021578840911388397,0.022706087678670883,-0.002284909598529339
frame_001079.png,frame_001080.png,-0.1354963481426239,0.02675727754831314,0.18100127577781677,-0.022976238280534744,0.02382741868495941,-0.0008562533184885979
frame_001080.png,frame_001081.png,-0.13312536478042603,0.024349570274353027,0.18021264672279358,-0.023150987923145294,0.024899695068597794,-0.001301049254834652
frame_001081.png,frame_001082.png,-0.13531893491744995,0.020046059042215347,0.18209980428218842,-0.022141415625810623,0.02462686598300934,0.0022616321220993996
frame_001082.png,frame_001083.png,-0.1387404501438141,0.01519380509853363,0.1851593405008316,-0.0213165320456028,0.025499358773231506,0.003059663809835911
frame_001083.png,frame_001084.png,-0.14679598808288574,0.010085683315992355,0.18896952271461487,-0.022774450480937958,0.026505541056394577,0.007303708232939243
frame_001084.png,frame_001085.png,-0.1559543013572693,0.005126893520355225,0.1943594217300415,-0.02321646362543106,0.026585280895233154,0.011361868120729923
frame_001085.png,frame_001086.png,-0.16281631588935852,3.7007033824920654e-05,0.20310798287391663,-0.0249909907579422,0.02672947570681572,0.014865974895656109
frame_001086.png,frame_001087.png,-0.16696888208389282,-0.005292307585477829,0.2112140953540802,-0.02682587131857872,0.02686889097094536,0.01519604679197073
frame_001087.png,frame_001088.png,-0.16835203766822815,-0.009466946125030518,0.22021108865737915,-0.028256751596927643,0.027582719922065735,0.012075877748429775
frame_001088.png,frame_001089.png,-0.169801265001297,-0.011420879513025284,0.22623223066329956,-0.03138293698430061,0.028880469501018524,0.00934633705765009
frame_001089.png,frame_001090.png,-0.17148110270500183,-0.011579932644963264,0.23018240928649902,-0.03629346936941147,0.029546037316322327,0.007391094230115414
frame_001090.png,frame_001091.png,-0.1703445315361023,-0.009840480983257294,0.23038779199123383,-0.036195058375597,0.029785607010126114,0.006167021580040455
frame_001091.png,frame_001092.png,-0.1649620234966278,-0.0070487260818481445,0.23009417951107025,-0.03506412357091904,0.03058035671710968,0.00552742276340723
frame_001092.png,frame_001093.png,-0.15694037079811096,-0.0044508762657642365,0.22860179841518402,-0.033213190734386444,0.032356418669223785,0.003678292967379093
frame_001093.png,frame_001094.png,-0.15013590455055237,-0.0016312524676322937,0.22891472280025482,-0.032018184661865234,0.033847376704216,0.0008435053750872612
frame_001094.png,frame_001095.png,-0.140720397233963,0.00019384920597076416,0.2305302917957306,-0.02824554592370987,0.035625144839286804,-0.0009280731901526451
frame_001095.png,frame_001096.png,-0.13677740097045898,0.001721855252981186,0.23491564393043518,-0.023758184164762497,0.036702293902635574,-0.00457009207457304
frame_001096.png,frame_001097.png,-0.13718315958976746,0.004617851227521896,0.23860156536102295,-0.022979281842708588,0.03727896139025688,-0.007172602228820324
frame_001097.png,frame_001098.png,-0.13780024647712708,0.008883092552423477,0.23747947812080383,-0.02291041612625122,0.03391492739319801,-0.008911949582397938
frame_001098.png,frame_001099.png,-0.1422332525253296,0.014245301485061646,0.23338165879249573,-0.025220371782779694,0.029978763312101364,-0.013400494121015072
frame_001099.png,frame_001100.png,-0.15142932534217834,0.011669982224702835,0.23860833048820496,-0.030279185622930527,0.02837289869785309,-0.012275534681975842
frame_001100.png,frame_001101.png,-0.1591666042804718,0.00640174001455307,0.2522831857204437,-0.037932682782411575,0.029047571122646332,-0.00822713878005743
frame_001101.png,frame_001102.png,-0.1633947193622589,0.0016587339341640472,0.2697151005268097,-0.044221870601177216,0.02881961315870285,-0.004761503078043461
frame_001102.png,frame_001103.png,-0.1674000322818756,-0.0033730119466781616,0.2807259261608124,-0.0460389144718647,0.02762719616293907,-0.004931502975523472
frame_001103.png,frame_001104.png,-0.17017844319343567,-0.008483070880174637,0.28864744305610657,-0.04285462945699692,0.026461884379386902,-0.00493753794580698
frame_001104.png,frame_001105.png,-0.16808021068572998,-0.007935471832752228,0.2866518199443817,-0.03920938819646835,0.02445940673351288,-0.006110786460340023
frame_001105.png,frame_001106.png,-0.1672508418560028,-0.006749473512172699,0.2844012975692749,-0.036298658698797226,0.02358642965555191,-0.00694607850164175
frame_001106.png,frame_001107.png,-0.16622114181518555,-0.0066829100251197815,0.27870485186576843,-0.03337214142084122,0.023263461887836456,-0.005583635531365871
frame_001107.png,frame_001108.png,-0.16833680868148804,-0.0066891685128211975,0.2749192416667938,-0.032204486429691315,0.02446962520480156,-0.0060388995334506035
frame_001108.png,frame_001109.png,-0.17318111658096313,-0.00608227401971817,0.27023541927337646,-0.03323617950081825,0.02474990114569664,-0.006567652337253094
frame_001109.png,frame_001110.png,-0.17369014024734497,-0.004271768033504486,0.26205217838287354,-0.03467016667127609,0.024470079690217972,-0.007967798970639706
frame_001110.png,frame_001111.png,-0.17142122983932495,-0.0034234412014484406,0.25394466519355774,-0.03670170530676842,0.023826614022254944,-0.008706527762115002
frame_001111.png,frame_001112.png,-0.16435959935188293,-0.002202451229095459,0.24534475803375244,-0.03589117154479027,0.023177795112133026,-0.010212729685008526
frame_001112.png,frame_001113.png,-0.1493048071861267,0.002046693116426468,0.23110032081604004,-0.03317641839385033,0.02392779290676117,-0.011044259183108807
frame_001113.png,frame_001114.png,-0.13305094838142395,0.004931710660457611,0.21601463854312897,-0.031026184558868408,0.02367551624774933,-0.009705840609967709
frame_001114.png,frame_001115.png,-0.11989159137010574,0.0069953203201293945,0.20681101083755493,-0.029480520635843277,0.023390915244817734,-0.009080692194402218
frame_001115.png,frame_001116.png,-0.11380364745855331,0.00864165648818016,0.20493456721305847,-0.03158421069383621,0.02401198074221611,-0.005745175294578075
frame_001116.png,frame_001117.png,-0.11142038553953171,0.00801035389304161,0.2077699601650238,-0.03513746336102486,0.0244307778775692,-8.081179112195969e-05
frame_001117.png,frame_001118.png,-0.10617288202047348,0.008164789527654648,0.2097252905368805,-0.038158830255270004,0.02564147487282753,0.005732563324272633
frame_001118.png,frame_001119.png,-0.09637441486120224,0.012261658906936646,0.20691156387329102,-0.037971414625644684,0.026292946189641953,0.008715120144188404
frame_001119.png,frame_001120.png,-0.0883493646979332,0.015965968370437622,0.2025541365146637,-0.03662700206041336,0.02584211900830269,0.009915162809193134
frame_001120.png,frame_001121.png,-0.0784309133887291,0.0191107876598835,0.19842754304409027,-0.034212253987789154,0.025463849306106567,0.009944436140358448
frame_001121.png,frame_001122.png,-0.06765558570623398,0.02389787882566452,0.19693349301815033,-0.032942336052656174,0.02488517016172409,0.011316192336380482
frame_001122.png,frame_001123.png,-0.052886299788951874,0.029639504849910736,0.200361430644989,-0.03414066880941391,0.024614110589027405,0.01500039640814066
frame_001123.png,frame_001124.png,-0.03275824338197708,0.0372328981757164,0.20848938822746277,-0.037714146077632904,0.024445559829473495,0.020180676132440567
frame_001124.png,frame_001125.png,-0.00897582620382309,0.0449383482336998,0.22113937139511108,-0.04211651533842087,0.02344571426510811,0.024483121931552887
frame_001125.png,frame_001126.png,0.01006721705198288,0.05144689232110977,0.2341039776802063,-0.04774332046508789,0.020977219566702843,0.028699584305286407
frame_001126.png,frame_001127.png,0.02639032155275345,0.05443788319826126,0.242222398519516,-0.05102645605802536,0.019870691001415253,0.030332598835229874
frame_001127.png,frame_001128.png,0.03664475679397583,0.054658710956573486,0.24564394354820251,-0.05085529759526253,0.018138647079467773,0.034513674676418304
frame_001128.png,frame_001129.png,0.040294401347637177,0.054790906608104706,0.24602267146110535,-0.04850991070270538,0.016186829656362534,0.036556750535964966
frame_001129.png,frame_001130.png,0.03262144327163696,0.05523015558719635,0.24062207341194153,-0.04678243398666382,0.014902227558195591,0.035494111478328705
frame_001130.png,frame_001131.png,0.015649907290935516,0.05403951555490494,0.23589789867401123,-0.048350077122449875,0.015872027724981308,0.034017518162727356
frame_001131.png,frame_001132.png,0.003578968346118927,0.05336131155490875,0.23575040698051453,-0.0479256808757782,0.0182393416762352,0.03326105698943138
frame_001132.png,frame_001133.png,0.0006357207894325256,0.05520810931921005,0.2388186752796173,-0.04699474573135376,0.018922816962003708,0.03514408692717552
frame_001133.png,frame_001134.png,-0.003100477159023285,0.054577045142650604,0.23994117975234985,-0.04418904334306717,0.017934709787368774,0.037911493331193924
frame_001134.png,frame_001135.png,-0.009542472660541534,0.053055450320243835,0.2415769100189209,-0.03991156816482544,0.014813282527029514,0.04311273992061615
frame_001135.png,frame_001136.png,-0.019380830228328705,0.05156572908163071,0.24423882365226746,-0.037404075264930725,0.011826268397271633,0.04709345102310181
frame_001136.png,frame_001137.png,-0.034150563180446625,0.04807128757238388,0.24210897088050842,-0.034361831843853,0.009146089665591717,0.047914206981658936
frame_001137.png,frame_001138.png,-0.05203420668840408,0.042970262467861176,0.23501136898994446,-0.028035439550876617,0.007750141434371471,0.04448312893509865
frame_001138.png,frame_001139.png,-0.07402507215738297,0.03703649342060089,0.2233780324459076,-0.022178731858730316,0.006528167985379696,0.03518498316407204
frame_001139.png,frame_001140.png,-0.10094017535448074,0.03100518137216568,0.21220698952674866,-0.016981959342956543,0.005832037888467312,0.02625887840986252
frame_001140.png,frame_001141.png,-0.12625381350517273,0.02881699800491333,0.20406103134155273,-0.016203396022319794,0.005926127545535564,0.017213590443134308
frame_001141.png,frame_001142.png,-0.14225023984909058,0.027832329273223877,0.19674453139305115,-0.018486861139535904,0.007436922751367092,0.012203105725347996
frame_001142.png,frame_001143.png,-0.1523687243461609,0.02721133828163147,0.19155678153038025,-0.018869202584028244,0.007930709980428219,0.011737131513655186
frame_001143.png,frame_001144.png,-0.1615966260433197,0.02788034826517105,0.19035103917121887,-0.02162298932671547,0.007901093922555447,0.01281218696385622
frame_001144.png,frame_001145.png,-0.1679411232471466,0.02801761031150818,0.18703998625278473,-0.022826869040727615,0.009749154560267925,0.0129376957193017
frame_001145.png,frame_001146.png,-0.16876950860023499,0.02443823218345642,0.18134936690330505,-0.020491518080234528,0.011617223732173443,0.013232794590294361
frame_001146.png,frame_001147.png,-0.16865795850753784,0.01978243887424469,0.17740464210510254,-0.019159827381372452,0.012798457406461239,0.01614515483379364
frame_001147.png,frame_001148.png,-0.17341914772987366,0.014819324016571045,0.17715030908584595,-0.018999379128217697,0.013836159370839596,0.01692807674407959
frame_001148.png,frame_001149.png,-0.17359086871147156,0.012516114860773087,0.17631632089614868,-0.018986206501722336,0.014174512587487698,0.016798045486211777
frame_001149.png,frame_001150.png,-0.17255589365959167,0.012975119054317474,0.17289400100708008,-0.016056189313530922,0.011473516933619976,0.016239572316408157
frame_001150.png,frame_001151.png,-0.1707349717617035,0.013628482818603516,0.17446638643741608,-0.011838208884000778,0.010384763590991497,0.017059985548257828
frame_001151.png,frame_001152.png,-0.16994553804397583,0.01260315254330635,0.17160651087760925,-0.0070619890466332436,0.009230139665305614,0.014404487796127796
frame_001152.png,frame_001153.png,-0.17267009615898132,0.012021027505397797,0.17066894471645355,-0.003229700028896332,0.007897562347352505,0.013430078513920307
frame_001153.png,frame_001154.png,-0.17328107357025146,0.012875746935606003,0.16711339354515076,0.00046768318861722946,0.007465059868991375,0.013703308068215847
frame_001154.png,frame_001155.png,-0.17114606499671936,0.012451432645320892,0.1637665331363678,0.002658457960933447,0.007553256116807461,0.0166730098426342
frame_001155.png,frame_001156.png,-0.17064794898033142,0.01315547525882721,0.1620415449142456,0.0034130485728383064,0.007661986164748669,0.020010586827993393
frame_001156.png,frame_001157.png,-0.1690337061882019,0.013945300132036209,0.1599569320678711,0.004372891969978809,0.0075139245018363,0.022294387221336365
frame_001157.png,frame_001158.png,-0.1619778573513031,0.014180857688188553,0.15620528161525726,0.004863702692091465,0.008443708531558514,0.023524343967437744
frame_001158.png,frame_001159.png,-0.1557760238647461,0.01382380723953247,0.15469878911972046,0.0046686213463544846,0.009796465747058392,0.024911046028137207
frame_001159.png,frame_001160.png,-0.14271920919418335,0.014485299587249756,0.14860399067401886,0.006287535652518272,0.012576921842992306,0.025296978652477264
frame_001160.png,frame_001161.png,-0.12656867504119873,0.017892174422740936,0.14325371384620667,0.007966362871229649,0.016229059547185898,0.021719254553318024
frame_001161.png,frame_001162.png,-0.11399921029806137,0.0215279683470726,0.14226871728897095,0.008348997682332993,0.017806507647037506,0.02056775614619255
frame_001162.png,frame_001163.png,-0.10034681111574173,0.023477979004383087,0.1407240927219391,0.011296960525214672,0.01930887997150421,0.01992354914546013
frame_001163.png,frame_001164.png,-0.08914687484502792,0.023694612085819244,0.13532330095767975,0.01666993647813797,0.02084072306752205,0.01940956339240074
frame_001164.png,frame_001165.png,-0.08330347388982773,0.023551136255264282,0.13180063664913177,0.020361952483654022,0.021088168025016785,0.016270063817501068
frame_001165.png,frame_001166.png,-0.08466877788305283,0.024221234023571014,0.13232143223285675,0.021042712032794952,0.020275495946407318,0.013794039376080036
frame_001166.png,frame_001167.png,-0.08861605077981949,0.0259711816906929,0.13231536746025085,0.01983346790075302,0.02012953907251358,0.008715891279280186
frame_001167.png,frame_001168.png,-0.09127380698919296,0.028628937900066376,0.13486362993717194,0.015545318834483624,0.019291527569293976,0.004913629032671452
frame_001168.png,frame_001169.png,-0.094325952231884,0.030940167605876923,0.14088667929172516,0.008908319287002087,0.018170062452554703,0.0038208598271012306
frame_001169.png,frame_001170.png,-0.10036861151456833,0.03244175761938095,0.14802899956703186,0.0029457062482833862,0.01615624502301216,0.003148437477648258
frame_001170.png,frame_001171.png,-0.101831816136837,0.034496426582336426,0.15356218814849854,-0.001606577541679144,0.01477437000721693,0.0033027688041329384
frame_001171.png,frame_001172.png,-0.10271701961755753,0.036635398864746094,0.16122059524059296,-0.006281333975493908,0.011936645023524761,0.00496500451117754
frame_001172.png,frame_001173.png,-0.10449796169996262,0.03474021703004837,0.16868281364440918,-0.00743746105581522,0.010842668823897839,0.007524878717958927
frame_001173.png,frame_001174.png,-0.11128633469343185,0.028029896318912506,0.1705382913351059,-0.008484967052936554,0.010652287863194942,0.008378942497074604
frame_001174.png,frame_001175.png,-0.1161976084113121,0.02307119220495224,0.16768606007099152,-0.008065635338425636,0.012796270661056042,0.003066238947212696
frame_001175.png,frame_001176.png,-0.1253165602684021,0.016668833792209625,0.16296017169952393,-0.00891026295721531,0.01377913262695074,0.0021446803584694862
frame_001176.png,frame_001177.png,-0.13201838731765747,0.014201279729604721,0.16235055029392242,-0.010855968110263348,0.015432178042829037,7.161591202020645e-05
frame_001177.png,frame_001178.png,-0.1349535584449768,0.015291158109903336,0.16206446290016174,-0.013746452517807484,0.015746884047985077,-0.0012012636289000511
frame_001178.png,frame_001179.png,-0.12995052337646484,0.018923893570899963,0.15898728370666504,-0.01687522977590561,0.016724467277526855,-0.006555977277457714
frame_001179.png,frame_001180.png,-0.12120334059000015,0.0228777676820755,0.15706896781921387,-0.01984766125679016,0.01786918193101883,-0.011870517395436764
frame_001180.png,frame_001181.png,-0.11024882644414902,0.02726934850215912,0.15729853510856628,-0.02640140801668167,0.0185387022793293,-0.017095282673835754
frame_001181.png,frame_001182.png,-0.09936708956956863,0.02908952534198761,0.16128937900066376,-0.03112061694264412,0.017718486487865448,-0.013057163916528225
frame_001182.png,frame_001183.png,-0.07793330401182175,0.03444487601518631,0.17125281691551208,-0.03798609972000122,0.01535483356565237,9.007472544908524e-05
frame_001183.png,frame_001184.png,-0.05269884318113327,0.04028373956680298,0.18471568822860718,-0.04702666774392128,0.013318690471351147,0.014965604059398174
frame_001184.png,frame_001185.png,-0.03387816995382309,0.0406777486205101,0.19674712419509888,-0.04970347136259079,0.01454652938991785,0.02377280220389366
frame_001185.png,frame_001186.png,-0.016212493181228638,0.03864901512861252,0.20356184244155884,-0.04701198264956474,0.018405772745609283,0.03041548654437065
frame_001186.png,frame_001187.png,-0.0020918920636177063,0.0380810871720314,0.20771099627017975,-0.04246826469898224,0.021415837109088898,0.030284244567155838
frame_001187.png,frame_001188.png,0.012712158262729645,0.03530344367027283,0.21004065871238708,-0.03131469339132309,0.023071344941854477,0.028121400624513626
frame_001188.png,frame_001189.png,0.02235492318868637,0.0348687544465065,0.2103102207183838,-0.022229552268981934,0.02367594465613365,0.02474263310432434
frame_001189.png,frame_001190.png,0.027792178094387054,0.03353419154882431,0.21956750750541687,-0.012348969466984272,0.02361447736620903,0.025637879967689514
frame_001190.png,frame_001191.png,0.03437059372663498,0.03326364606618881,0.2215057611465454,-0.0035459003411233425,0.022771771997213364,0.026041202247142792
frame_001191.png,frame_001192.png,0.042016997933387756,0.03066973388195038,0.21581590175628662,-0.0019743596203625202,0.02209242433309555,0.029138606041669846
frame_001192.png,frame_001193.png,0.04449908807873726,0.02629702538251877,0.2120048850774765,-0.003728398121893406,0.021947786211967468,0.03493858873844147
frame_001193.png,frame_001194.png,0.04893048107624054,0.023069418966770172,0.21080946922302246,-0.006088666617870331,0.02348797768354416,0.037035021930933
frame_001194.png,frame_001195.png,0.05049781873822212,0.01950090378522873,0.2135927975177765,-0.005504130385816097,0.024535957723855972,0.04172450304031372
frame_001195.png,frame_001196.png,0.05215556174516678,0.020881444215774536,0.20939448475837708,-0.006343162152916193,0.02410159632563591,0.04102962464094162
frame_001196.png,frame_001197.png,0.05493755638599396,0.02428600937128067,0.20219850540161133,-0.006513501983135939,0.022307146340608597,0.040576204657554626
frame_001197.png,frame_001198.png,0.0572047084569931,0.028408095240592957,0.19354534149169922,-0.00490172253921628,0.019469913095235825,0.041493892669677734
frame_001198.png,frame_001199.png,0.05795545130968094,0.028943531215190887,0.18998035788536072,-0.005373264662921429,0.01852298155426979,0.04170294106006622
frame_001199.png,frame_001200.png,0.06032346934080124,0.030480273067951202,0.18735405802726746,-0.004778912290930748,0.01835397630929947,0.04173603281378746
frame_001200.png,frame_001201.png,0.06305984407663345,0.033565133810043335,0.18430528044700623,-0.0054454440250992775,0.018606361001729965,0.04123300313949585
frame_001201.png,frame_001202.png,0.065489262342453,0.040457092225551605,0.18139253556728363,-0.006990413181483746,0.017968356609344482,0.03953973576426506
frame_001202.png,frame_001203.png,0.07177160680294037,0.04770558327436447,0.17465263605117798,-0.00792172085493803,0.01683589443564415,0.039672739803791046
frame_001203.png,frame_001204.png,0.08226432651281357,0.0543622151017189,0.16257748007774353,-0.004346285946667194,0.01596609130501747,0.042910896241664886
frame_001204.png,frame_001205.png,0.09124373644590378,0.059054985642433167,0.15110188722610474,0.0003248797729611397,0.01568913832306862,0.04342002421617508
frame_001205.png,frame_001206.png,0.10282661020755768,0.06411299854516983,0.14464694261550903,0.0018683122470974922,0.018034782260656357,0.040590621531009674
frame_001206.png,frame_001207.png,0.11330925673246384,0.06553532928228378,0.13675695657730103,0.005070636980235577,0.019492194056510925,0.04057782515883446
frame_001207.png,frame_001208.png,0.12361735850572586,0.06706809252500534,0.13009196519851685,0.00842574518173933,0.020771656185388565,0.038518697023391724
frame_001208.png,frame_001209.png,0.13379274308681488,0.06583330780267715,0.11915220320224762,0.013097618706524372,0.02151115983724594,0.03776660934090614
frame_001209.png,frame_001210.png,0.14480581879615784,0.06420847028493881,0.10389439761638641,0.017594177275896072,0.022031322121620178,0.03846465051174164
frame_001210.png,frame_001211.png,0.15770140290260315,0.062301330268383026,0.08622731268405914,0.022275127470493317,0.021797623485326767,0.039557281881570816
frame_001211.png,frame_001212.png,0.16747167706489563,0.05805327743291855,0.07303334772586823,0.026300765573978424,0.02226201444864273,0.04214737191796303
frame_001212.png,frame_001213.png,0.1723541021347046,0.05083633214235306,0.06832283735275269,0.02786681428551674,0.02386072278022766,0.04442077875137329
frame_001213.png,frame_001214.png,0.1740669310092926,0.042853355407714844,0.06559504568576813,0.029404811561107635,0.02554525062441826,0.046114303171634674
frame_001214.png,frame_001215.png,0.17174562811851501,0.03464389592409134,0.06645876169204712,0.030885159969329834,0.02768227830529213,0.046892546117305756
frame_001215.png,frame_001216.png,0.16992905735969543,0.027852974832057953,0.07058019936084747,0.03083004057407379,0.029209069907665253,0.04718027263879776
frame_001216.png,frame_001217.png,0.16886083781719208,0.02236371487379074,0.07671868801116943,0.029284540563821793,0.03056095540523529,0.04725421220064163
frame_001217.png,frame_001218.png,0.16753731667995453,0.020368661731481552,0.08449581265449524,0.02738497406244278,0.030165933072566986,0.04687294363975525
frame_001218.png,frame_001219.png,0.16745531558990479,0.01816568151116371,0.09102851152420044,0.027611002326011658,0.028982289135456085,0.04612414166331291
frame_001219.png,frame_001220.png,0.16620013117790222,0.017952557653188705,0.09019395709037781,0.028193101286888123,0.027256745845079422,0.043273575603961945
frame_001220.png,frame_001221.png,0.164137065410614,0.016767770051956177,0.08991727232933044,0.0287058986723423,0.026197046041488647,0.04220285266637802
frame_001221.png,frame_001222.png,0.16436854004859924,0.016657434403896332,0.08779460191726685,0.029044654220342636,0.025059740990400314,0.04033557325601578
frame_001222.png,frame_001223.png,0.1646927297115326,0.01393667608499527,0.08838574588298798,0.031255219131708145,0.024503499269485474,0.03795791417360306
frame_001223.png,frame_001224.png,0.16492995619773865,0.012136027216911316,0.08730018138885498,0.036371853202581406,0.023675769567489624,0.03502187132835388
frame_001224.png,frame_001225.png,0.16570283472537994,0.011403892189264297,0.08187638223171234,0.03997131809592247,0.02300480753183365,0.03017418086528778
frame_001225.png,frame_001226.png,0.16847744584083557,0.0107625313103199,0.07495172321796417,0.04177534952759743,0.02260894700884819,0.025143630802631378
frame_001226.png,frame_001227.png,0.17207539081573486,0.010061811655759811,0.07044938206672668,0.04227547347545624,0.022555775940418243,0.02068794146180153
frame_001227.png,frame_001228.png,0.17588716745376587,0.009564999490976334,0.06630048155784607,0.04123537614941597,0.021639682352542877,0.01987948641180992
frame_001228.png,frame_001229.png,0.18068242073059082,0.010058082640171051,0.05847160890698433,0.04002641886472702,0.020404912531375885,0.022033952176570892
frame_001229.png,frame_001230.png,0.18478572368621826,0.010481208562850952,0.050509896129369736,0.03872014209628105,0.01919996179640293,0.024912085384130478
frame_001230.png,frame_001231.png,0.18531489372253418,0.012017354369163513,0.04398617148399353,0.03641621395945549,0.018004029989242554,0.02675936371088028
frame_001231.png,frame_001232.png,0.18678797781467438,0.016290292143821716,0.03561834245920181,0.03612222522497177,0.016595816239714622,0.02960868924856186
frame_001232.png,frame_001233.png,0.18480396270751953,0.017888057976961136,0.03374139592051506,0.03677826747298241,0.015935588628053665,0.03177592530846596
frame_001233.png,frame_001234.png,0.18101993203163147,0.021818064153194427,0.03123965486884117,0.036766380071640015,0.015339024364948273,0.03522929549217224
frame_001234.png,frame_001235.png,0.1728883981704712,0.025983788073062897,0.033709265291690826,0.036658160388469696,0.015266179107129574,0.03911368548870087
frame_001235.png,frame_001236.png,0.1624692976474762,0.030642017722129822,0.035594649612903595,0.036866623908281326,0.014928861521184444,0.0419759601354599
frame_001236.png,frame_001237.png,0.15129083395004272,0.03550294041633606,0.038125522434711456,0.03497232869267464,0.015442335046827793,0.043678220361471176
frame_001237.png,frame_001238.png,0.14560075104236603,0.03906845301389694,0.04192110523581505,0.032897692173719406,0.016863815486431122,0.04533315449953079
frame_001238.png,frame_001239.png,0.14296597242355347,0.04010695964097977,0.047680433839559555,0.029998991638422012,0.01884133741259575,0.045464493334293365
frame_001239.png,frame_001240.png,0.1400994062423706,0.04037955403327942,0.05455939099192619,0.02767803519964218,0.020361676812171936,0.04377250373363495
frame_001240.png,frame_001241.png,0.1380406618118286,0.03887444734573364,0.0631054937839508,0.026801012456417084,0.022232551127672195,0.04112241417169571
frame_001241.png,frame_001242.png,0.13924714922904968,0.037249356508255005,0.06965014338493347,0.026159584522247314,0.024523340165615082,0.037242621183395386
frame_001242.png,frame_001243.png,0.13867531716823578,0.03563621640205383,0.07625725865364075,0.025885779410600662,0.026230737566947937,0.03388021141290665
frame_001243.png,frame_001244.png,0.1368476301431656,0.035258300602436066,0.07928051054477692,0.025554336607456207,0.026198383420705795,0.03178180381655693
frame_001244.png,frame_001245.png,0.13730795681476593,0.03350621461868286,0.08046682178974152,0.02623165398836136,0.02652478590607643,0.030189402401447296
frame_001245.png,frame_001246.png,0.13588380813598633,0.030667223036289215,0.08622634410858154,0.026473302394151688,0.026957422494888306,0.02942812070250511
frame_001246.png,frame_001247.png,0.13645939528942108,0.028203047811985016,0.09216731786727905,0.02460917830467224,0.027167346328496933,0.028684653341770172
frame_001247.png,frame_001248.png,0.13541744649410248,0.026563964784145355,0.09763386845588684,0.022018417716026306,0.02770170569419861,0.029120903462171555
frame_001248.png,frame_001249.png,0.13078145682811737,0.026609018445014954,0.10155540704727173,0.020401913672685623,0.027281388640403748,0.02846458926796913
frame_001249.png,frame_001250.png,0.12836626172065735,0.027900710701942444,0.1005362868309021,0.01996392011642456,0.024672336876392365,0.028781335800886154
frame_001250.png,frame_001251.png,0.1289328932762146,0.03113008290529251,0.09578858315944672,0.021189142018556595,0.021523218601942062,0.02863112837076187
frame_001251.png,frame_001252.png,0.1285860538482666,0.03308415412902832,0.09267131984233856,0.01723654195666313,0.018325727432966232,0.028831347823143005
frame_001252.png,frame_001253.png,0.1286710798740387,0.03665566444396973,0.08780331909656525,0.013729088939726353,0.015247599221765995,0.029364123940467834
frame_001253.png,frame_001254.png,0.13194146752357483,0.04050872474908829,0.08433771133422852,0.011184916831552982,0.014177235774695873,0.029828734695911407
frame_001254.png,frame_001255.png,0.13477982580661774,0.04551082104444504,0.08287228643894196,0.0063820937648415565,0.014096162281930447,0.026708707213401794
frame_001255.png,frame_001256.png,0.13473141193389893,0.047216594219207764,0.08480234444141388,0.0038359472528100014,0.014702514745295048,0.026345737278461456
frame_001256.png,frame_001257.png,0.131639301776886,0.04725135117769241,0.09134359657764435,0.0009776102378964424,0.015413268469274044,0.0276465006172657
frame_001257.png,frame_001258.png,0.12816974520683289,0.04670003056526184,0.09927935898303986,-4.838872700929642e-05,0.016652077436447144,0.028374359011650085
frame_001258.png,frame_001259.png,0.12663275003433228,0.04765395075082779,0.10626743733882904,0.0009140511974692345,0.017814509570598602,0.028684835880994797
frame_001259.png,frame_001260.png,0.12764088809490204,0.048724494874477386,0.1094140112400055,0.0019218036904931068,0.019426997750997543,0.027533449232578278
frame_001260.png,frame_001261.png,0.13174696266651154,0.049584753811359406,0.10749740898609161,0.00435285922139883,0.02106955274939537,0.027835827320814133
frame_001261.png,frame_001262.png,0.1382317841053009,0.05025344341993332,0.10049621760845184,0.008992095477879047,0.021778345108032227,0.027163326740264893
frame_001262.png,frame_001263.png,0.14565078914165497,0.0508948415517807,0.09824196994304657,0.011537191458046436,0.023815877735614777,0.02376551181077957
frame_001263.png,frame_001264.png,0.1496361494064331,0.05252975970506668,0.09725849330425262,0.013284525834023952,0.024731360375881195,0.0209321528673172
frame_001264.png,frame_001265.png,0.15323743224143982,0.053697116672992706,0.08965751528739929,0.020620662719011307,0.023676056414842606,0.019131116569042206
frame_001265.png,frame_001266.png,0.15398302674293518,0.05361952632665634,0.08067154884338379,0.025441613048315048,0.02036942169070244,0.018429189920425415
frame_001266.png,frame_001267.png,0.1555173695087433,0.05060760676860809,0.08013693988323212,0.02894669398665428,0.01697276160120964,0.01888485625386238
frame_001267.png,frame_001268.png,0.1572813093662262,0.048248715698719025,0.08350960910320282,0.02822655439376831,0.015800271183252335,0.015882913023233414
frame_001268.png,frame_001269.png,0.15860837697982788,0.04666920006275177,0.08744539320468903,0.023753248155117035,0.01576622575521469,0.014452948234975338
frame_001269.png,frame_001270.png,0.1543748378753662,0.04454237222671509,0.101194366812706,0.018283624202013016,0.016348598524928093,0.01630287989974022
frame_001270.png,frame_001271.png,0.15017691254615784,0.04229792207479477,0.11498348414897919,0.01392816286534071,0.016232658177614212,0.019729971885681152
frame_001271.png,frame_001272.png,0.14431631565093994,0.043710559606552124,0.12916581332683563,0.007926520891487598,0.015060127712786198,0.024637099355459213
frame_001272.png,frame_001273.png,0.13774852454662323,0.045664042234420776,0.14024731516838074,0.004629594273865223,0.013625862076878548,0.029885858297348022
frame_001273.png,frame_001274.png,0.13260197639465332,0.047986701130867004,0.14927557110786438,0.0007698843255639076,0.011997454799711704,0.03464111313223839
frame_001274.png,frame_001275.png,0.129036545753479,0.050436921417713165,0.1598135530948639,-0.0029932288452982903,0.009621771983802319,0.03601820766925812
frame_001275.png,frame_001276.png,0.12580175697803497,0.055795975029468536,0.16946925222873688,-0.006335302256047726,0.008070321753621101,0.03553038835525513
frame_001276.png,frame_001277.png,0.12594294548034668,0.0639491155743599,0.1741369515657425,-0.010548009537160397,0.006966670975089073,0.03456771373748779
frame_001277.png,frame_001278.png,0.12996509671211243,0.06899099797010422,0.17890705168247223,-0.016618750989437103,0.006481553427875042,0.036089472472667694
frame_001278.png,frame_001279.png,0.13590973615646362,0.07307247817516327,0.1755947321653366,-0.020022697746753693,0.006650004535913467,0.03309255838394165
frame_001279.png,frame_001280.png,0.1428866684436798,0.07412689179182053,0.17151615023612976,-0.020767025649547577,0.007349089719355106,0.028112702071666718
frame_001280.png,frame_001281.png,0.14798609912395477,0.07375825941562653,0.1690099984407425,-0.019485875964164734,0.007262078113853931,0.026265986263751984
frame_001281.png,frame_001282.png,0.15100893378257751,0.07046396285295486,0.1669101119041443,-0.018580373376607895,0.007529004476964474,0.025091707706451416
frame_001282.png,frame_001283.png,0.15443174540996552,0.06724792718887329,0.1674327254295349,-0.017862893640995026,0.00790685135871172,0.027050510048866272
frame_001283.png,frame_001284.png,0.1568095088005066,0.06378025561571121,0.16705511510372162,-0.01661721244454384,0.007888082414865494,0.029458004981279373
frame_001284.png,frame_001285.png,0.15900245308876038,0.06031056493520737,0.16663585603237152,-0.015490875579416752,0.008752808906137943,0.03243713080883026
frame_001285.png,frame_001286.png,0.16088896989822388,0.056670576333999634,0.16901037096977234,-0.015402951277792454,0.009509735740721226,0.03314255177974701
frame_001286.png,frame_001287.png,0.16354306042194366,0.05324924737215042,0.1665041595697403,-0.013257571496069431,0.010076473467051983,0.0326860137283802
frame_001287.png,frame_001288.png,0.1667172610759735,0.051163993775844574,0.16104525327682495,-0.011541909538209438,0.009440001100301743,0.033826325088739395
frame_001288.png,frame_001289.png,0.16705521941184998,0.04940620809793472,0.1587001085281372,-0.009636628441512585,0.008819730021059513,0.03589838370680809
frame_001289.png,frame_001290.png,0.16390277445316315,0.04769106209278107,0.16060231626033783,-0.008195740170776844,0.008800850249826908,0.03874249756336212
frame_001290.png,frame_001291.png,0.16311368346214294,0.04605306684970856,0.16172663867473602,-0.005682551302015781,0.009156901389360428,0.04093681275844574
frame_001291.png,frame_001292.png,0.16104412078857422,0.04489456117153168,0.16401483118534088,-0.0033396249637007713,0.010458693839609623,0.041296303272247314
frame_001292.png,frame_001293.png,0.16167566180229187,0.047616176307201385,0.16530215740203857,-0.00044398289173841476,0.011042827740311623,0.04744459688663483
frame_001293.png,frame_001294.png,0.16197621822357178,0.049133867025375366,0.17230424284934998,0.004388946108520031,0.012176350690424442,0.05395342409610748
frame_001294.png,frame_001295.png,0.1614004373550415,0.04682813584804535,0.1825276017189026,0.0021535707637667656,0.012999376282095909,0.05841106176376343
frame_001295.png,frame_001296.png,0.16185957193374634,0.04669701308012009,0.18981888890266418,0.0008688876405358315,0.012957161292433739,0.05995360016822815
frame_001296.png,frame_001297.png,0.1618131697177887,0.04769532382488251,0.19448673725128174,-0.00544773880392313,0.013137727975845337,0.06041848659515381
frame_001297.png,frame_001298.png,0.16144102811813354,0.0479806587100029,0.19799911975860596,-0.011921691708266735,0.015391163527965546,0.058592021465301514
frame_001298.png,frame_001299.png,0.16009387373924255,0.04813402146100998,0.20207849144935608,-0.0176728293299675,0.017272498458623886,0.05685778707265854
frame_001299.png,frame_001300.png,0.15962456166744232,0.04668213427066803,0.20769277215003967,-0.021397221833467484,0.018446283414959908,0.05817539989948273
frame_001300.png,frame_001301.png,0.15933531522750854,0.04707515984773636,0.21342235803604126,-0.02583802118897438,0.019537989050149918,0.05796586722135544
frame_001301.png,frame_001302.png,0.16034621000289917,0.048337794840335846,0.21883538365364075,-0.031163282692432404,0.02054790034890175,0.05535944551229477
frame_001302.png,frame_001303.png,0.16322478652000427,0.047184087336063385,0.22138753533363342,-0.03676242753863335,0.021953333169221878,0.05049010366201401
frame_001303.png,frame_001304.png,0.1653011441230774,0.045282550156116486,0.2235359400510788,-0.04189202934503555,0.02271580696105957,0.046705298125743866
frame_001304.png,frame_001305.png,0.16925564408302307,0.0435524508357048,0.2246503382921219,-0.0435774028301239,0.023484036326408386,0.045123204588890076
frame_001305.png,frame_001306.png,0.17258569598197937,0.043059803545475006,0.22737984359264374,-0.045804463326931,0.02351769432425499,0.04421721398830414
frame_001306.png,frame_001307.png,0.17415118217468262,0.04104316979646683,0.23543024063110352,-0.043396852910518646,0.0233902670443058,0.044872626662254333
frame_001307.png,frame_001308.png,0.17842018604278564,0.041202664375305176,0.24443301558494568,-0.04014687240123749,0.02346198633313179,0.049667686223983765
frame_001308.png,frame_001309.png,0.1807170808315277,0.043838806450366974,0.248103529214859,-0.03878287971019745,0.023381266742944717,0.05179639533162117
frame_001309.png,frame_001310.png,0.17761287093162537,0.047946497797966,0.24891111254692078,-0.038533054292201996,0.02232598140835762,0.055615149438381195
frame_001310.png,frame_001311.png,0.175147145986557,0.05174528807401657,0.24254295229911804,-0.036004044115543365,0.019577495753765106,0.060291633009910583
frame_001311.png,frame_001312.png,0.1736457496881485,0.05771929770708084,0.2307721972465515,-0.03814861178398132,0.016744103282690048,0.0638170838356018
frame_001312.png,frame_001313.png,0.1749250590801239,0.061270393431186676,0.22034451365470886,-0.040157705545425415,0.01724284514784813,0.06419417262077332
frame_001313.png,frame_001314.png,0.17712533473968506,0.06357558071613312,0.21035036444664001,-0.041602373123168945,0.0179610513150692,0.06587010622024536
frame_001314.png,frame_001315.png,0.1820942908525467,0.06323640793561935,0.2021697461605072,-0.04194969683885574,0.01900181919336319,0.06864707171916962
frame_001315.png,frame_001316.png,0.18591254949569702,0.061499953269958496,0.19651199877262115,-0.04349549859762192,0.020470820367336273,0.06757405400276184
frame_001316.png,frame_001317.png,0.19061195850372314,0.059770867228507996,0.18601834774017334,-0.04515273496508598,0.021700412034988403,0.0656537413597107
frame_001317.png,frame_001318.png,0.19616085290908813,0.058800362050533295,0.17790290713310242,-0.0472051165997982,0.02222803235054016,0.06488105654716492
frame_001318.png,frame_001319.png,0.20052137970924377,0.059032149612903595,0.17237132787704468,-0.04930504411458969,0.02266082912683487,0.061244234442710876
frame_001319.png,frame_001320.png,0.20232467353343964,0.060147032141685486,0.16407513618469238,-0.0483335480093956,0.021506167948246002,0.05807562917470932
frame_001320.png,frame_001321.png,0.19817090034484863,0.06170540302991867,0.15781234204769135,-0.047916583716869354,0.019759606570005417,0.05532144755125046
frame_001321.png,frame_001322.png,0.1917693316936493,0.06469523161649704,0.15733547508716583,-0.04872382804751396,0.018515337258577347,0.048866987228393555
frame_001322.png,frame_001323.png,0.1872699111700058,0.06820154935121536,0.15750716626644135,-0.05100145563483238,0.01909523457288742,0.04217563569545746
frame_001323.png,frame_001324.png,0.1872883439064026,0.06960907578468323,0.16266803443431854,-0.0538877509534359,0.020480934530496597,0.03734024986624718
frame_001324.png,frame_001325.png,0.1895432472229004,0.06622178107500076,0.17377087473869324,-0.05548916384577751,0.02300984412431717,0.03540356829762459
frame_001325.png,frame_001326.png,0.19244682788848877,0.059218429028987885,0.18982601165771484,-0.05693259462714195,0.025651372969150543,0.03349323943257332
frame_001326.png,frame_001327.png,0.18878775835037231,0.05445930361747742,0.21026000380516052,-0.05833543837070465,0.027154918760061264,0.030331768095493317
frame_001327.png,frame_001328.png,0.18329186737537384,0.05408930033445358,0.2283119559288025,-0.05794423073530197,0.025549735873937607,0.026078753173351288
frame_001328.png,frame_001329.png,0.17923440039157867,0.05678585171699524,0.24271053075790405,-0.05759984254837036,0.02340484783053398,0.024060510098934174
frame_001329.png,frame_001330.png,0.18100985884666443,0.05988568812608719,0.24975630640983582,-0.0548853725194931,0.021305598318576813,0.025434166193008423
frame_001330.png,frame_001331.png,0.18466925621032715,0.06029440462589264,0.2560213506221771,-0.05119793489575386,0.020641379058361053,0.029171131551265717
frame_001331.png,frame_001332.png,0.18803024291992188,0.059699803590774536,0.26107361912727356,-0.047457095235586166,0.02063411846756935,0.03310894966125488
frame_001332.png,frame_001333.png,0.19249767065048218,0.058250606060028076,0.258375883102417,-0.04377582669258118,0.020414777100086212,0.036602478474378586
frame_001333.png,frame_001334.png,0.19529375433921814,0.05684962868690491,0.2530471980571747,-0.04424035921692848,0.020566552877426147,0.039545200765132904
frame_001334.png,frame_001335.png,0.196709543466568,0.05335642397403717,0.24916699528694153,-0.04792800545692444,0.021550152450799942,0.04144616425037384
frame_001335.png,frame_001336.png,0.19539053738117218,0.04852404445409775,0.24999859929084778,-0.05337678641080856,0.02299335226416588,0.04158637672662735
frame_001336.png,frame_001337.png,0.19036348164081573,0.044554613530635834,0.25997522473335266,-0.05935675650835037,0.02424059435725212,0.040130697190761566
frame_001337.png,frame_001338.png,0.1841246634721756,0.040210723876953125,0.2742307484149933,-0.0637037381529808,0.025644447654485703,0.04079996049404144
frame_001338.png,frame_001339.png,0.17736326158046722,0.04038316756486893,0.2854148745536804,-0.06706096231937408,0.025683611631393433,0.04286729544401169
frame_001339.png,frame_001340.png,0.17357347905635834,0.04469190537929535,0.2906896770000458,-0.06852063536643982,0.025576520711183548,0.04578327387571335
frame_001340.png,frame_001341.png,0.17150934040546417,0.049329474568367004,0.29030081629753113,-0.06839385628700256,0.024499043822288513,0.04894275218248367
frame_001341.png,frame_001342.png,0.1753225028514862,0.056291915476322174,0.2800712287425995,-0.06776696443557739,0.02231638878583908,0.04903309792280197
frame_001342.png,frame_001343.png,0.18050648272037506,0.05815247446298599,0.2728367745876312,-0.07009076327085495,0.02181907370686531,0.045603569597005844
frame_001343.png,frame_001344.png,0.18460765480995178,0.056624121963977814,0.2693996727466583,-0.06967249512672424,0.02168748527765274,0.041182056069374084
frame_001344.png,frame_001345.png,0.18760301172733307,0.05705576390028,0.26407140493392944,-0.06791868060827255,0.02139722928404808,0.03505059331655502
frame_001345.png,frame_001346.png,0.1876164674758911,0.05644206702709198,0.2641318142414093,-0.06619898229837418,0.021878506988286972,0.027512483298778534
frame_001346.png,frame_001347.png,0.18326997756958008,0.052300646901130676,0.2701568305492401,-0.06358358263969421,0.022503968328237534,0.01938839629292488
frame_001347.png,frame_001348.png,0.17900192737579346,0.04550548642873764,0.27447694540023804,-0.05899767577648163,0.02211085334420204,0.014356986619532108
frame_001348.png,frame_001349.png,0.17580309510231018,0.038764841854572296,0.274665504693985,-0.05353675037622452,0.022515151649713516,0.013386853970587254
frame_001349.png,frame_001350.png,0.17116227746009827,0.03400073200464249,0.27192816138267517,-0.05041808634996414,0.02265121042728424,0.013311400078237057
frame_001350.png,frame_001351.png,0.16776055097579956,0.03190266340970993,0.26640641689300537,-0.04978818818926811,0.022953879088163376,0.010983300395309925
frame_001351.png,frame_001352.png,0.16171950101852417,0.03150354325771332,0.26215511560440063,-0.052979253232479095,0.02322627231478691,0.007696057669818401
frame_001352.png,frame_001353.png,0.157428577542305,0.034375712275505066,0.25790467858314514,-0.05664641410112381,0.02309730276465416,0.00480592530220747
frame_001353.png,frame_001354.png,0.15582147240638733,0.039984025061130524,0.2514808177947998,-0.05929289758205414,0.023312397301197052,0.005999512039124966
frame_001354.png,frame_001355.png,0.1570109724998474,0.04455658048391342,0.24358132481575012,-0.05977354198694229,0.0244680717587471,0.011891418136656284
frame_001355.png,frame_001356.png,0.1593543291091919,0.047821395099163055,0.24001049995422363,-0.058762602508068085,0.02554231882095337,0.022630132734775543
frame_001356.png,frame_001357.png,0.16152772307395935,0.05084897577762604,0.24222055077552795,-0.05790727213025093,0.02742951735854149,0.03330593556165695
frame_001357.png,frame_001358.png,0.16347256302833557,0.05343080312013626,0.24546578526496887,-0.05683553218841553,0.02823413535952568,0.04422977566719055
frame_001358.png,frame_001359.png,0.16575655341148376,0.05600220710039139,0.25130993127822876,-0.058391958475112915,0.02799905464053154,0.05389206111431122
frame_001359.png,frame_001360.png,0.16723626852035522,0.059955038130283356,0.2531854510307312,-0.061160653829574585,0.026856347918510437,0.06101051717996597
frame_001360.png,frame_001361.png,0.1713159829378128,0.0627431571483612,0.25250044465065,-0.060724981129169464,0.02560362219810486,0.06442338228225708
frame_001361.png,frame_001362.png,0.1781957596540451,0.06162739545106888,0.2501223385334015,-0.0599757581949234,0.02551712840795517,0.06948777288198471
frame_001362.png,frame_001363.png,0.18239417672157288,0.05754300206899643,0.24971795082092285,-0.05988534167408943,0.026446256786584854,0.07075341045856476
frame_001363.png,frame_001364.png,0.18137623369693756,0.05587153881788254,0.2539418041706085,-0.061008282005786896,0.02671530842781067,0.06887253373861313
frame_001364.png,frame_001365.png,0.1755484789609909,0.05626464635133743,0.2635832726955414,-0.06626862287521362,0.026551809161901474,0.0663716197013855
frame_001365.png,frame_001366.png,0.16675405204296112,0.05706990510225296,0.2788325250148773,-0.0738249197602272,0.0272405743598938,0.06091929227113724
frame_001366.png,frame_001367.png,0.16022706031799316,0.057841405272483826,0.29197362065315247,-0.08152185380458832,0.02858058735728264,0.053074613213539124
frame_001367.png,frame_001368.png,0.16049617528915405,0.05824195593595505,0.29564207792282104,-0.08312085270881653,0.029605217278003693,0.046515267342329025
frame_001368.png,frame_001369.png,0.16628164052963257,0.05944206565618515,0.2901085317134857,-0.07832974195480347,0.02877229079604149,0.044293954968452454
frame_001369.png,frame_001370.png,0.17194414138793945,0.062039442360401154,0.2849513590335846,-0.07428513467311859,0.0269320085644722,0.04320893436670303
frame_001370.png,frame_001371.png,0.1795801818370819,0.06437037140130997,0.28008928894996643,-0.07213815301656723,0.025157317519187927,0.039741601794958115
frame_001371.png,frame_001372.png,0.1885652244091034,0.06507373601198196,0.27597007155418396,-0.0717235654592514,0.024606693536043167,0.035013262182474136
frame_001372.png,frame_001373.png,0.19923746585845947,0.06574355810880661,0.26778629422187805,-0.07029273360967636,0.02305048331618309,0.028010934591293335
frame_001373.png,frame_001374.png,0.2071860432624817,0.06686815619468689,0.25765469670295715,-0.06790421903133392,0.01963202655315399,0.022627629339694977
frame_001374.png,frame_001375.png,0.21524448692798615,0.06864958256483078,0.24633434414863586,-0.0651109367609024,0.01596209406852722,0.021596498787403107
frame_001375.png,frame_001376.png,0.22545063495635986,0.07057970762252808,0.22896963357925415,-0.05990711227059364,0.012864290736615658,0.028083406388759613
frame_001376.png,frame_001377.png,0.23546475172042847,0.0699019730091095,0.20807106792926788,-0.05390243977308273,0.01150351669639349,0.037989430129528046
frame_001377.png,frame_001378.png,0.24192938208580017,0.06728415936231613,0.1886376291513443,-0.049626681953668594,0.01092695351690054,0.047134146094322205
frame_001378.png,frame_001379.png,0.2417389452457428,0.06264592707157135,0.1717955619096756,-0.04855746775865555,0.011188308708369732,0.053861796855926514
frame_001379.png,frame_001380.png,0.23705095052719116,0.05870446562767029,0.15741628408432007,-0.0513601154088974,0.01221924927085638,0.05117173492908478
frame_001380.png,frame_001381.png,0.22694122791290283,0.05748043209314346,0.1462886929512024,-0.05506211519241333,0.01301662903279066,0.03957472741603851
frame_001381.png,frame_001382.png,0.21560794115066528,0.058834053575992584,0.13426244258880615,-0.057729460299015045,0.014012961648404598,0.026313964277505875
frame_001382.png,frame_001383.png,0.20834702253341675,0.06330923736095428,0.12188948690891266,-0.05841454118490219,0.015404573641717434,0.016052063554525375
frame_001383.png,frame_001384.png,0.20574378967285156,0.0685858204960823,0.11107900738716125,-0.056048229336738586,0.0171826034784317,0.011809133924543858
frame_001384.png,frame_001385.png,0.2079005241394043,0.06976602226495743,0.10851897299289703,-0.052511341869831085,0.019121874123811722,0.013164163567125797
frame_001385.png,frame_001386.png,0.2186329960823059,0.06992485374212265,0.11046135425567627,-0.049164384603500366,0.020376048982143402,0.018904492259025574
frame_001386.png,frame_001387.png,0.23264920711517334,0.06886792182922363,0.1194673627614975,-0.04525500163435936,0.020958151668310165,0.026824701577425003
frame_001387.png,frame_001388.png,0.2469211220741272,0.06655421108007431,0.12396685779094696,-0.04386275261640549,0.020009726285934448,0.033555999398231506
frame_001388.png,frame_001389.png,0.2627522945404053,0.05927911400794983,0.12159878015518188,-0.04090341553092003,0.018876411020755768,0.042094215750694275
frame_001389.png,frame_001390.png,0.2724682688713074,0.05523991584777832,0.11670170724391937,-0.03957199677824974,0.01746455207467079,0.05074707418680191
frame_001390.png,frame_001391.png,0.27776437997817993,0.055212341248989105,0.11045905947685242,-0.03957441449165344,0.01734057441353798,0.05232665687799454
frame_001391.png,frame_001392.png,0.27723678946495056,0.054537467658519745,0.1050625741481781,-0.037297047674655914,0.018265120685100555,0.05525030195713043
frame_001392.png,frame_001393.png,0.2712293267250061,0.05546557903289795,0.10598176717758179,-0.034066010266542435,0.018017154186964035,0.05783539265394211
frame_001393.png,frame_001394.png,0.25971555709838867,0.05612105876207352,0.1143694519996643,-0.03266289085149765,0.01755872368812561,0.06010320782661438
frame_001394.png,frame_001395.png,0.24821019172668457,0.05502963066101074,0.1265958696603775,-0.03265349194407463,0.018310286104679108,0.05807828903198242
frame_001395.png,frame_001396.png,0.24011901021003723,0.05399073660373688,0.13210852444171906,-0.03126433491706848,0.02020176500082016,0.05494401603937149
frame_001396.png,frame_001397.png,0.23766770958900452,0.05468421429395676,0.13653017580509186,-0.027032777667045593,0.02283996343612671,0.05025813728570938
frame_001397.png,frame_001398.png,0.24402916431427002,0.05534803867340088,0.13308489322662354,-0.02174651250243187,0.024728287011384964,0.04651781916618347
frame_001398.png,frame_001399.png,0.24883165955543518,0.05763605237007141,0.12394577264785767,-0.016282599419355392,0.02293572574853897,0.045656055212020874
frame_001399.png,frame_001400.png,0.2491762638092041,0.05886387079954147,0.10435017943382263,-0.012670597992837429,0.019684255123138428,0.04287887364625931
frame_001400.png,frame_001401.png,0.249270498752594,0.05879155546426773,0.07838870584964752,-0.008230152539908886,0.016466941684484482,0.042135871946811676
frame_001401.png,frame_001402.png,0.24584418535232544,0.05706153064966202,0.05549420043826103,-0.00022583361715078354,0.015513121150434017,0.044647444039583206
frame_001402.png,frame_001403.png,0.24154624342918396,0.05503600835800171,0.03313269838690758,0.00779531616717577,0.016970723867416382,0.047956131398677826
frame_001403.png,frame_001404.png,0.23586240410804749,0.057446807622909546,0.016816668212413788,0.0197078138589859,0.01752127707004547,0.048096321523189545
frame_001404.png,frame_001405.png,0.2264673411846161,0.06352446973323822,0.012597698718309402,0.03107672557234764,0.017229128628969193,0.04871031641960144
frame_001405.png,frame_001406.png,0.21290472149848938,0.06750889867544174,0.016975540667772293,0.03396052122116089,0.016070246696472168,0.04600203037261963
frame_001406.png,frame_001407.png,0.19710752367973328,0.06712176650762558,0.02127673104405403,0.03197300434112549,0.013987760059535503,0.04033347964286804
frame_001407.png,frame_001408.png,0.18440715968608856,0.06594960391521454,0.020984742790460587,0.027704834938049316,0.012204447761178017,0.03418595343828201
frame_001408.png,frame_001409.png,0.17454847693443298,0.0666261687874794,0.017036136239767075,0.025789756327867508,0.01154679898172617,0.03129162639379501
frame_001409.png,frame_001410.png,0.16646182537078857,0.06869064271450043,0.009541165083646774,0.025732610374689102,0.010357290506362915,0.030222970992326736
frame_001410.png,frame_001411.png,0.16604489088058472,0.06853673607110977,-0.006924685090780258,0.027314655482769012,0.009408869780600071,0.02845696359872818
frame_001411.png,frame_001412.png,0.17056265473365784,0.06952059268951416,-0.0250442735850811,0.03238298371434212,0.008528640493750572,0.02757886052131653
frame_001412.png,frame_001413.png,0.1761285364627838,0.07125978171825409,-0.039653729647397995,0.03777558356523514,0.008286260068416595,0.02274715155363083
frame_001413.png,frame_001414.png,0.1839473396539688,0.07066835463047028,-0.048891518265008926,0.03795195370912552,0.008447901345789433,0.019535955041646957
frame_001414.png,frame_001415.png,0.19168494641780853,0.0719619169831276,-0.057283010333776474,0.04000204801559448,0.009510574862360954,0.011252821423113346
frame_001415.png,frame_001416.png,0.19980664551258087,0.07196865230798721,-0.06417253613471985,0.04459933936595917,0.010387786664068699,0.003627704456448555
frame_001416.png,frame_001417.png,0.20900225639343262,0.07225681096315384,-0.07312053442001343,0.04906003922224045,0.009515556506812572,-0.004023590125143528
frame_001417.png,frame_001418.png,0.21595212817192078,0.07036088407039642,-0.08660852909088135,0.05142755061388016,0.00758779514580965,-0.006423481740057468
frame_001418.png,frame_001419.png,0.22265946865081787,0.06790732592344284,-0.09454627335071564,0.05022430047392845,0.004802959971129894,-0.004111269488930702
frame_001419.png,frame_001420.png,0.22938483953475952,0.06581868976354599,-0.0901091992855072,0.04740098863840103,0.00407108198851347,0.00504120159894228
frame_001420.png,frame_001421.png,0.23573869466781616,0.0665605366230011,-0.08526036143302917,0.047437865287065506,0.005117851309478283,0.014505109749734402
frame_001421.png,frame_001422.png,0.23268309235572815,0.06788026541471481,-0.0768047571182251,0.04883367940783501,0.007193778641521931,0.021733269095420837
frame_001422.png,frame_001423.png,0.21884557604789734,0.06765575706958771,-0.0665590763092041,0.04646170884370804,0.00817746203392744,0.02320832759141922
frame_001423.png,frame_001424.png,0.20383785665035248,0.06670986115932465,-0.0571662075817585,0.041897036135196686,0.007639763876795769,0.02409602701663971
frame_001424.png,frame_001425.png,0.19250592589378357,0.06417501717805862,-0.04970613494515419,0.03653370589017868,0.00555756688117981,0.025094978511333466
frame_001425.png,frame_001426.png,0.18769648671150208,0.061888255178928375,-0.04817027226090431,0.03217301145195961,0.0036391979083418846,0.023947343230247498
frame_001426.png,frame_001427.png,0.18653368949890137,0.061272993683815,-0.04712202027440071,0.03098255768418312,0.0034179454669356346,0.024396412074565887
frame_001427.png,frame_001428.png,0.18097388744354248,0.05899990350008011,-0.04431161656975746,0.02922578528523445,0.0033708494156599045,0.025333423167467117
frame_001428.png,frame_001429.png,0.1757466197013855,0.055209480226039886,-0.0423722006380558,0.029463861137628555,0.003961147740483284,0.02786952629685402
frame_001429.png,frame_001430.png,0.16819462180137634,0.05025360733270645,-0.03700713440775871,0.0315689742565155,0.001630730926990509,0.03188445791602135
frame_001430.png,frame_001431.png,0.15718360245227814,0.0453602597117424,-0.026060644537210464,0.03124445676803589,0.000141107477247715,0.03048570081591606
frame_001431.png,frame_001432.png,0.14953836798667908,0.044733159244060516,-0.017812389880418777,0.033659446984529495,-0.0026232535019516945,0.02288617566227913
frame_001432.png,frame_001433.png,0.13664644956588745,0.044155411422252655,-0.00650637224316597,0.03413208946585655,-0.005214928649365902,0.01723996177315712
frame_001433.png,frame_001434.png,0.126700296998024,0.042945608496665955,0.0068289004266262054,0.030562065541744232,-0.004998263902962208,0.016312554478645325
frame_001434.png,frame_001435.png,0.12099731713533401,0.041118331253528595,0.020528700202703476,0.03170411288738251,-0.004015346989035606,0.01916912943124771
frame_001435.png,frame_001436.png,0.1252625584602356,0.03906223177909851,0.02381395548582077,0.0351545512676239,-0.0026066359132528305,0.019923705607652664
frame_001436.png,frame_001437.png,0.12701335549354553,0.036210209131240845,0.022649604827165604,0.034491363912820816,-0.0021670470014214516,0.02186862751841545
frame_001437.png,frame_001438.png,0.1352969855070114,0.03674774616956711,0.011530634015798569,0.033469293266534805,-0.0028999587520956993,0.024515826255083084
frame_001438.png,frame_001439.png,0.13615795969963074,0.03935229778289795,-0.002213742583990097,0.028624922037124634,-0.006471220403909683,0.027247272431850433
frame_001439.png,frame_001440.png,0.13471120595932007,0.04190058261156082,-0.008502300828695297,0.027063749730587006,-0.007673347368836403,0.025075044482946396
frame_001440.png,frame_001441.png,0.1408405303955078,0.04185803234577179,-0.016071151942014694,0.02829895168542862,-0.007992531172931194,0.022420421242713928
frame_001441.png,frame_001442.png,0.14719641208648682,0.042752474546432495,-0.01857202872633934,0.02870289236307144,-0.00788095872849226,0.020039577037096024
frame_001442.png,frame_001443.png,0.15142259001731873,0.04154888540506363,-0.02079131081700325,0.027119331061840057,-0.0068216752260923386,0.019647493958473206
frame_001443.png,frame_001444.png,0.15051651000976562,0.04150550812482834,-0.020837459713220596,0.024244818836450577,-0.0059285834431648254,0.019114062190055847
frame_001444.png,frame_001445.png,0.1535317450761795,0.04173646867275238,-0.01684228703379631,0.018474042415618896,-0.005359291099011898,0.024298660457134247
frame_001445.png,frame_001446.png,0.15466585755348206,0.0427723303437233,-0.005618605762720108,0.014318912290036678,-0.005296799354255199,0.02509411796927452
frame_001446.png,frame_001447.png,0.15655583143234253,0.042243264615535736,0.005248520523309708,0.010646608658134937,-0.006245346739888191,0.028158538043498993
frame_001447.png,frame_001448.png,0.15836814045906067,0.04231732338666916,0.014306556433439255,0.006992786191403866,-0.006928764283657074,0.03055422380566597
frame_001448.png,frame_001449.png,0.16061682999134064,0.0412958487868309,0.019880156964063644,0.004252397455275059,-0.006549852900207043,0.03563445433974266
frame_001449.png,frame_001450.png,0.16340506076812744,0.0410720631480217,0.018899183720350266,0.002791224978864193,-0.005185018293559551,0.03944102302193642
frame_001450.png,frame_001451.png,0.15869024395942688,0.04159238934516907,0.0190800242125988,0.002626831643283367,-0.0030014319345355034,0.04366028681397438
frame_001451.png,frame_001452.png,0.15186239778995514,0.041937075555324554,0.021434906870126724,0.0023784590885043144,-0.0013335207477211952,0.04806740954518318
frame_001452.png,frame_001453.png,0.1453595906496048,0.041150011122226715,0.0245249941945076,0.0019424958154559135,0.0015252381563186646,0.05121588334441185
frame_001453.png,frame_001454.png,0.14482426643371582,0.04074426740407944,0.026813488453626633,0.0036947401240468025,0.003864208236336708,0.052656032145023346
frame_001454.png,frame_001455.png,0.14719493687152863,0.040283069014549255,0.029507938772439957,0.003907912410795689,0.0055366745218634605,0.0530167892575264
frame_001455.png,frame_001456.png,0.15184776484966278,0.0416446179151535,0.031067155301570892,0.0029757479205727577,0.006515425629913807,0.051246270537376404
frame_001456.png,frame_001457.png,0.16041573882102966,0.042145319283008575,0.029926445335149765,0.0005070986226201057,0.007229863665997982,0.04749872535467148
frame_001457.png,frame_001458.png,0.16592535376548767,0.04299803078174591,0.0286191888153553,-0.004170811735093594,0.006985851563513279,0.04470738768577576
frame_001458.png,frame_001459.png,0.1704256534576416,0.04395556449890137,0.025933001190423965,-0.0066086044535040855,0.0065717538818717,0.042968302965164185
frame_001459.png,frame_001460.png,0.17396843433380127,0.04264011234045029,0.025126967579126358,-0.008398926816880703,0.005469894967973232,0.040064774453639984
frame_001460.png,frame_001461.png,0.1809295266866684,0.042697466909885406,0.022122763097286224,-0.005722732283174992,0.004258244298398495,0.0403081476688385
frame_001461.png,frame_001462.png,0.19157789647579193,0.04077104479074478,0.014659080654382706,-6.34295865893364e-05,0.0020523564890027046,0.039802178740501404
frame_001462.png,frame_001463.png,0.19719122350215912,0.03970925509929657,0.006501201540231705,0.0023779189214110374,0.000290735624730587,0.03986382484436035
frame_001463.png,frame_001464.png,0.19761759042739868,0.03881221264600754,-0.0013186745345592499,0.005353481508791447,-0.0013134730979800224,0.044103723019361496
frame_001464.png,frame_001465.png,0.1957031786441803,0.03723514825105667,-0.004870031028985977,0.00605758186429739,-0.001210101880133152,0.05100471153855324
frame_001465.png,frame_001466.png,0.19399438798427582,0.03625507652759552,-0.00926097109913826,0.003403293900191784,-0.0013486659154295921,0.05502435564994812
frame_001466.png,frame_001467.png,0.19693827629089355,0.03530608117580414,-0.012958791106939316,0.0005685379728674889,-0.0006294967606663704,0.05720013380050659
frame_001467.png,frame_001468.png,0.202350452542305,0.03361499309539795,-0.0169445239007473,-0.001972346566617489,-9.581726044416428e-05,0.05837206542491913
frame_001468.png,frame_001469.png,0.20850709080696106,0.032133519649505615,-0.01781899854540825,-0.0038500716909766197,0.0008233943954110146,0.056409187614917755
frame_001469.png,frame_001470.png,0.21491822600364685,0.029358528554439545,-0.017119962722063065,-0.0062933070585131645,0.0026568053290247917,0.05471472442150116
frame_001470.png,frame_001471.png,0.22077909111976624,0.025740012526512146,-0.015326879918575287,-0.007921704091131687,0.00614034291356802,0.051746610552072525
frame_001471.png,frame_001472.png,0.22509652376174927,0.023202188313007355,-0.009069476276636124,-0.00817467737942934,0.009936469607055187,0.04690123349428177
frame_001472.png,frame_001473.png,0.22450494766235352,0.021491333842277527,0.0006871037185192108,-0.008158484473824501,0.012477955780923367,0.04139774292707443
frame_001473.png,frame_001474.png,0.22343415021896362,0.020696468651294708,0.009667225182056427,-0.009251580573618412,0.012840772978961468,0.03616505488753319
frame_001474.png,frame_001475.png,0.22159451246261597,0.019671525806188583,0.021025121212005615,-0.009982999414205551,0.012192756868898869,0.03442806750535965
frame_001475.png,frame_001476.png,0.21924936771392822,0.019824586808681488,0.026217281818389893,-0.012823390774428844,0.010917539708316326,0.033470816910266876
frame_001476.png,frame_001477.png,0.2158418595790863,0.019012819975614548,0.02748611569404602,-0.014034454710781574,0.00932567473500967,0.034211546182632446
frame_001477.png,frame_001478.png,0.20622269809246063,0.019384846091270447,0.026124387979507446,-0.01659272611141205,0.006246940232813358,0.03847304731607437
frame_001478.png,frame_001479.png,0.1945689618587494,0.0189434215426445,0.02273624762892723,-0.016719024628400803,0.004688669927418232,0.04382617399096489
frame_001479.png,frame_001480.png,0.18107014894485474,0.019432447850704193,0.020575322210788727,-0.017593245953321457,0.00289998110383749,0.04956752061843872
frame_001480.png,frame_001481.png,0.16446508467197418,0.019709143787622452,0.018760990351438522,-0.019510552287101746,0.0018541617318987846,0.05587965250015259
frame_001481.png,frame_001482.png,0.14986658096313477,0.019060693681240082,0.017562303692102432,-0.02031400054693222,0.0018764538690447807,0.0594354048371315
frame_001482.png,frame_001483.png,0.13705798983573914,0.018689699470996857,0.01946520432829857,-0.02175525203347206,0.0019671237096190453,0.06162989139556885
frame_001483.png,frame_001484.png,0.12547871470451355,0.01782265305519104,0.025407273322343826,-0.02408996969461441,0.0017725462093949318,0.06236889958381653
frame_001484.png,frame_001485.png,0.11487697064876556,0.017053835093975067,0.030565232038497925,-0.02392302080988884,0.0026918770745396614,0.061573006212711334
frame_001485.png,frame_001486.png,0.10597684979438782,0.014970898628234863,0.03356253728270531,-0.021617066115140915,0.005087041296064854,0.059560976922512054
frame_001486.png,frame_001487.png,0.09785130620002747,0.013604901731014252,0.03627588972449303,-0.020486842840909958,0.007175805978477001,0.057556673884391785
frame_001487.png,frame_001488.png,0.09101372957229614,0.014056690037250519,0.03937413915991783,-0.021676164120435715,0.008237938396632671,0.05272736772894859
frame_001488.png,frame_001489.png,0.08392563462257385,0.015908531844615936,0.04199579358100891,-0.02501828968524933,0.008269834332168102,0.04758094996213913
frame_001489.png,frame_001490.png,0.07865053415298462,0.0168914794921875,0.041975460946559906,-0.029303964227437973,0.006936436519026756,0.041401587426662445
frame_001490.png,frame_001491.png,0.07364995777606964,0.014522898942232132,0.04033287614583969,-0.027497831732034683,0.004321125335991383,0.03730872645974159
frame_001491.png,frame_001492.png,0.07420910894870758,0.011848542839288712,0.03368449583649635,-0.019752534106373787,0.001968800090253353,0.036224089562892914
frame_001492.png,frame_001493.png,0.06542691588401794,0.007734399288892746,0.020443744957447052,-0.012681027874350548,0.0005730986595153809,0.030527379363775253
frame_001493.png,frame_001494.png,0.05298056825995445,0.0025635063648223877,0.006896659731864929,-0.007790135685354471,0.00015084538608789444,0.024726945906877518
frame_001494.png,frame_001495.png,0.038533199578523636,-0.0015231072902679443,-0.00028631463646888733,-0.005300951190292835,0.0005179261788725853,0.021320227533578873
frame_001495.png,frame_001496.png,0.023139767348766327,-0.004655163735151291,-0.0007637478411197662,-0.007146650925278664,0.0014266353100538254,0.018698133528232574
frame_001496.png,frame_001497.png,0.005473136901855469,-0.007075585424900055,0.005105979740619659,-0.010640894994139671,0.00263051874935627,0.017858143895864487
frame_001497.png,frame_001498.png,-0.013999991118907928,-0.008630409836769104,0.013250682502985,-0.014097994193434715,0.002976926974952221,0.016958162188529968
frame_001498.png,frame_001499.png,-0.03088095784187317,-0.009946465492248535,0.022697921842336655,-0.014608538709580898,0.0024978583678603172,0.014715825207531452
frame_001499.png,frame_001500.png,-0.04192209988832474,-0.009848076850175858,0.028549227863550186,-0.012516200542449951,0.001542685553431511,0.014551450498402119
frame_001500.png,frame_001501.png,-0.050735555589199066,-0.009361844509840012,0.03561457246541977,-0.009233097545802593,0.0007502906955778599,0.01563265547156334
frame_001501.png,frame_001502.png,-0.06068039685487747,-0.010961251333355904,0.045894768089056015,-0.008727174252271652,-0.0008230684325098991,0.017239362001419067
frame_001502.png,frame_001503.png,-0.06948480755090714,-0.013715406879782677,0.05784193053841591,-0.011518999002873898,-0.0022080661728978157,0.020359709858894348
frame_001503.png,frame_001504.png,-0.07839178293943405,-0.016123414039611816,0.07096518576145172,-0.01503408420830965,-0.0035609984770417213,0.021997179836034775
frame_001504.png,frame_001505.png,-0.08740483969449997,-0.019665103405714035,0.08301597833633423,-0.017543651163578033,-0.004160809330642223,0.02145399898290634
frame_001505.png,frame_001506.png,-0.09409276396036148,-0.021428469568490982,0.09044283628463745,-0.01670888066291809,-0.005701550282537937,0.02012903243303299
frame_001506.png,frame_001507.png,-0.10652440041303635,-0.020975325256586075,0.09670419991016388,-0.018331583589315414,-0.007455899380147457,0.0168718621134758
frame_001507.png,frame_001508.png,-0.12282099574804306,-0.022923680022358894,0.10312111675739288,-0.018706969916820526,-0.009985391981899738,0.016264215111732483
frame_001508.png,frame_001509.png,-0.14360499382019043,-0.024487759917974472,0.10654640197753906,-0.017042547464370728,-0.011705533601343632,0.013380126096308231
frame_001509.png,frame_001510.png,-0.15368938446044922,-0.02616165764629841,0.10178022086620331,-0.0132519556209445,-0.013799837790429592,0.01319959107786417
frame_001510.png,frame_001511.png,-0.15219056606292725,-0.02844421938061714,0.0908697098493576,-0.005453026853501797,-0.015884842723608017,0.02040877193212509
frame_001511.png,frame_001512.png,-0.1513766646385193,-0.029964517802000046,0.08201965689659119,0.0032639140263199806,-0.01840326189994812,0.02543416991829872
frame_001512.png,frame_001513.png,-0.15228012204170227,-0.031212344765663147,0.07515688240528107,0.005136207677423954,-0.01818414032459259,0.02869734913110733
frame_001513.png,frame_001514.png,-0.15233540534973145,-0.0305158793926239,0.07335253059864044,0.005354872904717922,-0.01625071093440056,0.033715542405843735
frame_001514.png,frame_001515.png,-0.14738407731056213,-0.03195394575595856,0.06980647146701813,0.0011721933260560036,-0.013093753717839718,0.0362885445356369
frame_001515.png,frame_001516.png,-0.1457817554473877,-0.03450479730963707,0.06987257301807404,-0.003950842656195164,-0.010282608680427074,0.034909795969724655
frame_001516.png,frame_001517.png,-0.14564990997314453,-0.035077054053545,0.07325966656208038,-0.007169094868004322,-0.008000331930816174,0.03432480990886688
frame_001517.png,frame_001518.png,-0.14838823676109314,-0.03594018146395683,0.07618837058544159,-0.008859437890350819,-0.0074683139100670815,0.03217795118689537
frame_001518.png,frame_001519.png,-0.15515851974487305,-0.0362745001912117,0.07590822875499725,-0.007951582781970501,-0.008409070782363415,0.03081725910305977
frame_001519.png,frame_001520.png,-0.15974554419517517,-0.03578781336545944,0.07481510937213898,-0.006215260364115238,-0.008353578858077526,0.028534360229969025
frame_001520.png,frame_001521.png,-0.15733599662780762,-0.03519122302532196,0.06896235048770905,-0.005638732574880123,-0.008082267828285694,0.025363150984048843
frame_001521.png,frame_001522.png,-0.14770647883415222,-0.035617511719465256,0.05809861049056053,-0.004230109043419361,-0.0075151314958930016,0.02710370346903801
frame_001522.png,frame_001523.png,-0.1357288658618927,-0.03487258404493332,0.0446748323738575,-0.0005407026037573814,-0.008112548850476742,0.03109690546989441
frame_001523.png,frame_001524.png,-0.1282760202884674,-0.034583210945129395,0.03547242283821106,-0.000431145541369915,-0.008015715517103672,0.03211461007595062
frame_001524.png,frame_001525.png,-0.12283086031675339,-0.03536827117204666,0.02623504400253296,0.0003318553790450096,-0.007939699105918407,0.03125742822885513
frame_001525.png,frame_001526.png,-0.1174817755818367,-0.03703686594963074,0.016058247536420822,0.001094040460884571,-0.007831542752683163,0.02769911289215088
frame_001526.png,frame_001527.png,-0.11248870939016342,-0.03821979835629463,0.0019307024776935577,0.001351495273411274,-0.007799972780048847,0.025667306035757065
frame_001527.png,frame_001528.png,-0.1108463928103447,-0.03989170491695404,-0.010107435286045074,-8.700508624315262e-05,-0.007868255488574505,0.019255351275205612
frame_001528.png,frame_001529.png,-0.10608325153589249,-0.04127175360918045,-0.02139650657773018,-0.0008134394884109497,-0.00741280522197485,0.012290031649172306
frame_001529.png,frame_001530.png,-0.09976030141115189,-0.042212821543216705,-0.031610846519470215,-0.0008164709433913231,-0.00674781110137701,0.008527052588760853
frame_001530.png,frame_001531.png,-0.09098919481039047,-0.04207703098654747,-0.03946501389145851,-0.0003338409587740898,-0.005627455189824104,0.005975932814180851
frame_001531.png,frame_001532.png,-0.08141400665044785,-0.041467975825071335,-0.047877516597509384,0.0021274108439683914,-0.004199476912617683,0.0034667523577809334
frame_001532.png,frame_001533.png,-0.07354491204023361,-0.0408981554210186,-0.05504537746310234,0.0030599916353821754,-0.004347464069724083,0.0028184736147522926
frame_001533.png,frame_001534.png,-0.06697728484869003,-0.040578894317150116,-0.06417490541934967,0.0023302119225263596,-0.004137098789215088,-0.0015758788213133812
frame_001534.png,frame_001535.png,-0.059065841138362885,-0.04158395901322365,-0.07506701350212097,0.002929852344095707,-0.0033383723348379135,-0.005035075359046459
frame_001535.png,frame_001536.png,-0.05024207383394241,-0.04270500689744949,-0.08633048832416534,0.005715678445994854,-0.003011011518537998,-0.007970632053911686
frame_001536.png,frame_001537.png,-0.04046543687582016,-0.04244336858391762,-0.0963800847530365,0.006722087040543556,-0.0034962324425578117,-0.010280528105795383
frame_001537.png,frame_001538.png,-0.032311685383319855,-0.04259960725903511,-0.09943936765193939,0.006867565214633942,-0.0036774007603526115,-0.011197169311344624
frame_001538.png,frame_001539.png,-0.027169324457645416,-0.04205382615327835,-0.10306070744991302,0.009857844561338425,-0.0031292783096432686,-0.014027909375727177
frame_001539.png,frame_001540.png,-0.019587703049182892,-0.042310524731874466,-0.11144551634788513,0.011481483466923237,-0.0030680708587169647,-0.020282484591007233
frame_001540.png,frame_001541.png,-0.012984633445739746,-0.04417292773723602,-0.11886757612228394,0.013307648710906506,-0.0021296190097928047,-0.022893916815519333
frame_001541.png,frame_001542.png,-0.0020680278539657593,-0.04726029932498932,-0.12819106876850128,0.016870159655809402,-0.00048562977463006973,-0.02488289773464203
frame_001542.png,frame_001543.png,0.008845113217830658,-0.05074240639805794,-0.13675934076309204,0.020090468227863312,0.0011139241978526115,-0.02769552543759346
frame_001543.png,frame_001544.png,0.013819202780723572,-0.05363544821739197,-0.13822248578071594,0.019154716283082962,0.0010121120139956474,-0.028366558253765106
frame_001544.png,frame_001545.png,0.01620294898748398,-0.05583435669541359,-0.13951405882835388,0.018438030034303665,0.0008567040786147118,-0.029115445911884308
frame_001545.png,frame_001546.png,0.014378249645233154,-0.057903990149497986,-0.13931897282600403,0.016271252185106277,-8.389912545681e-05,-0.029156394302845
frame_001546.png,frame_001547.png,0.010059244930744171,-0.060599714517593384,-0.1400303840637207,0.016884855926036835,-0.0004473114386200905,-0.02938508614897728
frame_001547.png,frame_001548.png,0.004038974642753601,-0.06337374448776245,-0.14066004753112793,0.016898225992918015,-0.002073857933282852,-0.030129510909318924
frame_001548.png,frame_001549.png,-0.0035666003823280334,-0.06629271805286407,-0.140984907746315,0.015285096131265163,-0.0038466108962893486,-0.0295584537088871
frame_001549.png,frame_001550.png,-0.01097656786441803,-0.06758943200111389,-0.13907958567142487,0.012030852027237415,-0.006178191863000393,-0.030694760382175446
frame_001550.png,frame_001551.png,-0.017884068191051483,-0.06823035329580307,-0.13680943846702576,0.004637506790459156,-0.008912102319300175,-0.029714837670326233
frame_001551.png,frame_001552.png,-0.02462039142847061,-0.06866247951984406,-0.13623318076133728,0.00021546846255660057,-0.011740426532924175,-0.029649149626493454
frame_001552.png,frame_001553.png,-0.03271923214197159,-0.06862051039934158,-0.14035816490650177,-0.003185329958796501,-0.012630459852516651,-0.030616305768489838
frame_001553.png,frame_001554.png,-0.03961610049009323,-0.06908875703811646,-0.14118775725364685,-0.009555091150105,-0.013369382359087467,-0.03179492428898811
frame_001554.png,frame_001555.png,-0.04427141696214676,-0.06970450282096863,-0.14294742047786713,-0.017230980098247528,-0.013729368336498737,-0.03475584089756012
frame_001555.png,frame_001556.png,-0.048610128462314606,-0.06981901824474335,-0.1436028927564621,-0.022723816335201263,-0.0145253362134099,-0.037139084190130234
frame_001556.png,frame_001557.png,-0.05098096281290054,-0.06946377456188202,-0.14094698429107666,-0.02502569556236267,-0.013826158829033375,-0.03787434473633766
frame_001557.png,frame_001558.png,-0.05253075808286667,-0.06622772663831711,-0.13680368661880493,-0.028463616967201233,-0.014061813242733479,-0.04041439667344093
frame_001558.png,frame_001559.png,-0.05006774514913559,-0.06222476437687874,-0.13507504761219025,-0.029147528111934662,-0.014314242638647556,-0.041324321180582047
frame_001559.png,frame_001560.png,-0.044762007892131805,-0.05739781633019447,-0.13699619472026825,-0.027613308280706406,-0.014794335700571537,-0.042237039655447006
frame_001560.png,frame_001561.png,-0.037874944508075714,-0.05251630023121834,-0.13695843517780304,-0.025263357907533646,-0.014655138365924358,-0.04115622118115425
frame_001561.png,frame_001562.png,-0.033677734434604645,-0.047624874860048294,-0.13858020305633545,-0.023315872997045517,-0.014910873956978321,-0.03824881464242935
frame_001562.png,frame_001563.png,-0.02993544191122055,-0.04349024221301079,-0.1416233777999878,-0.021367445588111877,-0.015618720091879368,-0.03698524460196495
frame_001563.png,frame_001564.png,-0.024639688432216644,-0.03856530413031578,-0.14476744830608368,-0.0191626138985157,-0.016284365206956863,-0.03719496726989746
frame_001564.png,frame_001565.png,-0.020647160708904266,-0.03427494317293167,-0.14783333241939545,-0.018980011343955994,-0.01657724753022194,-0.037183910608291626
frame_001565.png,frame_001566.png,-0.0175655335187912,-0.030542707070708275,-0.14921773970127106,-0.01770467311143875,-0.015802253037691116,-0.03842964023351669
frame_001566.png,frame_001567.png,-0.014554508030414581,-0.02721392922103405,-0.1506470888853073,-0.01746709644794464,-0.015205387957394123,-0.039329323917627335
frame_001567.png,frame_001568.png,-0.011710509657859802,-0.02535998821258545,-0.151510089635849,-0.018122952431440353,-0.014516946859657764,-0.04114779084920883
frame_001568.png,frame_001569.png,-0.006928645074367523,-0.021543826907873154,-0.1518121063709259,-0.020789358764886856,-0.013731245882809162,-0.04068524017930031
frame_001569.png,frame_001570.png,-0.002350233495235443,-0.01737246662378311,-0.15058189630508423,-0.02346218377351761,-0.013438341207802296,-0.0405576154589653
frame_001570.png,frame_001571.png,0.0023735687136650085,-0.015117410570383072,-0.15367719531059265,-0.02593982219696045,-0.012332619167864323,-0.041060373187065125
frame_001571.png,frame_001572.png,0.005776800215244293,-0.012277105823159218,-0.15496553480625153,-0.02745681256055832,-0.011928469873964787,-0.04237920418381691
frame_001572.png,frame_001573.png,0.004677928984165192,-0.008467569947242737,-0.1555856466293335,-0.028036829084157944,-0.011438190005719662,-0.0448654368519783
frame_001573.png,frame_001574.png,0.0031185075640678406,-0.004918940365314484,-0.1559772938489914,-0.02773316577076912,-0.011503414250910282,-0.04798024892807007
frame_001574.png,frame_001575.png,1.4476478099822998e-05,-0.002879645675420761,-0.156222864985466,-0.029037773609161377,-0.012242079712450504,-0.04808317869901657
frame_001575.png,frame_001576.png,-0.0029054060578346252,-0.0007244795560836792,-0.156892791390419,-0.029616817831993103,-0.012374837882816792,-0.04768003895878792
frame_001576.png,frame_001577.png,-0.004426203668117523,0.0005987025797367096,-0.1599922478199005,-0.029356107115745544,-0.013066339306533337,-0.04606137052178383
frame_001577.png,frame_001578.png,-0.005878634750843048,0.0016270354390144348,-0.16099268198013306,-0.02912355586886406,-0.013653186149895191,-0.045233339071273804
frame_001578.png,frame_001579.png,-0.008234821259975433,0.0033290013670921326,-0.16385610401630402,-0.028102368116378784,-0.014321249909698963,-0.04460196569561958
frame_001579.png,frame_001580.png,-0.00977402925491333,0.004190128296613693,-0.16555774211883545,-0.028450150042772293,-0.015018449164927006,-0.043576084077358246
frame_001580.png,frame_001581.png,-0.00838702917098999,0.006289385259151459,-0.16863104701042175,-0.027254413813352585,-0.016486231237649918,-0.04111490026116371
frame_001581.png,frame_001582.png,-0.012869015336036682,0.007696628570556641,-0.16723567247390747,-0.027920633554458618,-0.017368771135807037,-0.03897077962756157
frame_001582.png,frame_001583.png,-0.010915584862232208,0.012012720108032227,-0.16756398975849152,-0.027264304459095,-0.018220748752355576,-0.036999400705099106
frame_001583.png,frame_001584.png,-0.0020570755004882812,0.01896463707089424,-0.16252149641513824,-0.03142322599887848,-0.019519370049238205,-0.03501088544726372
frame_001584.png,frame_001585.png,0.005402795970439911,0.023810312151908875,-0.15033963322639465,-0.03641286492347717,-0.020917370915412903,-0.031013179570436478
frame_001585.png,frame_001586.png,0.008457198739051819,0.02729131281375885,-0.13675086200237274,-0.037825457751750946,-0.022677749395370483,-0.029671836644411087
frame_001586.png,frame_001587.png,0.007341228425502777,0.028544031083583832,-0.12301318347454071,-0.040243759751319885,-0.023293573409318924,-0.0320553220808506
frame_001587.png,frame_001588.png,0.0034885480999946594,0.029934033751487732,-0.11318632960319519,-0.040682364255189896,-0.0237441249191761,-0.03347478061914444
frame_001588.png,frame_001589.png,-0.0026829615235328674,0.031210124492645264,-0.10750925540924072,-0.040518082678318024,-0.02429388463497162,-0.03459026664495468
frame_001589.png,frame_001590.png,-0.008443169295787811,0.03238797187805176,-0.10182537138462067,-0.04051394388079643,-0.024704717099666595,-0.03471578657627106
frame_001590.png,frame_001591.png,-0.014735393226146698,0.03350856155157089,-0.09673064947128296,-0.03919454663991928,-0.025075506418943405,-0.03758789226412773
frame_001591.png,frame_001592.png,-0.02233520895242691,0.03426145017147064,-0.09175494313240051,-0.03772320970892906,-0.025728866457939148,-0.04049161076545715
frame_001592.png,frame_001593.png,-0.030577071011066437,0.03617659956216812,-0.08379146456718445,-0.035203468054533005,-0.02647244557738304,-0.04318634420633316
frame_001593.png,frame_001594.png,-0.03754601627588272,0.03725606948137283,-0.0766189843416214,-0.035400256514549255,-0.02714145928621292,-0.046752020716667175
frame_001594.png,frame_001595.png,-0.04615984112024307,0.037016429007053375,-0.07081732153892517,-0.035808008164167404,-0.027420349419116974,-0.05138789117336273
frame_001595.png,frame_001596.png,-0.05375158041715622,0.03574482351541519,-0.06810356676578522,-0.035277627408504486,-0.02796655148267746,-0.054956987500190735
frame_001596.png,frame_001597.png,-0.05985092371702194,0.03512450307607651,-0.06623168289661407,-0.03420091047883034,-0.028442971408367157,-0.05650258809328079
frame_001597.png,frame_001598.png,-0.06728257983922958,0.03307882696390152,-0.06628094613552094,-0.03344002738595009,-0.028960950672626495,-0.05823323875665665
frame_001598.png,frame_001599.png,-0.0764547809958458,0.030279092490673065,-0.06516940891742706,-0.03332400694489479,-0.03012208640575409,-0.05929289013147354
frame_001599.png,frame_001600.png,-0.08523809164762497,0.027144037187099457,-0.06462210416793823,-0.034567248076200485,-0.030264515429735184,-0.06165117770433426
frame_001600.png,frame_001601.png,-0.09631722420454025,0.023861780762672424,-0.05999545007944107,-0.03741048276424408,-0.030046746134757996,-0.06114105135202408
frame_001601.png,frame_001602.png,-0.10885360091924667,0.021116383373737335,-0.053094152361154556,-0.042342692613601685,-0.02939584106206894,-0.062334783375263214
frame_001602.png,frame_001603.png,-0.11942388862371445,0.02006162703037262,-0.04660540446639061,-0.04774734377861023,-0.028551317751407623,-0.06541873514652252
frame_001603.png,frame_001604.png,-0.13053810596466064,0.019732724875211716,-0.040053315460681915,-0.05072517693042755,-0.02803877741098404,-0.06733199208974838
frame_001604.png,frame_001605.png,-0.1407652497291565,0.01932520791888237,-0.03518610820174217,-0.05366986617445946,-0.027713973075151443,-0.06611716747283936
frame_001605.png,frame_001606.png,-0.14617010951042175,0.018903490155935287,-0.027789857238531113,-0.05756548047065735,-0.027467191219329834,-0.06425628811120987
frame_001606.png,frame_001607.png,-0.15148881077766418,0.01905151829123497,-0.018225710839033127,-0.06109446659684181,-0.0261123925447464,-0.05997683107852936
frame_001607.png,frame_001608.png,-0.15763413906097412,0.018793344497680664,-0.006746474653482437,-0.06430760025978088,-0.024709001183509827,-0.05717618390917778
frame_001608.png,frame_001609.png,-0.161057710647583,0.01839931309223175,0.00018795207142829895,-0.06680794060230255,-0.023536458611488342,-0.05342213809490204
frame_001609.png,frame_001610.png,-0.16662535071372986,0.017771296203136444,0.010480757802724838,-0.0696258470416069,-0.02183540165424347,-0.052545562386512756
frame_001610.png,frame_001611.png,-0.178244948387146,0.01889226958155632,0.024104878306388855,-0.0733412504196167,-0.020445924252271652,-0.0534183606505394
frame_001611.png,frame_001612.png,-0.19137170910835266,0.018049880862236023,0.04245181381702423,-0.0767393708229065,-0.02039177715778351,-0.05520440265536308
frame_001612.png,frame_001613.png,-0.20268675684928894,0.01886565238237381,0.06089445576071739,-0.07671470195055008,-0.020253058522939682,-0.05745226889848709
frame_001613.png,frame_001614.png,-0.21406054496765137,0.019254788756370544,0.08036279678344727,-0.07798749208450317,-0.019313208758831024,-0.06049901247024536
frame_001614.png,frame_001615.png,-0.21870309114456177,0.018487349152565002,0.09090633690357208,-0.07640540599822998,-0.020209167152643204,-0.06082781404256821
frame_001615.png,frame_001616.png,-0.21733489632606506,0.0163029283285141,0.09960633516311646,-0.07577942311763763,-0.02199261263012886,-0.059069301933050156
frame_001616.png,frame_001617.png,-0.21704640984535217,0.016381151974201202,0.11207525432109833,-0.07672625780105591,-0.02283383160829544,-0.06120138242840767
frame_001617.png,frame_001618.png,-0.21313944458961487,0.015308011323213577,0.11900880932807922,-0.0755576640367508,-0.024145320057868958,-0.05948089435696602
frame_001618.png,frame_001619.png,-0.20771735906600952,0.015660006552934647,0.12644225358963013,-0.0757998675107956,-0.02581612765789032,-0.058137133717536926
frame_001619.png,frame_001620.png,-0.19813531637191772,0.017029233276844025,0.13292968273162842,-0.07661962509155273,-0.02764974907040596,-0.05740179866552353
frame_001620.png,frame_001621.png,-0.19054579734802246,0.01899253949522972,0.13908064365386963,-0.0790252760052681,-0.0289892740547657,-0.05564809590578079
frame_001621.png,frame_001622.png,-0.18248704075813293,0.021751560270786285,0.14170974493026733,-0.07945866137742996,-0.029561884701251984,-0.05110171437263489
frame_001622.png,frame_001623.png,-0.17572811245918274,0.024586953222751617,0.14236661791801453,-0.07951133698225021,-0.029964588582515717,-0.04684057459235191
frame_001623.png,frame_001624.png,-0.16784489154815674,0.026763714849948883,0.14131540060043335,-0.07990314811468124,-0.02940555289387703,-0.04277941212058067
frame_001624.png,frame_001625.png,-0.1572590470314026,0.028119511902332306,0.13395190238952637,-0.08105356991291046,-0.028416156768798828,-0.03992269188165665
frame_001625.png,frame_001626.png,-0.1445510983467102,0.02632126212120056,0.12649157643318176,-0.0833679735660553,-0.02841351181268692,-0.035091057419776917
frame_001626.png,frame_001627.png,-0.12501385807991028,0.023017816245555878,0.11308853328227997,-0.07986273616552353,-0.025861412286758423,-0.02658037096261978
frame_001627.png,frame_001628.png,-0.1043146476149559,0.022238023579120636,0.09945632517337799,-0.08107717335224152,-0.024159055203199387,-0.02151535451412201
frame_001628.png,frame_001629.png,-0.0831175372004509,0.02105741947889328,0.08762307465076447,-0.0816703736782074,-0.020569227635860443,-0.013259931467473507
frame_001629.png,frame_001630.png,-0.06276469677686691,0.021345406770706177,0.069307342171669,-0.08124055713415146,-0.016224972903728485,-0.01035285647958517
frame_001630.png,frame_001631.png,-0.044542886316776276,0.02287786453962326,0.057880740612745285,-0.08270527422428131,-0.011868753470480442,-0.007265168242156506
frame_001631.png,frame_001632.png,-0.029552005231380463,0.024593718349933624,0.047886546701192856,-0.08345305919647217,-0.009502227418124676,-0.005600540898740292
frame_001632.png,frame_001633.png,-0.015070170164108276,0.024770088493824005,0.040287263691425323,-0.08689002692699432,-0.008732506074011326,-0.004595856182277203
frame_001633.png,frame_001634.png,-0.005737803876399994,0.023802146315574646,0.032006096094846725,-0.09112277626991272,-0.008120917715132236,-0.004007923416793346
frame_001634.png,frame_001635.png,-0.007077239453792572,0.022354207932949066,0.023358840495347977,-0.0901670753955841,-0.009990827180445194,-0.006837799213826656
frame_001635.png,frame_001636.png,-0.017975322902202606,0.0211048424243927,0.01456410065293312,-0.08831170201301575,-0.011862515471875668,-0.01287271361798048
frame_001636.png,frame_001637.png,-0.02809273451566696,0.019380271434783936,0.005105089396238327,-0.08877769112586975,-0.012942283414304256,-0.019487041980028152
frame_001637.png,frame_001638.png,-0.03296544402837753,0.01909584552049637,-0.004448320716619492,-0.08745896816253662,-0.010888678021728992,-0.025669127702713013
frame_001638.png,frame_001639.png,-0.03208601474761963,0.01790548861026764,-0.014125842601060867,-0.09165079146623611,-0.009901507757604122,-0.03226754069328308
frame_001639.png,frame_001640.png,-0.036014072597026825,0.014507371932268143,-0.01280924305319786,-0.10536887496709824,-0.009553172625601292,-0.034113816916942596
frame_001640.png,frame_001641.png,-0.0366983488202095,0.01431487500667572,-0.008331377059221268,-0.11704538762569427,-0.007345263846218586,-0.03802486136555672
frame_001641.png,frame_001642.png,-0.036244846880435944,0.01013704389333725,-0.005838897079229355,-0.11819580942392349,-0.0075423838570714,-0.04605229198932648
frame_001642.png,frame_001643.png,-0.03669034689664841,0.007501080632209778,0.0021765492856502533,-0.11766055226325989,-0.008694128133356571,-0.04967636615037918
frame_001643.png,frame_001644.png,-0.018637217581272125,0.011297829449176788,0.01387367770075798,-0.12016117572784424,-0.005971903912723064,-0.044308140873909
frame_001644.png,frame_001645.png,-0.0016289427876472473,0.012376867234706879,0.014060404151678085,-0.1170606017112732,-0.0010018404573202133,-0.0479617677628994
frame_001645.png,frame_001646.png,-0.0009268224239349365,0.014508366584777832,0.015308864414691925,-0.1123761385679245,0.002281677909195423,-0.05857078731060028
frame_001646.png,frame_001647.png,0.003953322768211365,0.018215671181678772,0.025402259081602097,-0.11613444983959198,0.00035545695573091507,-0.05247548595070839
frame_001647.png,frame_001648.png,0.013047374784946442,0.018637321889400482,0.028597578406333923,-0.11751767992973328,-0.0018023913726210594,-0.04044462740421295
frame_001648.png,frame_001649.png,0.03820948302745819,0.01670954003930092,0.03338286653161049,-0.11799857765436172,0.003068220801651478,-0.018451891839504242
frame_001649.png,frame_001650.png,0.054351985454559326,0.01312955841422081,0.03637787327170372,-0.11457251757383347,0.009325173683464527,0.006317843683063984
frame_001650.png,frame_001651.png,0.07619201391935349,0.013775695115327835,0.03592896834015846,-0.10908498615026474,0.019619155675172806,0.026732902973890305
frame_001651.png,frame_001652.png,0.09917905926704407,0.013561390340328217,0.036342132836580276,-0.10560527443885803,0.026171039789915085,0.03181058168411255
frame_001652.png,frame_001653.png,0.10754687339067459,0.012109510600566864,0.03935946896672249,-0.10041257739067078,0.02774963155388832,0.026827719062566757
frame_001653.png,frame_001654.png,0.10163076221942902,0.011675111949443817,0.04522847756743431,-0.10064245015382767,0.02820863202214241,0.02962246537208557
frame_001654.png,frame_001655.png,0.08092507719993591,0.0036397352814674377,0.04031778499484062,-0.0952032133936882,0.034367989748716354,0.032842397689819336
frame_001655.png,frame_001656.png,0.06555573642253876,-0.00822100043296814,0.038004934787750244,-0.09933563321828842,0.04087979719042778,0.03487979620695114
frame_001656.png,frame_001657.png,0.06782016158103943,-0.01306554488837719,0.048869628459215164,-0.09943412989377975,0.049422942101955414,0.038859203457832336
frame_001657.png,frame_001658.png,0.06735558807849884,-0.011188551783561707,0.059863124042749405,-0.08438320457935333,0.051734209060668945,0.04082658141851425
frame_001658.png,frame_001659.png,0.06922082602977753,-0.014493927359580994,0.07699131965637207,-0.06456329673528671,0.05346112325787544,0.02679683268070221
frame_001659.png,frame_001660.png,0.06877006590366364,-0.012750539928674698,0.09063921868801117,-0.05150388181209564,0.053600043058395386,0.010745921172201633
frame_001660.png,frame_001661.png,0.07758679986000061,-0.0045585669577121735,0.08794686198234558,-0.05271070450544357,0.05488896742463112,-0.004004566930234432
frame_001661.png,frame_001662.png,0.09387189149856567,0.0036403387784957886,0.08264641463756561,-0.0542672798037529,0.05688563361763954,-0.020135734230279922
frame_001662.png,frame_001663.png,0.11671119928359985,0.0016635619103908539,0.09637078642845154,-0.059516992419958115,0.05281563848257065,-0.021581456065177917
frame_001663.png,frame_001664.png,0.12561777234077454,-0.005523789674043655,0.1015075147151947,-0.0654236450791359,0.047768838703632355,-0.013518831692636013
frame_001664.png,frame_001665.png,0.12051428854465485,-0.012159641832113266,0.10887987911701202,-0.05462830886244774,0.040116168558597565,-0.0030115945264697075
frame_001665.png,frame_001666.png,0.09985604137182236,-0.02110232040286064,0.1272623986005783,-0.047819674015045166,0.032592494040727615,0.0197267085313797
frame_001666.png,frame_001667.png,0.08676983416080475,-0.02907133474946022,0.146438330411911,-0.04095647856593132,0.028033629059791565,0.03423231095075607
frame_001667.png,frame_001668.png,0.08937026560306549,-0.03927841782569885,0.12920142710208893,-0.04760310798883438,0.023268923163414,0.030430883169174194
frame_001668.png,frame_001669.png,0.1090126633644104,-0.0414092056453228,0.12412624061107635,-0.06156030297279358,0.023198403418064117,0.02360685169696808
frame_001669.png,frame_001670.png,0.12613369524478912,-0.04048975557088852,0.1237669587135315,-0.07399310916662216,0.027248885482549667,0.01701071858406067
frame_001670.png,frame_001671.png,0.13983190059661865,-0.041400257498025894,0.13991215825080872,-0.08119917660951614,0.031116873025894165,0.014273968525230885
frame_001671.png,frame_001672.png,0.14381694793701172,-0.044661782681941986,0.13660916686058044,-0.07710710167884827,0.03268660604953766,0.01167296152561903
frame_001672.png,frame_001673.png,0.14751547574996948,-0.047012124210596085,0.12624239921569824,-0.0641472190618515,0.03183770924806595,0.010468804277479649
frame_001673.png,frame_001674.png,0.15420755743980408,-0.042309314012527466,0.10331116616725922,-0.05787118524312973,0.028064973652362823,0.008552764542400837
frame_001674.png,frame_001675.png,0.16175438463687897,-0.034010984003543854,0.0866885781288147,-0.05203242227435112,0.024874035269021988,0.014892122708261013
frame_001675.png,frame_001676.png,0.17847803235054016,-0.02281654253602028,0.07764530181884766,-0.049964651465415955,0.023431409150362015,0.028398606926202774
frame_001676.png,frame_001677.png,0.20455297827720642,-0.006642930209636688,0.07682973146438599,-0.049205511808395386,0.02102614939212799,0.04115847870707512
frame_001677.png,frame_001678.png,0.2341650128364563,0.006360519677400589,0.0783664733171463,-0.04745016619563103,0.020951522514224052,0.05334177613258362
frame_001678.png,frame_001679.png,0.25741830468177795,0.014567054808139801,0.0740405023097992,-0.04597414284944534,0.022033587098121643,0.06511644273996353
frame_001679.png,frame_001680.png,0.2755143344402313,0.025550968945026398,0.06629274785518646,-0.04098287597298622,0.021680209785699844,0.08264625072479248
frame_001680.png,frame_001681.png,0.2852555513381958,0.03582919389009476,0.06666724383831024,-0.037538230419158936,0.023220248520374298,0.09101139008998871
frame_001681.png,frame_001682.png,0.29118412733078003,0.04265878349542618,0.06821931898593903,-0.03255932033061981,0.024370364844799042,0.09559430927038193
frame_001682.png,frame_001683.png,0.29638445377349854,0.05126971751451492,0.0683886855840683,-0.03197680786252022,0.019631624221801758,0.0885278731584549
frame_001683.png,frame_001684.png,0.2885743975639343,0.06072354316711426,0.09349727630615234,-0.04585510119795799,0.015272564254701138,0.07380825281143188
frame_001684.png,frame_001685.png,0.27744174003601074,0.07165797054767609,0.11911371350288391,-0.04804256558418274,0.016587965190410614,0.07704686373472214
frame_001685.png,frame_001686.png,0.28355684876441956,0.07932381331920624,0.13983425498008728,-0.051367901265621185,0.027790777385234833,0.0793430507183075
frame_001686.png,frame_001687.png,0.28541603684425354,0.07701373100280762,0.14188234508037567,-0.0628090351819992,0.03556835651397705,0.07637177407741547
frame_001687.png,frame_001688.png,0.258368581533432,0.07679098099470139,0.16950726509094238,-0.07249251008033752,0.04486646130681038,0.07325030863285065
frame_001688.png,frame_001689.png,0.22171509265899658,0.0822618156671524,0.19823715090751648,-0.09687872976064682,0.058145344257354736,0.05345316231250763
frame_001689.png,frame_001690.png,0.1879684180021286,0.08704199641942978,0.2494562268257141,-0.10284987837076187,0.05763828754425049,0.03262367844581604
frame_001690.png,frame_001691.png,0.16706019639968872,0.10078730434179306,0.27133822441101074,-0.08205605298280716,0.052074745297431946,0.02722916752099991
frame_001691.png,frame_001692.png,0.15920588374137878,0.10397446900606155,0.26688703894615173,-0.033394381403923035,0.039199672639369965,0.05111052468419075
frame_001692.png,frame_001693.png,0.18194833397865295,0.10167581588029861,0.25629547238349915,-0.0050912657752633095,0.03612366318702698,0.07146473228931427
frame_001693.png,frame_001694.png,0.1771123707294464,0.09003307670354843,0.2698197662830353,-0.012904436327517033,0.025735657662153244,0.0781826302409172
frame_001694.png,frame_001695.png,0.16888484358787537,0.08185925334692001,0.3160141110420227,-0.03479829058051109,0.00038490351289510727,0.10047659277915955
frame_001695.png,frame_001696.png,0.17739400267601013,0.059188954532146454,0.3230443298816681,-0.040327057242393494,-0.003977395594120026,0.10907050967216492
frame_001696.png,frame_001697.png,0.1923004388809204,0.0455661341547966,0.33842530846595764,-0.0627279132604599,0.002102957107126713,0.11570702493190765
frame_001697.png,frame_001698.png,0.19732782244682312,0.05084594339132309,0.3361518085002899,-0.06936425715684891,0.014677450060844421,0.1307532787322998
frame_001698.png,frame_001699.png,0.17471539974212646,0.06043676286935806,0.3244034945964813,-0.06972143054008484,0.017267398536205292,0.1369221955537796
frame_001699.png,frame_001700.png,0.18830841779708862,0.0673561617732048,0.2982977330684662,-0.07134564220905304,0.016621658578515053,0.11981029808521271
frame_001700.png,frame_001701.png,0.21569880843162537,0.08539830893278122,0.256742924451828,-0.048676297068595886,0.014739942736923695,0.13549968600273132
frame_001701.png,frame_001702.png,0.2610663175582886,0.08994821459054947,0.2574823796749115,-0.03995998576283455,0.011195824481546879,0.13481782376766205
frame_001702.png,frame_001703.png,0.24334463477134705,0.08146635442972183,0.32659992575645447,-0.0346766859292984,0.002302412874996662,0.12584564089775085
frame_001703.png,frame_001704.png,0.22566667199134827,0.04665578901767731,0.32106730341911316,-0.039503730833530426,0.011428801342844963,0.13441121578216553
frame_001704.png,frame_001705.png,0.23917430639266968,0.03253871202468872,0.269914835691452,-0.05582694709300995,0.01204946544021368,0.14936864376068115
frame_001705.png,frame_001706.png,0.21732959151268005,0.04467736929655075,0.22995923459529877,-0.05279373377561569,0.022550590336322784,0.1624952107667923
frame_001706.png,frame_001707.png,0.18283909559249878,0.04290183633565903,0.18691721558570862,-0.05523978918790817,0.028751995414495468,0.16115158796310425
frame_001707.png,frame_001708.png,0.17402106523513794,0.05019134283065796,0.15193329751491547,-0.036313921213150024,0.029930662363767624,0.11275201290845871
frame_001708.png,frame_001709.png,0.14679032564163208,0.04927505552768707,0.16285362839698792,-0.034145839512348175,0.03027965873479843,0.12709078192710876
frame_001709.png,frame_001710.png,0.11380687355995178,0.038322292268276215,0.15638336539268494,-0.03425750508904457,0.029138736426830292,0.08141855895519257
frame_001710.png,frame_001711.png,0.10895952582359314,0.028584949672222137,0.16717326641082764,-0.03515470400452614,0.0302792526781559,0.07840315997600555
frame_001711.png,frame_001712.png,0.10700368881225586,0.02110985666513443,0.1737174093723297,-0.03290777653455734,0.02289057895541191,0.08352403342723846
frame_001712.png,frame_001713.png,0.06276016682386398,0.014217682182788849,0.16212481260299683,-0.023409973829984665,0.018095700070261955,0.08461505174636841
frame_001713.png,frame_001714.png,0.058543771505355835,0.009219508618116379,0.19155585765838623,-0.043862707912921906,0.019923660904169083,0.09859325736761093
frame_001714.png,frame_001715.png,0.054091423749923706,0.017640240490436554,0.20546749234199524,-0.03542936220765114,0.021537840366363525,0.1006784662604332
frame_001715.png,frame_001716.png,0.08062615990638733,0.03919117897748947,0.17229019105434418,-0.0051812720485031605,0.027624886482954025,0.11478348076343536
frame_001716.png,frame_001717.png,0.08824185281991959,0.04696781188249588,0.15154719352722168,-0.014392307959496975,0.029005713760852814,0.08576462417840958
frame_001717.png,frame_001718.png,0.07997120916843414,0.051949016749858856,0.166216641664505,-0.03604945167899132,0.03415370360016823,0.0458126962184906
frame_001718.png,frame_001719.png,0.07195024192333221,0.04169873893260956,0.17127367854118347,-0.05190416797995567,0.0372932069003582,0.04393421858549118
frame_001719.png,frame_001720.png,0.03693939745426178,0.030287474393844604,0.15720322728157043,-0.005642588250339031,0.0379331111907959,0.07912908494472504
frame_001720.png,frame_001721.png,0.01805759221315384,-0.0026610642671585083,0.11186765134334564,0.0021071014925837517,0.03780130669474602,0.08503130078315735
frame_001721.png,frame_001722.png,0.02126006782054901,0.0026764273643493652,0.08692838251590729,-0.021451100707054138,0.02343069389462471,0.05444879084825516
frame_001722.png,frame_001723.png,0.03584962338209152,0.0038370154798030853,0.09989328682422638,-0.039270516484975815,0.018978379666805267,0.06677350401878357
frame_001723.png,frame_001724.png,0.03554357588291168,-0.0035951323807239532,0.13360777497291565,-0.04272107034921646,0.0004143333062529564,0.0779254287481308
frame_001724.png,frame_001725.png,0.0347038097679615,-5.925074219703674e-05,0.1824430376291275,-0.0396089144051075,-0.005007830448448658,0.06139129400253296
frame_001725.png,frame_001726.png,0.055237386375665665,0.03485811501741409,0.19657963514328003,-0.0402618832886219,0.0016959747299551964,0.04496126249432564
frame_001726.png,frame_001727.png,0.06312845647335052,0.04646237939596176,0.19664956629276276,-0.03649787977337837,0.002847914583981037,0.06694721430540085
frame_001727.png,frame_001728.png,0.06263264268636703,0.049966976046562195,0.20565098524093628,-0.030657462775707245,0.011856005527079105,0.07177680730819702
frame_001728.png,frame_001729.png,0.08065641671419144,0.04127126932144165,0.19997748732566833,-0.015771057456731796,0.01917938143014908,0.06978441029787064
frame_001729.png,frame_001730.png,0.08437970280647278,0.02716992050409317,0.19128623604774475,-0.016956835985183716,0.013033811934292316,0.06232944130897522
frame_001730.png,frame_001731.png,0.06683383882045746,0.014733795076608658,0.16441000998020172,-0.001560282427817583,0.011300276033580303,0.0422639474272728
frame_001731.png,frame_001732.png,0.015277527272701263,0.006835542619228363,0.12999595701694489,0.02731303870677948,0.012345945462584496,0.03819141536951065
frame_001732.png,frame_001733.png,-0.008498407900333405,-0.00613846629858017,0.10383093357086182,0.03644485026597977,0.010601827874779701,0.05224348604679108
frame_001733.png,frame_001734.png,-0.020387105643749237,-0.008126646280288696,0.08449313044548035,0.031710006296634674,0.010419013909995556,0.04886990040540695
frame_001734.png,frame_001735.png,-0.019022874534130096,-0.004579663276672363,0.07162994146347046,0.02036941424012184,0.007775196805596352,0.04703787341713905
frame_001735.png,frame_001736.png,-0.013107173144817352,0.00848638266324997,0.07074052095413208,0.004540435969829559,0.001749938353896141,0.05554114282131195
frame_001736.png,frame_001737.png,0.0029754415154457092,0.01919502019882202,0.07625626027584076,-0.014529847539961338,-0.002788643352687359,0.06534585356712341
frame_001737.png,frame_001738.png,0.020228885114192963,0.020873285830020905,0.07474011182785034,-0.03579381853342056,-0.000703541561961174,0.07292380928993225
frame_001738.png,frame_001739.png,0.027070440351963043,0.022491589188575745,0.08191545307636261,-0.05185975879430771,0.006674672476947308,0.07587512582540512
frame_001739.png,frame_001740.png,0.024831391870975494,0.02421838790178299,0.09056359529495239,-0.06252878159284592,0.01069407258182764,0.07589450478553772
frame_001740.png,frame_001741.png,0.017104268074035645,0.02927354723215103,0.09974387288093567,-0.06327103823423386,0.013051873072981834,0.07049904763698578
frame_001741.png,frame_001742.png,0.008527778089046478,0.033236704766750336,0.10667836666107178,-0.06036647409200668,0.014358814805746078,0.06494439393281937
frame_001742.png,frame_001743.png,-0.0005280002951622009,0.03560641407966614,0.11134764552116394,-0.05589202046394348,0.011123116128146648,0.06390763819217682
frame_001743.png,frame_001744.png,-0.011195957660675049,0.03475198894739151,0.11740119755268097,-0.04771871492266655,0.00565500371158123,0.0672217458486557
frame_001744.png,frame_001745.png,-0.01777007430791855,0.02928411215543747,0.12970426678657532,-0.03937848284840584,0.001861458644270897,0.07191760092973709
frame_001745.png,frame_001746.png,-0.020010828971862793,0.025043532252311707,0.14706015586853027,-0.03217972069978714,-0.0010353615507483482,0.07753968238830566
frame_001746.png,frame_001747.png,-0.01852761209011078,0.02433083951473236,0.1604490876197815,-0.026537682861089706,-0.003422197885811329,0.08354119211435318
frame_001747.png,frame_001748.png,-0.015546523034572601,0.023367859423160553,0.17132869362831116,-0.021598387509584427,-0.007362270727753639,0.0862494558095932
frame_001748.png,frame_001749.png,-0.011404789984226227,0.023830123245716095,0.17586025595664978,-0.016447562724351883,-0.010615714825689793,0.08771096169948578
frame_001749.png,frame_001750.png,-0.011415213346481323,0.026030488312244415,0.17922057211399078,-0.011619356460869312,-0.012754001654684544,0.08619792014360428
frame_001750.png,frame_001751.png,-0.011217974126338959,0.027651958167552948,0.18623891472816467,-0.007884006015956402,-0.016024570912122726,0.08420449495315552
frame_001751.png,frame_001752.png,-0.01173131912946701,0.02713262289762497,0.19091206789016724,-0.0014750557020306587,-0.019895344972610474,0.08007171750068665
frame_001752.png,frame_001753.png,-0.017180725932121277,0.020792104303836823,0.1949499249458313,0.007811232469975948,-0.022856954485177994,0.07565560936927795
frame_001753.png,frame_001754.png,-0.01802792400121689,0.014112092554569244,0.19048240780830383,0.02229626104235649,-0.023385103791952133,0.06492047011852264
frame_001754.png,frame_001755.png,-0.021638117730617523,0.00820731371641159,0.18096621334552765,0.03702027350664139,-0.024007748812437057,0.05193518474698067
frame_001755.png,frame_001756.png,-0.022701047360897064,0.007010739296674728,0.16814424097537994,0.04940236359834671,-0.023726850748062134,0.03633537143468857
frame_001756.png,frame_001757.png,-0.025935642421245575,0.006368085741996765,0.16010266542434692,0.06342953443527222,-0.0258822962641716,0.023977860808372498
frame_001757.png,frame_001758.png,-0.0306527242064476,0.002833086997270584,0.16416606307029724,0.07740652561187744,-0.02265322580933571,0.017217233777046204
frame_001758.png,frame_001759.png,-0.03962152451276779,-0.004597809165716171,0.16380387544631958,0.08908595889806747,-0.021432559937238693,0.013505247421562672
frame_001759.png,frame_001760.png,-0.05162542313337326,-0.011660650372505188,0.16059239208698273,0.09992478042840958,-0.020654723048210144,0.016530930995941162
frame_001760.png,frame_001761.png,-0.06289281696081161,-0.015695882961153984,0.1541055142879486,0.1059214249253273,-0.021239835768938065,0.019177205860614777
frame_001761.png,frame_001762.png,-0.0722382590174675,-0.020291710272431374,0.1458694040775299,0.11104957014322281,-0.023289639502763748,0.017572615295648575
frame_001762.png,frame_001763.png,-0.08024763315916061,-0.02523338422179222,0.13845589756965637,0.11404696851968765,-0.024936363101005554,0.013506905175745487
frame_001763.png,frame_001764.png,-0.09253395348787308,-0.026824887841939926,0.1375693529844284,0.11298872530460358,-0.025858119130134583,0.010976281948387623
frame_001764.png,frame_001765.png,-0.09762292355298996,-0.028051642701029778,0.13192357122898102,0.11150406301021576,-0.024915412068367004,0.010515266098082066
frame_001765.png,frame_001766.png,-0.09556125849485397,-0.028757013380527496,0.12426207959651947,0.10817404091358185,-0.0256216861307621,0.00848106388002634
frame_001766.png,frame_001767.png,-0.08942096680402756,-0.02351306937634945,0.12366984784603119,0.10237672924995422,-0.025919634848833084,0.00970690418034792
frame_001767.png,frame_001768.png,-0.08502503484487534,-0.018900128081440926,0.12037393450737,0.10020729899406433,-0.02145121991634369,0.005516239441931248
frame_001768.png,frame_001769.png,-0.09292887896299362,-0.015722300857305527,0.12109535932540894,0.09488171339035034,-0.020910486578941345,-0.0035031838342547417
frame_001769.png,frame_001770.png,-0.09330569952726364,-0.009697847068309784,0.14393793046474457,0.07379844784736633,-0.019216347485780716,0.0013528624549508095
frame_001770.png,frame_001771.png,-0.06905064731836319,-0.005812335759401321,0.19896115362644196,0.053421758115291595,-0.014998949132859707,0.01476201880723238
frame_001771.png,frame_001772.png,-0.05537327378988266,0.0013310573995113373,0.25908002257347107,0.03125596046447754,-0.012780201621353626,0.016096945852041245
frame_001772.png,frame_001773.png,-0.04876133054494858,0.004558242857456207,0.32307687401771545,0.010360167361795902,-0.012528332881629467,0.021312464028596878
frame_001773.png,frame_001774.png,-0.06689875572919846,0.012139737606048584,0.37941309809684753,-0.014668094925582409,-0.010660375468432903,0.018141482025384903
frame_001774.png,frame_001775.png,-0.09329577535390854,0.01965852826833725,0.42296457290649414,-0.033090509474277496,-0.006733563728630543,0.01723632588982582
frame_001775.png,frame_001776.png,-0.11075916141271591,0.024572953581809998,0.45496371388435364,-0.042990945279598236,-0.0011695148423314095,0.015372381545603275
frame_001776.png,frame_001777.png,-0.12257640808820724,0.0258372500538826,0.4828753173351288,-0.04804903268814087,0.00294391717761755,0.007017605938017368
frame_001777.png,frame_001778.png,-0.13772675395011902,0.02645457535982132,0.5031060576438904,-0.05044527351856232,0.007014579139649868,-0.007559607736766338
frame_001778.png,frame_001779.png,-0.1520853042602539,0.028007246553897858,0.5191482305526733,-0.05035502463579178,0.010859313420951366,-0.016133282333612442
frame_001779.png,frame_001780.png,-0.16364511847496033,0.030592836439609528,0.5216781497001648,-0.04936512932181358,0.012766587547957897,-0.021093793213367462
frame_001780.png,frame_001781.png,-0.17231082916259766,0.03366934508085251,0.5185671448707581,-0.048598065972328186,0.012440568767488003,-0.023094262927770615
frame_001781.png,frame_001782.png,-0.18010368943214417,0.03565176576375961,0.5094897150993347,-0.04913567379117012,0.011474153958261013,-0.02615152671933174
frame_001782.png,frame_001783.png,-0.18081709742546082,0.03685414046049118,0.4962773025035858,-0.04946175962686539,0.010251170955598354,-0.02980232983827591
frame_001783.png,frame_001784.png,-0.18000629544258118,0.03931957483291626,0.4817762076854706,-0.04305817931890488,0.008331074379384518,-0.027382370084524155
frame_001784.png,frame_001785.png,-0.17896008491516113,0.04538821429014206,0.4503132402896881,-0.0319160632789135,0.002912345342338085,-0.022387027740478516
frame_001785.png,frame_001786.png,-0.18225446343421936,0.040069133043289185,0.40159210562705994,-0.02237968146800995,-0.0031198235228657722,-0.0170145221054554
frame_001786.png,frame_001787.png,-0.16944953799247742,0.028921566903591156,0.36639437079429626,-0.013062756508588791,0.0036795390769839287,0.022958818823099136
frame_001787.png,frame_001788.png,-0.17733916640281677,0.0401441752910614,0.34527626633644104,-0.000993785448372364,0.0006585558876395226,0.021028682589530945
frame_001788.png,frame_001789.png,-0.1973850131034851,0.03836441785097122,0.2892671525478363,0.017346002161502838,-1.4142133295536041e-05,0.003634967841207981
frame_001789.png,frame_001790.png,-0.20612791180610657,0.01912681758403778,0.29232481122016907,0.021511387079954147,0.0055519333109259605,-0.030250828713178635
frame_001790.png,frame_001791.png,-0.24947825074195862,-0.0022210292518138885,0.32919105887413025,0.006526823155581951,0.009235254488885403,-0.0180441215634346
frame_001791.png,frame_001792.png,-0.2956983149051666,-0.006371762603521347,0.34223976731300354,0.012452908791601658,-0.004237883724272251,-0.012558422051370144
frame_001792.png,frame_001793.png,-0.3042491376399994,-0.022998539730906487,0.3293956220149994,0.03122386708855629,-0.003992968238890171,-0.022741079330444336
frame_001793.png,frame_001794.png,-0.29958677291870117,-0.037351228296756744,0.2998659908771515,0.013321426697075367,-0.0022021541371941566,0.004066058434545994
frame_001794.png,frame_001795.png,-0.31022635102272034,-0.04014040157198906,0.3001289367675781,-0.010210908018052578,0.0047338856384158134,0.05316708981990814
frame_001795.png,frame_001796.png,-0.3037523031234741,-0.025372061878442764,0.3084125220775604,0.002707236912101507,0.006010471843183041,0.07259467244148254
frame_001796.png,frame_001797.png,-0.2515803575515747,-0.024053562432527542,0.3082105815410614,0.0006636148318648338,0.0031885867938399315,0.04010246694087982
frame_001797.png,frame_001798.png,-0.20023640990257263,-0.02088390290737152,0.29955366253852844,-0.0005853166803717613,0.016125045716762543,0.02739347144961357
frame_001798.png,frame_001799.png,-0.18061617016792297,-0.006113547831773758,0.2927190363407135,-0.0003647897392511368,0.006343263201415539,0.03016989678144455
frame_001799.png,frame_001800.png,-0.19667759537696838,-0.019045112654566765,0.2759293019771576,-0.006141515448689461,-0.003106215037405491,0.015779025852680206
frame_001800.png,frame_001801.png,-0.17631804943084717,-0.020283089950680733,0.26564520597457886,-0.03394227474927902,-0.005723160691559315,0.0178135447204113
frame_001801.png,frame_001802.png,-0.1624002754688263,-0.022889984771609306,0.27267923951148987,-0.04900530353188515,-0.0017536887899041176,0.00883238110691309
frame_001802.png,frame_001803.png,-0.16280099749565125,-0.024320967495441437,0.28396138548851013,-0.050220735371112823,-0.005705659277737141,-0.0018686568364501
frame_001803.png,frame_001804.png,-0.16897785663604736,-0.019779019057750702,0.31598541140556335,-0.041486188769340515,-0.014577829279005527,-0.021897822618484497
frame_001804.png,frame_001805.png,-0.17757943272590637,-0.01948644034564495,0.3375215232372284,-0.035255253314971924,-0.023579221218824387,-0.02845647931098938
frame_001805.png,frame_001806.png,-0.18515798449516296,-0.01651982218027115,0.3485625088214874,-0.032371170818805695,-0.03186966851353645,-0.03224276378750801
frame_001806.png,frame_001807.png,-0.1877276599407196,-0.015398316085338593,0.3493383824825287,-0.02712690457701683,-0.03486735001206398,-0.03964264318346977
frame_001807.png,frame_001808.png,-0.18582457304000854,-0.014328693971037865,0.34354880452156067,-0.025236234068870544,-0.03551428020000458,-0.04488406702876091
frame_001808.png,frame_001809.png,-0.17993119359016418,-0.0137595534324646,0.3357200622558594,-0.025729849934577942,-0.034974873065948486,-0.0467364564538002
frame_001809.png,frame_001810.png,-0.1714710295200348,-0.011923937126994133,0.3241572678089142,-0.030015788972377777,-0.03336223587393761,-0.04633835703134537
frame_001810.png,frame_001811.png,-0.15631577372550964,-0.012772180140018463,0.3099857270717621,-0.039407242089509964,-0.02901649847626686,-0.04509486258029938
frame_001811.png,frame_001812.png,-0.12762466073036194,-0.014320408925414085,0.29571327567100525,-0.050922293215990067,-0.022409610450267792,-0.0399625264108181
frame_001812.png,frame_001813.png,-0.12027036398649216,-0.011254305019974709,0.29153355956077576,-0.05626598000526428,-0.0189361609518528,-0.040498264133930206
frame_001813.png,frame_001814.png,-0.12526431679725647,-0.01408415287733078,0.27672669291496277,-0.05738598853349686,-0.016101311892271042,-0.03052132949233055
frame_001814.png,frame_001815.png,-0.13807770609855652,-0.019218534231185913,0.2694353759288788,-0.055029332637786865,-0.016257666051387787,-0.0139151057228446
frame_001815.png,frame_001816.png,-0.15736454725265503,-0.019487090408802032,0.30087772011756897,-0.046921949833631516,-0.019050560891628265,-0.008670187555253506
frame_001816.png,frame_001817.png,-0.15411359071731567,-0.02022351510822773,0.3295452296733856,-0.029524996876716614,-0.013107468374073505,-0.007179911248385906
frame_001817.png,frame_001818.png,-0.1629108190536499,-0.027979213744401932,0.3846956193447113,-0.034048255532979965,-0.006167870946228504,0.007528138346970081
frame_001818.png,frame_001819.png,-0.14576560258865356,-0.0205684881657362,0.3984595239162445,-0.020695682615041733,-0.0027688005939126015,0.013399024493992329
frame_001819.png,frame_001820.png,-0.14763429760932922,-0.02461315505206585,0.37868377566337585,-0.00754204299300909,-0.007690121419727802,0.005964876152575016
frame_001820.png,frame_001821.png,-0.14147070050239563,-0.01945832371711731,0.36084961891174316,-0.002120361663401127,-0.0023072557523846626,0.0031755948439240456
frame_001821.png,frame_001822.png,-0.1351102888584137,-0.015258081257343292,0.3402079641819,-0.009571127593517303,-0.00023981835693120956,0.003767990507185459
frame_001822.png,frame_001823.png,-0.10255629569292068,-0.004605695605278015,0.29485297203063965,0.0036013228818774223,-0.00058023352175951,-0.02316557615995407
frame_001823.png,frame_001824.png,-0.06434840708971024,0.01485912874341011,0.27045637369155884,0.026073027402162552,0.002502436749637127,-0.02977820858359337
frame_001824.png,frame_001825.png,-0.048529379069805145,0.02526731789112091,0.28084132075309753,0.02825261652469635,0.006018907763063908,-0.004934313707053661
frame_001825.png,frame_001826.png,-0.08358562737703323,0.02573160082101822,0.30688270926475525,0.017790839076042175,0.0059153055772185326,0.022686582058668137
frame_001826.png,frame_001827.png,-0.12723267078399658,0.014547176659107208,0.3147772252559662,-0.024426497519016266,0.00578735675662756,0.04617588222026825
frame_001827.png,frame_001828.png,-0.1568312644958496,0.006019860506057739,0.31991758942604065,-0.04774903133511543,-0.0013183550909161568,0.06789221614599228
frame_001828.png,frame_001829.png,-0.21981275081634521,-0.014964606612920761,0.3035294711589813,-0.03587343543767929,-0.00017026159912347794,0.04490584135055542
frame_001829.png,frame_001830.png,-0.2390541136264801,-0.030120182782411575,0.27091798186302185,-0.012148790061473846,-0.001219545491039753,0.0077795470133423805
frame_001830.png,frame_001831.png,-0.228408545255661,-0.010176073759794235,0.26202061772346497,0.01586764305830002,-0.013882310129702091,-0.006647559814155102
frame_001831.png,frame_001832.png,-0.22515729069709778,0.018293287605047226,0.23824524879455566,0.022231101989746094,-0.0225575789809227,-0.005904774181544781
frame_001832.png,frame_001833.png,-0.23119667172431946,0.017314240336418152,0.23647001385688782,-0.017227210104465485,-0.028865452855825424,0.00894115585833788
frame_001833.png,frame_001834.png,-0.24549585580825806,0.011572740972042084,0.25252097845077515,-0.04035550728440285,-0.03632182627916336,0.014843476004898548
frame_001834.png,frame_001835.png,-0.25849324464797974,0.008291065692901611,0.26816344261169434,-0.047131795436143875,-0.03973328322172165,0.012182098813354969
frame_001835.png,frame_001836.png,-0.2539380192756653,0.005784347653388977,0.2883732318878174,-0.04463425651192665,-0.03596463426947594,0.004279573448002338
frame_001836.png,frame_001837.png,-0.23966029286384583,0.009680256247520447,0.2957511842250824,-0.03375692665576935,-0.03144329786300659,-0.00867715384811163
frame_001837.png,frame_001838.png,-0.2337670922279358,0.013190314173698425,0.2980419099330902,-0.025434359908103943,-0.02615051344037056,-0.015520206652581692
frame_001838.png,frame_001839.png,-0.2298806607723236,0.013951241970062256,0.29518964886665344,-0.0199994295835495,-0.02176494523882866,-0.017261851578950882
frame_001839.png,frame_001840.png,-0.22142770886421204,0.011934544891119003,0.2955535352230072,-0.020082712173461914,-0.017365358769893646,-0.017336472868919373
frame_001840.png,frame_001841.png,-0.2152809500694275,0.010876208543777466,0.2993500232696533,-0.023468278348445892,-0.01392990443855524,-0.013870696537196636
frame_001841.png,frame_001842.png,-0.21077197790145874,0.009602680802345276,0.3037191331386566,-0.027378015220165253,-0.011465911753475666,-0.012160773389041424
frame_001842.png,frame_001843.png,-0.20724400877952576,0.012945432215929031,0.3057553470134735,-0.027718517929315567,-0.011226312257349491,-0.012589781545102596
frame_001843.png,frame_001844.png,-0.20965424180030823,0.016432609409093857,0.3036740720272064,-0.028680507093667984,-0.014797189272940159,-0.01621808111667633
frame_001844.png,frame_001845.png,-0.22250834107398987,0.015005011111497879,0.301789253950119,-0.03586256504058838,-0.023464158177375793,-0.01982298493385315
frame_001845.png,frame_001846.png,-0.22440597414970398,0.0115022212266922,0.28688856959342957,-0.043032415211200714,-0.02897663414478302,-0.020840715616941452
frame_001846.png,frame_001847.png,-0.20277723670005798,0.01534842699766159,0.26264724135398865,-0.04344692826271057,-0.02330620214343071,-0.00999134685844183
frame_001847.png,frame_001848.png,-0.17606696486473083,0.010568607598543167,0.2735736072063446,-0.053687889128923416,-0.017182473093271255,0.018545284867286682
frame_001848.png,frame_001849.png,-0.1677752137184143,0.014650825411081314,0.31091707944869995,-0.06978283077478409,-0.017184685915708542,0.05282910540699959
frame_001849.png,frame_001850.png,-0.16447898745536804,0.011188235133886337,0.3344079554080963,-0.0688837468624115,-0.0220506452023983,0.06240285933017731
frame_001850.png,frame_001851.png,-0.1463988721370697,-2.1260231733322144e-05,0.3363170325756073,-0.074937604367733,-0.025193266570568085,0.07137112319469452
frame_001851.png,frame_001852.png,-0.13605132699012756,-0.0012284517288208008,0.3325493633747101,-0.0708683505654335,-0.010421949438750744,0.057297483086586
frame_001852.png,frame_001853.png,-0.12142982333898544,-0.0009566955268383026,0.3384988009929657,-0.06623569875955582,0.0008586132898926735,0.053317829966545105
frame_001853.png,frame_001854.png,-0.11966649442911148,0.002583809196949005,0.3661724627017975,-0.07834741473197937,0.013140886090695858,0.045779287815093994
frame_001854.png,frame_001855.png,-0.07404770702123642,-0.008559443056583405,0.3489237129688263,-0.06253248453140259,0.0190911665558815,0.07212728261947632
frame_001855.png,frame_001856.png,-0.04682030528783798,-0.007643319666385651,0.28890788555145264,-0.03546406328678131,0.006461281329393387,0.059743836522102356
frame_001856.png,frame_001857.png,-0.03004295378923416,0.00078548863530159,0.25546279549598694,-0.025513906031847,-0.0070395441725850105,0.049375247210264206
frame_001857.png,frame_001858.png,-0.025753438472747803,-0.011986155062913895,0.2555689215660095,-0.039540845900774,-0.0028925733640789986,0.05212965980172157
frame_001858.png,frame_001859.png,-0.009970463812351227,-0.02643434703350067,0.2362971007823944,-0.049275174736976624,0.004142876248806715,0.05352966487407684
frame_001859.png,frame_001860.png,-0.012845195829868317,-0.01571231335401535,0.18466691672801971,-0.0565248467028141,-0.004469303414225578,0.05351649224758148
frame_001860.png,frame_001861.png,-0.029818423092365265,-0.002793245017528534,0.1614411324262619,-0.0497572124004364,-0.013503369875252247,0.05581800639629364
frame_001861.png,frame_001862.png,-0.04621826857328415,0.0069163888692855835,0.17811867594718933,-0.038963161408901215,-0.017944715917110443,0.04950026422739029
frame_001862.png,frame_001863.png,-0.05602281540632248,0.010833166539669037,0.1839040219783783,-0.03078550100326538,-0.02855917066335678,0.03319410979747772
frame_001863.png,frame_001864.png,-0.062019236385822296,0.01142759621143341,0.18185482919216156,-0.026643376797437668,-0.03726137802004814,0.02253291755914688
frame_001864.png,frame_001865.png,-0.06891831010580063,0.011347360908985138,0.18080639839172363,-0.021130722016096115,-0.04134782776236534,0.015309772454202175
frame_001865.png,frame_001866.png,-0.07223563641309738,0.008788548409938812,0.18296366930007935,-0.023530639708042145,-0.03921588510274887,0.014799819327890873
frame_001866.png,frame_001867.png,-0.0811682865023613,0.004218239337205887,0.18379810452461243,-0.02487223967909813,-0.0347757413983345,0.015047200955450535
frame_001867.png,frame_001868.png,-0.09383844584226608,-0.003161657601594925,0.1799280047416687,-0.024361833930015564,-0.030617445707321167,0.01734953746199608
frame_001868.png,frame_001869.png,-0.09645076841115952,-0.01659208908677101,0.16936510801315308,-0.027066882699728012,-0.02293972298502922,0.032093554735183716
frame_001869.png,frame_001870.png,-0.08898629993200302,-0.033193930983543396,0.15221592783927917,-0.026646308600902557,-0.01758214831352234,0.05096764862537384
frame_001870.png,frame_001871.png,-0.08446940034627914,-0.043487921357154846,0.14795993268489838,-0.017501026391983032,-0.016931336373090744,0.06299634277820587
frame_001871.png,frame_001872.png,-0.0729532465338707,-0.03919309750199318,0.17232266068458557,-0.00906866230070591,-0.014737117104232311,0.06110156327486038
frame_001872.png,frame_001873.png,-0.060162149369716644,-0.036223601549863815,0.22364699840545654,-0.005319992080330849,-0.007992862723767757,0.05097455531358719
frame_001873.png,frame_001874.png,-0.07304271310567856,-0.032624054700136185,0.2711910903453827,-0.0191512368619442,-0.005251466296613216,0.04457633197307587
frame_001874.png,frame_001875.png,-0.07855110615491867,-0.02317734621465206,0.29834991693496704,-0.030841920524835587,-0.00670012179762125,0.05926251411437988
frame_001875.png,frame_001876.png,-0.07530838996171951,-0.018543243408203125,0.30979129672050476,-0.04392005503177643,-0.014084414578974247,0.05662131309509277
frame_001876.png,frame_001877.png,-0.08723335713148117,-0.022137679159641266,0.346579909324646,-0.05166973918676376,-0.0132178058847785,0.06055112183094025
frame_001877.png,frame_001878.png,-0.09976523369550705,-0.016406087204813957,0.3673202693462372,-0.04439353942871094,-0.009640014730393887,0.044117044657468796
frame_001878.png,frame_001879.png,-0.09712996333837509,0.006254661828279495,0.342505544424057,-0.04186940938234329,-0.003405570052564144,0.018145419657230377
frame_001879.png,frame_001880.png,-0.11115821450948715,0.0313548818230629,0.32447120547294617,-0.03230361267924309,0.0023189252242445946,-0.00553737860172987
frame_001880.png,frame_001881.png,-0.10793104022741318,0.04223359376192093,0.2826804220676422,-0.018528182059526443,0.0025462256744503975,0.004665871150791645
frame_001881.png,frame_001882.png,-0.08648081868886948,0.0488528236746788,0.23947367072105408,-0.017460182309150696,0.008277751505374908,0.019401509314775467
frame_001882.png,frame_001883.png,-0.06406789273023605,0.05635746568441391,0.2174808382987976,-0.02748456597328186,0.010761653073132038,0.026133093982934952
frame_001883.png,frame_001884.png,-0.05502905696630478,0.054988451302051544,0.20525965094566345,-0.04738856852054596,0.008960322476923466,0.036629170179367065
frame_001884.png,frame_001885.png,-0.05978596955537796,0.04431579262018204,0.2195168435573578,-0.06781992316246033,0.0071876076981425285,0.05583207309246063
frame_001885.png,frame_001886.png,-0.08040257543325424,0.03412548452615738,0.24452534317970276,-0.08420954644680023,0.0034672878682613373,0.0748491883277893
frame_001886.png,frame_001887.png,-0.09727602452039719,0.025489963591098785,0.26207804679870605,-0.09571273624897003,0.0016928128898143768,0.08481602370738983
frame_001887.png,frame_001888.png,-0.11180127412080765,0.01321972906589508,0.27320244908332825,-0.10089647024869919,0.00206888560205698,0.08988956362009048
frame_001888.png,frame_001889.png,-0.13147586584091187,0.00013120844960212708,0.28091946244239807,-0.09642137587070465,0.0010725734755396843,0.0971340462565422
frame_001889.png,frame_001890.png,-0.13921919465065002,-0.009792745113372803,0.27401891350746155,-0.0829264298081398,-0.0011492976918816566,0.10413993149995804
frame_001890.png,frame_001891.png,-0.15271958708763123,-0.020077889785170555,0.25313326716423035,-0.06567416340112686,-0.007204446010291576,0.10658478736877441
frame_001891.png,frame_001892.png,-0.15594100952148438,-0.019136112183332443,0.2209799587726593,-0.04617029428482056,-0.012055468745529652,0.10640182346105576
frame_001892.png,frame_001893.png,-0.14037281274795532,-0.01747998408973217,0.1888425499200821,-0.026112858206033707,-0.015483460389077663,0.11109119653701782
frame_001893.png,frame_001894.png,-0.1263170838356018,-0.01047903299331665,0.17044740915298462,-0.01813293620944023,-0.022258471697568893,0.10759685188531876
frame_001894.png,frame_001895.png,-0.13248217105865479,-0.0017780773341655731,0.17175430059432983,-0.01452318299561739,-0.027578704059123993,0.10262835025787354
frame_001895.png,frame_001896.png,-0.15492922067642212,0.0020271949470043182,0.19438102841377258,-0.015902314335107803,-0.03158526122570038,0.08988851308822632
frame_001896.png,frame_001897.png,-0.16656669974327087,0.012540657073259354,0.20826643705368042,-0.020119953900575638,-0.03131953626871109,0.07911496609449387
frame_001897.png,frame_001898.png,-0.16644451022148132,0.020248893648386,0.21326854825019836,-0.017842475324869156,-0.03476153314113617,0.07061272859573364
frame_001898.png,frame_001899.png,-0.17673084139823914,0.02084464579820633,0.22497676312923431,-0.02611701563000679,-0.03524887561798096,0.06380915641784668
frame_001899.png,frame_001900.png,-0.1892193853855133,0.013820074498653412,0.24210253357887268,-0.03462681546807289,-0.035793110728263855,0.04924807697534561
frame_001900.png,frame_001901.png,-0.19079318642616272,0.00972488522529602,0.2603813111782074,-0.037094637751579285,-0.03277153894305229,0.04663887619972229
frame_001901.png,frame_001902.png,-0.18370047211647034,0.00670507550239563,0.2738100588321686,-0.035994574427604675,-0.029099658131599426,0.041587673127651215
frame_001902.png,frame_001903.png,-0.1759093701839447,0.006816260516643524,0.2904037833213806,-0.03278263658285141,-0.026667512953281403,0.029539313167333603
frame_001903.png,frame_001904.png,-0.1778220236301422,0.009308736771345139,0.30676111578941345,-0.02893206849694252,-0.022223886102437973,0.016178224235773087
frame_001904.png,frame_001905.png,-0.18228694796562195,0.009774528443813324,0.3217511475086212,-0.029701121151447296,-0.01565607264637947,0.008207553066313267
frame_001905.png,frame_001906.png,-0.1858040690422058,0.010356567800045013,0.33214983344078064,-0.032367121428251266,-0.01058428455144167,0.005441718734800816
frame_001906.png,frame_001907.png,-0.19167658686637878,0.011534404009580612,0.3397514522075653,-0.03766365721821785,-0.006206289865076542,0.005693727172911167
frame_001907.png,frame_001908.png,-0.19813284277915955,0.01227642223238945,0.33692196011543274,-0.03942658752202988,-0.003631831146776676,0.009304632432758808
frame_001908.png,frame_001909.png,-0.2065087854862213,0.013699479401111603,0.3212093412876129,-0.03384530171751976,-0.005110313184559345,0.018731802701950073
frame_001909.png,frame_001910.png,-0.21142008900642395,0.012885324656963348,0.30313512682914734,-0.02118341624736786,-0.009030596353113651,0.028388042002916336
frame_001910.png,frame_001911.png,-0.21630340814590454,0.011511296033859253,0.28179141879081726,-0.024590864777565002,-0.01572653278708458,0.04104690998792648
frame_001911.png,frame_001912.png,-0.2131163775920868,0.007213659584522247,0.25995662808418274,-0.0324840173125267,-0.0182909294962883,0.04999134689569473
frame_001912.png,frame_001913.png,-0.2051091492176056,0.0022471919655799866,0.2563301622867584,-0.03464764729142189,-0.020895633846521378,0.04423830285668373
frame_001913.png,frame_001914.png,-0.19832512736320496,0.003251217305660248,0.2663370668888092,-0.03488903492689133,-0.02635776624083519,0.041721779853105545
frame_001914.png,frame_001915.png,-0.1934647262096405,0.006840541958808899,0.2737000286579132,-0.03431369736790657,-0.028402402997016907,0.04227104038000107
frame_001915.png,frame_001916.png,-0.19372305274009705,0.0035947076976299286,0.2852574288845062,-0.03435465693473816,-0.027366384863853455,0.051666419953107834
frame_001916.png,frame_001917.png,-0.1994573473930359,0.002488762140274048,0.30160343647003174,-0.039017193019390106,-0.025797922164201736,0.058473140001297
frame_001917.png,frame_001918.png,-0.2100594937801361,-0.0013576522469520569,0.3245464563369751,-0.04880072921514511,-0.022892065346240997,0.0699259489774704
frame_001918.png,frame_001919.png,-0.2063142955303192,-0.0009916983544826508,0.3385876715183258,-0.059511128813028336,-0.017636120319366455,0.08113297075033188
frame_001919.png,frame_001920.png,-0.201400488615036,0.0034417621791362762,0.3441539406776428,-0.06971564143896103,-0.015184975229203701,0.08762986958026886
frame_001920.png,frame_001921.png,-0.19218793511390686,0.008880674839019775,0.34207502007484436,-0.07415129244327545,-0.01509928423911333,0.09594343602657318
frame_001921.png,frame_001922.png,-0.18713095784187317,0.014027334749698639,0.3366236388683319,-0.07807272672653198,-0.016850244253873825,0.09751082956790924
frame_001922.png,frame_001923.png,-0.18279072642326355,0.013731610029935837,0.31877782940864563,-0.07343406975269318,-0.017387334257364273,0.09880081564188004
frame_001923.png,frame_001924.png,-0.1774798035621643,0.010165225714445114,0.30809286236763,-0.0667300745844841,-0.017586655914783478,0.10133577883243561
frame_001924.png,frame_001925.png,-0.17095741629600525,0.008848719298839569,0.29638436436653137,-0.06115948408842087,-0.01988474279642105,0.09527412056922913
frame_001925.png,frame_001926.png,-0.16965773701667786,0.008942335844039917,0.27213674783706665,-0.046075694262981415,-0.0262017622590065,0.08328533172607422
frame_001926.png,frame_001927.png,-0.17773661017417908,0.01344309002161026,0.2562817335128784,-0.03223494812846184,-0.030310533940792084,0.06786786019802094
frame_001927.png,frame_001928.png,-0.18825268745422363,0.018251273781061172,0.24513354897499084,-0.02457854524254799,-0.03240703046321869,0.05202128365635872
frame_001928.png,frame_001929.png,-0.1948908269405365,0.021909378468990326,0.2388594150543213,-0.024509690701961517,-0.030909515917301178,0.040728602558374405
frame_001929.png,frame_001930.png,-0.2002672255039215,0.026188157498836517,0.24697038531303406,-0.03288799151778221,-0.027914293110370636,0.03803185373544693
frame_001930.png,frame_001931.png,-0.2059687376022339,0.03352107107639313,0.26076027750968933,-0.04210005700588226,-0.024618379771709442,0.042084578424692154
frame_001931.png,frame_001932.png,-0.20916995406150818,0.03624729812145233,0.2741614282131195,-0.05044592171907425,-0.02275708317756653,0.04853013902902603
frame_001932.png,frame_001933.png,-0.21567067503929138,0.036650896072387695,0.2907794415950775,-0.06060425564646721,-0.022334672510623932,0.052887000143527985
frame_001933.png,frame_001934.png,-0.22331228852272034,0.03496549278497696,0.29760104417800903,-0.06423972547054291,-0.024072617292404175,0.04812593758106232
frame_001934.png,frame_001935.png,-0.2366291582584381,0.03189350664615631,0.2957136034965515,-0.056236572563648224,-0.02712707221508026,0.0346890427172184
frame_001935.png,frame_001936.png,-0.24579161405563354,0.024301454424858093,0.29021212458610535,-0.04712281376123428,-0.032255079597234726,0.026328139007091522
frame_001936.png,frame_001937.png,-0.22989869117736816,0.0233023539185524,0.28058525919914246,-0.03599700331687927,-0.03352098912000656,0.028497550636529922
frame_001937.png,frame_001938.png,-0.1855403482913971,0.02637944370508194,0.2833051085472107,-0.02563396468758583,-0.034916751086711884,0.030963558703660965
frame_001938.png,frame_001939.png,-0.14859136939048767,0.027828775346279144,0.286219984292984,-0.011027934961020947,-0.03491636738181114,0.03311591222882271
frame_001939.png,frame_001940.png,-0.1321926712989807,0.022279612720012665,0.29378780722618103,0.002273072488605976,-0.0343317836523056,0.03275949880480766
frame_001940.png,frame_001941.png,-0.12765225768089294,0.014577068388462067,0.2989717125892639,0.010466600768268108,-0.0347539521753788,0.037164025008678436
frame_001941.png,frame_001942.png,-0.13422253727912903,0.007805377244949341,0.30209532380104065,0.015785403549671173,-0.034160442650318146,0.0423831082880497
frame_001942.png,frame_001943.png,-0.14870300889015198,0.001467343419790268,0.3073098957538605,0.016864072531461716,-0.030876614153385162,0.04523088410496712
frame_001943.png,frame_001944.png,-0.15960773825645447,-0.006235755980014801,0.31402158737182617,0.014574627391994,-0.026710454374551773,0.04984215646982193
frame_001944.png,frame_001945.png,-0.17199206352233887,-0.010254047811031342,0.32218846678733826,0.009976242668926716,-0.022449757903814316,0.05555039644241333
frame_001945.png,frame_001946.png,-0.1852574646472931,-0.012803832069039345,0.3279084861278534,0.007276025600731373,-0.020321309566497803,0.062169358134269714
frame_001946.png,frame_001947.png,-0.20065340399742126,-0.014498084783554077,0.3320411741733551,0.00839074607938528,-0.019673041999340057,0.06603898108005524
frame_001947.png,frame_001948.png,-0.2183707356452942,-0.015767227858304977,0.3349311053752899,0.007900271564722061,-0.020420044660568237,0.06864231824874878
frame_001948.png,frame_001949.png,-0.23779070377349854,-0.018207713961601257,0.3358658254146576,0.0053970711305737495,-0.02144172042608261,0.06880316138267517
frame_001949.png,frame_001950.png,-0.2550388276576996,-0.020570624619722366,0.3317244350910187,0.0025090044364333153,-0.024104677140712738,0.07015550136566162
frame_001950.png,frame_001951.png,-0.262030690908432,-0.02196124568581581,0.32819271087646484,0.0025614993646740913,-0.027102969586849213,0.07170036435127258
frame_001951.png,frame_001952.png,-0.2633450925350189,-0.02270977944135666,0.32432106137275696,0.003193349577486515,-0.029228761792182922,0.0744013786315918
frame_001952.png,frame_001953.png,-0.261900395154953,-0.022577568888664246,0.32128363847732544,0.002012738026678562,-0.029253989458084106,0.07717595994472504
frame_001953.png,frame_001954.png,-0.25524649024009705,-0.022867167368531227,0.3192935287952423,-0.0022956570610404015,-0.02865593135356903,0.07947125285863876
frame_001954.png,frame_001955.png,-0.2389984130859375,-0.024853995069861412,0.3209068179130554,-0.0060134949162602425,-0.0270216166973114,0.08569614589214325
frame_001955.png,frame_001956.png,-0.2299269139766693,-0.030331073328852654,0.3146982491016388,-0.016475703567266464,-0.02389064058661461,0.09098077565431595
frame_001956.png,frame_001957.png,-0.22879675030708313,-0.03230461850762367,0.30892619490623474,-0.023137863725423813,-0.01990341767668724,0.08743887394666672
frame_001957.png,frame_001958.png,-0.23282113671302795,-0.03138104826211929,0.31016597151756287,-0.02068350464105606,-0.020266182720661163,0.07963569462299347
frame_001958.png,frame_001959.png,-0.23597535490989685,-0.027212370187044144,0.3091718256473541,-0.014125095680356026,-0.02360718324780464,0.06892132759094238
frame_001959.png,frame_001960.png,-0.239822655916214,-0.022269753739237785,0.3078228831291199,-0.007268992718309164,-0.026103034615516663,0.05961483716964722
frame_001960.png,frame_001961.png,-0.24135440587997437,-0.018019964918494225,0.30420777201652527,-0.003465905785560608,-0.0284605510532856,0.054628677666187286
frame_001961.png,frame_001962.png,-0.2395215928554535,-0.015318349003791809,0.301099568605423,-0.0022909659892320633,-0.030151359736919403,0.052581388503313065
frame_001962.png,frame_001963.png,-0.23657634854316711,-0.013888798654079437,0.2991048991680145,-0.002895665355026722,-0.031900838017463684,0.05145031213760376
frame_001963.png,frame_001964.png,-0.232301265001297,-0.01240973174571991,0.29688623547554016,-0.003431958146393299,-0.03294127434492111,0.05044085904955864
frame_001964.png,frame_001965.png,-0.22973835468292236,-0.012444529682397842,0.2921038568019867,-0.0028797639533877373,-0.03327494487166405,0.04904761537909508
frame_001965.png,frame_001966.png,-0.22646436095237732,-0.013290740549564362,0.29017171263694763,-0.004335065372288227,-0.03327460587024689,0.04938545823097229
frame_001966.png,frame_001967.png,-0.2233441174030304,-0.013544421643018723,0.2886151075363159,-0.0040239738300442696,-0.0320931039750576,0.049660421907901764
frame_001967.png,frame_001968.png,-0.2174414098262787,-0.013868177309632301,0.289454847574234,-0.0023306282237172127,-0.03136328607797623,0.04622873663902283
frame_001968.png,frame_001969.png,-0.21455898880958557,-0.01323668286204338,0.28908076882362366,-0.005543171428143978,-0.031102348119020462,0.049005329608917236
frame_001969.png,frame_001970.png,-0.21084535121917725,-0.0139600969851017,0.28605541586875916,-0.008939876221120358,-0.030632175505161285,0.051428016275167465
frame_001970.png,frame_001971.png,-0.20561084151268005,-0.015629712492227554,0.285601943731308,-0.013650995679199696,-0.026804745197296143,0.054827600717544556
frame_001971.png,frame_001972.png,-0.19932541251182556,-0.019316554069519043,0.28583571314811707,-0.02179507538676262,-0.02255287766456604,0.0582803413271904
frame_001972.png,frame_001973.png,-0.19868269562721252,-0.025975914672017097,0.28647682070732117,-0.02784574404358864,-0.019436679780483246,0.06006328761577606
frame_001973.png,frame_001974.png,-0.2022508680820465,-0.025555819272994995,0.2833500802516937,-0.027803726494312286,-0.017874930053949356,0.06277291476726532
frame_001974.png,frame_001975.png,-0.20590242743492126,-0.024299822747707367,0.2796860635280609,-0.027346353977918625,-0.017903007566928864,0.06437277793884277
frame_001975.png,frame_001976.png,-0.20821771025657654,-0.020960185676813126,0.2730170786380768,-0.023625914007425308,-0.019052855670452118,0.064907968044281
frame_001976.png,frame_001977.png,-0.2092570960521698,-0.016426056623458862,0.26448848843574524,-0.017954066395759583,-0.02038828656077385,0.06491284817457199
frame_001977.png,frame_001978.png,-0.20931726694107056,-0.011255590245127678,0.2560848295688629,-0.0156528502702713,-0.02187221497297287,0.06442336738109589
frame_001978.png,frame_001979.png,-0.2086414098739624,-0.005691993981599808,0.24977737665176392,-0.013865482993423939,-0.023361574858427048,0.06277413666248322
frame_001979.png,frame_001980.png,-0.20594099164009094,-0.001580849289894104,0.2429678738117218,-0.011864854954183102,-0.024161487817764282,0.060265086591243744
frame_001980.png,frame_001981.png,-0.20349499583244324,0.0013087652623653412,0.2370603382587433,-0.009603138081729412,-0.025762386620044708,0.05806468427181244
frame_001981.png,frame_001982.png,-0.20259961485862732,0.00401369109749794,0.23222318291664124,-0.007794065400958061,-0.026149816811084747,0.05737796425819397
frame_001982.png,frame_001983.png,-0.1984698474407196,0.007101148366928101,0.2275783270597458,-0.005976492539048195,-0.02749926596879959,0.05606620013713837
frame_001983.png,frame_001984.png,-0.18724322319030762,0.009578779339790344,0.22024597227573395,-0.004897424951195717,-0.028756536543369293,0.05196772888302803
frame_001984.png,frame_001985.png,-0.1757863163948059,0.011575408279895782,0.21360480785369873,-0.00010781455785036087,-0.02885880321264267,0.044983115047216415
frame_001985.png,frame_001986.png,-0.16486167907714844,0.013408631086349487,0.21112218499183655,0.003942684270441532,-0.03033272922039032,0.03920335695147514
frame_001986.png,frame_001987.png,-0.15253841876983643,0.018508046865463257,0.2049897313117981,0.014745422638952732,-0.03565865382552147,0.027212802320718765
frame_001987.png,frame_001988.png,-0.14320066571235657,0.020105648785829544,0.2028505653142929,0.02112627401947975,-0.03843174874782562,0.020835306495428085
frame_001988.png,frame_001989.png,-0.13770991563796997,0.023364536464214325,0.20287412405014038,0.026749011129140854,-0.04116126149892807,0.016100361943244934
frame_001989.png,frame_001990.png,-0.1315842866897583,0.026247121393680573,0.20199832320213318,0.03182101249694824,-0.04350120574235916,0.013605513609945774
frame_001990.png,frame_001991.png,-0.12227336317300797,0.02998156100511551,0.20104852318763733,0.035195641219615936,-0.046632617712020874,0.013101027347147465
frame_001991.png,frame_001992.png,-0.11385340243577957,0.03322288393974304,0.20045700669288635,0.03756916522979736,-0.047693882137537,0.01135845948010683
frame_001992.png,frame_001993.png,-0.10756947845220566,0.03681241720914841,0.20065270364284515,0.03869597986340523,-0.04894687980413437,0.008777962066233158
frame_001993.png,frame_001994.png,-0.10045637935400009,0.039037518203258514,0.19827547669410706,0.03874054178595543,-0.04983171448111534,0.0077160196378827095
frame_001994.png,frame_001995.png,-0.09309425204992294,0.04063721001148224,0.1957617849111557,0.03944962099194527,-0.04949280619621277,0.0072338515892624855
frame_001995.png,frame_001996.png,-0.08682259172201157,0.042314380407333374,0.1916426420211792,0.03995969519019127,-0.04813820496201515,0.00665047112852335
frame_001996.png,frame_001997.png,-0.08150836080312729,0.04451771080493927,0.1855829656124115,0.039722006767988205,-0.047264598309993744,0.005613853223621845
frame_001997.png,frame_001998.png,-0.07806924730539322,0.04665645956993103,0.18246978521347046,0.038700975477695465,-0.046568259596824646,0.005413037724792957
frame_001998.png,frame_001999.png,-0.07670462876558304,0.04960162192583084,0.17929524183273315,0.04015621170401573,-0.04509178176522255,0.00669489149004221
frame_001999.png,frame_002000.png,-0.07728826254606247,0.05184062570333481,0.17498651146888733,0.041717588901519775,-0.04369785636663437,0.00846585351973772
frame_002000.png,frame_002001.png,-0.08133382350206375,0.05189303308725357,0.17169687151908875,0.04368404299020767,-0.042001400142908096,0.012159940786659718
frame_002001.png,frame_002002.png,-0.08730464428663254,0.0517222136259079,0.17138062417507172,0.04489446431398392,-0.040510743856430054,0.018651768565177917
frame_002002.png,frame_002003.png,-0.0917327031493187,0.04979124665260315,0.1706990748643875,0.04264906048774719,-0.03838833421468735,0.0270988866686821
frame_002003.png,frame_002004.png,-0.09931150823831558,0.046972282230854034,0.171146959066391,0.039540667086839676,-0.03609691560268402,0.033836036920547485
frame_002004.png,frame_002005.png,-0.10732870548963547,0.04476972669363022,0.17074725031852722,0.03597966581583023,-0.03402259945869446,0.03501014783978462
frame_002005.png,frame_002006.png,-0.11565428227186203,0.043258801102638245,0.1693509817123413,0.03214532881975174,-0.03270522505044937,0.03745390474796295
frame_002006.png,frame_002007.png,-0.12359622865915298,0.04312285780906677,0.1696794182062149,0.028078876435756683,-0.031897224485874176,0.039148956537246704
frame_002007.png,frame_002008.png,-0.13045766949653625,0.04313892126083374,0.16995809972286224,0.024632230401039124,-0.030795328319072723,0.03907740116119385
frame_002008.png,frame_002009.png,-0.13811564445495605,0.043320707976818085,0.17234571278095245,0.022383492439985275,-0.029408451169729233,0.03755748271942139
frame_002009.png,frame_002010.png,-0.1451256275177002,0.04432123899459839,0.17457832396030426,0.021091002970933914,-0.02765670418739319,0.03635397553443909
frame_002010.png,frame_002011.png,-0.15064477920532227,0.045641347765922546,0.17623190581798553,0.019822221249341965,-0.027163155376911163,0.036104701459407806
frame_002011.png,frame_002012.png,-0.15149977803230286,0.04431631416082382,0.1813368797302246,0.015013015829026699,-0.026026397943496704,0.03677387908101082
frame_002012.png,frame_002013.png,-0.1516628861427307,0.04127936810255051,0.18769581615924835,0.006508513353765011,-0.02476433664560318,0.03766799718141556
frame_002013.png,frame_002014.png,-0.15051841735839844,0.03664868324995041,0.1901276707649231,-1.2395903468132019e-05,-0.023834392428398132,0.038161277770996094
frame_002014.png,frame_002015.png,-0.1477595865726471,0.03322180360555649,0.18982036411762238,-0.0024322522804141045,-0.02575588971376419,0.03442666307091713
frame_002015.png,frame_002016.png,-0.1446380317211151,0.032280102372169495,0.19091302156448364,-0.004810058977454901,-0.026549316942691803,0.030455470085144043
frame_002016.png,frame_002017.png,-0.1427854597568512,0.029147878289222717,0.19560986757278442,-0.0014959415420889854,-0.025775182992219925,0.028739213943481445
frame_002017.png,frame_002018.png,-0.15188056230545044,0.02735258638858795,0.1991458386182785,0.005030298605561256,-0.022728189826011658,0.026235025376081467
frame_002018.png,frame_002019.png,-0.162835031747818,0.02779487520456314,0.1962563842535019,0.006398746743798256,-0.019617512822151184,0.02346327155828476
frame_002019.png,frame_002020.png,-0.1750882863998413,0.03239923715591431,0.1896699070930481,0.010258309543132782,-0.01838861033320427,0.01820209249854088
frame_002020.png,frame_002021.png,-0.18268635869026184,0.03687610477209091,0.18206819891929626,0.013502814806997776,-0.017717696726322174,0.015314777381718159
frame_002021.png,frame_002022.png,-0.1838376820087433,0.03922027349472046,0.1748313307762146,0.014829290099442005,-0.01757897064089775,0.01451688352972269
frame_002022.png,frame_002023.png,-0.17726436257362366,0.039438337087631226,0.17399868369102478,0.009603206999599934,-0.018874943256378174,0.02043764665722847
frame_002023.png,frame_002024.png,-0.16369500756263733,0.038875408470630646,0.16865015029907227,0.0007023308426141739,-0.022110484540462494,0.027967818081378937
frame_002024.png,frame_002025.png,-0.1497955322265625,0.03453999012708664,0.15960150957107544,-0.005418557673692703,-0.0261026993393898,0.028841350227594376
frame_002025.png,frame_002026.png,-0.13428375124931335,0.034754760563373566,0.1436760276556015,-0.009901628829538822,-0.030449800193309784,0.024601273238658905
frame_002026.png,frame_002027.png,-0.10795661062002182,0.02988121658563614,0.13429272174835205,-0.020191088318824768,-0.0337006151676178,0.020282164216041565
frame_002027.png,frame_002028.png,-0.07725339382886887,0.03094293922185898,0.13426297903060913,-0.02971779555082321,-0.02750323712825775,0.010119584389030933
frame_002028.png,frame_002029.png,-0.047641538083553314,0.03546423465013504,0.14039260149002075,-0.040282756090164185,-0.0247785821557045,0.00648683775216341
frame_002029.png,frame_002030.png,-0.02070368081331253,0.03992932289838791,0.1497783064842224,-0.05115527659654617,-0.024502724409103394,0.005566445179283619
frame_002030.png,frame_002031.png,-0.016329631209373474,0.03860997408628464,0.1585012823343277,-0.05239078402519226,-0.031866252422332764,0.014190488494932652
frame_002031.png,frame_002032.png,-0.08695799857378006,0.03609510511159897,0.14564284682273865,-0.03165629506111145,-0.03027018904685974,0.024905741214752197
frame_002032.png,frame_002033.png,-0.13467144966125488,0.028238363564014435,0.1385030597448349,-0.01878049038350582,-0.024529363960027695,0.07166710495948792
frame_002033.png,frame_002034.png,-0.1474631428718567,0.02127804607152939,0.13368842005729675,-0.004588618874549866,-0.0181141160428524,0.10189841687679291
frame_002034.png,frame_002035.png,-0.12620556354522705,0.02571205049753189,0.18346357345581055,-0.005686365533620119,-0.01194159034639597,0.12648001313209534
frame_002035.png,frame_002036.png,-0.1262195110321045,0.02562134712934494,0.19391301274299622,-0.03077740967273712,-0.013409827835857868,0.12525632977485657
frame_002036.png,frame_002037.png,-0.09043487161397934,0.017349794507026672,0.17818021774291992,-0.04269006848335266,-0.010653031058609486,0.1087431013584137
frame_002037.png,frame_002038.png,-0.043754942715168,-7.58245587348938e-05,0.125875324010849,-0.02902674302458763,-0.007206943817436695,0.08204522728919983
frame_002038.png,frame_002039.png,-0.04724723845720291,-0.0016117170453071594,0.14670217037200928,-0.025532308965921402,0.002358383499085903,0.0894603431224823
frame_002039.png,frame_002040.png,-0.04918690770864487,-0.016566429287195206,0.17992545664310455,-0.05386915057897568,0.007437552325427532,0.09510614722967148
frame_002040.png,frame_002041.png,-0.03410326689481735,-0.01334245502948761,0.1560373157262802,-0.06238119676709175,0.010634060017764568,0.05878816545009613
frame_002041.png,frame_002042.png,-0.026662230491638184,-0.00344221293926239,0.13900254666805267,-0.08587351441383362,0.010736772790551186,0.030347764492034912
frame_002042.png,frame_002043.png,-0.010878130793571472,0.015010330826044083,0.11109203100204468,-0.08487452566623688,0.014855824410915375,0.025351371616125107
frame_002043.png,frame_002044.png,-0.005707405507564545,0.012942492961883545,0.12541821599006653,-0.09190291166305542,0.01642525941133499,0.03001091256737709
frame_002044.png,frame_002045.png,0.005741201341152191,0.015277646481990814,0.136207714676857,-0.09184763580560684,0.019102388992905617,0.03198491781949997
frame_002045.png,frame_002046.png,0.01331784576177597,0.017652519047260284,0.14558865129947662,-0.09056185185909271,0.019539866596460342,0.02783294767141342
frame_002046.png,frame_002047.png,0.019541963934898376,0.01651541143655777,0.1472318023443222,-0.08753909170627594,0.019802577793598175,0.029841646552085876
frame_002047.png,frame_002048.png,0.00852123647928238,0.007866602391004562,0.14437730610370636,-0.07908349484205246,0.018658164888620377,0.04723073169589043
frame_002048.png,frame_002049.png,-0.004014357924461365,-0.0008044242858886719,0.14149487018585205,-0.07209163159132004,0.015714911743998528,0.06771491467952728
frame_002049.png,frame_002050.png,-0.005127944052219391,-0.00026061758399009705,0.12201634049415588,-0.05978342890739441,0.01213606633245945,0.07513412088155746
frame_002050.png,frame_002051.png,0.005701087415218353,-0.0024156421422958374,0.08847394585609436,-0.04409584403038025,0.014053943566977978,0.0773831158876419
frame_002051.png,frame_002052.png,-0.00013913214206695557,0.003210674971342087,0.06539206206798553,-0.033927544951438904,0.008890101686120033,0.08326442539691925
frame_002052.png,frame_002053.png,-0.015358231961727142,0.0015856549143791199,0.04307764396071434,-0.023956965655088425,0.0011122357100248337,0.09721943736076355
frame_002053.png,frame_002054.png,-0.021802790462970734,0.013019956648349762,0.022179804742336273,-0.018434014171361923,-0.003315418027341366,0.10478831082582474
frame_002054.png,frame_002055.png,-0.01501242071390152,0.01709192991256714,0.004559013992547989,-0.005443965084850788,-0.001438136212527752,0.08816315233707428
frame_002055.png,frame_002056.png,-0.018677599728107452,0.02500302344560623,0.006527271121740341,0.006035124883055687,-0.0008583618327975273,0.08155567944049835
frame_002056.png,frame_002057.png,-0.019250012934207916,0.02975655347108841,0.02115277573466301,0.015198004432022572,-0.0019331322982907295,0.08712838590145111
frame_002057.png,frame_002058.png,-0.01621135324239731,0.03234805911779404,0.0324222706258297,0.02088874578475952,-0.00034845154732465744,0.08325746655464172
frame_002058.png,frame_002059.png,-0.014892064034938812,0.03283488005399704,0.047544483095407486,0.022680867463350296,-0.004281763918697834,0.07870904356241226
frame_002059.png,frame_002060.png,-0.01689610630273819,0.02805783599615097,0.06326676905155182,0.021871432662010193,-0.0045886049047112465,0.0718921571969986
frame_002060.png,frame_002061.png,-0.0245598703622818,0.024749569594860077,0.07569718360900879,0.02166740968823433,-0.003169768489897251,0.07183331251144409
frame_002061.png,frame_002062.png,-0.04766742140054703,0.019503653049468994,0.08620110154151917,0.019082337617874146,-0.0037105465307831764,0.0676489919424057
frame_002062.png,frame_002063.png,-0.07115369290113449,0.015107274055480957,0.10516513884067535,0.009363655932247639,-0.008069959469139576,0.06841829419136047
frame_002063.png,frame_002064.png,-0.0865165963768959,0.01996489241719246,0.12475083768367767,0.004843824543058872,-0.01193161029368639,0.06549417227506638
frame_002064.png,frame_002065.png,-0.08681120723485947,0.03074534237384796,0.13971495628356934,0.015262116678059101,-0.013668169267475605,0.060725897550582886
frame_002065.png,frame_002066.png,-0.08313389867544174,0.039408110082149506,0.15423092246055603,0.01939569041132927,-0.015511143021285534,0.055750712752342224
frame_002066.png,frame_002067.png,-0.07528742402791977,0.046438172459602356,0.16121351718902588,0.01656097173690796,-0.01582198590040207,0.05621044337749481
frame_002067.png,frame_002068.png,-0.07125977426767349,0.0488172322511673,0.177082359790802,0.00778228510171175,-0.01658165454864502,0.060705073177814484
frame_002068.png,frame_002069.png,-0.07210636883974075,0.04524288326501846,0.2029847502708435,0.003391447477042675,-0.013363069854676723,0.06685556471347809
frame_002069.png,frame_002070.png,-0.07578691095113754,0.040153153240680695,0.22784149646759033,-0.005943716503679752,-0.00983606930822134,0.06659983098506927
frame_002070.png,frame_002071.png,-0.07847288995981216,0.03582216054201126,0.2483818531036377,-0.014721854589879513,-0.011446143500506878,0.07243853062391281
frame_002071.png,frame_002072.png,-0.08374612778425217,0.03159501403570175,0.264000803232193,-0.0244285948574543,-0.012520371936261654,0.07787065207958221
frame_002072.png,frame_002073.png,-0.07030365616083145,0.03306577354669571,0.28187093138694763,-0.028031617403030396,-0.009113925509154797,0.0893736481666565
frame_002073.png,frame_002074.png,-0.052340708673000336,0.030021771788597107,0.2947928011417389,-0.02255959063768387,-0.00502088014036417,0.10780933499336243
frame_002074.png,frame_002075.png,-0.05857869237661362,0.02828582376241684,0.30750641226768494,-0.020971395075321198,-0.006397119723260403,0.11762204766273499
frame_002075.png,frame_002076.png,-0.06134956330060959,0.010099396109580994,0.30359065532684326,-0.014673263765871525,-0.0075455112382769585,0.14506103098392487
frame_002076.png,frame_002077.png,-0.060266993939876556,-0.006071839481592178,0.2935269773006439,-0.015204325318336487,-0.009307344444096088,0.15051986277103424
frame_002077.png,frame_002078.png,-0.05842725187540054,-0.012639712542295456,0.271055668592453,-0.0019801976159214973,-0.011326094157993793,0.1479455679655075
frame_002078.png,frame_002079.png,-0.03760295361280441,-0.007086616009473801,0.24886789917945862,0.008979561738669872,-0.009980452246963978,0.1325693130493164
frame_002079.png,frame_002080.png,-0.01584700495004654,0.007105764001607895,0.2250087857246399,0.002901562489569187,-0.01810087263584137,0.11652649939060211
frame_002080.png,frame_002081.png,0.0034293606877326965,0.02245607227087021,0.20233871042728424,-0.013951735571026802,-0.023223329335451126,0.10309179127216339
frame_002081.png,frame_002082.png,0.026119641959667206,0.032317355275154114,0.18208588659763336,-0.031823862344026566,-0.028015926480293274,0.10043035447597504
frame_002082.png,frame_002083.png,0.04718753322958946,0.04058467596769333,0.1646939218044281,-0.039743393659591675,-0.030310966074466705,0.09522845596075058
frame_002083.png,frame_002084.png,0.06393852829933167,0.04693911224603653,0.15557053685188293,-0.045948706567287445,-0.031168650835752487,0.0824989378452301
frame_002084.png,frame_002085.png,0.0754043310880661,0.04852304607629776,0.1646047830581665,-0.0470302440226078,-0.031059131026268005,0.07315290719270706
frame_002085.png,frame_002086.png,0.08417390286922455,0.049242712557315826,0.1737685203552246,-0.04630822315812111,-0.030725710093975067,0.06444758921861649
frame_002086.png,frame_002087.png,0.09187085181474686,0.05430537462234497,0.18008413910865784,-0.04383458197116852,-0.029827184975147247,0.05657146871089935
frame_002087.png,frame_002088.png,0.0995153933763504,0.06225091964006424,0.1834060698747635,-0.03955831378698349,-0.02778325229883194,0.050535183399915695
frame_002088.png,frame_002089.png,0.10845477133989334,0.07102266699075699,0.18316760659217834,-0.03623548522591591,-0.02366071566939354,0.046431805938482285
frame_002089.png,frame_002090.png,0.11564702540636063,0.07592885941267014,0.1791718304157257,-0.031939953565597534,-0.01947540044784546,0.04413974657654762
frame_002090.png,frame_002091.png,0.12336619198322296,0.08233445137739182,0.1703680455684662,-0.02799370139837265,-0.015079217962920666,0.040520865470170975
frame_002091.png,frame_002092.png,0.1290062665939331,0.08827372640371323,0.16232579946517944,-0.028219223022460938,-0.011748227290809155,0.038830142468214035
frame_002092.png,frame_002093.png,0.13118618726730347,0.09490703791379929,0.1563420295715332,-0.02798227220773697,-0.010130361653864384,0.038142651319503784
frame_002093.png,frame_002094.png,0.13025370240211487,0.10236772149801254,0.15461573004722595,-0.025846462696790695,-0.00873932708054781,0.03843707591295242
frame_002094.png,frame_002095.png,0.13050827383995056,0.10808635503053665,0.15220171213150024,-0.024126645177602768,-0.009564350359141827,0.038057971745729446
frame_002095.png,frame_002096.png,0.12426622211933136,0.11361334472894669,0.1478278785943985,-0.026345428079366684,-0.01067355740815401,0.03921542316675186
frame_002096.png,frame_002097.png,0.11906282603740692,0.11548174172639847,0.13906601071357727,-0.030511323362588882,-0.01415423396974802,0.04153933748602867
frame_002097.png,frame_002098.png,0.10341431945562363,0.1154167428612709,0.13261795043945312,-0.04103600233793259,-0.016070686280727386,0.04596896469593048
frame_002098.png,frame_002099.png,0.09164155274629593,0.11651944369077682,0.12949153780937195,-0.048887915909290314,-0.017862733453512192,0.049827203154563904
frame_002099.png,frame_002100.png,0.08115682750940323,0.11445514112710953,0.1337415874004364,-0.05126491189002991,-0.01781558245420456,0.05131036788225174
frame_002100.png,frame_002101.png,0.061604637652635574,0.1042129173874855,0.13861054182052612,-0.0460825189948082,-0.015414453111588955,0.06327754259109497
frame_002101.png,frame_002102.png,0.053406715393066406,0.0918906107544899,0.13774710893630981,-0.03847033530473709,-0.005384659394621849,0.07214826345443726
frame_002102.png,frame_002103.png,0.058009177446365356,0.07555510848760605,0.13983356952667236,-0.03051724284887314,0.011374790221452713,0.06853873282670975
frame_002103.png,frame_002104.png,0.056188471615314484,0.05565141886472702,0.14824797213077545,-0.029643449932336807,0.021939057856798172,0.0639302134513855
frame_002104.png,frame_002105.png,0.038308583199977875,0.04549606889486313,0.18299880623817444,-0.033131133764982224,0.025503143668174744,0.062339313328266144
frame_002105.png,frame_002106.png,0.011297397315502167,0.027329564094543457,0.22535336017608643,-0.019883878529071808,0.03237384185194969,0.06793136149644852
frame_002106.png,frame_002107.png,-0.0084775909781456,0.022784583270549774,0.24411529302597046,-0.008391142822802067,0.033543191850185394,0.07297751307487488
frame_002107.png,frame_002108.png,-0.00292234867811203,0.02084561437368393,0.25032469630241394,-0.018563447520136833,0.026999708265066147,0.08795597404241562
frame_002108.png,frame_002109.png,-0.012630052864551544,0.01056482270359993,0.255349338054657,-0.04343866556882858,0.01951337605714798,0.09888102114200592
frame_002109.png,frame_002110.png,-0.0035688430070877075,-0.002065759152173996,0.2447817623615265,-0.07180175185203552,0.011793388985097408,0.12780769169330597
frame_002110.png,frame_002111.png,0.005286738276481628,0.0018016323447227478,0.2269606590270996,-0.08169113099575043,0.002032616175711155,0.14264434576034546
frame_002111.png,frame_002112.png,0.03511665388941765,0.027306020259857178,0.20303264260292053,-0.06907495856285095,-0.0006920089945197105,0.13173504173755646
frame_002112.png,frame_002113.png,0.057300467044115067,0.037099406123161316,0.17071028053760529,-0.06532781571149826,-0.0022686971351504326,0.1044548898935318
frame_002113.png,frame_002114.png,0.06359636783599854,0.04009906202554703,0.15600767731666565,-0.07027459144592285,-0.012452607043087482,0.07568368315696716
frame_002114.png,frame_002115.png,0.08828303962945938,0.04833265393972397,0.13651490211486816,-0.06539066880941391,-0.006508764810860157,0.038184165954589844
frame_002115.png,frame_002116.png,0.047885261476039886,0.0446639284491539,0.14186608791351318,-0.08514125645160675,-0.006195744499564171,0.03386572003364563
frame_002116.png,frame_002117.png,0.020827926695346832,0.028361588716506958,0.11367842555046082,-0.07922469824552536,0.012503211386501789,0.02918904647231102
frame_002117.png,frame_002118.png,0.045571524649858475,0.032477639615535736,0.13315291702747345,-0.09834445267915726,0.019446011632680893,0.032010264694690704
frame_002118.png,frame_002119.png,0.07422371208667755,0.043835967779159546,0.1475507766008377,-0.0845414400100708,0.027923911809921265,0.04932739585638046
frame_002119.png,frame_002120.png,0.09538814425468445,0.04350610822439194,0.13066299259662628,-0.08036674559116364,0.02572999894618988,0.048764511942863464
frame_002120.png,frame_002121.png,0.0626673772931099,0.024414122104644775,0.131748229265213,-0.06543096154928207,0.011996929533779621,0.05663380026817322
frame_002121.png,frame_002122.png,0.04162018373608589,0.014001265168190002,0.11832964420318604,-0.05854269117116928,0.0028675412759184837,0.034728046506643295
frame_002122.png,frame_002123.png,0.022448286414146423,0.003700651228427887,0.10547280311584473,-0.05455951765179634,0.011124891228973866,0.03537261113524437
frame_002123.png,frame_002124.png,-0.006203077733516693,0.009844943881034851,0.0713372528553009,-0.04988475888967514,0.01526378933340311,0.03754018247127533
frame_002124.png,frame_002125.png,0.010745063424110413,0.014052808284759521,0.04596647992730141,-0.04084062576293945,0.013638459146022797,0.04369671270251274
frame_002125.png,frame_002126.png,-0.027775011956691742,0.030302271246910095,0.06292665004730225,-0.059243496507406235,0.012951596640050411,-0.009903783909976482
frame_002126.png,frame_002127.png,-0.013820141553878784,0.027631200850009918,0.06582972407341003,-0.08550307899713516,0.01337262149900198,-0.039309870451688766
frame_002127.png,frame_002128.png,0.021814867854118347,0.061558566987514496,0.1256018579006195,-0.0753328874707222,0.006275099702179432,-0.021194972097873688
frame_002128.png,frame_002129.png,0.04122538864612579,0.06111547350883484,0.16612239181995392,-0.0652955025434494,0.02673504501581192,0.0003986647352576256
frame_002129.png,frame_002130.png,0.06255913525819778,0.07031101733446121,0.15629346668720245,-0.06088734418153763,0.04751016944646835,0.019818339496850967
frame_002130.png,frame_002131.png,0.0427069291472435,0.025372356176376343,0.15048693120479584,-0.05215505510568619,0.04470451921224594,0.04475007578730583
frame_002131.png,frame_002132.png,0.08063023537397385,0.003057006746530533,0.1962536722421646,-0.06072304770350456,0.045710042119026184,0.022217251360416412
frame_002132.png,frame_002133.png,0.0249214768409729,0.006056919693946838,0.28931596875190735,-0.08384948968887329,0.04319295659661293,0.001301473006606102
frame_002133.png,frame_002134.png,0.014832362532615662,0.029269613325595856,0.31625285744667053,-0.09418663382530212,0.03225492686033249,0.04060541093349457
frame_002134.png,frame_002135.png,0.046837154775857925,0.021938227117061615,0.3151217997074127,-0.06909920275211334,0.010956129990518093,0.029752857983112335
frame_002135.png,frame_002136.png,0.062329813838005066,0.03987901657819748,0.3289109170436859,-0.04405058175325394,0.016162626445293427,0.04895113408565521
frame_002136.png,frame_002137.png,-0.0059569403529167175,0.03730060160160065,0.34529298543930054,-0.09629742801189423,0.001266256906092167,0.07300630956888199
frame_002137.png,frame_002138.png,0.03971453383564949,0.04157174378633499,0.3427466154098511,-0.0739557147026062,0.013096586801111698,0.01764010265469551
frame_002138.png,frame_002139.png,0.036228571087121964,0.04832956939935684,0.33853796124458313,-0.030553705990314484,0.009371766820549965,-0.006271958351135254
frame_002139.png,frame_002140.png,0.032343074679374695,0.04401363432407379,0.35248032212257385,-0.01741640269756317,0.006476211361587048,-0.03090910241007805
frame_002140.png,frame_002141.png,0.009288296103477478,0.022083528339862823,0.3589911460876465,-0.027668043971061707,0.006943368818610907,-0.013858549296855927
frame_002141.png,frame_002142.png,-0.006831645965576172,0.014293581247329712,0.27798452973365784,-0.026568982750177383,-0.013633334077894688,-0.011658708564937115
frame_002142.png,frame_002143.png,-0.025081776082515717,0.03484702855348587,0.23897892236709595,-0.010646047070622444,-0.02142598107457161,-0.012005929835140705
frame_002143.png,frame_002144.png,-0.04953234642744064,0.032409004867076874,0.2858661115169525,-0.020634613931179047,-0.019211161881685257,0.016251586377620697
frame_002144.png,frame_002145.png,-0.07491155713796616,0.05734410136938095,0.29136428236961365,-0.054107215255498886,-0.020961042493581772,-0.005924924276769161
frame_002145.png,frame_002146.png,-0.06603508442640305,0.08787242323160172,0.2610761225223541,-0.04482617601752281,-0.021762408316135406,-0.04734329134225845
frame_002146.png,frame_002147.png,-0.021507628262043,0.11274779587984085,0.2312685251235962,-0.04362981393933296,-0.030657608062028885,-0.08790130913257599
frame_002147.png,frame_002148.png,0.009996645152568817,0.11066857725381851,0.20497582852840424,-0.04427671432495117,-0.03399607539176941,-0.10418520867824554
frame_002148.png,frame_002149.png,0.04109472408890724,0.08892140537500381,0.1907326877117157,-0.054910920560359955,-0.032105714082717896,-0.08987302333116531
frame_002149.png,frame_002150.png,0.05110485851764679,0.08479226380586624,0.1864476501941681,-0.06051109731197357,-0.02273552492260933,-0.0831201821565628
frame_002150.png,frame_002151.png,0.06745559722185135,0.06565618515014648,0.17529551684856415,-0.06781983375549316,-0.017361551523208618,-0.08537227660417557
frame_002151.png,frame_002152.png,0.09017932415008545,0.0493529811501503,0.1653941571712494,-0.07465153932571411,-0.01617364212870598,-0.08286415040493011
frame_002152.png,frame_002153.png,0.11142654716968536,0.03681439906358719,0.17266182601451874,-0.06961333006620407,-0.015411310829222202,-0.08101283013820648
frame_002153.png,frame_002154.png,0.12220927327871323,0.033888787031173706,0.20821872353553772,-0.06731003522872925,-0.011405819095671177,-0.035066552460193634
frame_002154.png,frame_002155.png,0.1267591416835785,0.043819211423397064,0.1859857439994812,-0.054072365164756775,0.0008505480363965034,0.004176129586994648
frame_002155.png,frame_002156.png,0.01833345741033554,0.02089923620223999,0.14682075381278992,-0.038388825953006744,-0.0004274221137166023,0.025263074785470963
frame_002156.png,frame_002157.png,-0.05661263316869736,-0.02064044214785099,0.1226615309715271,-0.01824846863746643,-0.008601208217442036,-0.01950623095035553
frame_002157.png,frame_002158.png,-0.08701913803815842,-0.0149595458060503,0.1586821973323822,-0.013055742718279362,0.015214714221656322,-0.06851238757371902
frame_002158.png,frame_002159.png,-0.12182750552892685,-0.014910060912370682,0.19853834807872772,-0.07584275305271149,-0.017703544348478317,-0.011911428533494473
frame_002159.png,frame_002160.png,-0.0801287516951561,-0.026975220069289207,0.16489125788211823,-0.07459616661071777,-0.0008820695802569389,-0.03213179111480713
frame_002160.png,frame_002161.png,-0.002584584057331085,0.021061569452285767,0.17244848608970642,-0.06374853104352951,-0.00043070409446954727,-0.0039610108360648155
frame_002161.png,frame_002162.png,0.0036931857466697693,0.04109307378530502,0.19719357788562775,-0.05342496931552887,-0.0036022020503878593,0.040444791316986084
frame_002162.png,frame_002163.png,-0.01300056278705597,0.003805939108133316,0.18950843811035156,-0.011893020011484623,-0.016874976456165314,0.08225062489509583
frame_002163.png,frame_002164.png,-0.06781201809644699,-0.01134134829044342,0.24744758009910583,-0.0024989498779177666,0.009566235356032848,0.05801421403884888
frame_002164.png,frame_002165.png,-0.11266236752271652,0.0030976012349128723,0.26894381642341614,0.0004988452419638634,-0.010139239020645618,0.036284126341342926
frame_002165.png,frame_002166.png,-0.08413677662611008,0.006343338638544083,0.26879823207855225,0.0035782111808657646,0.010219055227935314,0.007213064469397068
frame_002166.png,frame_002167.png,-0.135399729013443,0.0037164688110351562,0.28655773401260376,-0.0034108730033040047,-0.018736623227596283,0.08158764243125916
frame_002167.png,frame_002168.png,-0.13120540976524353,0.007274258881807327,0.2737175524234772,-0.03570442646741867,-0.02611919492483139,0.021944940090179443
frame_002168.png,frame_002169.png,-0.10620706528425217,-0.006168395280838013,0.24560332298278809,-0.018937692046165466,-0.026688341051340103,0.02864493802189827
frame_002169.png,frame_002170.png,-0.13031011819839478,-0.005345553159713745,0.19192638993263245,0.0175943486392498,-0.02418133243918419,0.07366175949573517
frame_002170.png,frame_002171.png,-0.13322827219963074,-0.03258558362722397,0.14149272441864014,0.011727935634553432,-0.026211582124233246,0.07216663658618927
frame_002171.png,frame_002172.png,-0.09780097752809525,-0.027715586125850677,0.14066733419895172,-0.0074107032269239426,-0.024815265089273453,0.10547773540019989
frame_002172.png,frame_002173.png,-0.06292165070772171,-0.0030894428491592407,0.11663693189620972,-0.006860728841274977,-0.019914060831069946,0.11524901539087296
frame_002173.png,frame_002174.png,0.00857340544462204,0.022643081843852997,0.11071904003620148,-0.02713288739323616,-0.012429279275238514,0.060321301221847534
frame_002174.png,frame_002175.png,0.012633852660655975,0.04109279066324234,0.11052820086479187,-0.04608244448900223,-0.01704709231853485,-0.022105935961008072
frame_002175.png,frame_002176.png,-0.009491115808486938,0.034946657717227936,0.15821033716201782,-0.07524009048938751,-0.018230512738227844,-0.040743082761764526
frame_002176.png,frame_002177.png,-0.02617233246564865,0.02762175351381302,0.16907039284706116,-0.07750929892063141,-0.021256037056446075,-0.007552723400294781
frame_002177.png,frame_002178.png,-0.039791084825992584,0.009393516927957535,0.16170942783355713,-0.054673194885253906,-0.03688588738441467,0.009897318668663502
frame_002178.png,frame_002179.png,-0.04071790724992752,0.015125535428524017,0.17127707600593567,-0.01074540801346302,-0.04040593281388283,0.014156543649733067
frame_002179.png,frame_002180.png,-0.0455666109919548,0.021336600184440613,0.21161049604415894,-0.017650647088885307,-0.02930804342031479,0.027810905128717422
frame_002180.png,frame_002181.png,-0.03159669041633606,0.019419915974140167,0.24148941040039062,-0.04660395532846451,-0.015641894191503525,0.0320003516972065
frame_002181.png,frame_002182.png,-0.0038505643606185913,0.022608578205108643,0.24727272987365723,-0.06155340373516083,-0.0031547509133815765,0.02862028032541275
frame_002182.png,frame_002183.png,-0.008484743535518646,0.013824518769979477,0.239911288022995,-0.06366986036300659,0.001100935973227024,0.02043752744793892
frame_002183.png,frame_002184.png,-0.01519843190908432,0.008823283016681671,0.22637277841567993,-0.06015494838356972,0.0063080815598368645,0.012376741506159306
frame_002184.png,frame_002185.png,-0.025566689670085907,0.0004512965679168701,0.2104218751192093,-0.05291224271059036,0.01254101749509573,0.004640993662178516
frame_002185.png,frame_002186.png,-0.031581394374370575,-0.005580879747867584,0.20172995328903198,-0.05312596634030342,0.015696590766310692,-0.0038481829687952995
frame_002186.png,frame_002187.png,-0.0321035161614418,-0.004681840538978577,0.19272080063819885,-0.054121509194374084,0.013305616565048695,-0.00528798159211874
frame_002187.png,frame_002188.png,-0.027386918663978577,0.0010987818241119385,0.182729110121727,-0.05375031754374504,0.0076833805069327354,-0.002856253646314144
frame_002188.png,frame_002189.png,-0.023358099162578583,0.005577787756919861,0.17573556303977966,-0.04961083084344864,0.0008346959948539734,0.007277236320078373
frame_002189.png,frame_002190.png,-0.03844795376062393,-0.002124093472957611,0.16440826654434204,-0.04156641662120819,-0.004020378924906254,0.02481890842318535
frame_002190.png,frame_002191.png,-0.06223710626363754,-0.006712447851896286,0.1437595784664154,-0.031242940574884415,-0.00613951962441206,0.03183357045054436
frame_002191.png,frame_002192.png,-0.06095828860998154,-0.001214291900396347,0.12235555052757263,-0.025500256568193436,-0.007623606361448765,0.029747527092695236
frame_002192.png,frame_002193.png,-0.019255615770816803,0.012906558811664581,0.08022192120552063,-0.02975180745124817,-0.014252417720854282,0.034728407859802246
frame_002193.png,frame_002194.png,0.024580299854278564,0.023386232554912567,0.03563101962208748,-0.03845570236444473,-0.018505442887544632,0.02070111781358719
frame_002194.png,frame_002195.png,0.03808128088712692,0.02791833132505417,0.010195128619670868,-0.04363401234149933,-0.012497586198151112,-0.004398445598781109
frame_002195.png,frame_002196.png,0.05107927694916725,0.03917433321475983,0.005430936813354492,-0.043834585696458817,-0.009713818319141865,-0.02019583061337471
frame_002196.png,frame_002197.png,0.04365174472332001,0.03524915874004364,0.008084531873464584,-0.038594190031290054,-0.013381008990108967,-0.03835631161928177
frame_002197.png,frame_002198.png,0.02844410389661789,0.03080642968416214,0.004618871957063675,-0.030601438134908676,-0.017789311707019806,-0.05449987202882767
frame_002198.png,frame_002199.png,0.020007766783237457,0.01974710077047348,0.01742413640022278,-0.025179490447044373,-0.019738350063562393,-0.047330792993307114
frame_002199.png,frame_002200.png,0.015101149678230286,0.00995686650276184,0.018016017973423004,-0.023213829845190048,-0.019417650997638702,-0.02640533074736595
frame_002200.png,frame_002201.png,0.005179397761821747,0.0048135071992874146,0.011533692479133606,-0.021991576999425888,-0.01867256686091423,-0.009693066589534283
frame_002201.png,frame_002202.png,-0.004257567226886749,0.005927149206399918,0.004845805466175079,-0.022829569876194,-0.014698213897645473,-0.005843323655426502
frame_002202.png,frame_002203.png,-0.0037861838936805725,0.010790213942527771,0.0025361478328704834,-0.02515443041920662,-0.011133831925690174,-0.0037371786311268806
frame_002203.png,frame_002204.png,0.014498703181743622,0.020039528608322144,0.004986334592103958,-0.027649320662021637,-0.011201129294931889,-0.0008763587102293968
frame_002204.png,frame_002205.png,0.023018866777420044,0.029584169387817383,0.009661007672548294,-0.02604822814464569,-0.016349121928215027,0.006257292814552784
frame_002205.png,frame_002206.png,0.02387525886297226,0.04893558472394943,0.02395140752196312,-0.03147102892398834,-0.02736014872789383,0.010937330313026905
frame_002206.png,frame_002207.png,-0.010539129376411438,0.0464746430516243,0.044769760221242905,-0.03309961035847664,-0.028576523065567017,0.02219294384121895
frame_002207.png,frame_002208.png,-0.060642726719379425,0.02476859837770462,0.06690466403961182,-0.028424542397260666,-0.030019570142030716,0.029344499111175537
frame_002208.png,frame_002209.png,-0.11427410691976547,0.007363595068454742,0.08595585823059082,-0.028581425547599792,-0.034629032015800476,0.022565707564353943
frame_002209.png,frame_002210.png,-0.15286564826965332,9.769946336746216e-05,0.09422169625759125,-0.031191878020763397,-0.03530137240886688,0.020385518670082092
frame_002210.png,frame_002211.png,-0.17622703313827515,-0.002146497368812561,0.1008872538805008,-0.02608383819460869,-0.033293869346380234,0.016820460557937622
frame_002211.png,frame_002212.png,-0.19562450051307678,0.0016546957194805145,0.10795915126800537,-0.03685162216424942,-0.02896876633167267,0.01618758589029312
frame_002212.png,frame_002213.png,-0.2043900191783905,0.0072083622217178345,0.10394535958766937,-0.04996616393327713,-0.02123378962278366,0.013165422715246677
frame_002213.png,frame_002214.png,-0.19896620512008667,0.0176771879196167,0.08775565028190613,-0.05902823060750961,-0.014871510677039623,0.011428727768361568
frame_002214.png,frame_002215.png,-0.19245290756225586,0.029803313314914703,0.07158242166042328,-0.06520763784646988,-0.01043532881885767,0.0074391672387719154
frame_002215.png,frame_002216.png,-0.19663137197494507,0.03360552340745926,0.0681871622800827,-0.06626776605844498,-0.005447466857731342,0.02004704624414444
frame_002216.png,frame_002217.png,-0.207594096660614,0.03035900741815567,0.055815380066633224,-0.059270210564136505,0.001068013720214367,0.031054653227329254
frame_002217.png,frame_002218.png,-0.21915167570114136,0.02097293734550476,0.023989655077457428,-0.04919057339429855,0.011551923118531704,0.044194720685482025
frame_002218.png,frame_002219.png,-0.2068987786769867,0.01927921175956726,-0.013218257576227188,-0.05383964627981186,0.02026621252298355,0.06140192598104477
frame_002219.png,frame_002220.png,-0.19265216588974,0.01776030659675598,-0.01784786954522133,-0.06567206233739853,0.023864150047302246,0.06024515628814697
frame_002220.png,frame_002221.png,-0.2068614661693573,0.002820882946252823,0.025085024535655975,-0.06781956553459167,0.022010240703821182,0.06391476094722748
frame_002221.png,frame_002222.png,-0.21289607882499695,-0.009863678365945816,0.0761713832616806,-0.06374292820692062,0.012094725854694843,0.07231108099222183
frame_002222.png,frame_002223.png,-0.2232649028301239,-0.013639325276017189,0.12364570796489716,-0.0519733652472496,0.007281077094376087,0.07799411565065384
frame_002223.png,frame_002224.png,-0.233957439661026,-0.012851640582084656,0.1600806713104248,-0.03281702846288681,0.002052287571132183,0.08099675923585892
frame_002224.png,frame_002225.png,-0.2414548099040985,-0.014874957501888275,0.18573473393917084,-0.019216421991586685,-0.00317427609115839,0.06170356273651123
frame_002225.png,frame_002226.png,-0.24743130803108215,-0.03069441020488739,0.1733456701040268,-0.006962701678276062,-0.011920240707695484,0.04472336918115616
frame_002226.png,frame_002227.png,-0.23811617493629456,-0.02919389121234417,0.1473241150379181,-0.006330668460577726,-0.02293427661061287,0.03800281137228012
frame_002227.png,frame_002228.png,-0.21195098757743835,-0.02717704139649868,0.12478157877922058,-0.002172941341996193,-0.019841928035020828,0.04723192751407623
frame_002228.png,frame_002229.png,-0.19274058938026428,-0.01907304860651493,0.16759204864501953,-0.018278680741786957,-0.019450441002845764,0.03458820655941963
frame_002229.png,frame_002230.png,-0.18574514985084534,-0.008703935891389847,0.16514787077903748,-0.0017993515357375145,-0.01234342623502016,-0.010739742778241634
frame_002230.png,frame_002231.png,-0.16470566391944885,-0.006437532603740692,0.13633188605308533,0.014684191904962063,-0.02038828283548355,0.02764037996530533
frame_002231.png,frame_002232.png,-0.16903671622276306,0.0048012398183345795,0.1321677416563034,0.0009752688929438591,-0.021510116755962372,0.05727919191122055
frame_002232.png,frame_002233.png,-0.15337735414505005,0.024539843201637268,0.11663497984409332,0.0010577496141195297,-0.01622290536761284,0.06301333010196686
frame_002233.png,frame_002234.png,-0.11687671393156052,0.015185471624135971,0.1147233098745346,0.010317171923816204,-0.0010090572759509087,0.049646370112895966
frame_002234.png,frame_002235.png,-0.10278018563985825,0.0052945539355278015,0.13556677103042603,0.008496805094182491,-0.010265232063829899,0.03770666569471359
frame_002235.png,frame_002236.png,-0.07010341435670853,0.005424618721008301,0.17943966388702393,-0.024083949625492096,-0.022241435945034027,0.0258004292845726
frame_002236.png,frame_002237.png,-0.04188365489244461,-0.001626424491405487,0.20700739324092865,-0.042216479778289795,-0.014488204382359982,0.03565351292490959
frame_002237.png,frame_002238.png,-0.03986317664384842,-0.0205993689596653,0.22839108109474182,-0.026271045207977295,-0.01823285222053528,0.006778662092983723
frame_002238.png,frame_002239.png,-0.03695199638605118,-0.01593906618654728,0.23726731538772583,-0.005725398659706116,-0.014715821482241154,0.03463941812515259
frame_002239.png,frame_002240.png,-0.10598263889551163,-0.03518706560134888,0.28833329677581787,-0.02293606847524643,-0.02174965664744377,0.08785314857959747
frame_002240.png,frame_002241.png,-0.1447415053844452,-0.02725141867995262,0.25684142112731934,-0.00947621837258339,-0.014708052389323711,0.1265517771244049
frame_002241.png,frame_002242.png,-0.08474402874708176,-0.012956731021404266,0.22918730974197388,-0.010360365733504295,-0.016789983958005905,0.14078648388385773
frame_002242.png,frame_002243.png,-0.06048860400915146,-0.01188163086771965,0.16013720631599426,-0.0035789997782558203,-0.020985759794712067,0.1269332766532898
frame_002243.png,frame_002244.png,-0.04773350805044174,-0.007917966693639755,0.1438784897327423,-0.018680717796087265,-0.02602287381887436,0.11615321040153503
frame_002244.png,frame_002245.png,-0.0905715599656105,0.014276687055826187,0.19841375946998596,-0.01473263744264841,-0.01981211081147194,0.06579434871673584
frame_002245.png,frame_002246.png,-0.15362215042114258,0.030506029725074768,0.247306227684021,-0.0038573546335101128,-0.008737226016819477,0.025874625891447067
frame_002246.png,frame_002247.png,-0.1676175892353058,0.021137885749340057,0.27933210134506226,-0.019750479608774185,-0.00445862952619791,0.022027157247066498
frame_002247.png,frame_002248.png,-0.18624567985534668,-0.0009798035025596619,0.2971397936344147,-0.03530558943748474,-0.00788696575909853,0.024835269898176193
frame_002248.png,frame_002249.png,-0.14885473251342773,0.021284759044647217,0.2597380578517914,0.0012241257354617119,-0.0034064287319779396,-0.009080215357244015
frame_002249.png,frame_002250.png,-0.10134582966566086,0.024545662105083466,0.19818641245365143,-0.029936298727989197,-0.021870698779821396,-0.013803048990666866
frame_002250.png,frame_002251.png,-0.08465676754713058,0.031375497579574585,0.18747833371162415,-0.0611286386847496,-0.022245053201913834,-0.0345253087580204
frame_002251.png,frame_002252.png,-0.0877222940325737,0.026965774595737457,0.18941646814346313,-0.05722740292549133,-0.029308076947927475,-0.06049652025103569
frame_002252.png,frame_002253.png,-0.08347361534833908,0.03525259345769882,0.18774697184562683,-0.03305131569504738,-0.038733407855033875,-0.07567838579416275
frame_002253.png,frame_002254.png,-0.10371174663305283,0.02419285476207733,0.2179747372865677,-0.019272200763225555,-0.034292079508304596,-0.05392160266637802
frame_002254.png,frame_002255.png,-0.10383831709623337,0.012865521013736725,0.22364512085914612,-0.018139682710170746,-0.030347749590873718,-0.03803621605038643
frame_002255.png,frame_002256.png,-0.0801316425204277,0.00848308950662613,0.2186499834060669,-0.01269120629876852,-0.027929775416851044,-0.02953527867794037
frame_002256.png,frame_002257.png,-0.06621628254652023,0.01082972064614296,0.2089824378490448,-5.504395812749863e-05,-0.022519059479236603,-0.041135139763355255
frame_002257.png,frame_002258.png,-0.03451099246740341,0.020792201161384583,0.20561914145946503,0.004229583777487278,-0.013542245142161846,-0.04369310289621353
frame_002258.png,frame_002259.png,-8.66129994392395e-05,0.032742954790592194,0.20513373613357544,-0.006026427261531353,-0.0034460024908185005,-0.040967755019664764
frame_002259.png,frame_002260.png,0.034101877361536026,0.04275304079055786,0.20823657512664795,-0.016876153647899628,0.004188076592981815,-0.035517334938049316
frame_002260.png,frame_002261.png,0.05247309431433678,0.04596968740224838,0.21394625306129456,-0.020451944321393967,0.01089276373386383,-0.03537841513752937
frame_002261.png,frame_002262.png,0.04824903979897499,0.041432492434978485,0.23931309580802917,-0.02595030516386032,0.018102124333381653,-0.0296066552400589
frame_002262.png,frame_002263.png,0.009357534348964691,0.02140761911869049,0.24238458275794983,-0.030594106763601303,0.02304007112979889,-0.005053418688476086
frame_002263.png,frame_002264.png,-0.013494305312633514,0.012430507689714432,0.248525470495224,-0.02497927099466324,0.016319632530212402,0.015124284662306309
frame_002264.png,frame_002265.png,-0.004113800823688507,0.02147781103849411,0.25397825241088867,0.002045438624918461,-0.0032484270632267,0.037705667316913605
frame_002265.png,frame_002266.png,-0.024998880922794342,0.03385276347398758,0.3026793599128723,-0.000958598218858242,-0.02178512141108513,0.03787662461400032
frame_002266.png,frame_002267.png,-0.06718461960554123,0.04642489552497864,0.3459237515926361,-0.023428432643413544,-0.021583493798971176,-0.0014295456930994987
frame_002267.png,frame_002268.png,-0.06449326127767563,0.04590563476085663,0.33192142844200134,-0.008505239151418209,-0.0077365851029753685,-0.012829701416194439
frame_002268.png,frame_002269.png,-0.07959751039743423,0.012590713798999786,0.35336875915527344,-0.035746779292821884,0.0011187614873051643,0.012872626073658466
frame_002269.png,frame_002270.png,-0.09588757902383804,-0.019425077363848686,0.3386708199977875,-0.06215684115886688,-0.0036896755918860435,0.010614846833050251
frame_002270.png,frame_002271.png,-0.11111701279878616,-0.020127970725297928,0.3497476577758789,-0.061022527515888214,-0.005683760158717632,-0.002759675495326519
frame_002271.png,frame_002272.png,-0.11564519256353378,-0.013045273721218109,0.3368774652481079,-0.06428056210279465,-0.007780061103403568,-0.007862835191190243
frame_002272.png,frame_002273.png,-0.12951356172561646,-0.01015206053853035,0.344595342874527,-0.045190710574388504,-0.025630895048379898,0.02624332532286644
frame_002273.png,frame_002274.png,-0.1443009078502655,-0.005933996289968491,0.3372159004211426,-0.006689402274787426,-0.03139377385377884,0.03768807649612427
frame_002274.png,frame_002275.png,-0.10357557982206345,-0.01810968481004238,0.3089865744113922,0.0038725929334759712,-0.027729541063308716,0.050179798156023026
frame_002275.png,frame_002276.png,-0.06107645481824875,-0.010175608098506927,0.21922938525676727,0.02494388446211815,-0.03590986505150795,0.06465799361467361
frame_002276.png,frame_002277.png,-0.08030398935079575,-0.00952041894197464,0.19594690203666687,0.02818683162331581,-0.028137411922216415,0.08236298710107803
frame_002277.png,frame_002278.png,-0.111602284014225,-0.01097630150616169,0.2136898785829544,0.009080984629690647,-0.03227414935827255,0.10140414535999298
frame_002278.png,frame_002279.png,-0.13716444373130798,-0.022951282560825348,0.19642779231071472,0.0014868499711155891,-0.03013341873884201,0.09984838962554932
frame_002279.png,frame_002280.png,-0.1441517174243927,-0.030052386224269867,0.1427038013935089,0.007278400473296642,-0.01744457706809044,0.0816870704293251
frame_002280.png,frame_002281.png,-0.14871937036514282,-0.021844327449798584,0.09954635798931122,0.021298300474882126,0.0037779686972498894,0.07925114035606384
frame_002281.png,frame_002282.png,-0.14488482475280762,-0.0045218318700790405,0.0683535486459732,0.05035962909460068,0.017503030598163605,0.06869114935398102
frame_002282.png,frame_002283.png,-0.1471978724002838,-0.014940675348043442,0.029323168098926544,0.036533623933792114,-0.0006686197593808174,0.061111725866794586
frame_002283.png,frame_002284.png,-0.15246233344078064,-0.01347416266798973,0.013529937714338303,0.024424023926258087,-0.01981852576136589,0.04581072926521301
frame_002284.png,frame_002285.png,-0.16208648681640625,-0.00713619589805603,0.033975619822740555,0.013073311187326908,-0.026036575436592102,0.030972972512245178
frame_002285.png,frame_002286.png,-0.16863581538200378,-0.015775462612509727,0.09847360849380493,-0.010593442246317863,-0.02092103660106659,0.04974646866321564
frame_002286.png,frame_002287.png,-0.15040674805641174,-0.02445930242538452,0.1343889832496643,-0.02400049939751625,-0.016749203205108643,0.0636669248342514
frame_002287.png,frame_002288.png,-0.1324772834777832,-0.021860284730792046,0.14929373562335968,-0.03862519562244415,-0.02054513245820999,0.05159584805369377
frame_002288.png,frame_002289.png,-0.10426696389913559,-0.02216627635061741,0.15396469831466675,-0.0587967112660408,-0.02622261270880699,0.05477423965930939
frame_002289.png,frame_002290.png,-0.05424324423074722,-0.0142239760607481,0.1860433965921402,-0.045160166919231415,-0.018740225583314896,0.0413084477186203
frame_002290.png,frame_002291.png,-0.027683772146701813,0.008506301790475845,0.23937347531318665,-0.030963383615016937,-0.0017809541895985603,0.02909519150853157
frame_002291.png,frame_002292.png,-0.019404537975788116,0.018149152398109436,0.2342490255832672,-0.03397972881793976,-0.00674049649387598,0.02094145119190216
frame_002292.png,frame_002293.png,-0.010965131223201752,0.015865568071603775,0.1971241533756256,-0.04428960010409355,-0.004812023602426052,0.01079182606190443
frame_002293.png,frame_002294.png,-0.001706548035144806,0.009498607367277145,0.19261731207370758,-0.07250116765499115,-0.006492939777672291,0.009719186462461948
frame_002294.png,frame_002295.png,0.01574770361185074,-0.0008663907647132874,0.21419444680213928,-0.08223828673362732,-0.0015825359150767326,0.006881495006382465
frame_002295.png,frame_002296.png,0.013456933200359344,0.002874176949262619,0.230739563703537,-0.07713939249515533,-0.004240880720317364,-0.023593168705701828
frame_002296.png,frame_002297.png,-0.012737341225147247,0.011865604668855667,0.22396475076675415,-0.06904521584510803,-0.009263274259865284,-0.05004733055830002
frame_002297.png,frame_002298.png,-0.044413454830646515,0.019926954060792923,0.20598387718200684,-0.06386043131351471,-0.01476039458066225,-0.05096966028213501
frame_002298.png,frame_002299.png,-0.08539558202028275,0.01160811260342598,0.21744820475578308,-0.059646282345056534,-0.015798579901456833,-0.04413111135363579
frame_002299.png,frame_002300.png,-0.09964478760957718,0.003745853900909424,0.23360386490821838,-0.06394651532173157,-0.024749550968408585,-0.037464968860149384
frame_002300.png,frame_002301.png,-0.10562888532876968,-0.0020142868161201477,0.2427564561367035,-0.06947828829288483,-0.032638877630233765,-0.031759776175022125
frame_002301.png,frame_002302.png,-0.1169954165816307,-0.009331673383712769,0.2551683783531189,-0.06888387352228165,-0.03611287102103233,-0.021137144416570663
frame_002302.png,frame_002303.png,-0.1391332447528839,-0.013683466240763664,0.25525298714637756,-0.06708487868309021,-0.03736104443669319,-0.015394306741654873
frame_002303.png,frame_002304.png,-0.17259976267814636,-0.019379284232854843,0.24441146850585938,-0.06341546773910522,-0.031333934515714645,-0.017747603356838226
frame_002304.png,frame_002305.png,-0.19400876760482788,-0.012716878205537796,0.2138073891401291,-0.0542537122964859,-0.026141654700040817,-0.0020407428964972496
frame_002305.png,frame_002306.png,-0.1955907940864563,-0.010932909324765205,0.194533571600914,-0.05069808289408684,-0.020472191274166107,0.020791679620742798
frame_002306.png,frame_002307.png,-0.19564267992973328,-0.013990724459290504,0.18555757403373718,-0.052180249243974686,-0.012811628170311451,0.030378594994544983
frame_002307.png,frame_002308.png,-0.19180533289909363,-0.02001779153943062,0.18136852979660034,-0.05562569946050644,-0.0048803603276610374,0.03844751790165901
frame_002308.png,frame_002309.png,-0.18542930483818054,-0.021553294733166695,0.16967007517814636,-0.05647917091846466,-0.00011423137038946152,0.04589087888598442
frame_002309.png,frame_002310.png,-0.1754569411277771,-0.023343252018094063,0.1546008288860321,-0.052932169288396835,0.002748255617916584,0.04579024016857147
frame_002310.png,frame_002311.png,-0.1688389778137207,-0.02440926991403103,0.13871045410633087,-0.049612320959568024,0.0044098785147070885,0.042197421193122864
frame_002311.png,frame_002312.png,-0.16395509243011475,-0.028739511966705322,0.11900286376476288,-0.04893127828836441,0.006185965612530708,0.041022952646017075
frame_002312.png,frame_002313.png,-0.16295859217643738,-0.036112893372774124,0.10742822289466858,-0.05080508813261986,0.0074951257556676865,0.03989072144031525
frame_002313.png,frame_002314.png,-0.16837862133979797,-0.0452258363366127,0.10976523160934448,-0.05435933917760849,0.008061006665229797,0.03849970921874046
frame_002314.png,frame_002315.png,-0.17223384976387024,-0.052646297961473465,0.12823539972305298,-0.055176492780447006,0.010326697491109371,0.037026889622211456
frame_002315.png,frame_002316.png,-0.17548450827598572,-0.05735005438327789,0.1424289345741272,-0.05823177471756935,0.012249750085175037,0.02950073778629303
frame_002316.png,frame_002317.png,-0.18203222751617432,-0.05860808119177818,0.16342103481292725,-0.06036713719367981,0.013975321315228939,0.024203158915042877
frame_002317.png,frame_002318.png,-0.1881369650363922,-0.05546789988875389,0.18944263458251953,-0.06224039942026138,0.015865560621023178,0.015606840141117573
frame_002318.png,frame_002319.png,-0.18533793091773987,-0.05034955218434334,0.20941823720932007,-0.06374526023864746,0.018267188221216202,0.0040002549067139626
frame_002319.png,frame_002320.png,-0.1801430881023407,-0.04479614645242691,0.22749195992946625,-0.06088538467884064,0.02093004807829857,-0.006998674012720585
frame_002320.png,frame_002321.png,-0.1697368323802948,-0.03667641431093216,0.23838624358177185,-0.05753849819302559,0.020445574074983597,-0.015268881805241108
frame_002321.png,frame_002322.png,-0.1566447913646698,-0.02437835931777954,0.23169440031051636,-0.05236080661416054,0.015450114384293556,-0.013410462997853756
frame_002322.png,frame_002323.png,-0.14914506673812866,-0.018964344635605812,0.2220524549484253,-0.05303424596786499,0.011349423788487911,0.0012875506654381752
frame_002323.png,frame_002324.png,-0.15396299958229065,-0.01654614880681038,0.2172510176897049,-0.060756511986255646,0.00499334093183279,0.01130081806331873
frame_002324.png,frame_002325.png,-0.15441066026687622,-0.016855718567967415,0.19914105534553528,-0.07255740463733673,0.003590625710785389,0.017235971987247467
frame_002325.png,frame_002326.png,-0.1464380919933319,-0.015100410208106041,0.1727246344089508,-0.08549893647432327,0.004464336670935154,0.020840290933847427
frame_002326.png,frame_002327.png,-0.12908965349197388,-0.006037108600139618,0.15777906775474548,-0.09046237170696259,0.009285980835556984,0.02022608369588852
frame_002327.png,frame_002328.png,-0.1220330074429512,0.005423109978437424,0.1540423333644867,-0.08914163708686829,0.0036552399396896362,0.013404075987637043
frame_002328.png,frame_002329.png,-0.13193869590759277,0.00383169949054718,0.15351562201976776,-0.09509474039077759,-0.003496880643069744,0.0036986926570534706
frame_002329.png,frame_002330.png,-0.15779823064804077,-0.004103407263755798,0.14994338154792786,-0.09904954582452774,-0.005727102980017662,0.009476208128035069
frame_002330.png,frame_002331.png,-0.20516976714134216,-0.020369194447994232,0.1593257486820221,-0.09423746913671494,-0.004430937580764294,0.018020790070295334
frame_002331.png,frame_002332.png,-0.26277467608451843,-0.026758335530757904,0.19824229180812836,-0.0815587192773819,-0.005686222575604916,0.030612435191869736
frame_002332.png,frame_002333.png,-0.2930395007133484,-0.020230747759342194,0.19076403975486755,-0.0486581064760685,-0.018118102103471756,0.032610777765512466
frame_002333.png,frame_002334.png,-0.26117679476737976,-0.009716436266899109,0.17007261514663696,-0.033686716109514236,-0.02394069731235504,0.006547224707901478
frame_002334.png,frame_002335.png,-0.21913117170333862,0.00810530036687851,0.150783509016037,-0.03290828317403793,-0.021012678742408752,-0.015995722264051437
frame_002335.png,frame_002336.png,-0.1766996681690216,0.024919457733631134,0.1826389878988266,-0.039402615278959274,-0.016618046909570694,-0.022485792636871338
frame_002336.png,frame_002337.png,-0.15752509236335754,0.03675688058137894,0.20171710848808289,-0.04220511019229889,-0.013161777518689632,-0.028137505054473877
frame_002337.png,frame_002338.png,-0.13812127709388733,0.0495649129152298,0.24472448229789734,-0.05308844894170761,-0.011789386160671711,0.002509309910237789
frame_002338.png,frame_002339.png,-0.12244335561990738,0.054032690823078156,0.2566690146923065,-0.06834221631288528,-0.012240610085427761,0.01661200448870659
frame_002339.png,frame_002340.png,-0.11843063682317734,0.059782594442367554,0.25693121552467346,-0.06809114664793015,-0.004984606988728046,0.01074527669698
frame_002340.png,frame_002341.png,-0.10999953001737595,0.06135238707065582,0.25373363494873047,-0.05833874270319939,0.0003870641812682152,0.012962187640368938
frame_002341.png,frame_002342.png,-0.09016185253858566,0.061957769095897675,0.24591916799545288,-0.05519448220729828,0.0007221987470984459,0.02247246727347374
frame_002342.png,frame_002343.png,-0.08470498770475388,0.0689215436577797,0.2592666447162628,-0.04430295154452324,-0.007603439502418041,0.014338077045977116
frame_002343.png,frame_002344.png,-0.08484915643930435,0.06345206499099731,0.2677588164806366,-0.03779279440641403,-0.018610775470733643,0.013264712877571583
frame_002344.png,frame_002345.png,-0.10637678951025009,0.054076336324214935,0.252710223197937,-0.03501352667808533,-0.01189729105681181,0.015127834863960743
frame_002345.png,frame_002346.png,-0.11987536400556564,0.030046582221984863,0.20633894205093384,-0.029579512774944305,-0.0071512190625071526,0.033804476261138916
frame_002346.png,frame_002347.png,-0.11165840178728104,0.013462450355291367,0.15035884082317352,-0.0207209512591362,-0.007062568329274654,0.04760182648897171
frame_002347.png,frame_002348.png,-0.13169646263122559,0.0016781166195869446,0.13198229670524597,-0.019603345543146133,-0.005143516696989536,0.06387203931808472
frame_002348.png,frame_002349.png,-0.13878026604652405,0.0012090355157852173,0.12472492456436157,-0.022604376077651978,-0.004751310683786869,0.06236746907234192
frame_002349.png,frame_002350.png,-0.11792855709791183,0.009536407887935638,0.1186249852180481,-0.0330338254570961,-0.015502448193728924,0.07583802193403244
frame_002350.png,frame_002351.png,-0.09925813227891922,0.009951289743185043,0.11096182465553284,-0.02572333812713623,-0.022056937217712402,0.07814914733171463
frame_002351.png,frame_002352.png,-0.08645596355199814,0.018008798360824585,0.09757335484027863,-0.017403503879904747,-0.021875545382499695,0.07662741094827652
frame_002352.png,frame_002353.png,-0.09182164818048477,0.023225948214530945,0.09072506427764893,-0.007373714353889227,-0.0250471830368042,0.0962783694267273
frame_002353.png,frame_002354.png,-0.11117494851350784,0.012948457151651382,0.08750614523887634,0.015204469673335552,-0.019828077405691147,0.1050206795334816
frame_002354.png,frame_002355.png,-0.1382090449333191,-0.0011718235909938812,0.11083313822746277,0.03689572215080261,-0.010380306281149387,0.10778272151947021
frame_002355.png,frame_002356.png,-0.16248908638954163,-0.0026258230209350586,0.12799566984176636,0.04513243958353996,-0.0009664157405495644,0.08598804473876953
frame_002356.png,frame_002357.png,-0.16218474507331848,-0.00987955555319786,0.14348524808883667,0.05439641326665878,0.0034279217943549156,0.06472104042768478
frame_002357.png,frame_002358.png,-0.16111823916435242,-0.014796452596783638,0.16048622131347656,0.05965082347393036,-0.009358064271509647,0.044178690761327744
frame_002358.png,frame_002359.png,-0.16816985607147217,-0.015153104439377785,0.1717892289161682,0.0584702342748642,-0.01843138411641121,0.027423344552516937
frame_002359.png,frame_002360.png,-0.17001116275787354,-0.012506771832704544,0.17794740200042725,0.05774916708469391,-0.02383016049861908,0.008327425457537174
frame_002360.png,frame_002361.png,-0.16746243834495544,-0.012547824531793594,0.18202286958694458,0.05473324656486511,-0.02749219536781311,-0.0029574474319815636
frame_002361.png,frame_002362.png,-0.16858121752738953,-0.011940749362111092,0.18349888920783997,0.05025586113333702,-0.028726227581501007,-0.011303131468594074
frame_002362.png,frame_002363.png,-0.16795864701271057,-0.012034378945827484,0.18497300148010254,0.04951643943786621,-0.027008607983589172,-0.019360240548849106
frame_002363.png,frame_002364.png,-0.1715547740459442,-0.012379089370369911,0.19316978752613068,0.04809832572937012,-0.025752484798431396,-0.027038030326366425
frame_002364.png,frame_002365.png,-0.1734808385372162,-0.012317977845668793,0.20143915712833405,0.04733528941869736,-0.02555263042449951,-0.026845742017030716
frame_002365.png,frame_002366.png,-0.17314431071281433,-0.014533702284097672,0.21427343785762787,0.042173054069280624,-0.025234404951334,-0.017314866185188293
frame_002366.png,frame_002367.png,-0.1677756905555725,-0.01367323100566864,0.23162809014320374,0.03342041000723839,-0.024948127567768097,0.0005465680733323097
frame_002367.png,frame_002368.png,-0.16382655501365662,-0.010754190385341644,0.25194892287254333,0.018324114382267,-0.021269291639328003,0.011454817838966846
frame_002368.png,frame_002369.png,-0.1335415244102478,-0.004609435796737671,0.25869035720825195,0.012541280128061771,-0.017154887318611145,0.033608708530664444
frame_002369.png,frame_002370.png,-0.12022218853235245,-0.011871900409460068,0.2427419126033783,0.01355398166924715,-0.01608218252658844,0.0439520999789238
frame_002370.png,frame_002371.png,-0.10256224125623703,-0.02603834494948387,0.22182263433933258,-0.009672501124441624,-0.01691441610455513,0.049812205135822296
frame_002371.png,frame_002372.png,-0.08080130070447922,-0.020221613347530365,0.20727096498012543,-0.029500793665647507,-0.014070373959839344,0.024327952414751053
frame_002372.png,frame_002373.png,-0.0872148796916008,-0.013886317610740662,0.21534574031829834,-0.025778155773878098,-0.010473028756678104,0.008859545923769474
frame_002373.png,frame_002374.png,-0.10345486551523209,-0.004627056419849396,0.21352310478687286,-0.019116424024105072,-0.01102584321051836,0.006385822780430317
frame_002374.png,frame_002375.png,-0.08544286340475082,0.014272324740886688,0.23078976571559906,-0.016482975333929062,-0.0031110169366002083,0.014805485494434834
frame_002375.png,frame_002376.png,-0.04296848922967911,0.027081027626991272,0.21820011734962463,-0.0060165757313370705,-0.002183292992413044,0.050862785428762436
frame_002376.png,frame_002377.png,-0.004906974732875824,0.030255049467086792,0.1582568883895874,-0.009018134325742722,-0.006142833270132542,0.08764686435461044
frame_002377.png,frame_002378.png,-0.010359704494476318,0.02795371413230896,0.11946287751197815,-0.018366262316703796,-0.012381617911159992,0.11310712993144989
frame_002378.png,frame_002379.png,-0.03001582622528076,0.02219698578119278,0.10374349355697632,-0.019115323200821877,-0.017410393804311752,0.1220329999923706
frame_002379.png,frame_002380.png,-0.04506314545869827,0.01781090348958969,0.08937233686447144,-0.014400474727153778,-0.013996166177093983,0.10287784039974213
frame_002380.png,frame_002381.png,-0.04954134672880173,0.018747840076684952,0.1084175705909729,-0.019668933004140854,-0.008846909739077091,0.08691130578517914
frame_002381.png,frame_002382.png,-0.04400815814733505,0.0224040225148201,0.13534387946128845,-0.02137550711631775,-0.005857323296368122,0.07158195972442627
frame_002382.png,frame_002383.png,-0.04919219762086868,0.024683795869350433,0.1518011838197708,-0.028516024351119995,0.004698664881289005,0.06153695285320282
frame_002383.png,frame_002384.png,-0.05392291396856308,0.030382290482521057,0.16869989037513733,-0.039109788835048676,0.009340287186205387,0.03770805895328522
frame_002384.png,frame_002385.png,-0.062109969556331635,0.022217459976673126,0.20399264991283417,-0.05157220736145973,0.007658305577933788,0.010108997114002705
frame_002385.png,frame_002386.png,-0.07618805021047592,0.012225568294525146,0.24190789461135864,-0.0579339861869812,-0.0032916730269789696,-0.009820464067161083
frame_002386.png,frame_002387.png,-0.09276103228330612,0.009095951914787292,0.25150182843208313,-0.05686762183904648,-0.004313935525715351,-0.01922457292675972
frame_002387.png,frame_002388.png,-0.1071743592619896,0.01880136877298355,0.2497994601726532,-0.05729379877448082,-0.0050100842490792274,-0.030166450887918472
frame_002388.png,frame_002389.png,-0.10462457686662674,0.028211966156959534,0.23766103386878967,-0.05183180049061775,-0.001537439413368702,-0.031926535069942474
frame_002389.png,frame_002390.png,-0.10084377974271774,0.01856362819671631,0.1916610449552536,-0.024030964821577072,-0.0031133098527789116,-0.02368253469467163
frame_002390.png,frame_002391.png,-0.09400426596403122,0.011480987071990967,0.15732024610042572,-0.010828334838151932,-0.008346333168447018,-0.010823528282344341
frame_002391.png,frame_002392.png,-0.07646401971578598,-0.000619351863861084,0.15423846244812012,-0.02062779664993286,-0.01061470340937376,0.002488533966243267
frame_002392.png,frame_002393.png,-0.07938598841428757,-0.006244473159313202,0.18135064840316772,-0.015563162975013256,-0.020558033138513565,0.012663672678172588
frame_002393.png,frame_002394.png,-0.07161673158407211,-0.021865954622626305,0.20300793647766113,-0.013766135089099407,-0.02663867175579071,0.015183261595666409
frame_002394.png,frame_002395.png,-0.0752028152346611,-0.037717342376708984,0.2086806297302246,-0.008338895626366138,-0.028522968292236328,0.00843100342899561
frame_002395.png,frame_002396.png,-0.10007061809301376,-0.04435206204652786,0.20879383385181427,-0.01757664605975151,-0.030693940818309784,-0.009465494193136692
frame_002396.png,frame_002397.png,-0.12236260622739792,-0.04600220546126366,0.2133485972881317,-0.037619251757860184,-0.02739674597978592,-0.010633413679897785
frame_002397.png,frame_002398.png,-0.1565392017364502,-0.04669952392578125,0.2290005087852478,-0.05106906592845917,-0.025197826325893402,-0.030256111174821854
frame_002398.png,frame_002399.png,-0.19025349617004395,-0.05360858142375946,0.22602048516273499,-0.058055706322193146,-0.02296587824821472,-0.0466318279504776
frame_002399.png,frame_002400.png,-0.21634116768836975,-0.05682073533535004,0.22932575643062592,-0.0549948550760746,-0.024662930518388748,-0.05118386819958687
frame_002400.png,frame_002401.png,-0.21328094601631165,-0.0638396292924881,0.21712400019168854,-0.04127941280603409,-0.027701303362846375,-0.04289091378450394
frame_002401.png,frame_002402.png,-0.1835690438747406,-0.06691677868366241,0.1977856308221817,-0.029710106551647186,-0.035951390862464905,-0.03694528713822365
frame_002402.png,frame_002403.png,-0.15838178992271423,-0.06627964228391647,0.18969732522964478,-0.018646493554115295,-0.03888685256242752,-0.029920943081378937
frame_002403.png,frame_002404.png,-0.1407739520072937,-0.06337608397006989,0.18361449241638184,-0.008667419664561749,-0.034608930349349976,-0.02060745656490326
frame_002404.png,frame_002405.png,-0.13762113451957703,-0.06114664301276207,0.17910714447498322,-0.003602142445743084,-0.028298892080783844,-0.008913670666515827
frame_002405.png,frame_002406.png,-0.13426825404167175,-0.057745859026908875,0.1782606691122055,-4.938524216413498e-05,-0.022975388914346695,0.0024734800681471825
frame_002406.png,frame_002407.png,-0.13183706998825073,-0.05129705369472504,0.18214082717895508,-0.000763830728828907,-0.01654208078980446,0.008871723897755146
frame_002407.png,frame_002408.png,-0.12914106249809265,-0.0449223555624485,0.19070479273796082,-0.0030259815976023674,-0.008619015105068684,0.010665719397366047
frame_002408.png,frame_002409.png,-0.12929749488830566,-0.039566587656736374,0.19707998633384705,-0.005644920282065868,-0.001164526678621769,0.012124127708375454
frame_002409.png,frame_002410.png,-0.13160809874534607,-0.03543456643819809,0.19387829303741455,-0.00783498678356409,0.004404139705002308,0.011384404264390469
frame_002410.png,frame_002411.png,-0.13007816672325134,-0.031878720968961716,0.185748890042305,-0.010845075361430645,0.0067979684099555016,0.007705028168857098
frame_002411.png,frame_002412.png,-0.12575623393058777,-0.028010156005620956,0.1744554340839386,-0.01117603201419115,0.009225375019013882,0.002415166236460209
frame_002412.png,frame_002413.png,-0.12219808250665665,-0.02474282681941986,0.16109643876552582,-0.009549628011882305,0.00979431439191103,-0.002053753472864628
frame_002413.png,frame_002414.png,-0.11332704871892929,-0.02157617174088955,0.15058812499046326,-0.010831859894096851,0.010574144311249256,-0.003176935948431492
frame_002414.png,frame_002415.png,-0.10960578173398972,-0.018905149772763252,0.1357632875442505,-0.013133973814547062,0.008937547914683819,0.0026104943826794624
frame_002415.png,frame_002416.png,-0.10682519525289536,-0.017292723059654236,0.11854055523872375,-0.004713232629001141,0.0033740224316716194,0.013632017187774181
frame_002416.png,frame_002417.png,-0.09615527838468552,-0.013594051823019981,0.1129048764705658,0.0047901226207613945,0.008921111933887005,0.017686013132333755
frame_002417.png,frame_002418.png,-0.08140856772661209,-0.011890111491084099,0.09816589951515198,0.013292250223457813,0.017556753009557724,0.026945829391479492
frame_002418.png,frame_002419.png,-0.08755604177713394,-0.013806741684675217,0.11602005362510681,0.013795553706586361,0.020206276327371597,0.020296037197113037
frame_002419.png,frame_002420.png,-0.08835189789533615,-0.020344248041510582,0.14185920357704163,0.004355317912995815,0.01935679465532303,0.013140321709215641
frame_002420.png,frame_002421.png,-0.09464610368013382,-0.02532942034304142,0.1508563607931137,-0.000872274860739708,0.018070712685585022,0.011631936766207218
frame_002421.png,frame_002422.png,-0.10249467939138412,-0.030388761311769485,0.15096142888069153,-0.0058105140924453735,0.017372988164424896,0.016830436885356903
frame_002422.png,frame_002423.png,-0.10231579095125198,-0.030589016154408455,0.1494288444519043,-0.009394860826432705,0.013608713634312153,0.025921449065208435
frame_002423.png,frame_002424.png,-0.11129259318113327,-0.03038438968360424,0.1463240087032318,-0.013975122012197971,0.01029199454933405,0.03100549429655075
frame_002424.png,frame_002425.png,-0.11882857233285904,-0.031141914427280426,0.14154008030891418,-0.016630105674266815,0.007818079553544521,0.034469008445739746
frame_002425.png,frame_002426.png,-0.12673652172088623,-0.0346006415784359,0.14155150949954987,-0.019972316920757294,0.0047712260857224464,0.03626113384962082
frame_002426.png,frame_002427.png,-0.1381441354751587,-0.03662685304880142,0.14248427748680115,-0.024759415537118912,-0.0012104762718081474,0.039687324315309525
frame_002427.png,frame_002428.png,-0.14951583743095398,-0.039112117141485214,0.14389824867248535,-0.029713623225688934,-0.0055424487218260765,0.038351282477378845
frame_002428.png,frame_002429.png,-0.15972459316253662,-0.040424786508083344,0.14005450904369354,-0.030632149428129196,-0.010127524845302105,0.04160685837268829
frame_002429.png,frame_002430.png,-0.17115741968154907,-0.035074979066848755,0.1299322545528412,-0.03341604396700859,-0.014109320007264614,0.03305397927761078
frame_002430.png,frame_002431.png,-0.1912776231765747,-0.023779071867465973,0.1388530433177948,-0.041789453476667404,-0.014907450415194035,0.019249379634857178
frame_002431.png,frame_002432.png,-0.19676819443702698,-0.020375603809952736,0.13184864819049835,-0.035708583891391754,-0.014919654466211796,0.017537761479616165
frame_002432.png,frame_002433.png,-0.18055632710456848,-0.013434786349534988,0.11569485068321228,-0.030667714774608612,-0.01424113567918539,0.027602918446063995
frame_002433.png,frame_002434.png,-0.16822922229766846,-0.01008417084813118,0.0996938943862915,-0.019727952778339386,-0.015037261880934238,0.01921476423740387
frame_002434.png,frame_002435.png,-0.1399892270565033,-0.0034337788820266724,0.10588431358337402,-0.016322318464517593,-0.01347446721047163,0.012504368089139462
frame_002435.png,frame_002436.png,-0.08935116976499557,0.003758694976568222,0.11013016104698181,-0.02518974244594574,-0.012288239784538746,0.023309342563152313
frame_002436.png,frame_002437.png,-0.07173625379800797,-0.0028815865516662598,0.12021207809448242,-0.029014278203248978,-0.00728518795222044,0.023321613669395447
frame_002437.png,frame_002438.png,-0.0773654505610466,-0.018843641504645348,0.1633721888065338,-0.033345356583595276,-0.0017363876104354858,0.042777612805366516
frame_002438.png,frame_002439.png,-0.09382589906454086,-0.01879914104938507,0.2099069207906723,-0.04297010228037834,0.002209275495260954,0.055609844624996185
frame_002439.png,frame_002440.png,-0.1246480867266655,-0.01615763269364834,0.2729152739048004,-0.03937637060880661,0.005616066046059132,0.05747326463460922
frame_002440.png,frame_002441.png,-0.15351250767707825,-0.005842786282300949,0.32230064272880554,-0.058086518198251724,0.0026163076981902122,0.05113595724105835
frame_002441.png,frame_002442.png,-0.15291878581047058,-0.0038152486085891724,0.3374735414981842,-0.07422074675559998,0.0022799810394644737,0.05586330592632294
frame_002442.png,frame_002443.png,-0.1429859697818756,-0.0037915632128715515,0.32598045468330383,-0.05719853565096855,0.0010239006951451302,0.06919945776462555
frame_002443.png,frame_002444.png,-0.16201084852218628,0.005309700965881348,0.3221818506717682,-0.03860989585518837,-0.003206138499081135,0.07546843588352203
frame_002444.png,frame_002445.png,-0.1718122661113739,0.0002997294068336487,0.3149590790271759,-0.038271479308605194,-0.014172104187309742,0.11021064966917038
frame_002445.png,frame_002446.png,-0.1800619661808014,-0.002873457968235016,0.29598209261894226,-0.03014456480741501,-0.023785438388586044,0.1208706796169281
frame_002446.png,frame_002447.png,-0.20889344811439514,0.011265121400356293,0.2576952874660492,-0.01990756019949913,-0.018675781786441803,0.09506203234195709
frame_002447.png,frame_002448.png,-0.18952509760856628,0.0031588114798069,0.15918323397636414,0.005212132818996906,-0.010983281768858433,0.09417957812547684
frame_002448.png,frame_002449.png,-0.13468128442764282,-0.009477410465478897,0.12141305208206177,0.036698780953884125,-0.0056307436898350716,0.08799484372138977
frame_002449.png,frame_002450.png,-0.08648241311311722,0.0016061924397945404,0.11134172976016998,0.03954267129302025,-0.003013630397617817,0.07208828628063202
frame_002450.png,frame_002451.png,-0.05097805708646774,0.017167486250400543,0.10402631759643555,0.03707420453429222,0.009067309089004993,0.05434725433588028
frame_002451.png,frame_002452.png,-0.0463457927107811,0.02301732450723648,0.11460229754447937,0.024532675743103027,0.010381975211203098,0.059288859367370605
frame_002452.png,frame_002453.png,-0.06955363601446152,0.010355319827795029,0.11378848552703857,0.008556355722248554,0.01367970835417509,0.06498777121305466
frame_002453.png,frame_002454.png,-0.11040065437555313,-0.003924176096916199,0.12489937245845795,0.000674334354698658,0.005543305538594723,0.05257868021726608
frame_002454.png,frame_002455.png,-0.15716949105262756,-0.004791595041751862,0.13422459363937378,0.002986500971019268,-0.001232069917023182,0.04001529514789581
frame_002455.png,frame_002456.png,-0.180382639169693,-0.00014765560626983643,0.14503318071365356,-0.004872960038483143,0.0007068915292620659,0.03899618610739708
frame_002456.png,frame_002457.png,-0.1795961856842041,0.007320273667573929,0.16298620402812958,-0.016205336898565292,0.0054550087079405785,0.05013437569141388
frame_002457.png,frame_002458.png,-0.14926964044570923,0.010528754442930222,0.1903139054775238,-0.04119738191366196,0.008287577889859676,0.04239363968372345
frame_002458.png,frame_002459.png,-0.12152042239904404,0.010715097188949585,0.2164747416973114,-0.06218169257044792,0.004341098479926586,0.03531063720583916
frame_002459.png,frame_002460.png,-0.10562204569578171,0.011112887412309647,0.2245860993862152,-0.07714886963367462,0.0014894632622599602,0.02450147643685341
frame_002460.png,frame_002461.png,-0.09701035171747208,0.009373944252729416,0.2326262891292572,-0.07772451639175415,-0.00233358982950449,0.022756308317184448
frame_002461.png,frame_002462.png,-0.091990165412426,0.00896010547876358,0.23266282677650452,-0.07415323704481125,-0.005809091962873936,0.022898726165294647
frame_002462.png,frame_002463.png,-0.08531975001096725,0.009290523827075958,0.22985140979290009,-0.07168243080377579,-0.005495813675224781,0.02201470360159874
frame_002463.png,frame_002464.png,-0.0756615623831749,0.009477406740188599,0.21776464581489563,-0.07292594760656357,-0.004109901376068592,0.025128774344921112
frame_002464.png,frame_002465.png,-0.06336870044469833,0.010759394615888596,0.20727437734603882,-0.07780482620000839,-0.001995367929339409,0.02213183045387268
frame_002465.png,frame_002466.png,-0.05665280669927597,0.01307634636759758,0.20738756656646729,-0.08080118149518967,-0.0006431704387068748,0.020642437040805817
frame_002466.png,frame_002467.png,-0.0605708584189415,0.015007451176643372,0.22064308822155,-0.0818374752998352,-0.0022323066368699074,0.020143263041973114
frame_002467.png,frame_002468.png,-0.08134391158819199,0.0160604827105999,0.251886785030365,-0.08128803223371506,-0.006233661435544491,0.01539624948054552
frame_002468.png,frame_002469.png,-0.10110294073820114,0.015113778412342072,0.27556246519088745,-0.07771413028240204,-0.012137074954807758,0.007767313160002232
frame_002469.png,frame_002470.png,-0.11844665557146072,0.01400505006313324,0.28815850615501404,-0.07384836673736572,-0.017131265252828598,0.0012834081426262856
frame_002470.png,frame_002471.png,-0.13220810890197754,0.010569430887699127,0.2823564112186432,-0.06733016669750214,-0.0175945907831192,-0.0003564758226275444
frame_002471.png,frame_002472.png,-0.13860628008842468,0.006347030401229858,0.2721555531024933,-0.05896638706326485,-0.01644396036863327,0.0004274221137166023
frame_002472.png,frame_002473.png,-0.136519193649292,0.009087815880775452,0.2669009268283844,-0.05342696234583855,-0.01544721145182848,-0.0032248860225081444
frame_002473.png,frame_002474.png,-0.13247764110565186,0.007397949695587158,0.2638714611530304,-0.052503131330013275,-0.015407606028020382,-0.0038864901289343834
frame_002474.png,frame_002475.png,-0.11909089237451553,0.009986266493797302,0.25635531544685364,-0.047142259776592255,-0.014671233482658863,-0.0004890477284789085
frame_002475.png,frame_002476.png,-0.09886582940816879,0.016377799212932587,0.24192732572555542,-0.037240806967020035,-0.01620359718799591,0.0021104300394654274
frame_002476.png,frame_002477.png,-0.0781124159693718,0.022864244878292084,0.22322727739810944,-0.027991749346256256,-0.01614762470126152,0.00783704686909914
frame_002477.png,frame_002478.png,-0.06275638192892075,0.03218098729848862,0.21560004353523254,-0.023003187030553818,-0.014819578267633915,0.018156040459871292
frame_002478.png,frame_002479.png,-0.05254734307527542,0.045372143387794495,0.21953165531158447,-0.016508247703313828,-0.013789656572043896,0.0267813578248024
frame_002479.png,frame_002480.png,-0.042732737958431244,0.05799752473831177,0.2311995029449463,-0.01049936655908823,-0.013509309850633144,0.03099863976240158
frame_002480.png,frame_002481.png,-0.026314742863178253,0.06147747486829758,0.2544868588447571,-0.009299549274146557,-0.006979078985750675,0.039971571415662766
frame_002481.png,frame_002482.png,-0.0054865628480911255,0.05937356501817703,0.267962247133255,-0.014749267138540745,-0.0019232714548707008,0.04162924364209175
frame_002482.png,frame_002483.png,0.0075444430112838745,0.051393941044807434,0.2713206708431244,-0.022528856992721558,0.0013910839334130287,0.03985537961125374
frame_002483.png,frame_002484.png,0.021605096757411957,0.04673856496810913,0.2758170962333679,-0.02815232425928116,0.005860070697963238,0.037755269557237625
frame_002484.png,frame_002485.png,0.020216144621372223,0.045102283358573914,0.2940334379673004,-0.038186464458703995,0.010451451875269413,0.032236021012067795
frame_002485.png,frame_002486.png,-0.0028510764241218567,0.04486168175935745,0.3127612769603729,-0.05415017902851105,0.009605600498616695,0.022591788321733475
frame_002486.png,frame_002487.png,-0.029595687985420227,0.04128827899694443,0.3212299644947052,-0.0613938644528389,0.007617021910846233,0.027028504759073257
frame_002487.png,frame_002488.png,-0.050100989639759064,0.0381430983543396,0.31931743025779724,-0.07445085793733597,0.006150885485112667,0.03287644311785698
frame_002488.png,frame_002489.png,-0.054121144115924835,0.03924448788166046,0.30595603585243225,-0.08049832284450531,0.006899849511682987,0.02202361822128296
frame_002489.png,frame_002490.png,-0.04321502894163132,0.03722900152206421,0.31288185715675354,-0.07988050580024719,0.004579688422381878,0.005379476584494114
frame_002490.png,frame_002491.png,-0.04642312973737717,0.025273151695728302,0.30837053060531616,-0.07423757761716843,0.002504413016140461,0.0017515132203698158
frame_002491.png,frame_002492.png,-0.04839008301496506,0.008057139813899994,0.30655422806739807,-0.07200972735881805,0.0028812559321522713,0.0031768837943673134
frame_002492.png,frame_002493.png,-0.055835552513599396,0.000409688800573349,0.2987790107727051,-0.06320778280496597,0.002519831992685795,0.010340114124119282
frame_002493.png,frame_002494.png,-0.0770944282412529,0.00044304877519607544,0.28633424639701843,-0.05031653866171837,0.00382158812135458,0.01033026073127985
frame_002494.png,frame_002495.png,-0.09545286744832993,0.011515799909830093,0.2868429124355316,-0.02950388193130493,0.004128980450332165,-0.004188354127109051
frame_002495.png,frame_002496.png,-0.09843527525663376,0.01771196722984314,0.2642395794391632,-0.0014520315453410149,-0.0031425924971699715,0.017083510756492615
frame_002496.png,frame_002497.png,-0.07549936324357986,0.019773568958044052,0.23661863803863525,0.02377801388502121,-0.014100811444222927,0.062407732009887695
frame_002497.png,frame_002498.png,-0.06616692990064621,0.0177595391869545,0.19787269830703735,0.025805804878473282,-0.018047243356704712,0.08748983591794968
frame_002498.png,frame_002499.png,-0.06780644506216049,0.022714875638484955,0.175683856010437,0.023648027330636978,-0.024950619786977768,0.07297947257757187
frame_002499.png,frame_002500.png,-0.07560422271490097,0.022634640336036682,0.17192646861076355,0.02482440695166588,-0.023997999727725983,0.05108431726694107
frame_002500.png,frame_002501.png,-0.07235688716173172,0.02855752408504486,0.17977100610733032,0.024469465017318726,-0.020545609295368195,0.03287794813513756
frame_002501.png,frame_002502.png,-0.059329383075237274,0.03935980051755905,0.18468669056892395,0.03341739624738693,-0.02071230486035347,0.026649601757526398
frame_002502.png,frame_002503.png,-0.06035449355840683,0.05260311812162399,0.20305955410003662,0.03676830232143402,-0.021111037582159042,0.015652071684598923
frame_002503.png,frame_002504.png,-0.05683975666761398,0.06787572056055069,0.22977983951568604,0.03755265846848488,-0.02011614665389061,0.009985164739191532
frame_002504.png,frame_002505.png,-0.052337996661663055,0.07028118520975113,0.23367899656295776,0.03428586199879646,-0.014644178561866283,0.028043169528245926
frame_002505.png,frame_002506.png,-0.0586579367518425,0.06144651025533676,0.23812749981880188,0.039430171251297,-0.009616455994546413,0.045064058154821396
frame_002506.png,frame_002507.png,-0.07555549591779709,0.04600214958190918,0.24825021624565125,0.04157271981239319,-0.012195947580039501,0.06156359612941742
frame_002507.png,frame_002508.png,-0.09060729295015335,0.03660956770181656,0.2506420314311981,0.032717105001211166,-0.01730034500360489,0.05193213373422623
frame_002508.png,frame_002509.png,-0.07846491783857346,0.020648032426834106,0.23802408576011658,0.027735434472560883,-0.01450434047728777,0.023421060293912888
frame_002509.png,frame_002510.png,-0.062400199472904205,0.008222952485084534,0.22520166635513306,0.028053976595401764,-0.01554106269031763,0.011993070133030415
frame_002510.png,frame_002511.png,-0.04966752976179123,0.003403313457965851,0.21482610702514648,0.03282627835869789,-0.013516713865101337,0.017759107053279877
frame_002511.png,frame_002512.png,-0.026184208691120148,0.009137436747550964,0.20357003808021545,0.0358077734708786,-0.015536808408796787,0.036850232630968094
frame_002512.png,frame_002513.png,-0.004406049847602844,0.006893273442983627,0.20112991333007812,0.03372996300458908,-0.01614844799041748,0.056991368532180786
frame_002513.png,frame_002514.png,0.004675820469856262,0.007862735539674759,0.19799566268920898,0.03409968689084053,-0.01372345257550478,0.07341161370277405
frame_002514.png,frame_002515.png,0.020206928253173828,0.014483101665973663,0.1800081431865692,0.02654242143034935,-0.011918232776224613,0.07743330299854279
frame_002515.png,frame_002516.png,0.038415029644966125,0.01877327263355255,0.14674626290798187,0.023311149328947067,-0.016673941165208817,0.0644831582903862
frame_002516.png,frame_002517.png,0.05559320002794266,0.0181175135076046,0.1331958919763565,0.02171158418059349,-0.018819168210029602,0.04824714735150337
frame_002517.png,frame_002518.png,0.07013344019651413,0.0217466801404953,0.13405099511146545,0.014769393019378185,-0.018594738095998764,0.03594377636909485
frame_002518.png,frame_002519.png,0.08150717616081238,0.024553216993808746,0.14805907011032104,0.010571873746812344,-0.017857346683740616,0.02161616086959839
frame_002519.png,frame_002520.png,0.08233197033405304,0.02359876036643982,0.14985480904579163,0.009779059328138828,-0.019884377717971802,0.02302004024386406
frame_002520.png,frame_002521.png,0.08686594665050507,0.028659701347351074,0.1438887119293213,0.01709148660302162,-0.01783975586295128,0.026720471680164337
frame_002521.png,frame_002522.png,0.08529964089393616,0.03152546286582947,0.1396462619304657,0.017401807010173798,-0.014666817151010036,0.0442206896841526
frame_002522.png,frame_002523.png,0.09021192044019699,0.03370197117328644,0.1360548734664917,0.009804317727684975,-0.00944922398775816,0.05990561097860336
frame_002523.png,frame_002524.png,0.09675197303295135,0.041648685932159424,0.12751904129981995,0.0011795498430728912,-0.006120271049439907,0.0626300573348999
frame_002524.png,frame_002525.png,0.09611975401639938,0.053474582731723785,0.13095372915267944,-0.00198760605417192,-0.0031747380271553993,0.06330029666423798
frame_002525.png,frame_002526.png,0.09026627987623215,0.0603112056851387,0.14280965924263,-0.007124680560082197,0.001931430771946907,0.06710278987884521
frame_002526.png,frame_002527.png,0.07868406176567078,0.05924005061388016,0.1512759029865265,-0.015614229254424572,0.001943918876349926,0.0764981210231781
frame_002527.png,frame_002528.png,0.06142600253224373,0.05217296630144119,0.16022361814975739,-0.025718923658132553,-0.00014352984726428986,0.09255971014499664
frame_002528.png,frame_002529.png,0.04804801195859909,0.03729841858148575,0.16226889193058014,-0.03906015679240227,2.190377563238144e-05,0.09652787446975708
frame_002529.png,frame_002530.png,0.03698907047510147,0.02510717511177063,0.15163102746009827,-0.04202735051512718,-0.006007317453622818,0.08823511004447937
frame_002530.png,frame_002531.png,0.01654329150915146,0.01980854943394661,0.1445401906967163,-0.039436087012290955,-0.016339555382728577,0.0753522515296936
frame_002531.png,frame_002532.png,0.0030101463198661804,0.01875678077340126,0.13175395131111145,-0.04486978426575661,-0.019130583852529526,0.06930886954069138
frame_002532.png,frame_002533.png,-0.01725011318922043,0.01897726207971573,0.11820225417613983,-0.04901903495192528,-0.017266131937503815,0.07254333794116974
frame_002533.png,frame_002534.png,-0.045999638736248016,0.01855379343032837,0.1233508288860321,-0.05371803790330887,-0.015763219445943832,0.06744833290576935
frame_002534.png,frame_002535.png,-0.07808660715818405,0.022011026740074158,0.12061940133571625,-0.053916845470666885,-0.017299719154834747,0.060657136142253876
frame_002535.png,frame_002536.png,-0.1162514016032219,0.022695019841194153,0.11423920094966888,-0.04876985028386116,-0.020318351686000824,0.040059179067611694
frame_002536.png,frame_002537.png,-0.1526900827884674,0.02134183794260025,0.10765096545219421,-0.03841805085539818,-0.02222885936498642,0.03150523453950882
frame_002537.png,frame_002538.png,-0.16945049166679382,0.022655338048934937,0.10114346444606781,-0.0332392081618309,-0.023710764944553375,0.03489357978105545
frame_002538.png,frame_002539.png,-0.1707996428012848,0.031163811683654785,0.10539406538009644,-0.03268023580312729,-0.02268853411078453,0.04001249372959137
frame_002539.png,frame_002540.png,-0.16369688510894775,0.03974376618862152,0.10890820622444153,-0.0346284918487072,-0.020465999841690063,0.04225938394665718
frame_002540.png,frame_002541.png,-0.15099793672561646,0.043870411813259125,0.11984339356422424,-0.037622835487127304,-0.018800504505634308,0.03583287447690964
frame_002541.png,frame_002542.png,-0.1353573203086853,0.04025748372077942,0.1383724808692932,-0.03952764347195625,-0.014812872745096684,0.02214536815881729
frame_002542.png,frame_002543.png,-0.1220826730132103,0.03255929797887802,0.16125543415546417,-0.04524029418826103,-0.011784163303673267,0.014673286117613316
frame_002543.png,frame_002544.png,-0.11023100465536118,0.02396204322576523,0.18340125679969788,-0.051527801901102066,-0.00983115378767252,0.01311539951711893
frame_002544.png,frame_002545.png,-0.08924879878759384,0.018211670219898224,0.20122689008712769,-0.058260250836610794,-0.008506783284246922,0.019444480538368225
frame_002545.png,frame_002546.png,-0.0710994228720665,0.012701071798801422,0.20164301991462708,-0.06030833721160889,-0.007309154607355595,0.018178146332502365
frame_002546.png,frame_002547.png,-0.04740680009126663,0.018511246889829636,0.1986750364303589,-0.07275815308094025,-0.005767532624304295,0.014034782536327839
frame_002547.png,frame_002548.png,-0.02445121854543686,0.018350888043642044,0.20792797207832336,-0.08728092908859253,-0.015572859905660152,0.012403075583279133
frame_002548.png,frame_002549.png,-0.047149620950222015,0.01994774118065834,0.20548570156097412,-0.06180031597614288,-0.02940453216433525,0.0486147478222847
frame_002549.png,frame_002550.png,-0.04412480443716049,0.03046829253435135,0.19290640950202942,-0.05728256702423096,-0.020880430936813354,0.02869325876235962
frame_002550.png,frame_002551.png,-0.012259051203727722,0.04533809423446655,0.18297609686851501,-0.05769556760787964,-0.014650781638920307,0.0030855098739266396
frame_002551.png,frame_002552.png,0.06230338290333748,0.051283933222293854,0.19122153520584106,-0.07495525479316711,0.0024023549631237984,-0.02914578467607498
frame_002552.png,frame_002553.png,0.07787001132965088,0.040338099002838135,0.18331144750118256,-0.039076391607522964,-0.02689085155725479,0.011520982719957829
frame_002553.png,frame_002554.png,0.04014020785689354,0.0354781448841095,0.19625341892242432,-0.023605026304721832,-0.02627399191260338,0.03815271705389023
frame_002554.png,frame_002555.png,-0.003416202962398529,0.029305361211299896,0.22987249493598938,-0.03673674911260605,-0.013617352582514286,0.05307783931493759
frame_002555.png,frame_002556.png,-0.03522612899541855,0.012805622071027756,0.18502408266067505,-0.030071213841438293,-0.01620076224207878,0.04307638108730316
frame_002556.png,frame_002557.png,-0.056314803659915924,0.016385480761528015,0.19656182825565338,-0.0396881029009819,-0.030110694468021393,0.04062348231673241
frame_002557.png,frame_002558.png,-0.07476792484521866,0.01751629263162613,0.20388992130756378,-0.05360681563615799,-0.034719593822956085,0.04054979607462883
frame_002558.png,frame_002559.png,-0.08751710504293442,0.015977852046489716,0.20982685685157776,-0.046931855380535126,-0.027493461966514587,0.02394361048936844
frame_002559.png,frame_002560.png,-0.09488644450902939,0.00788729265332222,0.22213895618915558,-0.03469939902424812,-0.01645588129758835,0.02164139598608017
frame_002560.png,frame_002561.png,-0.0811673179268837,0.003084469586610794,0.22372043132781982,-0.016554459929466248,-0.011832346208393574,0.021920792758464813
frame_002561.png,frame_002562.png,-0.06601204723119736,0.001366160809993744,0.2251407951116562,-0.003412545658648014,-0.010614217258989811,0.017609015107154846
frame_002562.png,frame_002563.png,-0.0725954994559288,4.3097883462905884e-05,0.210852712392807,-0.0005426192656159401,-0.010691137053072453,0.0008003050461411476
frame_002563.png,frame_002564.png,-0.07630138844251633,0.0034544765949249268,0.24169304966926575,-0.022453919053077698,-0.01067149918526411,0.005220220424234867
frame_002564.png,frame_002565.png,-0.07686952501535416,-0.0010183453559875488,0.3029077649116516,-0.03647487983107567,0.00293827336281538,0.026898767799139023
frame_002565.png,frame_002566.png,-0.08768462389707565,0.011733800172805786,0.3723956048488617,-0.04682764410972595,0.0031532933935523033,0.07236810028553009
frame_002566.png,frame_002567.png,-0.06534402817487717,0.010253176093101501,0.3260273039340973,-0.04381471499800682,0.014589778147637844,0.06619572639465332
frame_002567.png,frame_002568.png,-0.010213620960712433,0.004800572991371155,0.25364333391189575,-0.024145282804965973,0.02620372176170349,0.04713381454348564
frame_002568.png,frame_002569.png,0.04298299923539162,0.03177063167095184,0.23393487930297852,0.00012472178786993027,0.002832452766597271,0.062378183007240295
frame_002569.png,frame_002570.png,0.02509784698486328,0.039378561079502106,0.20682890713214874,-0.004314495250582695,-0.006685451604425907,0.0691055953502655
frame_002570.png,frame_002571.png,0.02778775244951248,0.044226355850696564,0.20051860809326172,-0.018342863768339157,-0.013072283007204533,0.021508347243070602
frame_002571.png,frame_002572.png,0.04239834472537041,0.048450686037540436,0.20062921941280365,-0.028957407921552658,-0.016683358699083328,0.004619349725544453
frame_002572.png,frame_002573.png,-0.005459524691104889,0.04135444015264511,0.20281898975372314,-0.03281283378601074,-0.024412766098976135,0.02566099911928177
frame_002573.png,frame_002574.png,-0.03155258297920227,0.03681065887212753,0.20313245058059692,-0.03833829239010811,-0.02646646276116371,0.044292107224464417
frame_002574.png,frame_002575.png,-0.04996336251497269,0.024028830230236053,0.20059415698051453,-0.03096771612763405,-0.019960179924964905,0.050248101353645325
frame_002575.png,frame_002576.png,-0.04689141362905502,0.014612488448619843,0.20580628514289856,-0.011479875072836876,-0.014037893153727055,0.035492874681949615
frame_002576.png,frame_002577.png,-0.057145871222019196,0.0012507736682891846,0.19564414024353027,0.011751593090593815,-0.008159899152815342,0.02472684159874916
frame_002577.png,frame_002578.png,-0.06570180505514145,-0.005353279411792755,0.20103034377098083,0.017008468508720398,-0.013156245462596416,0.029035642743110657
frame_002578.png,frame_002579.png,-0.08143063634634018,-0.0012129321694374084,0.19487056136131287,0.01812482625246048,-0.01353417057543993,0.02779669314622879
frame_002579.png,frame_002580.png,-0.08837401121854782,0.008753649890422821,0.18373174965381622,0.007568172179162502,-0.010739755816757679,0.023649729788303375
frame_002580.png,frame_002581.png,-0.09438910335302353,0.018789827823638916,0.1662067472934723,0.0017557963728904724,-0.010196809656918049,0.018562421202659607
frame_002581.png,frame_002582.png,-0.0887722298502922,0.026447243988513947,0.16200579702854156,-0.007031078450381756,-0.008862447924911976,0.03584068641066551
frame_002582.png,frame_002583.png,-0.08286350220441818,0.033859215676784515,0.1605052351951599,-0.013972821645438671,-0.010403619147837162,0.045447416603565216
frame_002583.png,frame_002584.png,-0.08722054213285446,0.031157366931438446,0.14431463181972504,-0.015331116504967213,-0.011248973198235035,0.04768975451588631
frame_002584.png,frame_002585.png,-0.09131600707769394,0.021037228405475616,0.11043407022953033,-0.00040209852159023285,-0.01094698254019022,0.04687512293457985
frame_002585.png,frame_002586.png,-0.07973042875528336,0.02071520686149597,0.08615274727344513,-0.0070852069184184074,-0.019545748829841614,0.04687068238854408
frame_002586.png,frame_002587.png,-0.0757918581366539,0.018118727952241898,0.0678887665271759,-0.002421676181256771,-0.027674898505210876,0.03888394683599472
frame_002587.png,frame_002588.png,-0.09968622773885727,0.01470702514052391,0.06677424907684326,0.013945353217422962,-0.033426325768232346,0.04430887848138809
frame_002588.png,frame_002589.png,-0.14506429433822632,-0.00391644611954689,0.05229375883936882,0.026461467146873474,-0.024879150092601776,0.03549522906541824
frame_002589.png,frame_002590.png,-0.17109879851341248,-0.019518783316016197,0.07727143168449402,0.026636164635419846,-0.014889390207827091,0.04341955482959747
frame_002590.png,frame_002591.png,-0.18190407752990723,-0.019850457087159157,0.08625181019306183,0.024836868047714233,-0.014785678125917912,0.03937247395515442
frame_002591.png,frame_002592.png,-0.20169410109519958,-0.01837751269340515,0.08312384784221649,0.03378713130950928,-0.01781667396426201,0.028107043355703354
frame_002592.png,frame_002593.png,-0.22026535868644714,-0.015108468011021614,0.10179820656776428,0.014167244546115398,-0.014303688891232014,0.024464506655931473
frame_002593.png,frame_002594.png,-0.23309776186943054,-0.011989396065473557,0.10345053672790527,-0.009559310041368008,-0.010875263251364231,0.024038031697273254
frame_002594.png,frame_002595.png,-0.26502546668052673,-0.010182566940784454,0.09430645406246185,-0.0243726447224617,-0.013842017389833927,0.008760769851505756
frame_002595.png,frame_002596.png,-0.2486189901828766,0.01331869512796402,0.10493940114974976,-0.041942182928323746,-0.007308212108910084,0.00749750342220068
frame_002596.png,frame_002597.png,-0.2089230716228485,0.032701537013053894,0.11058804392814636,-0.04995314031839371,-0.010794353671371937,0.019305802881717682
frame_002597.png,frame_002598.png,-0.17616000771522522,0.0474785640835762,0.1394450068473816,-0.04273948073387146,-0.012795650400221348,0.044180143624544144
frame_002598.png,frame_002599.png,-0.1245827004313469,0.04887043684720993,0.13563178479671478,-0.038550473749637604,-0.01752900332212448,0.0584542378783226
frame_002599.png,frame_002600.png,-0.09737708419561386,0.05256969481706619,0.1168610155582428,-0.041972316801548004,-0.020205620676279068,0.058989763259887695
frame_002600.png,frame_002601.png,-0.10520883649587631,0.05572613328695297,0.0708404928445816,-0.03073723614215851,-0.013373537920415401,0.03993350267410278
frame_002601.png,frame_002602.png,-0.14161407947540283,0.055032819509506226,0.0794534832239151,-0.0514313168823719,-0.0005985768511891365,0.005557597614824772
frame_002602.png,frame_002603.png,-0.14206156134605408,0.05835064500570297,0.08899205923080444,-0.07171695679426193,0.01093535777181387,0.003126927651464939
frame_002603.png,frame_002604.png,-0.13758650422096252,0.04366717487573624,0.06206045672297478,-0.0791730135679245,0.00770134013146162,0.011390565894544125
frame_002604.png,frame_002605.png,-0.14522051811218262,0.031818367540836334,0.054158587008714676,-0.07769675552845001,0.012899651192128658,0.007563387043774128
frame_002605.png,frame_002606.png,-0.13550734519958496,0.01917078346014023,0.05193669721484184,-0.06003306433558464,0.00384728517383337,0.011792530305683613
frame_002606.png,frame_002607.png,-0.1275658905506134,0.015080712735652924,0.02596227452158928,-0.03592662513256073,-0.00804793182760477,-0.013969450257718563
frame_002607.png,frame_002608.png,-0.12235163897275925,0.02269502729177475,-0.0009670369327068329,-0.031509511172771454,-0.015469088219106197,-0.022656980901956558
frame_002608.png,frame_002609.png,-0.11118777841329575,0.025513604283332825,-0.006573837250471115,-0.028092313557863235,-0.02584454044699669,-0.013695086352527142
frame_002609.png,frame_002610.png,-0.09970361739397049,0.014479324221611023,-0.023773502558469772,-0.032109037041664124,-0.02320917323231697,-0.003949563018977642
frame_002610.png,frame_002611.png,-0.08269573003053665,0.00016371160745620728,-0.030649147927761078,-0.03425903990864754,-0.01065800804644823,0.008625307120382786
frame_002611.png,frame_002612.png,-0.08300802856683731,-0.01635178178548813,-0.028143253177404404,-0.052958425134420395,-0.007437084801495075,0.0014087008312344551
frame_002612.png,frame_002613.png,-0.08463438600301743,-0.020026955753564835,-0.003813568502664566,-0.06020810455083847,0.005252997390925884,-0.01157404761761427
frame_002613.png,frame_002614.png,-0.0871797725558281,-0.013830248266458511,0.02439366653561592,-0.048295482993125916,0.010841465555131435,-0.022424161434173584
frame_002614.png,frame_002615.png,-0.09146740287542343,-0.01979052647948265,0.025750737637281418,-0.04427526891231537,0.009584232233464718,-0.017072677612304688
frame_002615.png,frame_002616.png,-0.07419133931398392,-0.015133790671825409,0.015177983790636063,-0.03842191398143768,0.014893929474055767,-0.00730618741363287
frame_002616.png,frame_002617.png,-0.04522385448217392,-0.010075859725475311,-0.0028657130897045135,-0.049130894243717194,0.017737630754709244,-0.021891258656978607
frame_002617.png,frame_002618.png,-0.0071628764271736145,0.0027707070112228394,0.0012163855135440826,-0.06413666158914566,0.017138097435235977,-0.01786721870303154
frame_002618.png,frame_002619.png,0.04809248819947243,0.013718798756599426,0.01167966052889824,-0.06173409894108772,0.016855422407388687,-0.009919899515807629
frame_002619.png,frame_002620.png,0.1039627194404602,0.017029203474521637,0.024450775235891342,-0.06245461851358414,0.01731635257601738,-0.00792685803025961
frame_002620.png,frame_002621.png,0.1394212394952774,0.01913417875766754,0.0543881319463253,-0.06419390439987183,0.02036164328455925,-0.0030652331188321114
frame_002621.png,frame_002622.png,0.1682542860507965,0.026271648705005646,0.06799319386482239,-0.0758431926369667,0.023446526378393173,0.005067137070000172
frame_002622.png,frame_002623.png,0.18084648251533508,0.03135858476161957,0.07174026966094971,-0.088683120906353,0.029910098761320114,-0.0032089008018374443
frame_002623.png,frame_002624.png,0.18966543674468994,0.040021151304244995,0.07463079690933228,-0.10195876657962799,0.030636951327323914,-0.009167381562292576
frame_002624.png,frame_002625.png,0.18215301632881165,0.03690115362405777,0.0928904116153717,-0.10443005710840225,0.021600808948278427,-0.008647716604173183
frame_002625.png,frame_002626.png,0.16136494278907776,0.029377423226833344,0.11163768172264099,-0.09338639676570892,0.019510526210069656,-0.007102077826857567
frame_002626.png,frame_002627.png,0.13051021099090576,0.03218083828687668,0.1363503783941269,-0.09251410514116287,0.013918017037212849,0.010313552804291248
frame_002627.png,frame_002628.png,0.05369186028838158,0.037483878433704376,0.17515972256660461,-0.09815064817667007,0.011766600422561169,0.0031108735129237175
frame_002628.png,frame_002629.png,0.00441114604473114,0.044149525463581085,0.21204723417758942,-0.06390061974525452,0.00843519065529108,-0.007599829696118832
frame_002629.png,frame_002630.png,-0.02245057374238968,0.04684848338365555,0.25516435503959656,-0.03739894926548004,0.0021832166239619255,-0.03363015875220299
frame_002630.png,frame_002631.png,-0.06340303272008896,0.03747650235891342,0.23294910788536072,-0.015053513459861279,-0.0024133557453751564,-0.058678507804870605
frame_002631.png,frame_002632.png,-0.047086574137210846,0.039775408804416656,0.21683311462402344,-0.01851912960410118,-0.018647342920303345,-0.01926712691783905
frame_002632.png,frame_002633.png,-0.02802688628435135,0.03684689849615097,0.22461101412773132,-0.027751289308071136,-0.02426934614777565,-0.006274561397731304
frame_002633.png,frame_002634.png,-0.0016737505793571472,0.030872881412506104,0.23815587162971497,0.007147349417209625,-0.016815010458230972,-0.016356859356164932
frame_002634.png,frame_002635.png,-0.027780987322330475,0.040382690727710724,0.2993616759777069,0.007042244076728821,0.0018139081075787544,-0.017656587064266205
frame_002635.png,frame_002636.png,-0.04759152978658676,0.02990981936454773,0.30178579688072205,0.0018033981323242188,0.01349575910717249,-0.03490612283349037
frame_002636.png,frame_002637.png,-0.049814753234386444,0.01397787407040596,0.3024430572986603,-0.012597702443599701,0.01552643533796072,0.0019287103787064552
frame_002637.png,frame_002638.png,-0.028772518038749695,0.015833169221878052,0.2654286324977875,-0.030164077877998352,0.007663520984351635,0.023761745542287827
frame_002638.png,frame_002639.png,0.0031859353184700012,0.008932933211326599,0.20917950570583344,-0.01814671978354454,-0.006705000996589661,0.0066331131383776665
frame_002639.png,frame_002640.png,-0.0039788708090782166,0.016985304653644562,0.18067580461502075,0.008697583340108395,-0.012740925885736942,-0.019111551344394684
frame_002640.png,frame_002641.png,-0.023860223591327667,0.021336473524570465,0.22515869140625,-0.011463201604783535,-0.01811584085226059,-0.003731316886842251
frame_002641.png,frame_002642.png,-0.03704976290464401,0.037379227578639984,0.28902798891067505,-0.044082920998334885,-0.009511270560324192,0.007463523186743259
frame_002642.png,frame_002643.png,0.01681455224752426,0.0637611672282219,0.26233455538749695,-0.034893739968538284,-0.003259597346186638,0.017351895570755005
frame_002643.png,frame_002644.png,0.07308714091777802,0.09893255680799484,0.20447392761707306,-0.001550230197608471,0.005186303518712521,0.014284820295870304
frame_002644.png,frame_002645.png,0.06103295087814331,0.08418279141187668,0.14154234528541565,0.0004014689475297928,-0.003249742090702057,-0.02616976946592331
frame_002645.png,frame_002646.png,0.07835429906845093,0.04643992334604263,0.09645868837833405,-0.012979654595255852,-0.0022638188675045967,-0.06367874890565872
frame_002646.png,frame_002647.png,0.043899618089199066,0.056461602449417114,0.10185888409614563,-0.04506993293762207,-0.015460298396646976,-0.07230865210294724
frame_002647.png,frame_002648.png,0.10627306252717972,0.0662514865398407,0.10663941502571106,-0.0736064463853836,-0.02292078360915184,-0.04624960571527481
frame_002648.png,frame_002649.png,0.09285829216241837,0.05662398040294647,0.14336156845092773,-0.06323061883449554,-0.023702964186668396,-0.006549925543367863
frame_002649.png,frame_002650.png,0.06482400745153427,0.043424151837825775,0.1609361171722412,-0.037710148841142654,-0.01704305037856102,0.037343382835388184
frame_002650.png,frame_002651.png,0.01341993361711502,0.012415584176778793,0.1251213699579239,-0.009616733528673649,-0.015631552785634995,0.041918832808732986
frame_002651.png,frame_002652.png,0.01073531061410904,-0.010155268013477325,0.0625637024641037,-0.02049744874238968,-0.019027408212423325,0.03680465742945671
frame_002652.png,frame_002653.png,-0.006870277225971222,-0.009029433131217957,0.036143265664577484,-0.016255158931016922,-0.013770819641649723,0.025798674672842026
frame_002653.png,frame_002654.png,-0.02291194349527359,-0.023046765476465225,0.06491978466510773,-0.04398389533162117,0.010348347015678883,0.0053571658208966255
frame_002654.png,frame_002655.png,-0.031665511429309845,-0.02488085627555847,0.14527812600135803,-0.06148044019937515,0.030977658927440643,0.015948213636875153
frame_002655.png,frame_002656.png,-0.05733364075422287,-0.020728006958961487,0.21158677339553833,-0.05215424299240112,0.033218082040548325,0.017964936792850494
frame_002656.png,frame_002657.png,-0.08123325556516647,-0.0037212297320365906,0.24445465207099915,-0.051839470863342285,0.01561316940933466,-0.01465276163071394
frame_002657.png,frame_002658.png,-0.08065968006849289,0.007583197206258774,0.20813895761966705,-0.05739245563745499,0.0031905947253108025,-0.049693576991558075
frame_002658.png,frame_002659.png,-0.04308169335126877,0.012630652636289597,0.16222712397575378,-0.049115680158138275,0.0006319703534245491,-0.06801673769950867
frame_002659.png,frame_002660.png,0.001201130449771881,0.030823640525341034,0.1303655207157135,-0.027471959590911865,-0.003833542577922344,-0.05956833064556122
frame_002660.png,frame_002661.png,0.015240468084812164,0.04760035127401352,0.11241474747657776,-0.02499184012413025,-0.016012001782655716,-0.06134389713406563
frame_002661.png,frame_002662.png,0.0076690614223480225,0.05029095709323883,0.09182855486869812,-0.02714742347598076,-0.024965375661849976,-0.054276786744594574
frame_002662.png,frame_002663.png,0.0005910918116569519,0.04554714262485504,0.06137112155556679,-0.028751134872436523,-0.024794187396764755,-0.04351675510406494
frame_002663.png,frame_002664.png,-0.00660502165555954,0.049646683037281036,0.055884819477796555,-0.024610109627246857,-0.01877354085445404,-0.03958788141608238
frame_002664.png,frame_002665.png,-0.025336571037769318,0.04589066654443741,0.0720643401145935,-0.028393007814884186,-0.01068026665598154,-0.03358078375458717
frame_002665.png,frame_002666.png,-0.051475413143634796,0.0477324053645134,0.09395985305309296,-0.04159890487790108,-0.0029517309740185738,-0.023732438683509827
frame_002666.png,frame_002667.png,-0.06068754941225052,0.04493071138858795,0.12920808792114258,-0.06171437352895737,-0.0008790707215666771,-0.009061570279300213
frame_002667.png,frame_002668.png,-0.06969340890645981,0.035867638885974884,0.16106951236724854,-0.07673151791095734,-0.001557932235300541,0.005921089090406895
frame_002668.png,frame_002669.png,-0.07439859956502914,0.02381639927625656,0.16887053847312927,-0.08286307007074356,0.003422996960580349,0.0102221155539155
frame_002669.png,frame_002670.png,-0.07216259092092514,0.018018975853919983,0.15719351172447205,-0.08229397982358932,0.008250276558101177,0.00896607805043459
frame_002670.png,frame_002671.png,-0.06877359002828598,0.013895329087972641,0.12131032347679138,-0.06791506707668304,0.011111541651189327,0.004322727210819721
frame_002671.png,frame_002672.png,-0.06738012284040451,0.007445339113473892,0.0815608948469162,-0.05157730355858803,0.012068522162735462,0.001008697785437107
frame_002672.png,frame_002673.png,-0.0660540983080864,0.0013512223958969116,0.0447566993534565,-0.044952791184186935,0.008940723724663258,-0.0018131611868739128
frame_002673.png,frame_002674.png,-0.06931769102811813,-0.0017414018511772156,0.017865370959043503,-0.04895906150341034,0.003071471117436886,-0.0020490651950240135
frame_002674.png,frame_002675.png,-0.0746031180024147,-0.004332400858402252,0.0028794892132282257,-0.04689285159111023,0.0003757467493414879,-0.006896289996802807
frame_002675.png,frame_002676.png,-0.07040085643529892,-0.006242580711841583,-0.020038511604070663,-0.04609651863574982,0.0036990074440836906,-0.016832470893859863
frame_002676.png,frame_002677.png,-0.06280813366174698,0.0004048682749271393,-0.047396086156368256,-0.04006965458393097,0.006866036914288998,-0.024594049900770187
frame_002677.png,frame_002678.png,-0.07379356771707535,0.004379928112030029,-0.05339571088552475,-0.019136035814881325,0.00640158262103796,-0.021816875785589218
frame_002678.png,frame_002679.png,-0.10348441451787949,-0.005333412438631058,-0.02996409311890602,0.007897290401160717,0.003177841193974018,-0.0038701938465237617
frame_002679.png,frame_002680.png,-0.11941013485193253,-0.01350858248770237,-0.028745446354150772,0.02274351939558983,0.0052229901775717735,0.007330332882702351
frame_002680.png,frame_002681.png,-0.14097049832344055,-0.019486142322421074,-0.05905751511454582,0.011773672886192799,0.016971584409475327,0.02291429042816162
frame_002681.png,frame_002682.png,-0.1297978162765503,-0.016973115503787994,-0.06477092206478119,0.0024672141298651695,0.020714011043310165,0.023840729147195816
frame_002682.png,frame_002683.png,-0.1261434257030487,-0.01897660456597805,-0.06409502029418945,0.0001479918137192726,0.014895311556756496,0.019354019314050674
frame_002683.png,frame_002684.png,-0.1131993755698204,-0.0023742392659187317,-0.048596978187561035,0.0073277512565255165,0.002993057481944561,0.03700418025255203
frame_002684.png,frame_002685.png,-0.1221165731549263,0.005437791347503662,-0.056246403604745865,-0.00637430977076292,-0.002432669512927532,0.045654259622097015
frame_002685.png,frame_002686.png,-0.1591988503932953,-0.006607040762901306,-0.07986511290073395,-0.019660506397485733,0.0011165579780936241,0.036350492388010025
frame_002686.png,frame_002687.png,-0.17486682534217834,-0.007588736712932587,-0.05505083501338959,-0.02987733483314514,0.006832639686763287,0.00788076315075159
frame_002687.png,frame_002688.png,-0.19126403331756592,-0.018412739038467407,-0.046481769531965256,-0.03743555769324303,0.008472627960145473,-0.028423026204109192
frame_002688.png,frame_002689.png,-0.1916581094264984,-0.01083146221935749,-0.040697984397411346,-0.026030797511339188,0.006478876806795597,-0.04564400762319565
frame_002689.png,frame_002690.png,-0.19077402353286743,-0.008030276745557785,-0.041811686009168625,-0.03690743073821068,0.00205876212567091,-0.04127174988389015
frame_002690.png,frame_002691.png,-0.19310453534126282,-0.01407076045870781,-0.04964227229356766,-0.05474991351366043,-0.004286299459636211,-0.008215016685426235
frame_002691.png,frame_002692.png,-0.18540635704994202,-0.015771368518471718,-0.05597091093659401,-0.07185486704111099,-0.008242621086537838,0.007826845161616802
frame_002692.png,frame_002693.png,-0.16854727268218994,-0.0162229984998703,-0.04453391209244728,-0.0750286802649498,-0.013015390373766422,0.012585257180035114
frame_002693.png,frame_002694.png,-0.14362913370132446,-0.01696687564253807,-0.012222886085510254,-0.07925287634134293,-0.01805146038532257,0.015012781135737896
frame_002694.png,frame_002695.png,-0.1160765066742897,-0.0198026355355978,0.0119069404900074,-0.07735288143157959,-0.019457068294286728,0.004585971124470234
frame_002695.png,frame_002696.png,-0.09708591550588608,-0.02183566987514496,0.03200587257742882,-0.07349350303411484,-0.016349732875823975,0.004086212255060673
frame_002696.png,frame_002697.png,-0.07199584692716599,-0.024394739419221878,0.029980920255184174,-0.06496666371822357,-0.005759240128099918,0.014731417410075665
frame_002697.png,frame_002698.png,-0.06578128784894943,-0.020157719030976295,0.006176501512527466,-0.060947056859731674,0.005198759026825428,0.004966870881617069
frame_002698.png,frame_002699.png,-0.07866435497999191,-0.011302037164568901,-0.003165382891893387,-0.07322944700717926,0.01057536993175745,-0.015171553008258343
frame_002699.png,frame_002700.png,-0.08749585598707199,-0.002179957926273346,-0.004214577376842499,-0.08892329782247543,0.009895539842545986,-0.03131084144115448
frame_002700.png,frame_002701.png,-0.11365091055631638,0.006734706461429596,-0.01803586259484291,-0.08527502417564392,0.003814741037786007,-0.025016646832227707
frame_002701.png,frame_002702.png,-0.14047032594680786,0.018378451466560364,0.014395289123058319,-0.07007172703742981,-0.0012244665995240211,-0.046847984194755554
frame_002702.png,frame_002703.png,-0.16313135623931885,0.01754848286509514,0.07154703140258789,-0.06925364583730698,0.012060721404850483,-0.06198464706540108
frame_002703.png,frame_002704.png,-0.17798897624015808,0.009434357285499573,0.10663020610809326,-0.07430653274059296,0.01787300780415535,-0.050867535173892975
frame_002704.png,frame_002705.png,-0.1706767976284027,0.006778232753276825,0.11249123513698578,-0.08137217164039612,0.013106009922921658,-0.02369258925318718
frame_002705.png,frame_002706.png,-0.16328465938568115,0.008238434791564941,0.10445046424865723,-0.08541347086429596,0.0057612573727965355,-0.00048722606152296066
frame_002706.png,frame_002707.png,-0.15754222869873047,0.007768027484416962,0.08623474836349487,-0.078631192445755,-0.0027140071615576744,0.01789741963148117
frame_002707.png,frame_002708.png,-0.14313259720802307,0.012044642120599747,0.06951971352100372,-0.07322283089160919,-0.00974657479673624,0.017094168812036514
frame_002708.png,frame_002709.png,-0.12923258543014526,0.016048364341259003,0.05773564800620079,-0.06710714101791382,-0.009595301933586597,0.020773790776729584
frame_002709.png,frame_002710.png,-0.12200454622507095,0.023455478250980377,0.059309523552656174,-0.06715983152389526,-0.00945205707103014,0.024301160126924515
frame_002710.png,frame_002711.png,-0.1250004768371582,0.03100816160440445,0.06924279034137726,-0.06978848576545715,-0.012614970095455647,0.029576390981674194
frame_002711.png,frame_002712.png,-0.1365565061569214,0.033541999757289886,0.08149504661560059,-0.050410330295562744,-0.008237342350184917,0.04508086293935776
frame_002712.png,frame_002713.png,-0.14630278944969177,0.04403821378946304,0.07318022847175598,-0.02030298486351967,-0.00046867597848176956,0.05976906418800354
frame_002713.png,frame_002714.png,-0.1499529480934143,0.05011587589979172,0.06903551518917084,-0.010330270044505596,0.005411342717707157,0.06826996803283691
frame_002714.png,frame_002715.png,-0.15261292457580566,0.03883594274520874,0.0631943941116333,-0.017929330468177795,0.004670414142310619,0.09001880139112473
frame_002715.png,frame_002716.png,-0.1268906593322754,0.03709431737661362,0.04436371847987175,-0.019573930650949478,0.013021672144532204,0.09524458646774292
frame_002716.png,frame_002717.png,-0.09105921536684036,0.023591287434101105,0.03366629406809807,-0.014908616431057453,0.0325084812939167,0.09765169024467468
frame_002717.png,frame_002718.png,-0.088338203728199,0.0029265768826007843,0.0244113989174366,-0.022052213549613953,0.03322970122098923,0.08319178223609924
frame_002718.png,frame_002719.png,-0.08600597828626633,0.005129031836986542,0.011482972651720047,-0.021054986864328384,0.017716940492391586,0.0618186891078949
frame_002719.png,frame_002720.png,-0.08901342004537582,0.004346601665019989,-0.015743732452392578,-0.02526119351387024,0.005046132020652294,0.04679528996348381
frame_002720.png,frame_002721.png,-0.09936798363924026,-0.0038323141634464264,-0.035636577755212784,-0.011244588531553745,-0.005381072871387005,0.04519271105527878
frame_002721.png,frame_002722.png,-0.10116546601057053,-0.013843376189470291,-0.05968280881643295,-0.022830165922641754,-0.005241231061518192,0.06813996285200119
frame_002722.png,frame_002723.png,-0.10567568987607956,-0.02060692384839058,-0.0727849006652832,-0.03577388823032379,-0.0058753956109285355,0.09742005169391632
frame_002723.png,frame_002724.png,-0.12155167013406754,-0.03252924233675003,-0.05729244649410248,-0.03920743614435196,-0.009181990288197994,0.11078173667192459
frame_002724.png,frame_002725.png,-0.13783767819404602,-0.03363395482301712,-0.03621542081236839,-0.03818511217832565,-0.01924876496195793,0.08769054710865021
frame_002725.png,frame_002726.png,-0.16104242205619812,-0.03400414064526558,-0.006379660218954086,-0.03503939509391785,-0.013151141814887524,0.06804722547531128
frame_002726.png,frame_002727.png,-0.16101011633872986,-0.03310973942279816,-0.0016198083758354187,-0.0380084328353405,-0.004253015853464603,0.0817975252866745
frame_002727.png,frame_002728.png,-0.15533241629600525,-0.024691607803106308,0.009877603501081467,-0.049724336713552475,-0.0024577686563134193,0.06743639707565308
frame_002728.png,frame_002729.png,-0.1412440538406372,-0.014442330226302147,0.03078823909163475,-0.050378017127513885,-0.0028596604242920876,0.06973252445459366
frame_002729.png,frame_002730.png,-0.1377021074295044,-0.013580789789557457,0.04736494645476341,-0.039034850895404816,0.0009066266939043999,0.09545069932937622
frame_002730.png,frame_002731.png,-0.1428990662097931,-0.0012394040822982788,0.06219276413321495,-0.017383713275194168,0.005364752374589443,0.12587974965572357
frame_002731.png,frame_002732.png,-0.15080878138542175,0.004701599478721619,0.05170021578669548,-0.0192849263548851,0.00238035898655653,0.13947299122810364
frame_002732.png,frame_002733.png,-0.16617152094841003,0.003945238888263702,0.041186992079019547,-0.020112905651330948,0.00047533493489027023,0.0986272469162941
frame_002733.png,frame_002734.png,-0.18521812558174133,-0.007131688296794891,0.03810678794980049,-0.021642692387104034,0.002166912890970707,0.04221581667661667
frame_002734.png,frame_002735.png,-0.1710747480392456,0.0017595216631889343,0.028097964823246002,-0.02403920143842697,-0.0007257852703332901,0.01694585382938385
frame_002735.png,frame_002736.png,-0.1493302881717682,0.0207502618432045,0.015891429036855698,-0.0020108064636588097,0.006738185882568359,0.015655945986509323
frame_002736.png,frame_002737.png,-0.12995579838752747,0.024677179753780365,0.0051887184381484985,-0.013165595941245556,0.008445780724287033,0.028169479221105576
frame_002737.png,frame_002738.png,-0.0958314761519432,0.014474388211965561,-0.006119750440120697,-0.016412075608968735,0.015224785543978214,0.03775365650653839
frame_002738.png,frame_002739.png,-0.08742501586675644,-0.0032065510749816895,-0.018128065392374992,-0.028545081615447998,0.017999429255723953,0.02621845155954361
frame_002739.png,frame_002740.png,-0.06819047778844833,-0.0028839334845542908,-0.02826104313135147,-0.04988296702504158,0.01842198148369789,0.004039355553686619
frame_002740.png,frame_002741.png,-0.062175534665584564,0.003305859863758087,-0.0312068909406662,-0.054229944944381714,0.013129080645740032,0.005532153882086277
frame_002741.png,frame_002742.png,-0.07269822806119919,0.0017346367239952087,-0.014652054756879807,-0.054034460335969925,0.012426325120031834,0.0062947263941168785
frame_002742.png,frame_002743.png,-0.06593718379735947,0.007220543920993805,-0.010057061910629272,-0.06426674872636795,0.008757329545915127,0.011430752463638783
frame_002743.png,frame_002744.png,-0.019307315349578857,0.022287145256996155,-0.019337959587574005,-0.07659149914979935,0.004712964408099651,0.00880021695047617
frame_002744.png,frame_002745.png,-0.012532614171504974,0.027479983866214752,-0.031240135431289673,-0.07889431715011597,0.005637592636048794,-0.0019437959417700768
frame_002745.png,frame_002746.png,-0.003402695059776306,0.02162129431962967,-0.035428691655397415,-0.07813633978366852,0.008325048722326756,-0.009375317953526974
frame_002746.png,frame_002747.png,0.018561862409114838,0.009583137929439545,-0.008194252848625183,-0.08495298027992249,0.00809865165501833,-0.0007074354216456413
frame_002747.png,frame_002748.png,0.023140504956245422,0.01688273623585701,0.009617570787668228,-0.088808573782444,0.0006845640018582344,0.011237830854952335
frame_002748.png,frame_002749.png,0.018561989068984985,0.03544005751609802,-0.0024201124906539917,-0.07399287819862366,0.00017169397324323654,-0.0020952215418219566
frame_002749.png,frame_002750.png,0.031209543347358704,0.054250575602054596,0.024571992456912994,-0.052406229078769684,-0.0008404441177845001,-0.015540930442512035
frame_002750.png,frame_002751.png,0.05241493880748749,0.06363631039857864,0.051052507013082504,-0.020240265876054764,-0.0024079913273453712,-0.022835317999124527
frame_002751.png,frame_002752.png,0.08155912905931473,0.06663946807384491,0.0854223370552063,-0.01119240839034319,-0.010672030039131641,-0.009084421209990978
frame_002752.png,frame_002753.png,0.095328189432621,0.07327602058649063,0.12231138348579407,-0.01957862824201584,-0.012699085287749767,-0.002061261795461178
frame_002753.png,frame_002754.png,0.11691638082265854,0.08257659524679184,0.15877893567085266,-0.034075237810611725,-0.010133941657841206,-0.00036997441202402115
frame_002754.png,frame_002755.png,0.1162627637386322,0.07945545017719269,0.17969292402267456,-0.0490313395857811,-0.013221376575529575,0.025858867913484573
frame_002755.png,frame_002756.png,0.13892504572868347,0.07597167789936066,0.18602094054222107,-0.02483813464641571,-0.018646832555532455,0.055111706256866455
frame_002756.png,frame_002757.png,0.16780923306941986,0.08279816806316376,0.16075870394706726,0.0011093178763985634,-0.014484154991805553,0.08619135618209839
frame_002757.png,frame_002758.png,0.16657023131847382,0.08193116635084152,0.14672896265983582,-0.012946098111569881,0.003230573609471321,0.041185084730386734
frame_002758.png,frame_002759.png,0.0725645124912262,0.059463225305080414,0.15414361655712128,-0.02969316765666008,-0.02057185024023056,0.025307942181825638
frame_002759.png,frame_002760.png,0.05704566091299057,0.05613444745540619,0.2426144778728485,-0.03276384621858597,-0.021468333899974823,-0.02573484182357788
frame_002760.png,frame_002761.png,0.04871799051761627,0.029505953192710876,0.28527164459228516,-0.05258582532405853,-0.04207466170191765,-0.023987269029021263
frame_002761.png,frame_002762.png,0.03771905601024628,0.062453821301460266,0.25261980295181274,-0.03075334057211876,-0.022426150739192963,-0.03522052988409996
frame_002762.png,frame_002763.png,0.05040624737739563,0.05038526654243469,0.27838101983070374,-0.05754966288805008,-0.01781812682747841,0.010173563845455647
frame_002763.png,frame_002764.png,0.07236316800117493,0.07160502672195435,0.24837279319763184,-0.06754355877637863,-0.010328876785933971,-0.010587765835225582
frame_002764.png,frame_002765.png,0.07198159396648407,0.018580906093120575,0.22688642144203186,-0.047613877803087234,-0.0057112062349915504,0.052420295774936676
frame_002765.png,frame_002766.png,0.05196824669837952,-0.031411439180374146,0.13836944103240967,-0.07235665619373322,0.018003959208726883,0.11332184821367264
frame_002766.png,frame_002767.png,-0.027214333415031433,-0.021551866084337234,0.1465984731912613,-0.04511326551437378,-0.0005294056609272957,0.08234858512878418
frame_002767.png,frame_002768.png,0.00412721186876297,0.00696941465139389,0.07127608358860016,-0.05503436550498009,-0.017294127494096756,0.06082002818584442
frame_002768.png,frame_002769.png,0.0003458783030509949,0.009692259132862091,0.03204984962940216,-0.036328285932540894,-0.02012256532907486,0.06078605353832245
frame_002769.png,frame_002770.png,-0.012975923717021942,-0.003321036696434021,0.07844646275043488,-0.06038403511047363,-0.021921459585428238,0.03484543785452843
frame_002770.png,frame_002771.png,-0.0017327889800071716,0.014616310596466064,0.11977013945579529,-0.08068938553333282,-0.04572567343711853,0.08810169249773026
frame_002771.png,frame_002772.png,0.025382958352565765,0.053793877363204956,0.22448916733264923,-0.04979090392589569,-0.028558850288391113,0.03674342855811119
frame_002772.png,frame_002773.png,0.010563120245933533,0.05239564925432205,0.2573688328266144,-0.0259864442050457,-0.037711821496486664,0.019920386373996735
frame_002773.png,frame_002774.png,-0.0009291097521781921,0.040398336946964264,0.310668021440506,-0.03765931725502014,-0.02256268635392189,-0.03947675600647926
frame_002774.png,frame_002775.png,0.002367548644542694,0.05333881080150604,0.2847481071949005,-0.009123335592448711,-0.02059882879257202,0.0038966266438364983
frame_002775.png,frame_002776.png,0.06327905505895615,0.047541096806526184,0.3276655077934265,-0.04826454445719719,-0.03323949873447418,-0.05080883204936981
frame_002776.png,frame_002777.png,0.06712256371974945,0.06682024151086807,0.3456621468067169,-0.06478208303451538,-0.024073850363492966,-0.11536835879087448
frame_002777.png,frame_002778.png,0.09841005504131317,0.06340214610099792,0.3236941397190094,-0.04337139427661896,-0.010831552557647228,-0.041062451899051666
frame_002778.png,frame_002779.png,0.06824779510498047,0.05500204116106033,0.3434416651725769,-0.03475451096892357,-0.0020510153844952583,-0.015902720391750336
frame_002779.png,frame_002780.png,0.05644512176513672,0.030954234302043915,0.3742382228374481,-0.048475492745637894,0.010164874605834484,0.02054380625486374
frame_002780.png,frame_002781.png,0.061951570212841034,0.028396591544151306,0.300818532705307,-0.04587501659989357,0.01146248634904623,-0.032298240810632706
frame_002781.png,frame_002782.png,0.1078241690993309,0.029576964676380157,0.27567970752716064,-0.0416799895465374,0.006971604190766811,-0.011638096533715725
frame_002782.png,frame_002783.png,0.10524577647447586,0.02410941570997238,0.28554490208625793,-0.056148093193769455,0.004867161624133587,-0.006713666953146458
frame_002783.png,frame_002784.png,0.10879498720169067,0.022322863340377808,0.2803596556186676,-0.06781003624200821,0.0019961772486567497,0.00208184402436018
frame_002784.png,frame_002785.png,0.11629045754671097,0.0252336785197258,0.25370994210243225,-0.07408355921506882,1.0567717254161835e-05,0.03263199329376221
frame_002785.png,frame_002786.png,0.10850513726472855,0.014338083565235138,0.2362450659275055,-0.0670543909072876,0.009061100892722607,0.040665626525878906
frame_002786.png,frame_002787.png,0.13857227563858032,0.021115340292453766,0.24281656742095947,-0.05502873659133911,0.005244695581495762,0.0477079339325428
frame_002787.png,frame_002788.png,0.11233256757259369,0.019959166646003723,0.23482868075370789,-0.05881241708993912,-0.00886895414441824,0.04542586952447891
frame_002788.png,frame_002789.png,0.057131845504045486,0.02941582351922989,0.27592387795448303,-0.0804905816912651,0.0037911711260676384,0.01803997904062271
frame_002789.png,frame_002790.png,0.0727953314781189,0.02936362475156784,0.28336089849472046,-0.07302916795015335,0.006928565911948681,0.047655291855335236
frame_002790.png,frame_002791.png,0.07023491710424423,0.03436126559972763,0.3280594050884247,-0.07425304502248764,0.004576514475047588,0.04898587986826897
frame_002791.png,frame_002792.png,0.04165922477841377,0.048518940806388855,0.3442673981189728,-0.10046255588531494,-0.0003254050388932228,0.006210959516465664
frame_002792.png,frame_002793.png,0.03396487236022949,0.04307293891906738,0.33744069933891296,-0.10652393102645874,0.015224839560687542,0.016895081847906113
frame_002793.png,frame_002794.png,0.023871861398220062,0.03683122247457504,0.3085755407810211,-0.09710411727428436,0.005882640369236469,0.045497119426727295
frame_002794.png,frame_002795.png,0.016336247324943542,0.03619144856929779,0.28577643632888794,-0.08811412751674652,0.011052298359572887,0.046005964279174805
frame_002795.png,frame_002796.png,-0.027020081877708435,0.024814829230308533,0.23481741547584534,-0.08065414428710938,0.013194127939641476,0.04220673441886902
frame_002796.png,frame_002797.png,-0.04336763173341751,0.01987385004758835,0.1996871680021286,-0.08634018152952194,0.011952432803809643,0.04300205036997795
frame_002797.png,frame_002798.png,-0.04551579803228378,0.02800244837999344,0.17747074365615845,-0.10214007645845413,0.004778514616191387,0.029685713350772858
frame_002798.png,frame_002799.png,-0.057668037712574005,0.026689358055591583,0.10927689075469971,-0.07769525796175003,-0.0013245390728116035,0.0351153202354908
frame_002799.png,frame_002800.png,-0.06602779775857925,0.026842541992664337,0.07141523063182831,-0.0734955221414566,0.012225287966430187,0.012519133277237415
frame_002800.png,frame_002801.png,-0.058295346796512604,0.023874588310718536,0.05165506526827812,-0.07254579663276672,0.017258774489164352,0.004470298998057842
frame_002801.png,frame_002802.png,-0.06933923810720444,0.010855503380298615,0.03924243524670601,-0.08263587206602097,0.012140936218202114,0.012686089612543583
frame_002802.png,frame_002803.png,-0.04587226361036301,0.012484915554523468,0.039460938423871994,-0.08994273841381073,-0.0004111388698220253,0.006027587689459324
frame_002803.png,frame_002804.png,-0.007494933903217316,0.020884141325950623,0.06122516468167305,-0.0840744897723198,-0.008032885380089283,0.015408343635499477
frame_002804.png,frame_002805.png,-0.008313089609146118,0.015368752181529999,0.10466600954532623,-0.08597320318222046,-0.022872693836688995,0.05812692642211914
frame_002805.png,frame_002806.png,0.021771512925624847,0.017879240214824677,0.12563344836235046,-0.0706871896982193,-0.008295993320643902,0.04103802144527435
frame_002806.png,frame_002807.png,0.05319836363196373,0.016156427562236786,0.154337078332901,-0.11130371689796448,-0.012807040475308895,0.007527493871748447
frame_002807.png,frame_002808.png,0.09695298224687576,0.029954388737678528,0.15419435501098633,-0.11770488321781158,-0.014680874533951283,-0.003986014984548092
frame_002808.png,frame_002809.png,0.12740632891654968,0.04780140519142151,0.10200580954551697,-0.10353614389896393,-0.018872220069169998,-0.019735191017389297
frame_002809.png,frame_002810.png,0.14490747451782227,0.0615488663315773,0.06918571889400482,-0.086138516664505,-0.022152669727802277,-0.012294205836951733
frame_002810.png,frame_002811.png,0.19518178701400757,0.06910304725170135,0.0838015228509903,-0.046195514500141144,0.003333987668156624,0.0016270624473690987
frame_002811.png,frame_002812.png,0.22658053040504456,0.03655365854501724,0.05968896672129631,-0.040630750358104706,0.011022403836250305,0.04289824888110161
frame_002812.png,frame_002813.png,0.25222015380859375,0.019910838454961777,0.03673449531197548,-0.05227532237768173,0.010203254409134388,0.06550206243991852
frame_002813.png,frame_002814.png,0.2672393023967743,0.031092144548892975,0.026038650423288345,-0.05171982944011688,0.0051604146137833595,0.03850976750254631
frame_002814.png,frame_002815.png,0.25448521971702576,0.029011346399784088,0.03228155896067619,-0.054774075746536255,-0.001615995541214943,0.02811666578054428
frame_002815.png,frame_002816.png,0.21206046640872955,0.01609315350651741,0.02940620854496956,-0.06412248313426971,-0.00189985241740942,0.030225612223148346
frame_002816.png,frame_002817.png,0.19301024079322815,0.02072141319513321,0.04648249223828316,-0.0731043592095375,-0.0015723267570137978,0.02704281359910965
frame_002817.png,frame_002818.png,0.19873392581939697,0.02425619214773178,0.059092771261930466,-0.0676271989941597,0.001261817291378975,0.026311565190553665
frame_002818.png,frame_002819.png,0.22080737352371216,0.03356568515300751,0.05710012838244438,-0.06765826046466827,0.0004892395809292793,0.02553749457001686
frame_002819.png,frame_002820.png,0.2359485626220703,0.03782368451356888,0.053178805857896805,-0.06890757381916046,0.0027227019891142845,0.030213136225938797
frame_002820.png,frame_002821.png,0.24294286966323853,0.03850293904542923,0.03807724267244339,-0.06123800575733185,0.01049808319658041,0.03632771596312523
frame_002821.png,frame_002822.png,0.24454471468925476,0.032492682337760925,0.04196196421980858,-0.054349835962057114,0.0184035561978817,0.05419699847698212
frame_002822.png,frame_002823.png,0.2518737316131592,0.023205921053886414,0.05531918630003929,-0.048692408949136734,0.017716333270072937,0.07299036532640457
frame_002823.png,frame_002824.png,0.2479991614818573,0.018974624574184418,0.07678157091140747,-0.042135089635849,0.01614570990204811,0.098342664539814
frame_002824.png,frame_002825.png,0.23487430810928345,0.010930031538009644,0.08425945043563843,-0.025292113423347473,0.013667280785739422,0.11581766605377197
frame_002825.png,frame_002826.png,0.23083916306495667,0.006714977324008942,0.08470518887042999,-0.012739510275423527,0.01423571165651083,0.11947572231292725
frame_002826.png,frame_002827.png,0.21272403001785278,-0.0010277479887008667,0.08724884688854218,-0.004082510247826576,0.015269930474460125,0.12236678600311279
frame_002827.png,frame_002828.png,0.19725513458251953,-0.009050492197275162,0.06867663562297821,0.006092804484069347,0.014032690785825253,0.1212875247001648
frame_002828.png,frame_002829.png,0.17291688919067383,-0.017842885106801987,0.04673339053988457,0.007164717651903629,0.011895044706761837,0.11956396698951721
frame_002829.png,frame_002830.png,0.16483238339424133,-0.023872515186667442,0.018750037997961044,0.00951843336224556,0.010195263661444187,0.12039050459861755
frame_002830.png,frame_002831.png,0.1636964976787567,-0.027805816382169724,-0.00041936710476875305,0.0063101500272750854,0.008099284954369068,0.12375378608703613
frame_002831.png,frame_002832.png,0.15476937592029572,-0.031460512429475784,-0.007038414478302002,0.006300188601016998,0.005779680795967579,0.12839503586292267
frame_002832.png,frame_002833.png,0.13982036709785461,-0.03328026831150055,-0.011499680578708649,0.011073246598243713,0.0037395814433693886,0.13183966279029846
frame_002833.png,frame_002834.png,0.11702826619148254,-0.0360187329351902,-0.01579008251428604,0.016049914062023163,4.6770088374614716e-05,0.1381545513868332
frame_002834.png,frame_002835.png,0.08706153929233551,-0.03696354478597641,-0.021240875124931335,0.020455334335565567,-0.00378977507352829,0.14354939758777618
frame_002835.png,frame_002836.png,0.05647139251232147,-0.037709303200244904,-0.02317933924496174,0.0193171389400959,-0.007127615623176098,0.14590060710906982
frame_002836.png,frame_002837.png,0.032684266567230225,-0.03858586773276329,-0.025749120861291885,0.017533034086227417,-0.009548683650791645,0.14483173191547394
frame_002837.png,frame_002838.png,0.01546354591846466,-0.03931044042110443,-0.02809089794754982,0.01190906297415495,-0.011940046213567257,0.13925623893737793
frame_002838.png,frame_002839.png,0.017905734479427338,-0.03615386039018631,-0.03280191123485565,0.005293167196214199,-0.014205324463546276,0.1313105970621109
frame_002839.png,frame_002840.png,0.022417522966861725,-0.03395077586174011,-0.036835767328739166,0.003542046993970871,-0.013746718876063824,0.11859223246574402
frame_002840.png,frame_002841.png,0.03730930760502815,-0.029945561662316322,-0.03722386434674263,0.0021104486659169197,-0.011325103230774403,0.10765861719846725
frame_002841.png,frame_002842.png,0.04908282682299614,-0.023750945925712585,-0.03372877091169357,0.003346395678818226,-0.007456832565367222,0.09266085922718048
frame_002842.png,frame_002843.png,0.061809271574020386,-0.02124963514506817,-0.03987477719783783,0.007880879566073418,-0.0020445436239242554,0.07298235595226288
frame_002843.png,frame_002844.png,0.0878864973783493,-0.0197349414229393,-0.051612284034490585,0.01038988959044218,0.0033998889848589897,0.05403464287519455
frame_002844.png,frame_002845.png,0.0946999192237854,-0.017791040241718292,-0.049660831689834595,0.011688915081322193,0.005799556151032448,0.035177577286958694
frame_002845.png,frame_002846.png,0.07498286664485931,-0.015506697818636894,-0.04364416003227234,0.006138294003903866,0.007119392976164818,0.014626673422753811
frame_002846.png,frame_002847.png,0.037853434681892395,-0.01420724019408226,-0.04215209558606148,0.010880532674491405,0.004879510961472988,-0.0015163971111178398
frame_002847.png,frame_002848.png,-0.007027171552181244,-0.015094932168722153,-0.028731990605592728,0.016103900969028473,0.006454474292695522,-0.017647285014390945
frame_002848.png,frame_002849.png,-0.055319078266620636,-0.01245056837797165,-0.00823337584733963,0.011957439593970776,9.062793105840683e-05,-0.04781923443078995
frame_002849.png,frame_002850.png,-0.10526222735643387,-0.004367593675851822,0.02989286556839943,-0.001950160600244999,-0.008946963585913181,-0.05546143278479576
frame_002850.png,frame_002851.png,-0.1532655954360962,-0.005201756954193115,0.06425121426582336,-0.009298807010054588,-0.015448429621756077,-0.06223312392830849
frame_002851.png,frame_002852.png,-0.19008687138557434,0.001481659710407257,0.0802178829908371,-0.009215918369591236,-0.027279309928417206,-0.07746799290180206
frame_002852.png,frame_002853.png,-0.22896841168403625,0.00612867996096611,0.10763949155807495,0.002196580171585083,-0.03711136430501938,-0.08551310747861862
frame_002853.png,frame_002854.png,-0.24535033106803894,0.016972258687019348,0.1262933611869812,0.007390518672764301,-0.042134761810302734,-0.08891251683235168
frame_002854.png,frame_002855.png,-0.2558528184890747,0.012341104447841644,0.13776510953903198,0.008634516969323158,-0.04314323514699936,-0.08123674243688583
frame_002855.png,frame_002856.png,-0.2560023367404938,0.010242663323879242,0.14170581102371216,0.013530363328754902,-0.04125786945223808,-0.07439108192920685
frame_002856.png,frame_002857.png,-0.2562702000141144,0.01233694702386856,0.16104553639888763,0.012556099332869053,-0.03618881106376648,-0.06484197825193405
frame_002857.png,frame_002858.png,-0.25297191739082336,0.017379187047481537,0.18430210649967194,0.01851547881960869,-0.03082771599292755,-0.06484121829271317
frame_002858.png,frame_002859.png,-0.25514671206474304,0.02330061048269272,0.20227554440498352,0.012907306663691998,-0.021631553769111633,-0.053095392882823944
frame_002859.png,frame_002860.png,-0.24194052815437317,0.026514776051044464,0.2081412374973297,0.011052313260734081,-0.015469887293875217,-0.025427859276533127
frame_002860.png,frame_002861.png,-0.23639348149299622,0.023475073277950287,0.20245283842086792,0.0020528272725641727,-0.013036918826401234,-0.010184294544160366
frame_002861.png,frame_002862.png,-0.2509250044822693,0.01985464245080948,0.19683513045310974,0.00199718214571476,-0.010692560113966465,0.00230486411601305
frame_002862.png,frame_002863.png,-0.23447325825691223,0.01854170858860016,0.17857983708381653,0.010902644135057926,-0.004312113858759403,-0.002491532824933529
frame_002863.png,frame_002864.png,-0.21169134974479675,0.01837971806526184,0.15861766040325165,0.025654494762420654,-0.008150980807840824,-0.00447086151689291
frame_002864.png,frame_002865.png,-0.1702888309955597,0.024572283029556274,0.13674429059028625,0.03621884435415268,-0.010569856502115726,-0.002331784926354885
frame_002865.png,frame_002866.png,-0.14047470688819885,0.04028283804655075,0.13998088240623474,0.04619450122117996,-0.010387257672846317,-0.01969315856695175
frame_002866.png,frame_002867.png,-0.14030200242996216,0.037517204880714417,0.1664457619190216,0.01947641372680664,-0.0070230187848210335,0.0024508358910679817
frame_002867.png,frame_002868.png,-0.14905470609664917,0.029399536550045013,0.20535549521446228,-0.03303274139761925,-0.0011407779529690742,0.01587069407105446
frame_002868.png,frame_002869.png,-0.15276509523391724,0.020871594548225403,0.17791619896888733,-0.04116731137037277,-0.011070833541452885,0.022407565265893936
frame_002869.png,frame_002870.png,-0.16483014822006226,0.024536296725273132,0.1605302095413208,-0.01571638509631157,-0.009218909777700901,-0.03230070322751999
frame_002870.png,frame_002871.png,-0.20823010802268982,0.021039403975009918,0.19520637392997742,-0.03288166597485542,-0.008901790715754032,-0.05556054413318634
frame_002871.png,frame_002872.png,-0.20514574646949768,0.02805553376674652,0.17766311764717102,-0.035811521112918854,-0.007431716658174992,-0.042693376541137695
frame_002872.png,frame_002873.png,-0.18105387687683105,0.02285578101873398,0.14939835667610168,-0.05046757310628891,-0.0036866003647446632,-0.030865341424942017
frame_002873.png,frame_002874.png,-0.12043186277151108,0.021339327096939087,0.13925588130950928,-0.05914309248328209,0.0025608381256461143,-0.02184610441327095
frame_002874.png,frame_002875.png,-0.08421408385038376,0.015955232083797455,0.1390463411808014,-0.0634889081120491,-0.004054551012814045,0.007667136378586292
frame_002875.png,frame_002876.png,-0.058993421494960785,0.030047468841075897,0.13292816281318665,-0.06683013588190079,0.0010867705568671227,0.022180207073688507
frame_002876.png,frame_002877.png,-0.06778912991285324,0.022347591817378998,0.13076168298721313,-0.06423714011907578,0.01807643100619316,-0.010478946380317211
frame_002877.png,frame_002878.png,-0.07024841755628586,0.004897706210613251,0.1294715702533722,-0.03817347437143326,0.01703070104122162,-0.003940827213227749
frame_002878.png,frame_002879.png,-0.053079329431056976,-0.016113854944705963,0.13030976057052612,-0.01698341965675354,0.021175790578126907,-0.021326951682567596
frame_002879.png,frame_002880.png,-0.0319577157497406,-0.0059117525815963745,0.16776204109191895,-0.03652028739452362,0.028151068836450577,0.0032522892579436302
frame_002880.png,frame_002881.png,-0.0216870978474617,-0.01468459889292717,0.1519540548324585,-0.020229432731866837,0.016487516462802887,0.025861822068691254
frame_002881.png,frame_002882.png,-0.03803952783346176,-0.02076943963766098,0.16873863339424133,-0.0364348478615284,0.0071346340700984,0.008543645031750202
frame_002882.png,frame_002883.png,-0.03260239213705063,-0.03206060826778412,0.13570940494537354,-0.014115102589130402,0.008893086574971676,-0.0027947677299380302
frame_002883.png,frame_002884.png,-0.002490811049938202,-0.007088217884302139,0.1505604386329651,-6.665661931037903e-05,-0.0005484381690621376,0.04211845621466637
frame_002884.png,frame_002885.png,0.0006490945816040039,0.008881360292434692,0.1621297299861908,-0.0016350066289305687,-0.004761119373142719,0.02710787206888199
frame_002885.png,frame_002886.png,-0.015664435923099518,0.006467342376708984,0.15740981698036194,-0.0028006723150610924,-0.010418730787932873,-0.0037195850163698196
frame_002886.png,frame_002887.png,-0.03882644325494766,0.005493521690368652,0.159300297498703,-0.007055207155644894,-0.01414522621780634,-0.01850826106965542
frame_002887.png,frame_002888.png,-0.0716266855597496,0.019958898425102234,0.20197230577468872,-0.016224808990955353,-0.016028348356485367,-0.03249447047710419
frame_002888.png,frame_002889.png,-0.08230332285165787,0.036056242883205414,0.23584327101707458,-0.02346044033765793,-0.015118495561182499,-0.040727317333221436
frame_002889.png,frame_002890.png,-0.0895731970667839,0.04596799612045288,0.243283212184906,-0.025217488408088684,-0.008642812259495258,-0.0466875396668911
frame_002890.png,frame_002891.png,-0.09921722859144211,0.05920494347810745,0.24687287211418152,-0.0376993790268898,-0.0032196613028645515,-0.04103467985987663
frame_002891.png,frame_002892.png,-0.07824137061834335,0.056531958281993866,0.23070819675922394,-0.04621480777859688,-0.0023698220029473305,-0.018530771136283875
frame_002892.png,frame_002893.png,-0.06124197691679001,0.042275212705135345,0.19756999611854553,-0.04147310554981232,-0.00623615738004446,0.022369980812072754
frame_002893.png,frame_002894.png,-0.06888221949338913,0.02606794983148575,0.2152213454246521,-0.043928585946559906,-0.008003280498087406,0.02724326401948929
frame_002894.png,frame_002895.png,-0.07423193007707596,0.019166067242622375,0.24519115686416626,-0.04032208025455475,-0.006399300880730152,0.018351975828409195
frame_002895.png,frame_002896.png,-0.08513916283845901,0.026577122509479523,0.2768349349498749,-0.03752461075782776,-0.008197666145861149,0.015755515545606613
frame_002896.png,frame_002897.png,-0.10146009176969528,0.026919029653072357,0.2997839152812958,-0.023566745221614838,0.0017489409074187279,0.015313160605728626
frame_002897.png,frame_002898.png,-0.10307329148054123,0.03407599776983261,0.29887455701828003,-0.019220031797885895,0.004363699816167355,0.012816895730793476
frame_002898.png,frame_002899.png,-0.10448748618364334,0.0351337268948555,0.29930439591407776,-0.012677728198468685,0.004855330102145672,0.00940325204282999
frame_002899.png,frame_002900.png,-0.09584753960371017,0.03650214523077011,0.30276617407798767,-0.021879397332668304,0.007175917737185955,-0.002592962235212326
frame_002900.png,frame_002901.png,-0.10103534907102585,0.04079246520996094,0.298850417137146,-0.03458370640873909,0.006640302948653698,-0.011219221167266369
frame_002901.png,frame_002902.png,-0.08746647089719772,0.035280272364616394,0.31718409061431885,-0.04306124523282051,0.011852703057229519,-0.009139401838183403
frame_002902.png,frame_002903.png,-0.09174128621816635,0.01962153986096382,0.30665361881256104,-0.04738742485642433,0.007922659628093243,0.009266157634556293
frame_002903.png,frame_002904.png,-0.11772157996892929,0.002320706844329834,0.2796834409236908,-0.043001867830753326,3.897305577993393e-05,0.021998118609189987
frame_002904.png,frame_002905.png,-0.1598319709300995,-0.007307704538106918,0.27629342675209045,-0.03448837995529175,-0.008621484972536564,0.022385478019714355
frame_002905.png,frame_002906.png,-0.20511049032211304,-0.006878010928630829,0.26108071208000183,-0.025928262621164322,-0.01619294285774231,0.021094132214784622
frame_002906.png,frame_002907.png,-0.22763627767562866,0.0012439712882041931,0.24581104516983032,-0.033939216285943985,-0.02488771080970764,0.03310120105743408
frame_002907.png,frame_002908.png,-0.19932228326797485,0.019504785537719727,0.24652859568595886,-0.04206336289644241,-0.01781650260090828,0.03888007253408432
frame_002908.png,frame_002909.png,-0.16456374526023865,0.03952488303184509,0.2744216024875641,-0.04819275438785553,-0.0035164738073945045,0.024576667696237564
frame_002909.png,frame_002910.png,-0.14587360620498657,0.0434841588139534,0.280379056930542,-0.04675887152552605,-0.0014414908364415169,-0.018793053925037384
frame_002910.png,frame_002911.png,-0.0994453951716423,0.029716797173023224,0.2580043375492096,-0.03663837909698486,-0.004232856445014477,-0.015642698854207993
frame_002911.png,frame_002912.png,-0.11367233842611313,0.01596708595752716,0.23839202523231506,0.0017656348645687103,-0.004364904947578907,-0.019066762179136276
frame_002912.png,frame_002913.png,-0.11909688264131546,0.01895112544298172,0.19781720638275146,0.02648887410759926,-0.005927775986492634,0.007752955891191959
frame_002913.png,frame_002914.png,-0.12134834378957748,0.01825501024723053,0.20712849497795105,0.04734595865011215,0.006948339752852917,0.04192071408033371
frame_002914.png,frame_002915.png,-0.09086554497480392,0.03969234973192215,0.20335593819618225,0.0296383835375309,0.010760660283267498,0.051799118518829346
frame_002915.png,frame_002916.png,-0.0849173441529274,0.03913260996341705,0.20455479621887207,0.019698835909366608,0.00506275799125433,0.026833392679691315
frame_002916.png,frame_002917.png,-0.06596114486455917,0.032908856868743896,0.23262456059455872,0.002881786786019802,0.0023015672340989113,0.0355578251183033
frame_002917.png,frame_002918.png,-0.0450429692864418,0.02912946790456772,0.27494940161705017,-0.020848412066698074,-0.005694177933037281,0.012915254570543766
frame_002918.png,frame_002919.png,-0.03998967260122299,0.03654634207487106,0.2722603380680084,-0.02864009141921997,-0.01190024521201849,-0.03385988622903824
frame_002919.png,frame_002920.png,-0.03800974041223526,0.030304305255413055,0.25900158286094666,-0.04828261584043503,0.0037692422047257423,-0.01992885023355484
frame_002920.png,frame_002921.png,-0.013648644089698792,0.012159865349531174,0.21738946437835693,-0.055497992783784866,0.010463857091963291,0.006214533932507038
frame_002921.png,frame_002922.png,-0.032192833721637726,-0.0018728524446487427,0.20773261785507202,-0.05964605510234833,0.007782380096614361,-0.004794388078153133
frame_002922.png,frame_002923.png,-0.03606920689344406,-0.0023757442831993103,0.23918527364730835,-0.07672920823097229,0.0066612353548407555,0.0009082118049263954
frame_002923.png,frame_002924.png,-0.025540590286254883,-0.00529884546995163,0.23594757914543152,-0.0724891945719719,0.005831762216985226,0.005626068450510502
frame_002924.png,frame_002925.png,-0.016208358108997345,0.003063380718231201,0.231777161359787,-0.06639150530099869,0.0013602031394839287,-0.0026429621502757072
frame_002925.png,frame_002926.png,-0.011694781482219696,0.002963382750749588,0.24826422333717346,-0.06714187562465668,0.0017174025997519493,-0.008347599767148495
frame_002926.png,frame_002927.png,-0.013313956558704376,0.009664997458457947,0.25135675072669983,-0.06572388857603073,-0.0015160934999585152,-0.013605284504592419
frame_002927.png,frame_002928.png,-0.02573402225971222,0.016539670526981354,0.2731265723705292,-0.05306302011013031,-0.0035874033346772194,0.011680354364216328
frame_002928.png,frame_002929.png,-0.032799266278743744,0.02456110715866089,0.3013913333415985,-0.04545709490776062,-0.014119547791779041,0.038305312395095825
frame_002929.png,frame_002930.png,-0.04481454938650131,0.025817088782787323,0.3151497542858124,-0.0504564605653286,-0.02087944746017456,0.05245092883706093
frame_002930.png,frame_002931.png,-0.05053495615720749,0.025027841329574585,0.3242976665496826,-0.057205379009246826,-0.021429669111967087,0.06326451897621155
frame_002931.png,frame_002932.png,-0.06487628072500229,0.01463182270526886,0.32111144065856934,-0.06031356006860733,-0.01977548375725746,0.04917524755001068
frame_002932.png,frame_002933.png,-0.08199795335531235,-0.0010149255394935608,0.29696860909461975,-0.05552776902914047,-0.01734950765967369,0.03250103443861008
frame_002933.png,frame_002934.png,-0.09614843875169754,-0.012517914175987244,0.26560285687446594,-0.04731075465679169,-0.014712599106132984,0.01816900074481964
frame_002934.png,frame_002935.png,-0.09692036360502243,-0.019743775948882103,0.2391456961631775,-0.03796696662902832,-0.012216336093842983,0.007770356722176075
frame_002935.png,frame_002936.png,-0.09149492532014847,-0.025794094428420067,0.2205158770084381,-0.0360901914536953,-0.011510723270475864,0.0011682072654366493
frame_002936.png,frame_002937.png,-0.08844979852437973,-0.027074670419096947,0.2092456817626953,-0.034419506788253784,-0.011683384887874126,-0.004599644802510738
frame_002937.png,frame_002938.png,-0.09069230407476425,-0.027684541419148445,0.20101121068000793,-0.037059810012578964,-0.012118608690798283,-0.011927391402423382
frame_002938.png,frame_002939.png,-0.10189645737409592,-0.028248177841305733,0.190440833568573,-0.04409649595618248,-0.011110733263194561,-0.012639681808650494
frame_002939.png,frame_002940.png,-0.11440782994031906,-0.027389515191316605,0.1815527230501175,-0.05014018714427948,-0.009532437659800053,-0.012684154324233532
frame_002940.png,frame_002941.png,-0.11927377432584763,-0.03145993500947952,0.17281672358512878,-0.04507274925708771,-0.009755502454936504,-0.005359097383916378
frame_002941.png,frame_002942.png,-0.11787652224302292,-0.029875323176383972,0.15609002113342285,-0.03110266476869583,-0.011041569523513317,0.010947355069220066
frame_002942.png,frame_002943.png,-0.13941031694412231,-0.02661355957388878,0.14922069013118744,-0.029137451201677322,-0.007115536369383335,0.03175143152475357
frame_002943.png,frame_002944.png,-0.17494910955429077,-0.02751334384083748,0.1363062709569931,-0.036188721656799316,-0.01670212298631668,0.04627737030386925
frame_002944.png,frame_002945.png,-0.19830679893493652,-0.006993062794208527,0.12782341241836548,-0.05533238500356674,-0.02840491384267807,0.03746197745203972
frame_002945.png,frame_002946.png,-0.2231144905090332,0.012422129511833191,0.1328117549419403,-0.06177252158522606,-0.03311386704444885,0.013890915550291538
frame_002946.png,frame_002947.png,-0.21815580129623413,0.030967332422733307,0.12338672578334808,-0.05857891961932182,-0.034510888159275055,-0.021320581436157227
frame_002947.png,frame_002948.png,-0.15784931182861328,0.034924209117889404,0.10160017013549805,-0.040247924625873566,-0.030770890414714813,-0.023803822696208954
frame_002948.png,frame_002949.png,-0.1398390531539917,0.01563826948404312,0.0902506560087204,-0.024447448551654816,-0.013292619027197361,-0.006479973904788494
frame_002949.png,frame_002950.png,-0.1903894543647766,0.011704821139574051,0.0960719883441925,-0.04099873825907707,-0.009805777110159397,-0.002697027288377285
frame_002950.png,frame_002951.png,-0.2091442346572876,0.020596906542778015,0.13876008987426758,-0.06122008338570595,-0.01770961657166481,0.010251657105982304
frame_002951.png,frame_002952.png,-0.1950153112411499,0.03509937971830368,0.17538298666477203,-0.08438776433467865,-0.02167682722210884,0.04641500115394592
frame_002952.png,frame_002953.png,-0.16666701436042786,0.05010557919740677,0.17950181663036346,-0.09085418283939362,-0.018893588334321976,0.06262881308794022
frame_002953.png,frame_002954.png,-0.1721544861793518,0.06963685154914856,0.19850800931453705,-0.09755750000476837,-0.020542163401842117,0.0760636031627655
frame_002954.png,frame_002955.png,-0.15923157334327698,0.06878195703029633,0.20566818118095398,-0.11345197260379791,-0.017242133617401123,0.07096477597951889
frame_002955.png,frame_002956.png,-0.13731834292411804,0.052841074764728546,0.22058451175689697,-0.10772614181041718,-0.0083489203825593,0.07051414996385574
frame_002956.png,frame_002957.png,-0.14080524444580078,0.04299445450305939,0.23401334881782532,-0.05872887372970581,-0.00878471415489912,0.022286128252744675
frame_002957.png,frame_002958.png,-0.12311407178640366,0.05184077471494675,0.22370095551013947,-0.03376159444451332,-0.01682739332318306,0.03352203592658043
frame_002958.png,frame_002959.png,-0.14046823978424072,0.042694710195064545,0.23621425032615662,-0.019641760736703873,-0.011348639614880085,0.02654704451560974
frame_002959.png,frame_002960.png,-0.15967664122581482,0.021609820425510406,0.2303592562675476,0.021286386996507645,0.005794080905616283,0.038129594177007675
frame_002960.png,frame_002961.png,-0.16582652926445007,0.021081410348415375,0.2099509835243225,0.05446166545152664,0.004476952366530895,0.07504507899284363
frame_002961.png,frame_002962.png,-0.175130695104599,0.01543942466378212,0.18394255638122559,0.04848384112119675,-0.0018892260268330574,0.09281806647777557
frame_002962.png,frame_002963.png,-0.15555119514465332,0.025398768484592438,0.16600023210048676,0.040095116943120956,-0.0043863290920853615,0.11165443062782288
frame_002963.png,frame_002964.png,-0.17433777451515198,0.019635111093521118,0.1595400869846344,0.018351148813962936,-0.0028911875560879707,0.12366601824760437
frame_002964.png,frame_002965.png,-0.19381234049797058,0.006654560565948486,0.11957192420959473,0.02344007045030594,0.003860454075038433,0.11479127407073975
frame_002965.png,frame_002966.png,-0.2157553732395172,0.012711182236671448,0.11432084441184998,0.04067140445113182,0.004409930668771267,0.07091400027275085
frame_002966.png,frame_002967.png,-0.21971064805984497,0.015693530440330505,0.1270509958267212,0.0511544868350029,-0.00914305541664362,0.0264662504196167
frame_002967.png,frame_002968.png,-0.21333131194114685,0.018706314265727997,0.1490955650806427,0.043163541704416275,-0.01568993180990219,-0.008852853439748287
frame_002968.png,frame_002969.png,-0.20925095677375793,0.02445068210363388,0.18712618947029114,0.025842592120170593,-0.013669678010046482,-0.03791039437055588
frame_002969.png,frame_002970.png,-0.19011104106903076,0.029274888336658478,0.22196099162101746,0.008256268687546253,-0.011765320785343647,-0.04379497841000557
frame_002970.png,frame_002971.png,-0.16980072855949402,0.030666999518871307,0.27513018250465393,-0.020282771438360214,-0.003085901029407978,-0.03471182659268379
frame_002971.png,frame_002972.png,-0.16010120511054993,0.02763962745666504,0.33311548829078674,-0.03342867270112038,-0.00420940387994051,-0.045047130435705185
frame_002972.png,frame_002973.png,-0.15641075372695923,0.027886249125003815,0.3631778657436371,-0.04275481402873993,-0.00689172837883234,-0.05674606189131737
frame_002973.png,frame_002974.png,-0.15192070603370667,0.026042968034744263,0.38599541783332825,-0.05255597457289696,-0.006345727480947971,-0.06619532406330109
frame_002974.png,frame_002975.png,-0.14665234088897705,0.028982289135456085,0.3938543498516083,-0.053794391453266144,-0.005775981582701206,-0.06937743723392487
frame_002975.png,frame_002976.png,-0.13767096400260925,0.033871665596961975,0.40171054005622864,-0.053541600704193115,-0.006257642991840839,-0.06745775043964386
frame_002976.png,frame_002977.png,-0.12496749311685562,0.0399538055062294,0.40779417753219604,-0.05147568881511688,-0.00605079997330904,-0.06397172063589096
frame_002977.png,frame_002978.png,-0.11411746591329575,0.043750159442424774,0.4119310677051544,-0.04853314906358719,-0.0058351727202534676,-0.06165606528520584
frame_002978.png,frame_002979.png,-0.10497977584600449,0.04444458335638046,0.4156438410282135,-0.044346053153276443,-0.0038757333531975746,-0.059579163789749146
frame_002979.png,frame_002980.png,-0.10005808621644974,0.04428992420434952,0.41591089963912964,-0.04177226126194,-0.003936835564672947,-0.0587674081325531
frame_002980.png,frame_002981.png,-0.09490107744932175,0.04844745993614197,0.41400328278541565,-0.042862772941589355,-0.006018179468810558,-0.06373701244592667
frame_002981.png,frame_002982.png,-0.08189292997121811,0.05024450272321701,0.4086211621761322,-0.04140745848417282,-0.004731795750558376,-0.06784310191869736
frame_002982.png,frame_002983.png,-0.055217064917087555,0.041678622364997864,0.3936110734939575,-0.030377529561519623,-0.0006771078333258629,-0.060796815901994705
frame_002983.png,frame_002984.png,-0.03874414414167404,0.03190024942159653,0.37618300318717957,-0.01555867400020361,-0.0005514388903975487,-0.04418759047985077
frame_002984.png,frame_002985.png,-0.04597938805818558,0.02900858223438263,0.3576807975769043,-0.011022926308214664,-0.0029616234824061394,-0.02419952303171158
frame_002985.png,frame_002986.png,-0.052380986511707306,0.02966941148042679,0.3411790430545807,-0.01323575060814619,-0.004065775312483311,-0.011572890914976597
frame_002986.png,frame_002987.png,-0.05901039391756058,0.030078135430812836,0.3117785155773163,-0.012815321795642376,-0.0019966131076216698,-0.017638958990573883
frame_002987.png,frame_002988.png,-0.07473436743021011,0.02536957710981369,0.2895641326904297,-0.001837235875427723,-0.003261658363044262,-0.020910702645778656
frame_002988.png,frame_002989.png,-0.10313873738050461,0.008719228208065033,0.2738589346408844,0.013332189060747623,-0.0064380476251244545,-0.007904517464339733
frame_002989.png,frame_002990.png,-0.1330147385597229,-0.0029597319662570953,0.24015015363693237,0.018417607992887497,-0.007410560734570026,0.025158341974020004
frame_002990.png,frame_002991.png,-0.14672568440437317,-0.00877533107995987,0.211454838514328,0.01613733172416687,-0.009791933931410313,0.04891244322061539
frame_002991.png,frame_002992.png,-0.15010812878608704,-0.016722386702895164,0.18937194347381592,0.008539839647710323,-0.010761153884232044,0.057586267590522766
frame_002992.png,frame_002993.png,-0.13825500011444092,-0.016964949667453766,0.16435211896896362,0.022206395864486694,-0.0026376182213425636,0.05436962842941284
frame_002993.png,frame_002994.png,-0.117103211581707,-0.009129773825407028,0.16933856904506683,0.023378141224384308,0.0010313233360648155,0.05462375283241272
frame_002994.png,frame_002995.png,-0.09777440875768661,-0.0002153441309928894,0.19690018892288208,0.008813795633614063,0.004528897814452648,0.05295957624912262
frame_002995.png,frame_002996.png,-0.0805492177605629,0.00751524418592453,0.212784543633461,-0.0049430495128035545,0.005025248043239117,0.05878813564777374
frame_002996.png,frame_002997.png,-0.08448784798383713,0.008286938071250916,0.21780920028686523,-0.03151233494281769,0.0009918874129652977,0.06952579319477081
frame_002997.png,frame_002998.png,-0.09548167139291763,0.011821717023849487,0.22216251492500305,-0.041621264070272446,0.00428397860378027,0.07382585853338242
frame_002998.png,frame_002999.png,-0.08594562858343124,0.008725125342607498,0.2016756236553192,-0.05198501795530319,0.008629187010228634,0.058545708656311035
frame_002999.png,frame_003000.png,-0.018058910965919495,0.01424601674079895,0.16693592071533203,-0.04761805385351181,0.008740792982280254,0.05270707979798317
frame_003000.png,frame_003001.png,0.007770851254463196,0.027304552495479584,0.1554349958896637,-0.043780624866485596,0.009002218954265118,0.0669620931148529
frame_003001.png,frame_003002.png,0.024439893662929535,0.032370008528232574,0.16346746683120728,-0.036836519837379456,0.006810459308326244,0.0645177960395813
frame_003002.png,frame_003003.png,0.0001471787691116333,0.021131716668605804,0.19858123362064362,-0.0423983559012413,0.0031989896669983864,0.10249065607786179
frame_003003.png,frame_003004.png,-0.03441185504198074,0.028743073344230652,0.20762847363948822,-0.024891894310712814,-0.0009380215778946877,0.07824446260929108
frame_003004.png,frame_003005.png,-0.06123010069131851,0.025926582515239716,0.23135972023010254,-0.016900766640901566,-0.00400970596820116,0.0646001473069191
frame_003005.png,frame_003006.png,-0.08064845949411392,0.010667122900485992,0.24567654728889465,-0.03369062393903732,-0.008273179642856121,0.051576316356658936
frame_003006.png,frame_003007.png,-0.08281999081373215,0.007605813443660736,0.24174296855926514,-0.04059521481394768,-0.006436237134039402,0.033375658094882965
frame_003007.png,frame_003008.png,-0.09093693643808365,0.010684691369533539,0.24748462438583374,-0.034041471779346466,-0.004404452629387379,0.014344618655741215
frame_003008.png,frame_003009.png,-0.14685332775115967,0.011281434446573257,0.25959512591362,-0.02019840106368065,-0.012641833163797855,0.00032416824251413345
frame_003009.png,frame_003010.png,-0.20383968949317932,0.012462444603443146,0.27169886231422424,-0.01067725196480751,-0.009293452836573124,-0.008164032362401485
frame_003010.png,frame_003011.png,-0.2309103012084961,0.00913633406162262,0.2728898525238037,-0.004850952886044979,-0.006376274861395359,-0.022041670978069305
frame_003011.png,frame_003012.png,-0.2216724455356598,0.004694025963544846,0.2558794915676117,-0.024104516953229904,-0.000384756363928318,-0.014990649186074734
frame_003012.png,frame_003013.png,-0.1692359745502472,0.0001406259834766388,0.23412510752677917,-0.03210468590259552,-0.002073311246931553,0.012613528408110142
frame_003013.png,frame_003014.png,-0.0976334735751152,0.011966045945882797,0.20985451340675354,-0.031099442392587662,-0.008035215549170971,0.02676974982023239
frame_003014.png,frame_003015.png,-0.0833355113863945,0.01529628038406372,0.17435596883296967,-0.01810961216688156,-0.007151656784117222,0.024744734168052673
frame_003015.png,frame_003016.png,-0.1104741320014,0.00824890285730362,0.16622322797775269,-0.012527679093182087,0.00022263545542955399,0.015684206038713455
frame_003016.png,frame_003017.png,-0.15112519264221191,0.009159490466117859,0.18868064880371094,-0.005603400059044361,-0.001024746336042881,0.012024027295410633
frame_003017.png,frame_003018.png,-0.17362678050994873,0.010269887745380402,0.20232124626636505,0.0024486472830176353,-0.00918432418256998,0.009377066977322102
frame_003018.png,frame_003019.png,-0.18391862511634827,0.010171964764595032,0.20861145853996277,0.00491792056709528,-0.01955239474773407,0.009066806174814701
frame_003019.png,frame_003020.png,-0.19903090596199036,-0.001275423914194107,0.2047562152147293,-0.011971547268331051,-0.0243043415248394,0.016253158450126648
frame_003020.png,frame_003021.png,-0.2021489143371582,-0.012513881549239159,0.19838103652000427,-0.028886929154396057,-0.024225279688835144,0.022340208292007446
frame_003021.png,frame_003022.png,-0.19982776045799255,-0.020693358033895493,0.19420109689235687,-0.04755823314189911,-0.019549988210201263,0.02361907809972763
frame_003022.png,frame_003023.png,-0.20028170943260193,-0.026274552568793297,0.1859142929315567,-0.05683493614196777,-0.014769832603633404,0.027926191687583923
frame_003023.png,frame_003024.png,-0.2008379101753235,-0.026691323146224022,0.19175903499126434,-0.060531020164489746,-0.0095378952100873,0.03247920423746109
frame_003024.png,frame_003025.png,-0.2033502459526062,-0.029158223420381546,0.1992853879928589,-0.053698502480983734,-0.00848435889929533,0.043630532920360565
frame_003025.png,frame_003026.png,-0.21969440579414368,-0.029354315251111984,0.20349177718162537,-0.04134616628289223,-0.01067208033055067,0.0605836883187294
frame_003026.png,frame_003027.png,-0.227023184299469,-0.023107286542654037,0.19876238703727722,-0.03378269821405411,-0.01666863262653351,0.070403091609478
frame_003027.png,frame_003028.png,-0.2266061007976532,-0.01826534792780876,0.17862781882286072,-0.03259691223502159,-0.02077041193842888,0.07133105397224426
frame_003028.png,frame_003029.png,-0.22752687335014343,-0.01907247118651867,0.1571357250213623,-0.03429575264453888,-0.029600851237773895,0.06665194034576416
frame_003029.png,frame_003030.png,-0.23899531364440918,-0.02275250293314457,0.14283493161201477,-0.03586382791399956,-0.036920297890901566,0.06104687601327896
frame_003030.png,frame_003031.png,-0.24860736727714539,-0.02377636916935444,0.12837940454483032,-0.0357792042195797,-0.04002096503973007,0.046563223004341125
frame_003031.png,frame_003032.png,-0.2447952926158905,-0.020457731559872627,0.1096067726612091,-0.031007863581180573,-0.0385594442486763,0.02991728112101555
frame_003032.png,frame_003033.png,-0.2274903953075409,-0.01465100608766079,0.0984804779291153,-0.02675299346446991,-0.03153147175908089,0.022905852645635605
frame_003033.png,frame_003034.png,-0.207534521818161,-0.013440422713756561,0.09658244252204895,-0.022501200437545776,-0.021172858774662018,0.019310105592012405
frame_003034.png,frame_003035.png,-0.2021428644657135,-0.016685258597135544,0.10530659556388855,-0.018933113664388657,-0.009999929927289486,0.024748563766479492
frame_003035.png,frame_003036.png,-0.20978710055351257,-0.017223402857780457,0.11052185297012329,-0.018275946378707886,-0.00812127348035574,0.02198179066181183
frame_003036.png,frame_003037.png,-0.21860453486442566,-0.006725061684846878,0.13013988733291626,-0.01926298439502716,-0.013304081745445728,0.020149577409029007
frame_003037.png,frame_003038.png,-0.22874179482460022,0.0015383847057819366,0.14364317059516907,-0.02572522684931755,-0.015858318656682968,0.02185780555009842
frame_003038.png,frame_003039.png,-0.24146175384521484,0.007433854043483734,0.1527310609817505,-0.03407737612724304,-0.015182333998382092,0.024167321622371674
frame_003039.png,frame_003040.png,-0.2562454640865326,0.012420658022165298,0.1769123673439026,-0.044082432985305786,-0.014859751798212528,0.021307606250047684
frame_003040.png,frame_003041.png,-0.27096956968307495,0.017615795135498047,0.18872496485710144,-0.050947971642017365,-0.014457718469202518,0.024416577070951462
frame_003041.png,frame_003042.png,-0.27998632192611694,0.02084203064441681,0.19345611333847046,-0.053303707391023636,-0.014526904560625553,0.023430071771144867
frame_003042.png,frame_003043.png,-0.27881723642349243,0.023518070578575134,0.1887887418270111,-0.05828827619552612,-0.015719011425971985,0.021433744579553604
frame_003043.png,frame_003044.png,-0.2681189477443695,0.02545992285013199,0.16945290565490723,-0.05520445108413696,-0.018512070178985596,0.025729980319738388
frame_003044.png,frame_003045.png,-0.25532177090644836,0.023866400122642517,0.14048172533512115,-0.04875555634498596,-0.020429499447345734,0.031071338802576065
frame_003045.png,frame_003046.png,-0.24291911721229553,0.019631117582321167,0.11158862709999084,-0.040917523205280304,-0.02609413117170334,0.038530826568603516
frame_003046.png,frame_003047.png,-0.22903597354888916,0.015380308032035828,0.08844321966171265,-0.035315148532390594,-0.02845851331949234,0.05033717304468155
frame_003047.png,frame_003048.png,-0.21543541550636292,0.014098688960075378,0.07591210305690765,-0.037879083305597305,-0.024991430342197418,0.050761811435222626
frame_003048.png,frame_003049.png,-0.20290425419807434,0.017028935253620148,0.07814037799835205,-0.05296821519732475,-0.01826460286974907,0.053548723459243774
frame_003049.png,frame_003050.png,-0.20647302269935608,0.025249160826206207,0.09508614242076874,-0.0691581517457962,-0.012646467424929142,0.06191428005695343
frame_003050.png,frame_003051.png,-0.20898142457008362,0.03412923961877823,0.1271815299987793,-0.0961456149816513,-0.010669180192053318,0.06420068442821503
frame_003051.png,frame_003052.png,-0.20063284039497375,0.037268951535224915,0.13363176584243774,-0.10224802792072296,-0.005619407631456852,0.06324870884418488
frame_003052.png,frame_003053.png,-0.19360479712486267,0.03170820325613022,0.11500802636146545,-0.0784309133887291,-0.003833436407148838,0.05366257578134537
frame_003053.png,frame_003054.png,-0.17723813652992249,0.024137936532497406,0.08468541502952576,-0.057990286499261856,-0.004738279618322849,0.06360073387622833
frame_003054.png,frame_003055.png,-0.15657463669776917,0.022164322435855865,0.06359869241714478,-0.04960845410823822,-0.0029483893886208534,0.06901206076145172
frame_003055.png,frame_003056.png,-0.13178208470344543,0.020625576376914978,0.045428480952978134,-0.04570474475622177,-0.0005620429292321205,0.07541412860155106
frame_003056.png,frame_003057.png,-0.11645566672086716,0.01964442804455757,0.034106139093637466,-0.046024687588214874,0.001096024177968502,0.08008675277233124
frame_003057.png,frame_003058.png,-0.11858224123716354,0.016039080917835236,0.039380934089422226,-0.05259076505899429,0.002206268720328808,0.07450385391712189
frame_003058.png,frame_003059.png,-0.12382709234952927,0.01578511670231819,0.05838480219244957,-0.06024295464158058,-3.9682723581790924e-05,0.06539115309715271
frame_003059.png,frame_003060.png,-0.12879449129104614,0.0170394666492939,0.07657544314861298,-0.06440185755491257,-0.0028692791238427162,0.05440559983253479
frame_003060.png,frame_003061.png,-0.1276419758796692,0.01574430987238884,0.08267846703529358,-0.06727760285139084,-0.005589638836681843,0.04615962505340576
frame_003061.png,frame_003062.png,-0.12673276662826538,0.014517590403556824,0.08271047472953796,-0.0676204264163971,-0.006232169456779957,0.04142393544316292
frame_003062.png,frame_003063.png,-0.12668851017951965,0.014022976160049438,0.08500601351261139,-0.06614059954881668,-0.006556046195328236,0.04169651120901108
frame_003063.png,frame_003064.png,-0.12611660361289978,0.014795467257499695,0.08651727437973022,-0.06455743312835693,-0.005900428630411625,0.04255196079611778
frame_003064.png,frame_003065.png,-0.1217247024178505,0.01649324595928192,0.08676508069038391,-0.06283751130104065,-0.004250680096447468,0.04339861869812012
frame_003065.png,frame_003066.png,-0.1154322400689125,0.021757714450359344,0.09987574815750122,-0.06733614951372147,-0.0025235870853066444,0.04364647716283798
frame_003066.png,frame_003067.png,-0.08268273621797562,0.02812141180038452,0.1137675940990448,-0.08091096580028534,-0.004992366768419743,0.0575391948223114
frame_003067.png,frame_003068.png,-0.06110059469938278,0.03559976816177368,0.1257781684398651,-0.0880240648984909,-0.006669496186077595,0.06376580893993378
frame_003068.png,frame_003069.png,-0.04570373147726059,0.04438786953687668,0.16024407744407654,-0.10915934294462204,-0.017825208604335785,0.08695890009403229
frame_003069.png,frame_003070.png,-0.0204613134264946,0.057335712015628815,0.12440815567970276,-0.08282571285963058,-0.02231721207499504,0.08874030411243439
frame_003070.png,frame_003071.png,0.052898574620485306,0.04724341630935669,0.11213219165802002,-0.07082299888134003,-0.01126727182418108,0.045131176710128784
frame_003071.png,frame_003072.png,0.019380010664463043,0.036025889217853546,0.1400812864303589,-0.07892222702503204,-0.02574745938181877,0.022953227162361145
frame_003072.png,frame_003073.png,-0.00940711796283722,0.04287715256214142,0.1946692168712616,-0.08215966075658798,0.004250458441674709,-0.014349865727126598
frame_003073.png,frame_003074.png,0.005375973880290985,0.024286530911922455,0.16047288477420807,-0.0748913437128067,-0.007650171406567097,0.029559671878814697
frame_003074.png,frame_003075.png,-0.010626137256622314,0.03844243288040161,0.14548511803150177,-0.03304952010512352,-0.009005480445921421,0.10049565136432648
frame_003075.png,frame_003076.png,0.04323352873325348,0.025748640298843384,0.08782598376274109,-0.04074555262923241,-0.004716974683105946,0.08847478777170181
frame_003076.png,frame_003077.png,0.06954799592494965,-0.0007080808281898499,0.11601826548576355,-0.06414851546287537,-0.004403728060424328,0.05505068600177765
frame_003077.png,frame_003078.png,0.02128790318965912,-0.0075095295906066895,0.093833327293396,-0.023260928690433502,-0.0049460409209132195,0.05484844744205475
frame_003078.png,frame_003079.png,-0.09239112585783005,-0.020795606076717377,0.13696540892124176,-0.01921745017170906,-0.006808389909565449,0.017437376081943512
frame_003079.png,frame_003080.png,-0.09342559427022934,-0.019698837772011757,0.1159556657075882,-0.00046632904559373856,-0.023262180387973785,-0.01896873116493225
frame_003080.png,frame_003081.png,-0.08018236607313156,0.003780648112297058,0.10050557553768158,-0.02429027110338211,-0.029255539178848267,-0.004789731465280056
frame_003081.png,frame_003082.png,-0.03116268664598465,0.02502497285604477,0.10242733359336853,-0.026409033685922623,-0.006013915874063969,0.006287005729973316
frame_003082.png,frame_003083.png,-0.09770094603300095,0.06427541375160217,0.16712599992752075,-0.050941336899995804,0.0014674058184027672,-0.03675394877791405
frame_003083.png,frame_003084.png,-0.12416895478963852,0.056159861385822296,0.20009395480155945,-0.05874556303024292,0.0064939772710204124,-0.03426003083586693
frame_003084.png,frame_003085.png,-0.09469874948263168,0.03361213207244873,0.2149648666381836,-0.055956993252038956,0.009664245881140232,0.031022846698760986
frame_003085.png,frame_003086.png,-0.10660172253847122,0.020852982997894287,0.23362970352172852,-0.06047065556049347,0.0038081733509898186,0.06695344299077988
frame_003086.png,frame_003087.png,-0.12888744473457336,0.008476532995700836,0.2613506019115448,-0.06721314042806625,0.0009281216189265251,0.07437111437320709
frame_003087.png,frame_003088.png,-0.11352410167455673,0.021996326744556427,0.279279500246048,-0.06986909359693527,0.00047990214079618454,0.05712680518627167
frame_003088.png,frame_003089.png,-0.08330508321523666,0.02351485937833786,0.2830420732498169,-0.05853971838951111,-0.0026561515405774117,0.017969153821468353
frame_003089.png,frame_003090.png,-0.08703678101301193,0.034919723868370056,0.278357595205307,-0.025646891444921494,-0.004046940244734287,-0.007405399344861507
frame_003090.png,frame_003091.png,-0.09533672779798508,0.037020906805992126,0.21376752853393555,0.016497105360031128,-0.012804863043129444,0.0038357088342309
frame_003091.png,frame_003092.png,-0.08635243028402328,0.03991062194108963,0.1730562299489975,0.03271603584289551,-0.021344270557165146,0.04019942879676819
frame_003092.png,frame_003093.png,-0.07170363515615463,0.04411018639802933,0.15048199892044067,0.027063850313425064,-0.022825293242931366,0.07126970589160919
frame_003093.png,frame_003094.png,-0.052381716668605804,0.046368010342121124,0.1560463309288025,0.005661533214151859,-0.02051590010523796,0.09392241388559341
frame_003094.png,frame_003095.png,-0.032841168344020844,0.045718006789684296,0.18800467252731323,-0.013592671602964401,-0.017022401094436646,0.10320788621902466
frame_003095.png,frame_003096.png,-0.015144258737564087,0.04177847504615784,0.22431546449661255,-0.02224334329366684,-0.010946928523480892,0.09017178416252136
frame_003096.png,frame_003097.png,0.021545812487602234,0.034411586821079254,0.24260756373405457,-0.03263571858406067,-0.01197869423776865,0.06281428039073944
frame_003097.png,frame_003098.png,0.06981104612350464,0.028767116367816925,0.22441209852695465,-0.04106895253062248,-0.01991322636604309,0.02765018120408058
frame_003098.png,frame_003099.png,0.11842147260904312,0.024092741310596466,0.19556277990341187,-0.042096756398677826,-0.03071507439017296,-0.00031760428100824356
frame_003099.png,frame_003100.png,0.1368986964225769,0.021275438368320465,0.17306362092494965,-0.03671996295452118,-0.037486013025045395,-0.01175242755562067
frame_003100.png,frame_003101.png,0.1222413033246994,0.01921940967440605,0.13262811303138733,-0.027759701013565063,-0.038694117218256,-0.00921174418181181
frame_003101.png,frame_003102.png,0.08357524871826172,0.010203711688518524,0.06402133405208588,-0.012171724811196327,-0.033539898693561554,-0.017563175410032272
frame_003102.png,frame_003103.png,0.04529769718647003,0.002567242830991745,0.0364510715007782,0.010183495469391346,-0.02670988440513611,-0.017154540866613388
frame_003103.png,frame_003104.png,0.021803565323352814,-0.005655210465192795,0.03270554170012474,0.020264804363250732,-0.02037300169467926,0.022948134690523148
frame_003104.png,frame_003105.png,0.009411893784999847,-0.0030716881155967712,0.04361896961927414,0.033525653183460236,-0.019592124968767166,0.06806699931621552
frame_003105.png,frame_003106.png,-0.015637241303920746,0.0034738369286060333,0.05149681493639946,0.04572535306215286,-0.01154958363622427,0.0859551951289177
frame_003106.png,frame_003107.png,-0.0567537322640419,0.0007317326962947845,0.06670193374156952,0.04920414090156555,-0.005919241346418858,0.07554692029953003
frame_003107.png,frame_003108.png,-0.09997346252202988,-0.0011433102190494537,0.11221186816692352,0.026607919484376907,-0.006573674269020557,0.06995075941085815
frame_003108.png,frame_003109.png,-0.130303293466568,-0.005778372287750244,0.14184921979904175,0.013192933984100819,-0.005046308971941471,0.06514522433280945
frame_003109.png,frame_003110.png,-0.15449300408363342,-0.007938742637634277,0.16606509685516357,-0.002543007954955101,-0.0012557068839669228,0.046437691897153854
frame_003110.png,frame_003111.png,-0.16325348615646362,-0.01099066436290741,0.18021155893802643,-0.018821150064468384,-0.0015868069604039192,0.03179342299699783
frame_003111.png,frame_003112.png,-0.15893900394439697,-0.006251834332942963,0.18770986795425415,-0.04178635776042938,3.948342055082321e-05,0.014282952062785625
frame_003112.png,frame_003113.png,-0.15094470977783203,0.0011578984558582306,0.20167899131774902,-0.059520136564970016,-0.0005709649994969368,0.006354839541018009
frame_003113.png,frame_003114.png,-0.143134206533432,0.007453136146068573,0.2210112363100052,-0.07175026834011078,0.0012607993558049202,0.0024143466725945473
frame_003114.png,frame_003115.png,-0.1364995539188385,0.011743608862161636,0.2496800720691681,-0.07769657671451569,0.0009526191279292107,-0.0016421964392066002
frame_003115.png,frame_003116.png,-0.13019567728042603,0.012496422976255417,0.27371910214424133,-0.08602280914783478,0.0009821252897381783,-0.001617620699107647
frame_003116.png,frame_003117.png,-0.12616115808486938,0.01104537770152092,0.2916179895401001,-0.09579324722290039,0.0010997084900736809,-0.001966661773622036
frame_003117.png,frame_003118.png,-0.12276645749807358,0.009215481579303741,0.30304911732673645,-0.10293694585561752,0.0019333893433213234,-0.003897584043443203
frame_003118.png,frame_003119.png,-0.12193899601697922,0.006046026945114136,0.31078705191612244,-0.10706455260515213,0.0035556843504309654,-0.004799882881343365
frame_003119.png,frame_003120.png,-0.12094604223966599,0.0026565492153167725,0.3176308870315552,-0.10697256028652191,0.006687416695058346,-0.003375428728759289
frame_003120.png,frame_003121.png,-0.12326811999082565,0.0020163916051387787,0.3256610035896301,-0.10678897053003311,0.008563646115362644,-0.004596776328980923
frame_003121.png,frame_003122.png,-0.14956849813461304,-0.0011094212532043457,0.33649513125419617,-0.10104861855506897,0.010842601768672466,0.005487074144184589
frame_003122.png,frame_003123.png,-0.1841353178024292,-0.014776092022657394,0.34439364075660706,-0.08530600368976593,0.012877206318080425,0.03530213609337807
frame_003123.png,frame_003124.png,-0.21466657519340515,-0.022540565580129623,0.33018365502357483,-0.0683499276638031,0.013559932820498943,0.055421024560928345
frame_003124.png,frame_003125.png,-0.24087047576904297,-0.032038021832704544,0.3130204975605011,-0.05192726477980614,0.006255934946238995,0.06672756373882294
frame_003125.png,frame_003126.png,-0.24347880482673645,-0.030451029539108276,0.27534279227256775,-0.03513723239302635,0.0008023073896765709,0.059367574751377106
frame_003126.png,frame_003127.png,-0.21110105514526367,-0.024893611669540405,0.23139844834804535,-0.025519318878650665,0.004045787267386913,0.03817562758922577
frame_003127.png,frame_003128.png,-0.1738467514514923,-0.020130783319473267,0.21394719183444977,-0.02075788378715515,0.007526620291173458,0.05030016228556633
frame_003128.png,frame_003129.png,-0.13445407152175903,-0.010975293815135956,0.19855831563472748,-0.025098759680986404,0.006846758536994457,0.0595887154340744
frame_003129.png,frame_003130.png,-0.10762911289930344,-0.007147043943405151,0.1902007758617401,-0.03591839224100113,0.007565281353890896,0.07041291892528534
frame_003130.png,frame_003131.png,-0.08901118487119675,0.001320917159318924,0.1822342425584793,-0.04105398803949356,0.007231100462377071,0.0721132904291153
frame_003131.png,frame_003132.png,-0.0788574144244194,-0.0016102641820907593,0.17537397146224976,-0.043320149183273315,-0.004385919310152531,0.07778526842594147
frame_003132.png,frame_003133.png,-0.07940753549337387,-0.008132833987474442,0.16934776306152344,-0.04153883084654808,-0.005077282898128033,0.05807945132255554
frame_003133.png,frame_003134.png,-0.07358192652463913,-0.0033902302384376526,0.14582544565200806,-0.046840600669384,-0.0033120261505246162,0.03131769970059395
frame_003134.png,frame_003135.png,-0.056207530200481415,0.005862448364496231,0.13030345737934113,-0.06159716472029686,-0.003919768147170544,0.019481025636196136
frame_003135.png,frame_003136.png,-0.03499927371740341,0.012600373476743698,0.11108270287513733,-0.05999784544110298,0.003976305015385151,0.026154864579439163
frame_003136.png,frame_003137.png,-0.028013184666633606,0.015523873269557953,0.11610013246536255,-0.05031663179397583,0.0057916780933737755,0.03052348643541336
frame_003137.png,frame_003138.png,-0.010057501494884491,0.016737625002861023,0.1121131032705307,-0.03856876865029335,-0.00018827710300683975,0.03463347256183624
frame_003138.png,frame_003139.png,-0.0012887343764305115,0.018296804279088974,0.10772418975830078,-0.025027461349964142,-0.009283076040446758,0.0396156832575798
frame_003139.png,frame_003140.png,8.014589548110962e-05,0.018135178834199905,0.10652287304401398,-0.012913660146296024,-0.013413156382739544,0.03702099248766899
frame_003140.png,frame_003141.png,-0.0008459612727165222,0.023030541837215424,0.1196054220199585,0.0009159557521343231,-0.013649127446115017,0.028406519442796707
frame_003141.png,frame_003142.png,0.011794187128543854,0.02333434671163559,0.12493816018104553,0.0135865593329072,-0.02308683469891548,0.021677039563655853
frame_003142.png,frame_003143.png,0.012616641819477081,0.02464917302131653,0.13726675510406494,0.019574403762817383,-0.024471372365951538,0.020512882620096207
frame_003143.png,frame_003144.png,0.015630625188350677,0.024918608367443085,0.1402532309293747,0.02221197634935379,-0.018466651439666748,0.026073619723320007
frame_003144.png,frame_003145.png,0.012623965740203857,0.02207440882921219,0.14615924656391144,0.022974930703639984,-0.012075192295014858,0.027625706046819687
frame_003145.png,frame_003146.png,0.008773110806941986,0.02096249908208847,0.15659049153327942,0.021003540605306625,-0.008034828118979931,0.02583378553390503
frame_003146.png,frame_003147.png,0.01002330332994461,0.019717030227184296,0.16044922173023224,0.017644472420215607,-0.0030466942116618156,0.024715252220630646
frame_003147.png,frame_003148.png,0.020227856934070587,0.020928658545017242,0.15838474035263062,0.009207912720739841,-0.0023296745494008064,0.022575318813323975
frame_003148.png,frame_003149.png,0.03182179108262062,0.022576145827770233,0.15562304854393005,0.001744876615703106,-0.0024630287662148476,0.02043456956744194
frame_003149.png,frame_003150.png,0.03680267930030823,0.02528855949640274,0.16001734137535095,-0.006104646250605583,-0.002063148654997349,0.016168911010026932
frame_003150.png,frame_003151.png,0.04117213934659958,0.02547634392976761,0.16103264689445496,-0.010718760080635548,-0.003620128147304058,0.014583309181034565
frame_003151.png,frame_003152.png,0.037958286702632904,0.025882907211780548,0.16365933418273926,-0.013156957924365997,-0.003844468854367733,0.015325178392231464
frame_003152.png,frame_003153.png,0.030658531934022903,0.02499333769083023,0.17017683386802673,-0.014611216261982918,-0.002419843338429928,0.017419934272766113
frame_003153.png,frame_003154.png,0.02354242652654648,0.023418158292770386,0.17383506894111633,-0.017981167882680893,-0.0017341068014502525,0.019089240580797195
frame_003154.png,frame_003155.png,0.019200563430786133,0.02148141711950302,0.17268891632556915,-0.0223931185901165,-0.0016915230080485344,0.022644199430942535
frame_003155.png,frame_003156.png,0.0111861452460289,0.021873556077480316,0.17410948872566223,-0.027935735881328583,-0.0007383665069937706,0.02183011919260025
frame_003156.png,frame_003157.png,-0.0007316768169403076,0.022970713675022125,0.17987456917762756,-0.030764244496822357,0.0011454755440354347,0.022105060517787933
frame_003157.png,frame_003158.png,-0.008846350014209747,0.0252058282494545,0.1875462830066681,-0.0333295613527298,0.0023700622841715813,0.02251259982585907
frame_003158.png,frame_003159.png,-0.009947344660758972,0.029103673994541168,0.19482582807540894,-0.03723122924566269,0.002042544074356556,0.022879336029291153
frame_003159.png,frame_003160.png,-0.009525172412395477,0.0299934521317482,0.1985628306865692,-0.03790373355150223,0.001422201283276081,0.022444888949394226
frame_003160.png,frame_003161.png,-0.005191370844841003,0.029534265398979187,0.20051832497119904,-0.03778420016169548,-0.00030762050300836563,0.02322980761528015
frame_003161.png,frame_003162.png,-0.0038221850991249084,0.027606092393398285,0.19677159190177917,-0.03490037843585014,-0.0018518613651394844,0.020032644271850586
frame_003162.png,frame_003163.png,0.004661522805690765,0.025732532143592834,0.18660110235214233,-0.032722387462854385,-0.006913891993463039,0.021189849823713303
frame_003163.png,frame_003164.png,0.00894550234079361,0.02030365914106369,0.17833212018013,-0.02905908226966858,-0.00895958486944437,0.020790353417396545
frame_003164.png,frame_003165.png,0.021877698600292206,0.014173999428749084,0.17239177227020264,-0.029858071357011795,-0.011235509999096394,0.025396637618541718
frame_003165.png,frame_003166.png,0.031024906784296036,0.010418727993965149,0.1671469509601593,-0.031503669917583466,-0.012956411577761173,0.033045195043087006
frame_003166.png,frame_003167.png,0.037534285336732864,0.011226408183574677,0.16527092456817627,-0.03305238112807274,-0.013541330583393574,0.035053517669439316
frame_003167.png,frame_003168.png,0.03985373303294182,0.012835696339607239,0.1646207571029663,-0.03192685917019844,-0.012790494598448277,0.0324486643075943
frame_003168.png,frame_003169.png,0.043035827577114105,0.014573991298675537,0.16248184442520142,-0.02982679381966591,-0.011586840264499187,0.026991013437509537
frame_003169.png,frame_003170.png,0.04617777466773987,0.017346911132335663,0.1606122851371765,-0.027633830904960632,-0.010470074601471424,0.02061055228114128
frame_003170.png,frame_003171.png,0.04806715250015259,0.020095225423574448,0.15684300661087036,-0.025510180741548538,-0.010509190149605274,0.015579543076455593
frame_003171.png,frame_003172.png,0.051208868622779846,0.023052625358104706,0.15603749454021454,-0.023940037935972214,-0.011109433136880398,0.012414759956300259
frame_003172.png,frame_003173.png,0.053512126207351685,0.02516850084066391,0.15710215270519257,-0.023223213851451874,-0.011471024714410305,0.01020237896591425
frame_003173.png,frame_003174.png,0.05253598839044571,0.026890672743320465,0.15839585661888123,-0.021395422518253326,-0.012129670940339565,0.007143975235521793
frame_003174.png,frame_003175.png,0.0517478846013546,0.027201659977436066,0.15565133094787598,-0.01951489970088005,-0.011907569132745266,0.006898694671690464
frame_003175.png,frame_003176.png,0.05788673833012581,0.028564006090164185,0.15291926264762878,-0.022240880876779556,-0.011831563897430897,0.018401678651571274
frame_003176.png,frame_003177.png,0.06678386777639389,0.03067033737897873,0.14760154485702515,-0.020606908947229385,-0.00938290636986494,0.02083730697631836
frame_003177.png,frame_003178.png,0.07331471145153046,0.02978695183992386,0.14176076650619507,-0.014834250323474407,-0.007554485462605953,0.018330145627260208
frame_003178.png,frame_003179.png,0.07557997852563858,0.028127141296863556,0.12593930959701538,-0.008006522431969643,-0.007091831415891647,0.014679060317575932
frame_003179.png,frame_003180.png,0.08383722603321075,0.0277603417634964,0.10873934626579285,-0.003129631746560335,-0.007760276086628437,0.014246479608118534
frame_003180.png,frame_003181.png,0.09005138278007507,0.0265791192650795,0.09507118165493011,-0.00188494473695755,-0.008311469107866287,0.015511837787926197
frame_003181.png,frame_003182.png,0.0949804037809372,0.024356186389923096,0.08028753101825714,-0.004804135765880346,-0.009122316725552082,0.01715676113963127
frame_003182.png,frame_003183.png,0.10286812484264374,0.02288208156824112,0.065604567527771,-0.008762208744883537,-0.008581769652664661,0.020388837903738022
frame_003183.png,frame_003184.png,0.11064785718917847,0.022026970982551575,0.05487735942006111,-0.010135285556316376,-0.008034036494791508,0.021543223410844803
frame_003184.png,frame_003185.png,0.11662176251411438,0.01984516531229019,0.04468071833252907,-0.011747518554329872,-0.008313623256981373,0.02025740221142769
frame_003185.png,frame_003186.png,0.11847832798957825,0.016408395022153854,0.03645014390349388,-0.013066701591014862,-0.008234928362071514,0.01879839226603508
frame_003186.png,frame_003187.png,0.12064066529273987,0.01405763253569603,0.03392220661044121,-0.01532598864287138,-0.008225859142839909,0.016649309545755386
frame_003187.png,frame_003188.png,0.12313234806060791,0.012152373790740967,0.03427501395344734,-0.018222007900476456,-0.007706099189817905,0.014218532480299473
frame_003188.png,frame_003189.png,0.12150265276432037,0.00922325998544693,0.038393277674913406,-0.02269269898533821,-0.007469394244253635,0.012698204256594181
frame_003189.png,frame_003190.png,0.11767125129699707,0.006438009440898895,0.045150455087423325,-0.0248214453458786,-0.007371255196630955,0.009784710593521595
frame_003190.png,frame_003191.png,0.11461876332759857,0.003943577408790588,0.04854550585150719,-0.02432084083557129,-0.00777010340243578,0.0060756513848900795
frame_003191.png,frame_003192.png,0.11293071508407593,0.0003760680556297302,0.05145413801074028,-0.025961894541978836,-0.00823902152478695,0.007372722961008549
frame_003192.png,frame_003193.png,0.11239760369062424,-0.00463804230093956,0.0516074113547802,-0.02958625555038452,-0.010226917453110218,0.01092605385929346
frame_003193.png,frame_003194.png,0.11316677927970886,-0.009073890745639801,0.05019315704703331,-0.03386112302541733,-0.011092961765825748,0.010774531401693821
frame_003194.png,frame_003195.png,0.11702258884906769,-0.010977206751704216,0.045602452009916306,-0.0378945954144001,-0.011712108738720417,0.007308841682970524
frame_003195.png,frame_003196.png,0.12687018513679504,-0.010824333876371384,0.03965233266353607,-0.04280466586351395,-0.008322027511894703,0.00538665521889925
frame_003196.png,frame_003197.png,0.13468065857887268,-0.009167924523353577,0.03476912900805473,-0.04580233246088028,-0.006022571586072445,0.0013777697458863258
frame_003197.png,frame_003198.png,0.14164963364601135,-0.007998131215572357,0.029045470058918,-0.04667144641280174,-0.0039347633719444275,-0.0007139286026358604
frame_003198.png,frame_003199.png,0.14942121505737305,-0.006031867116689682,0.021778017282485962,-0.04673578590154648,-0.002888105809688568,-0.00016380753368139267
frame_003199.png,frame_003200.png,0.15808773040771484,-0.003632422536611557,0.012716926634311676,-0.04690800607204437,-0.0013371817767620087,0.003116683103144169
frame_003200.png,frame_003201.png,0.16697248816490173,0.0003527402877807617,0.0012569744139909744,-0.046013131737709045,0.0013782782480120659,0.004865874536335468
frame_003201.png,frame_003202.png,0.17170637845993042,0.0035093165934085846,-0.0070352256298065186,-0.04553135484457016,0.003635009750723839,0.005435542203485966
frame_003202.png,frame_003203.png,0.17480704188346863,0.005615841597318649,-0.020020360127091408,-0.041070763021707535,0.007037922739982605,0.008798652328550816
frame_003203.png,frame_003204.png,0.18023759126663208,0.006170067936182022,-0.03568301349878311,-0.03918565809726715,0.010153387673199177,0.010328860022127628
frame_003204.png,frame_003205.png,0.18725118041038513,0.007208600640296936,-0.04834763705730438,-0.04177248105406761,0.012661274522542953,0.012598440982401371
frame_003205.png,frame_003206.png,0.18959388136863708,0.00798376277089119,-0.0623055063188076,-0.04527804255485535,0.01579962857067585,0.0167267806828022
frame_003206.png,frame_003207.png,0.1812707781791687,0.008112061768770218,-0.07252585887908936,-0.04747430235147476,0.02035556361079216,0.02135530114173889
frame_003207.png,frame_003208.png,0.15921857953071594,0.00766044482588768,-0.069801926612854,-0.05227802321314812,0.02113468013703823,0.030270777642726898
frame_003208.png,frame_003209.png,0.14047691226005554,0.005393795669078827,-0.06110207736492157,-0.06832907348871231,0.020486993715167046,0.03775917738676071
frame_003209.png,frame_003210.png,0.1309303492307663,-0.0009228736162185669,-0.031195029616355896,-0.08507657051086426,0.023595228791236877,0.038737956434488297
frame_003210.png,frame_003211.png,0.13426713645458221,-0.005282975733280182,0.005607878789305687,-0.10508564114570618,0.0301939956843853,0.033136628568172455
frame_003211.png,frame_003212.png,0.13500073552131653,-0.010177664458751678,0.043073032051324844,-0.1138845756649971,0.03530798479914665,0.032896488904953
frame_003212.png,frame_003213.png,0.13467243313789368,-0.012946881353855133,0.06803193688392639,-0.12075263261795044,0.03794272989034653,0.03279095143079758
frame_003213.png,frame_003214.png,0.13703390955924988,-0.014454111456871033,0.08563685417175293,-0.12431713938713074,0.03970523551106453,0.03210362792015076
frame_003214.png,frame_003215.png,0.14229241013526917,-0.01609686389565468,0.09352251887321472,-0.12360841035842896,0.04045965522527695,0.03335148096084595
frame_003215.png,frame_003216.png,0.14442673325538635,-0.01803158037364483,0.09804676473140717,-0.12152339518070221,0.03976239264011383,0.03629462420940399
frame_003216.png,frame_003217.png,0.14653247594833374,-0.019680272787809372,0.09743791818618774,-0.1204572543501854,0.03827935457229614,0.03786209598183632
frame_003217.png,frame_003218.png,0.1495051234960556,-0.020438527688384056,0.09179124236106873,-0.12223006039857864,0.036923423409461975,0.03905678540468216
frame_003218.png,frame_003219.png,0.1548251509666443,-0.017738288268446922,0.09065409004688263,-0.12501917779445648,0.035180237144231796,0.03694859892129898
frame_003219.png,frame_003220.png,0.1594822108745575,-0.015358127653598785,0.09110194444656372,-0.12499634921550751,0.03431869298219681,0.03438253328204155
frame_003220.png,frame_003221.png,0.1645137369632721,-0.013519249856472015,0.08958010375499725,-0.12565553188323975,0.034295596182346344,0.0327889621257782
frame_003221.png,frame_003222.png,0.16731306910514832,-0.009760305285453796,0.09630630910396576,-0.12789133191108704,0.03526616841554642,0.028201378881931305
frame_003222.png,frame_003223.png,0.16953349113464355,-0.0028625912964344025,0.0982794314622879,-0.12202981859445572,0.036995839327573776,0.028983131051063538
frame_003223.png,frame_003224.png,0.17846471071243286,0.0064992755651474,0.11382028460502625,-0.1154063269495964,0.040709540247917175,0.02404690533876419
frame_003224.png,frame_003225.png,0.1864519566297531,0.013114891946315765,0.1321301907300949,-0.08319317549467087,0.03698582947254181,0.029750347137451172
frame_003225.png,frame_003226.png,0.1923801600933075,0.01476357877254486,0.14336150884628296,-0.051634371280670166,0.03078354522585869,0.05169542133808136
frame_003226.png,frame_003227.png,0.17492493987083435,0.014256760478019714,0.1357250064611435,-0.03997477516531944,0.0214635469019413,0.05621201545000076
frame_003227.png,frame_003228.png,0.15329334139823914,0.02192368358373642,0.15627828240394592,-0.030985649675130844,0.0052666617557406425,0.039113715291023254
frame_003228.png,frame_003229.png,0.13291294872760773,0.029118485748767853,0.16605877876281738,-0.02353287860751152,-0.004378126934170723,0.022746752947568893
frame_003229.png,frame_003230.png,0.10776297748088837,0.03246759623289108,0.1789434850215912,-0.0276532843708992,0.00709547009319067,-0.00611847173422575
frame_003230.png,frame_003231.png,0.0709073543548584,0.031039491295814514,0.21353106200695038,-0.039476893842220306,0.0013193823397159576,-0.022874224931001663
frame_003231.png,frame_003232.png,0.043713219463825226,0.022831991314888,0.2531966269016266,-0.04178709164261818,-0.003667885437607765,-0.02157193049788475
frame_003232.png,frame_003233.png,0.056375984102487564,0.006823364645242691,0.2602700889110565,-0.04413285106420517,-0.0014461250975728035,-0.018448688089847565
frame_003233.png,frame_003234.png,0.07277411222457886,0.0062014758586883545,0.2599036395549774,-0.03843660280108452,-0.0006220033392310143,-0.0013552596792578697
frame_003234.png,frame_003235.png,0.0694698840379715,0.014674711972475052,0.2667107880115509,-0.017879996448755264,0.010974409990012646,-0.01624266803264618
frame_003235.png,frame_003236.png,0.052946723997592926,0.010325968265533447,0.2590923011302948,-0.0014163898304104805,0.012994359247386456,-0.03111245110630989
frame_003236.png,frame_003237.png,0.0551774725317955,0.01332370936870575,0.26462993025779724,-0.007712702266871929,0.005231552757322788,-0.018821749836206436
frame_003237.png,frame_003238.png,0.0615033283829689,0.020227577537298203,0.27797767519950867,-0.01041064690798521,0.0034237951040267944,0.0012454194948077202
frame_003238.png,frame_003239.png,0.05879877507686615,0.013536259531974792,0.27388349175453186,-0.02380344644188881,0.0065422579646110535,0.006249089725315571
frame_003239.png,frame_003240.png,0.038714952766895294,0.007645685225725174,0.26896336674690247,-0.05011017248034477,0.009058223105967045,0.0015204111114144325
frame_003240.png,frame_003241.png,0.010542139410972595,-0.0009789951145648956,0.2657857835292816,-0.0692969262599945,0.011986895464360714,-0.004840224049985409
frame_003241.png,frame_003242.png,-0.005977295339107513,-0.01203807070851326,0.2651824355125427,-0.07662583887577057,0.01809919998049736,-0.004835180006921291
frame_003242.png,frame_003243.png,-0.00609327107667923,-0.02240174636244774,0.2672850787639618,-0.07526499032974243,0.024282120168209076,0.00015443656593561172
frame_003243.png,frame_003244.png,-0.0023047998547554016,-0.03062223084270954,0.25483033061027527,-0.057334139943122864,0.024647586047649384,0.00509262178093195
frame_003244.png,frame_003245.png,0.06620896607637405,-0.023733042180538177,0.2294723391532898,-0.034988805651664734,0.014353425242006779,0.03277478367090225
frame_003245.png,frame_003246.png,0.10816299915313721,-0.009519718587398529,0.22197674214839935,-0.013743164949119091,0.006389782764017582,0.0353148989379406
frame_003246.png,frame_003247.png,0.11045441031455994,9.227544069290161e-05,0.24484500288963318,-0.015980850905179977,0.011468828655779362,0.013028652407228947
frame_003247.png,frame_003248.png,0.0810539722442627,0.00481366366147995,0.25606080889701843,-0.014667036943137646,0.017165374010801315,-0.02612212672829628
frame_003248.png,frame_003249.png,0.060908250510692596,0.013512257486581802,0.2381240427494049,-0.016888197511434555,0.02029460296034813,-0.07709035277366638
frame_003249.png,frame_003250.png,0.05799934267997742,0.030642248690128326,0.2181340456008911,-0.021165624260902405,0.016584480181336403,-0.10916349291801453
frame_003250.png,frame_003251.png,0.07794912159442902,0.04000106453895569,0.2049378901720047,-0.041529472917318344,0.004435170441865921,-0.12808680534362793
frame_003251.png,frame_003252.png,0.10279477387666702,0.0434613972902298,0.20199714601039886,-0.037833672016859055,-0.0017252638936042786,-0.11149938404560089
frame_003252.png,frame_003253.png,0.12320780009031296,0.04779145121574402,0.19394326210021973,-0.03934578225016594,-0.006171130575239658,-0.07755103707313538
frame_003253.png,frame_003254.png,0.1393508017063141,0.045803822576999664,0.17743557691574097,-0.04983525723218918,-0.006808691658079624,-0.057148199528455734
frame_003254.png,frame_003255.png,0.15142151713371277,0.05181510001420975,0.15553393959999084,-0.05116443336009979,-0.007554954849183559,-0.03702261671423912
frame_003255.png,frame_003256.png,0.1576671004295349,0.06087043136358261,0.1387254148721695,-0.05145499110221863,-0.01070424821227789,-0.019232094287872314
frame_003256.png,frame_003257.png,0.15920114517211914,0.06436825543642044,0.12048214673995972,-0.04840641841292381,-0.006813221611082554,-0.0064877914264798164
frame_003257.png,frame_003258.png,0.15905964374542236,0.07111932337284088,0.11505171656608582,-0.04512069374322891,0.0005873227491974831,0.0026818066835403442
frame_003258.png,frame_003259.png,0.1646922528743744,0.07312343269586563,0.11984726786613464,-0.032829735428094864,0.007633597124367952,0.013556585647165775
frame_003259.png,frame_003260.png,0.1709139347076416,0.07715882360935211,0.1266525685787201,-0.018382512032985687,0.010633452795445919,0.028566908091306686
frame_003260.png,frame_003261.png,0.17572641372680664,0.07702889293432236,0.12715426087379456,-0.016787290573120117,0.016405437141656876,0.03560759872198105
frame_003261.png,frame_003262.png,0.18166819214820862,0.0725817158818245,0.12009593844413757,-0.008344395086169243,0.022562965750694275,0.04712932929396629
frame_003262.png,frame_003263.png,0.19549068808555603,0.06616523116827011,0.09489643573760986,-0.00594157911837101,0.021216273307800293,0.06312277913093567
frame_003263.png,frame_003264.png,0.21553900837898254,0.059801213443279266,0.09084673225879669,-0.005394584033638239,0.02499285340309143,0.07994379103183746
frame_003264.png,frame_003265.png,0.23857742547988892,0.05306180566549301,0.07686309516429901,-0.0024116430431604385,0.027483336627483368,0.09998328983783722
frame_003265.png,frame_003266.png,0.24702543020248413,0.047181613743305206,0.06128072366118431,-0.005853853188455105,0.028208211064338684,0.11370979994535446
frame_003266.png,frame_003267.png,0.2651343047618866,0.04108346253633499,0.03179618716239929,-0.0032590227201581,0.02819707617163658,0.12503263354301453
frame_003267.png,frame_003268.png,0.27870166301727295,0.03997892886400223,0.005307856947183609,-0.0012858575209975243,0.02564791962504387,0.13196948170661926
frame_003268.png,frame_003269.png,0.27728578448295593,0.037662290036678314,-0.005126599222421646,0.0010625319555401802,0.025080442428588867,0.13898971676826477
frame_003269.png,frame_003270.png,0.2679130733013153,0.030947573482990265,-0.021345172077417374,0.005908687599003315,0.021662656217813492,0.14767861366271973
frame_003270.png,frame_003271.png,0.24547570943832397,0.02891482412815094,-0.02527502179145813,0.011697162874042988,0.01594407856464386,0.1461954414844513
frame_003271.png,frame_003272.png,0.21996578574180603,0.025969386100769043,-0.02102041058242321,0.013210930861532688,0.009891022928059101,0.142573744058609
frame_003272.png,frame_003273.png,0.1881466656923294,0.015433557331562042,-0.019428204745054245,0.01695450022816658,0.007637509144842625,0.14404413104057312
frame_003273.png,frame_003274.png,0.14469373226165771,0.005004271864891052,-0.019581910222768784,0.01428153458982706,0.00283918809145689,0.13882976770401
frame_003274.png,frame_003275.png,0.1196485385298729,0.004042960703372955,-0.027731753885746002,0.007866458036005497,0.0011841347441077232,0.1187925785779953
frame_003275.png,frame_003276.png,0.12032823264598846,0.017606109380722046,-0.04280399531126022,0.015058924444019794,-0.0007148953154683113,0.0855153426527977
frame_003276.png,frame_003277.png,0.13360925018787384,0.02393730729818344,-0.06728638708591461,0.02364400029182434,-0.004054778255522251,0.057332247495651245
frame_003277.png,frame_003278.png,0.1275438368320465,0.026606455445289612,-0.07781261205673218,0.037795428186655045,-0.005208772607147694,0.03881378471851349
frame_003278.png,frame_003279.png,0.111383818089962,0.008087500929832458,-0.10700021684169769,0.04529136046767235,-0.009196803905069828,0.023950297385454178
frame_003279.png,frame_003280.png,0.08377296477556229,-0.010631587356328964,-0.12196941673755646,0.027685843408107758,-0.006789626553654671,0.030076641589403152
frame_003280.png,frame_003281.png,0.07445932179689407,-0.011233266443014145,-0.13759301602840424,0.015117560513317585,0.002028568647801876,0.022617042064666748
frame_003281.png,frame_003282.png,0.09097988903522491,0.002184167504310608,-0.13631375133991241,0.001791597343981266,0.011458405293524265,0.011719702742993832
frame_003282.png,frame_003283.png,0.10122135281562805,0.01614757999777794,-0.12310710549354553,-0.004100455902516842,0.014447130262851715,0.0007833549752831459
frame_003283.png,frame_003284.png,0.10974094271659851,0.02603723853826523,-0.10509499907493591,-0.006114381365478039,0.014562452211976051,-0.011787372641265392
frame_003284.png,frame_003285.png,0.11281498521566391,0.0351908877491951,-0.08505389094352722,-0.005182086490094662,0.012885704636573792,-0.024745628237724304
frame_003285.png,frame_003286.png,0.1062176451086998,0.04021555185317993,-0.06827421486377716,-0.004317884333431721,0.0073666879907250404,-0.03552547097206116
frame_003286.png,frame_003287.png,0.09445172548294067,0.04383932799100876,-0.05557022988796234,-0.0020145783200860023,0.0011377250775694847,-0.03717551380395889
frame_003287.png,frame_003288.png,0.08361740410327911,0.04491037875413895,-0.04470503330230713,0.0018664123490452766,-0.0019758930429816246,-0.03990883752703667
frame_003288.png,frame_003289.png,0.07339778542518616,0.047009482979774475,-0.026338059455156326,0.005261735059320927,-0.0032677212730050087,-0.041301921010017395
frame_003289.png,frame_003290.png,0.06495428830385208,0.046667084097862244,-0.008102886378765106,0.007856138981878757,-0.004244719631969929,-0.03977353498339653
frame_003290.png,frame_003291.png,0.05560685694217682,0.045129530131816864,0.005324091762304306,0.009976825676858425,-0.004791388288140297,-0.03619500249624252
frame_003291.png,frame_003292.png,0.04825960844755173,0.044442079961299896,0.012978538870811462,0.012119443155825138,-0.007958471775054932,-0.03499716520309448
frame_003292.png,frame_003293.png,0.03904595971107483,0.045482099056243896,0.017612647265195847,0.014106427319347858,-0.010963638313114643,-0.03493005782365799
frame_003293.png,frame_003294.png,0.02835141122341156,0.047728948295116425,0.014494199305772781,0.019246377050876617,-0.011732571758329868,-0.03621532395482063
frame_003294.png,frame_003295.png,0.01933892071247101,0.05000720173120499,0.011691860854625702,0.02246255800127983,-0.010898568667471409,-0.03706984966993332
frame_003295.png,frame_003296.png,0.00889134407043457,0.051363877952098846,0.010031040757894516,0.0217837393283844,-0.010129972361028194,-0.03572321683168411
frame_003296.png,frame_003297.png,-0.0005368664860725403,0.05235659331083298,0.008304763585329056,0.01928192749619484,-0.009292633272707462,-0.03682677820324898
frame_003297.png,frame_003298.png,-0.00613219290971756,0.051156699657440186,0.008613307029008865,0.014272150583565235,-0.008523349650204182,-0.034361183643341064
frame_003298.png,frame_003299.png,-0.010971516370773315,0.04807449132204056,0.005291581153869629,0.010776028968393803,-0.008628654293715954,-0.03392232954502106
frame_003299.png,frame_003300.png,-0.017487384378910065,0.04395636171102524,0.007160604000091553,0.0011496702209115028,-0.007708546705543995,-0.03598809987306595
frame_003300.png,frame_003301.png,-0.02632271498441696,0.041665636003017426,0.01799541339278221,-0.011654004454612732,-0.00627382006496191,-0.04125536233186722
frame_003301.png,frame_003302.png,-0.03541941195726395,0.03956419229507446,0.03783971071243286,-0.03349810838699341,-0.005459615029394627,-0.04477911815047264
frame_003302.png,frame_003303.png,-0.04081221669912338,0.036179982125759125,0.0636763870716095,-0.0552646704018116,-0.003138861618936062,-0.04587387666106224
frame_003303.png,frame_003304.png,-0.04032877832651138,0.03138074278831482,0.08330650627613068,-0.07195855677127838,-0.00036513758823275566,-0.038226399570703506
frame_003304.png,frame_003305.png,-0.03310190886259079,0.024845197796821594,0.10165412724018097,-0.08646214008331299,0.0017947577871382236,-0.026681866496801376
frame_003305.png,frame_003306.png,-0.020650669932365417,0.019174426794052124,0.11854420602321625,-0.09994808584451675,0.0009730537422001362,-0.0106955049559474
frame_003306.png,frame_003307.png,-0.010049097239971161,0.014385886490345001,0.12509146332740784,-0.1107068583369255,-0.0014227693900465965,-0.0034293746575713158
frame_003307.png,frame_003308.png,0.0008117556571960449,0.00783376395702362,0.11729338765144348,-0.12043469399213791,-0.0023268209770321846,-0.0061768172308802605
frame_003308.png,frame_003309.png,0.010274328291416168,0.003193281590938568,0.11417041718959808,-0.12415042519569397,-0.0035643046721816063,-0.01389885600656271
frame_003309.png,frame_003310.png,0.014546692371368408,0.0021493658423423767,0.11644014716148376,-0.12692013382911682,-0.003266771323978901,-0.018910139799118042
frame_003310.png,frame_003311.png,0.006675884127616882,-0.0013881511986255646,0.11834080517292023,-0.13572974503040314,-0.005725588649511337,-0.023897241801023483
frame_003311.png,frame_003312.png,-0.0017194375395774841,-0.0006593763828277588,0.12609130144119263,-0.13822472095489502,-0.008197990246117115,-0.03746708855032921
frame_003312.png,frame_003313.png,-0.010169029235839844,0.0030580535531044006,0.12106640636920929,-0.13078419864177704,-0.00884662289172411,-0.04467852786183357
frame_003313.png,frame_003314.png,-0.01621926575899124,0.013923317193984985,0.11473990976810455,-0.1228458359837532,-0.00948308501392603,-0.04741443693637848
frame_003314.png,frame_003315.png,-0.021331369876861572,0.031039640307426453,0.12134942412376404,-0.11854550242424011,-0.0074736932292580605,-0.04998068884015083
frame_003315.png,frame_003316.png,-0.027823850512504578,0.048435382544994354,0.128554105758667,-0.11694782227277756,-0.0010689729824662209,-0.05064055696129799
frame_003316.png,frame_003317.png,-0.03316889703273773,0.059310801327228546,0.13447026908397675,-0.12004521489143372,0.005591960623860359,-0.0506964735686779
frame_003317.png,frame_003318.png,-0.03221908211708069,0.06711157411336899,0.137879878282547,-0.12319248169660568,0.0099985646083951,-0.05478823557496071
frame_003318.png,frame_003319.png,-0.026548340916633606,0.07456564158201218,0.1461525857448578,-0.12729251384735107,0.010600852780044079,-0.05980265140533447
frame_003319.png,frame_003320.png,-0.024267621338367462,0.07490759342908859,0.158817321062088,-0.13240453600883484,0.010449480265378952,-0.06247002258896828
frame_003320.png,frame_003321.png,-0.026622310280799866,0.07326109707355499,0.17850521206855774,-0.1392163783311844,0.00950692780315876,-0.06238939240574837
frame_003321.png,frame_003322.png,-0.033034928143024445,0.06500069797039032,0.19486695528030396,-0.14618229866027832,0.005830105394124985,-0.05648920312523842
frame_003322.png,frame_003323.png,-0.04343745857477188,0.04970409721136093,0.19881510734558105,-0.14763493835926056,0.0017614727839827538,-0.046484436839818954
frame_003323.png,frame_003324.png,-0.054791487753391266,0.02567742019891739,0.19316114485263824,-0.13832804560661316,-0.0011565899476408958,-0.02275707572698593
frame_003324.png,frame_003325.png,-0.06392679363489151,0.009639188647270203,0.1769517958164215,-0.12458640336990356,-0.00540846586227417,0.0010995091870427132
frame_003325.png,frame_003326.png,-0.060754768550395966,-0.00013744086027145386,0.17482244968414307,-0.11617346107959747,-0.012876360677182674,0.023157119750976562
frame_003326.png,frame_003327.png,-0.041954971849918365,-0.004760168492794037,0.17893758416175842,-0.11434771120548248,-0.014188946224749088,0.033317930996418
frame_003327.png,frame_003328.png,-0.027478419244289398,-0.005594845861196518,0.1758943796157837,-0.1041102185845375,-0.017313160002231598,0.051739566028118134
frame_003328.png,frame_003329.png,-0.016690365970134735,-0.004667084664106369,0.1664762794971466,-0.09294132888317108,-0.021231334656476974,0.09242261946201324
frame_003329.png,frame_003330.png,-0.009644262492656708,-0.003934867680072784,0.1563732922077179,-0.09081704914569855,-0.023387417197227478,0.10148709267377853
frame_003330.png,frame_003331.png,0.008928544819355011,0.00286753848195076,0.15650621056556702,-0.08551907539367676,-0.024768095463514328,0.09494923055171967
frame_003331.png,frame_003332.png,0.0308530256152153,0.01175009086728096,0.15362617373466492,-0.07649730890989304,-0.011560332961380482,0.08133641630411148
frame_003332.png,frame_003333.png,0.06819449365139008,0.02075379341840744,0.1390843242406845,-0.0772986188530922,-0.004965795204043388,0.08316448330879211
frame_003333.png,frame_003334.png,0.08723064512014389,0.01768060028553009,0.09789015352725983,-0.07654236257076263,-0.0044066570699214935,0.10257799923419952
frame_003334.png,frame_003335.png,0.09847500920295715,0.017341360449790955,0.08056271076202393,-0.07482695579528809,-0.005964941345155239,0.10829932987689972
frame_003335.png,frame_003336.png,0.09913764148950577,0.01711428537964821,0.052374761551618576,-0.06816843152046204,-0.000504019670188427,0.0876626968383789
frame_003336.png,frame_003337.png,0.08052327483892441,0.012130089104175568,0.02655840292572975,-0.05717438831925392,0.003527493216097355,0.0679001584649086
frame_003337.png,frame_003338.png,0.07793469727039337,0.01094210147857666,0.03382518142461777,-0.049936432391405106,0.0025727003812789917,0.07206794619560242
frame_003338.png,frame_003339.png,0.05480353534221649,0.011928103864192963,0.06947804987430573,-0.03942708298563957,-0.002283700741827488,0.07746580243110657
frame_003339.png,frame_003340.png,0.032898858189582825,0.016857311129570007,0.08913131058216095,-0.018861789256334305,-0.0069819362834095955,0.06862242519855499
frame_003340.png,frame_003341.png,0.024060003459453583,0.017903178930282593,0.0964776873588562,-0.025272365659475327,-0.008475170470774174,0.07116849720478058
frame_003341.png,frame_003342.png,0.028563253581523895,0.02329999953508377,0.09239746630191803,-0.04400404542684555,-0.010936443693935871,0.06923328340053558
frame_003342.png,frame_003343.png,0.04963504895567894,0.03442073613405228,0.06735964119434357,-0.052657321095466614,-0.007543029263615608,0.075801782310009
frame_003343.png,frame_003344.png,0.08093160390853882,0.04446002095937729,0.05346369370818138,-0.06501736491918564,-0.001566711813211441,0.069952592253685
frame_003344.png,frame_003345.png,0.1124052107334137,0.048150330781936646,0.04770832881331444,-0.07195118069648743,0.003136174753308296,0.06680169701576233
frame_003345.png,frame_003346.png,0.13463923335075378,0.04168924689292908,0.07021419703960419,-0.06036192923784256,0.009043378755450249,0.06449420750141144
frame_003346.png,frame_003347.png,0.12750118970870972,0.04361247271299362,0.07974858582019806,-0.04812423139810562,0.008111009374260902,0.05713936686515808
frame_003347.png,frame_003348.png,0.1476549208164215,0.0572347566485405,0.0696249008178711,-0.034840453416109085,0.011019597761332989,0.0382588766515255
frame_003348.png,frame_003349.png,0.18327587842941284,0.06846597045660019,0.049160685390233994,-0.028176918625831604,0.009138442575931549,0.022690318524837494
frame_003349.png,frame_003350.png,0.20442497730255127,0.07436350733041763,0.05376395210623741,-0.03121316432952881,0.00011460483074188232,0.0209953673183918
frame_003350.png,frame_003351.png,0.21968501806259155,0.07532013207674026,0.05798276886343956,-0.03421654552221298,-0.0058779483661055565,0.02009129896759987
frame_003351.png,frame_003352.png,0.23364344239234924,0.07884635776281357,0.044573139399290085,-0.028685685247182846,-0.010645155794918537,0.026753854006528854
frame_003352.png,frame_003353.png,0.23590987920761108,0.07686597108840942,0.04771984741091728,-0.020898986607789993,-0.009884004481136799,0.03813998028635979
frame_003353.png,frame_003354.png,0.23953765630722046,0.07188277691602707,0.050735246390104294,-0.012299119494855404,-0.006820828653872013,0.0557975172996521
frame_003354.png,frame_003355.png,0.23695018887519836,0.0611288920044899,0.05159842595458031,-0.015433515422046185,-0.0040424661710858345,0.0665777251124382
frame_003355.png,frame_003356.png,0.22530031204223633,0.04635735601186752,0.05219430848956108,-0.02593793347477913,-0.00247389730066061,0.07550254464149475
frame_003356.png,frame_003357.png,0.214694082736969,0.0332164391875267,0.04739561304450035,-0.04069557413458824,-0.0008314354345202446,0.07584352791309357
frame_003357.png,frame_003358.png,0.20523780584335327,0.02212470769882202,0.04740206524729729,-0.052940256893634796,-0.0003455141559243202,0.07288892567157745
frame_003358.png,frame_003359.png,0.1984180510044098,0.010690789669752121,0.061890389770269394,-0.06355995684862137,0.001421191729605198,0.06727981567382812
frame_003359.png,frame_003360.png,0.1859755665063858,0.002373740077018738,0.09057050943374634,-0.07776749134063721,0.004238450899720192,0.05312587320804596
frame_003360.png,frame_003361.png,0.16928210854530334,-0.0062477923929691315,0.11457864940166473,-0.09341428428888321,0.005123618990182877,0.04691487178206444
frame_003361.png,frame_003362.png,0.15532979369163513,-0.012048576027154922,0.11802242696285248,-0.10405577719211578,0.00398813933134079,0.04989530146121979
frame_003362.png,frame_003363.png,0.14536646008491516,-0.014230960980057716,0.11168217658996582,-0.10695201903581619,0.00153339933604002,0.053921282291412354
frame_003363.png,frame_003364.png,0.13760074973106384,-0.0159912146627903,0.09635472297668457,-0.10795924067497253,-0.002248428761959076,0.06074218451976776
frame_003364.png,frame_003365.png,0.1218625009059906,-0.018236801028251648,0.07914113998413086,-0.09984929859638214,-0.004662626422941685,0.0709284320473671
frame_003365.png,frame_003366.png,0.10888779163360596,-0.015113785862922668,0.054592374712228775,-0.0896170362830162,-0.00997277069836855,0.07627726346254349
frame_003366.png,frame_003367.png,0.08922126144170761,-0.013605821877717972,0.03246920928359032,-0.07491487264633179,-0.010969866998493671,0.07347071170806885
frame_003367.png,frame_003368.png,0.06999961286783218,-0.018800389021635056,-0.0025289468467235565,-0.06594287604093552,-0.008253821171820164,0.06010271608829498
frame_003368.png,frame_003369.png,0.059107378125190735,-0.026149526238441467,-0.0397421233355999,-0.05083861202001572,-0.003240198828279972,0.04219406843185425
frame_003369.png,frame_003370.png,0.053521934896707535,-0.02750997617840767,-0.05909709259867668,-0.037815555930137634,-0.003485952503979206,0.02506187930703163
frame_003370.png,frame_003371.png,0.05048617720603943,-0.02808244898915291,-0.0713270828127861,-0.024886906147003174,-0.0023973193019628525,0.020349610596895218
frame_003371.png,frame_003372.png,0.045951951295137405,-0.02885790355503559,-0.0784878134727478,-0.022522948682308197,-0.002992980182170868,0.02083451673388481
frame_003372.png,frame_003373.png,0.045450713485479355,-0.03207812458276749,-0.0809808075428009,-0.026440292596817017,-0.003157462924718857,0.025995463132858276
frame_003373.png,frame_003374.png,0.0390387624502182,-0.03379117697477341,-0.08384405076503754,-0.03173483535647392,-0.005479038693010807,0.033796243369579315
frame_003374.png,frame_003375.png,0.024279534816741943,-0.03492651879787445,-0.0836009681224823,-0.03541534021496773,-0.007608508691191673,0.0401260107755661
frame_003375.png,frame_003376.png,0.006243206560611725,-0.03341484069824219,-0.08149950206279755,-0.036251552402973175,-0.005002378486096859,0.04116827994585037
frame_003376.png,frame_003377.png,-0.011974699795246124,-0.031633879989385605,-0.08132901787757874,-0.031380705535411835,-0.002764470875263214,0.041788190603256226
frame_003377.png,frame_003378.png,-0.027010992169380188,-0.02962762862443924,-0.07576584815979004,-0.02619783580303192,-0.0004914198070764542,0.04565257206559181
frame_003378.png,frame_003379.png,-0.037918977439403534,-0.029353631660342216,-0.06658296287059784,-0.019306231290102005,0.002598783001303673,0.0463709682226181
frame_003379.png,frame_003380.png,-0.04872357100248337,-0.02707098051905632,-0.055851299315690994,-0.01648702472448349,0.0034906184300780296,0.047503985464572906
frame_003380.png,frame_003381.png,-0.05723070353269577,-0.02262848988175392,-0.03507921099662781,-0.015468108467757702,0.0038238633424043655,0.049829889088869095
frame_003381.png,frame_003382.png,-0.06541622430086136,-0.01238587498664856,-0.006971534341573715,-0.016894275322556496,0.0014771344140172005,0.05332823097705841
frame_003382.png,frame_003383.png,-0.0747205838561058,0.0007455050945281982,0.02508457750082016,-0.0196259543299675,-0.0011721514165401459,0.05831947922706604
frame_003383.png,frame_003384.png,-0.0829213485121727,0.013480164110660553,0.056305598467588425,-0.02029358223080635,-0.0009847823530435562,0.05934596061706543
frame_003384.png,frame_003385.png,-0.08732844144105911,0.025884665548801422,0.08695489168167114,-0.025753527879714966,0.0009185848757624626,0.060721635818481445
frame_003385.png,frame_003386.png,-0.0924048200249672,0.03880465775728226,0.11485937237739563,-0.02696942910552025,0.00695072952657938,0.05484894663095474
frame_003386.png,frame_003387.png,-0.08497943729162216,0.05577559024095535,0.1416534185409546,-0.02794332057237625,0.01321337278932333,0.047283273190259933
frame_003387.png,frame_003388.png,-0.06566333025693893,0.072820745408535,0.16031506657600403,-0.027303412556648254,0.017450064420700073,0.0381026417016983
frame_003388.png,frame_003389.png,-0.039363794028759,0.08632636815309525,0.1724005490541458,-0.026550214737653732,0.01648624613881111,0.03289702534675598
frame_003389.png,frame_003390.png,-0.015408769249916077,0.09304157644510269,0.17228291928768158,-0.025892607867717743,0.01311481837183237,0.0284864604473114
frame_003390.png,frame_003391.png,0.00873873382806778,0.1006869301199913,0.16833990812301636,-0.0234108567237854,0.010316518135368824,0.021861590445041656
frame_003391.png,frame_003392.png,0.037023428827524185,0.10822237282991409,0.16483071446418762,-0.02058589458465576,0.006187605671584606,0.01648779958486557
frame_003392.png,frame_003393.png,0.06437621265649796,0.11111021786928177,0.15935643017292023,-0.014746801927685738,0.0015556598082184792,0.010992676950991154
frame_003393.png,frame_003394.png,0.08369912207126617,0.10932908207178116,0.15450268983840942,-0.005495399236679077,-0.002846742980182171,0.007593904621899128
frame_003394.png,frame_003395.png,0.09898953139781952,0.10560420900583267,0.14807669818401337,-0.005137368105351925,-0.007818990387022495,0.006792844273149967
frame_003395.png,frame_003396.png,0.10731829702854156,0.10431741923093796,0.13950440287590027,-0.009899492375552654,-0.011076181195676327,0.008349140174686909
frame_003396.png,frame_003397.png,0.10983175039291382,0.10203083604574203,0.13017478585243225,-0.018457166850566864,-0.012828183360397816,0.011974924243986607
frame_003397.png,frame_003398.png,0.10988804697990417,0.0993703231215477,0.12536434829235077,-0.02722034603357315,-0.012150195427238941,0.012265653349459171
frame_003398.png,frame_003399.png,0.11009351164102554,0.09664628654718399,0.12104608118534088,-0.03515835851430893,-0.011250813491642475,0.013065860606729984
frame_003399.png,frame_003400.png,0.11187148839235306,0.09332028776407242,0.11993579566478729,-0.04320086911320686,-0.00906593631953001,0.014568899758160114
frame_003400.png,frame_003401.png,0.1156102865934372,0.09037227183580399,0.12140607833862305,-0.04823499172925949,-0.005273709073662758,0.01631322130560875
frame_003401.png,frame_003402.png,0.12256304919719696,0.08962375670671463,0.11807537078857422,-0.050301142036914825,-0.004792080260813236,0.017907176166772842
frame_003402.png,frame_003403.png,0.1307433694601059,0.09120536595582962,0.11629167199134827,-0.05248914286494255,-0.009209970943629742,0.020653661340475082
frame_003403.png,frame_003404.png,0.1363930106163025,0.09212534874677658,0.11166545748710632,-0.05452416464686394,-0.01503013540059328,0.02722974494099617
frame_003404.png,frame_003405.png,0.1452842652797699,0.09598416835069656,0.09237027168273926,-0.056415654718875885,-0.02261269837617874,0.029075395315885544
frame_003405.png,frame_003406.png,0.14182047545909882,0.09150808304548264,0.08752578496932983,-0.05409093201160431,-0.030460357666015625,0.030922159552574158
frame_003406.png,frame_003407.png,0.15893439948558807,0.07881247252225876,0.0856398195028305,-0.05004233121871948,-0.03300921991467476,0.013042575679719448
frame_003407.png,frame_003408.png,0.1695726215839386,0.06860149651765823,0.07930876314640045,-0.03746646270155907,-0.03228062763810158,0.008021515794098377
frame_003408.png,frame_003409.png,0.17256370186805725,0.058418065309524536,0.08366471529006958,-0.028385210782289505,-0.028841860592365265,-0.003336646594107151
frame_003409.png,frame_003410.png,0.17846915125846863,0.05865848809480667,0.08632853627204895,-0.006474743131548166,-0.019459698349237442,0.017493829131126404
frame_003410.png,frame_003411.png,0.1617216169834137,0.06015893071889877,0.09207436442375183,0.01676362380385399,-0.006195801310241222,0.027212463319301605
frame_003411.png,frame_003412.png,0.12595100700855255,0.0662735104560852,0.09643559157848358,0.015918023884296417,0.006552447564899921,0.021115299314260483
frame_003412.png,frame_003413.png,0.12131097912788391,0.07149802893400192,0.06762756407260895,0.010198254138231277,0.004406429827213287,0.025973640382289886
frame_003413.png,frame_003414.png,0.16297952830791473,0.059720076620578766,0.044944893568754196,-0.009180567227303982,-0.0007714927196502686,0.028686854988336563
frame_003414.png,frame_003415.png,0.16704007983207703,0.03642185777425766,0.008946079760789871,-0.04080648347735405,-0.010510093532502651,0.013845079578459263
frame_003415.png,frame_003416.png,0.13124153017997742,0.029749490320682526,-0.006079297512769699,-0.02403062954545021,-0.005623086355626583,0.01076312456279993
frame_003416.png,frame_003417.png,0.07457025349140167,0.027055583894252777,0.05903581157326698,-0.028780903667211533,0.006915169768035412,-0.0198831707239151
frame_003417.png,frame_003418.png,0.06450088322162628,0.021392226219177246,0.04772103205323219,0.006617010571062565,0.01271734107285738,-0.020593084394931793
frame_003418.png,frame_003419.png,0.10918564349412918,0.00047213584184646606,-0.005458712577819824,0.008139505051076412,0.014789520762860775,0.026561863720417023
frame_003419.png,frame_003420.png,0.12452535331249237,-0.02692229487001896,0.00476427748799324,-0.02024279534816742,0.029034268110990524,0.05706971883773804
frame_003420.png,frame_003421.png,0.09654227644205093,-0.01229693554341793,0.05881417170166969,-0.010773242451250553,0.01957353577017784,0.02994542568922043
frame_003421.png,frame_003422.png,0.08497513830661774,-0.002997320145368576,0.12046147882938385,-0.02417375147342682,0.014609178528189659,0.0419774129986763
frame_003422.png,frame_003423.png,0.06965699791908264,0.006666850298643112,0.14547517895698547,-0.015516707673668861,0.011571838520467281,0.04954789578914642
frame_003423.png,frame_003424.png,0.06263651698827744,-0.009978145360946655,0.20078924298286438,-0.004348082933574915,-0.007502191700041294,0.036083489656448364
frame_003424.png,frame_003425.png,0.05300087854266167,0.0009858086705207825,0.19337333738803864,0.0011329115368425846,-0.012445474974811077,0.00962489191442728
frame_003425.png,frame_003426.png,0.041527558118104935,0.008504386991262436,0.17268362641334534,-0.006759257987141609,-0.02590957283973694,0.019240491092205048
frame_003426.png,frame_003427.png,0.025534681975841522,0.019902028143405914,0.1728445589542389,-0.018746834248304367,-0.03855051100254059,0.036299750208854675
frame_003427.png,frame_003428.png,0.037277523428201675,0.032518789172172546,0.16112184524536133,-0.014537305571138859,-0.036561015993356705,0.04444891959428787
frame_003428.png,frame_003429.png,0.05019347369670868,0.038542330265045166,0.1497509777545929,-0.011393369175493717,-0.023175198584794998,0.051764603704214096
frame_003429.png,frame_003430.png,0.07864610850811005,0.027732007205486298,0.12161606550216675,-0.016744472086429596,-0.014847512356936932,0.0908282995223999
frame_003430.png,frame_003431.png,0.11289830505847931,0.023151643574237823,0.09410110116004944,-0.018765714019536972,-0.007874312810599804,0.08983372151851654
frame_003431.png,frame_003432.png,0.128755122423172,0.02551119029521942,0.10364867746829987,-0.026993460953235626,-0.0021602464839816093,0.0779729038476944
frame_003432.png,frame_003433.png,0.14090049266815186,0.025853820145130157,0.10438941419124603,-0.022194676101207733,-0.00041801203042268753,0.04972989857196808
frame_003433.png,frame_003434.png,0.15152345597743988,0.025182850658893585,0.0950147956609726,-0.029517855495214462,-0.0006612380966544151,0.04857657104730606
frame_003434.png,frame_003435.png,0.1671416461467743,0.028723858296871185,0.10546670854091644,-0.022194191813468933,-0.0011052144691348076,0.029656458646059036
frame_003435.png,frame_003436.png,0.19902551174163818,0.034448280930519104,0.09391002357006073,-0.005403268150985241,-0.00015129614621400833,0.027316026389598846
frame_003436.png,frame_003437.png,0.2105836123228073,0.02249182015657425,0.08699922263622284,0.0005462365224957466,0.0012218216434121132,0.040366582572460175
frame_003437.png,frame_003438.png,0.19736018776893616,0.028995297849178314,0.09561625123023987,-0.007601610384881496,0.0008095204830169678,0.032124921679496765
frame_003438.png,frame_003439.png,0.1967780590057373,0.04028203338384628,0.09670868515968323,-0.004221844486892223,0.005229595582932234,0.00734055507928133
frame_003439.png,frame_003440.png,0.18813171982765198,0.045252807438373566,0.10223434865474701,-0.007329664193093777,0.0051034921780228615,-0.017939431592822075
frame_003440.png,frame_003441.png,0.17345964908599854,0.055575788021087646,0.11610881984233856,-0.019796736538410187,0.0017857151105999947,-0.04213760793209076
frame_003441.png,frame_003442.png,0.14386998116970062,0.05806154012680054,0.14102771878242493,-0.03920687735080719,-0.007068113423883915,-0.043543994426727295
frame_003442.png,frame_003443.png,0.11886043846607208,0.05274251848459244,0.16336876153945923,-0.04383912682533264,-0.014279275201261044,-0.03832796588540077
frame_003443.png,frame_003444.png,0.09467820823192596,0.044702187180519104,0.18207839131355286,-0.049781929701566696,-0.018986575305461884,-0.036397889256477356
frame_003444.png,frame_003445.png,0.08557320386171341,0.03721390664577484,0.1953870952129364,-0.051569659262895584,-0.01740647852420807,-0.03809383139014244
frame_003445.png,frame_003446.png,0.07073667645454407,0.023017138242721558,0.2168758511543274,-0.05459774658083916,-0.006537384353578091,-0.04731527715921402
frame_003446.png,frame_003447.png,0.07084929943084717,0.012004680931568146,0.22533579170703888,-0.04567611217498779,0.001707996241748333,-0.025297682732343674
frame_003447.png,frame_003448.png,0.07326740771532059,-0.0032511986792087555,0.22835595905780792,-0.0338515006005764,-0.0011544814333319664,0.004202430136501789
frame_003448.png,frame_003449.png,0.061413105577230453,-0.013007177039980888,0.2161407470703125,-0.04101302847266197,-0.00670060608536005,0.04205470532178879
frame_003449.png,frame_003450.png,0.030952047556638718,-0.011462580412626266,0.21406081318855286,-0.05090092122554779,-0.010315530933439732,0.04567226022481918
frame_003450.png,frame_003451.png,0.0032439380884170532,-0.007318127900362015,0.20387114584445953,-0.04767598584294319,-0.014307682402431965,0.040354084223508835
frame_003451.png,frame_003452.png,-0.01791418343782425,-0.008116040378808975,0.16729164123535156,-0.053853437304496765,-0.010630716569721699,0.040781982243061066
frame_003452.png,frame_003453.png,-0.00021855533123016357,-0.0016268976032733917,0.17789217829704285,-0.05876187980175018,-0.012127953581511974,0.048937976360321045
frame_003453.png,frame_003454.png,0.027938060462474823,0.02823808044195175,0.21384283900260925,-0.05394444614648819,-0.018551118671894073,0.01224177423864603
frame_003454.png,frame_003455.png,0.049133867025375366,0.04192338138818741,0.2137952297925949,-0.06789904087781906,-0.014718889258801937,-0.0012093214318156242
frame_003455.png,frame_003456.png,0.056607019156217575,0.0477244034409523,0.17961819469928741,-0.05252286046743393,-0.009054514579474926,0.014235769398510456
frame_003456.png,frame_003457.png,0.03262828290462494,0.04522816836833954,0.16501858830451965,-0.07207018882036209,-0.004252650775015354,0.002787722274661064
frame_003457.png,frame_003458.png,0.02728240191936493,0.021467939019203186,0.14979100227355957,-0.04942929744720459,0.004627623595297337,0.00342730525881052
frame_003458.png,frame_003459.png,0.034195732325315475,0.013387497514486313,0.15582174062728882,-0.04038887470960617,0.011481698602437973,0.004569585435092449
frame_003459.png,frame_003460.png,0.03547811135649681,0.03641209006309509,0.1698959767818451,-0.035242144018411636,0.00827141385525465,0.0006320485845208168
frame_003460.png,frame_003461.png,0.019430503249168396,0.03180178999900818,0.16152074933052063,-0.04624290019273758,0.003294984810054302,0.0015462134033441544
frame_003461.png,frame_003462.png,-0.02658018469810486,0.031422704458236694,0.20725038647651672,-0.04770464450120926,0.0253208689391613,-0.016104724258184433
frame_003462.png,frame_003463.png,-0.04640138894319534,0.026897847652435303,0.21496351063251495,-0.048689957708120346,0.018078893423080444,-0.008093309588730335
frame_003463.png,frame_003464.png,-0.02056402713060379,0.0025795698165893555,0.18380799889564514,-0.029530219733715057,0.014681871049106121,-0.014209936372935772
frame_003464.png,frame_003465.png,-0.018469102680683136,-0.014130834490060806,0.19932761788368225,-0.02291642501950264,0.015387835912406445,-0.028723955154418945
frame_003465.png,frame_003466.png,0.012251071631908417,-0.027859143912792206,0.19470801949501038,-0.04380840063095093,0.01831815019249916,-0.009525786153972149
frame_003466.png,frame_003467.png,0.03118634596467018,-0.029792949557304382,0.1867869794368744,-0.06446455419063568,0.01527277659624815,-0.013142873533070087
frame_003467.png,frame_003468.png,0.04746752232313156,-0.015262492001056671,0.1689402014017105,-0.05664924904704094,0.012849478982388973,-0.03449589014053345
frame_003468.png,frame_003469.png,0.030728597193956375,-0.010693579912185669,0.14218750596046448,-0.04222662374377251,0.01722859963774681,-0.012366573326289654
frame_003469.png,frame_003470.png,-0.012603186070919037,-0.00015030056238174438,0.13704237341880798,-0.02667269855737686,0.012373476289212704,-0.015540826134383678
frame_003470.png,frame_003471.png,-0.03660314530134201,0.005184583365917206,0.15032154321670532,-0.021794132888317108,0.009926303289830685,-0.014331909827888012
frame_003471.png,frame_003472.png,-0.042271845042705536,-0.004106607288122177,0.1583593189716339,-0.011547908186912537,0.01320210937410593,-0.016466911882162094
frame_003472.png,frame_003473.png,-0.029253773391246796,-0.012294027954339981,0.15358909964561462,0.008586003445088863,0.00986765418201685,-0.01614227145910263
frame_003473.png,frame_003474.png,-0.017139695584774017,-0.010405641049146652,0.16012728214263916,0.0152747156098485,-0.0036965878680348396,-0.020980920642614365
frame_003474.png,frame_003475.png,0.004550822079181671,-0.009246096014976501,0.16826193034648895,0.0023365141823887825,-0.003595425747334957,-0.036172449588775635
frame_003475.png,frame_003476.png,0.010306216776371002,0.009871859103441238,0.19579260051250458,-0.00812020618468523,-0.008929924108088017,-0.04703646898269653
frame_003476.png,frame_003477.png,0.0006387829780578613,0.03467889875173569,0.21320873498916626,0.0012247790582478046,-0.007321263663470745,-0.055014077574014664
frame_003477.png,frame_003478.png,-0.008721493184566498,0.05045337229967117,0.22818394005298615,0.00793498009443283,-0.0030029723420739174,-0.05046352744102478
frame_003478.png,frame_003479.png,-0.02270391583442688,0.056874535977840424,0.23268726468086243,0.03795308619737625,0.008782192133367062,-0.0391726978123188
frame_003479.png,frame_003480.png,-0.03553732484579086,0.06583914160728455,0.25763288140296936,0.05494716018438339,0.008793304674327374,-0.030750766396522522
frame_003480.png,frame_003481.png,-0.07508980482816696,0.06383557617664337,0.26473602652549744,0.03538414090871811,-0.0011923806741833687,-0.03962840512394905
frame_003481.png,frame_003482.png,-0.06778537482023239,0.07698182761669159,0.2524391710758209,0.02489226683974266,-0.01168923918157816,-0.044196099042892456
frame_003482.png,frame_003483.png,-0.0382651761174202,0.07577229291200638,0.22463205456733704,0.02393246814608574,-0.015907399356365204,-0.031117044389247894
frame_003483.png,frame_003484.png,-0.005233637988567352,0.0785888284444809,0.22595974802970886,0.0450594425201416,-0.013137155212461948,0.007107752375304699
frame_003484.png,frame_003485.png,-0.01537930965423584,0.07016929239034653,0.2582249343395233,0.04863295704126358,-0.014308207668364048,0.012269414030015469
frame_003485.png,frame_003486.png,-0.06506433337926865,0.0799643024802208,0.2737800180912018,0.033568039536476135,-0.010455125011503696,-0.0022001778706908226
frame_003486.png,frame_003487.png,-0.12720167636871338,0.07683451473712921,0.258590430021286,0.01657690480351448,-0.0022122273221611977,-0.011557734571397305
frame_003487.png,frame_003488.png,-0.18085452914237976,0.05663680285215378,0.2626989781856537,0.0006683217361569405,0.002361803315579891,-0.03265732526779175
frame_003488.png,frame_003489.png,-0.2441762387752533,0.04635799676179886,0.2678442895412445,-0.012185311876237392,0.0025965599343180656,-0.05093953758478165
frame_003489.png,frame_003490.png,-0.28282448649406433,0.04875456541776657,0.2554323375225067,-0.028484225273132324,-0.0018250541761517525,-0.07754392921924591
frame_003490.png,frame_003491.png,-0.28878578543663025,0.049508124589920044,0.2407742142677307,-0.0491875484585762,-0.004474245943129063,-0.08079098910093307
frame_003491.png,frame_003492.png,-0.28289058804512024,0.042637549340724945,0.22309190034866333,-0.0543774738907814,-0.0015972750261425972,-0.08152584731578827
frame_003492.png,frame_003493.png,-0.2609195411205292,0.031716205179691315,0.20005440711975098,-0.06278704851865768,0.0024935444816946983,-0.07312212884426117
frame_003493.png,frame_003494.png,-0.23203054070472717,0.010556142777204514,0.18432244658470154,-0.06730720400810242,0.002587302587926388,-0.0649232417345047
frame_003494.png,frame_003495.png,-0.2255641520023346,-0.0073293037712574005,0.17793676257133484,-0.06504305452108383,0.010801739059388638,-0.06339596211910248
frame_003495.png,frame_003496.png,-0.22409412264823914,-0.014803523197770119,0.17619383335113525,-0.05958976969122887,0.016415327787399292,-0.07201510667800903
frame_003496.png,frame_003497.png,-0.21771177649497986,-0.024066578596830368,0.18038803339004517,-0.055742084980010986,0.01816624402999878,-0.06872561573982239
frame_003497.png,frame_003498.png,-0.2049054205417633,-0.03221514821052551,0.18110421299934387,-0.033357590436935425,0.023903533816337585,-0.053293660283088684
frame_003498.png,frame_003499.png,-0.17164474725723267,-0.045644573867321014,0.1949881911277771,-0.012250191532075405,0.03170669823884964,-0.044307269155979156
frame_003499.png,frame_003500.png,-0.15548166632652283,-0.05921100825071335,0.22210508584976196,-0.00040282122790813446,0.03361805900931358,-0.04690501093864441
frame_003500.png,frame_003501.png,-0.14501094818115234,-0.06488895416259766,0.25056272745132446,0.004009508527815342,0.02939913421869278,-0.04933440685272217
frame_003501.png,frame_003502.png,-0.13015657663345337,-0.06223154440522194,0.2707356810569763,0.0054308148100972176,0.02607319876551628,-0.053287263959646225
frame_003502.png,frame_003503.png,-0.08636613935232162,-0.05209004133939743,0.29584768414497375,-0.004720945842564106,0.021826118230819702,-0.04926372319459915
frame_003503.png,frame_003504.png,-0.0270373597741127,-0.0446879044175148,0.31400221586227417,-0.011446415446698666,0.017171986401081085,-0.046847760677337646
frame_003504.png,frame_003505.png,0.026625022292137146,-0.0398586243391037,0.31843194365501404,-0.020934835076332092,0.014028074219822884,-0.04811081662774086
frame_003505.png,frame_003506.png,0.07287895679473877,-0.035691700875759125,0.31381461024284363,-0.030647125095129013,0.011625250801444054,-0.04925450682640076
frame_003506.png,frame_003507.png,0.1163187325000763,-0.031672656536102295,0.3033328950405121,-0.03937476873397827,0.008585609495639801,-0.05522141605615616
frame_003507.png,frame_003508.png,0.15006063878536224,-0.027567178010940552,0.2940150201320648,-0.043539538979530334,0.0057990895584225655,-0.05752973631024361
frame_003508.png,frame_003509.png,0.17244185507297516,-0.025717629119753838,0.2864047586917877,-0.04827394336462021,0.001486646942794323,-0.06014009565114975
frame_003509.png,frame_003510.png,0.19164234399795532,-0.02310260571539402,0.27530762553215027,-0.05215343460440636,-0.0014352509751915932,-0.060742735862731934
frame_003510.png,frame_003511.png,0.20381247997283936,-0.019791683182120323,0.2634762227535248,-0.0546521320939064,-0.0012453673407435417,-0.06054215505719185
frame_003511.png,frame_003512.png,0.2123720347881317,-0.016403058543801308,0.24950113892555237,-0.055627934634685516,-0.0002562100999057293,-0.060775235295295715
frame_003512.png,frame_003513.png,0.22180220484733582,-0.013333439826965332,0.2351084053516388,-0.05535823851823807,0.0014015142805874348,-0.059835035353899
frame_003513.png,frame_003514.png,0.23065128922462463,-0.010977789759635925,0.22176329791545868,-0.0534418523311615,0.002409033477306366,-0.058040983974933624
frame_003514.png,frame_003515.png,0.237216055393219,-0.008918557316064835,0.20995399355888367,-0.05233591049909592,0.0020710728131234646,-0.05653899908065796
frame_003515.png,frame_003516.png,0.24133870005607605,-0.0085955411195755,0.20084494352340698,-0.05060448497533798,0.0011307117529213428,-0.05240686982870102
frame_003516.png,frame_003517.png,0.2397831678390503,-0.008992452174425125,0.19650772213935852,-0.05060727149248123,-0.0006411932408809662,-0.04731322079896927
frame_003517.png,frame_003518.png,0.23338422179222107,-0.009109288454055786,0.19620579481124878,-0.05026440694928169,-0.002408921718597412,-0.045429777354002
frame_003518.png,frame_003519.png,0.22428405284881592,-0.008874885737895966,0.1962403506040573,-0.04973762482404709,-0.0051598576828837395,-0.04647953063249588
frame_003519.png,frame_003520.png,0.21712937951087952,-0.008975759148597717,0.19872602820396423,-0.04780098795890808,-0.005839449353516102,-0.047162290662527084
frame_003520.png,frame_003521.png,0.21106551587581635,-0.008443310856819153,0.20122559368610382,-0.04614290967583656,-0.008597812615334988,-0.05022774636745453
frame_003521.png,frame_003522.png,0.20096805691719055,-0.005953263491392136,0.20145708322525024,-0.04355864226818085,-0.011532244272530079,-0.04702381789684296
frame_003522.png,frame_003523.png,0.18522334098815918,-0.0019320733845233917,0.20020759105682373,-0.03688272088766098,-0.01433913316577673,-0.047623395919799805
frame_003523.png,frame_003524.png,0.1735484004020691,0.004956759512424469,0.19666115939617157,-0.02741110697388649,-0.01775464415550232,-0.046135976910591125
frame_003524.png,frame_003525.png,0.16349242627620697,0.010585930198431015,0.19235414266586304,-0.018607547506690025,-0.02161235734820366,-0.040028855204582214
frame_003525.png,frame_003526.png,0.1565234363079071,0.015146233141422272,0.18505099415779114,-0.007267957553267479,-0.023762602359056473,-0.030926648527383804
frame_003526.png,frame_003527.png,0.15165255963802338,0.016911335289478302,0.1769661158323288,0.004376412369310856,-0.026195455342531204,-0.017222020775079727
frame_003527.png,frame_003528.png,0.14795443415641785,0.017454322427511215,0.16916623711585999,0.015586883760988712,-0.02794579416513443,-0.0062356917187571526
frame_003528.png,frame_003529.png,0.14828340709209442,0.015300877392292023,0.16514208912849426,0.020566005259752274,-0.027444005012512207,0.002564390189945698
frame_003529.png,frame_003530.png,0.1516672670841217,0.01546885073184967,0.16114619374275208,0.025816787034273148,-0.025262270122766495,0.007955131120979786
frame_003530.png,frame_003531.png,0.1558617502450943,0.014488890767097473,0.1574297696352005,0.02763707935810089,-0.023706946521997452,0.012354725040495396
frame_003531.png,frame_003532.png,0.15891176462173462,0.013143040239810944,0.1580219864845276,0.027078531682491302,-0.021552909165620804,0.01575557142496109
frame_003532.png,frame_003533.png,0.16023394465446472,0.013544540852308273,0.15682989358901978,0.030479297041893005,-0.02060074359178543,0.01801220327615738
frame_003533.png,frame_003534.png,0.16222399473190308,0.012685321271419525,0.15689538419246674,0.03077886626124382,-0.019785303622484207,0.0219905823469162
frame_003534.png,frame_003535.png,0.164472296833992,0.013376180082559586,0.15817558765411377,0.02840166911482811,-0.02027105540037155,0.026120632886886597
frame_003535.png,frame_003536.png,0.16628962755203247,0.014251124113798141,0.15483713150024414,0.02548646181821823,-0.020380955189466476,0.02495596557855606
frame_003536.png,frame_003537.png,0.17290917038917542,0.017667073756456375,0.15007150173187256,0.02666906639933586,-0.018948085606098175,0.01959100365638733
frame_003537.png,frame_003538.png,0.18724507093429565,0.02395002543926239,0.14702442288398743,0.02517196163535118,-0.015689566731452942,0.013150175102055073
frame_003538.png,frame_003539.png,0.21009239554405212,0.029008381068706512,0.13417991995811462,0.021063365042209625,-0.016024254262447357,0.008462012745440006
frame_003539.png,frame_003540.png,0.2299175262451172,0.03290397673845291,0.11906883120536804,0.018520046025514603,-0.016341421753168106,0.004988447763025761
frame_003540.png,frame_003541.png,0.24291279911994934,0.034070707857608795,0.10786047577857971,0.018462438136339188,-0.013702810741961002,0.0011444659903645515
frame_003541.png,frame_003542.png,0.2538353204727173,0.03491906076669693,0.10195983946323395,0.022200748324394226,-0.010508439503610134,0.0010237256065011024
frame_003542.png,frame_003543.png,0.2605689465999603,0.03671488165855408,0.09813752770423889,0.030507132411003113,-0.007088259793817997,0.0024467715993523598
frame_003543.png,frame_003544.png,0.2596418261528015,0.03345683962106705,0.0946177989244461,0.03730504959821701,-0.002820497378706932,0.009163492359220982
frame_003544.png,frame_003545.png,0.26327404379844666,0.03614380210638046,0.09891022741794586,0.04043283313512802,0.00040445756167173386,0.01175436470657587
frame_003545.png,frame_003546.png,0.26098862290382385,0.038733139634132385,0.09833027422428131,0.03848721832036972,0.0022780224680900574,0.00975846592336893
frame_003546.png,frame_003547.png,0.2590307891368866,0.042791225016117096,0.10122783482074738,0.03470645844936371,0.002388100139796734,0.00850259605795145
frame_003547.png,frame_003548.png,0.25288069248199463,0.047252655029296875,0.10722482204437256,0.028779979795217514,6.503332406282425e-05,0.008969583548605442
frame_003548.png,frame_003549.png,0.24749666452407837,0.05119510740041733,0.11230401694774628,0.02116283029317856,-0.003946555778384209,0.014023934490978718
frame_003549.png,frame_003550.png,0.24336114525794983,0.05295418202877045,0.11308231949806213,0.017473716288805008,-0.009251193143427372,0.015613519586622715
frame_003550.png,frame_003551.png,0.2421989142894745,0.055155083537101746,0.10807710886001587,0.01440457534044981,-0.01641174778342247,0.01740279793739319
frame_003551.png,frame_003552.png,0.2466425597667694,0.05464645475149155,0.10050870478153229,0.015206345357000828,-0.022345885634422302,0.01746271923184395
frame_003552.png,frame_003553.png,0.25047624111175537,0.05297224968671799,0.09869666397571564,0.017084237188100815,-0.025560826063156128,0.01609984040260315
frame_003553.png,frame_003554.png,0.25662463903427124,0.054704949259757996,0.09788362681865692,0.01733841374516487,-0.029372364282608032,0.018096737563610077
frame_003554.png,frame_003555.png,0.26031869649887085,0.057204775512218475,0.09725028276443481,0.015269101597368717,-0.03345980495214462,0.023400530219078064
frame_003555.png,frame_003556.png,0.26504647731781006,0.060523174703121185,0.09408566355705261,0.011788210831582546,-0.0362718403339386,0.027544260025024414
frame_003556.png,frame_003557.png,0.2672813832759857,0.06382378190755844,0.09213736653327942,0.0049378592520952225,-0.03937111422419548,0.03132423013448715
frame_003557.png,frame_003558.png,0.26455286145210266,0.06798265129327774,0.0941326767206192,-0.003150898963212967,-0.04338448494672775,0.036442067474126816
frame_003558.png,frame_003559.png,0.25668033957481384,0.06897081434726715,0.09430861473083496,-0.012333960272371769,-0.04732968658208847,0.041730232536792755
frame_003559.png,frame_003560.png,0.25342774391174316,0.06954769045114517,0.0886932909488678,-0.01955733820796013,-0.04973187670111656,0.04668046534061432
frame_003560.png,frame_003561.png,0.252647340297699,0.06980464607477188,0.0841074287891388,-0.024974431842565536,-0.051044922322034836,0.04774130880832672
frame_003561.png,frame_003562.png,0.25320765376091003,0.07129037380218506,0.08557434380054474,-0.02799021452665329,-0.051083244383335114,0.0463532917201519
frame_003562.png,frame_003563.png,0.2558150589466095,0.07259590923786163,0.08914387226104736,-0.029199015349149704,-0.049041926860809326,0.04221551492810249
frame_003563.png,frame_003564.png,0.25614607334136963,0.07266706973314285,0.09553083777427673,-0.03023839369416237,-0.04766833782196045,0.03926173970103264
frame_003564.png,frame_003565.png,0.2551524043083191,0.07140324264764786,0.10195885598659515,-0.02869393676519394,-0.046780481934547424,0.03798287361860275
frame_003565.png,frame_003566.png,0.2531442940235138,0.06987866014242172,0.11078289151191711,-0.027466341853141785,-0.045078009366989136,0.036000750958919525
frame_003566.png,frame_003567.png,0.24892404675483704,0.06758709251880646,0.12719227373600006,-0.026468127965927124,-0.04163273796439171,0.03613366186618805
frame_003567.png,frame_003568.png,0.2471076250076294,0.06731393933296204,0.14426933228969574,-0.020585820078849792,-0.0398864708840847,0.04374375939369202
frame_003568.png,frame_003569.png,0.24738538265228271,0.06951244920492172,0.1526166796684265,-0.014377067796885967,-0.03946631774306297,0.048932090401649475
frame_003569.png,frame_003570.png,0.2580488622188568,0.06990698724985123,0.14513155817985535,-0.011741512455046177,-0.03590605407953262,0.056344255805015564
frame_003570.png,frame_003571.png,0.26373061537742615,0.06966928392648697,0.13954119384288788,-0.00993658509105444,-0.02949172630906105,0.059946149587631226
frame_003571.png,frame_003572.png,0.26795172691345215,0.07103337347507477,0.13570822775363922,-0.00818688329309225,-0.021054167300462723,0.059686943888664246
frame_003572.png,frame_003573.png,0.2721458077430725,0.07046233862638474,0.13354982435703278,-0.006074654869735241,-0.012364760972559452,0.060400038957595825
frame_003573.png,frame_003574.png,0.27330368757247925,0.06700147688388824,0.1267305612564087,-0.002755480818450451,-0.007198135368525982,0.06027384102344513
frame_003574.png,frame_003575.png,0.2809242904186249,0.06474524736404419,0.12019971013069153,0.0013179080560803413,-0.0032526282593607903,0.06226378679275513
frame_003575.png,frame_003576.png,0.28888311982154846,0.061567895114421844,0.11704134941101074,0.004226882942020893,-0.00021611247211694717,0.06081075966358185
frame_003576.png,frame_003577.png,0.291999489068985,0.058788977563381195,0.11767663061618805,0.004485138691961765,0.001113331876695156,0.05838537961244583
frame_003577.png,frame_003578.png,0.2878928780555725,0.05627153813838959,0.12442800402641296,0.0031739184632897377,0.00016098003834486008,0.0575542226433754
frame_003578.png,frame_003579.png,0.28359800577163696,0.05516479164361954,0.1349833607673645,-0.0003474270924925804,-0.0026856372132897377,0.05995669960975647
frame_003579.png,frame_003580.png,0.28492820262908936,0.05520358681678772,0.13878372311592102,-0.003629556857049465,-0.004445730708539486,0.06267234683036804
frame_003580.png,frame_003581.png,0.2849120497703552,0.05771321803331375,0.13629449903964996,-0.003917901776731014,-0.005691629834473133,0.06673555821180344
frame_003581.png,frame_003582.png,0.2865751385688782,0.059399835765361786,0.13421323895454407,-0.00405805092304945,-0.005185318179428577,0.06959851086139679
frame_003582.png,frame_003583.png,0.2903674244880676,0.06379823386669159,0.13749338686466217,-0.0048142774030566216,-0.0022477181628346443,0.06996408104896545
frame_003583.png,frame_003584.png,0.27877992391586304,0.06880863755941391,0.15545769035816193,-0.00819250475615263,-0.000536707229912281,0.06835217773914337
frame_003584.png,frame_003585.png,0.2469446361064911,0.06968346238136292,0.178555428981781,-0.007022303529083729,-6.924383342266083e-06,0.06243378669023514
frame_003585.png,frame_003586.png,0.19894415140151978,0.0627465769648552,0.17526277899742126,0.002851339988410473,0.0008603287860751152,0.04373064264655113
frame_003586.png,frame_003587.png,0.14992931485176086,0.05901835858821869,0.16691160202026367,0.008180900476872921,0.002162260003387928,0.030027713626623154
frame_003587.png,frame_003588.png,0.11262847483158112,0.06170037388801575,0.16148196160793304,0.006792321801185608,0.0028228675946593285,0.016112949699163437
frame_003588.png,frame_003589.png,0.09116950631141663,0.06319820135831833,0.15775462985038757,0.008299987763166428,0.0067244162783026695,0.008755193091928959
frame_003589.png,frame_003590.png,0.07709577679634094,0.061519742012023926,0.14641889929771423,0.012893998064100742,0.012027301825582981,0.004479381255805492
frame_003590.png,frame_003591.png,0.06562483310699463,0.05693884938955307,0.13781599700450897,0.018524926155805588,0.015737496316432953,0.0039733825251460075
frame_003591.png,frame_003592.png,0.06055216118693352,0.051937349140644073,0.13633528351783752,0.01963873952627182,0.016552355140447617,0.0074286917224526405
frame_003592.png,frame_003593.png,0.06208575516939163,0.0494241788983345,0.14273250102996826,0.012362674809992313,0.016309678554534912,0.013827887363731861
frame_003593.png,frame_003594.png,0.06380917131900787,0.04587464779615402,0.15326738357543945,0.006795038469135761,0.013863972388207912,0.024193398654460907
frame_003594.png,frame_003595.png,0.06565292924642563,0.0427761971950531,0.16604146361351013,0.0012860964052379131,0.01324272807687521,0.032080166041851044
frame_003595.png,frame_003596.png,0.07482597231864929,0.038190558552742004,0.1776418685913086,-0.005257104057818651,0.012884284369647503,0.03867201507091522
frame_003596.png,frame_003597.png,0.08769732713699341,0.03567539155483246,0.18648943305015564,-0.008674927055835724,0.012234332971274853,0.04799139127135277
frame_003597.png,frame_003598.png,0.10066448897123337,0.036112651228904724,0.193833589553833,-0.011902439408004284,0.008339500986039639,0.054931461811065674
frame_003598.png,frame_003599.png,0.10625235736370087,0.037525586783885956,0.19550317525863647,-0.016029562801122665,0.00564317312091589,0.05721388757228851
frame_003599.png,frame_003600.png,0.11477307230234146,0.0398445799946785,0.1894853264093399,-0.0175323523581028,0.008562657050788403,0.052839115262031555
frame_003600.png,frame_003601.png,0.12188652902841568,0.045880697667598724,0.18233057856559753,-0.02040255069732666,0.012213933281600475,0.042643990367650986
frame_003601.png,frame_003602.png,0.14384925365447998,0.05317451059818268,0.19256502389907837,-0.02109105885028839,0.012957527302205563,0.045094508677721024
frame_003602.png,frame_003603.png,0.1738816201686859,0.062340982258319855,0.21708816289901733,-0.023435261100530624,0.013046695850789547,0.0487813763320446
frame_003603.png,frame_003604.png,0.1965358853340149,0.07097619771957397,0.23648253083229065,-0.0271284356713295,0.011319953016936779,0.04735824838280678
frame_003604.png,frame_003605.png,0.20628908276557922,0.07873141765594482,0.24471336603164673,-0.029402051120996475,0.01179822813719511,0.038968443870544434
frame_003605.png,frame_003606.png,0.19748152792453766,0.08462391048669815,0.253244549036026,-0.03456193208694458,0.012376130558550358,0.027390092611312866
frame_003606.png,frame_003607.png,0.18388666212558746,0.09344574064016342,0.2721561789512634,-0.043147750198841095,0.012570182792842388,0.015831273049116135
frame_003607.png,frame_003608.png,0.17044708132743835,0.09920568019151688,0.3013189733028412,-0.05589465796947479,0.013453793711960316,0.008107678033411503
frame_003608.png,frame_003609.png,0.15370486676692963,0.10277123004198074,0.3287515342235565,-0.06833502650260925,0.01535793486982584,-0.002293662168085575
frame_003609.png,frame_003610.png,0.13287091255187988,0.1039053276181221,0.3635721802711487,-0.08659802377223969,0.018713267520070076,-0.015037178993225098
frame_003610.png,frame_003611.png,0.10628961771726608,0.10086972266435623,0.39504653215408325,-0.10070709884166718,0.02309565246105194,-0.02311623841524124
frame_003611.png,frame_003612.png,0.08121715486049652,0.0964788869023323,0.41913899779319763,-0.11374861747026443,0.025039836764335632,-0.029724929481744766
frame_003612.png,frame_003613.png,0.0704740583896637,0.09083142131567001,0.4370591938495636,-0.1257815957069397,0.02665676549077034,-0.0329650416970253
frame_003613.png,frame_003614.png,0.06223244220018387,0.08980510383844376,0.44954386353492737,-0.135488361120224,0.026278167963027954,-0.03423413634300232
frame_003614.png,frame_003615.png,0.06352293491363525,0.08964387327432632,0.45654919743537903,-0.14388775825500488,0.027156461030244827,-0.03652958199381828
frame_003615.png,frame_003616.png,0.069388747215271,0.09040272980928421,0.4582652747631073,-0.15200628340244293,0.027267303317785263,-0.04034224897623062
frame_003616.png,frame_003617.png,0.08105461299419403,0.0913308635354042,0.45529332756996155,-0.16018447279930115,0.026563264429569244,-0.043551988899707794
frame_003617.png,frame_003618.png,0.08591784536838531,0.08873388916254044,0.4486970603466034,-0.16539843380451202,0.0248163603246212,-0.047437768429517746
frame_003618.png,frame_003619.png,0.08769644051790237,0.08395946770906448,0.4382365643978119,-0.16051532328128815,0.021081462502479553,-0.04288596287369728
frame_003619.png,frame_003620.png,0.08840252459049225,0.0788784995675087,0.4204370677471161,-0.15202213823795319,0.015291503630578518,-0.0418165847659111
frame_003620.png,frame_003621.png,0.07881602644920349,0.07249832898378372,0.4004964828491211,-0.14323574304580688,0.010756698437035084,-0.047652531415224075
frame_003621.png,frame_003622.png,0.07126408815383911,0.06576521694660187,0.3812980353832245,-0.13300597667694092,0.00789437722414732,-0.052339181303977966
frame_003622.png,frame_003623.png,0.06716849654912949,0.05772528052330017,0.3609306216239929,-0.12010248750448227,0.005408977158367634,-0.05196014791727066
frame_003623.png,frame_003624.png,0.055559687316417694,0.05116388201713562,0.34432777762413025,-0.11103684455156326,0.00476842001080513,-0.057732660323381424
frame_003624.png,frame_003625.png,0.03923168033361435,0.05226583033800125,0.3380679190158844,-0.10924423485994339,0.006468039937317371,-0.06833671778440475
frame_003625.png,frame_003626.png,0.03804482892155647,0.062276266515254974,0.3442031145095825,-0.11261056363582611,0.008319354616105556,-0.07444533705711365
frame_003626.png,frame_003627.png,0.06084936112165451,0.07176578789949417,0.34726035594940186,-0.11648745834827423,0.009783082641661167,-0.07758088409900665
frame_003627.png,frame_003628.png,0.07206929475069046,0.07232397049665451,0.3333665430545807,-0.12044194340705872,0.011632884852588177,-0.07887537777423859
frame_003628.png,frame_003629.png,0.08897116035223007,0.06645374745130539,0.3342559039592743,-0.12704172730445862,0.01395409181714058,-0.0884212851524353
frame_003629.png,frame_003630.png,0.09180784970521927,0.07386419922113419,0.30899274349212646,-0.13789702951908112,0.014218347147107124,-0.10579564422369003
frame_003630.png,frame_003631.png,0.11030718684196472,0.07661160081624985,0.2840597331523895,-0.1296200156211853,0.009240002371370792,-0.10924743115901947
frame_003631.png,frame_003632.png,0.17671704292297363,0.0980350598692894,0.27001941204071045,-0.08690714091062546,0.016179271042346954,-0.09469397366046906
frame_003632.png,frame_003633.png,0.22499120235443115,0.10195606201887131,0.2667536437511444,-0.03243746981024742,0.010362549684941769,-0.05922870337963104
frame_003633.png,frame_003634.png,0.28934791684150696,0.09021929651498795,0.21884700655937195,-0.024159405380487442,-0.012869887985289097,-0.017761114984750748
frame_003634.png,frame_003635.png,0.30474206805229187,0.08908724039793015,0.17907936871051788,-0.0015354035422205925,-0.0034593986347317696,-0.025188997387886047
frame_003635.png,frame_003636.png,0.30959850549697876,0.077694371342659,0.17317160964012146,-0.006527294404804707,0.02652304619550705,-0.05808287858963013
frame_003636.png,frame_003637.png,0.23687639832496643,0.0637492910027504,0.21844016015529633,-0.07427001744508743,0.004548932425677776,-0.06153695285320282
frame_003637.png,frame_003638.png,0.1920889914035797,0.07539569586515427,0.2331744134426117,-0.050678640604019165,-0.019097425043582916,-0.0013847844675183296
frame_003638.png,frame_003639.png,0.17665643990039825,0.08081107586622238,0.20225580036640167,-0.017211992293596268,-0.039199404418468475,0.011465535499155521
frame_003639.png,frame_003640.png,0.19209390878677368,0.08569402247667313,0.2332661747932434,0.03152075782418251,-0.02976936101913452,0.005910725332796574
frame_003640.png,frame_003641.png,0.2313399314880371,0.1014380231499672,0.24076488614082336,0.04213698208332062,-0.007427805103361607,0.046539220958948135
frame_003641.png,frame_003642.png,0.21669983863830566,0.12312722951173782,0.22254814207553864,-0.008356328122317791,-0.01194209884852171,0.04362770915031433
frame_003642.png,frame_003643.png,0.20045548677444458,0.09281017631292343,0.2132677137851715,-0.04490474984049797,-0.007470571435987949,0.020700573921203613
frame_003643.png,frame_003644.png,0.2507804334163666,0.05796729773283005,0.14386345446109772,-0.03196078911423683,-0.006758076138794422,-0.007668475620448589
frame_003644.png,frame_003645.png,0.23999521136283875,0.04708019644021988,0.15070539712905884,-0.03639616444706917,0.0013233115896582603,-0.043334171175956726
frame_003645.png,frame_003646.png,0.2383466362953186,0.04990930110216141,0.21272973716259003,-0.06627234816551208,-0.002947774715721607,-0.034191977232694626
frame_003646.png,frame_003647.png,0.26329153776168823,0.06921015679836273,0.2538594901561737,-0.0666465237736702,0.018844693899154663,-0.026571188122034073
frame_003647.png,frame_003648.png,0.26361340284347534,0.061432190239429474,0.22840091586112976,-0.09983590245246887,0.028356529772281647,-0.018580827862024307
frame_003648.png,frame_003649.png,0.28856438398361206,0.043639615178108215,0.16543635725975037,-0.0903133749961853,0.03972238674759865,0.005518394522368908
frame_003649.png,frame_003650.png,0.28671982884407043,0.05882328003644943,0.14911600947380066,-0.08083178102970123,0.03859549015760422,0.008844428695738316
frame_003650.png,frame_003651.png,0.3211868703365326,0.09206748753786087,0.1705242097377777,-0.11467454582452774,0.03155211731791496,0.000256209634244442
frame_003651.png,frame_003652.png,0.31713899970054626,0.09615985304117203,0.18400290608406067,-0.12047645449638367,0.02400018274784088,-0.009324763901531696
frame_003652.png,frame_003653.png,0.3266060948371887,0.09284777194261551,0.19951671361923218,-0.08977454155683517,0.025573022663593292,0.012167361564934254
frame_003653.png,frame_003654.png,0.33501726388931274,0.08099550008773804,0.1922762542963028,-0.08774486184120178,0.013689658604562283,0.012114726938307285
frame_003654.png,frame_003655.png,0.34642553329467773,0.06843078881502151,0.19676531851291656,-0.09468159079551697,0.01098861824721098,0.017658155411481857
frame_003655.png,frame_003656.png,0.313849538564682,0.051388293504714966,0.23145081102848053,-0.10559090971946716,0.01889123022556305,0.016275323927402496
frame_003656.png,frame_003657.png,0.32480287551879883,0.025814659893512726,0.20622576773166656,-0.11935991048812866,0.028733357787132263,0.016425292938947678
frame_003657.png,frame_003658.png,0.2816298007965088,0.05544973164796829,0.2530049681663513,-0.08892258256673813,0.05511641874909401,-0.004215077497065067
frame_003658.png,frame_003659.png,0.202734112739563,0.0577530711889267,0.20357076823711395,-0.06464394927024841,0.03186611458659172,0.010501471348106861
frame_003659.png,frame_003660.png,0.2276805341243744,0.058491192758083344,0.1970592886209488,-0.06298141181468964,0.019946925342082977,0.007910399697721004
frame_003660.png,frame_003661.png,0.16967377066612244,0.06525769084692001,0.23749497532844543,-0.05457904189825058,0.017080437391996384,0.026023704558610916
frame_003661.png,frame_003662.png,0.14925070106983185,0.05681532621383667,0.25366586446762085,-0.07853644341230392,0.030813783407211304,-0.01350987795740366
frame_003662.png,frame_003663.png,0.15387466549873352,0.059653498232364655,0.20528820157051086,-0.08288976550102234,0.026624083518981934,0.013430201448500156
frame_003663.png,frame_003664.png,0.13799266517162323,0.09510581940412521,0.28112635016441345,-0.10102315992116928,0.03980682045221329,-0.030550464987754822
frame_003664.png,frame_003665.png,0.20162782073020935,0.08991549164056778,0.3217436969280243,-0.08938886225223541,0.038011472672224045,0.008927901275455952
frame_003665.png,frame_003666.png,0.17790380120277405,0.073731929063797,0.27217915654182434,-0.07486073672771454,0.02958415076136589,0.005354844965040684
frame_003666.png,frame_003667.png,0.2019921839237213,0.04303588718175888,0.2162269502878189,-0.033574122935533524,0.043398961424827576,0.015136676840484142
frame_003667.png,frame_003668.png,0.1442767083644867,0.08348598331212997,0.2468491494655609,-0.0461711660027504,0.017314715310931206,0.01752564311027527
frame_003668.png,frame_003669.png,0.14732086658477783,0.0565960556268692,0.27302286028862,-0.08376738429069519,0.029197778552770615,0.017205193638801575
frame_003669.png,frame_003670.png,0.09331800788640976,0.08960931748151779,0.35605546832084656,-0.05765761807560921,0.00847662054002285,0.027150116860866547
frame_003670.png,frame_003671.png,0.08699497580528259,0.07845858484506607,0.3711203634738922,-0.09281935542821884,0.010939639993011951,0.018455829471349716
frame_003671.png,frame_003672.png,0.08952418714761734,0.06355923414230347,0.31084752082824707,-0.05494704097509384,-0.0009440397843718529,-0.00845340546220541
frame_003672.png,frame_003673.png,0.08212904632091522,0.06298244744539261,0.2953498065471649,-0.028947904706001282,-0.006977899000048637,0.026107236742973328
frame_003673.png,frame_003674.png,0.11750826984643936,0.05077888071537018,0.3105303645133972,-0.07979699969291687,-0.011039507575333118,0.09710632264614105
frame_003674.png,frame_003675.png,0.08206871151924133,0.05814323574304581,0.3297905921936035,-0.11494293808937073,-0.014559349976480007,0.039257243275642395
frame_003675.png,frame_003676.png,0.08878034353256226,0.021468862891197205,0.19355814158916473,-0.05875903740525246,-0.0032413918524980545,0.034241341054439545
frame_003676.png,frame_003677.png,0.06054617464542389,0.004443351179361343,0.11298561096191406,-0.05057409033179283,0.005073904059827328,0.014627107419073582
frame_003677.png,frame_003678.png,-0.015762805938720703,0.016519270837306976,0.06547284126281738,-0.07485401630401611,0.004497336223721504,-0.0040335943922400475
frame_003678.png,frame_003679.png,-0.0852857157588005,0.02015358954668045,0.046498190611600876,-0.10828489810228348,0.0029439181089401245,-0.041482411324977875
frame_003679.png,frame_003680.png,-0.07570412009954453,0.010478738695383072,0.020163752138614655,-0.11726414412260056,-0.0014876117929816246,-0.010857752524316311
frame_003680.png,frame_003681.png,-0.11567463725805283,-0.011339977383613586,0.0350007601082325,-0.11377712339162827,-0.003670250065624714,-0.0031864112243056297
frame_003681.png,frame_003682.png,-0.1483098864555359,0.004245780408382416,0.09519562125205994,-0.16363367438316345,0.01688016951084137,-0.006428792141377926
frame_003682.png,frame_003683.png,-0.0896560475230217,0.022218361496925354,0.177065908908844,-0.13913023471832275,0.02823522686958313,-0.025524891912937164
frame_003683.png,frame_003684.png,0.000836201012134552,0.03766303509473801,0.2264617383480072,-0.09856338053941727,0.03168560564517975,0.00573893915861845
frame_003684.png,frame_003685.png,0.04601895064115524,0.052030645310878754,0.2445148527622223,-0.08667132258415222,0.037735819816589355,-0.016291391104459763
frame_003685.png,frame_003686.png,0.0642986074090004,0.04422968626022339,0.27011850476264954,-0.08747448027133942,0.032060787081718445,-0.003673977218568325
frame_003686.png,frame_003687.png,0.06829369813203812,0.046880513429641724,0.309854120016098,-0.058730531483888626,0.03366880491375923,-0.041382357478141785
frame_003687.png,frame_003688.png,0.08227834850549698,0.04936295002698898,0.3350467383861542,-0.02952544391155243,0.020676031708717346,-0.028577636927366257
frame_003688.png,frame_003689.png,0.1168159767985344,0.03246583044528961,0.3250027298927307,-0.059034623205661774,0.013638569973409176,-0.004867450334131718
frame_003689.png,frame_003690.png,0.11271168291568756,0.022914297878742218,0.3443290889263153,-0.06782139092683792,0.016068994998931885,-0.038965560495853424
frame_003690.png,frame_003691.png,0.10688816010951996,0.020583398640155792,0.3703000247478485,-0.05719415843486786,0.0012852968648076057,-0.06232118606567383
frame_003691.png,frame_003692.png,0.09136783331632614,0.030141882598400116,0.40017250180244446,-0.04562048986554146,-0.005366307683289051,-0.08325260877609253
frame_003692.png,frame_003693.png,0.06046619266271591,0.031172089278697968,0.4173981249332428,-0.049410633742809296,-0.0025161029770970345,-0.06334547698497772
frame_003693.png,frame_003694.png,0.009159855544567108,0.012938600033521652,0.44580331444740295,-0.028423938900232315,0.004639533348381519,-0.0713898167014122
frame_003694.png,frame_003695.png,-0.013297267258167267,0.012108087539672852,0.43361005187034607,-0.024029962718486786,0.010534449480473995,-0.08280466496944427
frame_003695.png,frame_003696.png,0.014600671827793121,0.018487323075532913,0.39819151163101196,-0.02843094989657402,0.0003087008371949196,-0.050369054079055786
frame_003696.png,frame_003697.png,0.026028312742710114,0.0085650235414505,0.3506526052951813,-0.021604131907224655,-0.014246298931539059,-0.02354661002755165
frame_003697.png,frame_003698.png,0.04123377799987793,0.016764115542173386,0.36100348830223083,-0.02580862119793892,-0.01794768124818802,-0.000722094438970089
frame_003698.png,frame_003699.png,0.0592803955078125,0.029066123068332672,0.33053451776504517,-0.028851553797721863,-0.008988679386675358,0.027924470603466034
frame_003699.png,frame_003700.png,0.11281819641590118,0.04398834705352783,0.24905747175216675,-0.018375106155872345,-0.011506677605211735,0.03558987379074097
frame_003700.png,frame_003701.png,0.11709283292293549,0.04325617849826813,0.1850140541791916,-0.01103358156979084,-0.02003060281276703,0.00414698664098978
frame_003701.png,frame_003702.png,0.1119852364063263,0.03279819339513779,0.2068270742893219,-0.013035062700510025,-0.018238883465528488,0.0025083059445023537
frame_003702.png,frame_003703.png,0.11977514624595642,0.051261305809020996,0.2210891842842102,-0.03720034658908844,-0.007850753143429756,-0.018670320510864258
frame_003703.png,frame_003704.png,0.17272508144378662,0.04144250601530075,0.21574029326438904,-0.03471258655190468,-0.010584759525954723,0.03914555534720421
frame_003704.png,frame_003705.png,0.19594916701316833,0.07211559265851974,0.16562342643737793,-0.03613073378801346,-0.023424360901117325,0.06072653830051422
frame_003705.png,frame_003706.png,0.1910201907157898,0.0850229486823082,0.11266236007213593,-0.03219519183039665,-0.018218908458948135,0.03654462471604347
frame_003706.png,frame_003707.png,0.2116205394268036,0.09848751872777939,0.07854686677455902,-0.0033509386703372,-0.008890421129763126,0.023243974894285202
frame_003707.png,frame_003708.png,0.22050148248672485,0.11005181819200516,0.0678078830242157,0.009748849086463451,-0.007030748762190342,0.02438763901591301
frame_003708.png,frame_003709.png,0.25355079770088196,0.09179074317216873,0.06144167110323906,0.01849532499909401,-0.006960430182516575,0.046732936054468155
frame_003709.png,frame_003710.png,0.30254438519477844,0.07480701059103012,0.05858905240893364,0.005293478257954121,-0.010778398253023624,0.07663017511367798
frame_003710.png,frame_003711.png,0.30095189809799194,0.0643082708120346,0.040790364146232605,-0.01658499985933304,-0.010318801738321781,0.07885443419218063
frame_003711.png,frame_003712.png,0.31742560863494873,0.0411791056394577,0.02662341669201851,-0.03760528936982155,0.0027405349537730217,0.09135793149471283
frame_003712.png,frame_003713.png,0.30826693773269653,0.041041433811187744,0.020736753940582275,-0.02346881479024887,0.00875688437372446,0.10066929459571838
frame_003713.png,frame_003714.png,0.32213935256004333,0.033539704978466034,-0.02007783204317093,-0.020614802837371826,0.004537529312074184,0.10089019685983658
frame_003714.png,frame_003715.png,0.33885282278060913,0.03540963679552078,-0.015136810019612312,-0.03842670097947121,0.00289217010140419,0.08747352659702301
frame_003715.png,frame_003716.png,0.3342084586620331,0.03651484102010727,0.0024025440216064453,-0.060714393854141235,-0.01211355160921812,0.07095511257648468
frame_003716.png,frame_003717.png,0.347110778093338,0.037332408130168915,-0.010720953345298767,-0.060515664517879486,-0.010076693259179592,0.04875747114419937
frame_003717.png,frame_003718.png,0.3325251638889313,0.040903858840465546,-0.020053934305906296,-0.07724730670452118,-0.007821568287909031,0.04760488495230675
frame_003718.png,frame_003719.png,0.3385259509086609,0.04256981611251831,-0.04396498575806618,-0.07007600367069244,0.0008071614429354668,0.022585194557905197
frame_003719.png,frame_003720.png,0.32744553685188293,0.045959629118442535,-0.028908055275678635,-0.06102942302823067,0.008132209070026875,-0.008924600668251514
frame_003720.png,frame_003721.png,0.2635042071342468,0.03386358916759491,0.008511938154697418,-0.062335170805454254,0.010305008850991726,-0.033564575016498566
frame_003721.png,frame_003722.png,0.20925992727279663,0.034574903547763824,0.08156774938106537,-0.07149453461170197,0.005029619671404362,-0.04469393566250801
frame_003722.png,frame_003723.png,0.17395061254501343,0.04023445397615433,0.14290238916873932,-0.06620384752750397,0.010102488100528717,-0.056529536843299866
frame_003723.png,frame_003724.png,0.14907434582710266,0.0385948121547699,0.15564125776290894,-0.05809805542230606,0.013919243589043617,-0.06322740763425827
frame_003724.png,frame_003725.png,0.10583187639713287,0.034109339118003845,0.14092794060707092,-0.04356301575899124,0.01689528487622738,-0.0633896142244339
frame_003725.png,frame_003726.png,0.09602547436952591,0.04058025777339935,0.12246429920196533,-0.030573245137929916,0.014005351811647415,-0.045311570167541504
frame_003726.png,frame_003727.png,0.10430619865655899,0.030016504228115082,0.0919136255979538,-0.027165591716766357,0.012296751141548157,-0.023639239370822906
frame_003727.png,frame_003728.png,0.10471435636281967,0.026369772851467133,0.07059024274349213,-0.02963675558567047,0.006961745209991932,-0.010670662857592106
frame_003728.png,frame_003729.png,0.09491005539894104,0.028240635991096497,0.07090824842453003,-0.03650655969977379,0.00360091682523489,-0.00505626667290926
frame_003729.png,frame_003730.png,0.07987982779741287,0.030524641275405884,0.06543202698230743,-0.03297147899866104,0.008205699734389782,-0.003107313998043537
frame_003730.png,frame_003731.png,0.0790347158908844,0.03205390274524689,0.05817272141575813,-0.02982116863131523,0.012311355210840702,-0.00047096144407987595
frame_003731.png,frame_003732.png,0.0883626639842987,0.0337456613779068,0.049980077892541885,-0.027644068002700806,0.01490133535116911,0.0017550038173794746
frame_003732.png,frame_003733.png,0.09981617331504822,0.03259731084108353,0.050863783806562424,-0.034386035054922104,0.016251929104328156,0.005630481988191605
frame_003733.png,frame_003734.png,0.1132100522518158,0.029604189097881317,0.058037515729665756,-0.04037655144929886,0.013202783651649952,0.009370873682200909
frame_003734.png,frame_003735.png,0.11787410080432892,0.030756771564483643,0.07939136028289795,-0.03571168705821037,0.008417206816375256,0.015359318815171719
frame_003735.png,frame_003736.png,0.12743526697158813,0.03185141086578369,0.11901398003101349,-0.05950082838535309,0.005838903598487377,0.001179414801299572
frame_003736.png,frame_003737.png,0.13051295280456543,0.030851274728775024,0.1311856359243393,-0.06851119548082352,-0.004810604266822338,-0.01804029569029808
frame_003737.png,frame_003738.png,0.13461419939994812,0.03240770846605301,0.12639524042606354,-0.06774870306253433,-0.013822627253830433,-0.02127506211400032
frame_003738.png,frame_003739.png,0.16680052876472473,0.040371015667915344,0.11502458155155182,-0.07360708713531494,-0.01548371184617281,-0.029815811663866043
frame_003739.png,frame_003740.png,0.20484194159507751,0.05103018134832382,0.07793264091014862,-0.07853095233440399,-0.008709476329386234,-0.03262960910797119
frame_003740.png,frame_003741.png,0.2532598078250885,0.05595538020133972,0.03213568776845932,-0.07454616576433182,0.0012669926509261131,-0.02538803219795227
frame_003741.png,frame_003742.png,0.29669907689094543,0.058541908860206604,-0.0033969879150390625,-0.07010878622531891,0.008953197859227657,-0.023007694631814957
frame_003742.png,frame_003743.png,0.3149135410785675,0.059844888746738434,-0.026808418333530426,-0.060697831213474274,0.01365958247333765,-0.017868921160697937
frame_003743.png,frame_003744.png,0.3275426924228668,0.06248965859413147,-0.0406242273747921,-0.05228573828935623,0.011310969479382038,0.0005465829744935036
frame_003744.png,frame_003745.png,0.3494650721549988,0.06436734646558762,-0.0690503716468811,-0.05041554942727089,0.008684041909873486,0.012250696308910847
frame_003745.png,frame_003746.png,0.37831172347068787,0.06169533729553223,-0.11241690814495087,-0.05031469464302063,0.008109024725854397,0.010592167265713215
frame_003746.png,frame_003747.png,0.39430859684944153,0.05818028002977371,-0.14448688924312592,-0.046821799129247665,0.006882264278829098,0.01419071201235056
