frame_a,frame_b,tx,ty,tz,rx,ry,rz
frame_000000.png,frame_000001.png,0.08801167458295822,-0.0008494406938552856,0.020368169993162155,-0.017503073439002037,0.003794478252530098,-0.025521159172058105
frame_000001.png,frame_000002.png,0.08209029585123062,0.028226353228092194,0.04051601514220238,-0.02838166058063507,0.004177449736744165,-0.041229184716939926
frame_000002.png,frame_000003.png,0.07489442825317383,0.04615514725446701,0.05111655965447426,-0.03507207706570625,0.005864781327545643,-0.05216442793607712
frame_000003.png,frame_000004.png,0.06755676120519638,0.057155005633831024,0.056817617267370224,-0.03895176202058792,0.007924079895019531,-0.05881301686167717
frame_000004.png,frame_000005.png,0.0615139901638031,0.0636945590376854,0.06026896461844444,-0.04147614166140556,0.009781735017895699,-0.062270015478134155
frame_000005.png,frame_000006.png,0.05630424618721008,0.06756141036748886,0.06264741718769073,-0.043282508850097656,0.011300471611320972,-0.06405690312385559
frame_000006.png,frame_000007.png,0.05227702483534813,0.06995178014039993,0.06483042240142822,-0.04441956803202629,0.012275884859263897,-0.06506858766078949
frame_000007.png,frame_000008.png,0.049557074904441833,0.0714765265583992,0.06590525805950165,-0.04501679167151451,0.013013934716582298,-0.06569390743970871
frame_000008.png,frame_000009.png,0.04813038557767868,0.07229793816804886,0.06675493717193604,-0.04542391747236252,0.013463691808283329,-0.06605241447687149
frame_000009.png,frame_000010.png,0.04759806767106056,0.07286836206912994,0.06752172112464905,-0.045800965279340744,0.01367389876395464,-0.06629297137260437
frame_000010.png,frame_000011.png,0.04720982909202576,0.07309485226869583,0.06765110790729523,-0.04610869288444519,0.013847572728991508,-0.06667269766330719
frame_000011.png,frame_000012.png,0.04690055549144745,0.07321495562791824,0.0683533251285553,-0.04605690389871597,0.013921466656029224,-0.06697537750005722
frame_000012.png,frame_000013.png,0.046605054289102554,0.07309810817241669,0.06877847015857697,-0.04617081955075264,0.014011133462190628,-0.06712062656879425
frame_000013.png,frame_000014.png,0.046130601316690445,0.07298963516950607,0.06897959113121033,-0.0462639294564724,0.01409158669412136,-0.06716524064540863
frame_000014.png,frame_000015.png,0.04602985084056854,0.07300282269716263,0.0690271258354187,-0.046570271253585815,0.01413202378898859,-0.06736995279788971
frame_000015.png,frame_000016.png,0.04629889503121376,0.07302376627922058,0.06942978501319885,-0.046687051653862,0.014131288044154644,-0.06733628362417221
frame_000016.png,frame_000017.png,0.046190425753593445,0.07294513285160065,0.0694843977689743,-0.04693827033042908,0.013991079293191433,-0.06715675443410873
frame_000017.png,frame_000018.png,0.0464189387857914,0.0728716030716896,0.06942044198513031,-0.04722381383180618,0.013947299681603909,-0.06702714413404465
frame_000018.png,frame_000019.png,0.04642811417579651,0.07295364886522293,0.07002037763595581,-0.047341734170913696,0.014012654311954975,-0.06713485717773438
frame_000019.png,frame_000020.png,0.04618605226278305,0.07263839989900589,0.06934985518455505,-0.04743719846010208,0.01415744423866272,-0.06752287596464157
frame_000020.png,frame_000021.png,0.04602508991956711,0.0726563036441803,0.06939822435379028,-0.04757912456989288,0.014182057231664658,-0.06768109649419785
frame_000021.png,frame_000022.png,0.04596811532974243,0.07272432744503021,0.0697152316570282,-0.04744557663798332,0.014147705398499966,-0.06807442009449005
frame_000022.png,frame_000023.png,0.045331522822380066,0.07249663025140762,0.07004968822002411,-0.047148577868938446,0.014142940752208233,-0.06851612776517868
frame_000023.png,frame_000024.png,0.04501964896917343,0.07145634293556213,0.06913231313228607,-0.04793042317032814,0.013745792210102081,-0.06919212639331818
frame_000024.png,frame_000025.png,0.04510347545146942,0.07169342786073685,0.06988568603992462,-0.048590026795864105,0.013895564712584019,-0.06839511543512344
frame_000025.png,frame_000026.png,0.04531191289424896,0.07179318368434906,0.07085412740707397,-0.04872191324830055,0.01398529950529337,-0.06821458786725998
frame_000026.png,frame_000027.png,0.045408945530653,0.07186459749937057,0.07181797921657562,-0.048116713762283325,0.014032576233148575,-0.06852081418037415
frame_000027.png,frame_000028.png,0.04554809629917145,0.0720779076218605,0.07342897355556488,-0.047565165907144547,0.014176913537085056,-0.06888896226882935
frame_000028.png,frame_000029.png,0.04549529030919075,0.0721970945596695,0.07490687072277069,-0.046682946383953094,0.01441880315542221,-0.06932642310857773
frame_000029.png,frame_000030.png,0.045263681560754776,0.0722048208117485,0.07699485123157501,-0.04578910768032074,0.014610621146857738,-0.06941354274749756
frame_000030.png,frame_000031.png,0.04569050297141075,0.07249494642019272,0.07901167869567871,-0.044611670076847076,0.014886886812746525,-0.06911300867795944
frame_000031.png,frame_000032.png,0.04570753127336502,0.07238023728132248,0.07973429560661316,-0.04318048804998398,0.01511712372303009,-0.06861135363578796
frame_000032.png,frame_000033.png,0.0449829176068306,0.07194072753190994,0.07952560484409332,-0.041768692433834076,0.01508008036762476,-0.06846796721220016
frame_000033.png,frame_000034.png,0.043884068727493286,0.07141023129224777,0.07704390585422516,-0.0404244139790535,0.015186759643256664,-0.06872480362653732
frame_000034.png,frame_000035.png,0.04332076758146286,0.07142247259616852,0.07412916421890259,-0.039638619869947433,0.015270954929292202,-0.06904636323451996
frame_000035.png,frame_000036.png,0.043061546981334686,0.07159928977489471,0.07077665627002716,-0.039010949432849884,0.01531436201184988,-0.06947266310453415
frame_000036.png,frame_000037.png,0.04344605281949043,0.07196088880300522,0.06757989525794983,-0.03877107799053192,0.015236941166222095,-0.06970152258872986
frame_000037.png,frame_000038.png,0.04498264938592911,0.072836734354496,0.06502196192741394,-0.03902801126241684,0.015029060654342175,-0.06971427798271179
frame_000038.png,frame_000039.png,0.046978242695331573,0.07374905049800873,0.06227584555745125,-0.038802217692136765,0.014689872972667217,-0.06981166452169418
frame_000039.png,frame_000040.png,0.04939284548163414,0.07484447211027145,0.05946483835577965,-0.038358792662620544,0.014587790705263615,-0.06948790699243546
frame_000040.png,frame_000041.png,0.051401905715465546,0.07590887695550919,0.05729403719305992,-0.0381426140666008,0.014392339624464512,-0.0686817318201065
frame_000041.png,frame_000042.png,0.05338975042104721,0.07773914933204651,0.05609804764389992,-0.0386563315987587,0.013912039808928967,-0.06844999641180038
frame_000042.png,frame_000043.png,0.05542214587330818,0.08007820695638657,0.05565818026661873,-0.039580050855875015,0.013126443140208721,-0.06848091632127762
frame_000043.png,frame_000044.png,0.05842658877372742,0.08272945880889893,0.056392233818769455,-0.04015166684985161,0.01206811610609293,-0.06760212033987045
frame_000044.png,frame_000045.png,0.061380933970212936,0.08570181578397751,0.057890746742486954,-0.04100491479039192,0.010817795060575008,-0.06725387275218964
frame_000045.png,frame_000046.png,0.063779816031456,0.0881730392575264,0.058021899312734604,-0.04115570709109306,0.009797054342925549,-0.06691467761993408
frame_000046.png,frame_000047.png,0.06527241319417953,0.09051010757684708,0.058257635682821274,-0.04123508930206299,0.008552930317819118,-0.06803878396749496
frame_000047.png,frame_000048.png,0.06582611799240112,0.09127973765134811,0.055526670068502426,-0.042800918221473694,0.006952649913728237,-0.06940483301877975
frame_000048.png,frame_000049.png,0.06689542531967163,0.09321954101324081,0.05576546862721443,-0.04525209963321686,0.005549740977585316,-0.06841529905796051
frame_000049.png,frame_000050.png,0.06663325428962708,0.09485452622175217,0.05700136348605156,-0.04755283147096634,0.004257203079760075,-0.06839495152235031
frame_000050.png,frame_000051.png,0.06434670835733414,0.0963829830288887,0.05997372046113014,-0.05018014460802078,0.0028446512296795845,-0.06977726519107819
frame_000051.png,frame_000052.png,0.06005146726965904,0.09651892632246017,0.06369654834270477,-0.052020687609910965,0.0013373037800192833,-0.07143224775791168
frame_000052.png,frame_000053.png,0.05360812693834305,0.09657425433397293,0.06892761588096619,-0.05309227108955383,-6.343331187963486e-05,-0.07191091775894165
frame_000053.png,frame_000054.png,0.04698507487773895,0.09721419960260391,0.07467374205589294,-0.053903769701719284,-0.001488187350332737,-0.07247554510831833
frame_000054.png,frame_000055.png,0.03767535090446472,0.0972895398736,0.08011384308338165,-0.05545658618211746,-0.0024916166439652443,-0.07172016054391861
frame_000055.png,frame_000056.png,0.027480043470859528,0.09697519987821579,0.08782035112380981,-0.05702328309416771,-0.003344372846186161,-0.07053156197071075
frame_000056.png,frame_000057.png,0.016548894345760345,0.09709898382425308,0.09551937878131866,-0.05890043079853058,-0.004598700441420078,-0.07027360051870346
frame_000057.png,frame_000058.png,0.007111243903636932,0.0963561162352562,0.10183201730251312,-0.06208612024784088,-0.005829633213579655,-0.0693616196513176
frame_000058.png,frame_000059.png,-0.0009434446692466736,0.09466160088777542,0.10843929648399353,-0.06587232649326324,-0.006054756231606007,-0.0679965689778328
frame_000059.png,frame_000060.png,-0.008765362203121185,0.09090519696474075,0.11436322331428528,-0.0700996145606041,-0.006073717959225178,-0.06542648375034332
frame_000060.png,frame_000061.png,-0.012524254620075226,0.08779454976320267,0.12122085690498352,-0.07314875721931458,-0.00586040411144495,-0.0634516179561615
frame_000061.png,frame_000062.png,-0.010504312813282013,0.08483809977769852,0.12932203710079193,-0.07617078721523285,-0.004992441274225712,-0.06012248247861862
frame_000062.png,frame_000063.png,-0.005362547934055328,0.08034554123878479,0.13591410219669342,-0.07657856494188309,-0.004333444871008396,-0.0559384822845459
frame_000063.png,frame_000064.png,-0.004713006317615509,0.07348571717739105,0.14157788455486298,-0.07549063116312027,-0.004575149156153202,-0.04916759580373764
frame_000064.png,frame_000065.png,-0.0012161210179328918,0.06925086677074432,0.14487656950950623,-0.07390114665031433,-0.004848898388445377,-0.045534566044807434
frame_000065.png,frame_000066.png,0.01082783192396164,0.06527037918567657,0.15123379230499268,-0.07499514520168304,-0.0062182592228055,-0.04063275828957558
frame_000066.png,frame_000067.png,0.030729934573173523,0.062137238681316376,0.15451426804065704,-0.07636865973472595,-0.007351447828114033,-0.03664453700184822
frame_000067.png,frame_000068.png,0.06004553288221359,0.061181969940662384,0.1583627462387085,-0.07466661930084229,-0.007786964066326618,-0.032372623682022095
frame_000068.png,frame_000069.png,0.09030963480472565,0.058485619723796844,0.15959414839744568,-0.07186413556337357,-0.008787873201072216,-0.026753481477499008
frame_000069.png,frame_000070.png,0.12168711423873901,0.05335346609354019,0.15918990969657898,-0.06567663699388504,-0.009316391311585903,-0.023143257945775986
frame_000070.png,frame_000071.png,0.15330590307712555,0.048572391271591187,0.1660989224910736,-0.05809960514307022,-0.01043285708874464,-0.018650930374860764
frame_000071.png,frame_000072.png,0.1822088360786438,0.0414578914642334,0.17363616824150085,-0.05327504873275757,-0.010936354286968708,-0.005894230678677559
frame_000072.png,frame_000073.png,0.2011861801147461,0.03425274044275284,0.1870875209569931,-0.0510842502117157,-0.009869546629488468,0.00877236295491457
frame_000073.png,frame_000074.png,0.20447058975696564,0.029047764837741852,0.2064211219549179,-0.04470296576619148,-0.007709270343184471,0.021180208772420883
frame_000074.png,frame_000075.png,0.19172149896621704,0.023342259228229523,0.2221754491329193,-0.03511139750480652,-0.005110146477818489,0.0295560285449028
frame_000075.png,frame_000076.png,0.17127439379692078,0.017978165298700333,0.23310646414756775,-0.02193756029009819,-0.001681797206401825,0.03424995765089989
frame_000076.png,frame_000077.png,0.14735396206378937,0.008782077580690384,0.24154886603355408,-0.007049092091619968,-0.0018913885578513145,0.04438793286681175
frame_000077.png,frame_000078.png,0.11981502920389175,0.0049819424748420715,0.2490512728691101,0.012022261507809162,-0.002175035886466503,0.057905085384845734
frame_000078.png,frame_000079.png,0.09632016718387604,0.0021456778049468994,0.24123355746269226,0.029065027832984924,-0.0018193479627370834,0.06321953237056732
frame_000079.png,frame_000080.png,0.07707186043262482,0.0036072805523872375,0.22541272640228271,0.042948804795742035,-0.0015300903469324112,0.06838513165712357
frame_000080.png,frame_000081.png,0.06283131241798401,0.014393165707588196,0.21559205651283264,0.052418600767850876,-0.0025450652465224266,0.07437627017498016
frame_000081.png,frame_000082.png,0.05016448348760605,0.02922472357749939,0.19990092515945435,0.057093262672424316,-0.0023848898708820343,0.07815151661634445
frame_000082.png,frame_000083.png,0.0461357906460762,0.04431961476802826,0.1863093376159668,0.056202664971351624,-0.0034801848232746124,0.08775380998849869
frame_000083.png,frame_000084.png,0.046882275491952896,0.05682278424501419,0.1724604368209839,0.04770056903362274,-0.009397928602993488,0.10095729678869247
frame_000084.png,frame_000085.png,0.059140123426914215,0.06934268772602081,0.15446902811527252,0.03442615643143654,-0.010132686235010624,0.10242094844579697
frame_000085.png,frame_000086.png,0.07772216200828552,0.08310756832361221,0.14512531459331512,0.02920573204755783,-0.010816472582519054,0.10263775289058685
frame_000086.png,frame_000087.png,0.09167417883872986,0.08977574855089188,0.13729113340377808,0.026503238826990128,-0.012365846894681454,0.09604770690202713
frame_000087.png,frame_000088.png,0.10195717960596085,0.08164548128843307,0.14703068137168884,0.014313259162008762,-0.017261672765016556,0.09332896023988724
frame_000088.png,frame_000089.png,0.09336166083812714,0.06770589202642441,0.16724370419979095,0.005803088657557964,-0.02243894711136818,0.07909169793128967
frame_000089.png,frame_000090.png,0.04739275574684143,0.054816387593746185,0.17837518453598022,-0.01538060326129198,-0.025603219866752625,0.05629715323448181
frame_000090.png,frame_000091.png,-0.01629813015460968,0.04763295501470566,0.19149887561798096,-0.03304508328437805,-0.024427007883787155,0.03499756008386612
frame_000091.png,frame_000092.png,-0.0700904056429863,0.042107418179512024,0.18306612968444824,-0.0326184518635273,-0.020028840750455856,0.011031818576157093
frame_000092.png,frame_000093.png,-0.096270851790905,0.04465228319168091,0.19190138578414917,-0.03595343977212906,-0.020149212330579758,-0.012769362889230251
frame_000093.png,frame_000094.png,-0.09087458997964859,0.06056561321020126,0.22223690152168274,-0.052170202136039734,-0.021051447838544846,-0.025474682450294495
frame_000094.png,frame_000095.png,-0.07133253663778305,0.07346288114786148,0.24541568756103516,-0.06701059639453888,-0.018101908266544342,-0.03005971759557724
frame_000095.png,frame_000096.png,-0.042541198432445526,0.0837743803858757,0.2571043372154236,-0.07156634330749512,-0.012218824587762356,-0.03633492812514305
frame_000096.png,frame_000097.png,-0.02060115337371826,0.09291733056306839,0.2589782774448395,-0.06650838255882263,-0.007137938402593136,-0.03277668356895447
frame_000097.png,frame_000098.png,-0.006302677094936371,0.09219237416982651,0.23426136374473572,-0.05537637323141098,-0.02124100923538208,-0.027736008167266846
frame_000098.png,frame_000099.png,-0.01125933974981308,0.08174522966146469,0.21395555138587952,-0.059546731412410736,-0.03368884325027466,-0.05160992220044136
frame_000099.png,frame_000100.png,-0.014545373618602753,0.06671015173196793,0.2002447545528412,-0.06388150900602341,-0.03964957222342491,-0.0661608874797821
frame_000100.png,frame_000101.png,-0.017205141484737396,0.051259927451610565,0.1973268985748291,-0.06275153160095215,-0.03786413371562958,-0.08111820369958878
frame_000101.png,frame_000102.png,-0.02307455986738205,0.041849032044410706,0.20123818516731262,-0.05663469061255455,-0.03036206215620041,-0.09805856645107269
frame_000102.png,frame_000103.png,-0.023167721927165985,0.030993826687335968,0.20033226907253265,-0.05120927095413208,-0.024176951497793198,-0.09723339974880219
frame_000103.png,frame_000104.png,-0.042014800012111664,0.028051897883415222,0.1920510232448578,-0.05166589468717575,-0.018542177975177765,-0.10924582183361053
frame_000104.png,frame_000105.png,-0.07536835223436356,0.029887743294239044,0.15576046705245972,-0.04762788489460945,-0.018698617815971375,-0.12747466564178467
frame_000105.png,frame_000106.png,-0.07819760590791702,0.0350654199719429,0.13081586360931396,-0.028317227959632874,-0.01816495880484581,-0.12351063638925552
frame_000106.png,frame_000107.png,-0.08124121278524399,0.03403232991695404,0.11330416798591614,-0.004209860228002071,-0.019332803785800934,-0.10819123685359955
frame_000107.png,frame_000108.png,-0.08305833488702774,0.023491062223911285,0.08351545035839081,0.01173448283225298,-0.01982247084379196,-0.08949527889490128
frame_000108.png,frame_000109.png,-0.0770265981554985,0.02457994967699051,0.0918835699558258,0.002848232164978981,-0.02636256068944931,-0.0663919672369957
frame_000109.png,frame_000110.png,-0.07092040032148361,0.02126643806695938,0.11430774629116058,-0.006623425986617804,-0.029147334396839142,-0.00853851716965437
frame_000110.png,frame_000111.png,-0.07362370938062668,0.03243411332368851,0.12295463681221008,0.003896373324096203,-0.025136683136224747,0.022655371576547623
frame_000111.png,frame_000112.png,-0.07275231927633286,0.04261621832847595,0.1767907440662384,0.0014414405450224876,-0.014593499712646008,0.03856956958770752
frame_000112.png,frame_000113.png,-0.06496482342481613,0.05292559415102005,0.19968828558921814,-0.01339284423738718,-0.00710227619856596,0.04056181013584137
frame_000113.png,frame_000114.png,-0.05724213272333145,0.05395875126123428,0.21309876441955566,-0.021100394427776337,0.003093714825809002,0.03105193004012108
frame_000114.png,frame_000115.png,-0.03785576671361923,0.05974537134170532,0.21725404262542725,-0.011019249446690083,0.004600920714437962,0.018878016620874405
frame_000115.png,frame_000116.png,-0.012771442532539368,0.06632715463638306,0.20447421073913574,-0.016506392508745193,-0.0031471410766243935,0.032528072595596313
frame_000116.png,frame_000117.png,0.00048113614320755005,0.06851900368928909,0.20828774571418762,-0.03448565676808357,0.004367453511804342,0.04094492271542549
frame_000117.png,frame_000118.png,0.01680023968219757,0.06711377203464508,0.182205468416214,-0.04985174164175987,0.006838529370725155,0.037867672741413116
frame_000118.png,frame_000119.png,0.0358046256005764,0.06617122888565063,0.15216393768787384,-0.05210162326693535,-0.011224192567169666,0.04433893412351608
frame_000119.png,frame_000120.png,0.03300662711262703,0.05261162668466568,0.1396183967590332,-0.03300856798887253,-0.023898202925920486,0.053096115589141846
frame_000120.png,frame_000121.png,0.0005850121378898621,0.025817550718784332,0.1590537279844284,-0.017322484403848648,-0.023970123380422592,0.0564543679356575
frame_000121.png,frame_000122.png,-0.03475763648748398,-0.006082482635974884,0.17054283618927002,-0.024853888899087906,-0.02037065476179123,0.062045566737651825
frame_000122.png,frame_000123.png,-0.06339871138334274,-0.014953739941120148,0.17971071600914001,-0.008817101828753948,-0.023533962666988373,0.06448584794998169
frame_000123.png,frame_000124.png,-0.1025925949215889,-0.030721712857484818,0.21505339443683624,-0.00017969030886888504,-0.014471235685050488,0.04932541400194168
frame_000124.png,frame_000125.png,-0.15695008635520935,-0.03821827098727226,0.26976650953292847,-0.008525258861482143,-0.004132569767534733,0.021033886820077896
frame_000125.png,frame_000126.png,-0.16410347819328308,-0.04112015292048454,0.30890771746635437,-0.03017488121986389,-0.003567037172615528,0.02774662896990776
frame_000126.png,frame_000127.png,-0.13111835718154907,-0.04974997416138649,0.2853226959705353,-0.0232657790184021,-0.010790488682687283,0.05201134830713272
frame_000127.png,frame_000128.png,-0.06882717460393906,-0.04270099103450775,0.2555268406867981,-0.016726521775126457,-0.017493698745965958,0.07164887338876724
frame_000128.png,frame_000129.png,-0.02096056193113327,-0.02592695876955986,0.20823737978935242,-0.004514849744737148,-0.01974722370505333,0.10080835223197937
frame_000129.png,frame_000130.png,-0.028165660798549652,-0.026536889374256134,0.17380189895629883,-0.005853699054569006,-0.023149993270635605,0.10166452080011368
frame_000130.png,frame_000131.png,-0.08172338455915451,-0.024691738188266754,0.16548258066177368,-0.014853131957352161,-0.023274771869182587,0.08307519555091858
frame_000131.png,frame_000132.png,-0.10278847068548203,-0.019485097378492355,0.17030730843544006,-0.015799157321453094,-0.02642906829714775,0.06362336128950119
frame_000132.png,frame_000133.png,-0.06934135407209396,-0.004539698362350464,0.16247430443763733,-0.040694933384656906,-0.028392937034368515,0.05412308871746063
frame_000133.png,frame_000134.png,-0.010206304490566254,0.018118150532245636,0.15124237537384033,-0.040418170392513275,-0.022402681410312653,0.017082054167985916
frame_000134.png,frame_000135.png,0.04509757459163666,0.03326436132192612,0.1670512855052948,-0.06340835243463516,-0.018601492047309875,0.004328900948166847
frame_000135.png,frame_000136.png,0.07638238370418549,0.04440971463918686,0.16732874512672424,-0.07176012545824051,-0.024474699050188065,-0.01059572584927082
frame_000136.png,frame_000137.png,0.11164917051792145,0.04333888739347458,0.1507774442434311,-0.05728590860962868,-0.023661307990550995,0.001972007565200329
frame_000137.png,frame_000138.png,0.1326591819524765,0.03740421682596207,0.1313784420490265,-0.052399516105651855,-0.034142397344112396,0.020213589072227478
frame_000138.png,frame_000139.png,0.1328231543302536,0.023883454501628876,0.10532031953334808,-0.04747508093714714,-0.02637006714940071,0.02240094169974327
frame_000139.png,frame_000140.png,0.1363884061574936,0.01959684118628502,0.09009596705436707,-0.04771658405661583,-0.013418094255030155,0.013964406214654446
frame_000140.png,frame_000141.png,0.17837601900100708,0.020714126527309418,0.08747924864292145,-0.055969323962926865,-0.006251803599298,0.013427593745291233
frame_000141.png,frame_000142.png,0.1770205795764923,0.032261937856674194,0.10302405059337616,-0.08501768112182617,-0.012926648370921612,0.013515365310013294
frame_000142.png,frame_000143.png,0.1669727861881256,0.022838883101940155,0.13522440195083618,-0.11599742621183395,-0.02030886709690094,0.0022281603887677193
frame_000143.png,frame_000144.png,0.1408088505268097,0.015603821724653244,0.15882976353168488,-0.12352827936410904,-0.020500842481851578,0.0022081295028328896
frame_000144.png,frame_000145.png,0.12980791926383972,0.02910447120666504,0.18823441863059998,-0.11934064328670502,-0.021275170147418976,0.004934280179440975
frame_000145.png,frame_000146.png,0.12169311940670013,0.041391611099243164,0.20155009627342224,-0.11206204444169998,-0.023628517985343933,0.009323419071733952
frame_000146.png,frame_000147.png,0.11322697252035141,0.04531381279230118,0.2218453735113144,-0.10976490378379822,-0.029278945177793503,0.021600574254989624
frame_000147.png,frame_000148.png,0.11293957382440567,0.041998036205768585,0.2247810959815979,-0.09821496903896332,-0.03550314903259277,0.016554515808820724
frame_000148.png,frame_000149.png,0.14061544835567474,0.040090881288051605,0.21305416524410248,-0.0853634774684906,-0.038840681314468384,0.013825059868395329
frame_000149.png,frame_000150.png,0.1769617795944214,0.04070711135864258,0.18079034984111786,-0.062100715935230255,-0.03855372965335846,0.009799369610846043
frame_000150.png,frame_000151.png,0.19608086347579956,0.0471019372344017,0.14553627371788025,-0.05841541290283203,-0.03336193040013313,-0.009217682294547558
frame_000151.png,frame_000152.png,0.21263033151626587,0.04957180470228195,0.12422129511833191,-0.05797084420919418,-0.029062174260616302,-0.014358882792294025
frame_000152.png,frame_000153.png,0.23163655400276184,0.04237134009599686,0.13186520338058472,-0.06440383940935135,-0.02842366322875023,-0.011974526569247246
frame_000153.png,frame_000154.png,0.25189173221588135,0.03146469593048096,0.13154123723506927,-0.07468928396701813,-0.031285062432289124,-0.0075242239981889725
frame_000154.png,frame_000155.png,0.2849366366863251,0.023892991244792938,0.12393856048583984,-0.07169952988624573,-0.02964339777827263,0.008830488659441471
frame_000155.png,frame_000156.png,0.3130345940589905,0.014525901526212692,0.10561469197273254,-0.07156100869178772,-0.02712509036064148,0.01975579559803009
frame_000156.png,frame_000157.png,0.3324984312057495,0.015257053077220917,0.08685781061649323,-0.06477090716362,-0.026942089200019836,0.02676539123058319
frame_000157.png,frame_000158.png,0.34929272532463074,0.013946965336799622,0.07466703653335571,-0.059654176235198975,-0.026441320776939392,0.036443404853343964
frame_000158.png,frame_000159.png,0.3603018820285797,0.01602231338620186,0.07341936230659485,-0.048532381653785706,-0.025602277368307114,0.04522855952382088
frame_000159.png,frame_000160.png,0.3760187029838562,0.013935625553131104,0.050547610968351364,-0.04378139227628708,-0.025370802730321884,0.04986315220594406
frame_000160.png,frame_000161.png,0.38276830315589905,0.013718031346797943,0.026429906487464905,-0.0384669303894043,-0.023797526955604553,0.05024445056915283
frame_000161.png,frame_000162.png,0.3806650936603546,0.015105538070201874,0.004008125513792038,-0.039378244429826736,-0.02056986093521118,0.05019700154662132
frame_000162.png,frame_000163.png,0.3793916404247284,0.017552390694618225,-0.01039939746260643,-0.04177802801132202,-0.018701955676078796,0.0482478141784668
frame_000163.png,frame_000164.png,0.37087947130203247,0.01852623000741005,-0.014912735670804977,-0.04572631046175957,-0.01837186887860298,0.04411519691348076
frame_000164.png,frame_000165.png,0.36713647842407227,0.01888512820005417,-0.022821854799985886,-0.05079512298107147,-0.017917819321155548,0.035470910370349884
frame_000165.png,frame_000166.png,0.36229225993156433,0.017801523208618164,-0.025318652391433716,-0.051779113709926605,-0.01930592954158783,0.03256364166736603
frame_000166.png,frame_000167.png,0.35700079798698425,0.01564955711364746,-0.03546854108572006,-0.05405253544449806,-0.02194163203239441,0.029799792915582657
frame_000167.png,frame_000168.png,0.3541235029697418,0.015705108642578125,-0.03973602131009102,-0.053562019020318985,-0.022454433143138885,0.023814614862203598
frame_000168.png,frame_000169.png,0.3593524396419525,0.011685371398925781,-0.0328863225877285,-0.05121742933988571,-0.019798271358013153,0.02536926046013832
frame_000169.png,frame_000170.png,0.36878451704978943,0.00919407606124878,-0.022148262709379196,-0.051398828625679016,-0.019224274903535843,0.02676576003432274
frame_000170.png,frame_000171.png,0.3810117244720459,0.008792616426944733,-0.027256567031145096,-0.05067596584558487,-0.02101355791091919,0.02614384889602661
frame_000171.png,frame_000172.png,0.3879587948322296,0.007650598883628845,-0.03754761070013046,-0.052023231983184814,-0.023190751671791077,0.022036045789718628
frame_000172.png,frame_000173.png,0.38650745153427124,0.009651541709899902,-0.04591541364789009,-0.051271792501211166,-0.022679515182971954,0.019147425889968872
frame_000173.png,frame_000174.png,0.38420096039772034,0.010840646922588348,-0.054077792912721634,-0.052158012986183167,-0.02167467400431633,0.020525231957435608
frame_000174.png,frame_000175.png,0.37767013907432556,0.01194232702255249,-0.05734817683696747,-0.04961998760700226,-0.02220306172966957,0.02038421854376793
frame_000175.png,frame_000176.png,0.3749195635318756,0.010364457964897156,-0.055465493351221085,-0.04731341078877449,-0.021703418344259262,0.02034641057252884
frame_000176.png,frame_000177.png,0.37361568212509155,0.006737187504768372,-0.049561940133571625,-0.046369075775146484,-0.021635301411151886,0.021625451743602753
frame_000177.png,frame_000178.png,0.3765849173069,0.005293220281600952,-0.04556775465607643,-0.04664457589387894,-0.02009471505880356,0.022088762372732162
frame_000178.png,frame_000179.png,0.38152292370796204,0.006216365844011307,-0.04349903389811516,-0.04667036980390549,-0.016845308244228363,0.016961194574832916
frame_000179.png,frame_000180.png,0.38195356726646423,0.006614822894334793,-0.04540836438536644,-0.04561171680688858,-0.01584210991859436,0.014238960109651089
frame_000180.png,frame_000181.png,0.38037994503974915,0.006958089768886566,-0.041533179581165314,-0.04383376985788345,-0.01414592657238245,0.015374445356428623
frame_000181.png,frame_000182.png,0.37291666865348816,0.005545526742935181,-0.029264215379953384,-0.04209839552640915,-0.013536707498133183,0.01838124915957451
frame_000182.png,frame_000183.png,0.36481794714927673,0.005700789391994476,-0.011038552969694138,-0.04140159487724304,-0.01216862816363573,0.02512238919734955
frame_000183.png,frame_000184.png,0.360859751701355,0.008851714432239532,0.01223747804760933,-0.03986169770359993,-0.012979456223547459,0.03219088166952133
frame_000184.png,frame_000185.png,0.35689884424209595,0.010391797870397568,0.027299869805574417,-0.04165665805339813,-0.014882341958582401,0.0399823859333992
frame_000185.png,frame_000186.png,0.3520652651786804,0.012124881148338318,0.03309762850403786,-0.0427435003221035,-0.015284293331205845,0.04585270583629608
frame_000186.png,frame_000187.png,0.350258469581604,0.016234077513217926,0.03727494552731514,-0.04352983087301254,-0.013290484435856342,0.04311003535985947
frame_000187.png,frame_000188.png,0.34160616993904114,0.019045278429985046,0.03825954720377922,-0.04642379283905029,-0.011428297497332096,0.0376824252307415
frame_000188.png,frame_000189.png,0.3337336480617523,0.02190234512090683,0.038499366492033005,-0.0469951294362545,-0.009499688632786274,0.0343107171356678
frame_000189.png,frame_000190.png,0.32693538069725037,0.028259076178073883,0.03842910751700401,-0.04638158902525902,-0.005702619440853596,0.03122028335928917
frame_000190.png,frame_000191.png,0.31605076789855957,0.03441092371940613,0.03795468434691429,-0.04789119213819504,0.00014654826372861862,0.031207993626594543
frame_000191.png,frame_000192.png,0.3061395585536957,0.04152847081422806,0.03694009408354759,-0.047875672578811646,0.0035402504727244377,0.03306689113378525
frame_000192.png,frame_000193.png,0.2956274449825287,0.04898633062839508,0.03535931929945946,-0.039140697568655014,0.005349668674170971,0.034931305795907974
frame_000193.png,frame_000194.png,0.28327757120132446,0.05165449529886246,0.03420259803533554,-0.030224021524190903,0.007755196653306484,0.03804437071084976
frame_000194.png,frame_000195.png,0.27624693512916565,0.05891292542219162,0.04504300281405449,-0.02399226650595665,0.01237600576132536,0.03789032623171806
frame_000195.png,frame_000196.png,0.2713654637336731,0.06511452049016953,0.05973326787352562,-0.01675378531217575,0.014287806116044521,0.043676793575286865
frame_000196.png,frame_000197.png,0.27307015657424927,0.07093209773302078,0.06929239630699158,-0.009348037652671337,0.017612352967262268,0.053998395800590515
frame_000197.png,frame_000198.png,0.27951350808143616,0.07378756999969482,0.07408082485198975,-0.0031746579334139824,0.02183154970407486,0.06605900824069977
frame_000198.png,frame_000199.png,0.2894308865070343,0.07467976957559586,0.07449154555797577,-0.0022953180596232414,0.02532452717423439,0.07665818929672241
frame_000199.png,frame_000200.png,0.2958131730556488,0.07453352957963943,0.07789303362369537,-0.004955301992595196,0.02652149274945259,0.08645634353160858
frame_000200.png,frame_000201.png,0.30074945092201233,0.07278969138860703,0.07736065983772278,-0.010921220295131207,0.025450285524129868,0.09392400085926056
frame_000201.png,frame_000202.png,0.30743399262428284,0.07243632525205612,0.07884219288825989,-0.018688417971134186,0.020379796624183655,0.09771383553743362
frame_000202.png,frame_000203.png,0.3110654056072235,0.06917821615934372,0.08021926879882812,-0.02850332483649254,0.01141259353607893,0.10025742650032043
frame_000203.png,frame_000204.png,0.30885136127471924,0.06674849987030029,0.0876694768667221,-0.033043693751096725,0.006339660845696926,0.09253180027008057
frame_000204.png,frame_000205.png,0.30700579285621643,0.0668364092707634,0.08924736082553864,-0.036500100046396255,0.0038322200998663902,0.08428266644477844
frame_000205.png,frame_000206.png,0.30464890599250793,0.06686798483133316,0.08585575222969055,-0.035525329411029816,0.003565478138625622,0.08043123036623001
frame_000206.png,frame_000207.png,0.30061832070350647,0.06604544818401337,0.08270347118377686,-0.031955212354660034,0.0049478886649012566,0.07925005257129669
frame_000207.png,frame_000208.png,0.2993506193161011,0.06783517450094223,0.07949799299240112,-0.026137322187423706,0.006255197338759899,0.07655256241559982
frame_000208.png,frame_000209.png,0.2989104092121124,0.07038690894842148,0.07344619929790497,-0.01852213218808174,0.008350669406354427,0.07109975814819336
frame_000209.png,frame_000210.png,0.29872846603393555,0.06962233036756516,0.0659325122833252,-0.0073341308161616325,0.0114746680483222,0.061553508043289185
frame_000210.png,frame_000211.png,0.29879388213157654,0.0674063041806221,0.05805740877985954,0.0017198072746396065,0.013341720215976238,0.050258852541446686
frame_000211.png,frame_000212.png,0.3025789260864258,0.06540679186582565,0.053589385002851486,0.00974277500063181,0.015198837034404278,0.04087720811367035
frame_000212.png,frame_000213.png,0.31363344192504883,0.06328835338354111,0.05772442743182182,0.012383793480694294,0.015642128884792328,0.033561255782842636
frame_000213.png,frame_000214.png,0.32707858085632324,0.06037742644548416,0.0656021237373352,0.01464496273547411,0.01613934338092804,0.03233147785067558
frame_000214.png,frame_000215.png,0.3439804017543793,0.059397824108600616,0.07251587510108948,0.01953154429793358,0.017118938267230988,0.035588428378105164
frame_000215.png,frame_000216.png,0.3634973168373108,0.053854621946811676,0.06633944809436798,0.02397311106324196,0.018286801874637604,0.04051392525434494
frame_000216.png,frame_000217.png,0.3804302215576172,0.04567103087902069,0.05506998673081398,0.023643091320991516,0.01792754977941513,0.04543253034353256
frame_000217.png,frame_000218.png,0.3955741822719574,0.03903048485517502,0.04667602851986885,0.023132499307394028,0.0180521160364151,0.05214410275220871
frame_000218.png,frame_000219.png,0.4100247323513031,0.035323366522789,0.04018096253275871,0.024641435593366623,0.018334519118070602,0.055647119879722595
frame_000219.png,frame_000220.png,0.4210663139820099,0.032744958996772766,0.03881539776921272,0.027683082967996597,0.01738268882036209,0.05585643649101257
frame_000220.png,frame_000221.png,0.4281100630760193,0.03196382522583008,0.04161470755934715,0.029754217714071274,0.015920571982860565,0.05620647966861725
frame_000221.png,frame_000222.png,0.4318217933177948,0.03362873196601868,0.045402172952890396,0.03216400742530823,0.014754786156117916,0.054853230714797974
frame_000222.png,frame_000223.png,0.4350195825099945,0.03508507460355759,0.04888368770480156,0.03426075726747513,0.013269606046378613,0.05643100291490555
frame_000223.png,frame_000224.png,0.43707770109176636,0.03674300014972687,0.053580742329359055,0.03668946027755737,0.012274145148694515,0.05913005769252777
frame_000224.png,frame_000225.png,0.4380674660205841,0.037847280502319336,0.056874264031648636,0.04032430052757263,0.010428464971482754,0.062206193804740906
frame_000225.png,frame_000226.png,0.43936121463775635,0.03774347901344299,0.0606083981692791,0.04317131265997887,0.009274943731725216,0.06630191206932068
frame_000226.png,frame_000227.png,0.44121745228767395,0.03804074972867966,0.06230906769633293,0.045006342232227325,0.008552304469048977,0.07114197313785553
frame_000227.png,frame_000228.png,0.44373634457588196,0.03847435116767883,0.06495709717273712,0.04711216315627098,0.00859785731881857,0.07547425478696823
frame_000228.png,frame_000229.png,0.44256243109703064,0.039855778217315674,0.07098743319511414,0.048795074224472046,0.009045145474374294,0.07786181569099426
frame_000229.png,frame_000230.png,0.43824830651283264,0.03990913927555084,0.07754893600940704,0.04688337445259094,0.008170275948941708,0.07929860055446625
frame_000230.png,frame_000231.png,0.43310531973838806,0.04099451005458832,0.08217740058898926,0.046550773084163666,0.007826372049748898,0.08127431571483612
frame_000231.png,frame_000232.png,0.4254261553287506,0.04159127175807953,0.08161032199859619,0.04718707129359245,0.00666103046387434,0.08390585333108902
frame_000232.png,frame_000233.png,0.4193071722984314,0.04056555777788162,0.08106842637062073,0.04817166551947594,0.004995676688849926,0.0852653831243515
frame_000233.png,frame_000234.png,0.4155902564525604,0.03989309072494507,0.07829256355762482,0.04855087772011757,0.003494403325021267,0.08418773114681244
frame_000234.png,frame_000235.png,0.41332289576530457,0.03860090672969818,0.07467983663082123,0.04725699499249458,0.001686624251306057,0.08185878396034241
frame_000235.png,frame_000236.png,0.41371527314186096,0.03683509677648544,0.0709674060344696,0.0461072102189064,0.0005415854975581169,0.07946664839982986
frame_000236.png,frame_000237.png,0.4152872860431671,0.03567999601364136,0.06650906801223755,0.04624401777982712,-0.0008868994191288948,0.07789327204227448
frame_000237.png,frame_000238.png,0.4185470938682556,0.0354640930891037,0.062043558806180954,0.04548239707946777,-0.0022845538333058357,0.07593140006065369
frame_000238.png,frame_000239.png,0.4222922623157501,0.035632990300655365,0.06437356770038605,0.044108450412750244,-0.002886422909796238,0.07607599347829819
frame_000239.png,frame_000240.png,0.42507585883140564,0.03565770387649536,0.06566363573074341,0.04154778644442558,-0.0032553570345044136,0.07874235510826111
frame_000240.png,frame_000241.png,0.43190258741378784,0.0384330227971077,0.07118885219097137,0.04032760113477707,-0.0031978050246834755,0.08123162388801575
frame_000241.png,frame_000242.png,0.44119706749916077,0.04221060127019882,0.07624879479408264,0.04042845591902733,-0.002763465978205204,0.08414310216903687
frame_000242.png,frame_000243.png,0.44741812348365784,0.045993492007255554,0.07941979169845581,0.03967684879899025,-0.0035670632496476173,0.0904071182012558
frame_000243.png,frame_000244.png,0.4470524489879608,0.05156766623258591,0.08445627987384796,0.03631461411714554,-0.005526990629732609,0.0965205579996109
frame_000244.png,frame_000245.png,0.44405442476272583,0.05903514474630356,0.09174765646457672,0.033352483063936234,-0.00741457287222147,0.10063508152961731
frame_000245.png,frame_000246.png,0.4398075044155121,0.06454913318157196,0.09609901905059814,0.030865143984556198,-0.008210108615458012,0.10349312424659729
frame_000246.png,frame_000247.png,0.4367005527019501,0.06832660734653473,0.09857115149497986,0.02762620523571968,-0.008379490114748478,0.10742242634296417
frame_000247.png,frame_000248.png,0.43250784277915955,0.07095836848020554,0.09764628112316132,0.025507137179374695,-0.008842871524393559,0.11133810132741928
frame_000248.png,frame_000249.png,0.4291837513446808,0.07401472330093384,0.09820598363876343,0.02454708144068718,-0.009217777289450169,0.11392121016979218
frame_000249.png,frame_000250.png,0.42551398277282715,0.07559124380350113,0.09658180177211761,0.02386808767914772,-0.009518482722342014,0.11544644832611084
frame_000250.png,frame_000251.png,0.4212782680988312,0.07600394636392593,0.0943867564201355,0.02200935035943985,-0.010226824320852757,0.11575767397880554
frame_000251.png,frame_000252.png,0.4194784462451935,0.07553012669086456,0.090578094124794,0.019694730639457703,-0.010331478901207447,0.1161038875579834
frame_000252.png,frame_000253.png,0.41792163252830505,0.07492592185735703,0.08681415021419525,0.016174599528312683,-0.010873676277697086,0.11665938794612885
frame_000253.png,frame_000254.png,0.4160548150539398,0.07471022754907608,0.08430434763431549,0.013204914517700672,-0.011620239354670048,0.11660386621952057
frame_000254.png,frame_000255.png,0.4153725802898407,0.07593925297260284,0.08366680145263672,0.011891455389559269,-0.011830703355371952,0.11618107557296753
frame_000255.png,frame_000256.png,0.41239824891090393,0.07515925168991089,0.08189421892166138,0.010792308486998081,-0.012763419188559055,0.11709226667881012
frame_000256.png,frame_000257.png,0.4089883863925934,0.0740562155842781,0.08103752136230469,0.009450261481106281,-0.013161727227270603,0.1152849867939949
frame_000257.png,frame_000258.png,0.40579700469970703,0.07398546487092972,0.08196242153644562,0.007409051991999149,-0.013074883259832859,0.10995456576347351
frame_000258.png,frame_000259.png,0.40340760350227356,0.07324392348527908,0.08295445144176483,0.005530831404030323,-0.012777240015566349,0.10609914362430573
frame_000259.png,frame_000260.png,0.3993198275566101,0.0742075964808464,0.0878283828496933,0.0019222917035222054,-0.012402658350765705,0.1015898585319519
frame_000260.png,frame_000261.png,0.39701318740844727,0.07716947793960571,0.09554819762706757,0.0018611336126923561,-0.009432137943804264,0.09656169265508652
frame_000261.png,frame_000262.png,0.3914667069911957,0.07780562341213226,0.10318602621555328,0.000284501351416111,-0.0073530906811356544,0.09157571196556091
frame_000262.png,frame_000263.png,0.38650330901145935,0.07820037752389908,0.1162966936826706,-0.0019276468083262444,-0.006235630251467228,0.08466880023479462
frame_000263.png,frame_000264.png,0.3799966275691986,0.07906759530305862,0.12699860334396362,-0.0007938174530863762,-0.006214120425283909,0.07965259999036789
frame_000264.png,frame_000265.png,0.3743606507778168,0.08578275889158249,0.13618256151676178,0.0007461803033947945,-0.0057649509981274605,0.07542227953672409
frame_000265.png,frame_000266.png,0.36272746324539185,0.08458497375249863,0.14337722957134247,-0.0029951846227049828,-0.005548172630369663,0.07058107107877731
frame_000266.png,frame_000267.png,0.35243645310401917,0.07637675851583481,0.14635884761810303,-0.008715660311281681,-0.005787801928818226,0.06985662877559662
frame_000267.png,frame_000268.png,0.34794101119041443,0.07036849111318588,0.15498057007789612,-0.014421974308788776,-0.006005530245602131,0.0729382336139679
frame_000268.png,frame_000269.png,0.3447433412075043,0.05939006060361862,0.157920703291893,-0.022770725190639496,-0.004395873285830021,0.08335255086421967
frame_000269.png,frame_000270.png,0.3518156111240387,0.05987318605184555,0.16764502227306366,-0.02622130885720253,-0.003375832922756672,0.08491605520248413
frame_000270.png,frame_000271.png,0.3451441526412964,0.055717580020427704,0.17689132690429688,-0.03528660908341408,-0.0026193493977189064,0.08852406591176987
frame_000271.png,frame_000272.png,0.3400431275367737,0.05855957418680191,0.18765974044799805,-0.039238832890987396,-0.005544696934521198,0.08859658241271973
frame_000272.png,frame_000273.png,0.33844295144081116,0.06214499473571777,0.18902036547660828,-0.04264051467180252,-0.007778485305607319,0.08918452262878418
frame_000273.png,frame_000274.png,0.33653387427330017,0.06386901438236237,0.1911861151456833,-0.04768730700016022,-0.0107246870175004,0.09369227290153503
frame_000274.png,frame_000275.png,0.3292498290538788,0.06725463271141052,0.19597874581813812,-0.054749734699726105,-0.013716873712837696,0.09742899984121323
frame_000275.png,frame_000276.png,0.3201369345188141,0.06962543725967407,0.19657310843467712,-0.05682775750756264,-0.016686182469129562,0.0965026468038559
frame_000276.png,frame_000277.png,0.31721365451812744,0.07029422372579575,0.19779543578624725,-0.05981522053480148,-0.018389999866485596,0.09567531198263168
frame_000277.png,frame_000278.png,0.3159230351448059,0.06957603245973587,0.1978427767753601,-0.06213068589568138,-0.019016359001398087,0.096072718501091
frame_000278.png,frame_000279.png,0.3118119537830353,0.06887434422969818,0.1953379213809967,-0.064767025411129,-0.019177746027708054,0.09449800848960876
frame_000279.png,frame_000280.png,0.30593711137771606,0.06904815882444382,0.19055330753326416,-0.06752350926399231,-0.019230440258979797,0.09180350601673126
frame_000280.png,frame_000281.png,0.30162179470062256,0.0689300000667572,0.18599840998649597,-0.07057903707027435,-0.019383568316698074,0.0889381468296051
frame_000281.png,frame_000282.png,0.2993835508823395,0.0692683756351471,0.18174706399440765,-0.07299785315990448,-0.019886564463377,0.0880628228187561
frame_000282.png,frame_000283.png,0.2992480397224426,0.07050852477550507,0.17772741615772247,-0.07142149657011032,-0.020906507968902588,0.08447059243917465
frame_000283.png,frame_000284.png,0.30313077569007874,0.07389787584543228,0.1759635955095291,-0.06765101850032806,-0.02095194160938263,0.07831424474716187
frame_000284.png,frame_000285.png,0.30484750866889954,0.07665123790502548,0.1792597770690918,-0.06488212943077087,-0.02077304571866989,0.0735635980963707
frame_000285.png,frame_000286.png,0.30660220980644226,0.07686855643987656,0.183750182390213,-0.06456757336854935,-0.01849720999598503,0.06861273944377899
frame_000286.png,frame_000287.png,0.3106756806373596,0.07776930928230286,0.17933760583400726,-0.061681170016527176,-0.016892828047275543,0.065700963139534
frame_000287.png,frame_000288.png,0.31822627782821655,0.0789686068892479,0.17323407530784607,-0.05580637603998184,-0.017087865620851517,0.06365123391151428
frame_000288.png,frame_000289.png,0.32341858744621277,0.07999395579099655,0.1652575582265854,-0.051481589674949646,-0.01741030439734459,0.060378581285476685
frame_000289.png,frame_000290.png,0.32698890566825867,0.07983754575252533,0.15579251945018768,-0.048475414514541626,-0.018116801977157593,0.057183101773262024
frame_000290.png,frame_000291.png,0.32936084270477295,0.08189930766820908,0.15142226219177246,-0.047482628375291824,-0.018881231546401978,0.05303412675857544
frame_000291.png,frame_000292.png,0.33068951964378357,0.08050961047410965,0.14190362393856049,-0.04519791156053543,-0.018480587750673294,0.04820457845926285
frame_000292.png,frame_000293.png,0.3331030607223511,0.0777321457862854,0.12423941493034363,-0.043398141860961914,-0.017797313630580902,0.04434255138039589
frame_000293.png,frame_000294.png,0.3379347026348114,0.07244560867547989,0.1013103574514389,-0.03812301158905029,-0.019186198711395264,0.03923237696290016
frame_000294.png,frame_000295.png,0.34845009446144104,0.07223090529441833,0.08581343293190002,-0.03939664363861084,-0.01979275792837143,0.0336032472550869
frame_000295.png,frame_000296.png,0.35973504185676575,0.0718640610575676,0.0748903900384903,-0.04117745906114578,-0.02023499086499214,0.026167575269937515
frame_000296.png,frame_000297.png,0.3704044818878174,0.07263106107711792,0.06713308393955231,-0.04146327078342438,-0.02048579230904579,0.02275814488530159
frame_000297.png,frame_000298.png,0.3753259479999542,0.07506001740694046,0.05900922045111656,-0.03924528509378433,-0.02149752900004387,0.019238412380218506
frame_000298.png,frame_000299.png,0.37679752707481384,0.076322041451931,0.05533958598971367,-0.038126278668642044,-0.02211136743426323,0.016740944236516953
frame_000299.png,frame_000300.png,0.38254472613334656,0.07818198204040527,0.05246244743466377,-0.037157103419303894,-0.023125849664211273,0.017394963651895523
frame_000300.png,frame_000301.png,0.38698938488960266,0.08020567893981934,0.04932292923331261,-0.03736922889947891,-0.023341931402683258,0.015005887486040592
frame_000301.png,frame_000302.png,0.3905889689922333,0.08176497370004654,0.04898517206311226,-0.03569915145635605,-0.023584425449371338,0.014378891326487064
frame_000302.png,frame_000303.png,0.3900412619113922,0.08187320083379745,0.04790500923991203,-0.034181077033281326,-0.024124033749103546,0.016136344522237778
frame_000303.png,frame_000304.png,0.3852900564670563,0.08257435262203217,0.04678478464484215,-0.03604865446686745,-0.02538471668958664,0.01785174384713173
frame_000304.png,frame_000305.png,0.37880024313926697,0.08284901827573776,0.05468190833926201,-0.037444472312927246,-0.02673310786485672,0.016868896782398224
frame_000305.png,frame_000306.png,0.37389057874679565,0.08440657705068588,0.06358839571475983,-0.03758860379457474,-0.0282481387257576,0.01592281460762024
frame_000306.png,frame_000307.png,0.372247576713562,0.0837349221110344,0.06824110448360443,-0.03954428434371948,-0.029222164303064346,0.015607246197760105
frame_000307.png,frame_000308.png,0.37405455112457275,0.08354295045137405,0.07094354927539825,-0.03990466892719269,-0.02992677316069603,0.012889117933809757
frame_000308.png,frame_000309.png,0.3759125769138336,0.0835372731089592,0.07382361590862274,-0.040627337992191315,-0.030909623950719833,0.008835571818053722
frame_000309.png,frame_000310.png,0.3788260519504547,0.08180426061153412,0.07432200014591217,-0.039307065308094025,-0.03174643591046333,0.004742114804685116
frame_000310.png,frame_000311.png,0.3819335997104645,0.08151204884052277,0.07639183104038239,-0.03659532591700554,-0.0329580083489418,0.0020036576315760612
frame_000311.png,frame_000312.png,0.3835464119911194,0.07929167151451111,0.07309669256210327,-0.03172840550541878,-0.03272341191768646,-0.0029707271605730057
frame_000312.png,frame_000313.png,0.38573774695396423,0.07541979849338531,0.06368784606456757,-0.027965150773525238,-0.03256828710436821,-0.007322090677917004
frame_000313.png,frame_000314.png,0.3895387351512909,0.07188951969146729,0.055597301572561264,-0.024214427918195724,-0.03344307094812393,-0.01079269777983427
frame_000314.png,frame_000315.png,0.3931395709514618,0.06882406771183014,0.045632537454366684,-0.02514343336224556,-0.03463639318943024,-0.01319113653153181
frame_000315.png,frame_000316.png,0.39934128522872925,0.06617371737957001,0.03854124993085861,-0.027190275490283966,-0.03565526008605957,-0.014676622115075588
frame_000316.png,frame_000317.png,0.40508022904396057,0.0648311898112297,0.036852676421403885,-0.027981121093034744,-0.0357009619474411,-0.016408167779445648
frame_000317.png,frame_000318.png,0.4074718654155731,0.06461794674396515,0.03844767436385155,-0.028068840503692627,-0.03526109457015991,-0.01614030823111534
frame_000318.png,frame_000319.png,0.4104062020778656,0.0647733211517334,0.037235815078020096,-0.02880840376019478,-0.03569024056196213,-0.014263059012591839
frame_000319.png,frame_000320.png,0.411664754152298,0.0643073096871376,0.035391613841056824,-0.0302613265812397,-0.03650302067399025,-0.010245398618280888
frame_000320.png,frame_000321.png,0.41066810488700867,0.06405821442604065,0.036103256046772,-0.03243664279580116,-0.037290144711732864,-0.006887317635118961
frame_000321.png,frame_000322.png,0.40875762701034546,0.06369301676750183,0.035630274564027786,-0.035541363060474396,-0.03839962184429169,-0.005227663554251194
frame_000322.png,frame_000323.png,0.40760210156440735,0.06211376190185547,0.03428216651082039,-0.0381694920361042,-0.03885031118988991,-0.004920721985399723
frame_000323.png,frame_000324.png,0.40838831663131714,0.06006228178739548,0.030642684549093246,-0.040230780839920044,-0.03879370540380478,-0.005189311690628529
frame_000324.png,frame_000325.png,0.4061225950717926,0.058802276849746704,0.029303286224603653,-0.042690906673669815,-0.0393914058804512,-0.006893164478242397
frame_000325.png,frame_000326.png,0.4046202600002289,0.05777612328529358,0.030404824763536453,-0.0443006232380867,-0.03922659903764725,-0.010060775093734264
frame_000326.png,frame_000327.png,0.4019300043582916,0.05587853491306305,0.027589652687311172,-0.04586218670010567,-0.038780577480793,-0.013480748049914837
frame_000327.png,frame_000328.png,0.39963698387145996,0.05568701773881912,0.026862192898988724,-0.046834707260131836,-0.03773227334022522,-0.01989097148180008
frame_000328.png,frame_000329.png,0.39998653531074524,0.054337479174137115,0.024436280131340027,-0.046589113771915436,-0.0376439243555069,-0.027357570827007294
frame_000329.png,frame_000330.png,0.4043165147304535,0.052539385855197906,0.01862112060189247,-0.044185154139995575,-0.03780141472816467,-0.035999998450279236
frame_000330.png,frame_000331.png,0.41201987862586975,0.050714753568172455,0.014534842222929,-0.04210203140974045,-0.03679044172167778,-0.04332347959280014
frame_000331.png,frame_000332.png,0.4178504943847656,0.05201106518507004,0.011212412267923355,-0.038260094821453094,-0.03624875098466873,-0.054160457104444504
frame_000332.png,frame_000333.png,0.4242902100086212,0.05322853475809097,0.01208464428782463,-0.03851679712533951,-0.03595992177724838,-0.06464160978794098
frame_000333.png,frame_000334.png,0.4324159026145935,0.05656836926937103,0.009894326329231262,-0.038404956459999084,-0.03470215946435928,-0.07576417177915573
frame_000334.png,frame_000335.png,0.43966829776763916,0.05506575107574463,0.00039060041308403015,-0.04111839830875397,-0.034729890525341034,-0.08305566012859344
frame_000335.png,frame_000336.png,0.4454894959926605,0.055526286363601685,-0.0031180866062641144,-0.04444846510887146,-0.03528154268860817,-0.08715468645095825
frame_000336.png,frame_000337.png,0.44714006781578064,0.05630846321582794,-0.006193220615386963,-0.04638011381030083,-0.035352688282728195,-0.09149222075939178
frame_000337.png,frame_000338.png,0.4360010027885437,0.05475162714719772,-0.016340918838977814,-0.051311321556568146,-0.03411561995744705,-0.09113466739654541
frame_000338.png,frame_000339.png,0.42606011033058167,0.05230820178985596,-0.026621311902999878,-0.05603787302970886,-0.03384663164615631,-0.08236296474933624
frame_000339.png,frame_000340.png,0.4140555262565613,0.044487155973911285,-0.03436190262436867,-0.06427811831235886,-0.030806176364421844,-0.07180910557508469
frame_000340.png,frame_000341.png,0.40313151478767395,0.038073427975177765,-0.052540529519319534,-0.06544309854507446,-0.02724096179008484,-0.07425819337368011
frame_000341.png,frame_000342.png,0.3888300359249115,0.03280845284461975,-0.06574892997741699,-0.06462473422288895,-0.02553582191467285,-0.07828323543071747
frame_000342.png,frame_000343.png,0.3763859272003174,0.029228881001472473,-0.06998713314533234,-0.07155153155326843,-0.023768287152051926,-0.07520173490047455
frame_000343.png,frame_000344.png,0.3622775673866272,0.026720337569713593,-0.0689256489276886,-0.08496908098459244,-0.02469581738114357,-0.06768327951431274
frame_000344.png,frame_000345.png,0.3455806076526642,0.025019526481628418,-0.0609789602458477,-0.09746357053518295,-0.023693915456533432,-0.06072832643985748
frame_000345.png,frame_000346.png,0.32934537529945374,0.024317577481269836,-0.050235334783792496,-0.1089663878083229,-0.021224066615104675,-0.05053991079330444
frame_000346.png,frame_000347.png,0.31673476099967957,0.024493053555488586,-0.03608420118689537,-0.11793257296085358,-0.01822112873196602,-0.03826498985290527
frame_000347.png,frame_000348.png,0.3040495812892914,0.026556596159934998,-0.020082291215658188,-0.12371459603309631,-0.013547373004257679,-0.028416603803634644
frame_000348.png,frame_000349.png,0.2936656177043915,0.028190232813358307,-0.007125530391931534,-0.12758100032806396,-0.008509599603712559,-0.021118827164173126
frame_000349.png,frame_000350.png,0.2859015166759491,0.028823263943195343,0.004715543240308762,-0.13136494159698486,-0.005623537115752697,-0.012765264138579369
frame_000350.png,frame_000351.png,0.27891963720321655,0.02887263149023056,0.014305107295513153,-0.13420267403125763,-0.004438585601747036,-0.0061139632016420364
frame_000351.png,frame_000352.png,0.27233344316482544,0.029905185103416443,0.021055180579423904,-0.13481706380844116,-0.0027389181777834892,-0.00411089975386858
frame_000352.png,frame_000353.png,0.26766905188560486,0.03025668114423752,0.026534657925367355,-0.13358281552791595,-0.0019237743690609932,-0.002192893996834755
frame_000353.png,frame_000354.png,0.2670120596885681,0.03000514954328537,0.03203509375452995,-0.12877948582172394,-0.0019847163930535316,-0.0007713856175541878
frame_000354.png,frame_000355.png,0.26898065209388733,0.029810577630996704,0.03553575649857521,-0.12235753983259201,-0.0010900972411036491,0.004070649854838848
frame_000355.png,frame_000356.png,0.269469678401947,0.028609752655029297,0.03474703058600426,-0.11586788296699524,-0.0021986616775393486,0.009494178928434849
frame_000356.png,frame_000357.png,0.2690206468105316,0.026616625487804413,0.03539686277508736,-0.10850167274475098,-0.003723897971212864,0.012305562384426594
frame_000357.png,frame_000358.png,0.2722686231136322,0.026841454207897186,0.03241327777504921,-0.10134195536375046,-0.004743185825645924,0.009782026521861553
frame_000358.png,frame_000359.png,0.2830762565135956,0.02761102467775345,0.02675144001841545,-0.08562911301851273,-0.00655768159776926,0.004797905683517456
frame_000359.png,frame_000360.png,0.2941310703754425,0.03122418373823166,0.025028176605701447,-0.07533720135688782,-0.012681103311479092,-0.00038978923112154007
frame_000360.png,frame_000361.png,0.30137351155281067,0.03779269754886627,0.027211856096982956,-0.06911619007587433,-0.01548371184617281,-0.007695583626627922
frame_000361.png,frame_000362.png,0.3088605999946594,0.04940672963857651,0.0356435589492321,-0.06008186191320419,-0.016308721154928207,-0.01914733275771141
frame_000362.png,frame_000363.png,0.3146526515483856,0.055774472653865814,0.03821811079978943,-0.05478067696094513,-0.016892950981855392,-0.024642635136842728
frame_000363.png,frame_000364.png,0.3170693516731262,0.058903858065605164,0.03850514814257622,-0.053844600915908813,-0.01702539250254631,-0.030042216181755066
frame_000364.png,frame_000365.png,0.3223441541194916,0.05748444050550461,0.03023388609290123,-0.051218584179878235,-0.017800215631723404,-0.03004273772239685
frame_000365.png,frame_000366.png,0.31945687532424927,0.052516207098960876,0.020643267780542374,-0.04780074208974838,-0.01759439706802368,-0.02421397902071476
frame_000366.png,frame_000367.png,0.30817079544067383,0.04918516427278519,0.011998958885669708,-0.046574436128139496,-0.01705699786543846,-0.021328125149011612
frame_000367.png,frame_000368.png,0.29749855399131775,0.045955680310726166,-0.004267681390047073,-0.0432131253182888,-0.015879381448030472,-0.021231364458799362
frame_000368.png,frame_000369.png,0.29311010241508484,0.04400835186243057,-0.019978541880846024,-0.03703700751066208,-0.0121839614585042,-0.02060331031680107
frame_000369.png,frame_000370.png,0.28498774766921997,0.04248359054327011,-0.033515166491270065,-0.03378542140126228,-0.008961089886724949,-0.020691465586423874
frame_000370.png,frame_000371.png,0.2825661599636078,0.04124293476343155,-0.03705333545804024,-0.030656930059194565,-0.006820776499807835,-0.021853860467672348
frame_000371.png,frame_000372.png,0.27622082829475403,0.04095926135778427,-0.03671008348464966,-0.026600420475006104,-0.005833280272781849,-0.022335350513458252
frame_000372.png,frame_000373.png,0.2721826136112213,0.041571177542209625,-0.034452442079782486,-0.02481938898563385,-0.002672371454536915,-0.029753778129816055
frame_000373.png,frame_000374.png,0.26873713731765747,0.04273657500743866,-0.028808973729610443,-0.017031319439411163,-0.0022923992946743965,-0.036304622888565063
frame_000374.png,frame_000375.png,0.2706754505634308,0.04193136841058731,-0.02854480966925621,-0.011053971014916897,0.00016780849546194077,-0.039249274879693985
frame_000375.png,frame_000376.png,0.2718501389026642,0.041582636535167694,-0.01734364777803421,-0.012622975744307041,0.001618548296391964,-0.03881961852312088
frame_000376.png,frame_000377.png,0.26841726899147034,0.043072253465652466,-0.0016244351863861084,-0.013368719257414341,0.0025854138657450676,-0.04232126474380493
frame_000377.png,frame_000378.png,0.25646787881851196,0.048253633081912994,0.006628997623920441,-0.011850626207888126,0.0022875620052218437,-0.04486818611621857
frame_000378.png,frame_000379.png,0.25002625584602356,0.05272034555673599,0.007890738546848297,-0.008591598831117153,0.004517587833106518,-0.04646145924925804
frame_000379.png,frame_000380.png,0.2556932866573334,0.05838412046432495,0.006996586918830872,-0.014469734393060207,0.003380405716598034,-0.03795721381902695
frame_000380.png,frame_000381.png,0.2811150550842285,0.0673600509762764,0.0198509618639946,-0.026632726192474365,-0.003970853053033352,-0.02203589305281639
frame_000381.png,frame_000382.png,0.3096601963043213,0.07673477381467819,0.04007881507277489,-0.03734437748789787,-0.010600914247334003,-0.012316576205193996
frame_000382.png,frame_000383.png,0.32518455386161804,0.08284179866313934,0.05586523190140724,-0.04452646151185036,-0.015898942947387695,-0.01004383247345686
frame_000383.png,frame_000384.png,0.3316323161125183,0.08744127303361893,0.06390619277954102,-0.0477023720741272,-0.01891845464706421,-0.010511495172977448
frame_000384.png,frame_000385.png,0.3331414759159088,0.09075678139925003,0.07395894825458527,-0.050793107599020004,-0.0221664197742939,-0.014566248282790184
frame_000385.png,frame_000386.png,0.3309898376464844,0.09300582855939865,0.0858539342880249,-0.052463218569755554,-0.02426094561815262,-0.019432643428444862
frame_000386.png,frame_000387.png,0.3298995792865753,0.09493152052164078,0.09562650322914124,-0.05397700518369675,-0.024796385318040848,-0.022466400638222694
frame_000387.png,frame_000388.png,0.32786309719085693,0.09696904569864273,0.1018884927034378,-0.055753760039806366,-0.02491530030965805,-0.024588722735643387
frame_000388.png,frame_000389.png,0.3272380232810974,0.09984897822141647,0.10569672286510468,-0.05896111577749252,-0.0248914435505867,-0.026672355830669403
frame_000389.png,frame_000390.png,0.32808375358581543,0.10180958360433578,0.108266681432724,-0.0611637644469738,-0.022870130836963654,-0.024762209504842758
frame_000390.png,frame_000391.png,0.32410603761672974,0.10110641270875931,0.10944913327693939,-0.06166783347725868,-0.018030881881713867,-0.024690628051757812
frame_000391.png,frame_000392.png,0.3201804757118225,0.09989308565855026,0.10775245726108551,-0.06391211599111557,-0.014702086336910725,-0.022204656153917313
frame_000392.png,frame_000393.png,0.3168822228908539,0.099449522793293,0.1095922589302063,-0.06289144605398178,-0.012897119857370853,-0.018488209694623947
frame_000393.png,frame_000394.png,0.3140013515949249,0.09945765882730484,0.11623778939247131,-0.06454069167375565,-0.011128597892820835,-0.016884513199329376
frame_000394.png,frame_000395.png,0.31130942702293396,0.09873785823583603,0.12677429616451263,-0.06423262506723404,-0.01033840049058199,-0.014945332892239094
frame_000395.png,frame_000396.png,0.3072625398635864,0.09794201701879501,0.14254461228847504,-0.06864884495735168,-0.008299519307911396,-0.017576083540916443
frame_000396.png,frame_000397.png,0.3000693619251251,0.09191294759511948,0.15635067224502563,-0.06963671743869781,-0.00556917954236269,-0.01696394570171833
frame_000397.png,frame_000398.png,0.2812938094139099,0.0856938287615776,0.1766173243522644,-0.07726172357797623,-0.005697482265532017,-0.006308210082352161
frame_000398.png,frame_000399.png,0.2620875835418701,0.08604419976472855,0.188075453042984,-0.07658663392066956,-0.006892592646181583,0.0011062463745474815
frame_000399.png,frame_000400.png,0.23472949862480164,0.08639521151781082,0.20799127221107483,-0.0783306434750557,-0.008050753735005856,0.006872492842376232
frame_000400.png,frame_000401.png,0.21238788962364197,0.08736612647771835,0.2294076830148697,-0.08149334788322449,-0.010696806944906712,0.008139717392623425
frame_000401.png,frame_000402.png,0.19654583930969238,0.0916476771235466,0.24853068590164185,-0.08247599750757217,-0.01706695556640625,0.008203891105949879
frame_000402.png,frame_000403.png,0.18155720829963684,0.0952424630522728,0.2629518210887909,-0.08803437650203705,-0.02347162738442421,0.003367462195456028
frame_000403.png,frame_000404.png,0.17866000533103943,0.09881608933210373,0.26752060651779175,-0.08635388314723969,-0.02991810068488121,0.0008434606716036797
frame_000404.png,frame_000405.png,0.16292208433151245,0.10069835931062698,0.27159085869789124,-0.08942125737667084,-0.034844718873500824,0.003960548900067806
frame_000405.png,frame_000406.png,0.1385887861251831,0.09766808897256851,0.2745496928691864,-0.09087114036083221,-0.03831925988197327,0.0059675173833966255
frame_000406.png,frame_000407.png,0.12555575370788574,0.09277818351984024,0.26542040705680847,-0.09616775810718536,-0.036778826266527176,0.0014807293191552162
frame_000407.png,frame_000408.png,0.11880509555339813,0.09150979667901993,0.26068732142448425,-0.09954691678285599,-0.03408699855208397,-0.002019166015088558
frame_000408.png,frame_000409.png,0.10017405450344086,0.08660539239645004,0.27715596556663513,-0.10380509495735168,-0.03101344406604767,-0.006957407109439373
frame_000409.png,frame_000410.png,0.07929938286542892,0.07460962235927582,0.3122533857822418,-0.10435469448566437,-0.025114156305789948,-0.018861085176467896
frame_000410.png,frame_000411.png,0.059455908834934235,0.05819029361009598,0.345471054315567,-0.09714390337467194,-0.018332242965698242,-0.02714584395289421
frame_000411.png,frame_000412.png,0.04662695154547691,0.0451497882604599,0.3675854504108429,-0.0879499688744545,-0.010563160292804241,-0.03128466755151749
frame_000412.png,frame_000413.png,0.040353015065193176,0.03723113238811493,0.3810611367225647,-0.07922863960266113,-0.006445818580687046,-0.03530695661902428
frame_000413.png,frame_000414.png,0.03783778101205826,0.03648538142442703,0.38991865515708923,-0.0767088532447815,-0.008042206056416035,-0.03784935921430588
frame_000414.png,frame_000415.png,0.037301868200302124,0.04256399720907211,0.3902865946292877,-0.07689198106527328,-0.010877051390707493,-0.04164528101682663
frame_000415.png,frame_000416.png,0.035843148827552795,0.04771438241004944,0.38830146193504333,-0.08013022691011429,-0.013742259703576565,-0.046232759952545166
frame_000416.png,frame_000417.png,0.037119582295417786,0.053612999618053436,0.37903812527656555,-0.08314014971256256,-0.015224800445139408,-0.04832674562931061
frame_000417.png,frame_000418.png,0.042965054512023926,0.061590924859046936,0.36414554715156555,-0.08553759753704071,-0.01630360633134842,-0.052458979189395905
frame_000418.png,frame_000419.png,0.043704062700271606,0.06922372430562973,0.35094889998435974,-0.08519294857978821,-0.016883470118045807,-0.05717174708843231
frame_000419.png,frame_000420.png,0.04235242307186127,0.07590878754854202,0.34415602684020996,-0.08166024088859558,-0.016276676207780838,-0.05911169946193695
frame_000420.png,frame_000421.png,0.0401289165019989,0.07741919904947281,0.3425478935241699,-0.08241413533687592,-0.014852677471935749,-0.061343125998973846
frame_000421.png,frame_000422.png,0.0410626158118248,0.08065476268529892,0.3432324528694153,-0.08039996773004532,-0.011714507825672626,-0.0620066374540329
frame_000422.png,frame_000423.png,0.04114771634340286,0.07927345484495163,0.34398797154426575,-0.08191408962011337,-0.009731668047606945,-0.060871873050928116
frame_000423.png,frame_000424.png,0.04120597988367081,0.07501198351383209,0.34364572167396545,-0.08287543803453445,-0.00805437471717596,-0.061189502477645874
frame_000424.png,frame_000425.png,0.04437372088432312,0.07043959945440292,0.3408450186252594,-0.08164932578802109,-0.00697182584553957,-0.0609591081738472
frame_000425.png,frame_000426.png,0.047706469893455505,0.06467822194099426,0.3361397087574005,-0.07938337326049805,-0.005433029495179653,-0.06222863867878914
frame_000426.png,frame_000427.png,0.051504649221897125,0.05807056277990341,0.33267834782600403,-0.0758976861834526,-0.004278474487364292,-0.06163438782095909
frame_000427.png,frame_000428.png,0.05725150555372238,0.05021940916776657,0.32866495847702026,-0.07165949046611786,-0.0027210693806409836,-0.05989599972963333
frame_000428.png,frame_000429.png,0.06345456838607788,0.04112296551465988,0.3188825845718384,-0.06650298088788986,-0.0013791164383292198,-0.05514715239405632
frame_000429.png,frame_000430.png,0.07005436718463898,0.0322917103767395,0.3051503896713257,-0.060377128422260284,-0.00149474386125803,-0.04667515307664871
frame_000430.png,frame_000431.png,0.08408646285533905,0.023773707449436188,0.2805251181125641,-0.05744455009698868,-0.0015521114692091942,-0.03360810503363609
frame_000431.png,frame_000432.png,0.09591192752122879,0.016725581139326096,0.25097498297691345,-0.055041879415512085,-0.006257656961679459,-0.018883727490901947
frame_000432.png,frame_000433.png,0.10647894442081451,0.01171291247010231,0.22437754273414612,-0.056606583297252655,-0.012567215599119663,-0.0025010323151946068
frame_000433.png,frame_000434.png,0.11604418605566025,0.00956997275352478,0.2094423919916153,-0.0575416162610054,-0.014701512642204762,0.010884192772209644
frame_000434.png,frame_000435.png,0.12990453839302063,0.010823115706443787,0.1967284232378006,-0.05404581129550934,-0.01640363410115242,0.02365340292453766
frame_000435.png,frame_000436.png,0.14083081483840942,0.015279550105333328,0.19190052151679993,-0.04755973070859909,-0.016264330595731735,0.032838381826877594
frame_000436.png,frame_000437.png,0.15030531585216522,0.02208038419485092,0.18939082324504852,-0.039775118231773376,-0.014086072333157063,0.04265318438410759
frame_000437.png,frame_000438.png,0.15541420876979828,0.028473585844039917,0.1924242377281189,-0.030990686267614365,-0.00877890083938837,0.05693638324737549
frame_000438.png,frame_000439.png,0.16684502363204956,0.031673841178417206,0.18952539563179016,-0.027245964854955673,-0.003071829676628113,0.07585668563842773
frame_000439.png,frame_000440.png,0.17572718858718872,0.03262663632631302,0.19623419642448425,-0.026304874569177628,0.0001891464926302433,0.09196220338344574
frame_000440.png,frame_000441.png,0.18312987685203552,0.03388340026140213,0.20229464769363403,-0.022046659141778946,0.004771272651851177,0.10604045540094376
frame_000441.png,frame_000442.png,0.18583032488822937,0.035369955003261566,0.2085147500038147,-0.026028070598840714,0.0043043335899710655,0.1136818528175354
frame_000442.png,frame_000443.png,0.18486231565475464,0.03576964884996414,0.22020304203033447,-0.03346572071313858,0.0007173530757427216,0.12097807228565216
frame_000443.png,frame_000444.png,0.18218323588371277,0.03636401891708374,0.2394910454750061,-0.04056454449892044,-0.0010404931381344795,0.12725049257278442
frame_000444.png,frame_000445.png,0.18003928661346436,0.0365251824259758,0.2623635232448578,-0.04868597537279129,-0.0002145925536751747,0.12996269762516022
frame_000445.png,frame_000446.png,0.17414799332618713,0.03596238046884537,0.28113359212875366,-0.059485577046871185,0.0008899075910449028,0.13337674736976624
frame_000446.png,frame_000447.png,0.16254666447639465,0.030788756906986237,0.3063413202762604,-0.0682973563671112,0.004401334561407566,0.13617375493049622
frame_000447.png,frame_000448.png,0.14520810544490814,0.02549680322408676,0.33795681595802307,-0.07389533519744873,0.010004725307226181,0.13646525144577026
frame_000448.png,frame_000449.png,0.1318054497241974,0.02264205366373062,0.3672718107700348,-0.07789605855941772,0.015101517550647259,0.13923633098602295
frame_000449.png,frame_000450.png,0.11662917584180832,0.020990751683712006,0.39483001828193665,-0.08122687041759491,0.01927332393825054,0.14583715796470642
frame_000450.png,frame_000451.png,0.10554800927639008,0.018700305372476578,0.4124329686164856,-0.08400966972112656,0.022481059655547142,0.15351571142673492
frame_000451.png,frame_000452.png,0.09459540992975235,0.018961101770401,0.4288500249385834,-0.08663633465766907,0.024702537804841995,0.16209283471107483
frame_000452.png,frame_000453.png,0.08247939497232437,0.02043731138110161,0.43065372109413147,-0.08675548434257507,0.025083273649215698,0.16891512274742126
frame_000453.png,frame_000454.png,0.07970786094665527,0.02518419176340103,0.42687878012657166,-0.08682146668434143,0.024044319987297058,0.17199331521987915
frame_000454.png,frame_000455.png,0.07871707528829575,0.02695269137620926,0.42530038952827454,-0.08337211608886719,0.025699831545352936,0.17737673223018646
frame_000455.png,frame_000456.png,0.07583125680685043,0.027626194059848785,0.411566823720932,-0.08173555880784988,0.022534258663654327,0.18520119786262512
frame_000456.png,frame_000457.png,0.08147283643484116,0.03237929195165634,0.390323668718338,-0.07614082843065262,0.015966664999723434,0.18607722222805023
frame_000457.png,frame_000458.png,0.09062420576810837,0.0378822460770607,0.3641221523284912,-0.07213327288627625,0.009669022634625435,0.18476523458957672
frame_000458.png,frame_000459.png,0.1031796783208847,0.04396551847457886,0.34112614393234253,-0.06726574152708054,0.006146236322820187,0.17982500791549683
frame_000459.png,frame_000460.png,0.11655890941619873,0.049525946378707886,0.3203671872615814,-0.06469349563121796,0.0045967111364007,0.17439284920692444
frame_000460.png,frame_000461.png,0.13312195241451263,0.05447487533092499,0.30472293496131897,-0.06670652329921722,0.003141975961625576,0.16613243520259857
frame_000461.png,frame_000462.png,0.14842839539051056,0.05708007514476776,0.2964017391204834,-0.07173168659210205,0.004213309846818447,0.16307403147220612
frame_000462.png,frame_000463.png,0.16225945949554443,0.05930127203464508,0.28953441977500916,-0.07777232676744461,0.007044925354421139,0.15455080568790436
frame_000463.png,frame_000464.png,0.1728058159351349,0.06223771721124649,0.28980913758277893,-0.07986888289451599,0.013566269539296627,0.14265307784080505
frame_000464.png,frame_000465.png,0.17928040027618408,0.06351863592863083,0.29154935479164124,-0.08424003422260284,0.019880089908838272,0.13499823212623596
frame_000465.png,frame_000466.png,0.19146275520324707,0.06588537991046906,0.2896619141101837,-0.08478160202503204,0.022705793380737305,0.12394464015960693
frame_000466.png,frame_000467.png,0.20202168822288513,0.06547565013170242,0.28964170813560486,-0.08548498153686523,0.023638151586055756,0.11156580597162247
frame_000467.png,frame_000468.png,0.20673829317092896,0.06475023925304413,0.2869126796722412,-0.08912442624568939,0.02363622933626175,0.09894469380378723
frame_000468.png,frame_000469.png,0.20889508724212646,0.06606961041688919,0.2842957675457001,-0.09114272892475128,0.021853625774383545,0.08530758321285248
frame_000469.png,frame_000470.png,0.20670005679130554,0.0688653513789177,0.2869040369987488,-0.09236927330493927,0.021931812167167664,0.07035653293132782
frame_000470.png,frame_000471.png,0.20528730750083923,0.0690951943397522,0.28954145312309265,-0.0957266166806221,0.024382751435041428,0.05317453294992447
frame_000471.png,frame_000472.png,0.20532038807868958,0.07099971920251846,0.2956934869289398,-0.09529228508472443,0.024314720183610916,0.040602780878543854
frame_000472.png,frame_000473.png,0.20381176471710205,0.07329266518354416,0.2983250617980957,-0.09308232367038727,0.023463450372219086,0.03185048699378967
frame_000473.png,frame_000474.png,0.20560777187347412,0.07660315185785294,0.29813072085380554,-0.0895567387342453,0.024069327861070633,0.027160808444023132
frame_000474.png,frame_000475.png,0.20598922669887543,0.07733333110809326,0.30039718747138977,-0.0848882645368576,0.023813530802726746,0.022743377834558487
frame_000475.png,frame_000476.png,0.2025902271270752,0.07908947765827179,0.2990816533565521,-0.08080564439296722,0.02310526743531227,0.018404845148324966
frame_000476.png,frame_000477.png,0.19686859846115112,0.08043906837701797,0.293550044298172,-0.07637611776590347,0.021538294851779938,0.01380606647580862
frame_000477.png,frame_000478.png,0.1899873912334442,0.07900755852460861,0.2851238548755646,-0.07199154794216156,0.019352644681930542,0.009385318495333195
frame_000478.png,frame_000479.png,0.18295666575431824,0.07536699622869492,0.2781117856502533,-0.06901182234287262,0.017938558012247086,0.0040418244898319244
frame_000479.png,frame_000480.png,0.17885644733905792,0.07174312323331833,0.2728862166404724,-0.0678192600607872,0.017526745796203613,0.0006132200360298157
frame_000480.png,frame_000481.png,0.17222614586353302,0.06838240474462509,0.2693369388580322,-0.06696484237909317,0.01661888137459755,0.001991651952266693
frame_000481.png,frame_000482.png,0.1661745309829712,0.06595353782176971,0.26487407088279724,-0.06614083051681519,0.016509030014276505,0.0036959759891033173
frame_000482.png,frame_000483.png,0.16294634342193604,0.06465554982423782,0.2629269063472748,-0.06568677723407745,0.01636350527405739,0.007018928416073322
frame_000483.png,frame_000484.png,0.15628531575202942,0.06379371136426926,0.2613542377948761,-0.0655035600066185,0.014942320995032787,0.012681459076702595
frame_000484.png,frame_000485.png,0.14481765031814575,0.06191929429769516,0.2621699869632721,-0.06875547021627426,0.011710765771567822,0.014905097894370556
frame_000485.png,frame_000486.png,0.13383111357688904,0.05819036066532135,0.2595638632774353,-0.07142136991024017,0.007400373928248882,0.016140438616275787
frame_000486.png,frame_000487.png,0.12423834204673767,0.055830515921115875,0.25772979855537415,-0.07326017320156097,0.005344686098396778,0.018460683524608612
frame_000487.png,frame_000488.png,0.11617718636989594,0.05290095508098602,0.2609861195087433,-0.07585789263248444,0.0047557903453707695,0.024851858615875244
frame_000488.png,frame_000489.png,0.10704974085092545,0.050585195422172546,0.26594746112823486,-0.07411748170852661,0.003973257727921009,0.035190023481845856
frame_000489.png,frame_000490.png,0.10327059030532837,0.047105126082897186,0.2689584195613861,-0.08160553127527237,0.002206035889685154,0.04182704538106918
frame_000490.png,frame_000491.png,0.09208077192306519,0.04936341196298599,0.278485506772995,-0.08834290504455566,0.0018687890842556953,0.05184211954474449
frame_000491.png,frame_000492.png,0.0883897989988327,0.0540548712015152,0.2893000543117523,-0.09187087416648865,-0.0016926852986216545,0.05831018090248108
frame_000492.png,frame_000493.png,0.10216560959815979,0.061056338250637054,0.30494722723960876,-0.09178229421377182,-0.0061689866706728935,0.06094524264335632
frame_000493.png,frame_000494.png,0.11313672363758087,0.06526661664247513,0.3223287761211395,-0.08912959694862366,-0.012303696013987064,0.06663426756858826
frame_000494.png,frame_000495.png,0.11651408672332764,0.06844450533390045,0.30745503306388855,-0.08933152258396149,-0.015174944885075092,0.06701923906803131
frame_000495.png,frame_000496.png,0.1039397343993187,0.08178868889808655,0.31926289200782776,-0.09165317565202713,-0.013022496365010738,0.052239131182432175
frame_000496.png,frame_000497.png,0.09921179711818695,0.08611374348402023,0.3383016884326935,-0.09243832528591156,-0.013148928992450237,0.06062695384025574
frame_000497.png,frame_000498.png,0.12234832346439362,0.08326456695795059,0.34360072016716003,-0.0861588716506958,-0.01829858496785164,0.08009984344244003
frame_000498.png,frame_000499.png,0.13975924253463745,0.08428136259317398,0.352529913187027,-0.08519088476896286,-0.02216312661767006,0.091812863945961
frame_000499.png,frame_000500.png,0.14506834745407104,0.0802280604839325,0.35422220826148987,-0.08113036304712296,-0.015153390355408192,0.08225460350513458
frame_000500.png,frame_000501.png,0.1287020444869995,0.0724623054265976,0.3630630671977997,-0.08056718856096268,-0.014375456608831882,0.06498094648122787
frame_000501.png,frame_000502.png,0.12057720869779587,0.06494700908660889,0.368603378534317,-0.08415248245000839,-0.0065063852816820145,0.05275433510541916
frame_000502.png,frame_000503.png,0.11753177642822266,0.06470640003681183,0.3750164806842804,-0.09916579723358154,0.005035953596234322,0.03701118752360344
frame_000503.png,frame_000504.png,0.1384766697883606,0.05992022901773453,0.3616699278354645,-0.10169702023267746,0.009147202596068382,0.04102500155568123
frame_000504.png,frame_000505.png,0.1158270612359047,0.05512984097003937,0.3392004668712616,-0.09135487675666809,0.012982683256268501,0.06407718360424042
frame_000505.png,frame_000506.png,0.09793706238269806,0.057065658271312714,0.3132065236568451,-0.07171696424484253,0.014193686656653881,0.06078366935253143
frame_000506.png,frame_000507.png,0.09338337182998657,0.052363090217113495,0.304014652967453,-0.0387137234210968,0.011604719795286655,0.05615128576755524
frame_000507.png,frame_000508.png,0.07328201085329056,0.05685129761695862,0.2940068542957306,-0.010255800560116768,0.008736885152757168,0.0552673414349556
frame_000508.png,frame_000509.png,0.04173032566905022,0.0511452853679657,0.2928904592990875,-0.002315584570169449,0.0035511786118149757,0.05108968913555145
frame_000509.png,frame_000510.png,0.009415581822395325,0.04256446659564972,0.2871246635913849,0.005372699350118637,-0.006069169379770756,0.047518469393253326
frame_000510.png,frame_000511.png,-0.03068654239177704,0.031682953238487244,0.2758873403072357,0.01586068794131279,-0.01184902060776949,0.037728872150182724
frame_000511.png,frame_000512.png,-0.056624896824359894,0.025069184601306915,0.27876463532447815,0.027422085404396057,-0.010601633228361607,0.040446773171424866
frame_000512.png,frame_000513.png,-0.07408276945352554,0.015870757400989532,0.28097203373908997,0.022319182753562927,-0.006165343336760998,0.05421936511993408
frame_000513.png,frame_000514.png,-0.07661127299070358,0.006329044699668884,0.2704557478427887,0.011921924538910389,-0.004348129965364933,0.06382621824741364
frame_000514.png,frame_000515.png,-0.06490501016378403,0.004349060356616974,0.25994810461997986,0.0010323459282517433,-0.001455201767385006,0.054882943630218506
frame_000515.png,frame_000516.png,-0.025792434811592102,0.015851076692342758,0.24767819046974182,-0.025379396975040436,0.0031714467331767082,0.0324866883456707
frame_000516.png,frame_000517.png,0.011047691106796265,0.032167948782444,0.2533935606479645,-0.04539882391691208,0.004854380153119564,0.012210351414978504
frame_000517.png,frame_000518.png,0.04259975999593735,0.045169271528720856,0.26678702235221863,-0.059087514877319336,0.0035360930487513542,0.0025131935253739357
frame_000518.png,frame_000519.png,0.06832230091094971,0.05267179757356644,0.27117636799812317,-0.07313156872987747,0.004076596349477768,-0.0051680514588952065
frame_000519.png,frame_000520.png,0.06981738656759262,0.05970825254917145,0.2628651559352875,-0.0803779810667038,0.009738150984048843,-0.027126062661409378
frame_000520.png,frame_000521.png,0.07435546815395355,0.06875604391098022,0.26451078057289124,-0.09304267913103104,0.011540902778506279,-0.04386472702026367
frame_000521.png,frame_000522.png,0.0961938202381134,0.07405886054039001,0.2520071566104889,-0.09790004789829254,0.010206510312855244,-0.04106985032558441
frame_000522.png,frame_000523.png,0.11463549733161926,0.07129054516553879,0.24243474006652832,-0.09639717638492584,0.006788191385567188,-0.03249454125761986
frame_000523.png,frame_000524.png,0.13722583651542664,0.07023448497056961,0.22567427158355713,-0.09387817978858948,0.0036230189725756645,-0.027543630450963974
frame_000524.png,frame_000525.png,0.16092652082443237,0.06784085184335709,0.20942707359790802,-0.09524212777614594,0.0009665535762906075,-0.017663277685642242
frame_000525.png,frame_000526.png,0.1695440709590912,0.07099789381027222,0.20191924273967743,-0.09493428468704224,-0.0017105257138609886,-0.012976276688277721
frame_000526.png,frame_000527.png,0.1675340235233307,0.06932063400745392,0.17118892073631287,-0.09212011098861694,-0.0041818441823124886,-0.015294535085558891
frame_000527.png,frame_000528.png,0.15561604499816895,0.06979541480541229,0.14046509563922882,-0.0723140612244606,-0.011853632517158985,-0.02165309712290764
frame_000528.png,frame_000529.png,0.14934241771697998,0.07035757601261139,0.12046539783477783,-0.054284825921058655,-0.012420727871358395,-0.00918684620410204
frame_000529.png,frame_000530.png,0.13624413311481476,0.0632440522313118,0.1265128254890442,-0.04544348269701004,-0.0025848103687167168,0.014670048840343952
frame_000530.png,frame_000531.png,0.11517234891653061,0.06285812705755234,0.1321568787097931,-0.03851933032274246,0.004010329954326153,0.02004026621580124
frame_000531.png,frame_000532.png,0.09143200516700745,0.05321627855300903,0.11742958426475525,-0.042206354439258575,0.007087791338562965,0.009394810535013676
frame_000532.png,frame_000533.png,0.11072604358196259,0.05116010457277298,0.11290164291858673,-0.042749255895614624,0.008240193128585815,-0.0005290722474455833
frame_000533.png,frame_000534.png,0.148537740111351,0.04326261579990387,0.09147331118583679,-0.04359716176986694,0.005378546193242073,0.003478121943771839
frame_000534.png,frame_000535.png,0.19976741075515747,0.037191614508628845,0.06054345890879631,-0.06261947751045227,0.00816262699663639,0.0015002014115452766
frame_000535.png,frame_000536.png,0.1842327117919922,0.04057806730270386,0.04704717919230461,-0.08357608318328857,0.005262310151010752,-0.025017131119966507
frame_000536.png,frame_000537.png,0.1808488667011261,0.04783722013235092,0.03960910439491272,-0.10557396709918976,0.005041171796619892,-0.04173731431365013
frame_000537.png,frame_000538.png,0.17159003019332886,0.06191211938858032,0.0871189683675766,-0.10599003732204437,0.00017828680574893951,-0.04014577716588974
frame_000538.png,frame_000539.png,0.15609940886497498,0.06785839796066284,0.11456674337387085,-0.11492808163166046,-0.020864326506853104,-0.0314355231821537
frame_000539.png,frame_000540.png,0.12124686688184738,0.0608103945851326,0.1330692172050476,-0.12119245529174805,-0.034135568886995316,-0.0005650138482451439
frame_000540.png,frame_000541.png,0.13504475355148315,0.04897962510585785,0.14291539788246155,-0.1332300752401352,-0.03684109076857567,0.006509506143629551
frame_000541.png,frame_000542.png,0.1388164758682251,0.06410281360149384,0.20291870832443237,-0.11848239600658417,-0.04032904654741287,-0.0295414961874485
frame_000542.png,frame_000543.png,0.14276988804340363,0.09034053236246109,0.23232632875442505,-0.11222083866596222,-0.024884983897209167,-0.05160699784755707
frame_000543.png,frame_000544.png,0.164981871843338,0.10897132009267807,0.20770420134067535,-0.08813200145959854,-0.017530087381601334,-0.03828234598040581
frame_000544.png,frame_000545.png,0.16908665001392365,0.1040460392832756,0.1692565679550171,-0.072386734187603,-0.01849375292658806,-0.04112919047474861
frame_000545.png,frame_000546.png,0.17497354745864868,0.11214069277048111,0.16822388768196106,-0.06710118800401688,-0.006427322514355183,-0.047862887382507324
frame_000546.png,frame_000547.png,0.16857340931892395,0.1212129071354866,0.18414296209812164,-0.05156975984573364,-0.0011190520599484444,-0.04737057536840439
frame_000547.png,frame_000548.png,0.14261513948440552,0.11774692684412003,0.2148159146308899,-0.04012457653880119,0.0032015256583690643,-0.03239857405424118
frame_000548.png,frame_000549.png,0.1374039500951767,0.11214270442724228,0.23384815454483032,-0.04434405267238617,0.0030640107579529285,-0.034686509519815445
frame_000549.png,frame_000550.png,0.14759418368339539,0.09954012185335159,0.2448180615901947,-0.05790533870458603,0.0016599353402853012,-0.014415516518056393
frame_000550.png,frame_000551.png,0.12918686866760254,0.0786617249250412,0.25448909401893616,-0.06812183558940887,0.001222972758114338,0.013435290195047855
frame_000551.png,frame_000552.png,0.1301775872707367,0.06163383275270462,0.27280691266059875,-0.05894787982106209,0.004203949123620987,0.009297438897192478
frame_000552.png,frame_000553.png,0.11287228763103485,0.05793637037277222,0.300479531288147,-0.06126443296670914,-0.006568452343344688,-0.004171251319348812
frame_000553.png,frame_000554.png,0.11226123571395874,0.07128366082906723,0.3203050494194031,-0.0723971426486969,-0.006660138256847858,-0.027541548013687134
frame_000554.png,frame_000555.png,0.11708314716815948,0.07864738255739212,0.2921414077281952,-0.0753355547785759,-0.013724050484597683,-0.04704173281788826
frame_000555.png,frame_000556.png,0.14935997128486633,0.0823882669210434,0.24192655086517334,-0.05297781527042389,-0.009942463599145412,-0.059790659695863724
frame_000556.png,frame_000557.png,0.15971052646636963,0.0819224864244461,0.2114998698234558,-0.03041738271713257,-0.00935561116784811,-0.07123741507530212
frame_000557.png,frame_000558.png,0.15512502193450928,0.07793793827295303,0.19287894666194916,-0.017175380140542984,-0.005820358172059059,-0.0686749592423439
frame_000558.png,frame_000559.png,0.15795958042144775,0.07730074226856232,0.1925845444202423,-0.021124407649040222,-0.0009528184309601784,-0.07311217486858368
frame_000559.png,frame_000560.png,0.16795484721660614,0.07352489233016968,0.19337792694568634,-0.03270995616912842,0.004010404460132122,-0.06868048012256622
frame_000560.png,frame_000561.png,0.17766258120536804,0.0729694738984108,0.20178920030593872,-0.04905293509364128,0.01703554578125477,-0.06797991693019867
frame_000561.png,frame_000562.png,0.14838868379592896,0.07587050646543503,0.18341808021068573,-0.06552279740571976,0.017635531723499298,-0.06915116310119629
frame_000562.png,frame_000563.png,0.1084156334400177,0.06745047122240067,0.19786307215690613,-0.08171070367097855,0.004187742713838816,-0.06354635953903198
frame_000563.png,frame_000564.png,0.11572198569774628,0.07418633997440338,0.202126145362854,-0.08648237586021423,0.011733154766261578,-0.0542236790060997
frame_000564.png,frame_000565.png,0.1263308823108673,0.07933489978313446,0.2174939513206482,-0.0903359055519104,0.021479321643710136,-0.053916528820991516
frame_000565.png,frame_000566.png,0.14886663854122162,0.0720645859837532,0.18831788003444672,-0.08020980656147003,0.02038951963186264,-0.03919486701488495
frame_000566.png,frame_000567.png,0.16011950373649597,0.052867598831653595,0.13263937830924988,-0.10426383465528488,0.009783626534044743,-0.033206455409526825
frame_000567.png,frame_000568.png,0.18860340118408203,0.033635132014751434,0.08167536556720734,-0.09917908906936646,0.005344646982848644,-0.01777539774775505
frame_000568.png,frame_000569.png,0.176084965467453,0.03847862035036087,0.10665974020957947,-0.10162128508090973,0.019845139235258102,-0.00942655187100172
frame_000569.png,frame_000570.png,0.15947401523590088,0.05016298592090607,0.13109518587589264,-0.08639197796583176,0.023148518055677414,-0.005616406910121441
frame_000570.png,frame_000571.png,0.12936677038669586,0.0666736289858818,0.1500174105167389,-0.07851014286279678,0.028968103229999542,-0.005107591859996319
frame_000571.png,frame_000572.png,0.12451246380805969,0.07416891306638718,0.1518709808588028,-0.08658822625875473,0.02896210178732872,-0.012864413671195507
frame_000572.png,frame_000573.png,0.13302607834339142,0.0644267126917839,0.11546887457370758,-0.06975634396076202,0.035030774772167206,0.003755633719265461
frame_000573.png,frame_000574.png,0.15811699628829956,0.06004117429256439,0.07879433035850525,-0.0592205747961998,0.03407108038663864,-0.0041689081117510796
frame_000574.png,frame_000575.png,0.1725098341703415,0.061187006533145905,0.04084823653101921,-0.05229474604129791,0.034178558737039566,-0.005117730237543583
frame_000575.png,frame_000576.png,0.1977495551109314,0.07201000303030014,0.0065679363906383514,-0.06606844812631607,0.03565940260887146,-0.0012598810717463493
frame_000576.png,frame_000577.png,0.22073489427566528,0.08636973053216934,-0.010679218918085098,-0.0729762390255928,0.039580654352903366,-0.0019614538177847862
frame_000577.png,frame_000578.png,0.22141307592391968,0.08639097958803177,-0.027371224015951157,-0.08502691984176636,0.03914663568139076,-0.00338756013661623
frame_000578.png,frame_000579.png,0.2189241349697113,0.0803806409239769,-0.0372748039662838,-0.0928979367017746,0.038293614983558655,-0.01193938311189413
frame_000579.png,frame_000580.png,0.21900570392608643,0.07531718164682388,-0.047864530235528946,-0.09981061518192291,0.03612822666764259,-0.0159442238509655
frame_000580.png,frame_000581.png,0.2289525866508484,0.07548712939023972,-0.051220159977674484,-0.09475740045309067,0.030175067484378815,-0.013883802108466625
frame_000581.png,frame_000582.png,0.23315370082855225,0.07283111661672592,-0.04613519087433815,-0.0878840982913971,0.020370781421661377,-0.004944320768117905
frame_000582.png,frame_000583.png,0.23343932628631592,0.07231608033180237,-0.03697506710886955,-0.08135856688022614,0.012220065109431744,0.003321056254208088
frame_000583.png,frame_000584.png,0.23480409383773804,0.07274138182401657,-0.036631952971220016,-0.07364743947982788,0.0028810929507017136,0.003150339238345623
frame_000584.png,frame_000585.png,0.23174068331718445,0.0737260952591896,-0.03726330026984215,-0.07358427345752716,-0.007118527777493,0.004161651246249676
frame_000585.png,frame_000586.png,0.2315521538257599,0.07668925821781158,-0.041442301124334335,-0.072635218501091,-0.014378185383975506,0.0012165363878011703
frame_000586.png,frame_000587.png,0.22956028580665588,0.07896187901496887,-0.03609023615717888,-0.07538612186908722,-0.018998276442289352,0.0002049887552857399
frame_000587.png,frame_000588.png,0.22612160444259644,0.0805746391415596,-0.024461209774017334,-0.07670094072818756,-0.02121886983513832,0.003003746271133423
frame_000588.png,frame_000589.png,0.22052407264709473,0.08279751986265182,-0.012380454689264297,-0.07684972882270813,-0.022592764347791672,0.008158945478498936
frame_000589.png,frame_000590.png,0.20988285541534424,0.08268208056688309,-0.0018293224275112152,-0.06929659098386765,-0.022274918854236603,0.020162105560302734
frame_000590.png,frame_000591.png,0.2012258768081665,0.0868806466460228,0.0029920563101768494,-0.05231428146362305,-0.020594891160726547,0.030182164162397385
frame_000591.png,frame_000592.png,0.2000303864479065,0.0956282988190651,0.003412410616874695,-0.03618071228265762,-0.016591135412454605,0.031225040555000305
frame_000592.png,frame_000593.png,0.19830107688903809,0.0973985567688942,0.0097879096865654,-0.02572709694504738,-0.012228763662278652,0.031472209841012955
frame_000593.png,frame_000594.png,0.20411324501037598,0.09544717520475388,0.0016195327043533325,-0.013763266615569592,-0.005910052917897701,0.02871282398700714
frame_000594.png,frame_000595.png,0.20765146613121033,0.09574814885854721,-0.001745864748954773,0.0007862159982323647,-0.003945718519389629,0.030304308980703354
frame_000595.png,frame_000596.png,0.1985139697790146,0.09671004861593246,0.01427505537867546,0.008798123337328434,-0.004210104234516621,0.025573361665010452
frame_000596.png,frame_000597.png,0.18782126903533936,0.09869306534528732,0.026888947933912277,0.02124617248773575,-0.003072710707783699,0.020533595234155655
frame_000597.png,frame_000598.png,0.1732177734375,0.09915337711572647,0.03573445975780487,0.03233301639556885,-0.0011231321841478348,0.011947701685130596
frame_000598.png,frame_000599.png,0.15896934270858765,0.1000494584441185,0.049759265035390854,0.033467892557382584,0.0014009671285748482,-0.0004165833815932274
frame_000599.png,frame_000600.png,0.15090179443359375,0.09712041169404984,0.08401145040988922,0.03168035298585892,-0.002806907519698143,-0.0013419995084404945
frame_000600.png,frame_000601.png,0.14057929813861847,0.08240385353565216,0.13718785345554352,0.01949286460876465,-0.007612633518874645,0.0095490338280797
frame_000601.png,frame_000602.png,0.12767313420772552,0.06321830302476883,0.20187364518642426,0.019822079688310623,-0.013341364450752735,0.01625252142548561
frame_000602.png,frame_000603.png,0.11781417578458786,0.049260370433330536,0.25470834970474243,0.022840309888124466,-0.014089432545006275,0.017650138586759567
frame_000603.png,frame_000604.png,0.11967281997203827,0.03842773288488388,0.2915854752063751,0.030966710299253464,-0.011693528853356838,0.01706765964627266
frame_000604.png,frame_000605.png,0.12418369203805923,0.02722194790840149,0.3226318061351776,0.03611799702048302,-0.009918437339365482,0.016750052571296692
frame_000605.png,frame_000606.png,0.11859837174415588,0.015418831259012222,0.347106009721756,0.03664164990186691,-0.009846222586929798,0.020133398473262787
frame_000606.png,frame_000607.png,0.10582275688648224,0.008653771132230759,0.36307844519615173,0.03383246809244156,-0.014378310181200504,0.022025808691978455
frame_000607.png,frame_000608.png,0.09304244816303253,0.006299473345279694,0.36609402298927307,0.02970125898718834,-0.020834363996982574,0.021755263209342957
frame_000608.png,frame_000609.png,0.08741224557161331,0.010977864265441895,0.36062952876091003,0.027710657566785812,-0.02761082351207733,0.01752692088484764
frame_000609.png,frame_000610.png,0.08733677119016647,0.015429839491844177,0.35947924852371216,0.0241556353867054,-0.032479651272296906,0.009673078544437885
frame_000610.png,frame_000611.png,0.09503123909235,0.021335065364837646,0.3645423948764801,0.019905757158994675,-0.036154039204120636,0.0031776325777173042
frame_000611.png,frame_000612.png,0.09976647794246674,0.026817604899406433,0.3697417974472046,0.013974376954138279,-0.040206875652074814,-0.0010750805959105492
frame_000612.png,frame_000613.png,0.0970543622970581,0.028450168669223785,0.3799498379230499,0.005619424395263195,-0.043039098381996155,-0.003588474355638027
frame_000613.png,frame_000614.png,0.08728408068418503,0.02634076029062271,0.39086881279945374,0.0008560027927160263,-0.043873079121112823,-0.0025044335052371025
frame_000614.png,frame_000615.png,0.06528475880622864,0.01959110051393509,0.39743873476982117,-0.0029500345699489117,-0.04359078034758568,-4.5641325414180756e-05
frame_000615.png,frame_000616.png,0.04777617007493973,0.014435023069381714,0.4038759768009186,-0.00047895684838294983,-0.044298090040683746,-0.0024381792172789574
frame_000616.png,frame_000617.png,0.037854526191949844,0.011112488806247711,0.40733739733695984,0.005071342922747135,-0.04381164163351059,-0.006467844359576702
frame_000617.png,frame_000618.png,0.016986720263957977,0.008122622966766357,0.4093126356601715,0.004575938917696476,-0.045645296573638916,-0.00601570401340723
frame_000618.png,frame_000619.png,-0.014418564736843109,0.003742009401321411,0.41213876008987427,-0.0001833764836192131,-0.048767805099487305,-0.00016958173364400864
frame_000619.png,frame_000620.png,-0.044636793434619904,0.0009327605366706848,0.41347768902778625,-0.0038347262889146805,-0.049703747034072876,0.0043946923688054085
frame_000620.png,frame_000621.png,-0.06693967431783676,-0.00263291597366333,0.4128594398498535,-0.005792807787656784,-0.048073660582304,0.0031785396859049797
frame_000621.png,frame_000622.png,-0.08013951033353806,-0.005884699523448944,0.4158485233783722,-0.009109782986342907,-0.04449467360973358,-0.0014283480122685432
frame_000622.png,frame_000623.png,-0.08939047902822495,-0.009234465658664703,0.4232215881347656,-0.018580637872219086,-0.044609613716602325,-0.0046829888597130775
frame_000623.png,frame_000624.png,-0.09840869158506393,-0.015329452231526375,0.426344096660614,-0.027554750442504883,-0.04266120493412018,-0.006046091206371784
frame_000624.png,frame_000625.png,-0.10966240614652634,-0.02188822813332081,0.41822710633277893,-0.02979479730129242,-0.0414818711578846,0.004685220308601856
frame_000625.png,frame_000626.png,-0.13400939106941223,-0.019946467131376266,0.3908768594264984,-0.007963791489601135,-0.04779159650206566,0.013601123355329037
frame_000626.png,frame_000627.png,-0.1480417251586914,-0.010270748287439346,0.3486904203891754,0.01398006547242403,-0.04990934580564499,0.009326904080808163
frame_000627.png,frame_000628.png,-0.15621712803840637,0.008645478636026382,0.30943116545677185,0.015964433550834656,-0.04716167598962784,-0.005318394862115383
frame_000628.png,frame_000629.png,-0.1620287001132965,0.0194079652428627,0.29019901156425476,0.005140692926943302,-0.047162529081106186,-0.01503059547394514
frame_000629.png,frame_000630.png,-0.16969317197799683,0.026006579399108887,0.2860013544559479,0.0008066641166806221,-0.04558846354484558,-0.008658723905682564
frame_000630.png,frame_000631.png,-0.18022766709327698,0.026715315878391266,0.28187963366508484,-0.0033113760873675346,-0.044103048741817474,-0.0076138610020279884
frame_000631.png,frame_000632.png,-0.19000470638275146,0.025905102491378784,0.27380019426345825,-0.008150770328938961,-0.043176934123039246,-0.009866678155958652
frame_000632.png,frame_000633.png,-0.19690465927124023,0.024215824902057648,0.26698005199432373,-0.010569917969405651,-0.042239755392074585,-0.0147141357883811
frame_000633.png,frame_000634.png,-0.1943713128566742,0.024572066962718964,0.25974515080451965,-0.011735468171536922,-0.03988342732191086,-0.021086160093545914
frame_000634.png,frame_000635.png,-0.1831096112728119,0.028524480760097504,0.2544572055339813,-0.009282461367547512,-0.03639491647481918,-0.027232583612203598
frame_000635.png,frame_000636.png,-0.16339901089668274,0.030692175030708313,0.2559293210506439,-0.007535665296018124,-0.03192012757062912,-0.03146858885884285
frame_000636.png,frame_000637.png,-0.1393156349658966,0.031092733144760132,0.26006317138671875,-0.0072641028091311455,-0.026956427842378616,-0.03702251613140106
frame_000637.png,frame_000638.png,-0.1145014539361,0.03292763978242874,0.25855541229248047,-0.008192024193704128,-0.023471679538488388,-0.04396810755133629
frame_000638.png,frame_000639.png,-0.09149909764528275,0.03461889922618866,0.25683191418647766,-0.007282163016498089,-0.01985100284218788,-0.049856845289468765
frame_000639.png,frame_000640.png,-0.07191167026758194,0.03836698830127716,0.25470784306526184,-0.006474505178630352,-0.016364987939596176,-0.05315178632736206
frame_000640.png,frame_000641.png,-0.05569181591272354,0.0422443225979805,0.25226882100105286,-0.007031149230897427,-0.01231494452804327,-0.05182218551635742
frame_000641.png,frame_000642.png,-0.03695898503065109,0.04640946537256241,0.2451058328151703,-0.00406054500490427,-0.00862180721014738,-0.051119886338710785
frame_000642.png,frame_000643.png,-0.026412732899188995,0.04749435931444168,0.24011313915252686,-0.0027184775099158287,-0.007394061423838139,-0.052582189440727234
frame_000643.png,frame_000644.png,-0.013762734830379486,0.04891514778137207,0.23918089270591736,0.00011342857033014297,-0.0075319623574614525,-0.05399081110954285
frame_000644.png,frame_000645.png,0.0017975643277168274,0.04861877113580704,0.24114388227462769,0.0002992181107401848,-0.007530041970312595,-0.05064992606639862
frame_000645.png,frame_000646.png,0.01644032448530197,0.0447176992893219,0.24434182047843933,-0.001267879270017147,-0.005843319930136204,-0.04217452555894852
frame_000646.png,frame_000647.png,0.02707374095916748,0.03962991386651993,0.24972209334373474,-0.0017198184505105019,-0.0023465482518076897,-0.025949552655220032
frame_000647.png,frame_000648.png,0.026629053056240082,0.039214543998241425,0.2596839368343353,0.005222414620220661,0.002621802967041731,-0.00635893177241087
frame_000648.png,frame_000649.png,0.024330660700798035,0.04366353154182434,0.2718837857246399,0.007270548492670059,0.008030528202652931,-0.00020314473658800125
frame_000649.png,frame_000650.png,0.03895412012934685,0.04672139137983322,0.27784696221351624,0.0019408464431762695,0.011446299962699413,-0.006475658155977726
frame_000650.png,frame_000651.png,0.0573151633143425,0.04731209576129913,0.2831278443336487,-0.014303654432296753,0.011178205721080303,-0.011335968039929867
frame_000651.png,frame_000652.png,0.0720767006278038,0.04181382805109024,0.28338533639907837,-0.030371610075235367,0.007214630953967571,-0.01601569913327694
frame_000652.png,frame_000653.png,0.08510585129261017,0.034558460116386414,0.2879737317562103,-0.04721718654036522,0.0013888916000723839,-0.017947126179933548
frame_000653.png,frame_000654.png,0.09643501788377762,0.028911523520946503,0.2848883271217346,-0.06574969738721848,-0.004939825274050236,-0.023171309381723404
frame_000654.png,frame_000655.png,0.11029769480228424,0.02569657564163208,0.26824119687080383,-0.07780120521783829,-0.010827637277543545,-0.0298309326171875
frame_000655.png,frame_000656.png,0.12940293550491333,0.022777482867240906,0.25126174092292786,-0.0881323516368866,-0.016116302460432053,-0.034770622849464417
frame_000656.png,frame_000657.png,0.14547017216682434,0.021192356944084167,0.23095908761024475,-0.09736879169940948,-0.01893693208694458,-0.035508833825588226
frame_000657.png,frame_000658.png,0.1584000587463379,0.021146737039089203,0.2163182497024536,-0.10757678747177124,-0.020041603595018387,-0.03448135405778885
frame_000658.png,frame_000659.png,0.1765410155057907,0.022702671587467194,0.20579195022583008,-0.1127748116850853,-0.02193896472454071,-0.03202797472476959
frame_000659.png,frame_000660.png,0.19502249360084534,0.027771905064582825,0.1990317404270172,-0.11467237025499344,-0.021806299686431885,-0.026587579399347305
frame_000660.png,frame_000661.png,0.21088489890098572,0.0371771901845932,0.1878843605518341,-0.11070431768894196,-0.022282954305410385,-0.022218696773052216
frame_000661.png,frame_000662.png,0.22853350639343262,0.045596085488796234,0.16622483730316162,-0.10394033789634705,-0.023065220564603806,-0.013460066169500351
frame_000662.png,frame_000663.png,0.24137568473815918,0.048490189015865326,0.13947206735610962,-0.09753280878067017,-0.0240410678088665,-0.0041273534297943115
frame_000663.png,frame_000664.png,0.2490921914577484,0.04988512396812439,0.1150544285774231,-0.09706726670265198,-0.024943720549345016,0.005471881479024887
frame_000664.png,frame_000665.png,0.2504923939704895,0.05288437753915787,0.1004498153924942,-0.09936194866895676,-0.02546757087111473,0.011647327803075314
frame_000665.png,frame_000666.png,0.24895009398460388,0.055582910776138306,0.09179405868053436,-0.09577665477991104,-0.023609858006238937,0.0160471573472023
frame_000666.png,frame_000667.png,0.2526558041572571,0.05766482651233673,0.08861365914344788,-0.0882606953382492,-0.020304914563894272,0.02217964082956314
frame_000667.png,frame_000668.png,0.26316648721694946,0.05913715064525604,0.09191229939460754,-0.0801115334033966,-0.018559955060482025,0.026447579264640808
frame_000668.png,frame_000669.png,0.282702773809433,0.057377301156520844,0.09861719608306885,-0.07165534049272537,-0.01421667356044054,0.028101257979869843
frame_000669.png,frame_000670.png,0.2997801601886749,0.058165282011032104,0.10590969026088715,-0.061121560633182526,-0.010049131698906422,0.02933046966791153
frame_000670.png,frame_000671.png,0.31731873750686646,0.055079542100429535,0.1172809898853302,-0.050114359706640244,-0.005947384051978588,0.03776302933692932
frame_000671.png,frame_000672.png,0.3284972906112671,0.05104358494281769,0.12333902716636658,-0.0419670045375824,-0.0016441093757748604,0.05085744708776474
frame_000672.png,frame_000673.png,0.33663731813430786,0.049848467111587524,0.12835872173309326,-0.03425282984972,0.000433105044066906,0.0651952251791954
frame_000673.png,frame_000674.png,0.3400242328643799,0.051707036793231964,0.1237291693687439,-0.028175633400678635,0.0025172503665089607,0.0789390504360199
frame_000674.png,frame_000675.png,0.33781540393829346,0.05372234433889389,0.11707448959350586,-0.022489219903945923,0.004156428389251232,0.09262564033269882
frame_000675.png,frame_000676.png,0.3361397385597229,0.05732724070549011,0.10530553758144379,-0.019762985408306122,0.005183546803891659,0.10448558628559113
frame_000676.png,frame_000677.png,0.3392027020454407,0.060767851769924164,0.09430742263793945,-0.017647501081228256,0.008559678681194782,0.11146654933691025
frame_000677.png,frame_000678.png,0.3432552218437195,0.0648440346121788,0.08402308821678162,-0.016750771552324295,0.010510562919080257,0.11623048782348633
frame_000678.png,frame_000679.png,0.3466537892818451,0.06773445010185242,0.08108581602573395,-0.016934551298618317,0.01167143415659666,0.11785094439983368
frame_000679.png,frame_000680.png,0.34890589118003845,0.06844141334295273,0.08209668099880219,-0.018665116280317307,0.012630756013095379,0.12313762307167053
frame_000680.png,frame_000681.png,0.3534140884876251,0.06769001483917236,0.08098867535591125,-0.022395245730876923,0.011370266787707806,0.1237453818321228
frame_000681.png,frame_000682.png,0.35789087414741516,0.0690327063202858,0.08106115460395813,-0.028198376297950745,0.010643902234733105,0.12079879641532898
frame_000682.png,frame_000683.png,0.36612236499786377,0.06907070428133011,0.0750482976436615,-0.027126289904117584,0.009340568445622921,0.12455175817012787
frame_000683.png,frame_000684.png,0.3735734522342682,0.0683913603425026,0.06880190968513489,-0.023166213184595108,0.0077328747138381,0.12542207539081573
frame_000684.png,frame_000685.png,0.3767317235469818,0.06735125929117203,0.06293182075023651,-0.018110767006874084,0.005307178013026714,0.12292225658893585
frame_000685.png,frame_000686.png,0.3758414685726166,0.06587080657482147,0.060590799897909164,-0.014330456964671612,0.0033888136968016624,0.11733300983905792
frame_000686.png,frame_000687.png,0.37255045771598816,0.06260914355516434,0.06459072232246399,-0.015689004212617874,0.0027199378237128258,0.11227992177009583
frame_000687.png,frame_000688.png,0.37223467230796814,0.061176568269729614,0.0580008290708065,-0.022102389484643936,0.005950278602540493,0.10247460007667542
frame_000688.png,frame_000689.png,0.36677005887031555,0.06361157447099686,0.045914243906736374,-0.025699209421873093,0.005845389328896999,0.09220899641513824
frame_000689.png,frame_000690.png,0.3537275195121765,0.06007201969623566,0.041874177753925323,-0.0331975519657135,-0.00010134372860193253,0.09398166835308075
frame_000690.png,frame_000691.png,0.3326956331729889,0.056763119995594025,0.04909100756049156,-0.033814575523138046,-0.0068383002653717995,0.10063926875591278
frame_000691.png,frame_000692.png,0.3084859848022461,0.056363604962825775,0.053805749863386154,-0.027652904391288757,-0.010852023027837276,0.10661467909812927
frame_000692.png,frame_000693.png,0.283456951379776,0.05275558680295944,0.05905461683869362,-0.018163137137889862,-0.016102176159620285,0.11189626157283783
frame_000693.png,frame_000694.png,0.25570839643478394,0.05091983079910278,0.048968639224767685,-0.017183847725391388,-0.01916716992855072,0.1055275946855545
frame_000694.png,frame_000695.png,0.22084787487983704,0.05051020532846451,0.05698971077799797,-0.023574471473693848,-0.019703634083271027,0.10345719009637833
frame_000695.png,frame_000696.png,0.18275493383407593,0.05298782140016556,0.0751785933971405,-0.03470119833946228,-0.01810217648744583,0.09693176299333572
frame_000696.png,frame_000697.png,0.1624835729598999,0.051952071487903595,0.09830349683761597,-0.03187059983611107,-0.014770169742405415,0.10076368600130081
frame_000697.png,frame_000698.png,0.1552804708480835,0.04965801537036896,0.11136625707149506,-0.029860328882932663,-0.01230792049318552,0.1036098301410675
frame_000698.png,frame_000699.png,0.15343226492404938,0.0416882261633873,0.10174286365509033,-0.021689005196094513,-0.00735947210341692,0.0861394852399826
frame_000699.png,frame_000700.png,0.15600785613059998,0.025775685906410217,0.08864393830299377,-0.03519764170050621,0.00015711365267634392,0.0687296986579895
frame_000700.png,frame_000701.png,0.16110089421272278,0.03528549522161484,0.07995027303695679,-0.06009215489029884,0.0022731199860572815,0.05916201323270798
frame_000701.png,frame_000702.png,0.16768500208854675,0.05282635986804962,0.09027479588985443,-0.07691474258899689,-0.0020755585283041,0.048393115401268005
frame_000702.png,frame_000703.png,0.16255222260951996,0.0600157156586647,0.09803098440170288,-0.07721047103404999,-0.005362355150282383,0.03649166226387024
frame_000703.png,frame_000704.png,0.1523386687040329,0.0649629756808281,0.10470950603485107,-0.07460694015026093,-0.008306998759508133,0.033208951354026794
frame_000704.png,frame_000705.png,0.1587032675743103,0.06726542115211487,0.10156702995300293,-0.08448562771081924,-0.014829126186668873,0.0372481569647789
frame_000705.png,frame_000706.png,0.1585218608379364,0.06559295952320099,0.10956108570098877,-0.0908827856183052,-0.018035706132650375,0.03506176173686981
frame_000706.png,frame_000707.png,0.14847974479198456,0.06021417677402496,0.11547362804412842,-0.09588968008756638,-0.019939828664064407,0.026509255170822144
frame_000707.png,frame_000708.png,0.14383020997047424,0.053310588002204895,0.11895370483398438,-0.09182833135128021,-0.014783655293285847,0.019568875432014465
frame_000708.png,frame_000709.png,0.14336086809635162,0.04683176428079605,0.1196083277463913,-0.08827195316553116,-0.011279710568487644,0.009235569275915623
frame_000709.png,frame_000710.png,0.13709387183189392,0.049380041658878326,0.12089894711971283,-0.0833936333656311,-0.008015626110136509,-0.0004154881462454796
frame_000710.png,frame_000711.png,0.1361893117427826,0.056154876947402954,0.12527257204055786,-0.08331383019685745,-0.005115040577948093,-0.017935611307621002
frame_000711.png,frame_000712.png,0.14938350021839142,0.06575215607881546,0.11694034934043884,-0.08879547566175461,-0.005082103423774242,-0.035125888884067535
frame_000712.png,frame_000713.png,0.17270004749298096,0.07222010940313339,0.09520548582077026,-0.09379228204488754,-0.009235496632754803,-0.04602574557065964
frame_000713.png,frame_000714.png,0.19545495510101318,0.076393723487854,0.07081639766693115,-0.09496796876192093,-0.014913483522832394,-0.061557672917842865
frame_000714.png,frame_000715.png,0.2170524001121521,0.08288274705410004,0.06763631105422974,-0.08888472616672516,-0.017621316015720367,-0.07600940018892288
frame_000715.png,frame_000716.png,0.2297344207763672,0.08227135986089706,0.07184679806232452,-0.08668185770511627,-0.019542034715414047,-0.08416502177715302
frame_000716.png,frame_000717.png,0.2324082851409912,0.07562433928251266,0.0766763687133789,-0.08893486857414246,-0.019678477197885513,-0.085328608751297
frame_000717.png,frame_000718.png,0.23291480541229248,0.06204114109277725,0.06516627967357635,-0.0977528840303421,-0.020820822566747665,-0.08038376271724701
frame_000718.png,frame_000719.png,0.24178379774093628,0.05220762640237808,0.044433798640966415,-0.09865204989910126,-0.019551217555999756,-0.07970114052295685
frame_000719.png,frame_000720.png,0.25605565309524536,0.043382324278354645,0.02317148447036743,-0.10446173697710037,-0.018488850444555283,-0.07353545725345612
frame_000720.png,frame_000721.png,0.27880290150642395,0.036326661705970764,-0.009132172912359238,-0.10177233815193176,-0.017722029238939285,-0.06357976794242859
frame_000721.png,frame_000722.png,0.30029401183128357,0.031502120196819305,-0.03866635635495186,-0.10035453736782074,-0.018361341208219528,-0.058522749692201614
frame_000722.png,frame_000723.png,0.32142752408981323,0.03146534413099289,-0.06552571058273315,-0.09700298309326172,-0.02063114196062088,-0.05478184297680855
frame_000723.png,frame_000724.png,0.3408108055591583,0.03258322924375534,-0.09322662651538849,-0.09035701304674149,-0.023321382701396942,-0.055320631712675095
frame_000724.png,frame_000725.png,0.3538520634174347,0.03627512603998184,-0.11121168732643127,-0.08388294279575348,-0.02550133317708969,-0.0603763610124588
frame_000725.png,frame_000726.png,0.35757094621658325,0.039947137236595154,-0.11890353262424469,-0.07277750223875046,-0.026648640632629395,-0.06295298784971237
frame_000726.png,frame_000727.png,0.35948291420936584,0.04692535847425461,-0.11826236546039581,-0.057272620499134064,-0.028163161128759384,-0.06775618344545364
frame_000727.png,frame_000728.png,0.3589828312397003,0.050926193594932556,-0.11516013741493225,-0.043205492198467255,-0.029868513345718384,-0.06669948250055313
frame_000728.png,frame_000729.png,0.3554873764514923,0.05574274808168411,-0.11007368564605713,-0.03226540982723236,-0.03207159414887428,-0.06604019552469254
frame_000729.png,frame_000730.png,0.3476307988166809,0.06212875247001648,-0.09009972214698792,-0.0286049023270607,-0.03284471109509468,-0.07054021209478378
frame_000730.png,frame_000731.png,0.3337223529815674,0.06542305648326874,-0.057056721299886703,-0.027780238538980484,-0.030249714851379395,-0.07528585940599442
frame_000731.png,frame_000732.png,0.32282301783561707,0.06990420818328857,-0.02124777063727379,-0.030513133853673935,-0.02750343456864357,-0.07632873952388763
frame_000732.png,frame_000733.png,0.3152923882007599,0.06499912589788437,0.005966378375887871,-0.032487206161022186,-0.027079813182353973,-0.07376359403133392
frame_000733.png,frame_000734.png,0.3242148756980896,0.059289105236530304,0.01715840771794319,-0.02343549206852913,-0.032436929643154144,-0.07256880402565002
frame_000734.png,frame_000735.png,0.3114396035671234,0.049309141933918,0.033279720693826675,-0.025308847427368164,-0.036898743361234665,-0.07943062484264374
frame_000735.png,frame_000736.png,0.27492213249206543,0.04856223613023758,0.0598997138440609,-0.03389861807227135,-0.04250925034284592,-0.07964536547660828
frame_000736.png,frame_000737.png,0.22939181327819824,0.0497250035405159,0.09380888938903809,-0.05791865289211273,-0.03952392563223839,-0.08754803240299225
frame_000737.png,frame_000738.png,0.2128724455833435,0.04710952192544937,0.10756522417068481,-0.07945924997329712,-0.03369492292404175,-0.09266167134046555
frame_000738.png,frame_000739.png,0.21318593621253967,0.04499824345111847,0.10118970274925232,-0.08436688780784607,-0.03225889056921005,-0.09811632335186005
frame_000739.png,frame_000740.png,0.21213573217391968,0.03999824821949005,0.10198932886123657,-0.0825154185295105,-0.0344342365860939,-0.10373850166797638
frame_000740.png,frame_000741.png,0.19599345326423645,0.042345769703388214,0.11578422784805298,-0.06968942284584045,-0.030261125415563583,-0.10006438940763474
frame_000741.png,frame_000742.png,0.14592745900154114,0.04116738587617874,0.13903430104255676,-0.07357422262430191,-0.03545933961868286,-0.08944399654865265
frame_000742.png,frame_000743.png,0.134709432721138,0.03404968976974487,0.16393570601940155,-0.08841465413570404,-0.042164210230112076,-0.08219338953495026
frame_000743.png,frame_000744.png,0.1408684402704239,0.05065064877271652,0.2084667980670929,-0.06324247270822525,-0.03617212176322937,-0.05623709410429001
frame_000744.png,frame_000745.png,0.16916540265083313,0.050828658044338226,0.21130290627479553,-0.038064341992139816,-0.03651797026395798,-0.0011467663571238518
frame_000745.png,frame_000746.png,0.16255471110343933,0.0374513640999794,0.21761122345924377,-0.031211785972118378,-0.038415320217609406,0.03410443291068077
frame_000746.png,frame_000747.png,0.13359010219573975,0.03176821023225784,0.24285683035850525,-0.05045606568455696,-0.026354022324085236,0.049603480845689774
frame_000747.png,frame_000748.png,0.11807331442832947,0.0440116822719574,0.24042856693267822,-0.08356871455907822,-0.01599225029349327,0.051284924149513245
frame_000748.png,frame_000749.png,0.09223134815692902,0.06338203698396683,0.22698615491390228,-0.09805968403816223,-0.021093707531690598,0.04623202979564667
frame_000749.png,frame_000750.png,0.0904613584280014,0.07823624461889267,0.2207779735326767,-0.09583607316017151,-0.03114527091383934,0.06434395909309387
frame_000750.png,frame_000751.png,0.10890930891036987,0.10127315670251846,0.1926988661289215,-0.07790590822696686,-0.023121118545532227,0.03754996508359909
frame_000751.png,frame_000752.png,0.09840826690196991,0.11340058594942093,0.1652316153049469,-0.07123780995607376,-0.01595744490623474,0.020584624260663986
frame_000752.png,frame_000753.png,0.10055845975875854,0.11956208199262619,0.14563335478305817,-0.08485179394483566,-0.01451351959258318,0.014731316827237606
frame_000753.png,frame_000754.png,0.10123223066329956,0.11849383264780045,0.1282317042350769,-0.090233713388443,-0.026829633861780167,0.028253398835659027
frame_000754.png,frame_000755.png,0.12588892877101898,0.1113734170794487,0.12971939146518707,-0.1004900261759758,-0.032999809831380844,0.03375331312417984
frame_000755.png,frame_000756.png,0.14544202387332916,0.10483414679765701,0.15494851768016815,-0.10641304403543472,-0.04333771765232086,0.042877670377492905
frame_000756.png,frame_000757.png,0.12829971313476562,0.10221635550260544,0.1977919042110443,-0.0987459272146225,-0.038296014070510864,0.0276755690574646
frame_000757.png,frame_000758.png,0.1053013801574707,0.11466654390096664,0.22014456987380981,-0.09670010954141617,-0.028752844780683517,0.03116685152053833
frame_000758.png,frame_000759.png,0.12060276418924332,0.10795886069536209,0.22771143913269043,-0.08265496790409088,-0.014583372510969639,0.03000396490097046
frame_000759.png,frame_000760.png,0.13586686551570892,0.10248009115457535,0.2163761854171753,-0.06929642707109451,-0.00400849524885416,0.02333192527294159
frame_000760.png,frame_000761.png,0.14616765081882477,0.09773533791303635,0.19886983931064606,-0.05741177499294281,-0.0012156637385487556,0.021165166050195694
frame_000761.png,frame_000762.png,0.14709968864917755,0.09085126966238022,0.18044643104076385,-0.046842679381370544,-0.00370650552213192,0.020652931183576584
frame_000762.png,frame_000763.png,0.15499846637248993,0.08242318034172058,0.1551787257194519,-0.036577850580215454,-0.012004106305539608,0.02598528563976288
frame_000763.png,frame_000764.png,0.1768912374973297,0.0809980258345604,0.13403436541557312,-0.02293311059474945,-0.013580677099525928,0.024301748722791672
frame_000764.png,frame_000765.png,0.19413748383522034,0.07973596453666687,0.1282714456319809,-0.015811122953891754,-0.01724175736308098,0.021848760545253754
frame_000765.png,frame_000766.png,0.20099371671676636,0.07598145306110382,0.11393533647060394,-0.013784651644527912,-0.02196892723441124,0.018489040434360504
frame_000766.png,frame_000767.png,0.20602542161941528,0.07605446875095367,0.10151596367359161,-0.006413492374122143,-0.025910526514053345,0.016654614359140396
frame_000767.png,frame_000768.png,0.20599286258220673,0.07595488429069519,0.10117232799530029,0.0007208799943327904,-0.02377747744321823,0.017909780144691467
frame_000768.png,frame_000769.png,0.20035278797149658,0.0783563032746315,0.11018620431423187,-3.4411437809467316e-05,-0.01982586830854416,0.01065868977457285
frame_000769.png,frame_000770.png,0.1902007758617401,0.0888490304350853,0.12220972776412964,-0.012653605081140995,-0.015379603020846844,-0.0028169257566332817
frame_000770.png,frame_000771.png,0.17668187618255615,0.10013582557439804,0.13832147419452667,-0.03357597067952156,-0.010729371570050716,-0.007235574536025524
frame_000771.png,frame_000772.png,0.1522069126367569,0.10556014627218246,0.15053969621658325,-0.03945562243461609,-0.0007252683863043785,-0.018020275980234146
frame_000772.png,frame_000773.png,0.12783685326576233,0.10736791044473648,0.1682327687740326,-0.05154728516936302,0.0033289147540926933,-0.019841887056827545
frame_000773.png,frame_000774.png,0.10622655600309372,0.10322300344705582,0.17903093993663788,-0.04820653423666954,0.006605569273233414,-0.009493359364569187
frame_000774.png,frame_000775.png,0.07553379237651825,0.08664589375257492,0.1628839671611786,-0.04212760925292969,0.0034881094470620155,0.01629188284277916
frame_000775.png,frame_000776.png,0.04786110296845436,0.06805223971605301,0.1543378233909607,-0.03011830896139145,-0.006144942715764046,0.049868203699588776
frame_000776.png,frame_000777.png,0.014262355864048004,0.0628773644566536,0.14248669147491455,-0.03591734543442726,-0.009699017740786076,0.07701851427555084
frame_000777.png,frame_000778.png,-0.016003839671611786,0.07586175948381424,0.14858955144882202,-0.050309918820858,-0.018338050693273544,0.07158063352108002
frame_000778.png,frame_000779.png,0.0010573938488960266,0.0663224533200264,0.1558607667684555,-0.060656189918518066,-0.038467854261398315,0.04730408638715744
frame_000779.png,frame_000780.png,0.017014645040035248,0.06423500180244446,0.1436871588230133,-0.055555105209350586,-0.04388592392206192,0.010191795416176319
frame_000780.png,frame_000781.png,0.01781821995973587,0.05228573828935623,0.16263914108276367,-0.045537322759628296,-0.03609752655029297,-0.018524207174777985
frame_000781.png,frame_000782.png,0.012804478406906128,0.06332536786794662,0.16584846377372742,-0.015282983891665936,-0.032852452248334885,-0.015520227141678333
frame_000782.png,frame_000783.png,0.034338805824518204,0.07661871612071991,0.15923359990119934,-0.004963671788573265,-0.025084901601076126,0.002380100078880787
frame_000783.png,frame_000784.png,0.03953568637371063,0.05906582623720169,0.17766863107681274,-0.030781883746385574,-0.008961706422269344,0.011497235856950283
frame_000784.png,frame_000785.png,-0.011743895709514618,0.04899301379919052,0.2519233226776123,-0.06472155451774597,-0.009705052711069584,-0.016302701085805893
frame_000785.png,frame_000786.png,-0.019056037068367004,0.03206156939268112,0.33386993408203125,-0.06978145241737366,-0.01022415328770876,-0.029927875846624374
frame_000786.png,frame_000787.png,-0.0430544838309288,0.01850711554288864,0.3661743104457855,-0.08287028223276138,-0.022584114223718643,-0.016796600073575974
frame_000787.png,frame_000788.png,-0.006351664662361145,0.0176771841943264,0.3863566815853119,-0.06405021995306015,-0.014358625747263432,-0.00728281494230032
frame_000788.png,frame_000789.png,0.044632021337747574,0.0469466969370842,0.3511141836643219,-0.02123599871993065,0.008042330853641033,-0.0010216040536761284
frame_000789.png,frame_000790.png,0.11170512437820435,0.07134724408388138,0.3098582327365875,-0.017975814640522003,0.005984255578368902,0.022634148597717285
frame_000790.png,frame_000791.png,0.13125582039356232,0.038527414202690125,0.29103413224220276,-0.06804655492305756,-0.0018869666382670403,0.08348411321640015
frame_000791.png,frame_000792.png,0.10017002373933792,-0.008848655968904495,0.2591800391674042,-0.0941939651966095,0.020980283617973328,0.08790256828069687
frame_000792.png,frame_000793.png,0.07817430794239044,-0.011666230857372284,0.2531348764896393,-0.05692141875624657,0.01509968750178814,0.0688263475894928
frame_000793.png,frame_000794.png,0.12142319977283478,0.02095366269350052,0.23374661803245544,-0.034766364842653275,0.016050448641180992,0.030256718397140503
frame_000794.png,frame_000795.png,0.1207856684923172,0.0320252999663353,0.2526993453502655,-0.06038946285843849,0.004482748918235302,0.0393059104681015
frame_000795.png,frame_000796.png,0.10372084379196167,0.048235855996608734,0.24642372131347656,-0.07859323173761368,0.006359785795211792,0.059814080595970154
frame_000796.png,frame_000797.png,0.05066044628620148,0.0544150173664093,0.1642911434173584,-0.05170222371816635,0.004655769094824791,0.08045364916324615
frame_000797.png,frame_000798.png,0.025589019060134888,0.054084472358226776,0.14082293212413788,-0.0573388934135437,0.011901245452463627,0.040301259607076645
frame_000798.png,frame_000799.png,-0.03865530341863632,0.03478986769914627,0.1873117983341217,-0.045384082943201065,0.008335272781550884,0.05294948071241379
frame_000799.png,frame_000800.png,-0.06840401142835617,0.03153382986783981,0.16026774048805237,-0.04375844821333885,0.011349506676197052,0.036119334399700165
frame_000800.png,frame_000801.png,-0.08500423282384872,0.015988193452358246,0.12182667851448059,-0.04786227270960808,-5.6376680731773376e-05,0.04215909540653229
frame_000801.png,frame_000802.png,-0.06687072664499283,0.006081201136112213,0.08984129130840302,-0.05208534002304077,0.004774793051183224,0.015043328516185284
frame_000802.png,frame_000803.png,-0.07537614554166794,0.006204690784215927,0.08428937196731567,-0.030745748430490494,0.005587094463407993,-0.011064407415688038
frame_000803.png,frame_000804.png,-0.07694912701845169,0.0070947036147117615,0.08798113465309143,-0.00016466807574033737,0.013890945352613926,-0.015976276248693466
frame_000804.png,frame_000805.png,-0.07671888917684555,0.01072656735777855,0.06595730781555176,-0.0020562363788485527,0.005424804985523224,-0.020818952471017838
frame_000805.png,frame_000806.png,-0.09711498767137527,0.015450794249773026,0.07421006262302399,-0.03433667868375778,-0.002567276358604431,-0.035807427018880844
frame_000806.png,frame_000807.png,-0.07824745029211044,0.0010351017117500305,0.12295788526535034,-0.029320936650037766,-0.006308439187705517,-0.02558581531047821
frame_000807.png,frame_000808.png,-0.09757702797651291,-0.013373054563999176,0.20801013708114624,-0.02284994348883629,-0.004755629226565361,-0.012316367588937283
frame_000808.png,frame_000809.png,-0.11999481171369553,-0.010425224900245667,0.24270334839820862,-0.0039284611120820045,-0.009663841687142849,-0.02442428097128868
frame_000809.png,frame_000810.png,-0.14027103781700134,0.0016679391264915466,0.2561925947666168,0.015286360867321491,-0.011414132080972195,-0.0412575900554657
frame_000810.png,frame_000811.png,-0.15638002753257751,0.011227443814277649,0.2355886697769165,0.033180493861436844,-0.016961824148893356,-0.03823494911193848
frame_000811.png,frame_000812.png,-0.15737590193748474,0.010655362159013748,0.24233093857765198,0.041165031492710114,-0.021362651139497757,-0.04887246713042259
frame_000812.png,frame_000813.png,-0.17510482668876648,0.01035744696855545,0.2417984902858734,0.033804669976234436,-0.022311385720968246,-0.06793809682130814
frame_000813.png,frame_000814.png,-0.1526913046836853,0.03643103688955307,0.20217309892177582,0.0408092737197876,-0.02825815975666046,-0.0666104406118393
frame_000814.png,frame_000815.png,-0.1184377446770668,0.04168643802404404,0.18411105871200562,0.03771505132317543,-0.03439142927527428,-0.08952604234218597
frame_000815.png,frame_000816.png,-0.09260088950395584,0.047429196536540985,0.18917003273963928,0.024103812873363495,-0.03922713175415993,-0.09271860122680664
frame_000816.png,frame_000817.png,-0.085048608481884,0.04555541276931763,0.20463818311691284,0.0164097398519516,-0.04390175640583038,-0.08321984112262726
frame_000817.png,frame_000818.png,-0.10089810937643051,0.0416785329580307,0.24221006035804749,0.019617721438407898,-0.040699247270822525,-0.07941140979528427
frame_000818.png,frame_000819.png,-0.11152737587690353,0.03421133756637573,0.2697601318359375,0.012477041222155094,-0.0382012315094471,-0.06856269389390945
frame_000819.png,frame_000820.png,-0.08624454587697983,0.04225151985883713,0.2545055150985718,0.0009331442415714264,-0.03800952807068825,-0.067194364964962
frame_000820.png,frame_000821.png,-0.07120660692453384,0.051763683557510376,0.23631027340888977,-0.012911686673760414,-0.035116471350193024,-0.07053478062152863
frame_000821.png,frame_000822.png,-0.08052551001310349,0.05562755465507507,0.2092292308807373,-0.01093910913914442,-0.035158783197402954,-0.06981342285871506
frame_000822.png,frame_000823.png,-0.10083421319723129,0.04053837060928345,0.21623347699642181,-0.028018426150083542,-0.026991553604602814,-0.07355636358261108
frame_000823.png,frame_000824.png,-0.10351545363664627,0.030230551958084106,0.22507692873477936,-0.0348864421248436,-0.027927279472351074,-0.07098762691020966
frame_000824.png,frame_000825.png,-0.1113041415810585,0.012317966669797897,0.23847222328186035,-0.019296027719974518,-0.022685851901769638,-0.06050930544734001
frame_000825.png,frame_000826.png,-0.1327701210975647,-0.0015515796840190887,0.24131229519844055,-0.03309740126132965,-0.01954631879925728,-0.05939127877354622
frame_000826.png,frame_000827.png,-0.13252875208854675,-0.014930583536624908,0.22806359827518463,-0.033943235874176025,-0.021643411368131638,-0.05272138863801956
frame_000827.png,frame_000828.png,-0.11977308243513107,-0.019161023199558258,0.2129228711128235,-0.032232243567705154,-0.021751977503299713,-0.045634787529706955
frame_000828.png,frame_000829.png,-0.11464550346136093,-0.02814653143286705,0.20752191543579102,-0.04204834625124931,-0.01245101448148489,-0.03986813873052597
frame_000829.png,frame_000830.png,-0.08811639994382858,-0.028820235282182693,0.21699215471744537,-0.04269068315625191,-0.00034983549267053604,-0.024122029542922974
frame_000830.png,frame_000831.png,-0.05226772278547287,-0.032256968319416046,0.21669527888298035,-0.04111574962735176,0.010520274750888348,-0.01947629079222679
frame_000831.png,frame_000832.png,-0.021456003189086914,-0.039725106209516525,0.22638338804244995,-0.04718576371669769,0.014725074172019958,-0.02507377415895462
frame_000832.png,frame_000833.png,0.00949268788099289,-0.048021964728832245,0.24673089385032654,-0.046817317605018616,0.015218800865113735,-0.027078766375780106
frame_000833.png,frame_000834.png,0.047486402094364166,-0.04936834052205086,0.264009565114975,-0.044504180550575256,0.009166908450424671,-0.029015440493822098
frame_000834.png,frame_000835.png,0.052887290716171265,-0.03895428404211998,0.28047826886177063,-0.03520897775888443,0.000765346921980381,-0.04095792770385742
frame_000835.png,frame_000836.png,0.02387034147977829,-0.015263793990015984,0.27338990569114685,-0.03142102435231209,-0.008478277362883091,-0.05861470103263855
frame_000836.png,frame_000837.png,-0.014405973255634308,0.01753552258014679,0.25354912877082825,-0.03706146776676178,-0.009451680816709995,-0.07847137004137039
frame_000837.png,frame_000838.png,-0.0616086944937706,0.03774212300777435,0.24230554699897766,-0.054984793066978455,-0.013209701515734196,-0.09415925294160843
frame_000838.png,frame_000839.png,-0.10158785432577133,0.050869449973106384,0.21871817111968994,-0.07199723273515701,-0.018091514706611633,-0.09576783329248428
frame_000839.png,frame_000840.png,-0.12680280208587646,0.06439117342233658,0.19182777404785156,-0.06959398090839386,-0.010824388824403286,-0.0787566676735878
frame_000840.png,frame_000841.png,-0.11307681351900101,0.06599914282560349,0.15672096610069275,-0.05474349856376648,-0.006877670995891094,-0.06925465166568756
frame_000841.png,frame_000842.png,-0.1405477523803711,0.045478567481040955,0.23824551701545715,-0.07849225401878357,-0.00528895016759634,-0.13243214786052704
frame_000842.png,frame_000843.png,-0.18603989481925964,0.031656414270401,0.27809086441993713,-0.07209600508213043,-0.006327689625322819,-0.13622532784938812
frame_000843.png,frame_000844.png,-0.1982467770576477,0.01004064455628395,0.28109318017959595,-0.06320313364267349,-0.005328581668436527,-0.11921694874763489
frame_000844.png,frame_000845.png,-0.19725117087364197,-0.01571425050497055,0.28385213017463684,-0.06329936534166336,-0.007624422200024128,-0.11464240401983261
frame_000845.png,frame_000846.png,-0.20022454857826233,-0.00550389289855957,0.25524160265922546,-0.07701881229877472,-0.020914893597364426,-0.11756005883216858
frame_000846.png,frame_000847.png,-0.1712035834789276,-0.013101641088724136,0.2205258011817932,-0.06662926077842712,-0.020065706223249435,-0.1207050085067749
frame_000847.png,frame_000848.png,-0.10724819451570511,-0.024290679022669792,0.196564182639122,-0.07221565395593643,-0.019368894398212433,-0.07740941643714905
frame_000848.png,frame_000849.png,-0.017504900693893433,-0.013180425390601158,0.16318166255950928,-0.07422526180744171,-0.012104851193726063,-0.04347623884677887
frame_000849.png,frame_000850.png,0.05207422748208046,0.0029167234897613525,0.1437532901763916,-0.07265066355466843,-0.013664436526596546,-0.04004841670393944
frame_000850.png,frame_000851.png,0.1388382613658905,0.023155577480793,0.1218387633562088,-0.08416445553302765,-0.013989326544106007,-0.020982559770345688
frame_000851.png,frame_000852.png,0.17304252088069916,0.05219040811061859,0.14174193143844604,-0.10451170802116394,-0.005927179008722305,-0.04227883368730545
frame_000852.png,frame_000853.png,0.1377391517162323,0.06255555897951126,0.15114030241966248,-0.10728476941585541,-0.010091432370245457,-0.03809714689850807
frame_000853.png,frame_000854.png,0.11617841571569443,0.04663621634244919,0.16122786700725555,-0.1158251240849495,-0.014399859122931957,-0.02308562397956848
frame_000854.png,frame_000855.png,0.12356582283973694,0.0475914403796196,0.14303746819496155,-0.1089116707444191,-0.024977542459964752,-0.02612801268696785
frame_000855.png,frame_000856.png,0.16287946701049805,0.05424688011407852,0.11819985508918762,-0.09404142200946808,-0.03354357182979584,-0.03494247794151306
frame_000856.png,frame_000857.png,0.22425812482833862,0.055429331958293915,0.10630068182945251,-0.04331536218523979,-0.04025489464402199,-0.003754778765141964
frame_000857.png,frame_000858.png,0.22202324867248535,0.03619777411222458,0.14230798184871674,-0.03782111033797264,-0.04115244746208191,0.047210320830345154
frame_000858.png,frame_000859.png,0.20012593269348145,0.03081987053155899,0.2099260836839676,-0.050491686910390854,-0.028812941163778305,0.04707619175314903
frame_000859.png,frame_000860.png,0.1868319809436798,0.05294889211654663,0.29830804467201233,-0.07982687652111053,-0.018486134707927704,0.009046987630426884
frame_000860.png,frame_000861.png,0.1743483543395996,0.06752151995897293,0.37541070580482483,-0.07559339702129364,-0.013812475837767124,-0.0012944815680384636
frame_000861.png,frame_000862.png,0.1744270920753479,0.07560302317142487,0.43253710865974426,-0.0762319415807724,-0.0070149945095181465,0.025311801582574844
frame_000862.png,frame_000863.png,0.1359126716852188,0.07272473722696304,0.4198804795742035,-0.06568271666765213,-0.01646946743130684,0.009501875378191471
frame_000863.png,frame_000864.png,0.10776889324188232,0.0785708948969841,0.4104204773902893,-0.06609869003295898,-0.018133115023374557,-0.010538781993091106
frame_000864.png,frame_000865.png,0.09802892804145813,0.09049666672945023,0.38427528738975525,-0.07216570526361465,-0.020745940506458282,-0.020182035863399506
frame_000865.png,frame_000866.png,0.08338909596204758,0.10542506724596024,0.38504669070243835,-0.05934510380029678,-0.01556368451565504,-0.0072077801451087
frame_000866.png,frame_000867.png,0.12396885454654694,0.11585750430822372,0.3641473948955536,-0.04519973695278168,-0.021687056869268417,0.028777267783880234
frame_000867.png,frame_000868.png,0.15152430534362793,0.11413159221410751,0.33367282152175903,-0.04985571280121803,-0.014180106110870838,0.048350319266319275
frame_000868.png,frame_000869.png,0.1553066223859787,0.10199207812547684,0.30166658759117126,-0.04019997641444206,-0.01443068403750658,0.056163445115089417
frame_000869.png,frame_000870.png,0.17807716131210327,0.10042893141508102,0.26632800698280334,-0.01869959942996502,-0.013637694530189037,0.05623383820056915
frame_000870.png,frame_000871.png,0.21157357096672058,0.09503557533025742,0.2969987094402313,-0.00812436081469059,-7.743481546640396e-05,0.05877105891704559
frame_000871.png,frame_000872.png,0.20966312289237976,0.09473898261785507,0.3366466462612152,-0.0327804833650589,0.008497855626046658,0.06466585397720337
frame_000872.png,frame_000873.png,0.22434520721435547,0.06828386336565018,0.323743999004364,-0.05579438805580139,0.005927658639848232,0.08441618084907532
frame_000873.png,frame_000874.png,0.272239625453949,0.04670048505067825,0.2990012764930725,-0.040663644671440125,0.0027376478537917137,0.11351779103279114
frame_000874.png,frame_000875.png,0.2651267349720001,0.045518793165683746,0.301878958940506,-0.0348360501229763,-0.007135213352739811,0.11665019392967224
frame_000875.png,frame_000876.png,0.2545693516731262,0.05457525700330734,0.29066386818885803,0.001963716931641102,-0.008947127498686314,0.06669002771377563
frame_000876.png,frame_000877.png,0.24355411529541016,0.07445874065160751,0.27890071272850037,0.02568330243229866,-0.00554330088198185,0.014696014113724232
frame_000877.png,frame_000878.png,0.22573202848434448,0.08220835775136948,0.27343302965164185,0.037450648844242096,-0.0025350218638777733,-0.01582234352827072
frame_000878.png,frame_000879.png,0.23589065670967102,0.07827738672494888,0.2703883945941925,0.038641754537820816,0.0004521366208791733,-0.011304866522550583
frame_000879.png,frame_000880.png,0.2327595055103302,0.0705760195851326,0.2424541413784027,0.03079727664589882,-0.0012860503047704697,-0.014521883800625801
frame_000880.png,frame_000881.png,0.21034246683120728,0.0625835433602333,0.2358315885066986,0.019225217401981354,0.0013108151033520699,-0.009339582175016403
frame_000881.png,frame_000882.png,0.17453724145889282,0.06153740733861923,0.2647798955440521,-0.008668491616845131,0.001097201369702816,-0.004444125108420849
frame_000882.png,frame_000883.png,0.16880656778812408,0.06729228049516678,0.273826003074646,-0.015645217150449753,0.002871371805667877,0.017298873513936996
frame_000883.png,frame_000884.png,0.15889522433280945,0.07540365308523178,0.3040390908718109,-0.022684630006551743,0.00611230731010437,0.02482466772198677
frame_000884.png,frame_000885.png,0.1530950516462326,0.08077511936426163,0.31951263546943665,-0.03506322577595711,0.002124575898051262,0.012385678477585316
frame_000885.png,frame_000886.png,0.16622209548950195,0.09093364328145981,0.3289048373699188,-0.04251990467309952,-0.003944395110011101,-0.007909252308309078
frame_000886.png,frame_000887.png,0.17483624815940857,0.09514594823122025,0.34242764115333557,-0.0542839877307415,-0.011981095187366009,-0.010836749337613583
frame_000887.png,frame_000888.png,0.1732313483953476,0.10191365331411362,0.3469746708869934,-0.06361756473779678,-0.01812674105167389,-0.007367216981947422
frame_000888.png,frame_000889.png,0.16231493651866913,0.10174664109945297,0.3415167033672333,-0.07541322708129883,-0.019831791520118713,0.00275986734777689
frame_000889.png,frame_000890.png,0.15192411839962006,0.09840089827775955,0.32721108198165894,-0.08394885063171387,-0.020886719226837158,0.009295853786170483
frame_000890.png,frame_000891.png,0.13977833092212677,0.09547131508588791,0.3182379901409149,-0.09155462682247162,-0.022123530507087708,0.009150986559689045
frame_000891.png,frame_000892.png,0.1265009343624115,0.09026684612035751,0.32236388325691223,-0.09506449103355408,-0.02247268706560135,0.009885662235319614
frame_000892.png,frame_000893.png,0.10998538881540298,0.08586607128381729,0.33520272374153137,-0.09925198554992676,-0.022129744291305542,0.006918669678270817
frame_000893.png,frame_000894.png,0.09210269153118134,0.0794956162571907,0.35828444361686707,-0.1041676253080368,-0.01712360978126526,-0.0035770488902926445
frame_000894.png,frame_000895.png,0.07012321054935455,0.06811030954122543,0.38000863790512085,-0.10580706596374512,-0.011478842236101627,-0.012398081831634045
frame_000895.png,frame_000896.png,0.052566029131412506,0.05775170773267746,0.39051929116249084,-0.10525495558977127,-0.009505962021648884,-0.013599189929664135
frame_000896.png,frame_000897.png,0.041651103645563126,0.05008084326982498,0.3909253776073456,-0.10244709998369217,-0.010571506805717945,-0.012064394541084766
frame_000897.png,frame_000898.png,0.03785649687051773,0.04588935524225235,0.39380231499671936,-0.09895846992731094,-0.011855055578052998,-0.00964763667434454
frame_000898.png,frame_000899.png,0.03892136737704277,0.04360325634479523,0.3968282639980316,-0.09702052175998688,-0.012119838036596775,-0.01273574959486723
frame_000899.png,frame_000900.png,0.0429345965385437,0.0424327626824379,0.39915862679481506,-0.09537814557552338,-0.01299919281154871,-0.01784653216600418
frame_000900.png,frame_000901.png,0.04643028974533081,0.04280243068933487,0.4034385681152344,-0.09147647023200989,-0.013149534352123737,-0.02123265713453293
frame_000901.png,frame_000902.png,0.05216657370328903,0.04281272739171982,0.40409108996391296,-0.08510375022888184,-0.014345359988510609,-0.0202292799949646
frame_000902.png,frame_000903.png,0.057035066187381744,0.04212760180234909,0.40494832396507263,-0.07961386442184448,-0.016498558223247528,-0.017883416265249252
frame_000903.png,frame_000904.png,0.05605907738208771,0.04199595004320145,0.40520578622817993,-0.07458878308534622,-0.019581425935029984,-0.01806533709168434
frame_000904.png,frame_000905.png,0.05250450596213341,0.04389343410730362,0.4027615189552307,-0.06969314068555832,-0.024281594902276993,-0.02310677245259285
frame_000905.png,frame_000906.png,0.045227229595184326,0.04392996430397034,0.4028937518596649,-0.06712058186531067,-0.025483570992946625,-0.03271905705332756
frame_000906.png,frame_000907.png,0.03247343748807907,0.044537074863910675,0.4010956585407257,-0.06554020941257477,-0.027156516909599304,-0.04598361253738403
frame_000907.png,frame_000908.png,0.014725886285305023,0.041823938488960266,0.39558300375938416,-0.059346139430999756,-0.031920891255140305,-0.06060286611318588
frame_000908.png,frame_000909.png,-0.0002395138144493103,0.04181525856256485,0.3890898823738098,-0.04781809449195862,-0.03567810356616974,-0.07362840324640274
frame_000909.png,frame_000910.png,-0.013448722660541534,0.04594902694225311,0.3792915642261505,-0.036025963723659515,-0.03735676035284996,-0.08421088755130768
frame_000910.png,frame_000911.png,-0.020118586719036102,0.05008014291524887,0.3683888018131256,-0.022991102188825607,-0.04275523126125336,-0.08406568318605423
frame_000911.png,frame_000912.png,-0.02718893438577652,0.052301324903964996,0.35596132278442383,-0.012371874414384365,-0.04756025969982147,-0.0746072307229042
frame_000912.png,frame_000913.png,-0.04200323671102524,0.052431441843509674,0.34338900446891785,-0.008184253238141537,-0.049187228083610535,-0.06550312042236328
frame_000913.png,frame_000914.png,-0.06624477356672287,0.05033775418996811,0.3311786949634552,0.0024491576477885246,-0.04976751655340195,-0.06215547025203705
frame_000914.png,frame_000915.png,-0.07752978056669235,0.0471414253115654,0.32780739665031433,0.014188212342560291,-0.05191897600889206,-0.04855327680706978
frame_000915.png,frame_000916.png,-0.09341537207365036,0.04217159003019333,0.33834484219551086,0.017452754080295563,-0.053946178406476974,-0.04326239973306656
frame_000916.png,frame_000917.png,-0.11505389958620071,0.03334174305200577,0.33302929997444153,0.023369640111923218,-0.05124746635556221,-0.054690390825271606
frame_000917.png,frame_000918.png,-0.14205732941627502,0.018914617598056793,0.3279229998588562,0.034851670265197754,-0.04730314761400223,-0.058868084102869034
frame_000918.png,frame_000919.png,-0.16974857449531555,0.008166499435901642,0.3350895941257477,0.043947942554950714,-0.044722795486450195,-0.06846071779727936
frame_000919.png,frame_000920.png,-0.20700770616531372,0.005034741014242172,0.3217630088329315,0.057981401681900024,-0.04862970858812332,-0.07927894592285156
frame_000920.png,frame_000921.png,-0.23637542128562927,0.008645102381706238,0.291425496339798,0.07421720027923584,-0.04970329999923706,-0.0870538055896759
frame_000921.png,frame_000922.png,-0.27033519744873047,0.011218827217817307,0.26707345247268677,0.07873387634754181,-0.05171002447605133,-0.08856265246868134
frame_000922.png,frame_000923.png,-0.29929080605506897,0.0038506239652633667,0.2473524808883667,0.08117283135652542,-0.04285717010498047,-0.10024500638246536
frame_000923.png,frame_000924.png,-0.31161996722221375,-0.002481423318386078,0.24013873934745789,0.08047322183847427,-0.03281965106725693,-0.10339471697807312
frame_000924.png,frame_000925.png,-0.30482035875320435,-0.011840427294373512,0.2430087924003601,0.07580451667308807,-0.020736217498779297,-0.1011936217546463
frame_000925.png,frame_000926.png,-0.2889552712440491,-0.01825983077287674,0.26171252131462097,0.06768684089183807,-0.012510803528130054,-0.0930313915014267
frame_000926.png,frame_000927.png,-0.2761582136154175,-0.021850712597370148,0.2715986371040344,0.06504758447408676,-0.010185078717768192,-0.08729474991559982
frame_000927.png,frame_000928.png,-0.27085956931114197,-0.02215803787112236,0.2842048108577728,0.05326857417821884,-0.009436347521841526,-0.08419068902730942
frame_000928.png,frame_000929.png,-0.2734633684158325,-0.022758282721042633,0.29803553223609924,0.03866497427225113,-0.009022713638842106,-0.08214441686868668
frame_000929.png,frame_000930.png,-0.28903278708457947,-0.023677324876189232,0.31661349534988403,0.01938057318329811,-0.00990756694227457,-0.09211188554763794
frame_000930.png,frame_000931.png,-0.30569860339164734,-0.02356531471014023,0.3324146568775177,0.0011176830157637596,-0.009574306197464466,-0.09441911429166794
frame_000931.png,frame_000932.png,-0.32503238320350647,-0.02779211662709713,0.33921554684638977,-0.010855893604457378,-0.009283171035349369,-0.09272101521492004
frame_000932.png,frame_000933.png,-0.3401332199573517,-0.03105611354112625,0.34295642375946045,-0.01821679249405861,-0.009131972678005695,-0.08895076811313629
frame_000933.png,frame_000934.png,-0.34513992071151733,-0.03229106217622757,0.3446884751319885,-0.019570201635360718,-0.008927744813263416,-0.08460940420627594
frame_000934.png,frame_000935.png,-0.3485695421695709,-0.03362482041120529,0.34343770146369934,-0.01720210537314415,-0.009835396893322468,-0.07948245108127594
frame_000935.png,frame_000936.png,-0.34873518347740173,-0.035459984093904495,0.34025266766548157,-0.015016934834420681,-0.008077566511929035,-0.07380030304193497
frame_000936.png,frame_000937.png,-0.3460521399974823,-0.04006068408489227,0.338083416223526,-0.011339063756167889,-0.005137049593031406,-0.06830283254384995
frame_000937.png,frame_000938.png,-0.3440525233745575,-0.046404656022787094,0.33746281266212463,-0.006142069585621357,-0.0022246139124035835,-0.06511902809143066
frame_000938.png,frame_000939.png,-0.33823874592781067,-0.05579949542880058,0.3392021954059601,-0.0020909300073981285,0.0011494411155581474,-0.05836677551269531
frame_000939.png,frame_000940.png,-0.32998397946357727,-0.06447023153305054,0.34140530228614807,0.0019897231832146645,0.003290063701570034,-0.051220767199993134
frame_000940.png,frame_000941.png,-0.32276585698127747,-0.07236185669898987,0.34439632296562195,0.0040585631504654884,0.004642444662749767,-0.044049546122550964
frame_000941.png,frame_000942.png,-0.31768569350242615,-0.07797757536172867,0.3483751714229584,0.003589143045246601,0.005191314034163952,-0.03518090769648552
frame_000942.png,frame_000943.png,-0.3128719627857208,-0.08175605535507202,0.3527127802371979,0.001949177123606205,0.006116586737334728,-0.025630615651607513
frame_000943.png,frame_000944.png,-0.3064958155155182,-0.08242511004209518,0.3576293885707855,0.00019264686852693558,0.0076857199892401695,-0.01823636144399643
frame_000944.png,frame_000945.png,-0.29935815930366516,-0.07970361411571503,0.36350545287132263,0.0012198323383927345,0.010146155022084713,-0.013570866547524929
frame_000945.png,frame_000946.png,-0.2923734486103058,-0.07450854778289795,0.37205183506011963,-0.00013074930757284164,0.01245709415525198,-0.008626445196568966
frame_000946.png,frame_000947.png,-0.28956207633018494,-0.06888698041439056,0.3785081207752228,-0.005037638358771801,0.014901666902005672,-0.0027133217081427574
frame_000947.png,frame_000948.png,-0.27886003255844116,-0.06521435081958771,0.38953283429145813,-0.006066395901143551,0.019039347767829895,-0.0067491671070456505
frame_000948.png,frame_000949.png,-0.25992926955223083,-0.06888177245855331,0.392986923456192,-0.0060882000252604485,0.020048175007104874,0.0035776058211922646
frame_000949.png,frame_000950.png,-0.2562892735004425,-0.07663166522979736,0.41027167439460754,-0.031770650297403336,0.019703008234500885,0.00575608853250742
frame_000950.png,frame_000951.png,-0.2680160105228424,-0.08093228936195374,0.41006025671958923,-0.06248851120471954,0.009333251975476742,0.0016465233638882637
frame_000951.png,frame_000952.png,-0.2729019820690155,-0.08324283361434937,0.4162193834781647,-0.06770036369562149,0.011139056645333767,-0.018922109156847
frame_000952.png,frame_000953.png,-0.2548709213733673,-0.0721418559551239,0.4200880825519562,-0.05166681483387947,0.007533376105129719,-0.03342787176370621
frame_000953.png,frame_000954.png,-0.23672258853912354,-0.05450334772467613,0.41801390051841736,-0.026787754148244858,-0.0012435195967555046,-0.046941325068473816
frame_000954.png,frame_000955.png,-0.2208605408668518,-0.05611062049865723,0.40423375368118286,-0.030010052025318146,-0.003905882127583027,-0.04933055862784386
frame_000955.png,frame_000956.png,-0.21340066194534302,-0.05851324647665024,0.38948574662208557,-0.026067152619361877,0.0026698512956500053,-0.04893828183412552
frame_000956.png,frame_000957.png,-0.21360233426094055,-0.06526653468608856,0.38334789872169495,-0.023142646998167038,0.006976650096476078,-0.056951217353343964
frame_000957.png,frame_000958.png,-0.2318490743637085,-0.07813484221696854,0.38096290826797485,-0.03201745077967644,0.01614789292216301,-0.06765285134315491
frame_000958.png,frame_000959.png,-0.256733775138855,-0.09193981438875198,0.379156231880188,-0.04062703996896744,0.021646156907081604,-0.07516638934612274
frame_000959.png,frame_000960.png,-0.26404309272766113,-0.09932294487953186,0.35917043685913086,-0.04428697004914284,0.02004897966980934,-0.0818549394607544
frame_000960.png,frame_000961.png,-0.23895201086997986,-0.09401538968086243,0.3224879503250122,-0.042246654629707336,0.011720352806150913,-0.0740085244178772
frame_000961.png,frame_000962.png,-0.18768879771232605,-0.0871925801038742,0.2684885561466217,-0.03054683282971382,0.006152120418846607,-0.06018216535449028
frame_000962.png,frame_000963.png,-0.16147050261497498,-0.06702917069196701,0.21022364497184753,-0.030913114547729492,-0.0051517002284526825,-0.061684682965278625
frame_000963.png,frame_000964.png,-0.13095033168792725,-0.04773940145969391,0.16529014706611633,-0.031541887670755386,-0.010616672225296497,-0.06680239737033844
frame_000964.png,frame_000965.png,-0.10761087387800217,-0.036219868808984756,0.15495939552783966,-0.036711737513542175,-0.010458317585289478,-0.058372050523757935
frame_000965.png,frame_000966.png,-0.09251945465803146,-0.02298593521118164,0.13301002979278564,-0.039728887379169464,-0.007554882206022739,-0.058674756437540054
frame_000966.png,frame_000967.png,-0.08313757926225662,-0.02580353058874607,0.11786706745624542,-0.04199835658073425,-0.0057862140238285065,-0.04672170430421829
frame_000967.png,frame_000968.png,-0.06235264986753464,-0.03640967234969139,0.09633500874042511,-0.03127673268318176,0.0017360448837280273,-0.0118781803175807
frame_000968.png,frame_000969.png,-0.06257576495409012,-0.04069075360894203,0.07727110385894775,-0.03449967876076698,0.00468855258077383,0.016087237745523453
frame_000969.png,frame_000970.png,-0.07157673686742783,-0.038372039794921875,0.07033678889274597,-0.0450030192732811,0.005868018604815006,0.021898213773965836
frame_000970.png,frame_000971.png,-0.08105485886335373,-0.040281545370817184,0.05695776268839836,-0.051053326576948166,0.004883254878222942,0.04130488634109497
frame_000971.png,frame_000972.png,-0.08366160839796066,-0.04460763931274414,0.0658121109008789,-0.06235748529434204,0.005254725925624371,0.04904408007860184
frame_000972.png,frame_000973.png,-0.08672886341810226,-0.04654569923877716,0.09715302288532257,-0.07263804972171783,0.006576149724423885,0.04920480400323868
frame_000973.png,frame_000974.png,-0.07680422812700272,-0.04524265229701996,0.104042649269104,-0.07664109766483307,0.008027392439544201,0.05434776842594147
frame_000974.png,frame_000975.png,-0.0732569471001625,-0.041341423988342285,0.12458448112010956,-0.09286995232105255,0.005564226768910885,0.04477764293551445
frame_000975.png,frame_000976.png,-0.06944286078214645,-0.03644344210624695,0.15186040103435516,-0.10763286054134369,0.007440817542374134,0.024731241166591644
frame_000976.png,frame_000977.png,-0.03892070800065994,-0.02787644974887371,0.15357905626296997,-0.10579314082860947,0.009333579801023006,0.01740960031747818
frame_000977.png,frame_000978.png,-0.021949544548988342,-0.02321307733654976,0.1476927399635315,-0.10094262659549713,0.006529924459755421,0.010704115964472294
frame_000978.png,frame_000979.png,-0.01840517669916153,-0.01973942667245865,0.13542163372039795,-0.09778625518083572,0.004027153365314007,0.002558499574661255
frame_000979.png,frame_000980.png,0.01169828325510025,-0.02079741470515728,0.1170741617679596,-0.10586247593164444,0.002626313827931881,0.014972981996834278
frame_000980.png,frame_000981.png,0.04178512096405029,-0.0315844900906086,0.0898379534482956,-0.1219295933842659,-0.00023588072508573532,0.025696314871311188
frame_000981.png,frame_000982.png,0.06834061443805695,-0.03098960965871811,0.05884852632880211,-0.13297852873802185,-0.0038160374388098717,0.009735469706356525
frame_000982.png,frame_000983.png,0.1116132140159607,-0.026753533631563187,0.05508020147681236,-0.13160811364650726,-0.011373390443623066,0.007744756527245045
frame_000983.png,frame_000984.png,0.15201358497142792,-0.01811424270272255,0.05747031792998314,-0.1379048228263855,-0.016517091542482376,-0.0007079485803842545
frame_000984.png,frame_000985.png,0.1732446700334549,-0.014774465933442116,0.043318793177604675,-0.1416882425546646,-0.023005764931440353,-0.01461374294012785
frame_000985.png,frame_000986.png,0.18556076288223267,-0.01705549843609333,0.02663411572575569,-0.1283673346042633,-0.022402729839086533,-0.03693760186433792
frame_000986.png,frame_000987.png,0.19557121396064758,-0.025921814143657684,0.012237884104251862,-0.11119839549064636,-0.019721683114767075,-0.04548671841621399
frame_000987.png,frame_000988.png,0.19580420851707458,-0.031670816242694855,-0.003170464187860489,-0.09201709926128387,-0.017269644886255264,-0.05239862948656082
frame_000988.png,frame_000989.png,0.1905883103609085,-0.03312402963638306,-0.006331983953714371,-0.07941596955060959,-0.016245651990175247,-0.05511169135570526
frame_000989.png,frame_000990.png,0.18760764598846436,-0.030754851177334785,-0.012568023055791855,-0.07590818405151367,-0.015929371118545532,-0.058626700192689896
frame_000990.png,frame_000991.png,0.19199801981449127,-0.02977050468325615,-0.013691842555999756,-0.07792312651872635,-0.014776951633393764,-0.06052089482545853
frame_000991.png,frame_000992.png,0.19497063755989075,-0.029293179512023926,-0.011143986135721207,-0.0817529633641243,-0.01245188433676958,-0.060677848756313324
frame_000992.png,frame_000993.png,0.1974753439426422,-0.029673215001821518,-0.009183837100863457,-0.08664073050022125,-0.010555421002209187,-0.05814336612820625
frame_000993.png,frame_000994.png,0.2025640904903412,-0.029904454946517944,-0.011497437953948975,-0.09287390112876892,-0.009249226190149784,-0.0552373006939888
frame_000994.png,frame_000995.png,0.21062901616096497,-0.031625159084796906,-0.017218012362718582,-0.10070978105068207,-0.008964271284639835,-0.05333150178194046
frame_000995.png,frame_000996.png,0.22149378061294556,-0.03190009668469429,-0.024252789095044136,-0.11184729635715485,-0.00855706725269556,-0.053159065544605255
frame_000996.png,frame_000997.png,0.23316925764083862,-0.031090619042515755,-0.03673545643687248,-0.12431178987026215,-0.008971055038273335,-0.05191316083073616
frame_000997.png,frame_000998.png,0.24189242720603943,-0.03375579044222832,-0.04465591534972191,-0.132399782538414,-0.010251260362565517,-0.03894616663455963
frame_000998.png,frame_000999.png,0.24176526069641113,-0.0364820659160614,-0.04318384826183319,-0.14185407757759094,-0.013477361761033535,-0.02849729359149933
frame_000999.png,frame_001000.png,0.23316127061843872,-0.026219159364700317,-0.023655936121940613,-0.1448686718940735,-0.01731744036078453,-0.032423775643110275
frame_001000.png,frame_001001.png,0.22048422694206238,-0.021425064653158188,0.006646804511547089,-0.13593564927577972,-0.018534377217292786,-0.007187658920884132
frame_001001.png,frame_001002.png,0.21052196621894836,-0.02561860904097557,0.04069555178284645,-0.13545653223991394,-0.01867915689945221,-0.008853559382259846
frame_001002.png,frame_001003.png,0.17883121967315674,-0.030246246606111526,0.06207473203539848,-0.12942837178707123,-0.004276440478861332,-0.003106445074081421
frame_001003.png,frame_001004.png,0.14617788791656494,-0.0056302510201931,0.06864847242832184,-0.1172419860959053,0.0020744530484080315,0.007739138789474964
frame_001004.png,frame_001005.png,0.1030307337641716,0.026479564607143402,0.07338802516460419,-0.11388111859560013,0.002859259955585003,0.012813330627977848
frame_001005.png,frame_001006.png,0.07493723928928375,0.0438191220164299,0.06696674227714539,-0.11003511399030685,0.00503771286457777,0.021031834185123444
frame_001006.png,frame_001007.png,0.04368249326944351,0.03888489305973053,0.05309512838721275,-0.08703462034463882,0.015140279196202755,0.0026191631332039833
frame_001007.png,frame_001008.png,-0.0023992732167243958,0.006095290184020996,0.04092295840382576,-0.07200721651315689,0.02160818502306938,-0.012206745333969593
frame_001008.png,frame_001009.png,-0.03919338434934616,-0.009165577590465546,0.025014493614435196,-0.050036754459142685,0.01795906201004982,-0.03326459974050522
frame_001009.png,frame_001010.png,-0.0866108164191246,-0.012037575244903564,0.04309054836630821,-0.04252776503562927,0.015972765162587166,-0.04169590771198273
frame_001010.png,frame_001011.png,-0.05956702679395676,0.0034912563860416412,0.014209076762199402,-0.04900997877120972,0.02565755695104599,-0.0394543819129467
frame_001011.png,frame_001012.png,-0.03520110994577408,0.010988853871822357,0.01148124411702156,-0.05187148600816727,0.02642473578453064,-0.05068404600024223
frame_001012.png,frame_001013.png,-0.071845643222332,0.008009079843759537,0.02508500963449478,-0.061014797538518906,0.026274144649505615,-0.07925975322723389
frame_001013.png,frame_001014.png,-0.11219755560159683,0.02403458207845688,0.09355616569519043,-0.08594153076410294,0.023275073617696762,-0.07274787873029709
frame_001014.png,frame_001015.png,-0.07598244398832321,0.047584809362888336,0.16034819185733795,-0.09392274916172028,0.027219217270612717,-0.06981976330280304
frame_001015.png,frame_001016.png,-0.002404823899269104,0.06973136961460114,0.20954549312591553,-0.09283693879842758,0.015309915877878666,-0.02576199546456337
frame_001016.png,frame_001017.png,0.052340444177389145,0.08692602068185806,0.20657560229301453,-0.10264164209365845,0.007905912585556507,0.004259676672518253
frame_001017.png,frame_001018.png,0.029879488050937653,0.08088932186365128,0.24408313632011414,-0.11823844164609909,0.0025238096714019775,0.02812725305557251
frame_001018.png,frame_001019.png,0.018354035913944244,0.06582731753587723,0.25503942370414734,-0.07108607143163681,0.003545256331562996,0.06138987839221954
frame_001019.png,frame_001020.png,0.010779045522212982,0.08964154869318008,0.25860199332237244,-0.018212977796792984,0.004545914940536022,0.02297944203019142
frame_001020.png,frame_001021.png,0.006554961204528809,0.08234915882349014,0.31269434094429016,-0.018186450004577637,0.0022364091128110886,-0.035619836300611496
frame_001021.png,frame_001022.png,-0.01410084217786789,0.05530045926570892,0.32700109481811523,-0.0475488044321537,-0.015462112613022327,-0.0880880281329155
frame_001022.png,frame_001023.png,0.011569276452064514,0.05141359567642212,0.3233579099178314,-0.045726798474788666,-0.02850043773651123,-0.08416508138179779
frame_001023.png,frame_001024.png,0.08632668852806091,0.055699512362480164,0.3053264319896698,-0.054625771939754486,-0.037821292877197266,-0.04162362217903137
frame_001024.png,frame_001025.png,0.07890094071626663,0.06361806392669678,0.2617740333080292,-0.07041899859905243,-0.038557540625333786,-0.01035651471465826
frame_001025.png,frame_001026.png,0.09349054843187332,0.05177062004804611,0.2056398093700409,-0.05905931442975998,-0.03881633281707764,-0.019490204751491547
frame_001026.png,frame_001027.png,0.09883412718772888,0.042127542197704315,0.18391770124435425,-0.0659603476524353,-0.03587586432695389,-0.04471082240343094
frame_001027.png,frame_001028.png,0.10570438206195831,0.05156322568655014,0.15941721200942993,-0.07155197113752365,-0.033953916281461716,-0.022748570889234543
frame_001028.png,frame_001029.png,0.09299849718809128,0.0563199445605278,0.1925678551197052,-0.07028259336948395,-0.035816751420497894,-0.025810033082962036
frame_001029.png,frame_001030.png,0.09170027822256088,0.08525807410478592,0.24706292152404785,-0.08454619348049164,-0.015469484962522984,-0.009271371178328991
frame_001030.png,frame_001031.png,0.09406670182943344,0.0945049598813057,0.25635913014411926,-0.06972432136535645,-0.0009314082562923431,-0.040648140013217926
frame_001031.png,frame_001032.png,0.1666921079158783,0.0989517942070961,0.25524967908859253,-0.060631219297647476,-0.00840205792337656,-0.04684004187583923
frame_001032.png,frame_001033.png,0.20498281717300415,0.1113620325922966,0.2076537013053894,-0.05040036886930466,-0.006937496364116669,-0.04202771186828613
frame_001033.png,frame_001034.png,0.23838657140731812,0.10627102106809616,0.14893388748168945,-0.024633821099996567,-0.016786549240350723,0.010579795576632023
frame_001034.png,frame_001035.png,0.2954316735267639,0.10265893489122391,0.0742190033197403,-0.03598969802260399,-0.02175230160355568,-0.0023218421265482903
frame_001035.png,frame_001036.png,0.273433119058609,0.10123754292726517,0.11763758957386017,-0.09770078957080841,-0.004992376081645489,0.00753482710570097
frame_001036.png,frame_001037.png,0.28335464000701904,0.0980105921626091,0.15345844626426697,-0.08167044818401337,-0.022682923823595047,0.04313348978757858
frame_001037.png,frame_001038.png,0.2999265193939209,0.1099933609366417,0.18038684129714966,-0.06881380081176758,-0.031937114894390106,0.04147588461637497
frame_001038.png,frame_001039.png,0.2939850687980652,0.10385780781507492,0.17224226891994476,-0.0182650126516819,-0.025702930986881256,0.06301884353160858
frame_001039.png,frame_001040.png,0.297019362449646,0.10028395801782608,0.1931927651166916,-0.01407270971685648,-0.009274349547922611,0.11640886962413788
frame_001040.png,frame_001041.png,0.2679729163646698,0.08423321694135666,0.17930839955806732,-0.04564152657985687,0.007315709255635738,0.11861620843410492
frame_001041.png,frame_001042.png,0.2776257395744324,0.07530152797698975,0.13566266000270844,-0.06234092637896538,0.01973026618361473,0.11971086263656616
frame_001042.png,frame_001043.png,0.3050069212913513,0.06728459894657135,0.09099356830120087,-0.07892511785030365,0.03163947910070419,0.1275835484266281
frame_001043.png,frame_001044.png,0.3534691631793976,0.059290044009685516,3.9517879486083984e-05,-0.07910977303981781,0.02663535624742508,0.11277203261852264
frame_001044.png,frame_001045.png,0.41214293241500854,0.06443218886852264,-0.08043022453784943,-0.08428114652633667,0.018575407564640045,0.08691725134849548
frame_001045.png,frame_001046.png,0.4410652220249176,0.08006373047828674,-0.11911101639270782,-0.08309227228164673,0.01073960680514574,0.05505391210317612
frame_001046.png,frame_001047.png,0.45508861541748047,0.08543605357408524,-0.1190042644739151,-0.07638728618621826,0.01021276693791151,0.0280790813267231
frame_001047.png,frame_001048.png,0.43920642137527466,0.08369646221399307,-0.0929352343082428,-0.06950712949037552,0.01177211757749319,0.017470985651016235
frame_001048.png,frame_001049.png,0.42058905959129333,0.08571270853281021,-0.07707365602254868,-0.06691396981477737,0.015503969974815845,0.014624101109802723
frame_001049.png,frame_001050.png,0.38752931356430054,0.08781222254037857,-0.060834337025880814,-0.072132907807827,0.018614504486322403,0.0007399944588541985
frame_001050.png,frame_001051.png,0.37274929881095886,0.08723843842744827,-0.045152697712183,-0.0815480649471283,0.018920255824923515,-0.004696357063949108
frame_001051.png,frame_001052.png,0.35764265060424805,0.08368290215730667,-0.025488026440143585,-0.09454192221164703,0.01377700362354517,-0.0057089664041996
frame_001052.png,frame_001053.png,0.34508654475212097,0.07714284211397171,0.010207705199718475,-0.11214573681354523,0.006139998324215412,-0.00946667417883873
frame_001053.png,frame_001054.png,0.33533743023872375,0.07579465955495834,0.057499948889017105,-0.12035759538412094,0.011535956524312496,-0.00954841636121273
frame_001054.png,frame_001055.png,0.30911925435066223,0.06759881228208542,0.08768506348133087,-0.11267338693141937,0.01798374205827713,-0.008212517015635967
frame_001055.png,frame_001056.png,0.2700425684452057,0.04791992902755737,0.10334746539592743,-0.11212340742349625,0.008520140312612057,-0.0031051570549607277
frame_001056.png,frame_001057.png,0.24594426155090332,0.036887988448143005,0.0962614119052887,-0.10715526342391968,0.006321089342236519,-0.01318235695362091
frame_001057.png,frame_001058.png,0.2278822958469391,0.03506075590848923,0.11104002594947815,-0.0932471752166748,0.014443117193877697,-0.013697990216314793
frame_001058.png,frame_001059.png,0.233173668384552,0.024588726460933685,0.10668377578258514,-0.07444476336240768,0.02411375567317009,-0.0028931116685271263
frame_001059.png,frame_001060.png,0.24077671766281128,0.017898276448249817,0.10027672350406647,-0.06686393916606903,0.028269995003938675,0.013912473805248737
frame_001060.png,frame_001061.png,0.24522006511688232,0.01732402667403221,0.10514336824417114,-0.05062893033027649,0.03751961141824722,0.012216863222420216
frame_001061.png,frame_001062.png,0.2520371079444885,0.023306526243686676,0.08049286901950836,-0.04189351946115494,0.04388240724802017,0.004227765835821629
frame_001062.png,frame_001063.png,0.2611958682537079,0.023229070007801056,0.06393039226531982,-0.047788772732019424,0.042450547218322754,0.003210284747183323
frame_001063.png,frame_001064.png,0.2637971043586731,0.03156746178865433,0.06242397800087929,-0.051762085407972336,0.034228306263685226,0.009317970834672451
frame_001064.png,frame_001065.png,0.2658212184906006,0.040097109973430634,0.06464731693267822,-0.054406821727752686,0.025098733603954315,0.012968738563358784
frame_001065.png,frame_001066.png,0.2744748890399933,0.04663722217082977,0.06719741225242615,-0.058106496930122375,0.016110915690660477,0.014962433837354183
frame_001066.png,frame_001067.png,0.2852073907852173,0.04913146048784256,0.06586802005767822,-0.06586643308401108,0.007757733575999737,0.014130656607449055
frame_001067.png,frame_001068.png,0.29912012815475464,0.04546651244163513,0.06242692843079567,-0.07285990566015244,0.0015542758628726006,0.014688362367451191
frame_001068.png,frame_001069.png,0.3111495077610016,0.043401606380939484,0.06297031044960022,-0.08211195468902588,-0.0010109255090355873,0.014602516777813435
frame_001069.png,frame_001070.png,0.3182298243045807,0.04127354174852371,0.06973589956760406,-0.08521092683076859,-0.0007265480235219002,0.015113343484699726
frame_001070.png,frame_001071.png,0.3196069896221161,0.041250236332416534,0.07717835903167725,-0.08700588345527649,0.0013553528115153313,0.015311450697481632
frame_001071.png,frame_001072.png,0.31986841559410095,0.042172111570835114,0.08614204823970795,-0.08554261922836304,0.004115174524486065,0.017344098538160324
frame_001072.png,frame_001073.png,0.32057973742485046,0.044483594596385956,0.09662415087223053,-0.08195459842681885,0.006938892416656017,0.018723350018262863
frame_001073.png,frame_001074.png,0.32097411155700684,0.045226678252220154,0.10937231779098511,-0.07623134553432465,0.009646589867770672,0.02400387078523636
frame_001074.png,frame_001075.png,0.32331809401512146,0.04432208091020584,0.12057706713676453,-0.07239194959402084,0.011717750690877438,0.0324171781539917
frame_001075.png,frame_001076.png,0.32062381505966187,0.04484625905752182,0.13252954185009003,-0.06698881089687347,0.01311818789690733,0.038391608744859695
frame_001076.png,frame_001077.png,0.31652921438217163,0.04561663419008255,0.14846451580524445,-0.062315408140420914,0.01597178727388382,0.04373050853610039
frame_001077.png,frame_001078.png,0.31662717461586,0.051653049886226654,0.17076881229877472,-0.05886736139655113,0.02027411386370659,0.04681245610117912
frame_001078.png,frame_001079.png,0.31665655970573425,0.05323777347803116,0.19531738758087158,-0.056129228323698044,0.022209201008081436,0.05579632520675659
frame_001079.png,frame_001080.png,0.3073744773864746,0.050900042057037354,0.2186737358570099,-0.05688738822937012,0.02169865369796753,0.060462936758995056
frame_001080.png,frame_001081.png,0.30732569098472595,0.05152883380651474,0.237999826669693,-0.056853629648685455,0.02088167890906334,0.06099715828895569
frame_001081.png,frame_001082.png,0.3097347319126129,0.051578596234321594,0.25263306498527527,-0.05457371473312378,0.0182420015335083,0.06158752739429474
frame_001082.png,frame_001083.png,0.3044801354408264,0.049618907272815704,0.2703670859336853,-0.055761247873306274,0.01772981882095337,0.07465832680463791
frame_001083.png,frame_001084.png,0.2924880385398865,0.04346828907728195,0.27497270703315735,-0.06385641545057297,0.018526479601860046,0.08171886205673218
frame_001084.png,frame_001085.png,0.2862025201320648,0.03112126886844635,0.25329792499542236,-0.07485545426607132,0.015624030493199825,0.09558054804801941
frame_001085.png,frame_001086.png,0.2974163293838501,0.026381999254226685,0.2177361249923706,-0.07293927669525146,0.014694730751216412,0.09570938348770142
frame_001086.png,frame_001087.png,0.31293243169784546,0.040374189615249634,0.18453778326511383,-0.0671503096818924,0.01876678690314293,0.07373600453138351
frame_001087.png,frame_001088.png,0.32073095440864563,0.052722133696079254,0.16018587350845337,-0.056865185499191284,0.012846811674535275,0.05081640183925629
frame_001088.png,frame_001089.png,0.32166874408721924,0.06364849954843521,0.1434912383556366,-0.05912923067808151,0.010852350853383541,0.044871918857097626
frame_001089.png,frame_001090.png,0.32617244124412537,0.06672797352075577,0.13463498651981354,-0.0655842050909996,0.015464271418750286,0.04431638866662979
frame_001090.png,frame_001091.png,0.3222249448299408,0.0608818382024765,0.13711073994636536,-0.06879647076129913,0.02107587829232216,0.06591062992811203
frame_001091.png,frame_001092.png,0.2950848340988159,0.06029991805553436,0.1732853204011917,-0.0897863507270813,0.020336709916591644,0.07952684164047241
frame_001092.png,frame_001093.png,0.28871986269950867,0.0534311905503273,0.16242411732673645,-0.09427359700202942,0.01393031608313322,0.07471562922000885
frame_001093.png,frame_001094.png,0.2989829182624817,0.0667504146695137,0.17587879300117493,-0.09419765323400497,0.010614288039505482,0.0668383240699768
frame_001094.png,frame_001095.png,0.306466281414032,0.06894181668758392,0.20052942633628845,-0.09396511316299438,0.014559709466993809,0.0582566112279892
frame_001095.png,frame_001096.png,0.30425530672073364,0.061895497143268585,0.21739447116851807,-0.08369449526071548,0.017094239592552185,0.04882451146841049
frame_001096.png,frame_001097.png,0.30901461839675903,0.06190868467092514,0.222767174243927,-0.06763610988855362,0.01929902285337448,0.04476464167237282
frame_001097.png,frame_001098.png,0.29274556040763855,0.035833947360515594,0.21065625548362732,-0.08089137077331543,0.015879787504673004,0.05684752017259598
frame_001098.png,frame_001099.png,0.2414448857307434,0.030673451721668243,0.19909727573394775,-0.09079096466302872,4.774797707796097e-05,0.07174402475357056
frame_001099.png,frame_001100.png,0.17901483178138733,0.030992984771728516,0.2002587616443634,-0.0723210871219635,-0.006489795632660389,0.06446671485900879
frame_001100.png,frame_001101.png,0.12995265424251556,0.049290724098682404,0.24504923820495605,-0.07553305476903915,-0.004806450568139553,0.044907376170158386
frame_001101.png,frame_001102.png,0.09938570111989975,0.06947243958711624,0.2779467701911926,-0.08907649666070938,-0.0006540706381201744,0.03636471554636955
frame_001102.png,frame_001103.png,0.07637988030910492,0.07962208241224289,0.2916431725025177,-0.07871509343385696,0.00035504158586263657,0.04400569200515747
frame_001103.png,frame_001104.png,0.07532578706741333,0.07684978097677231,0.27179184556007385,-0.0664026290178299,-0.0056833988055586815,0.06378732621669769
frame_001104.png,frame_001105.png,0.04660575091838837,0.07614152133464813,0.2512039244174957,-0.06778302043676376,-0.017527081072330475,0.05623164772987366
frame_001105.png,frame_001106.png,0.045075904577970505,0.07677661627531052,0.21811281144618988,-0.04240752384066582,-0.01783009245991707,0.05428677797317505
frame_001106.png,frame_001107.png,-0.0007111504673957825,0.054055094718933105,0.20856407284736633,-0.029764864593744278,-0.0074468450620770454,0.04615078121423721
frame_001107.png,frame_001108.png,-0.037338100373744965,0.040094368159770966,0.2215772569179535,-0.0493970662355423,-0.0034879641607403755,0.047701478004455566
frame_001108.png,frame_001109.png,-0.030555568635463715,0.042832084000110626,0.24102288484573364,-0.07547645270824432,-0.0003845924511551857,0.04340798780322075
frame_001109.png,frame_001110.png,-0.008977606892585754,0.04705478996038437,0.23043185472488403,-0.0739886462688446,-0.003581271506845951,0.0442960187792778
frame_001110.png,frame_001111.png,0.021263621747493744,0.04814476519823074,0.20907126367092133,-0.06302966922521591,0.00316512119024992,0.04125652089715004
frame_001111.png,frame_001112.png,0.04234686121344566,0.05356898158788681,0.21126316487789154,-0.05833122134208679,0.0034584281966090202,0.035997096449136734
frame_001112.png,frame_001113.png,0.03106965869665146,0.054487623274326324,0.2544499933719635,-0.03558093681931496,0.0057883476838469505,0.026060938835144043
frame_001113.png,frame_001114.png,0.020250506699085236,0.038787342607975006,0.2809429466724396,-0.029140446335077286,0.006778634153306484,0.010901649482548237
frame_001114.png,frame_001115.png,-0.001042775809764862,0.025098606944084167,0.2816913425922394,-0.03264297917485237,0.003961372189223766,0.013948076404631138
frame_001115.png,frame_001116.png,-0.03070244938135147,0.008749142289161682,0.272382527589798,-0.024526361376047134,0.0003657219931483269,0.01900603622198105
frame_001116.png,frame_001117.png,-0.06259564310312271,0.007857762277126312,0.2697230875492096,0.001209053210914135,0.004691033624112606,0.013678275980055332
frame_001117.png,frame_001118.png,-0.12442313879728317,-0.0007852762937545776,0.2624756991863251,0.026335250586271286,0.01787378638982773,0.01068271417170763
frame_001118.png,frame_001119.png,-0.1333845853805542,-0.006768807768821716,0.26482024788856506,0.012393680401146412,0.017524901777505875,0.006825038231909275
frame_001119.png,frame_001120.png,-0.13203436136245728,-0.0015663690865039825,0.2813766300678253,-0.005147981457412243,0.016192693263292313,0.013238267041742802
frame_001120.png,frame_001121.png,-0.16029763221740723,-0.016309037804603577,0.2921554744243622,-0.015652071684598923,0.018181636929512024,-0.0010694405063986778
frame_001121.png,frame_001122.png,-0.20039156079292297,-0.0342201367020607,0.28405246138572693,-0.012175734154880047,0.015413551591336727,-0.008616301231086254
frame_001122.png,frame_001123.png,-0.23312655091285706,-0.040674541145563126,0.2793836295604706,-0.012041484005749226,0.01704832911491394,-0.005328177474439144
frame_001123.png,frame_001124.png,-0.2606551945209503,-0.04326000064611435,0.28146323561668396,-0.009634011425077915,0.016000017523765564,-7.464271038770676e-05
frame_001124.png,frame_001125.png,-0.25376322865486145,-0.03630044311285019,0.28044572472572327,-0.012175703421235085,0.0059564849361777306,0.008698132820427418
frame_001125.png,frame_001126.png,-0.2400093376636505,-0.02860860899090767,0.2757081687450409,-0.017784863710403442,0.001002422533929348,0.005319391377270222
frame_001126.png,frame_001127.png,-0.23053380846977234,-0.02142520248889923,0.28003284335136414,-0.02238757163286209,-0.0006678076460957527,0.003516596741974354
frame_001127.png,frame_001128.png,-0.22699961066246033,-0.017621876671910286,0.2963504195213318,-0.030932970345020294,-0.002020568586885929,0.00299967173486948
frame_001128.png,frame_001129.png,-0.22515687346458435,-0.016621993854641914,0.3066726624965668,-0.03812910616397858,-0.003113311715424061,0.0035872356966137886
frame_001129.png,frame_001130.png,-0.21783050894737244,-0.0124990064650774,0.3002610504627228,-0.04097309708595276,-0.004803013987839222,0.003857598640024662
frame_001130.png,frame_001131.png,-0.20350933074951172,-0.005562499165534973,0.2833132743835449,-0.03962792456150055,-0.008061935193836689,0.0009711133316159248
frame_001131.png,frame_001132.png,-0.184524267911911,-0.0005641765892505646,0.2617456614971161,-0.04119356721639633,-0.012438607402145863,0.0029066549614071846
frame_001132.png,frame_001133.png,-0.15814325213432312,-0.0005958527326583862,0.23502132296562195,-0.06012307107448578,-0.011302460916340351,0.014435422606766224
frame_001133.png,frame_001134.png,-0.09628062695264816,0.0023238100111484528,0.21576955914497375,-0.07537947595119476,-0.007613041438162327,0.03840409219264984
frame_001134.png,frame_001135.png,-0.07358934730291367,0.013394281268119812,0.22379402816295624,-0.08163712918758392,-0.01155614573508501,0.0390603244304657
frame_001135.png,frame_001136.png,-0.08558078855276108,0.01744016632437706,0.2044031023979187,-0.06941801309585571,-0.007096895016729832,0.026972126215696335
frame_001136.png,frame_001137.png,-0.05019160360097885,0.02981116622686386,0.21507734060287476,-0.09431581199169159,-0.003572092391550541,0.008864772506058216
frame_001137.png,frame_001138.png,0.009048603475093842,0.04798129200935364,0.18986240029335022,-0.09932700544595718,0.0005888687446713448,-0.007736763916909695
frame_001138.png,frame_001139.png,0.04484393820166588,0.0550338551402092,0.1772284209728241,-0.1044599711894989,0.008294378407299519,-0.024623557925224304
frame_001139.png,frame_001140.png,0.08232279866933823,0.057503022253513336,0.18468108773231506,-0.09897301346063614,0.0007222676649689674,-0.01975340023636818
frame_001140.png,frame_001141.png,0.13366129994392395,0.0784304141998291,0.1889580488204956,-0.06817329674959183,-0.004337540827691555,-0.032668016850948334
frame_001141.png,frame_001142.png,0.13972854614257812,0.06680837273597717,0.22705885767936707,-0.04311040788888931,-0.011943073011934757,-0.014648138545453548
frame_001142.png,frame_001143.png,0.11140714585781097,0.04236642271280289,0.24806487560272217,-0.06865967810153961,-0.013214522041380405,-0.020225420594215393
frame_001143.png,frame_001144.png,0.11172686517238617,0.05091411620378494,0.30285128951072693,-0.06209704279899597,-0.001457112841308117,-0.053989995270967484
frame_001144.png,frame_001145.png,0.08363882452249527,0.0601046085357666,0.31200698018074036,-0.10063549876213074,-0.008869587443768978,-0.0437154695391655
frame_001145.png,frame_001146.png,0.10414528846740723,0.07476041465997696,0.3253110945224762,-0.07346834242343903,0.004832868464291096,-0.026128236204385757
frame_001146.png,frame_001147.png,0.11831355839967728,0.0867571011185646,0.3212115466594696,-0.061913155019283295,0.005592242814600468,-0.025549642741680145
frame_001147.png,frame_001148.png,0.12577202916145325,0.08145579695701599,0.2964935302734375,-0.10655485093593597,-0.005498514510691166,0.017221707850694656
frame_001148.png,frame_001149.png,0.14695841073989868,0.05163470655679703,0.25768300890922546,-0.12557289004325867,-0.0015069013461470604,0.036063823848962784
frame_001149.png,frame_001150.png,0.14194104075431824,0.045842260122299194,0.24268853664398193,-0.1398072987794876,0.009647177532315254,0.013147947378456593
frame_001150.png,frame_001151.png,0.14684413373470306,0.050592295825481415,0.21139535307884216,-0.14526720345020294,0.01134196575731039,-0.01676402986049652
frame_001151.png,frame_001152.png,0.16515842080116272,0.04532603919506073,0.1639064997434616,-0.13689148426055908,0.01669616438448429,-0.008194348774850368
frame_001152.png,frame_001153.png,0.1955781877040863,0.04717986285686493,0.14937257766723633,-0.12190700322389603,0.028005897998809814,0.004293863661587238
frame_001153.png,frame_001154.png,0.20653390884399414,0.038060858845710754,0.12123751640319824,-0.10746826976537704,0.034012869000434875,-0.0016545085236430168
frame_001154.png,frame_001155.png,0.21421271562576294,0.030147641897201538,0.12878955900669098,-0.10449212044477463,0.036432892084121704,-0.001951531507074833
frame_001155.png,frame_001156.png,0.2145462930202484,0.02237243950366974,0.11598986387252808,-0.09667647629976273,0.03995252773165703,0.017152909189462662
frame_001156.png,frame_001157.png,0.22038131952285767,0.015388265252113342,0.10560497641563416,-0.09801594167947769,0.04138227552175522,0.029006220400333405
frame_001157.png,frame_001158.png,0.21827751398086548,0.008747704327106476,0.10444751381874084,-0.08689015358686447,0.03880976885557175,0.04208937659859657
frame_001158.png,frame_001159.png,0.21978843212127686,-0.000622924417257309,0.09808900952339172,-0.08091579377651215,0.03611275926232338,0.04747150093317032
frame_001159.png,frame_001160.png,0.21563002467155457,-0.010989643633365631,0.08969736099243164,-0.07045140862464905,0.0347929447889328,0.050929415971040726
frame_001160.png,frame_001161.png,0.21478085219860077,-0.01734818145632744,0.08008070290088654,-0.06219532713294029,0.03361813724040985,0.051741812378168106
frame_001161.png,frame_001162.png,0.21517592668533325,-0.020901978015899658,0.07277922332286835,-0.05540204420685768,0.03212203457951546,0.05266077443957329
frame_001162.png,frame_001163.png,0.21456143260002136,-0.02259964309632778,0.0689723789691925,-0.04916149005293846,0.030184924602508545,0.05445007234811783
frame_001163.png,frame_001164.png,0.21203094720840454,-0.022303156554698944,0.06975020468235016,-0.04453647881746292,0.028639312833547592,0.0539565235376358
frame_001164.png,frame_001165.png,0.2067696750164032,-0.022224117070436478,0.07577258348464966,-0.040728334337472916,0.029751218855381012,0.05231229215860367
frame_001165.png,frame_001166.png,0.19729959964752197,-0.02375129610300064,0.07925131916999817,-0.04346010461449623,0.03193296492099762,0.049906037747859955
frame_001166.png,frame_001167.png,0.204646497964859,-0.02453528344631195,0.08816179633140564,-0.06503565609455109,0.03679352253675461,0.053479649126529694
frame_001167.png,frame_001168.png,0.19584408402442932,-0.019020840525627136,0.10112413763999939,-0.09264173358678818,0.04346875101327896,0.061793506145477295
frame_001168.png,frame_001169.png,0.21522092819213867,-0.0013610981404781342,0.12454605102539062,-0.10536971688270569,0.053677357733249664,0.06111425161361694
frame_001169.png,frame_001170.png,0.23209145665168762,-0.0034769922494888306,0.17633144557476044,-0.1058349460363388,0.05037563294172287,0.05259513854980469
frame_001170.png,frame_001171.png,0.2412046194076538,-0.00012237951159477234,0.1944691687822342,-0.10156267881393433,0.0537099726498127,0.04366595670580864
frame_001171.png,frame_001172.png,0.2054920196533203,0.01835259422659874,0.231625497341156,-0.11022067070007324,0.04787149280309677,0.037153974175453186
frame_001172.png,frame_001173.png,0.18256346881389618,0.014695718884468079,0.28776201605796814,-0.11518441885709763,0.03871259093284607,0.05197862535715103
frame_001173.png,frame_001174.png,0.1450352668762207,0.019786223769187927,0.3607906401157379,-0.12318271398544312,0.016846321523189545,0.07703502476215363
frame_001174.png,frame_001175.png,0.1173606663942337,0.05375192314386368,0.3733282685279846,-0.11572331190109253,0.01285585481673479,0.09344904869794846
frame_001175.png,frame_001176.png,0.11867935955524445,0.050914786756038666,0.3242793381214142,-0.10709302127361298,0.011524700559675694,0.05528275668621063
frame_001176.png,frame_001177.png,0.12226153910160065,0.0399329736828804,0.26628777384757996,-0.10963591188192368,-0.013162259943783283,0.028850741684436798
frame_001177.png,frame_001178.png,0.1359209269285202,0.04268325865268707,0.24820730090141296,-0.1081683486700058,-0.014847763814032078,0.026546761393547058
frame_001178.png,frame_001179.png,0.19960781931877136,0.0681135505437851,0.20074690878391266,-0.04756871238350868,-0.02895171195268631,0.0038836607709527016
frame_001179.png,frame_001180.png,0.20150433480739594,0.05102131515741348,0.21253930032253265,-0.017933860421180725,-0.031428996473550797,-0.004202744923532009
frame_001180.png,frame_001181.png,0.18424876034259796,0.06142167001962662,0.24443867802619934,-0.04149448499083519,-0.028680667281150818,-0.059345148503780365
frame_001181.png,frame_001182.png,0.19258782267570496,0.059029147028923035,0.26722320914268494,-0.031176883727312088,-0.005459959618747234,-0.03123847395181656
frame_001182.png,frame_001183.png,0.17217868566513062,0.08233164250850677,0.25116488337516785,-0.07080955803394318,0.009408833459019661,-0.0001612817868590355
frame_001183.png,frame_001184.png,0.10109215974807739,0.06019163876771927,0.28627803921699524,-0.08280520141124725,0.011778539977967739,0.055208660662174225
frame_001184.png,frame_001185.png,0.08700459450483322,0.060689911246299744,0.26395806670188904,-0.0544511154294014,0.003964872099459171,0.06542548537254333
frame_001185.png,frame_001186.png,0.048707082867622375,0.04666376858949661,0.2706589996814728,-0.08429642021656036,-0.006764688529074192,0.07362034171819687
frame_001186.png,frame_001187.png,0.030406493693590164,0.05536670237779617,0.25850144028663635,-0.10650688409805298,-0.016825605183839798,0.028626270592212677
frame_001187.png,frame_001188.png,0.03574030101299286,0.061416320502758026,0.25437337160110474,-0.05055207386612892,-0.01465026754885912,0.017787467688322067
frame_001188.png,frame_001189.png,0.05421791970729828,0.039880357682704926,0.23212435841560364,-0.05367159843444824,-0.015928462147712708,0.022299136966466904
frame_001189.png,frame_001190.png,0.009996466338634491,0.03661492466926575,0.24431127309799194,-0.08140233159065247,-0.006379744969308376,-0.021160505712032318
frame_001190.png,frame_001191.png,0.011314518749713898,0.03713744133710861,0.22520560026168823,-0.06539398431777954,-0.002664492465555668,-0.01632700115442276
frame_001191.png,frame_001192.png,-0.016366668045520782,0.07747222483158112,0.24708715081214905,-0.04766426235437393,0.001930595375597477,-0.06579697132110596
frame_001192.png,frame_001193.png,-0.03549853712320328,0.08530371636152267,0.2727225124835968,-0.056889213621616364,0.01849166303873062,-0.05634500831365585
frame_001193.png,frame_001194.png,-0.04278602451086044,0.0864410325884819,0.2801021635532379,-0.07394275069236755,0.03276248648762703,-0.03417316824197769
frame_001194.png,frame_001195.png,-0.02476486563682556,0.1016206368803978,0.25025880336761475,-0.09031280130147934,0.02610184997320175,-0.03373266011476517
frame_001195.png,frame_001196.png,0.008314438164234161,0.11252278834581375,0.21547192335128784,-0.10036757588386536,0.019923344254493713,-0.021918244659900665
frame_001196.png,frame_001197.png,0.013956911861896515,0.11099990457296371,0.2037278264760971,-0.11070003360509872,0.015127544291317463,-0.015626393258571625
frame_001197.png,frame_001198.png,0.02034195512533188,0.1197887733578682,0.19600649178028107,-0.09110932052135468,0.01206683088093996,-0.02369280532002449
frame_001198.png,frame_001199.png,0.007390208542346954,0.12301323562860489,0.217943012714386,-0.09416595101356506,0.01331897359341383,-0.0273304246366024
frame_001199.png,frame_001200.png,0.008069954812526703,0.12185142189264297,0.22466376423835754,-0.09792278707027435,0.014054776169359684,-0.03104475885629654
frame_001200.png,frame_001201.png,0.010442912578582764,0.10073653608560562,0.2283262312412262,-0.12079119682312012,0.012841098010540009,-0.02807752415537834
frame_001201.png,frame_001202.png,0.0019883736968040466,0.08497046679258347,0.21555352210998535,-0.12042054533958435,0.01390074659138918,-0.04422605782747269
frame_001202.png,frame_001203.png,0.0010761693120002747,0.08305507153272629,0.205055832862854,-0.12764407694339752,0.009838082827627659,-0.05664033442735672
frame_001203.png,frame_001204.png,0.017765656113624573,0.052322983741760254,0.19590552151203156,-0.12191323935985565,0.014088272117078304,-0.05303870886564255
frame_001204.png,frame_001205.png,0.010650485754013062,0.04124225676059723,0.1630447655916214,-0.11114604771137238,0.011720433831214905,-0.05397823452949524
frame_001205.png,frame_001206.png,0.017266638576984406,0.023912392556667328,0.11110641062259674,-0.09654662013053894,0.014080042950809002,-0.05821547657251358
frame_001206.png,frame_001207.png,0.02876531332731247,0.013691775500774384,0.07171931862831116,-0.08539121598005295,0.021926313638687134,-0.045320987701416016
frame_001207.png,frame_001208.png,0.03140004724264145,0.00835275650024414,0.056430038064718246,-0.09116317331790924,0.03080708533525467,-0.04746042191982269
frame_001208.png,frame_001209.png,0.025322429835796356,0.012203175574541092,0.06704875826835632,-0.09645707905292511,0.02902357280254364,-0.06636841595172882
frame_001209.png,frame_001210.png,0.005745731294155121,0.012116871774196625,0.06091424450278282,-0.08815496414899826,0.024481743574142456,-0.07590336352586746
frame_001210.png,frame_001211.png,-0.021159864962100983,0.015534274280071259,0.07233764231204987,-0.07715380191802979,0.018795780837535858,-0.06959671527147293
frame_001211.png,frame_001212.png,-0.04509527236223221,0.026768513023853302,0.08543704450130463,-0.07186589390039444,0.010419071651995182,-0.0583840012550354
frame_001212.png,frame_001213.png,-0.020305924117565155,0.045618437230587006,0.10775867104530334,-0.07433958351612091,0.0011460362002253532,-0.04797292873263359
frame_001213.png,frame_001214.png,0.017573155462741852,0.04317779093980789,0.11760765314102173,-0.10004940629005432,-0.006264922209084034,-0.02492426335811615
frame_001214.png,frame_001215.png,0.05125054717063904,0.03109520673751831,0.11995036900043488,-0.11990424990653992,-0.011300441808998585,-0.0019864803180098534
frame_001215.png,frame_001216.png,0.06603076308965683,0.025498174130916595,0.1187109649181366,-0.14706288278102875,-0.013623653911054134,-0.003299322910606861
frame_001216.png,frame_001217.png,0.08636173605918884,0.02904166281223297,0.14511483907699585,-0.16821423172950745,-0.008469454012811184,-0.028673972934484482
frame_001217.png,frame_001218.png,0.09902345389127731,0.03000158816576004,0.17037662863731384,-0.18210086226463318,-0.016032006591558456,-0.04565870761871338
frame_001218.png,frame_001219.png,0.09416662156581879,0.04104991257190704,0.20049753785133362,-0.18391485512256622,-0.018628165125846863,-0.0486849769949913
frame_001219.png,frame_001220.png,0.09467805922031403,0.048240698873996735,0.2325599491596222,-0.1842135339975357,-0.021266423165798187,-0.06885486841201782
frame_001220.png,frame_001221.png,0.11942777037620544,0.04384946823120117,0.22992299497127533,-0.16334272921085358,-0.014293345622718334,-0.06897096335887909
frame_001221.png,frame_001222.png,0.13140809535980225,0.054065294563770294,0.2517724931240082,-0.14072613418102264,-0.007069697603583336,-0.07274214178323746
frame_001222.png,frame_001223.png,0.14441582560539246,0.05774529278278351,0.25793927907943726,-0.12319255620241165,-0.004129120148718357,-0.08655301481485367
frame_001223.png,frame_001224.png,0.12283958494663239,0.04429524391889572,0.2534923851490021,-0.09940890967845917,0.000246342271566391,-0.0833882987499237
frame_001224.png,frame_001225.png,0.0983978733420372,0.03682016581296921,0.22115486860275269,-0.07093857228755951,0.005982826929539442,-0.07927266508340836
frame_001225.png,frame_001226.png,0.09524126350879669,0.04314090311527252,0.18808495998382568,-0.053969062864780426,0.01015397161245346,-0.07806806266307831
frame_001226.png,frame_001227.png,0.0851992517709732,0.04828779399394989,0.1768271028995514,-0.04975523054599762,0.01136729121208191,-0.06397313624620438
frame_001227.png,frame_001228.png,0.08935939520597458,0.04758206009864807,0.17747588455677032,-0.04322931170463562,0.013171604834496975,-0.05161772295832634
frame_001228.png,frame_001229.png,0.09468974173069,0.042286403477191925,0.18480998277664185,-0.03437140956521034,0.013139446265995502,-0.03677066043019295
frame_001229.png,frame_001230.png,0.10417124629020691,0.03532487899065018,0.19161130487918854,-0.03588435798883438,0.014286126010119915,-0.019333522766828537
frame_001230.png,frame_001231.png,0.12062816321849823,0.027259543538093567,0.19467487931251526,-0.03364977985620499,0.013072381727397442,-0.014285935088992119
frame_001231.png,frame_001232.png,0.13632164895534515,0.02519034594297409,0.21401244401931763,-0.03251868113875389,0.012463320977985859,-0.016375044360756874
frame_001232.png,frame_001233.png,0.14108654856681824,0.026240311563014984,0.2340080440044403,-0.03574216365814209,0.012063906528055668,-0.02252049371600151
frame_001233.png,frame_001234.png,0.1406521052122116,0.028311826288700104,0.2577970623970032,-0.03718332201242447,0.013062936253845692,-0.028848346322774887
frame_001234.png,frame_001235.png,0.1386239230632782,0.027926139533519745,0.283120334148407,-0.038797520101070404,0.0162719264626503,-0.032711490988731384
frame_001235.png,frame_001236.png,0.13848182559013367,0.026731498539447784,0.30287209153175354,-0.03638295456767082,0.019518036395311356,-0.035480380058288574
frame_001236.png,frame_001237.png,0.13615769147872925,0.024842500686645508,0.3188585937023163,-0.03582707419991493,0.022560134530067444,-0.03953690454363823
frame_001237.png,frame_001238.png,0.13711127638816833,0.026835322380065918,0.32964783906936646,-0.0361163467168808,0.023803822696208954,-0.042129576206207275
frame_001238.png,frame_001239.png,0.13774242997169495,0.03165959566831589,0.33094483613967896,-0.03684413805603981,0.024569589644670486,-0.043037865310907364
frame_001239.png,frame_001240.png,0.14016008377075195,0.03976542502641678,0.3208064138889313,-0.038029659539461136,0.024426888674497604,-0.04135015606880188
frame_001240.png,frame_001241.png,0.14124615490436554,0.046482644975185394,0.3058836758136749,-0.0385996475815773,0.023776713758707047,-0.0390123650431633
frame_001241.png,frame_001242.png,0.1406230926513672,0.05046960711479187,0.2945883274078369,-0.03709942102432251,0.022893279790878296,-0.03840460628271103
frame_001242.png,frame_001243.png,0.13994036614894867,0.05377143621444702,0.28793567419052124,-0.03537227213382721,0.02176171913743019,-0.04000755771994591
frame_001243.png,frame_001244.png,0.13990189135074615,0.056516170501708984,0.284058541059494,-0.03340893238782883,0.02038181945681572,-0.04097980260848999
frame_001244.png,frame_001245.png,0.1404736042022705,0.05921129882335663,0.2812481224536896,-0.030827805399894714,0.018926303833723068,-0.040945883840322495
frame_001245.png,frame_001246.png,0.1415168046951294,0.06178031116724014,0.27828171849250793,-0.029965493828058243,0.016082003712654114,-0.038037002086639404
frame_001246.png,frame_001247.png,0.1401357352733612,0.06283967941999435,0.2778613865375519,-0.0287078358232975,0.014451790601015091,-0.035238128155469894
frame_001247.png,frame_001248.png,0.1371799260377884,0.06392080336809158,0.27463001012802124,-0.026116203516721725,0.01350462157279253,-0.03038986399769783
frame_001248.png,frame_001249.png,0.134809672832489,0.06503273546695709,0.2677871882915497,-0.025666575878858566,0.013451997190713882,-0.022889524698257446
frame_001249.png,frame_001250.png,0.13468648493289948,0.06756068021059036,0.261958509683609,-0.032595403492450714,0.01396789588034153,-0.015972133725881577
frame_001250.png,frame_001251.png,0.13856299221515656,0.06948269158601761,0.25560635328292847,-0.04018039256334305,0.011984871700406075,-0.006576794199645519
frame_001251.png,frame_001252.png,0.1502661108970642,0.06927323341369629,0.2350260615348816,-0.046470001339912415,0.011966457590460777,0.005823646672070026
frame_001252.png,frame_001253.png,0.1523386538028717,0.06637603789567947,0.21143677830696106,-0.0478212833404541,0.008407014422118664,0.006282881833612919
frame_001253.png,frame_001254.png,0.1494339555501938,0.0624421089887619,0.19530944526195526,-0.05047617852687836,0.0023132478818297386,-0.006310786120593548
frame_001254.png,frame_001255.png,0.13061079382896423,0.050593383610248566,0.20704850554466248,-0.05119061470031738,-0.0024397363886237144,-0.013015254400670528
frame_001255.png,frame_001256.png,0.12048937380313873,0.04911430925130844,0.21303708851337433,-0.053541820496320724,-0.004177166149020195,-0.015983670949935913
frame_001256.png,frame_001257.png,0.11023081839084625,0.03881332278251648,0.20775367319583893,-0.061701416969299316,-0.008740146644413471,-0.004161038435995579
frame_001257.png,frame_001258.png,0.12193114310503006,0.02980656921863556,0.19085204601287842,-0.07745295763015747,-0.013895164243876934,-0.0027550319209694862
frame_001258.png,frame_001259.png,0.1428530514240265,0.024896293878555298,0.18225064873695374,-0.09501516819000244,-0.014119838364422321,-0.005688107572495937
frame_001259.png,frame_001260.png,0.1482531726360321,0.009384285658597946,0.17224431037902832,-0.11478855460882187,-0.016278747469186783,0.009399066679179668
frame_001260.png,frame_001261.png,0.1272546947002411,-0.006474252790212631,0.16839784383773804,-0.1303974837064743,-0.007769999094307423,0.014342398382723331
frame_001261.png,frame_001262.png,0.07633103430271149,0.0015103965997695923,0.2183588743209839,-0.16906951367855072,-0.0017257798463106155,-0.020344290882349014
frame_001262.png,frame_001263.png,0.06701093167066574,0.006175123155117035,0.22486773133277893,-0.17651736736297607,0.0027777673676609993,-0.018840599805116653
frame_001263.png,frame_001264.png,0.04153204336762428,0.018963772803544998,0.2287292778491974,-0.1884705275297165,-0.009003912098705769,-0.02329372614622116
frame_001264.png,frame_001265.png,0.01710394024848938,0.024039536714553833,0.2299153208732605,-0.19412006437778473,-0.010194809176027775,-0.01487650629132986
frame_001265.png,frame_001266.png,0.02294176071882248,0.024104133248329163,0.18051911890506744,-0.17565669119358063,-0.0088501600548625,0.0025119101628661156
frame_001266.png,frame_001267.png,0.05410826951265335,0.03680426627397537,0.1335131824016571,-0.15251721441745758,-0.010945678688585758,0.012200777418911457
frame_001267.png,frame_001268.png,0.06180120259523392,0.045680128037929535,0.11638480424880981,-0.140255868434906,-0.014124509878456593,-0.013895691372454166
frame_001268.png,frame_001269.png,0.031272828578948975,0.050447918474674225,0.1267065405845642,-0.14345084130764008,-0.01368346344679594,-0.028035588562488556
frame_001269.png,frame_001270.png,0.022860363125801086,0.06129804253578186,0.13315734267234802,-0.1214088425040245,-0.005818615667521954,-0.036539118736982346
frame_001270.png,frame_001271.png,0.020023860037326813,0.04871480166912079,0.11061003804206848,-0.08917383849620819,0.009053138084709644,-0.06331486254930496
frame_001271.png,frame_001272.png,0.0006716027855873108,0.019979186356067657,0.10825005173683167,-0.10235010087490082,0.03762705624103546,-0.06184796988964081
frame_001272.png,frame_001273.png,0.0025407075881958008,0.014286991208791733,0.08696591854095459,-0.10410092025995255,0.038194283843040466,-0.06384028494358063
frame_001273.png,frame_001274.png,0.04136545583605766,0.016864456236362457,0.0788225531578064,-0.1137610599398613,0.039271801710128784,-0.05648296698927879
frame_001274.png,frame_001275.png,0.04911244660615921,0.019977770745754242,0.0678209513425827,-0.1397957056760788,0.026904631406068802,-0.06289159506559372
frame_001275.png,frame_001276.png,0.05179043859243393,0.026002705097198486,0.09702777862548828,-0.13229802250862122,0.019494540989398956,-0.04883502051234245
frame_001276.png,frame_001277.png,0.04456017538905144,0.03723593056201935,0.13975602388381958,-0.1450880467891693,0.016497064381837845,-0.06911881268024445
frame_001277.png,frame_001278.png,0.049820415675640106,0.07101193815469742,0.19299523532390594,-0.13926628232002258,0.010988383553922176,-0.05522799491882324
frame_001278.png,frame_001279.png,0.081821970641613,0.09881161898374557,0.20016324520111084,-0.08970174938440323,-0.00500286091119051,-0.03601324185729027
frame_001279.png,frame_001280.png,0.0875408798456192,0.10396138578653336,0.22564944624900818,-0.05551545321941376,-0.01781386509537697,-0.019408030435442924
frame_001280.png,frame_001281.png,0.06407111883163452,0.11852511018514633,0.2750875651836395,-0.055852413177490234,-0.007768026553094387,-0.028070393949747086
frame_001281.png,frame_001282.png,0.019229009747505188,0.11749321967363358,0.314728319644928,-0.034193526953458786,-0.006703987717628479,-0.017227232456207275
frame_001282.png,frame_001283.png,-0.0060072168707847595,0.10148841887712479,0.32255491614341736,-0.033592190593481064,-0.009135431610047817,-0.016825560480356216
frame_001283.png,frame_001284.png,-0.025761015713214874,0.0956304743885994,0.3206833302974701,-0.04580472409725189,-0.014042560942471027,-0.024202432483434677
frame_001284.png,frame_001285.png,-0.03982441872358322,0.08084643632173538,0.3185317814350128,-0.05389737710356712,-0.022646557539701462,-0.03865398094058037
frame_001285.png,frame_001286.png,-0.033645980060100555,0.07845477014780045,0.3357243239879608,-0.0685972273349762,-0.027259983122348785,-0.08350119739770889
frame_001286.png,frame_001287.png,-0.014614827930927277,0.08123321086168289,0.35601815581321716,-0.0742311030626297,-0.024845972657203674,-0.09570053219795227
frame_001287.png,frame_001288.png,0.003861859440803528,0.08163486421108246,0.3580958843231201,-0.07819288223981857,-0.02489984780550003,-0.10574778914451599
frame_001288.png,frame_001289.png,0.02075294405221939,0.09104929119348526,0.3769327402114868,-0.10383340716362,-0.022756855934858322,-0.11474493145942688
frame_001289.png,frame_001290.png,0.04984508082270622,0.09544795006513596,0.3702515661716461,-0.09295301884412766,-0.0265846885740757,-0.10606997460126877
frame_001290.png,frame_001291.png,0.08805546164512634,0.09905575960874557,0.3621852993965149,-0.07265809178352356,-0.03205021098256111,-0.0997685119509697
frame_001291.png,frame_001292.png,0.06347246468067169,0.10761118680238724,0.351852685213089,-0.07697552442550659,-0.033529967069625854,-0.07443028688430786
frame_001292.png,frame_001293.png,0.04987245053052902,0.0760510042309761,0.31481045484542847,-0.0875193327665329,-0.02755023166537285,-0.014407618902623653
frame_001293.png,frame_001294.png,0.06297450512647629,0.0662565603852272,0.291104793548584,-0.052773602306842804,-0.013779760338366032,-0.00987545307725668
frame_001294.png,frame_001295.png,0.07161024957895279,0.06726014614105225,0.288534939289093,-0.0742892324924469,-0.012049182318150997,-0.021135427057743073
frame_001295.png,frame_001296.png,0.10406261682510376,0.07889503240585327,0.2921162545681,-0.08446894586086273,-0.01445354986935854,-0.041867904365062714
frame_001296.png,frame_001297.png,0.13700149953365326,0.07607681304216385,0.2674291729927063,-0.06669376790523529,-0.015720047056674957,-0.05544950067996979
frame_001297.png,frame_001298.png,0.13588416576385498,0.07132508605718613,0.28124114871025085,-0.0978771224617958,-0.0049795834347605705,-0.056880202144384384
frame_001298.png,frame_001299.png,0.12863066792488098,0.06977317482233047,0.2890335023403168,-0.11476203799247742,0.0016771350055932999,-0.05993638560175896
frame_001299.png,frame_001300.png,0.13139598071575165,0.06561286747455597,0.2654806971549988,-0.11911121010780334,0.003621170297265053,-0.04999062046408653
frame_001300.png,frame_001301.png,0.17230987548828125,0.08940001577138901,0.25446900725364685,-0.10464003682136536,0.009588128887116909,-0.025410089641809464
frame_001301.png,frame_001302.png,0.1696765273809433,0.10800180584192276,0.23247644305229187,-0.08681502938270569,0.01417267695069313,-0.024343304336071014
frame_001302.png,frame_001303.png,0.1917838603258133,0.10005568712949753,0.20217294991016388,-0.06553172320127487,0.01652514562010765,-0.010180379264056683
frame_001303.png,frame_001304.png,0.23319923877716064,0.0790497437119484,0.154884934425354,-0.05339233949780464,0.027365047484636307,0.04214344918727875
frame_001304.png,frame_001305.png,0.23754465579986572,0.08350234478712082,0.1590128391981125,-0.06768433749675751,0.03415869548916817,0.022928934544324875
frame_001305.png,frame_001306.png,0.21357852220535278,0.09481806308031082,0.20274746417999268,-0.0626998320221901,0.013644713908433914,0.0023213960230350494
frame_001306.png,frame_001307.png,0.20243504643440247,0.10740985721349716,0.25174832344055176,-0.05261147394776344,-0.00734221376478672,-0.008743653073906898
frame_001307.png,frame_001308.png,0.22541159391403198,0.13839325308799744,0.24186918139457703,-0.011973666027188301,-0.018271058797836304,0.03953559324145317
frame_001308.png,frame_001309.png,0.28053513169288635,0.15575963258743286,0.21818965673446655,-0.007138929329812527,-0.006942941807210445,0.06432484835386276
frame_001309.png,frame_001310.png,0.29501327872276306,0.15036875009536743,0.22915762662887573,-0.05915287137031555,-0.017963554710149765,0.08486870676279068
frame_001310.png,frame_001311.png,0.2873935401439667,0.12731581926345825,0.20348171889781952,-0.08753294497728348,-0.01816682144999504,0.08773057162761688
frame_001311.png,frame_001312.png,0.27718648314476013,0.12014757841825485,0.16335086524486542,-0.09741272032260895,-0.01403654832392931,0.053452037274837494
frame_001312.png,frame_001313.png,0.2597142457962036,0.1194782629609108,0.1470031589269638,-0.0845797210931778,-0.00821190606802702,0.0355461910367012
frame_001313.png,frame_001314.png,0.23771882057189941,0.12320517748594284,0.14114704728126526,-0.08970475196838379,0.0009550144895911217,0.04661683365702629
frame_001314.png,frame_001315.png,0.22592177987098694,0.12033770233392715,0.14247636497020721,-0.08439003676176071,0.0140605503693223,0.058815404772758484
frame_001315.png,frame_001316.png,0.22186124324798584,0.11352134495973587,0.13469308614730835,-0.09433569759130478,0.01805853471159935,0.05607931315898895
frame_001316.png,frame_001317.png,0.22449547052383423,0.11267148703336716,0.12371274828910828,-0.10669831931591034,0.02390429750084877,0.04714607447385788
frame_001317.png,frame_001318.png,0.24104276299476624,0.10875039547681808,0.12061578035354614,-0.10642366111278534,0.0329815074801445,0.047517891973257065
frame_001318.png,frame_001319.png,0.22639554738998413,0.11264301091432571,0.12254813313484192,-0.11294180154800415,0.03801603987812996,0.04085079953074455
frame_001319.png,frame_001320.png,0.19690987467765808,0.11219301074743271,0.13766872882843018,-0.12089582532644272,0.03458431735634804,0.035876527428627014
frame_001320.png,frame_001321.png,0.19083142280578613,0.11030369251966476,0.15229132771492004,-0.12310805171728134,0.03286180645227432,0.041508324444293976
frame_001321.png,frame_001322.png,0.17934542894363403,0.10703899711370468,0.17055515944957733,-0.12409195303916931,0.036472074687480927,0.03612591326236725
frame_001322.png,frame_001323.png,0.15806743502616882,0.10332878679037094,0.20142889022827148,-0.12740597128868103,0.038478996604681015,0.031224370002746582
frame_001323.png,frame_001324.png,0.13351324200630188,0.09342650324106216,0.23223385214805603,-0.12292025983333588,0.04183540493249893,0.024891149252653122
frame_001324.png,frame_001325.png,0.11358851194381714,0.08156454563140869,0.25079837441444397,-0.11552233248949051,0.04456915706396103,0.011962265707552433
frame_001325.png,frame_001326.png,0.09150466322898865,0.07567083090543747,0.26219287514686584,-0.10583918541669846,0.04172837734222412,0.0007007578387856483
frame_001326.png,frame_001327.png,0.06570247560739517,0.0699724331498146,0.2859480679035187,-0.09956507384777069,0.03738101199269295,-0.003907321952283382
frame_001327.png,frame_001328.png,0.04394584149122238,0.06332187354564667,0.30708155035972595,-0.0934404656291008,0.033562980592250824,-0.007513544522225857
frame_001328.png,frame_001329.png,0.020391464233398438,0.062483131885528564,0.3296787440776825,-0.09042271971702576,0.027827221900224686,-0.01959344744682312
frame_001329.png,frame_001330.png,9.309500455856323e-05,0.062337301671504974,0.34246137738227844,-0.08820418268442154,0.023093774914741516,-0.02060972899198532
frame_001330.png,frame_001331.png,-0.013006828725337982,0.061037465929985046,0.34738394618034363,-0.08764539659023285,0.020169179886579514,-0.016773924231529236
frame_001331.png,frame_001332.png,-0.019716404378414154,0.056213945150375366,0.34432315826416016,-0.08692900836467743,0.017866414040327072,-0.009927510283887386
frame_001332.png,frame_001333.png,-0.02153892070055008,0.051648594439029694,0.34009990096092224,-0.0860399603843689,0.015850160270929337,-0.004544719122350216
frame_001333.png,frame_001334.png,-0.018445201218128204,0.048433467745780945,0.3380983769893646,-0.08501985669136047,0.01690163090825081,0.0007521668449044228
frame_001334.png,frame_001335.png,-0.014928944408893585,0.04556381702423096,0.3356539011001587,-0.08305757492780685,0.01720546931028366,0.004794658161699772
frame_001335.png,frame_001336.png,-0.00886286050081253,0.042405277490615845,0.3323881924152374,-0.08127734810113907,0.01739741861820221,0.010498628951609135
frame_001336.png,frame_001337.png,0.0003960654139518738,0.040032416582107544,0.3266403377056122,-0.0794413834810257,0.016175158321857452,0.01669275015592575
frame_001337.png,frame_001338.png,0.006157271564006805,0.038554847240448,0.32022711634635925,-0.07894379645586014,0.013878869824111462,0.02235310524702072
frame_001338.png,frame_001339.png,0.008638449013233185,0.03736653923988342,0.31243830919265747,-0.07655738294124603,0.011767088435590267,0.027907032519578934
frame_001339.png,frame_001340.png,0.008272051811218262,0.03690426051616669,0.3035275638103485,-0.07368189096450806,0.008342384360730648,0.03287448734045029
frame_001340.png,frame_001341.png,0.0080084428191185,0.03625369071960449,0.2917291224002838,-0.07077290117740631,0.004960588179528713,0.03780768811702728
frame_001341.png,frame_001342.png,0.006542786955833435,0.033562518656253815,0.2808608114719391,-0.06844520568847656,0.0013385182246565819,0.04216810315847397
frame_001342.png,frame_001343.png,-0.0038840770721435547,0.02944541722536087,0.27061977982521057,-0.06664765626192093,-0.002138306386768818,0.043234072625637054
frame_001343.png,frame_001344.png,-0.017039187252521515,0.023841194808483124,0.2633650600910187,-0.06617605686187744,-0.00481580663472414,0.043285615742206573
frame_001344.png,frame_001345.png,-0.026610642671585083,0.017651818692684174,0.2513491213321686,-0.06233827769756317,-0.007087060250341892,0.04260437935590744
frame_001345.png,frame_001346.png,-0.028995081782341003,0.011872224509716034,0.23297849297523499,-0.056810103356838226,-0.008093309588730335,0.04294943809509277
frame_001346.png,frame_001347.png,-0.02721131592988968,0.006651602685451508,0.20941488444805145,-0.05024096369743347,-0.010487501509487629,0.041937123984098434
frame_001347.png,frame_001348.png,-0.019911080598831177,0.004238944500684738,0.18602430820465088,-0.044851310551166534,-0.012331073172390461,0.039098069071769714
frame_001348.png,frame_001349.png,-0.009025968611240387,0.00732848048210144,0.1607496738433838,-0.03884260356426239,-0.014212367124855518,0.0332014337182045
frame_001349.png,frame_001350.png,0.006825737655162811,0.013637714087963104,0.14118649065494537,-0.03455745428800583,-0.016261406242847443,0.02845006063580513
frame_001350.png,frame_001351.png,0.023803934454917908,0.01958329603075981,0.1250280737876892,-0.0318649560213089,-0.01718951389193535,0.021252550184726715
frame_001351.png,frame_001352.png,0.04706161469221115,0.025015003979206085,0.11873108148574829,-0.031721554696559906,-0.01641647145152092,0.01746673509478569
frame_001352.png,frame_001353.png,0.08138717710971832,0.0323650985956192,0.12068328261375427,-0.03583873063325882,-0.016628213226795197,0.02116934210062027
frame_001353.png,frame_001354.png,0.12233129888772964,0.03987504541873932,0.1275513470172882,-0.04125368595123291,-0.017538689076900482,0.025017477571964264
frame_001354.png,frame_001355.png,0.1532226949930191,0.04205530136823654,0.1335800141096115,-0.045420680195093155,-0.020326700061559677,0.026479288935661316
frame_001355.png,frame_001356.png,0.17579278349876404,0.04184528440237045,0.13489261269569397,-0.048676617443561554,-0.022407691925764084,0.02616693079471588
frame_001356.png,frame_001357.png,0.1882525086402893,0.04122737795114517,0.13261334598064423,-0.050891485065221786,-0.023279793560504913,0.026385363191366196
frame_001357.png,frame_001358.png,0.19627991318702698,0.04064740985631943,0.12762966752052307,-0.05176709592342377,-0.023624952882528305,0.02665061503648758
frame_001358.png,frame_001359.png,0.20355987548828125,0.039395011961460114,0.1204386055469513,-0.05283862352371216,-0.02430105209350586,0.026162855327129364
frame_001359.png,frame_001360.png,0.21085390448570251,0.03733140230178833,0.11488524079322815,-0.0527808740735054,-0.02453020215034485,0.0242072194814682
frame_001360.png,frame_001361.png,0.21646669507026672,0.033678583800792694,0.11038561165332794,-0.053436942398548126,-0.02484067529439926,0.02426774799823761
frame_001361.png,frame_001362.png,0.21977028250694275,0.030255652964115143,0.10753913223743439,-0.054585736244916916,-0.025755584239959717,0.024931970983743668
frame_001362.png,frame_001363.png,0.21833521127700806,0.027114607393741608,0.10728242993354797,-0.056389451026916504,-0.026078861206769943,0.027794592082500458
frame_001363.png,frame_001364.png,0.21275895833969116,0.02399996668100357,0.10964122414588928,-0.05869154632091522,-0.025408096611499786,0.0314885713160038
frame_001364.png,frame_001365.png,0.20805752277374268,0.021351881325244904,0.10830450057983398,-0.06200843304395676,-0.02534831315279007,0.03668709471821785
frame_001365.png,frame_001366.png,0.20590057969093323,0.01796071231365204,0.10327444970607758,-0.06468630582094193,-0.024821527302265167,0.04322069138288498
frame_001366.png,frame_001367.png,0.20428648591041565,0.015208221971988678,0.10289625823497772,-0.06550353020429611,-0.022257938981056213,0.051407340914011
frame_001367.png,frame_001368.png,0.20309922099113464,0.013253051787614822,0.10282664000988007,-0.06456919759511948,-0.01753240078687668,0.05678229779005051
frame_001368.png,frame_001369.png,0.2079479992389679,0.010478828102350235,0.10722793638706207,-0.0644163116812706,-0.012200298719108105,0.062275514006614685
frame_001369.png,frame_001370.png,0.2148568034172058,0.007950909435749054,0.10934019088745117,-0.06534899771213531,-0.006199724040925503,0.06531473249197006
frame_001370.png,frame_001371.png,0.21553775668144226,0.0044403597712516785,0.1072607934474945,-0.06751503795385361,-0.0014153392985463142,0.06322389841079712
frame_001371.png,frame_001372.png,0.21350231766700745,0.00019381195306777954,0.10423827171325684,-0.07163400948047638,0.003567666746675968,0.05930335074663162
frame_001372.png,frame_001373.png,0.2107289731502533,-0.0032781176269054413,0.10203328728675842,-0.07674448937177658,0.007619814947247505,0.053798891603946686
frame_001373.png,frame_001374.png,0.20198118686676025,-0.0066542550921440125,0.10011136531829834,-0.08309339731931686,0.011483728885650635,0.047485705465078354
frame_001374.png,frame_001375.png,0.196743905544281,-0.008806783705949783,0.09629717469215393,-0.08664008975028992,0.015084131620824337,0.03850647062063217
frame_001375.png,frame_001376.png,0.196417897939682,-0.010616596788167953,0.09184145927429199,-0.08828901499509811,0.01833947002887726,0.03152567520737648
frame_001376.png,frame_001377.png,0.19694891571998596,-0.012068036943674088,0.08603139221668243,-0.09013085812330246,0.02109261229634285,0.02726125717163086
frame_001377.png,frame_001378.png,0.19358888268470764,-0.013180619105696678,0.08374685049057007,-0.09324845671653748,0.022138968110084534,0.023060224950313568
frame_001378.png,frame_001379.png,0.19439697265625,-0.013149533420801163,0.08238676190376282,-0.09475819021463394,0.023129981011152267,0.021863169968128204
frame_001379.png,frame_001380.png,0.1994067132472992,-0.012651963159441948,0.07775774598121643,-0.09581706672906876,0.02425786480307579,0.024428367614746094
frame_001380.png,frame_001381.png,0.20613116025924683,-0.010987695306539536,0.07151496410369873,-0.0951976552605629,0.02466447651386261,0.029942534863948822
frame_001381.png,frame_001382.png,0.21283811330795288,-0.010404061526060104,0.06961244344711304,-0.09634214639663696,0.02484079822897911,0.03961159288883209
frame_001382.png,frame_001383.png,0.214887797832489,-0.0107555091381073,0.0902702808380127,-0.09436196833848953,0.023760255426168442,0.05240557715296745
frame_001383.png,frame_001384.png,0.22023165225982666,-0.006644826382398605,0.1202610582113266,-0.08957882970571518,0.020928751677274704,0.0692237988114357
frame_001384.png,frame_001385.png,0.20178887248039246,-0.0024164654314517975,0.16018345952033997,-0.08249352872371674,0.018718408420681953,0.08456938713788986
frame_001385.png,frame_001386.png,0.16742363572120667,0.01695382595062256,0.2180453985929489,-0.09152425080537796,0.022245269268751144,0.08155736327171326
frame_001386.png,frame_001387.png,0.12050651758909225,0.02945271134376526,0.23279455304145813,-0.10732308775186539,0.023508820682764053,0.08793678879737854
frame_001387.png,frame_001388.png,0.1234249621629715,0.04643680900335312,0.23971140384674072,-0.11697998642921448,0.017423462122678757,0.09450316429138184
frame_001388.png,frame_001389.png,0.12986798584461212,0.07617080211639404,0.23987355828285217,-0.08449119329452515,0.005949134938418865,0.05798405408859253
frame_001389.png,frame_001390.png,0.16579213738441467,0.07828414440155029,0.24647289514541626,-0.09588374942541122,0.018608354032039642,0.03562609478831291
frame_001390.png,frame_001391.png,0.19509997963905334,0.0691339448094368,0.2891855537891388,-0.108038991689682,0.028953466564416885,0.04830271005630493
frame_001391.png,frame_001392.png,0.21598844230175018,0.0753917321562767,0.2553199827671051,-0.07085322588682175,0.004852719604969025,0.018895544111728668
frame_001392.png,frame_001393.png,0.2522438168525696,0.1162281408905983,0.26031598448753357,0.00960452388972044,0.01058128010481596,0.05754460394382477
frame_001393.png,frame_001394.png,0.2855905592441559,0.12639880180358887,0.2563706040382385,0.0034330496564507484,-0.011032246984541416,0.03764525428414345
frame_001394.png,frame_001395.png,0.26506519317626953,0.12209362536668777,0.24729934334754944,-0.03799239546060562,0.02263546735048294,0.06074753403663635
frame_001395.png,frame_001396.png,0.17433704435825348,0.093925841152668,0.23457124829292297,-0.062073804438114166,0.02570999413728714,-0.001347818411886692
frame_001396.png,frame_001397.png,0.11522742360830307,0.0850183442234993,0.27742040157318115,-0.047033704817295074,0.019778620451688766,-0.016212422400712967
frame_001397.png,frame_001398.png,0.10164441168308258,0.07132439315319061,0.23125962913036346,0.0010119946673512459,0.006949816830456257,-0.03520733118057251
frame_001398.png,frame_001399.png,0.06462820619344711,0.08856762200593948,0.22028455138206482,-0.003164685331285,-0.000759415328502655,-0.030801575630903244
frame_001399.png,frame_001400.png,0.02954937517642975,0.1061599925160408,0.1735037863254547,-0.0017414754256606102,0.008714879862964153,-0.03193444386124611
frame_001400.png,frame_001401.png,0.03982771560549736,0.0927184596657753,0.12772394716739655,-0.0355236642062664,0.004437997005879879,0.009910362772643566
frame_001401.png,frame_001402.png,0.011808715760707855,0.05728495121002197,0.1342151165008545,-0.054707787930965424,0.01510620303452015,0.020350005477666855
frame_001402.png,frame_001403.png,-0.020162053406238556,0.04684825986623764,0.17665520310401917,-0.06634076684713364,0.024777304381132126,0.0027509378269314766
frame_001403.png,frame_001404.png,-0.05357592552900314,0.03446464240550995,0.20583301782608032,-0.08967316150665283,0.022507064044475555,-0.014430399052798748
frame_001404.png,frame_001405.png,-0.07063160091638565,0.020216479897499084,0.24715042114257812,-0.09353328496217728,0.02631406858563423,-0.037780046463012695
frame_001405.png,frame_001406.png,-0.0874117836356163,0.016330864280462265,0.29173049330711365,-0.09976491332054138,0.03338557854294777,-0.07631319016218185
frame_001406.png,frame_001407.png,-0.05782421678304672,0.009271427989006042,0.2853793799877167,-0.10900518298149109,0.036150552332401276,-0.09092964231967926
frame_001407.png,frame_001408.png,-0.02399127185344696,0.017124168574810028,0.2787858545780182,-0.09978851675987244,0.016375169157981873,-0.08147747814655304
frame_001408.png,frame_001409.png,0.06647711992263794,0.00940350815653801,0.23833191394805908,-0.08486514538526535,0.0037599625065922737,-0.053974948823451996
frame_001409.png,frame_001410.png,0.10277091711759567,0.008067693561315536,0.21911774575710297,-0.09480258822441101,-0.00013852305710315704,-0.01198529452085495
frame_001410.png,frame_001411.png,0.11092318594455719,-0.00584903359413147,0.1989208459854126,-0.09456931054592133,-0.005160803906619549,-0.004371981136500835
frame_001411.png,frame_001412.png,0.09478329867124557,-0.0021317973732948303,0.18277600407600403,-0.10389408469200134,-0.017193671315908432,0.0076017556712031364
frame_001412.png,frame_001413.png,0.05493186414241791,-0.006554849445819855,0.19685740768909454,-0.10595320165157318,-0.014641852118074894,-0.005466689355671406
frame_001413.png,frame_001414.png,-0.013391472399234772,-0.009509455412626266,0.2233685553073883,-0.10876654088497162,-0.02416975423693657,-0.03837867081165314
frame_001414.png,frame_001415.png,-0.03348322957754135,0.010509815067052841,0.261528342962265,-0.12248502671718597,-0.02568911388516426,-0.043772779405117035
frame_001415.png,frame_001416.png,-0.04292330890893936,0.016718756407499313,0.2969363033771515,-0.12992213666439056,-0.024785645306110382,-0.03214530274271965
frame_001416.png,frame_001417.png,-0.05820029228925705,-0.0013424083590507507,0.31998875737190247,-0.12191730737686157,-0.02486637607216835,-0.017894338816404343
frame_001417.png,frame_001418.png,-0.07042572647333145,-0.004587408155202866,0.3256419003009796,-0.11432308703660965,-0.02130749449133873,-0.014958898536860943
frame_001418.png,frame_001419.png,-0.06898222118616104,0.010279003530740738,0.32267048954963684,-0.11551031470298767,-0.01538779679685831,-0.026607267558574677
frame_001419.png,frame_001420.png,-0.04657416790723801,0.01660316437482834,0.31491589546203613,-0.11273984611034393,-0.009937546215951443,-0.03380157798528671
frame_001420.png,frame_001421.png,-0.02895684540271759,0.019550275057554245,0.30972209572792053,-0.10694821178913116,-0.010034660808742046,-0.03240451589226723
frame_001421.png,frame_001422.png,-0.010742872953414917,0.027299992740154266,0.3196713626384735,-0.10649101436138153,-0.010660226456820965,-0.032987192273139954
frame_001422.png,frame_001423.png,-0.009313635528087616,0.030426301062107086,0.32229822874069214,-0.10231232643127441,-0.012054630555212498,-0.03218146041035652
frame_001423.png,frame_001424.png,-0.01747296005487442,0.029772818088531494,0.3235560953617096,-0.09818810224533081,-0.012741626240313053,-0.02827063575387001
frame_001424.png,frame_001425.png,-0.015476688742637634,0.029830172657966614,0.323531836271286,-0.09797582030296326,-0.008119792677462101,-0.02469988912343979
frame_001425.png,frame_001426.png,-0.012884147465229034,0.030151598155498505,0.33584627509117126,-0.09677235782146454,-0.002036450430750847,-0.020410750061273575
frame_001426.png,frame_001427.png,-0.006379798054695129,0.03276888281106949,0.35583260655403137,-0.09293948858976364,-7.763970643281937e-05,-0.018312111496925354
frame_001427.png,frame_001428.png,-0.0018948614597320557,0.0360148549079895,0.37705180048942566,-0.08988148719072342,-0.0015185875818133354,-0.01953379064798355
frame_001428.png,frame_001429.png,0.005244918167591095,0.038666993379592896,0.39320483803749084,-0.08711034059524536,-0.003943239338696003,-0.020734094083309174
frame_001429.png,frame_001430.png,0.013392247259616852,0.04030323028564453,0.4019222855567932,-0.08610741794109344,-0.006903865374624729,-0.019399140030145645
frame_001430.png,frame_001431.png,0.01856505125761032,0.040393128991127014,0.40671148896217346,-0.08706355839967728,-0.010331784375011921,-0.01828455552458763
frame_001431.png,frame_001432.png,0.019548334181308746,0.03945919871330261,0.40725937485694885,-0.08915300667285919,-0.013732475228607655,-0.01753324270248413
frame_001432.png,frame_001433.png,0.015368282794952393,0.03623471409082413,0.4058360159397125,-0.0929873064160347,-0.01796979084610939,-0.01480600144714117
frame_001433.png,frame_001434.png,0.002745389938354492,0.030264712870121002,0.4027414619922638,-0.1000988706946373,-0.02215421199798584,-0.015153824351727962
frame_001434.png,frame_001435.png,-0.006593823432922363,0.0259055495262146,0.3921126127243042,-0.1074751615524292,-0.025016870349645615,-0.023602157831192017
frame_001435.png,frame_001436.png,-0.012705504894256592,0.02371831238269806,0.37393489480018616,-0.11720237880945206,-0.029315702617168427,-0.036731310188770294
frame_001436.png,frame_001437.png,-0.021678872406482697,0.020036861300468445,0.3640681803226471,-0.12715953588485718,-0.033058758825063705,-0.05248820036649704
frame_001437.png,frame_001438.png,-0.025491327047348022,0.017589498311281204,0.352362722158432,-0.13516809046268463,-0.03585406020283699,-0.06289408355951309
frame_001438.png,frame_001439.png,-0.02594318985939026,0.015552006661891937,0.3352104127407074,-0.1425931304693222,-0.031651221215724945,-0.0650496780872345
frame_001439.png,frame_001440.png,-0.03195700794458389,0.01759987324476242,0.31729239225387573,-0.16040323674678802,-0.035731445997953415,-0.06914810091257095
frame_001440.png,frame_001441.png,-0.018483251333236694,0.00479675829410553,0.3069671094417572,-0.17562933266162872,-0.03391030430793762,-0.07661502808332443
frame_001441.png,frame_001442.png,-0.011164829134941101,-0.00043210387229919434,0.29659438133239746,-0.1845034509897232,-0.032802172005176544,-0.07812563329935074
frame_001442.png,frame_001443.png,-0.022977448999881744,0.012061107903718948,0.3267662823200226,-0.18617142736911774,-0.041100189089775085,-0.07355380058288574
frame_001443.png,frame_001444.png,-0.03172094374895096,0.0410134494304657,0.34830763936042786,-0.19359125196933746,-0.05017366260290146,-0.0669894888997078
frame_001444.png,frame_001445.png,-0.044858478009700775,0.04959315061569214,0.3644544780254364,-0.19345441460609436,-0.04770856350660324,-0.06505956500768661
frame_001445.png,frame_001446.png,-0.0018980205059051514,0.04642634838819504,0.31621262431144714,-0.1646556407213211,-0.050739504396915436,-0.06946498155593872
frame_001446.png,frame_001447.png,0.028448134660720825,0.03901764005422592,0.2646350860595703,-0.1400635689496994,-0.05648810416460037,-0.0887545719742775
frame_001447.png,frame_001448.png,0.01042582094669342,0.02399279922246933,0.17938801646232605,-0.11270852386951447,-0.059985317289829254,-0.1012992188334465
frame_001448.png,frame_001449.png,-0.024450398981571198,0.0029946714639663696,0.1557113081216812,-0.08858069777488708,-0.05623871833086014,-0.10488100349903107
frame_001449.png,frame_001450.png,-0.06470105797052383,-0.0032447688281536102,0.1798984706401825,-0.09420304745435715,-0.040656741708517075,-0.11179707199335098
frame_001450.png,frame_001451.png,-0.09259415417909622,-0.01125575602054596,0.1980498731136322,-0.10122860968112946,-0.01354923751205206,-0.09834681451320648
frame_001451.png,frame_001452.png,-0.04190928488969803,-0.0022824257612228394,0.18416601419448853,-0.11466177552938461,0.007391869090497494,-0.08429180830717087
frame_001452.png,frame_001453.png,0.009929142892360687,0.020412445068359375,0.1766955554485321,-0.10923121869564056,0.015711158514022827,-0.08555588871240616
frame_001453.png,frame_001454.png,0.033837031573057175,0.02957112342119217,0.19647714495658875,-0.13418030738830566,0.02494196593761444,-0.0666116401553154
frame_001454.png,frame_001455.png,0.022620126605033875,0.051404163241386414,0.19281449913978577,-0.13723236322402954,0.017844226211309433,-0.04044370725750923
frame_001455.png,frame_001456.png,0.028464771807193756,0.08070261031389236,0.18991632759571075,-0.1268938183784485,0.0006326278671622276,-0.0330483540892601
frame_001456.png,frame_001457.png,0.029486864805221558,0.08944658190011978,0.2309647500514984,-0.10537485778331757,0.00840606540441513,0.005566363222897053
frame_001457.png,frame_001458.png,-0.005220793187618256,0.08124437183141708,0.22397129237651825,-0.0895092710852623,0.012498910538852215,0.036238186061382294
frame_001458.png,frame_001459.png,-0.06490463763475418,0.07143758982419968,0.28136569261550903,-0.1109820306301117,0.012582036666572094,0.0622042715549469
frame_001459.png,frame_001460.png,-0.08685817569494247,0.058196090161800385,0.2692432701587677,-0.10572410374879837,0.009288079105317593,0.07693170011043549
frame_001460.png,frame_001461.png,-0.05729804188013077,0.07013615220785141,0.2747940123081207,-0.10107508301734924,0.011881544254720211,0.01609443500638008
frame_001461.png,frame_001462.png,-0.03761621564626694,0.05759073793888092,0.2537063658237457,-0.13197168707847595,0.009528840892016888,0.001560659147799015
frame_001462.png,frame_001463.png,0.052446845918893814,0.04926041513681412,0.18292830884456635,-0.08401769399642944,0.008125434629619122,0.04156281054019928
frame_001463.png,frame_001464.png,0.13011987507343292,0.06109709292650223,0.1266341209411621,-0.06850340962409973,0.0036058914847671986,0.039042312651872635
frame_001464.png,frame_001465.png,0.14423613250255585,0.06911903619766235,0.13412755727767944,-0.05082056298851967,-0.005605882033705711,0.04729799926280975
frame_001465.png,frame_001466.png,0.15294112265110016,0.06902597844600677,0.15059033036231995,-0.03535716235637665,-0.019894320517778397,0.056929849088191986
frame_001466.png,frame_001467.png,0.18400666117668152,0.07181890308856964,0.2001873105764389,-0.05117803066968918,-0.013884675689041615,0.04761797934770584
frame_001467.png,frame_001468.png,0.2510736584663391,0.08010223507881165,0.2309967577457428,-0.03718074783682823,0.0013633491471409798,0.04438453167676926
frame_001468.png,frame_001469.png,0.303308367729187,0.10796431452035904,0.2684136629104614,-0.0380253866314888,-0.01026997808367014,0.03386661782860756
frame_001469.png,frame_001470.png,0.3389013707637787,0.10537946969270706,0.23783764243125916,-0.030906975269317627,-0.012186982668936253,0.07598268240690231
frame_001470.png,frame_001471.png,0.3270314931869507,0.08745332807302475,0.2188427597284317,0.007724211551249027,-0.009965763427317142,0.10037273168563843
frame_001471.png,frame_001472.png,0.373780757188797,0.08737771958112717,0.16721054911613464,0.04917994886636734,-0.005525265820324421,0.10898243635892868
frame_001472.png,frame_001473.png,0.34494414925575256,0.10739410668611526,0.15753591060638428,0.018549785017967224,-0.009550775401294231,0.12114919722080231
frame_001473.png,frame_001474.png,0.245692640542984,0.11071126908063889,0.20851615071296692,-0.018260952085256577,-0.02858789637684822,0.08198605477809906
frame_001474.png,frame_001475.png,0.26055657863616943,0.10314512997865677,0.15523824095726013,-0.030939720571041107,-0.04274537041783333,0.10490235686302185
frame_001475.png,frame_001476.png,0.2776564955711365,0.11969143897294998,0.11876870691776276,-0.01946588233113289,-0.038487788289785385,0.126488596200943
frame_001476.png,frame_001477.png,0.2657950222492218,0.13641637563705444,0.16954182088375092,-0.045318763703107834,-0.02638208493590355,0.1351468563079834
frame_001477.png,frame_001478.png,0.2727428376674652,0.14868572354316711,0.1972658634185791,-0.05269448459148407,-0.013355026952922344,0.14711545407772064
frame_001478.png,frame_001479.png,0.27340754866600037,0.14268577098846436,0.18967022001743317,-0.0753881186246872,-0.0036404775455594063,0.1308266669511795
frame_001479.png,frame_001480.png,0.2827078104019165,0.12954449653625488,0.15135645866394043,-0.06547383964061737,0.0068456875160336494,0.12317836284637451
frame_001480.png,frame_001481.png,0.26653316617012024,0.11036353558301926,0.14028072357177734,-0.05584391951560974,0.012186389416456223,0.13041946291923523
frame_001481.png,frame_001482.png,0.22712945938110352,0.0955512598156929,0.1513134241104126,-0.06166069954633713,0.005968792829662561,0.1292746216058731
frame_001482.png,frame_001483.png,0.18590927124023438,0.09073037654161453,0.18648824095726013,-0.07053811103105545,0.012227090075612068,0.1167525053024292
frame_001483.png,frame_001484.png,0.16044321656227112,0.08608541637659073,0.2112964391708374,-0.07200015336275101,0.018511846661567688,0.10010863840579987
frame_001484.png,frame_001485.png,0.1448594629764557,0.0704345852136612,0.21191489696502686,-0.07624879479408264,0.02062739059329033,0.09994581341743469
frame_001485.png,frame_001486.png,0.1262049823999405,0.058203838765621185,0.20108753442764282,-0.07707434892654419,0.02261759340763092,0.10266970843076706
frame_001486.png,frame_001487.png,0.11040592193603516,0.043828852474689484,0.1732868254184723,-0.0679214745759964,0.021598316729068756,0.08276346325874329
frame_001487.png,frame_001488.png,0.10146638005971909,0.03082406520843506,0.11883139610290527,-0.07087664306163788,0.020326364785432816,0.060604989528656006
frame_001488.png,frame_001489.png,0.09861840307712555,0.015797872096300125,0.0957842767238617,-0.07775953412055969,0.025533970445394516,0.04446282610297203
frame_001489.png,frame_001490.png,0.1077120378613472,0.0044566914439201355,0.0718514621257782,-0.06765822321176529,0.02375255897641182,0.04598948359489441
frame_001490.png,frame_001491.png,0.11772148311138153,-0.010246790945529938,0.05757948383688927,-0.057938121259212494,0.02302391454577446,0.05405202507972717
frame_001491.png,frame_001492.png,0.11601002514362335,-0.026274697855114937,0.04225214198231697,-0.06662550568580627,0.024664930999279022,0.05764808505773544
frame_001492.png,frame_001493.png,0.1201767772436142,-0.03284941613674164,0.019550498574972153,-0.07586857676506042,0.025991953909397125,0.05558951944112778
frame_001493.png,frame_001494.png,0.12185515463352203,-0.03986287862062454,0.007302757352590561,-0.07889259606599808,0.024709690362215042,0.05313993990421295
frame_001494.png,frame_001495.png,0.11745550483465195,-0.051948267966508865,0.014089807868003845,-0.08645276725292206,0.021340932697057724,0.058635905385017395
frame_001495.png,frame_001496.png,0.11345779895782471,-0.058341991156339645,0.02517048642039299,-0.08149643242359161,0.018971260637044907,0.07511892914772034
frame_001496.png,frame_001497.png,0.10800562798976898,-0.05811067298054695,0.03819727525115013,-0.07369611412286758,0.017948582768440247,0.09310819953680038
frame_001497.png,frame_001498.png,0.11547847837209702,-0.050330132246017456,0.025492850691080093,-0.07377851009368896,0.016284409910440445,0.08774906396865845
frame_001498.png,frame_001499.png,0.1358327716588974,-0.039539042860269547,0.01836465671658516,-0.08431901782751083,0.009129961021244526,0.07210057973861694
frame_001499.png,frame_001500.png,0.15684697031974792,-0.02669239044189453,0.013319563120603561,-0.08554491400718689,0.004284893628209829,0.06527863442897797
frame_001500.png,frame_001501.png,0.16862261295318604,-0.018026772886514664,0.008002441376447678,-0.08369701355695724,-0.0002792445011436939,0.06065921485424042
frame_001501.png,frame_001502.png,0.17875835299491882,-0.009688246995210648,-0.0025032907724380493,-0.0804998129606247,-0.0033882372081279755,0.054627127945423126
frame_001502.png,frame_001503.png,0.188470721244812,-0.0036550238728523254,-0.012594688683748245,-0.07912325114011765,-0.005796757526695728,0.04806840792298317
frame_001503.png,frame_001504.png,0.19675835967063904,0.0009268037974834442,-0.017406944185495377,-0.07772918045520782,-0.006136864423751831,0.04344123974442482
frame_001504.png,frame_001505.png,0.19968873262405396,0.0033455006778240204,-0.01741919293999672,-0.07637365162372589,-0.0072638411074876785,0.04253785312175751
frame_001505.png,frame_001506.png,0.20081093907356262,0.005703352391719818,-0.01549837738275528,-0.07489820569753647,-0.007717381231486797,0.0411367192864418
frame_001506.png,frame_001507.png,0.1991487741470337,0.008659414947032928,-0.009682774543762207,-0.0727173388004303,-0.00726452749222517,0.03914972022175789
frame_001507.png,frame_001508.png,0.19434860348701477,0.010878194123506546,0.000890146940946579,-0.07144723832607269,-0.006954229436814785,0.04032105207443237
frame_001508.png,frame_001509.png,0.18564322590827942,0.012586310505867004,0.013883758336305618,-0.07161235809326172,-0.00745967123657465,0.04139486700296402
frame_001509.png,frame_001510.png,0.1783563494682312,0.013691529631614685,0.024841386824846268,-0.0717935711145401,-0.006987462751567364,0.04406384378671646
frame_001510.png,frame_001511.png,0.17656973004341125,0.014559440314769745,0.03091578558087349,-0.07170405983924866,-0.00513667706400156,0.04766276478767395
frame_001511.png,frame_001512.png,0.17701849341392517,0.014849193394184113,0.03325392305850983,-0.07091963291168213,-0.0021344972774386406,0.05259045958518982
frame_001512.png,frame_001513.png,0.17968764901161194,0.012518718838691711,0.02624010294675827,-0.06688306480646133,0.0010768594220280647,0.05784948170185089
frame_001513.png,frame_001514.png,0.17926445603370667,0.011253155767917633,0.015626616775989532,-0.06391062587499619,0.0032285908237099648,0.06475517898797989
frame_001514.png,frame_001515.png,0.17605885863304138,0.010306060314178467,0.006899680942296982,-0.05944475531578064,0.003952552564442158,0.0737442672252655
frame_001515.png,frame_001516.png,0.17011380195617676,0.009022187441587448,-0.0006365664303302765,-0.05651780962944031,0.005106789059937,0.0822993814945221
frame_001516.png,frame_001517.png,0.16625574231147766,0.008727505803108215,-0.01104070246219635,-0.051033563911914825,0.005234177224338055,0.08920450508594513
frame_001517.png,frame_001518.png,0.16384074091911316,0.008579596877098083,-0.02215101197361946,-0.04546452686190605,0.0047202324494719505,0.09288516640663147
frame_001518.png,frame_001519.png,0.16318926215171814,0.00891091674566269,-0.02708519622683525,-0.04187213256955147,0.005914892069995403,0.09087967872619629
frame_001519.png,frame_001520.png,0.1611309051513672,0.011607624590396881,-0.023545514792203903,-0.04078737273812294,0.007300662808120251,0.08521793782711029
frame_001520.png,frame_001521.png,0.15320315957069397,0.015498235821723938,-0.007330689579248428,-0.04279161989688873,0.009342401288449764,0.07455283403396606
frame_001521.png,frame_001522.png,0.14649750292301178,0.017581969499588013,0.005233902484178543,-0.04372150078415871,0.010846449993550777,0.06632603704929352
frame_001522.png,frame_001523.png,0.13775695860385895,0.019597068428993225,0.02318427339196205,-0.04543071240186691,0.012374314479529858,0.059338122606277466
frame_001523.png,frame_001524.png,0.13043762743473053,0.02373024821281433,0.045577991753816605,-0.04814321547746658,0.012571985833346844,0.0542406365275383
frame_001524.png,frame_001525.png,0.12376689165830612,0.02919856458902359,0.06882962584495544,-0.051163118332624435,0.012268944643437862,0.0491710864007473
frame_001525.png,frame_001526.png,0.11749358475208282,0.04036674648523331,0.09515009820461273,-0.06027846038341522,0.011584202758967876,0.04858078062534332
frame_001526.png,frame_001527.png,0.11152471601963043,0.04319285601377487,0.10944586992263794,-0.06031477078795433,0.008436697535216808,0.0395599901676178
frame_001527.png,frame_001528.png,0.10941344499588013,0.04638146609067917,0.11503347754478455,-0.059606149792671204,0.007810688577592373,0.030602607876062393
frame_001528.png,frame_001529.png,0.10752815753221512,0.04775967448949814,0.11690253019332886,-0.060145024210214615,0.007140829227864742,0.018600866198539734
frame_001529.png,frame_001530.png,0.10856515169143677,0.04812251776456833,0.1192370355129242,-0.06080162525177002,0.006221636198461056,0.008623003028333187
frame_001530.png,frame_001531.png,0.11202189326286316,0.04849068075418472,0.11747364699840546,-0.05986689776182175,0.005365750752389431,-0.0008304892107844353
frame_001531.png,frame_001532.png,0.11854138970375061,0.047943539917469025,0.11377909779548645,-0.05933447927236557,0.0049907369539141655,-0.005876156501471996
frame_001532.png,frame_001533.png,0.12872722744941711,0.044639937579631805,0.10444271564483643,-0.059366531670093536,0.005727539770305157,-0.01267754565924406
frame_001533.png,frame_001534.png,0.1381639540195465,0.03905719518661499,0.09044773876667023,-0.060061126947402954,0.00541106890887022,-0.01833454892039299
frame_001534.png,frame_001535.png,0.14668169617652893,0.03271523863077164,0.08045618236064911,-0.06010075658559799,0.005237950943410397,-0.02388272061944008
frame_001535.png,frame_001536.png,0.14849500358104706,0.029549434781074524,0.08044314384460449,-0.06206601858139038,0.005152109079062939,-0.030245758593082428
frame_001536.png,frame_001537.png,0.1383802592754364,0.02376929670572281,0.0778072327375412,-0.06725945323705673,0.005099273286759853,-0.04214274883270264
frame_001537.png,frame_001538.png,0.108208566904068,0.012102767825126648,0.08315207064151764,-0.07462157309055328,0.005356433801352978,-0.051889240741729736
frame_001538.png,frame_001539.png,0.06439761817455292,-0.005294103175401688,0.08113543689250946,-0.07623609900474548,0.0041858842596411705,-0.060217373073101044
frame_001539.png,frame_001540.png,0.013168103992938995,-0.022350989282131195,0.07105483114719391,-0.07089204341173172,0.004014409147202969,-0.0692499577999115
frame_001540.png,frame_001541.png,-0.03174386918544769,-0.030383944511413574,0.06723812222480774,-0.0640203058719635,0.0060378191992640495,-0.07400618493556976
frame_001541.png,frame_001542.png,-0.06676620990037918,-0.03090757131576538,0.07002396881580353,-0.05982658639550209,0.008886686526238918,-0.07401922345161438
frame_001542.png,frame_001543.png,-0.09697774797677994,-0.02523980103433132,0.07680441439151764,-0.062495388090610504,0.010807848535478115,-0.070169597864151
frame_001543.png,frame_001544.png,-0.1179838702082634,-0.017748426645994186,0.084302619099617,-0.06517341732978821,0.012214734219014645,-0.06838405877351761
frame_001544.png,frame_001545.png,-0.12855643033981323,-0.010852666571736336,0.08911681175231934,-0.06496863812208176,0.012953965924680233,-0.06644576042890549
frame_001545.png,frame_001546.png,-0.13140395283699036,-0.004609346389770508,0.09344737231731415,-0.06342627853155136,0.013480274938046932,-0.06443127989768982
frame_001546.png,frame_001547.png,-0.13636350631713867,0.0026191622018814087,0.09952199459075928,-0.06405232101678848,0.01586184650659561,-0.06381320208311081
frame_001547.png,frame_001548.png,-0.14376604557037354,0.007755711674690247,0.10625524818897247,-0.06581879407167435,0.019272521138191223,-0.06379799544811249
frame_001548.png,frame_001549.png,-0.15411588549613953,0.01050669327378273,0.12045146524906158,-0.07004916667938232,0.021245144307613373,-0.06358129531145096
frame_001549.png,frame_001550.png,-0.1617039144039154,0.012641601264476776,0.130851149559021,-0.07539349794387817,0.024467643350362778,-0.062169406563043594
frame_001550.png,frame_001551.png,-0.16725581884384155,0.014549579471349716,0.13708476722240448,-0.08061319589614868,0.027087301015853882,-0.059240661561489105
frame_001551.png,frame_001552.png,-0.16538995504379272,0.014270029962062836,0.1328597366809845,-0.08466656506061554,0.029264912009239197,-0.05331280827522278
frame_001552.png,frame_001553.png,-0.16008707880973816,0.011011529713869095,0.11996355652809143,-0.08556733280420303,0.030014723539352417,-0.045233942568302155
frame_001553.png,frame_001554.png,-0.15065991878509521,0.008301086723804474,0.11020810902118683,-0.08213425427675247,0.030236326158046722,-0.03395533934235573
frame_001554.png,frame_001555.png,-0.13751178979873657,0.006511099636554718,0.10230009257793427,-0.07381246984004974,0.03120005875825882,-0.01841079443693161
frame_001555.png,frame_001556.png,-0.12329155951738358,0.004527591168880463,0.09743070602416992,-0.06441137939691544,0.03379375487565994,-0.01140481885522604
frame_001556.png,frame_001557.png,-0.11193748563528061,0.004808276891708374,0.0967114120721817,-0.058453574776649475,0.03583177551627159,-0.009194894693791866
frame_001557.png,frame_001558.png,-0.10230933874845505,0.004461653530597687,0.09637431800365448,-0.05592087283730507,0.03625323250889778,-0.00986123364418745
frame_001558.png,frame_001559.png,-0.0901043638586998,0.005067136138677597,0.09849090874195099,-0.049775198101997375,0.036677975207567215,-0.016712866723537445
frame_001559.png,frame_001560.png,-0.08193429559469223,0.006327122449874878,0.1067456603050232,-0.044574886560440063,0.03722354769706726,-0.02891399711370468
frame_001560.png,frame_001561.png,-0.0786198303103447,0.009247500449419022,0.12897127866744995,-0.04630732908844948,0.03702343627810478,-0.043488070368766785
frame_001561.png,frame_001562.png,-0.052136875689029694,0.01950979232788086,0.15575487911701202,-0.05300212651491165,0.03362586721777916,-0.0490645132958889
frame_001562.png,frame_001563.png,-0.014787815511226654,0.03190682828426361,0.1831013262271881,-0.05960504710674286,0.028043847531080246,-0.05117932707071304
frame_001563.png,frame_001564.png,0.00794384628534317,0.04086070507764816,0.2065066397190094,-0.059975765645504,0.023287128657102585,-0.0591512992978096
frame_001564.png,frame_001565.png,0.021092623472213745,0.043615080416202545,0.22213603556156158,-0.057993121445178986,0.020977135747671127,-0.06577053666114807
frame_001565.png,frame_001566.png,0.029532909393310547,0.043039850890636444,0.22726310789585114,-0.058370672166347504,0.01937248930335045,-0.07366682589054108
frame_001566.png,frame_001567.png,0.0359780415892601,0.04100175201892853,0.23691964149475098,-0.05940490961074829,0.01828354224562645,-0.07926774770021439
frame_001567.png,frame_001568.png,0.03820706158876419,0.037441693246364594,0.25324925780296326,-0.05948227643966675,0.017495840787887573,-0.08303041756153107
frame_001568.png,frame_001569.png,0.0394241064786911,0.03511424362659454,0.27081796526908875,-0.058003466576337814,0.017697513103485107,-0.08635549992322922
frame_001569.png,frame_001570.png,0.04581748694181442,0.037471458315849304,0.28810492157936096,-0.059148550033569336,0.018259353935718536,-0.090694859623909
frame_001570.png,frame_001571.png,0.01148984581232071,0.04201042652130127,0.27113965153694153,-0.08746501803398132,0.005009452812373638,-0.04662562161684036
frame_001571.png,frame_001572.png,-0.0014577209949493408,0.03627748042345047,0.3009505569934845,-0.07132966071367264,0.0027970848605036736,-0.019550565630197525
frame_001572.png,frame_001573.png,0.002721048891544342,0.041531264781951904,0.31421634554862976,-0.06579031050205231,0.004842950962483883,0.005219419486820698
frame_001573.png,frame_001574.png,0.003150932490825653,0.04763816297054291,0.30921217799186707,-0.07236525416374207,0.0043926602229475975,0.02314584329724312
frame_001574.png,frame_001575.png,0.06298172473907471,0.07246793061494827,0.3218245804309845,-0.1266416758298874,0.01219699066132307,0.03278156369924545
frame_001575.png,frame_001576.png,0.09231604635715485,0.07761437445878983,0.336664617061615,-0.10912422835826874,0.018068945035338402,-0.007589093409478664
frame_001576.png,frame_001577.png,0.0765790343284607,0.052814632654190063,0.3146544098854065,-0.08389796316623688,0.03154550865292549,-0.03089720755815506
frame_001577.png,frame_001578.png,0.07004281133413315,0.0376046821475029,0.30187752842903137,-0.06495975703001022,0.04082207381725311,-0.0354192815721035
frame_001578.png,frame_001579.png,0.05950387939810753,0.029711715877056122,0.3105330765247345,-0.05267566069960594,0.042949993163347244,-0.042765744030475616
frame_001579.png,frame_001580.png,0.04957665875554085,0.021633662283420563,0.3187440037727356,-0.04180208221077919,0.04179588705301285,-0.04776708409190178
frame_001580.png,frame_001581.png,0.05796588957309723,0.01794935017824173,0.327517032623291,-0.03347685560584068,0.03464667871594429,-0.04292171448469162
frame_001581.png,frame_001582.png,0.07183414697647095,0.015804603695869446,0.3326862156391144,-0.028001956641674042,0.03142065182328224,-0.02794942632317543
frame_001582.png,frame_001583.png,0.09576218575239182,0.020665451884269714,0.3261554539203644,-0.02316657081246376,0.03247249498963356,-0.024968799203634262
frame_001583.png,frame_001584.png,0.12459949404001236,0.028733983635902405,0.32749369740486145,-0.029654283076524734,0.03496403992176056,-0.05143570899963379
frame_001584.png,frame_001585.png,0.1150929182767868,0.03316381573677063,0.34828391671180725,-0.04104628413915634,0.034530770033597946,-0.057777851819992065
frame_001585.png,frame_001586.png,0.14561276137828827,0.03382375091314316,0.3180273473262787,-0.03451899066567421,0.03181037679314613,-0.03473846986889839
frame_001586.png,frame_001587.png,0.15446153283119202,0.03820066899061203,0.2911478877067566,-0.0394405834376812,0.029217008501291275,-0.03876444324851036
frame_001587.png,frame_001588.png,0.1688694953918457,0.04920043796300888,0.2607278525829315,-0.03487033769488335,0.021530376747250557,-0.030576899647712708
frame_001588.png,frame_001589.png,0.15916641056537628,0.0635722354054451,0.2690894603729248,-0.028196293860673904,0.022628434002399445,-0.029276952147483826
frame_001589.png,frame_001590.png,0.18583819270133972,0.0815296396613121,0.24802491068840027,-0.028829500079154968,0.019905125722289085,-0.03636414185166359
frame_001590.png,frame_001591.png,0.2191295325756073,0.09530668705701828,0.22773215174674988,-0.01903286948800087,0.015050358138978481,-0.007947535254061222
frame_001591.png,frame_001592.png,0.22769081592559814,0.1067342683672905,0.21106043457984924,-0.015760716050863266,0.009928851388394833,0.02777760475873947
frame_001592.png,frame_001593.png,0.24104559421539307,0.10152191668748856,0.19531959295272827,-0.01720432937145233,0.0021754754707217216,0.06408792734146118
frame_001593.png,frame_001594.png,0.23388633131980896,0.09456893056631088,0.1811835765838623,-0.02924978733062744,0.001656663604080677,0.08836477994918823
frame_001594.png,frame_001595.png,0.23713716864585876,0.10234887152910233,0.18562203645706177,-0.03969687595963478,0.004385874606668949,0.09619864076375961
frame_001595.png,frame_001596.png,0.2274785339832306,0.10734241455793381,0.18009765446186066,-0.054075587540864944,0.001291150227189064,0.09275444597005844
frame_001596.png,frame_001597.png,0.21825367212295532,0.11019151657819748,0.1684010773897171,-0.0633230060338974,0.0021683694794774055,0.0805467963218689
frame_001597.png,frame_001598.png,0.2087327539920807,0.1095939502120018,0.15334796905517578,-0.07260794937610626,0.0019318275153636932,0.06820075213909149
frame_001598.png,frame_001599.png,0.1930464804172516,0.10367103666067123,0.1465960443019867,-0.07821621000766754,0.0007375134155154228,0.0519503690302372
frame_001599.png,frame_001600.png,0.175480455160141,0.09797514230012894,0.14023977518081665,-0.08071588724851608,-0.0015014270320534706,0.04609028249979019
frame_001600.png,frame_001601.png,0.16286158561706543,0.09630904346704483,0.14089496433734894,-0.07468028366565704,-0.0020770318806171417,0.05472034215927124
frame_001601.png,frame_001602.png,0.15280689299106598,0.09928012639284134,0.17109166085720062,-0.058808933943510056,0.008262709714472294,0.05297255516052246
frame_001602.png,frame_001603.png,0.13295939564704895,0.10606073588132858,0.21798387169837952,-0.03503948822617531,0.0079471031203866,0.04507970064878464
frame_001603.png,frame_001604.png,0.1514272391796112,0.10507337003946304,0.20793944597244263,-0.030741769820451736,-0.0010567866265773773,0.0502970889210701
frame_001604.png,frame_001605.png,0.15591511130332947,0.0890558585524559,0.20589131116867065,-0.05671919882297516,-0.012833629734814167,0.01628849282860756
frame_001605.png,frame_001606.png,0.15220831334590912,0.09898409992456436,0.2109321653842926,-0.03904130682349205,-0.0033386284485459328,-0.021165762096643448
frame_001606.png,frame_001607.png,0.17253538966178894,0.08714144676923752,0.1614348292350769,-0.018016064539551735,-0.013623840175569057,-0.017743103206157684
frame_001607.png,frame_001608.png,0.1274777352809906,0.07217873632907867,0.24814313650131226,-0.07362323999404907,-0.0009761592373251915,-0.0754639282822609
frame_001608.png,frame_001609.png,0.0925840213894844,0.06706129014492035,0.2325473129749298,-0.04971586912870407,0.005197432823479176,-0.04224200174212456
frame_001609.png,frame_001610.png,0.09884746372699738,0.057946182787418365,0.20937564969062805,-0.040527962148189545,0.004733140580356121,-0.0029774298891425133
frame_001610.png,frame_001611.png,0.08400023728609085,0.057365626096725464,0.21693353354930878,-0.017447948455810547,0.01946573704481125,0.005023126490414143
frame_001611.png,frame_001612.png,0.09636364132165909,0.06462462991476059,0.21883836388587952,-0.032919030636548996,0.01888745278120041,0.0019461335614323616
frame_001612.png,frame_001613.png,0.11476433277130127,0.04912973940372467,0.20810002088546753,-0.05252915620803833,0.015604582615196705,0.004485077224671841
frame_001613.png,frame_001614.png,0.12779030203819275,0.03973657637834549,0.2073153555393219,-0.052577629685401917,0.016031276434659958,0.007371884770691395
frame_001614.png,frame_001615.png,0.13448165357112885,0.038391731679439545,0.2200368344783783,-0.052211225032806396,0.017674747854471207,0.016833968460559845
frame_001615.png,frame_001616.png,0.13098563253879547,0.03821961581707001,0.23396894335746765,-0.05814911797642708,0.01712987944483757,0.020596664398908615
frame_001616.png,frame_001617.png,0.12387518584728241,0.03609508275985718,0.24126192927360535,-0.05659298971295357,0.01473348867148161,0.017750564962625504
frame_001617.png,frame_001618.png,0.10924028605222702,0.03510601818561554,0.24906471371650696,-0.05703260377049446,0.01649748906493187,0.011602100916206837
frame_001618.png,frame_001619.png,0.07906633615493774,0.038377873599529266,0.2695195972919464,-0.06796957552433014,0.02273019403219223,0.0031269844621419907
frame_001619.png,frame_001620.png,0.05799424648284912,0.033835768699645996,0.27834248542785645,-0.07153422385454178,0.028360702097415924,0.006061228923499584
frame_001620.png,frame_001621.png,0.04357794672250748,0.030188992619514465,0.28337281942367554,-0.0798284262418747,0.03104279562830925,0.002886819653213024
frame_001621.png,frame_001622.png,0.011786669492721558,0.03490813076496124,0.2861637473106384,-0.09570052474737167,0.02681577205657959,-0.0045259189791977406
frame_001622.png,frame_001623.png,-0.015946485102176666,0.040949344635009766,0.2816307246685028,-0.11184488981962204,0.026452720165252686,0.0015568388625979424
frame_001623.png,frame_001624.png,-0.020486153662204742,0.049237824976444244,0.26522696018218994,-0.11311369389295578,0.022732682526111603,0.00043053552508354187
frame_001624.png,frame_001625.png,-0.01844538003206253,0.04714095592498779,0.24704590439796448,-0.12214844673871994,0.020367570221424103,0.010552947409451008
frame_001625.png,frame_001626.png,-0.00920753926038742,0.03954312950372696,0.24278947710990906,-0.130716010928154,0.015523280017077923,0.013554557226598263
frame_001626.png,frame_001627.png,-0.006427936255931854,0.02419036626815796,0.22332465648651123,-0.1327270120382309,0.014422371052205563,0.011269778944551945
frame_001627.png,frame_001628.png,-0.00024712085723876953,0.02075245976448059,0.21313230693340302,-0.1283389776945114,0.015695303678512573,0.011165364645421505
frame_001628.png,frame_001629.png,0.008287273347377777,0.0069092921912670135,0.14580664038658142,-0.11674365401268005,0.018065214157104492,0.0004622088745236397
frame_001629.png,frame_001630.png,0.014903970062732697,0.011845815926790237,0.1004248559474945,-0.11141332238912582,0.017299454659223557,0.01395439263433218
frame_001630.png,frame_001631.png,0.035682082176208496,0.030580870807170868,0.057050708681344986,-0.1201932281255722,0.008503220044076443,0.009239929728209972
frame_001631.png,frame_001632.png,0.014501385390758514,0.02763303369283676,0.0019674040377140045,-0.09971917420625687,0.006150274537503719,0.03586576133966446
frame_001632.png,frame_001633.png,-0.011450909078121185,0.0054041072726249695,-0.02472498267889023,-0.09555450081825256,0.0038222232833504677,0.061056725680828094
frame_001633.png,frame_001634.png,-0.03293517231941223,0.003112826496362686,-0.02761288732290268,-0.09453050047159195,0.002090989612042904,0.05950545519590378
frame_001634.png,frame_001635.png,-0.0674264207482338,-0.0029885321855545044,-0.029641885310411453,-0.09328964352607727,-0.007157842628657818,0.0467793345451355
frame_001635.png,frame_001636.png,-0.06350725144147873,-0.00995507463812828,-0.02780870348215103,-0.08871514350175858,-0.00298104714602232,0.04817214608192444
frame_001636.png,frame_001637.png,-0.09411066025495529,0.01306457445025444,0.0434546060860157,-0.08419841527938843,0.009889747016131878,0.024650268256664276
frame_001637.png,frame_001638.png,-0.10557188838720322,0.00580986961722374,0.05823501572012901,-0.05264447629451752,0.000874142162501812,0.06205495446920395
frame_001638.png,frame_001639.png,-0.09784740954637527,0.005858242511749268,0.048093441873788834,-0.05493596941232681,0.010407705791294575,0.09375770390033722
frame_001639.png,frame_001640.png,-0.0671277865767479,0.024929560720920563,0.023183908313512802,-0.0348837748169899,-0.0023791780695319176,0.07301793247461319
frame_001640.png,frame_001641.png,-0.05438574403524399,0.04393455386161804,0.005446281284093857,-0.03782808408141136,-0.006866403855383396,0.05769725143909454
frame_001641.png,frame_001642.png,-0.023695282638072968,0.044782161712646484,-0.009221162647008896,-0.06491357088088989,-0.025087393820285797,0.07778562605381012
frame_001642.png,frame_001643.png,-0.005696460604667664,0.04101351648569107,-0.02516816556453705,-0.05960259586572647,-0.03802506998181343,0.10266552865505219
frame_001643.png,frame_001644.png,0.011583715677261353,0.03344146907329559,-0.006709795445203781,-0.04606807604432106,-0.04224647209048271,0.11921766400337219
frame_001644.png,frame_001645.png,-0.01103200763463974,0.02769363671541214,0.05128097161650658,-0.03287547826766968,-0.03816214203834534,0.12411138415336609
frame_001645.png,frame_001646.png,-0.06472868472337723,0.021951191127300262,0.12333093583583832,-0.040743034332990646,-0.037381045520305634,0.12251217663288116
frame_001646.png,frame_001647.png,-0.09256123751401901,0.02327953279018402,0.19888827204704285,-0.04266846552491188,-0.03426867723464966,0.1171906590461731
frame_001647.png,frame_001648.png,-0.11222716420888901,0.02485031634569168,0.25987187027931213,-0.04001874104142189,-0.02855253592133522,0.10429307818412781
frame_001648.png,frame_001649.png,-0.1354067623615265,0.017821870744228363,0.28310903906822205,-0.02191964164376259,-0.025860987603664398,0.08952328562736511
frame_001649.png,frame_001650.png,-0.14520001411437988,0.008291803300380707,0.28655311465263367,-0.0205284021794796,-0.026247382164001465,0.07052044570446014
frame_001650.png,frame_001651.png,-0.14023390412330627,0.009090300649404526,0.28435978293418884,-0.023338966071605682,-0.030774354934692383,0.05790984630584717
frame_001651.png,frame_001652.png,-0.13394004106521606,0.01629605144262314,0.266314297914505,-0.018714487552642822,-0.035036616027355194,0.0369938388466835
frame_001652.png,frame_001653.png,-0.1613885462284088,0.022123098373413086,0.21855807304382324,-0.004586388822644949,-0.04050809144973755,0.011658643372356892
frame_001653.png,frame_001654.png,-0.19636878371238708,0.03168916702270508,0.16686883568763733,0.005979474633932114,-0.043324489146471024,-0.01830802857875824
frame_001654.png,frame_001655.png,-0.2125948965549469,0.04223036766052246,0.1288471221923828,0.009830298833549023,-0.042309243232011795,-0.03764648735523224
frame_001655.png,frame_001656.png,-0.2153579294681549,0.04795344918966293,0.10834994912147522,0.006719266064465046,-0.04250667244195938,-0.03981926292181015
frame_001656.png,frame_001657.png,-0.21138674020767212,0.0518118217587471,0.11029507219791412,-0.0004200506955385208,-0.04410812631249428,-0.04393695667386055
frame_001657.png,frame_001658.png,-0.19735893607139587,0.05654513090848923,0.1203387975692749,-0.011674889363348484,-0.044407155364751816,-0.04047660902142525
frame_001658.png,frame_001659.png,-0.17178016901016235,0.062307268381118774,0.1297437846660614,-0.024731464684009552,-0.04432480037212372,-0.03332275152206421
frame_001659.png,frame_001660.png,-0.15063729882240295,0.06344718486070633,0.13493779301643372,-0.027079828083515167,-0.04387423023581505,-0.024447306990623474
frame_001660.png,frame_001661.png,-0.1423732042312622,0.06729742139577866,0.14258477091789246,-0.030992791056632996,-0.044174663722515106,-0.025836527347564697
frame_001661.png,frame_001662.png,-0.1337084174156189,0.06968849152326584,0.1505085974931717,-0.05165787786245346,-0.04239603132009506,-0.027479369193315506
frame_001662.png,frame_001663.png,-0.13710615038871765,0.06757131963968277,0.1792769432067871,-0.060451336205005646,-0.03895914554595947,-0.037337303161621094
frame_001663.png,frame_001664.png,-0.15506520867347717,0.06403984874486923,0.22442936897277832,-0.08217013627290726,-0.035327304154634476,-0.045488037168979645
frame_001664.png,frame_001665.png,-0.15159490704536438,0.05424128472805023,0.2769281566143036,-0.07731667906045914,-0.025471486151218414,-0.04940328747034073
frame_001665.png,frame_001666.png,-0.17084342241287231,0.026144422590732574,0.32995864748954773,-0.046008531004190445,-0.012404185719788074,-0.04544546827673912
frame_001666.png,frame_001667.png,-0.1935732364654541,0.0075949206948280334,0.34900784492492676,-0.02131057158112526,-0.004325388930737972,-0.04627954959869385
frame_001667.png,frame_001668.png,-0.2008827030658722,0.006450146436691284,0.3516673147678375,-0.004185131751000881,-0.00014515314251184464,-0.04992905631661415
frame_001668.png,frame_001669.png,-0.19409886002540588,0.008333712816238403,0.36179837584495544,0.0007220907136797905,0.0035636937245726585,-0.04973839968442917
frame_001669.png,frame_001670.png,-0.19465574622154236,0.011814065277576447,0.37643006443977356,-4.336703568696976e-05,0.0037227747961878777,-0.04892808943986893
frame_001670.png,frame_001671.png,-0.20658040046691895,0.016864221543073654,0.39568689465522766,-0.004855564795434475,0.00564215611666441,-0.050769563764333725
frame_001671.png,frame_001672.png,-0.2199273407459259,0.017864301800727844,0.40533894300460815,-0.00659553986042738,0.005714890547096729,-0.05019150674343109
frame_001672.png,frame_001673.png,-0.22809097170829773,0.016594506800174713,0.4069680869579315,-0.007328725419938564,0.002737215720117092,-0.05148044228553772
frame_001673.png,frame_001674.png,-0.22506669163703918,0.014752477407455444,0.3930235207080841,-0.005023336969316006,0.0014939242973923683,-0.057870686054229736
frame_001674.png,frame_001675.png,-0.20701631903648376,0.013517506420612335,0.3732317090034485,0.0016258480027318,0.006143433041870594,-0.054985545575618744
frame_001675.png,frame_001676.png,-0.18293771147727966,0.015141554176807404,0.354535847902298,-0.005051611922681332,0.01667492464184761,-0.05104735493659973
frame_001676.png,frame_001677.png,-0.1618119478225708,0.019693944603204727,0.3425929546356201,-0.01572241261601448,0.02513466775417328,-0.048391081392765045
frame_001677.png,frame_001678.png,-0.13468560576438904,0.021619699895381927,0.3314470648765564,-0.020195510238409042,0.03706815093755722,-0.047027915716171265
frame_001678.png,frame_001679.png,-0.12459137290716171,0.021197877824306488,0.3076696991920471,-0.017242200672626495,0.042462676763534546,-0.05341016501188278
frame_001679.png,frame_001680.png,-0.13684239983558655,0.01730494573712349,0.26941218972206116,-0.0041969651356339455,0.03944104164838791,-0.06124845892190933
frame_001680.png,frame_001681.png,-0.15405216813087463,0.018117591738700867,0.23747512698173523,0.004526888020336628,0.030892375856637955,-0.06388122588396072
frame_001681.png,frame_001682.png,-0.178256094455719,0.013501185923814774,0.22006386518478394,0.007364894263446331,0.023171134293079376,-0.05842979997396469
frame_001682.png,frame_001683.png,-0.19994086027145386,-0.0011618323624134064,0.2058294713497162,0.012151564471423626,0.02003433182835579,-0.04879130423069
frame_001683.png,frame_001684.png,-0.22289082407951355,-0.016085445880889893,0.20283496379852295,0.011736507527530193,0.01886885240674019,-0.04652944952249527
frame_001684.png,frame_001685.png,-0.2363392412662506,-0.027608904987573624,0.2043522149324417,0.01505549717694521,0.01741606369614601,-0.043576836585998535
frame_001685.png,frame_001686.png,-0.24469396471977234,-0.037827420979738235,0.20396623015403748,0.014384432695806026,0.015382307581603527,-0.04602804780006409
frame_001686.png,frame_001687.png,-0.24531206488609314,-0.04124465212225914,0.20556852221488953,0.018614601343870163,0.012991453520953655,-0.04146937280893326
frame_001687.png,frame_001688.png,-0.24312511086463928,-0.045826505869627,0.205826073884964,0.01747889071702957,0.012990443967282772,-0.041600435972213745
frame_001688.png,frame_001689.png,-0.2393045425415039,-0.045253776013851166,0.2044096738100052,0.01781575009226799,0.013044125400483608,-0.042496632784605026
frame_001689.png,frame_001690.png,-0.23032653331756592,-0.043202176690101624,0.19953002035617828,0.01616622880101204,0.010049636475741863,-0.04801340401172638
frame_001690.png,frame_001691.png,-0.21147415041923523,-0.03566645830869675,0.1871001273393631,0.01180169079452753,0.007275029085576534,-0.0518803708255291
frame_001691.png,frame_001692.png,-0.18396642804145813,-0.022333575412631035,0.16866189241409302,0.010445394553244114,0.003325830213725567,-0.05237415060400963
frame_001692.png,frame_001693.png,-0.16309919953346252,-0.015153942629694939,0.16765284538269043,-0.0003968179225921631,8.139293640851974e-05,-0.05438290163874626
frame_001693.png,frame_001694.png,-0.15001922845840454,-0.01165785826742649,0.18713895976543427,-0.01598825305700302,-0.003515002317726612,-0.05595559626817703
frame_001694.png,frame_001695.png,-0.13544568419456482,-0.011705823242664337,0.21496304869651794,-0.02815815433859825,-0.002791852690279484,-0.05647096037864685
frame_001695.png,frame_001696.png,-0.12629500031471252,-0.012002941220998764,0.24638447165489197,-0.040161825716495514,-0.00046594906598329544,-0.05834430828690529
frame_001696.png,frame_001697.png,-0.12235207110643387,-0.01255752146244049,0.2762449085712433,-0.047854311764240265,-0.0011049704626202583,-0.06439785659313202
frame_001697.png,frame_001698.png,-0.1191200241446495,-0.01305265724658966,0.30294325947761536,-0.051041144877672195,-0.002406899817287922,-0.06763380765914917
frame_001698.png,frame_001699.png,-0.1151479110121727,-0.014076266437768936,0.32335662841796875,-0.05264083668589592,-0.0036188745871186256,-0.06825247406959534
frame_001699.png,frame_001700.png,-0.11381243914365768,-0.015336524695158005,0.3347853124141693,-0.054296962916851044,-0.0037167975679039955,-0.07159204035997391
frame_001700.png,frame_001701.png,-0.11375623196363449,-0.01565764658153057,0.3400241434574127,-0.052789632230997086,-0.0029292376711964607,-0.07446257770061493
frame_001701.png,frame_001702.png,-0.11060374230146408,-0.013519976288080215,0.343082994222641,-0.05382972210645676,-0.0016863523051142693,-0.07441059499979019
frame_001702.png,frame_001703.png,-0.10781880468130112,-0.00991056114435196,0.34463801980018616,-0.05477927625179291,-0.00016174744814634323,-0.07290162891149521
frame_001703.png,frame_001704.png,-0.10889371484518051,-0.006053991615772247,0.34676802158355713,-0.05560927838087082,0.00011703465133905411,-0.06844610720872879
frame_001704.png,frame_001705.png,-0.1090986505150795,-0.0022138170897960663,0.3514803349971771,-0.05681826174259186,-0.0003986479714512825,-0.06333623081445694
frame_001705.png,frame_001706.png,-0.1086779460310936,0.0010754354298114777,0.35984358191490173,-0.05820682644844055,0.00033879000693559647,-0.05768674984574318
frame_001706.png,frame_001707.png,-0.10732636600732803,0.0035736486315727234,0.3687141537666321,-0.06036439538002014,7.544737309217453e-05,-0.05416734516620636
frame_001707.png,frame_001708.png,-0.09804042428731918,0.007606491446495056,0.3789447247982025,-0.06459125876426697,-0.0003455718979239464,-0.050011325627565384
frame_001708.png,frame_001709.png,-0.08967944234609604,0.010849632322788239,0.3904387652873993,-0.06941594183444977,-0.0005278876051306725,-0.04877468943595886
frame_001709.png,frame_001710.png,-0.07606228440999985,0.01615702360868454,0.4058714807033539,-0.07647630572319031,-0.000714336521923542,-0.048825640231370926
frame_001710.png,frame_001711.png,-0.05834429711103439,0.021823368966579437,0.4234253466129303,-0.08654420077800751,0.0002815043553709984,-0.049817003309726715
frame_001711.png,frame_001712.png,-0.045257799327373505,0.0263543501496315,0.4361400306224823,-0.09357858449220657,0.0030018212273716927,-0.051221348345279694
frame_001712.png,frame_001713.png,-0.03333669155836105,0.03026813268661499,0.4463612139225006,-0.09614305943250656,0.006053362041711807,-0.05127323046326637
frame_001713.png,frame_001714.png,-0.023043997585773468,0.032646387815475464,0.4538472592830658,-0.09902903437614441,0.008475501090288162,-0.051556892693042755
frame_001714.png,frame_001715.png,-0.016746245324611664,0.03379650413990021,0.45790424942970276,-0.10137811303138733,0.010115335695445538,-0.05019107833504677
frame_001715.png,frame_001716.png,-0.013159610331058502,0.034226998686790466,0.45973244309425354,-0.10305635631084442,0.010598803870379925,-0.04924854263663292
frame_001716.png,frame_001717.png,-0.0117245614528656,0.03440757840871811,0.4600094258785248,-0.10369405150413513,0.010741112753748894,-0.047178965061903
frame_001717.png,frame_001718.png,-0.012532591819763184,0.034087084233760834,0.46218839287757874,-0.1047898530960083,0.011209698393940926,-0.046022679656744
frame_001718.png,frame_001719.png,-0.012009866535663605,0.032954148948192596,0.4636269509792328,-0.10523233562707901,0.011905815452337265,-0.04526445269584656
frame_001719.png,frame_001720.png,-0.009410582482814789,0.031424932181835175,0.4664899408817291,-0.10566560178995132,0.013532670214772224,-0.042826827615499496
frame_001720.png,frame_001721.png,-0.006457947194576263,0.028365179896354675,0.4687475264072418,-0.10550640523433685,0.01649191603064537,-0.039089884608983994
frame_001721.png,frame_001722.png,-0.0032814517617225647,0.02483285218477249,0.4693601727485657,-0.10526441037654877,0.020818479359149933,-0.03531500697135925
frame_001722.png,frame_001723.png,0.002858497202396393,0.023172147572040558,0.4632357060909271,-0.10396523773670197,0.02424825355410576,-0.03184843435883522
frame_001723.png,frame_001724.png,0.009559974074363708,0.022108741104602814,0.45547792315483093,-0.10418116301298141,0.026148833334445953,-0.028768308460712433
frame_001724.png,frame_001725.png,0.010899484157562256,0.0206267312169075,0.45039692521095276,-0.10473199188709259,0.028221603482961655,-0.02614012360572815
frame_001725.png,frame_001726.png,0.013971410691738129,0.019868947565555573,0.4442969262599945,-0.10339615494012833,0.0302530899643898,-0.023995738476514816
frame_001726.png,frame_001727.png,0.020500771701335907,0.020975686609745026,0.440051406621933,-0.10057383030653,0.03164563328027725,-0.02436380460858345
frame_001727.png,frame_001728.png,0.027851127088069916,0.021413400769233704,0.4337131977081299,-0.09812026470899582,0.03082197904586792,-0.02412181720137596
frame_001728.png,frame_001729.png,0.02942860871553421,0.02028808742761612,0.4287378191947937,-0.09807851910591125,0.029739636927843094,-0.021063026040792465
frame_001729.png,frame_001730.png,0.02744167298078537,0.017110735177993774,0.4247887432575226,-0.09898670762777328,0.02873571217060089,-0.021030213683843613
frame_001730.png,frame_001731.png,0.02837253361940384,0.014922261238098145,0.4202023446559906,-0.0960187092423439,0.02791028469800949,-0.018148697912693024
frame_001731.png,frame_001732.png,0.029909301549196243,0.016340486705303192,0.4163975715637207,-0.09364858269691467,0.026803910732269287,-0.013579358346760273
frame_001732.png,frame_001733.png,0.03173595666885376,0.019794277846813202,0.4128745496273041,-0.089813232421875,0.026685930788517,-0.011861852370202541
frame_001733.png,frame_001734.png,0.035554029047489166,0.025275573134422302,0.4100688397884369,-0.08373048901557922,0.02666468173265457,-0.009875158779323101
frame_001734.png,frame_001735.png,0.039931654930114746,0.030411817133426666,0.4069531261920929,-0.0776277631521225,0.02641192078590393,-0.008151336573064327
frame_001735.png,frame_001736.png,0.04366086423397064,0.0334978923201561,0.40768828988075256,-0.07587890326976776,0.026345234364271164,-0.0072102537378668785
frame_001736.png,frame_001737.png,0.049737975001335144,0.034832216799259186,0.4047829806804657,-0.07848848402500153,0.02541782334446907,-0.006568574346601963
frame_001737.png,frame_001738.png,0.05126252770423889,0.03617636114358902,0.40408405661582947,-0.08265306800603867,0.023821167647838593,-0.007134187035262585
frame_001738.png,frame_001739.png,0.05273972451686859,0.038861192762851715,0.4003857672214508,-0.08966478705406189,0.022563621401786804,-0.007916656322777271
frame_001739.png,frame_001740.png,0.05368455499410629,0.04422784596681595,0.39208999276161194,-0.09316499531269073,0.022703412920236588,-0.01286416407674551
frame_001740.png,frame_001741.png,0.05907612293958664,0.04776757210493088,0.38822826743125916,-0.09309348464012146,0.02265714854001999,-0.020938504487276077
frame_001741.png,frame_001742.png,0.06949354708194733,0.05312085896730423,0.38357076048851013,-0.09081253409385681,0.021700993180274963,-0.028465230017900467
frame_001742.png,frame_001743.png,0.07799221575260162,0.061252161860466,0.3806072771549225,-0.08493523299694061,0.020456422120332718,-0.03183989226818085
frame_001743.png,frame_001744.png,0.08875258266925812,0.06976170092821121,0.37554052472114563,-0.08127879351377487,0.023062944412231445,-0.029115281999111176
frame_001744.png,frame_001745.png,0.1350060999393463,0.0716865211725235,0.3575610816478729,-0.07768867909908295,0.024986661970615387,-0.030306126922369003
frame_001745.png,frame_001746.png,0.1917738914489746,0.07283223420381546,0.34029510617256165,-0.07447534799575806,0.022478289902210236,-0.035166457295417786
frame_001746.png,frame_001747.png,0.2376965880393982,0.07643038779497147,0.32801055908203125,-0.07289711385965347,0.016342677175998688,-0.04305766522884369
frame_001747.png,frame_001748.png,0.26421594619750977,0.08094242960214615,0.3186167776584625,-0.0763430967926979,0.00713724922388792,-0.05312331020832062
frame_001748.png,frame_001749.png,0.27100616693496704,0.08218749612569809,0.30990543961524963,-0.08232791721820831,-0.0018929680809378624,-0.0578458234667778
frame_001749.png,frame_001750.png,0.2671118676662445,0.08211085945367813,0.2982310950756073,-0.08890397101640701,-0.00824857596307993,-0.05860660970211029
frame_001750.png,frame_001751.png,0.25563758611679077,0.07961640506982803,0.28814786672592163,-0.09539082646369934,-0.011870441026985645,-0.05573255196213722
frame_001751.png,frame_001752.png,0.24235036969184875,0.07591504603624344,0.28064194321632385,-0.09749380499124527,-0.013149787671864033,-0.054779306054115295
frame_001752.png,frame_001753.png,0.2315768599510193,0.07273849844932556,0.27547767758369446,-0.09549108892679214,-0.01196588296443224,-0.05587838217616081
frame_001753.png,frame_001754.png,0.22710749506950378,0.07351457327604294,0.2686687707901001,-0.09253877401351929,-0.008940196596086025,-0.0598507896065712
frame_001754.png,frame_001755.png,0.228188157081604,0.07920920848846436,0.2530505657196045,-0.0887233167886734,-0.005146202631294727,-0.06277795135974884
frame_001755.png,frame_001756.png,0.22969698905944824,0.08639016002416611,0.23918065428733826,-0.07816681265830994,-0.0030548805370926857,-0.0471869595348835
frame_001756.png,frame_001757.png,0.21893835067749023,0.08845696598291397,0.23458662629127502,-0.06267277896404266,-0.0039403485134243965,-0.02731233835220337
frame_001757.png,frame_001758.png,0.20171263813972473,0.0899110659956932,0.2325059473514557,-0.050360579043626785,-0.007426098920404911,-0.009377474896609783
frame_001758.png,frame_001759.png,0.18110263347625732,0.09241261333227158,0.2349173128604889,-0.04638272896409035,-0.013469112105667591,0.006039137952029705
frame_001759.png,frame_001760.png,0.16390249133110046,0.09637615829706192,0.24142327904701233,-0.05194001644849777,-0.02191125601530075,0.015190769918262959
frame_001760.png,frame_001761.png,0.16306856274604797,0.09906668215990067,0.2364623248577118,-0.06078815460205078,-0.026741016656160355,0.0217820405960083
frame_001761.png,frame_001762.png,0.16015172004699707,0.09802151471376419,0.22495554387569427,-0.06841874867677689,-0.028185412287712097,0.02279890701174736
frame_001762.png,frame_001763.png,0.15342876315116882,0.09402460604906082,0.20016230642795563,-0.07177699357271194,-0.026918113231658936,0.02742704749107361
frame_001763.png,frame_001764.png,0.1503700613975525,0.08875652402639389,0.1644023358821869,-0.07660742104053497,-0.024827904999256134,0.03150021284818649
frame_001764.png,frame_001765.png,0.15257787704467773,0.08130579441785812,0.13774581253528595,-0.08441177010536194,-0.02436840906739235,0.033554136753082275
frame_001765.png,frame_001766.png,0.14925886690616608,0.07577253133058548,0.12231984734535217,-0.08830911666154861,-0.024463623762130737,0.03331466391682625
frame_001766.png,frame_001767.png,0.1472855657339096,0.07241299003362656,0.11364687979221344,-0.08858291804790497,-0.025666318833827972,0.02683747559785843
frame_001767.png,frame_001768.png,0.14899516105651855,0.07000567764043808,0.12306095659732819,-0.09330913424491882,-0.02782527729868889,0.021879013627767563
frame_001768.png,frame_001769.png,0.1494113653898239,0.06591054797172546,0.13805104792118073,-0.09552597999572754,-0.030920837074518204,0.0278865247964859
frame_001769.png,frame_001770.png,0.14608953893184662,0.06190791726112366,0.15098586678504944,-0.09582862257957458,-0.026971708983182907,0.03747394308447838
frame_001770.png,frame_001771.png,0.15502437949180603,0.0632103905081749,0.15238353610038757,-0.09179840236902237,-0.024213317781686783,0.05517624318599701
frame_001771.png,frame_001772.png,0.1611286699771881,0.06586993485689163,0.1441785842180252,-0.0859653651714325,-0.017994366586208344,0.059218019247055054
frame_001772.png,frame_001773.png,0.16966281831264496,0.07247751951217651,0.12423153221607208,-0.07723985612392426,-0.011868654750287533,0.06319022923707962
frame_001773.png,frame_001774.png,0.17613926529884338,0.07436124980449677,0.09478357434272766,-0.06717746704816818,-0.007877943105995655,0.06630395352840424
frame_001774.png,frame_001775.png,0.16866499185562134,0.07536543905735016,0.08372142910957336,-0.06199363246560097,-0.004878107458353043,0.06516783684492111
frame_001775.png,frame_001776.png,0.15551646053791046,0.07404249906539917,0.07943095266819,-0.05935494974255562,-0.0024970676749944687,0.058327771723270416
frame_001776.png,frame_001777.png,0.1472981572151184,0.07145126909017563,0.07611027359962463,-0.05756876617670059,-0.001892412081360817,0.05367054045200348
frame_001777.png,frame_001778.png,0.1417192816734314,0.06916673481464386,0.07234880328178406,-0.057592716068029404,-0.0007786313071846962,0.04897070303559303
frame_001778.png,frame_001779.png,0.138958141207695,0.06867320090532303,0.07282862067222595,-0.06235343962907791,0.0022930512204766273,0.043767355382442474
frame_001779.png,frame_001780.png,0.138369619846344,0.06730777025222778,0.08086611330509186,-0.06700249016284943,0.0026431847363710403,0.03836379200220108
frame_001780.png,frame_001781.png,0.14665311574935913,0.0663079097867012,0.08462211489677429,-0.07502540946006775,0.0028804922476410866,0.02827071025967598
frame_001781.png,frame_001782.png,0.15388043224811554,0.06368666887283325,0.0904615968465805,-0.07967429608106613,0.003369695972651243,0.02106279507279396
frame_001782.png,frame_001783.png,0.1576443761587143,0.06063888967037201,0.0988512933254242,-0.084375761449337,0.004190234933048487,0.016830861568450928
frame_001783.png,frame_001784.png,0.16477903723716736,0.058490775525569916,0.10644951462745667,-0.08854546397924423,0.004147322848439217,0.014825782738626003
frame_001784.png,frame_001785.png,0.16545182466506958,0.054508112370967865,0.1099102646112442,-0.09022223204374313,0.0029326770454645157,0.01333217415958643
frame_001785.png,frame_001786.png,0.160980224609375,0.046912550926208496,0.10880598425865173,-0.09217332303524017,0.003949979320168495,0.012439199723303318
frame_001786.png,frame_001787.png,0.15989017486572266,0.03917238861322403,0.10967256128787994,-0.09173739701509476,0.005167110823094845,0.015016813762485981
frame_001787.png,frame_001788.png,0.15532387793064117,0.03164243698120117,0.1138639897108078,-0.09204994142055511,0.00483231246471405,0.020710237324237823
frame_001788.png,frame_001789.png,0.14001362025737762,0.02457791566848755,0.11602823436260223,-0.08971770852804184,0.002847651019692421,0.01993132382631302
frame_001789.png,frame_001790.png,0.12254099547863007,0.018126696348190308,0.122933030128479,-0.08395446091890335,-0.0007482115179300308,0.019948359578847885
frame_001790.png,frame_001791.png,0.1047690212726593,0.01233767718076706,0.13296538591384888,-0.08085741102695465,-0.004563146270811558,0.023090533912181854
frame_001791.png,frame_001792.png,0.08703441917896271,0.007477443665266037,0.13954196870326996,-0.07828233391046524,-0.006366006098687649,0.02366311103105545
frame_001792.png,frame_001793.png,0.06212446838617325,-0.00020619481801986694,0.13862735033035278,-0.07396829128265381,-0.01039882842451334,0.02846910059452057
frame_001793.png,frame_001794.png,0.0396847128868103,-0.00654398649930954,0.1339905560016632,-0.07068119943141937,-0.012414823286235332,0.02813025563955307
frame_001794.png,frame_001795.png,0.024384573101997375,-0.007991455495357513,0.12954387068748474,-0.06654147803783417,-0.01204028818756342,0.029146384447813034
frame_001795.png,frame_001796.png,0.019406825304031372,-0.008177220821380615,0.12963277101516724,-0.06546571850776672,-0.012389452196657658,0.03220203518867493
frame_001796.png,frame_001797.png,0.02916465699672699,-0.0022083744406700134,0.1407662034034729,-0.06950613856315613,-0.01161681767553091,0.03442099317908287
frame_001797.png,frame_001798.png,0.04584382846951485,0.0075741782784461975,0.16390325129032135,-0.07844357192516327,-0.009146598167717457,0.03441407531499863
frame_001798.png,frame_001799.png,0.05481792986392975,0.01364639401435852,0.19762825965881348,-0.08507771790027618,-0.0064238933846354485,0.03388978913426399
frame_001799.png,frame_001800.png,0.06418952345848083,0.01534782350063324,0.22633570432662964,-0.08900659531354904,-0.0025824354961514473,0.03153085336089134
frame_001800.png,frame_001801.png,0.07223528623580933,0.016068272292613983,0.25431275367736816,-0.08611249923706055,0.0009079957380890846,0.026085376739501953
frame_001801.png,frame_001802.png,0.07494654506444931,0.015116661787033081,0.2848283350467682,-0.08010901510715485,0.0026722000911831856,0.020103298127651215
frame_001802.png,frame_001803.png,0.07488708943128586,0.01043393462896347,0.3072887659072876,-0.07517611235380173,0.0049519166350364685,0.0170980766415596
frame_001803.png,frame_001804.png,0.07472545653581619,0.003386031836271286,0.3225942552089691,-0.07096540927886963,0.007898888550698757,0.01718069240450859
frame_001804.png,frame_001805.png,0.07657035440206528,-0.0014568381011486053,0.3302428424358368,-0.07236838340759277,0.010399500839412212,0.017074592411518097
frame_001805.png,frame_001806.png,0.08419813960790634,0.002073567360639572,0.3323724567890167,-0.0777541846036911,0.009490114636719227,0.014559988863766193
frame_001806.png,frame_001807.png,0.08314819633960724,0.008088245987892151,0.3293583393096924,-0.07684564590454102,0.00847235880792141,0.008027060888707638
frame_001807.png,frame_001808.png,0.06533819437026978,0.012951657176017761,0.3246690332889557,-0.06868947297334671,0.009489716030657291,-0.00527223851531744
frame_001808.png,frame_001809.png,0.04485756903886795,0.019136328250169754,0.3151344358921051,-0.05955434590578079,0.011091827414929867,-0.014153740368783474
frame_001809.png,frame_001810.png,0.005067892372608185,0.01449749618768692,0.313057005405426,-0.045200642198324203,0.014073875732719898,-0.019683837890625
frame_001810.png,frame_001811.png,-0.029834501445293427,0.005932219326496124,0.3259746730327606,-0.041565123945474625,0.012792474590241909,-0.014869212172925472
frame_001811.png,frame_001812.png,-0.03590039163827896,5.8770179748535156e-05,0.3630155026912689,-0.040275976061820984,0.016216762363910675,-0.0023490330204367638
frame_001812.png,frame_001813.png,-0.018935278058052063,-0.007390119135379791,0.3954346776008606,-0.03156943991780281,0.017586883157491684,0.014297888614237309
frame_001813.png,frame_001814.png,0.0011196210980415344,-0.009621955454349518,0.41238030791282654,-0.020221542567014694,0.019645188003778458,0.028180263936519623
frame_001814.png,frame_001815.png,0.004190325736999512,-0.0010814592242240906,0.40239009261131287,-0.026642292737960815,0.007739502005279064,0.027822308242321014
frame_001815.png,frame_001816.png,0.0022120848298072815,0.003393039107322693,0.3775160610675812,-0.024958401918411255,-0.0035150768235325813,0.02374410256743431
frame_001816.png,frame_001817.png,0.015585653483867645,0.018954388797283173,0.3400178849697113,-0.015770547091960907,-0.016403507441282272,0.037645891308784485
frame_001817.png,frame_001818.png,0.0337739996612072,0.03631571680307388,0.29866620898246765,-0.009618128649890423,-0.028231948614120483,0.042795054614543915
frame_001818.png,frame_001819.png,0.04112464189529419,0.06594988703727722,0.2763849198818207,-0.007900814525783062,-0.02841610461473465,0.03315195441246033
frame_001819.png,frame_001820.png,0.008565396070480347,0.07880819588899612,0.28441861271858215,-0.015902213752269745,-0.029135718941688538,0.0384613536298275
frame_001820.png,frame_001821.png,0.005533158779144287,0.07595278322696686,0.30419883131980896,-0.02253878489136696,-0.02683199942111969,0.02859741821885109
frame_001821.png,frame_001822.png,0.004687301814556122,0.06900014728307724,0.3182820975780487,-0.029415175318717957,-0.02243630215525627,0.02285609021782875
frame_001822.png,frame_001823.png,0.03642633557319641,0.075934499502182,0.33676305413246155,-0.04326760768890381,-0.02741573005914688,0.03220324218273163
frame_001823.png,frame_001824.png,0.05845564603805542,0.0752120390534401,0.3354957103729248,-0.0445602610707283,-0.02549344301223755,0.03175142779946327
frame_001824.png,frame_001825.png,0.08464600145816803,0.06795793026685715,0.322704553604126,-0.032209787517786026,-0.011202995665371418,0.029192835092544556
frame_001825.png,frame_001826.png,0.10680368542671204,0.06904930621385574,0.33752062916755676,-0.03848003223538399,0.007427605334669352,0.023299697786569595
frame_001826.png,frame_001827.png,0.12872585654258728,0.06884006410837173,0.3613947927951813,-0.046853553503751755,0.022021319717168808,0.018433526158332825
frame_001827.png,frame_001828.png,0.14167994260787964,0.06866888701915741,0.3603708744049072,-0.04565037786960602,0.030136950314044952,0.013487043790519238
frame_001828.png,frame_001829.png,0.15460020303726196,0.06694308668375015,0.34947019815444946,-0.04638027399778366,0.03256896510720253,0.02101132646203041
frame_001829.png,frame_001830.png,0.13837483525276184,0.05455393344163895,0.3311013877391815,-0.05062635987997055,0.026788245886564255,0.03432203456759453
frame_001830.png,frame_001831.png,0.10722824931144714,0.0317649319767952,0.271249383687973,-0.04501287639141083,0.027096915990114212,0.046075526624917984
frame_001831.png,frame_001832.png,0.058972254395484924,0.010084226727485657,0.19766736030578613,-0.042428985238075256,0.024662818759679794,0.04078296571969986
frame_001832.png,frame_001833.png,0.000652998685836792,-0.0006883144378662109,0.13656088709831238,-0.035394087433815,0.018982499837875366,0.03157047554850578
frame_001833.png,frame_001834.png,-0.03349187970161438,-0.01552024856209755,0.1025378406047821,-0.03735097125172615,0.013130041770637035,0.02179381623864174
frame_001834.png,frame_001835.png,-0.021397389471530914,-0.017787940800189972,0.10594724118709564,-0.05367150157690048,0.01571861281991005,0.011188545264303684
frame_001835.png,frame_001836.png,-0.008592434227466583,-0.02294796332716942,0.1448603719472885,-0.07229283452033997,0.02125939354300499,0.005584021098911762
frame_001836.png,frame_001837.png,-0.004831157624721527,-0.018191520124673843,0.17028000950813293,-0.07860718667507172,0.024168945848941803,0.006557811982929707
frame_001837.png,frame_001838.png,0.012088119983673096,-0.0036868304014205933,0.18320682644844055,-0.07234495878219604,0.023995570838451385,0.007694036699831486
frame_001838.png,frame_001839.png,0.01422639936208725,-0.009409543126821518,0.20235052704811096,-0.05138993635773659,0.023307356983423233,0.004046355374157429
frame_001839.png,frame_001840.png,0.004113979637622833,-0.0324423611164093,0.2288515418767929,-0.03656700998544693,0.015665117651224136,-0.007771807722747326
frame_001840.png,frame_001841.png,-0.03649795800447464,-0.04857838898897171,0.26692909002304077,-0.039369188249111176,0.011239583604037762,-0.0013221343979239464
frame_001841.png,frame_001842.png,0.004163362085819244,-0.034681640565395355,0.30516424775123596,-0.036568161100149155,0.018586594611406326,0.007655610330402851
frame_001842.png,frame_001843.png,0.04876715689897537,-0.02630491927266121,0.3024826943874359,-0.0327109694480896,0.012703602202236652,0.038535479456186295
frame_001843.png,frame_001844.png,0.08292385190725327,-0.00958172231912613,0.29541870951652527,-0.037096086889505386,0.006099151447415352,0.06647613644599915
frame_001844.png,frame_001845.png,0.09606911242008209,-0.001867726445198059,0.28838682174682617,-0.03466198965907097,0.0069790491834282875,0.07607562839984894
frame_001845.png,frame_001846.png,0.08837876468896866,0.004584375768899918,0.3021358549594879,-0.026583176106214523,0.011670032516121864,0.07835763692855835
frame_001846.png,frame_001847.png,0.06670533120632172,0.01572900265455246,0.32933732867240906,-0.016848765313625336,0.013629687950015068,0.06970477104187012
frame_001847.png,frame_001848.png,0.05181962996721268,0.02143329381942749,0.3376811742782593,-0.011511155404150486,0.011451969854533672,0.05582837760448456
frame_001848.png,frame_001849.png,0.04140563681721687,0.019499443471431732,0.3393687903881073,-0.008573254570364952,0.008490953594446182,0.03416966274380684
frame_001849.png,frame_001850.png,0.03448866307735443,0.020793430507183075,0.3433662950992584,-0.005121554248034954,0.00585832167416811,0.012888061814010143
frame_001850.png,frame_001851.png,0.034931961447000504,0.01274874433875084,0.3334353566169739,0.001807759515941143,0.0071052322164177895,0.001795412041246891
frame_001851.png,frame_001852.png,0.039841488003730774,0.009713627398014069,0.31278833746910095,0.004308843053877354,0.006665804423391819,-0.0009397966787219048
frame_001852.png,frame_001853.png,0.05187472701072693,0.013718899339437485,0.2738208770751953,0.013690331019461155,0.0028557060286402702,0.007476613856852055
frame_001853.png,frame_001854.png,0.07100081443786621,0.01768067479133606,0.2309403121471405,0.018583986908197403,0.0007888982072472572,0.015116068534553051
frame_001854.png,frame_001855.png,0.09053697437047958,0.027687974274158478,0.17784972488880157,0.014850051142275333,-0.0028841719031333923,0.015190635807812214
frame_001855.png,frame_001856.png,0.10102367401123047,0.035434164106845856,0.13081848621368408,0.009230983443558216,-0.006260508671402931,0.005601887591183186
frame_001856.png,frame_001857.png,0.09422516822814941,0.04162684828042984,0.11627987027168274,0.0020050154998898506,-0.010254585184156895,-0.002009265124797821
frame_001857.png,frame_001858.png,0.06969040632247925,0.04062231630086899,0.1353013962507248,-0.007263620384037495,-0.013065063394606113,0.00720414612442255
frame_001858.png,frame_001859.png,0.04766567423939705,0.042792074382305145,0.18871892988681793,-0.019748177379369736,-0.0037919366732239723,0.028123237192630768
frame_001859.png,frame_001860.png,-0.0002153739333152771,0.029590189456939697,0.2809596359729767,-0.05204741284251213,0.002601134590804577,0.03626128286123276
frame_001860.png,frame_001861.png,-0.03442760556936264,0.026064962148666382,0.3636441230773926,-0.04717548191547394,0.0017327526584267616,0.06871995329856873
frame_001861.png,frame_001862.png,-0.02657025307416916,0.02523905783891678,0.4011419713497162,-0.0392373651266098,-0.003796088509261608,0.09269901365041733
frame_001862.png,frame_001863.png,-0.03828572481870651,0.002776268869638443,0.40328237414360046,-0.0480693019926548,-0.00251885037869215,0.06698677688837051
frame_001863.png,frame_001864.png,-0.01634911447763443,-0.010805424302816391,0.33351895213127136,-0.019971033558249474,0.010744149796664715,0.07032511383295059
frame_001864.png,frame_001865.png,0.013442300260066986,0.005614615976810455,0.2632634937763214,0.0060372017323970795,-0.001001720316708088,0.07400377094745636
frame_001865.png,frame_001866.png,0.03891567140817642,0.02541779726743698,0.23373422026634216,0.005259904079139233,-0.01248823944479227,0.09523724764585495
frame_001866.png,frame_001867.png,0.05715010315179825,0.026262469589710236,0.21795985102653503,-0.021881889551877975,-0.005786243826150894,0.09649895131587982
frame_001867.png,frame_001868.png,0.08034341782331467,0.018074117600917816,0.1955413818359375,-0.04953379184007645,-0.0006529437378048897,0.08865486830472946
frame_001868.png,frame_001869.png,0.08793076127767563,0.017887063324451447,0.18785123527050018,-0.061942681670188904,-0.00043954234570264816,0.07172659039497375
frame_001869.png,frame_001870.png,0.08029986917972565,0.018179945647716522,0.19228704273700714,-0.06329751014709473,0.0010396474972367287,0.05388668179512024
frame_001870.png,frame_001871.png,0.05013357102870941,0.011455699801445007,0.19288915395736694,-0.061612922698259354,-0.0034853005781769753,0.05624870955944061
frame_001871.png,frame_001872.png,0.01914379745721817,-0.00027050822973251343,0.21236899495124817,-0.05220496281981468,-0.0017788847908377647,0.0324753001332283
frame_001872.png,frame_001873.png,0.002529047429561615,-0.010024555027484894,0.19260597229003906,-0.05451127514243126,-0.014280461706221104,0.037397511303424835
frame_001873.png,frame_001874.png,-0.007975645363330841,-0.011327944695949554,0.1953549087047577,-0.0754161924123764,-0.018942322582006454,0.004320456646382809
frame_001874.png,frame_001875.png,-0.024520747363567352,-0.016710489988327026,0.22054417431354523,-0.08367566019296646,-0.02690417319536209,0.021672837436199188
frame_001875.png,frame_001876.png,-0.019936293363571167,-0.007005065679550171,0.2148694396018982,-0.07959616929292679,-0.0402650311589241,0.04349331185221672
frame_001876.png,frame_001877.png,-0.04529895633459091,0.02430649846792221,0.21719977259635925,-0.07716619223356247,-0.038740552961826324,0.031575918197631836
frame_001877.png,frame_001878.png,-0.001381412148475647,0.044815197587013245,0.1871812641620636,-0.06288322806358337,-0.039892930537462234,-0.003271571360528469
frame_001878.png,frame_001879.png,0.033794984221458435,0.06503026932477951,0.21733051538467407,-0.07214656472206116,-0.029847078025341034,-0.03696155548095703
frame_001879.png,frame_001880.png,0.06647206842899323,0.0608694851398468,0.21186886727809906,-0.07660562545061111,-0.025682900100946426,-0.04854251444339752
frame_001880.png,frame_001881.png,0.055722676217556,0.07027550786733627,0.21744492650032043,-0.03633035719394684,-0.01084109116345644,0.008557810448110104
frame_001881.png,frame_001882.png,-0.020046092569828033,0.058385543525218964,0.2011711448431015,-0.03005252778530121,-0.0013160007074475288,0.08756040036678314
frame_001882.png,frame_001883.png,-0.10785248130559921,0.023076899349689484,0.1601112186908722,-0.025469832122325897,-0.006303709931671619,0.10450206696987152
frame_001883.png,frame_001884.png,-0.1635439097881317,0.007504519075155258,0.10571692883968353,-0.03961382061243057,-0.006452747620642185,0.0431586392223835
frame_001884.png,frame_001885.png,-0.20358231663703918,0.017487145960330963,0.1195734441280365,-0.05364788696169853,-0.02264190837740898,0.05619239807128906
frame_001885.png,frame_001886.png,-0.2470736801624298,0.027875199913978577,0.17235200107097626,-0.042653001844882965,-0.030593350529670715,0.041680872440338135
frame_001886.png,frame_001887.png,-0.19316896796226501,0.027849845588207245,0.21894991397857666,-0.04912874847650528,-0.014495850540697575,0.0014202306047081947
frame_001887.png,frame_001888.png,-0.1616097390651703,0.06918098032474518,0.2454829216003418,-0.06911230087280273,-0.012575163505971432,0.03303820639848709
frame_001888.png,frame_001889.png,-0.08141788095235825,0.06519819051027298,0.22638756036758423,-0.12279978394508362,0.005267615430057049,-0.009909301064908504
frame_001889.png,frame_001890.png,0.016602106392383575,0.05050106346607208,0.14478424191474915,-0.1293698251247406,0.007493132725358009,0.02470032498240471
frame_001890.png,frame_001891.png,0.02646452933549881,0.06007841229438782,0.06368537247180939,-0.06012900546193123,0.014205246232450008,0.05084587633609772
frame_001891.png,frame_001892.png,-0.07682066410779953,0.036954425275325775,0.10327896475791931,-0.04200567677617073,0.015009647235274315,0.07699524611234665
frame_001892.png,frame_001893.png,-0.08674072474241257,0.023907028138637543,0.0468289814889431,-0.06160614639520645,0.002586656715720892,0.05685318261384964
frame_001893.png,frame_001894.png,-0.10305077582597733,0.02320481836795807,0.04465867951512337,-0.08094704896211624,0.00424461904913187,0.07517878711223602
frame_001894.png,frame_001895.png,-0.09351649135351181,0.03308381885290146,0.09396284818649292,-0.07929234206676483,0.01059891190379858,0.0444299578666687
frame_001895.png,frame_001896.png,-0.08755107969045639,0.036978088319301605,0.14507737755775452,-0.06675908714532852,-0.004960463382303715,0.02118225395679474
frame_001896.png,frame_001897.png,-0.08244141191244125,0.03667202591896057,0.1963818073272705,-0.0738636776804924,-0.007314012385904789,0.03571383282542229
frame_001897.png,frame_001898.png,-0.06035279482603073,0.02989785373210907,0.17088696360588074,-0.08508386462926865,0.004079251550137997,0.06506738811731339
frame_001898.png,frame_001899.png,-0.033385105431079865,0.027553357183933258,0.14525672793388367,-0.06396505236625671,0.006599457003176212,0.08056233823299408
frame_001899.png,frame_001900.png,-0.031918324530124664,0.02800547331571579,0.1608421504497528,-0.06393078714609146,-0.0001418786123394966,0.12567377090454102
frame_001900.png,frame_001901.png,-0.03440489619970322,0.0289837047457695,0.1807786226272583,-0.07586164772510529,-0.0025279177352786064,0.1141493171453476
frame_001901.png,frame_001902.png,-0.017571397125720978,0.028640680015087128,0.2084353119134903,-0.08104211091995239,-0.0008797431364655495,0.08697773516178131
frame_001902.png,frame_001903.png,-0.00899302214384079,0.029001004993915558,0.24541917443275452,-0.0845775380730629,0.00547416415065527,0.0800236165523529
frame_001903.png,frame_001904.png,-0.011260278522968292,0.03680606931447983,0.2801203429698944,-0.08589725196361542,0.008090480230748653,0.07601092755794525
frame_001904.png,frame_001905.png,-0.029087930917739868,0.039151743054389954,0.2874090373516083,-0.08923608064651489,0.006285070441663265,0.07679809629917145
frame_001905.png,frame_001906.png,-0.05608256906270981,0.041397444903850555,0.2836461365222931,-0.08833006769418716,-0.0013880925253033638,0.07625924050807953
frame_001906.png,frame_001907.png,-0.06285589188337326,0.04355354607105255,0.2726946771144867,-0.09414948523044586,-0.0027267197147011757,0.07107144594192505
frame_001907.png,frame_001908.png,-0.0597769096493721,0.05080753564834595,0.259957492351532,-0.08287028968334198,-0.006885943002998829,0.08697579801082611
frame_001908.png,frame_001909.png,-0.044172756373882294,0.029173552989959717,0.21892571449279785,-0.08523299545049667,-0.007516368292272091,0.08355282992124557
frame_001909.png,frame_001910.png,-0.030321724712848663,0.02319169044494629,0.1833542287349701,-0.078861303627491,-0.020863473415374756,0.06006141006946564
frame_001910.png,frame_001911.png,0.015608862042427063,0.04270247370004654,0.1804095059633255,-0.07962555438280106,-0.020959701389074326,0.024748563766479492
frame_001911.png,frame_001912.png,0.018452607095241547,0.054892607033252716,0.16184097528457642,-0.05905603617429733,-0.015165491960942745,0.038669802248477936
frame_001912.png,frame_001913.png,0.027444839477539062,0.05116816610097885,0.12295567989349365,-0.04837089776992798,-0.0050677163526415825,0.04866158217191696
frame_001913.png,frame_001914.png,0.04297187551856041,0.050773583352565765,0.09809520840644836,-0.043998535722494125,0.007769140414893627,0.025172151625156403
frame_001914.png,frame_001915.png,0.10258738696575165,0.06310085207223892,0.12600719928741455,-0.06799875199794769,0.0026230188086628914,0.04965915530920029
frame_001915.png,frame_001916.png,0.060956262052059174,0.07654314488172531,0.21245956420898438,-0.10294882953166962,0.0003234138712286949,0.05336136370897293
frame_001916.png,frame_001917.png,0.0805993527173996,0.0705360546708107,0.21484887599945068,-0.08723989874124527,0.006259367801249027,0.03027348220348358
frame_001917.png,frame_001918.png,0.08533063530921936,0.06589687615633011,0.22072111070156097,-0.03538050875067711,0.007957498542964458,0.053223028779029846
frame_001918.png,frame_001919.png,0.04361123591661453,0.08030375093221664,0.24258214235305786,-0.03354901075363159,-0.008387510664761066,0.04734804481267929
frame_001919.png,frame_001920.png,0.03450530767440796,0.08317507058382034,0.2363618016242981,-0.02528538927435875,-0.025253020226955414,0.03567515313625336
frame_001920.png,frame_001921.png,-4.8391520977020264e-05,0.08662099391222,0.2500295341014862,-0.04673220217227936,-0.011866631917655468,0.021398726850748062
frame_001921.png,frame_001922.png,-0.048346810042858124,0.04607179015874863,0.18039950728416443,-0.04250144213438034,-0.003857162781059742,0.036466024816036224
frame_001922.png,frame_001923.png,-0.09508036822080612,0.021966077387332916,0.14814767241477966,-0.05038392171263695,-0.0015101069584488869,0.06333989650011063
frame_001923.png,frame_001924.png,-0.13279256224632263,0.01368025690317154,0.12242478132247925,-0.07295583933591843,0.008793129585683346,0.04884864762425423
frame_001924.png,frame_001925.png,-0.12334924191236496,0.0008526705205440521,0.09157092869281769,-0.07720133662223816,0.009023270569741726,0.03646514192223549
frame_001925.png,frame_001926.png,-0.0983395054936409,0.011265333741903305,0.0639113038778305,-0.0682293251156807,0.016854293644428253,0.06056107580661774
frame_001926.png,frame_001927.png,-0.13064223527908325,0.005088202655315399,0.08007241785526276,-0.08388283848762512,0.018489312380552292,0.059212252497673035
frame_001927.png,frame_001928.png,-0.11947851628065109,0.0050135403871536255,0.11816972494125366,-0.07557867467403412,0.019516948610544205,0.03308352082967758
frame_001928.png,frame_001929.png,-0.13454729318618774,0.012161120772361755,0.174238920211792,-0.10594876855611801,0.013079705648124218,0.012722502462565899
frame_001929.png,frame_001930.png,-0.1551799476146698,0.015906736254692078,0.21299970149993896,-0.1067328155040741,0.011241971515119076,0.014517492614686489
frame_001930.png,frame_001931.png,-0.1604481339454651,0.00015748292207717896,0.23943349719047546,-0.10329333692789078,0.007603066973388195,0.012118597514927387
frame_001931.png,frame_001932.png,-0.1570459008216858,-0.009206246584653854,0.23914256691932678,-0.08258146792650223,0.009084350429475307,0.004092077724635601
frame_001932.png,frame_001933.png,-0.1668710708618164,-0.019870221614837646,0.2550343871116638,-0.07326053828001022,0.005638527683913708,-0.010261614806950092
frame_001933.png,frame_001934.png,-0.17089763283729553,-0.028174014762043953,0.2706497311592102,-0.08683468401432037,0.00816855113953352,0.011557036079466343
frame_001934.png,frame_001935.png,-0.18739929795265198,-0.02876068279147148,0.2889295518398285,-0.09583793580532074,0.009757398627698421,0.003774319775402546
frame_001935.png,frame_001936.png,-0.19373229146003723,-0.02129485085606575,0.316568523645401,-0.10790602117776871,0.006142026744782925,-0.00452019926160574
frame_001936.png,frame_001937.png,-0.2228199541568756,-0.014562839642167091,0.32646384835243225,-0.11780279129743576,0.014179038815200329,-0.005839473567903042
frame_001937.png,frame_001938.png,-0.22820648550987244,-0.006851892918348312,0.35718682408332825,-0.11144768446683884,0.010850789956748486,-0.02715655416250229
frame_001938.png,frame_001939.png,-0.20960113406181335,-0.008320879191160202,0.3473605811595917,-0.09447939693927765,0.015178333036601543,-0.006325080059468746
frame_001939.png,frame_001940.png,-0.17535269260406494,-0.015216808766126633,0.29782721400260925,-0.08411885052919388,0.021085195243358612,0.0026248814538121223
frame_001940.png,frame_001941.png,-0.12494274228811264,-0.013011917471885681,0.32694679498672485,-0.09327490627765656,0.036436062306165695,-0.009397747926414013
frame_001941.png,frame_001942.png,-0.043138109147548676,-0.0006226524710655212,0.316629558801651,-0.07495222240686417,0.02307010442018509,-0.0009579909965395927
frame_001942.png,frame_001943.png,0.016727395355701447,0.009269028902053833,0.2974235415458679,-0.04705909267067909,0.00950117502361536,0.009402823634445667
frame_001943.png,frame_001944.png,0.04315761849284172,0.030915819108486176,0.3189932405948639,-0.03383349999785423,0.010245551355183125,-0.004297154955565929
frame_001944.png,frame_001945.png,0.019345536828041077,0.04364226758480072,0.3508090376853943,-0.04838303476572037,0.01369625423103571,-0.025970831513404846
frame_001945.png,frame_001946.png,0.04201415553689003,0.04911743104457855,0.37474021315574646,-0.04065294191241264,0.02328285202383995,-0.0019557764753699303
frame_001946.png,frame_001947.png,0.056862056255340576,0.06027109920978546,0.33824092149734497,-0.01814500242471695,0.024924810975790024,-0.016247916966676712
frame_001947.png,frame_001948.png,0.02594400942325592,0.04104933142662048,0.3261370062828064,-0.03667131066322327,0.01393458154052496,-0.0015595508739352226
frame_001948.png,frame_001949.png,0.010514996945858002,0.03293297439813614,0.3217397630214691,-0.028300397098064423,-0.009914974682033062,0.053803950548172
frame_001949.png,frame_001950.png,0.04057884216308594,0.06576678901910782,0.26750192046165466,0.018292658030986786,-0.0006960323080420494,0.0154507951810956
frame_001950.png,frame_001951.png,0.03456573933362961,0.07601745426654816,0.24771377444267273,-0.04310855269432068,-0.011911612935364246,0.028421707451343536
frame_001951.png,frame_001952.png,-0.012277193367481232,0.05556800216436386,0.22392559051513672,-0.07241383194923401,-0.01801586151123047,0.07653641700744629
frame_001952.png,frame_001953.png,-0.06290226429700851,0.011197544634342194,0.2512946128845215,-0.08441124111413956,-0.025767162442207336,0.05500112473964691
frame_001953.png,frame_001954.png,-0.036543600261211395,0.020790159702301025,0.19649557769298553,-0.03294594585895538,-0.00401992816478014,-0.008592885918915272
frame_001954.png,frame_001955.png,-0.08072926849126816,0.03977837413549423,0.23407962918281555,-0.022717371582984924,-0.011783490888774395,-0.0173020139336586
frame_001955.png,frame_001956.png,-0.10408248752355576,0.04041747748851776,0.2383275330066681,-0.04666459560394287,-0.00021747220307588577,-0.012121967040002346
frame_001956.png,frame_001957.png,-0.06925805658102036,0.045998744666576385,0.2477269470691681,-0.07448149472475052,-0.0005548996850848198,0.04931537061929703
frame_001957.png,frame_001958.png,-0.072091244161129,0.025515109300613403,0.1517738401889801,-0.052641499787569046,-0.001848236657679081,0.042482078075408936
frame_001958.png,frame_001959.png,-0.09512712806463242,0.008172936737537384,0.07598234713077545,-0.030260462313890457,0.0026031332090497017,-0.01804989203810692
frame_001959.png,frame_001960.png,-0.1417224407196045,0.020983092486858368,0.07948359847068787,-0.03969486802816391,-0.007115841843187809,-0.06267760694026947
frame_001960.png,frame_001961.png,-0.10554350167512894,0.031690292060375214,0.1035865992307663,-0.04603172838687897,0.004610884003341198,-0.019203145056962967
frame_001961.png,frame_001962.png,-0.05755899101495743,0.01565294712781906,0.11600962281227112,-0.09066645056009293,0.01682405173778534,0.02175018936395645
frame_001962.png,frame_001963.png,-0.040602169930934906,0.0327555388212204,0.17345976829528809,-0.12518765032291412,0.04040738195180893,0.0007165977731347084
frame_001963.png,frame_001964.png,-0.007422782480716705,0.04265180230140686,0.2308182418346405,-0.15318739414215088,0.05114424228668213,0.01607193797826767
frame_001964.png,frame_001965.png,-0.007282331585884094,0.026267848908901215,0.19570347666740417,-0.14043016731739044,0.035455815494060516,0.05405338108539581
frame_001965.png,frame_001966.png,0.018345288932323456,0.03459375351667404,0.2102750539779663,-0.11900119483470917,0.023242201656103134,0.08921651542186737
frame_001966.png,frame_001967.png,0.012892499566078186,0.036122605204582214,0.23634204268455505,-0.08947095274925232,0.02040419727563858,0.04473906010389328
frame_001967.png,frame_001968.png,0.05229560658335686,0.05642180144786835,0.24355140328407288,-0.08395307511091232,0.01568448543548584,0.010288582183420658
frame_001968.png,frame_001969.png,0.10167551785707474,0.05454384535551071,0.25974810123443604,-0.022024936974048615,-0.0022998424246907234,0.08085159957408905
frame_001969.png,frame_001970.png,0.08804986625909805,0.06426694244146347,0.32714763283729553,-0.030366022139787674,-0.009015259332954884,0.05509944260120392
frame_001970.png,frame_001971.png,0.12570486962795258,0.09032813459634781,0.2868902087211609,-0.052204445004463196,0.011922544799745083,0.010913006030023098
frame_001971.png,frame_001972.png,0.1601673662662506,0.0963025614619255,0.2725845277309418,-0.06475058197975159,0.00415628869086504,-0.0049537187442183495
frame_001972.png,frame_001973.png,0.18086668848991394,0.0888788178563118,0.20363342761993408,-0.04218529537320137,0.002191913779824972,-0.024583186954259872
frame_001973.png,frame_001974.png,0.23813027143478394,0.08534460514783859,0.1893111765384674,-0.05271754041314125,-0.010452684946358204,-0.011168335564434528
frame_001974.png,frame_001975.png,0.18913677334785461,0.08904390782117844,0.1875043362379074,-0.0708189457654953,-0.012305443175137043,-0.012193301692605019
frame_001975.png,frame_001976.png,0.15517672896385193,0.08433205634355545,0.20271602272987366,-0.03737296164035797,-0.017824094742536545,0.0401807576417923
frame_001976.png,frame_001977.png,0.1440308690071106,0.08623252063989639,0.22461698949337006,-0.03168557211756706,-0.023193862289190292,0.06378217041492462
frame_001977.png,frame_001978.png,0.11324266344308853,0.0799289122223854,0.2703545391559601,-0.06045649200677872,-0.016652792692184448,0.004491363652050495
frame_001978.png,frame_001979.png,0.06306430697441101,0.05678987503051758,0.2972573935985565,-0.051157183945178986,-0.011638686992228031,-0.04444471001625061
frame_001979.png,frame_001980.png,-0.0019045621156692505,0.023854099214076996,0.3607800304889679,-0.05646347999572754,-0.012022593058645725,-0.03935397416353226
frame_001980.png,frame_001981.png,-0.026098720729351044,-0.0001833103597164154,0.36315101385116577,-0.03029962256550789,-0.016592644155025482,-0.03488288074731827
frame_001981.png,frame_001982.png,-0.043919436633586884,-0.0045462921261787415,0.3340195119380951,0.009433657862246037,-0.022374410182237625,-0.004943612031638622
frame_001982.png,frame_001983.png,-0.04038003832101822,0.020663760602474213,0.2842109501361847,0.0202183835208416,-0.026810236275196075,0.02879960462450981
frame_001983.png,frame_001984.png,-0.01832229644060135,0.029131852090358734,0.2473880648612976,-0.0018685432150959969,-0.01993611827492714,0.021777551621198654
frame_001984.png,frame_001985.png,0.010559320449829102,0.03120889514684677,0.21741746366024017,-0.008298058994114399,-0.010984866879880428,0.024402044713497162
frame_001985.png,frame_001986.png,0.029761631041765213,0.01351323351264,0.17567580938339233,-0.013176781125366688,-0.010257563553750515,0.037460364401340485
frame_001986.png,frame_001987.png,0.05064145103096962,0.0003707893192768097,0.15142571926116943,-0.0024765366688370705,-0.003175719641149044,0.03948327153921127
frame_001987.png,frame_001988.png,0.03486517444252968,-0.009088963270187378,0.10907542705535889,-5.5604614317417145e-05,0.0037477873265743256,0.03109518438577652
frame_001988.png,frame_001989.png,0.01168651133775711,-0.0006165318191051483,0.1079220324754715,-0.0008016200736165047,0.006953215226531029,0.026910856366157532
frame_001989.png,frame_001990.png,0.004267983138561249,0.02504606544971466,0.1268375813961029,-0.006212941370904446,0.004815832711756229,0.03192707523703575
frame_001990.png,frame_001991.png,0.015181384980678558,0.03714852035045624,0.10621114075183868,-0.018312998116016388,0.004733143374323845,0.02858257293701172
frame_001991.png,frame_001992.png,0.04644779860973358,0.051774762570858,0.08642664551734924,-0.02031310275197029,0.0014384295791387558,0.025844112038612366
frame_001992.png,frame_001993.png,0.06957301497459412,0.07411786168813705,0.08178475499153137,-0.025343477725982666,0.0032188938930630684,0.02585342526435852
frame_001993.png,frame_001994.png,0.06107786297798157,0.07469210773706436,0.11505664885044098,-0.04453325271606445,0.0019050929695367813,0.017587024718523026
frame_001994.png,frame_001995.png,0.06626024842262268,0.0774717703461647,0.1144959032535553,-0.053690243512392044,0.004439487121999264,0.025258414447307587
frame_001995.png,frame_001996.png,0.062065377831459045,0.07355834543704987,0.1381087601184845,-0.05679633840918541,0.007624720688909292,0.02471039816737175
frame_001996.png,frame_001997.png,0.05346255376935005,0.06003144383430481,0.14384645223617554,-0.06943078339099884,0.009958052076399326,0.03861948847770691
frame_001997.png,frame_001998.png,0.05144846439361572,0.06113359332084656,0.16520777344703674,-0.08225160837173462,0.005707248114049435,0.0503656268119812
frame_001998.png,frame_001999.png,0.05355006828904152,0.06713764369487762,0.1871781349182129,-0.09302622079849243,0.00900352094322443,0.054123081266880035
frame_001999.png,frame_002000.png,0.07563808560371399,0.06285371631383896,0.18213820457458496,-0.08510643243789673,0.01747428998351097,0.07449467480182648
frame_002000.png,frame_002001.png,0.0976385772228241,0.05354086309671402,0.15587042272090912,-0.08103813230991364,0.022607725113630295,0.09862028062343597
frame_002001.png,frame_002002.png,0.1121380552649498,0.04259742051362991,0.14727988839149475,-0.07901767641305923,0.024627767503261566,0.116443932056427
frame_002002.png,frame_002003.png,0.11303060501813889,0.027081958949565887,0.15898463129997253,-0.07379791885614395,0.027250945568084717,0.11892694234848022
frame_002003.png,frame_002004.png,0.12494822591543198,0.01757633313536644,0.16595333814620972,-0.0627594143152237,0.027055755257606506,0.11849354207515717
frame_002004.png,frame_002005.png,0.12978893518447876,0.013967037200927734,0.18967589735984802,-0.043743234127759933,0.02622721716761589,0.10507218539714813
frame_002005.png,frame_002006.png,0.12030593305826187,0.011938627809286118,0.21871456503868103,-0.023946866393089294,0.024328071624040604,0.09258560836315155
frame_002006.png,frame_002007.png,0.10942915827035904,0.009348277002573013,0.24112161993980408,-0.01268046535551548,0.019328318536281586,0.08966188132762909
frame_002007.png,frame_002008.png,0.10811850428581238,0.005982089787721634,0.256732314825058,-0.006921381689608097,0.016650550067424774,0.09872017800807953
frame_002008.png,frame_002009.png,0.11312487721443176,0.0027231574058532715,0.26823124289512634,-0.0036239996552467346,0.011422262527048588,0.12163488566875458
frame_002009.png,frame_002010.png,0.11796559393405914,0.007468767464160919,0.27266374230384827,0.00532576534897089,0.007208246737718582,0.15131419897079468
frame_002010.png,frame_002011.png,0.1180732473731041,0.004594728350639343,0.26266393065452576,-0.0001743268221616745,-0.004351994954049587,0.18229733407497406
frame_002011.png,frame_002012.png,0.09415550529956818,-0.009052373468875885,0.2673993408679962,-0.009018887765705585,-0.003586060367524624,0.16870249807834625
frame_002012.png,frame_002013.png,0.0797286406159401,-0.017241792753338814,0.2833068072795868,-0.001489945687353611,0.0036027664318680763,0.15042075514793396
frame_002013.png,frame_002014.png,0.03826721012592316,-0.01681169867515564,0.3349994719028473,-0.008977862074971199,0.005900646094232798,0.10460074990987778
frame_002014.png,frame_002015.png,-0.009228698909282684,-0.01036420464515686,0.3618236184120178,-0.0029961755499243736,0.009725545533001423,0.05751751363277435
frame_002015.png,frame_002016.png,-0.02026969939470291,0.010876812040805817,0.37120601534843445,-0.002111886627972126,0.007469669915735722,0.030514109879732132
frame_002016.png,frame_002017.png,0.08829415589570999,0.04065839946269989,0.3562330901622772,-0.013789535500109196,-0.005561997182667255,0.028390396386384964
frame_002017.png,frame_002018.png,0.1322942078113556,0.0511820986866951,0.3587617576122284,-0.0176871195435524,-0.011580717749893665,0.01847776025533676
frame_002018.png,frame_002019.png,0.14940035343170166,0.04706650227308273,0.2850256860256195,-0.02747008576989174,-0.00294604804366827,0.009752974845468998
frame_002019.png,frame_002020.png,0.22551554441452026,0.055584684014320374,0.21343903243541718,-0.029190223664045334,0.007868632674217224,0.02765651047229767
frame_002020.png,frame_002021.png,0.29825347661972046,0.05843932181596756,0.16155073046684265,-0.03742726519703865,0.012868166901171207,0.045965079218149185
frame_002021.png,frame_002022.png,0.3353581428527832,0.05797020345926285,0.12607021629810333,-0.049472153186798096,0.0090510668233037,0.05584069341421127
frame_002022.png,frame_002023.png,0.3277777433395386,0.06167744845151901,0.13625691831111908,-0.06550461798906326,0.005645899102091789,0.04823247343301773
frame_002023.png,frame_002024.png,0.29815155267715454,0.06150847673416138,0.16856354475021362,-0.08119822293519974,0.002743273973464966,0.03994673117995262
frame_002024.png,frame_002025.png,0.2608720660209656,0.06133574992418289,0.207943856716156,-0.09785724431276321,0.0026280712336301804,0.030530132353305817
frame_002025.png,frame_002026.png,0.22367054224014282,0.06291914731264114,0.24468901753425598,-0.11189205944538116,0.0055062053725123405,0.027170594781637192
frame_002026.png,frame_002027.png,0.1928877830505371,0.06614871323108673,0.26819103956222534,-0.12291496992111206,0.008165943436324596,0.028728410601615906
frame_002027.png,frame_002028.png,0.17137406766414642,0.06788378953933716,0.2874554991722107,-0.12712617218494415,0.011856487952172756,0.03601586073637009
frame_002028.png,frame_002029.png,0.1561395823955536,0.06743883341550827,0.30621594190597534,-0.12878529727458954,0.01681406982243061,0.04596085846424103
frame_002029.png,frame_002030.png,0.14628201723098755,0.0654761865735054,0.31980228424072266,-0.12656590342521667,0.02064482867717743,0.05452653765678406
frame_002030.png,frame_002031.png,0.13698267936706543,0.06305365264415741,0.333173006772995,-0.12383215874433517,0.023349516093730927,0.06293339282274246
frame_002031.png,frame_002032.png,0.12927556037902832,0.0628168061375618,0.3462563455104828,-0.11558572947978973,0.027938883751630783,0.06954274326562881
