frame,x,y,z,rx,ry,rz
frame_000000.png,0.0,0.0,0.0,0.0,0.0,0.0
frame_000001.png,0.08801167458295822,-0.0008494406938552856,0.020368169993162155,-0.017503073439002037,0.003794478252530098,-0.025521159172058105
frame_000002.png,0.17010197043418884,0.027376912534236908,0.06088418513536453,-0.04588473588228226,0.007971927523612976,-0.06675034761428833
frame_000003.png,0.24499639868736267,0.07353205978870392,0.11200074851512909,-0.08095681667327881,0.013836708851158619,-0.11891477555036545
frame_000004.png,0.31255316734313965,0.13068705797195435,0.1688183695077896,-0.11990857869386673,0.021760787814855576,-0.17772778868675232
frame_000005.png,0.37406715750694275,0.19438162446022034,0.22908733785152435,-0.161384716629982,0.03154252469539642,-0.23999780416488647
frame_000006.png,0.43037140369415283,0.2619430422782898,0.2917347550392151,-0.20466722548007965,0.04284299537539482,-0.30405470728874207
frame_000007.png,0.48264843225479126,0.33189481496810913,0.3565651774406433,-0.24908679723739624,0.05511888116598129,-0.36912328004837036
frame_000008.png,0.5322055220603943,0.40337133407592773,0.42247045040130615,-0.29410359263420105,0.06813281774520874,-0.43481719493865967
frame_000009.png,0.5803359150886536,0.475669264793396,0.4892253875732422,-0.33952751755714417,0.0815965086221695,-0.500869631767273
frame_000010.png,0.6279339790344238,0.5485376119613647,0.5567470788955688,-0.385328471660614,0.09527041018009186,-0.5671626329421997
frame_000011.png,0.675143837928772,0.62163245677948,0.6243981719017029,-0.4314371645450592,0.10911798477172852,-0.6338353157043457
frame_000012.png,0.7220444083213806,0.6948474049568176,0.6927515268325806,-0.4774940609931946,0.12303945422172546,-0.7008106708526611
frame_000013.png,0.7686494588851929,0.7679455280303955,0.7615299820899963,-0.5236648917198181,0.1370505839586258,-0.7679312825202942
frame_000014.png,0.814780056476593,0.8409351706504822,0.8305095434188843,-0.5699288249015808,0.1511421650648117,-0.835096538066864
frame_000015.png,0.8608099222183228,0.9139379858970642,0.899536669254303,-0.6164990663528442,0.16527418792247772,-0.9024664759635925
frame_000016.png,0.9071088433265686,0.9869617223739624,0.9689664840698242,-0.6631861329078674,0.17940548062324524,-0.969802737236023
frame_000017.png,0.9532992839813232,1.0599068403244019,1.038450837135315,-0.7101243734359741,0.19339655339717865,-1.0369595289230347
frame_000018.png,0.9997182488441467,1.1327784061431885,1.1078712940216064,-0.7573481798171997,0.20734384655952454,-1.1039866209030151
frame_000019.png,1.0461463928222656,1.2057321071624756,1.177891731262207,-0.804689884185791,0.22135649621486664,-1.1711214780807495
frame_000020.png,1.0923324823379517,1.2783704996109009,1.2472416162490845,-0.8521270751953125,0.23551394045352936,-1.2386443614959717
frame_000021.png,1.1383575201034546,1.3510267734527588,1.3166399002075195,-0.8997061848640442,0.24969600141048431,-1.3063254356384277
frame_000022.png,1.1843256950378418,1.4237511157989502,1.3863551616668701,-0.947151780128479,0.26384371519088745,-1.3743999004364014
frame_000023.png,1.2296571731567383,1.4962477684020996,1.4564048051834106,-0.994300365447998,0.27798664569854736,-1.4429160356521606
frame_000024.png,1.27467679977417,1.5677040815353394,1.525537133216858,-1.0422308444976807,0.29173243045806885,-1.5121082067489624
frame_000025.png,1.3197802305221558,1.6393975019454956,1.5954228639602661,-1.0908209085464478,0.3056280016899109,-1.5805033445358276
frame_000026.png,1.365092158317566,1.7111907005310059,1.6662769317626953,-1.139542818069458,0.3196133077144623,-1.6487178802490234
frame_000027.png,1.4105011224746704,1.783055305480957,1.7380949258804321,-1.187659502029419,0.33364588022232056,-1.7172386646270752
frame_000028.png,1.4560492038726807,1.8551331758499146,1.8115239143371582,-1.235224723815918,0.34782278537750244,-1.7861275672912598
frame_000029.png,1.50154447555542,1.9273302555084229,1.8864307403564453,-1.2819076776504517,0.36224159598350525,-1.8554539680480957
frame_000030.png,1.546808123588562,1.999535083770752,1.963425636291504,-1.3276968002319336,0.37685221433639526,-1.9248675107955933
frame_000031.png,1.5924986600875854,2.0720300674438477,2.0424373149871826,-1.3723084926605225,0.3917391002178192,-1.9939805269241333
frame_000032.png,1.6382062435150146,2.1444103717803955,2.122171640396118,-1.4154889583587646,0.4068562388420105,-2.062591791152954
frame_000033.png,1.6831891536712646,2.21635103225708,2.20169734954834,-1.457257628440857,0.4219363331794739,-2.1310596466064453
frame_000034.png,1.7270731925964355,2.2877612113952637,2.2787413597106934,-1.4976820945739746,0.4371230900287628,-2.199784517288208
frame_000035.png,1.770393967628479,2.3591837882995605,2.352870464324951,-1.5373207330703735,0.452394038438797,-2.2688307762145996
frame_000036.png,1.8134554624557495,2.4307830333709717,2.423647165298462,-1.5763317346572876,0.46770840883255005,-2.338303327560425
frame_000037.png,1.8569015264511108,2.50274395942688,2.491227149963379,-1.615102767944336,0.48294535279273987,-2.4080047607421875
frame_000038.png,1.9018841981887817,2.575580596923828,2.5562491416931152,-1.6541308164596558,0.4979744255542755,-2.4777190685272217
frame_000039.png,1.9488624334335327,2.649329662322998,2.6185250282287598,-1.6929330825805664,0.5126643180847168,-2.5475306510925293
frame_000040.png,1.9982552528381348,2.7241740226745605,2.677989959716797,-1.7312918901443481,0.5272521376609802,-2.617018461227417
frame_000041.png,2.049657106399536,2.8000829219818115,2.7352840900421143,-1.7694344520568848,0.5416444540023804,-2.6857001781463623
frame_000042.png,2.1030468940734863,2.877822160720825,2.791382074356079,-1.8080908060073853,0.5555564761161804,-2.754150152206421
frame_000043.png,2.1584689617156982,2.957900285720825,2.8470401763916016,-1.8476709127426147,0.5686829090118408,-2.8226311206817627
frame_000044.png,2.216895580291748,3.0406298637390137,2.9034323692321777,-1.8878226280212402,0.5807510018348694,-2.890233278274536
frame_000045.png,2.2782764434814453,3.1263315677642822,2.9613230228424072,-1.9288275241851807,0.5915687680244446,-2.957487106323242
frame_000046.png,2.3420562744140625,3.2145047187805176,3.0193448066711426,-1.9699832201004028,0.6013658046722412,-3.0244016647338867
frame_000047.png,2.4073286056518555,3.3050148487091064,3.0776023864746094,-2.011218309402466,0.6099187135696411,-3.092440366744995
frame_000048.png,2.4731547832489014,3.396294593811035,3.133129119873047,-2.0540192127227783,0.6168713569641113,-3.1618452072143555
frame_000049.png,2.5400502681732178,3.489514112472534,3.188894510269165,-2.099271297454834,0.6224210858345032,-3.2302606105804443
frame_000050.png,2.6066834926605225,3.5843687057495117,3.2458958625793457,-2.1468241214752197,0.6266782879829407,-3.2986555099487305
frame_000051.png,2.671030282974243,3.6807518005371094,3.3058695793151855,-2.1970043182373047,0.6295229196548462,-3.3684327602386475
frame_000052.png,2.73108172416687,3.777270793914795,3.3695662021636963,-2.2490251064300537,0.6308602094650269,-3.4398651123046875
frame_000053.png,2.7846899032592773,3.873845100402832,3.4384937286376953,-2.302117347717285,0.6307967901229858,-3.5117759704589844
frame_000054.png,2.8316750526428223,3.9710593223571777,3.513167381286621,-2.3560211658477783,0.6293085813522339,-3.5842514038085938
frame_000055.png,2.8693504333496094,4.0683488845825195,3.5932812690734863,-2.41147780418396,0.626816987991333,-3.6559715270996094
frame_000056.png,2.8968305587768555,4.1653242111206055,3.6811015605926514,-2.468501091003418,0.6234726309776306,-3.7265031337738037
frame_000057.png,2.913379430770874,4.262423038482666,3.776620864868164,-2.5274014472961426,0.6188739538192749,-3.79677677154541
frame_000058.png,2.9204907417297363,4.358778953552246,3.878452777862549,-2.5894875526428223,0.6130443215370178,-3.866138458251953
frame_000059.png,2.9195473194122314,4.4534406661987305,3.986891984939575,-2.655359983444214,0.6069895625114441,-3.9341349601745605
frame_000060.png,2.9107818603515625,4.544345855712891,4.101255416870117,-2.725459575653076,0.6009158492088318,-3.9995615482330322
frame_000061.png,2.8982574939727783,4.632140636444092,4.222476482391357,-2.7986083030700684,0.5950554609298706,-4.063013076782227
frame_000062.png,2.8877532482147217,4.716978549957275,4.3517985343933105,-2.874778985977173,0.5900630354881287,-4.123135566711426
frame_000063.png,2.8823907375335693,4.797324180603027,4.487712860107422,-2.95135760307312,0.5857295989990234,-4.179074287414551
frame_000064.png,2.8776776790618896,4.870810031890869,4.629290580749512,-3.026848316192627,0.581154465675354,-4.228241920471191
frame_000065.png,2.8764615058898926,4.940061092376709,4.774167060852051,-3.1007494926452637,0.5763055682182312,-4.273776531219482
frame_000066.png,2.88728928565979,5.005331516265869,4.925400733947754,-3.1757445335388184,0.5700873136520386,-4.314409255981445
frame_000067.png,2.9180192947387695,5.067468643188477,5.0799150466918945,-3.252113103866577,0.5627358555793762,-4.351053714752197
frame_000068.png,2.978064775466919,5.128650665283203,5.238277912139893,-3.326779842376709,0.5549488663673401,-4.383426189422607
frame_000069.png,3.0683743953704834,5.187136173248291,5.397871971130371,-3.398643970489502,0.5461609959602356,-4.410179615020752
frame_000070.png,3.190061569213867,5.240489482879639,5.557061672210693,-3.464320659637451,0.5368446111679077,-4.433322906494141
frame_000071.png,3.343367576599121,5.289062023162842,5.723160743713379,-3.5224201679229736,0.526411771774292,-4.451973915100098
frame_000072.png,3.52557635307312,5.330519676208496,5.896796703338623,-3.575695276260376,0.5154753923416138,-4.4578680992126465
frame_000073.png,3.726762533187866,5.364772319793701,6.083884239196777,-3.626779556274414,0.5056058168411255,-4.449095726013184
frame_000074.png,3.9312331676483154,5.393820285797119,6.290305137634277,-3.671482563018799,0.49789655208587646,-4.427915573120117
frame_000075.png,4.122954845428467,5.4171624183654785,6.512480735778809,-3.7065939903259277,0.4927864074707031,-4.398359775543213
frame_000076.png,4.294229030609131,5.435140609741211,6.745587348937988,-3.7285315990448,0.4911046028137207,-4.364109992980957
frame_000077.png,4.441583156585693,5.443922519683838,6.987136363983154,-3.7355806827545166,0.489213228225708,-4.3197221755981445
frame_000078.png,4.561398029327393,5.448904514312744,7.23618745803833,-3.7235584259033203,0.48703819513320923,-4.26181697845459
frame_000079.png,4.657718181610107,5.451050281524658,7.477420806884766,-3.694493293762207,0.4852188527584076,-4.198597431182861
frame_000080.png,4.734789848327637,5.454657554626465,7.702833652496338,-3.6515445709228516,0.4836887717247009,-4.130212306976318
frame_000081.png,4.797621250152588,5.469050884246826,7.918425559997559,-3.599125862121582,0.4811437129974365,-4.055836200714111
frame_000082.png,4.847785949707031,5.4982757568359375,8.118326187133789,-3.5420327186584473,0.4787588119506836,-3.977684736251831
frame_000083.png,4.893921852111816,5.542595386505127,8.304636001586914,-3.485830068588257,0.4752786159515381,-3.8899309635162354
frame_000084.png,4.9408040046691895,5.5994181632995605,8.477096557617188,-3.438129425048828,0.46588069200515747,-3.788973569869995
frame_000085.png,4.99994421005249,5.668760776519775,8.631566047668457,-3.403703212738037,0.4557479918003082,-3.6865525245666504
frame_000086.png,5.077666282653809,5.75186824798584,8.776691436767578,-3.374497413635254,0.4449315071105957,-3.5839147567749023
frame_000087.png,5.16934061050415,5.841643810272217,8.913982391357422,-3.347994089126587,0.4325656592845917,-3.4878671169281006
frame_000088.png,5.271297931671143,5.9232892990112305,9.061013221740723,-3.3336808681488037,0.4153039753437042,-3.394538164138794
frame_000089.png,5.364659786224365,5.990995407104492,9.228257179260254,-3.3278777599334717,0.39286503195762634,-3.315446376800537
frame_000090.png,5.412052631378174,6.045811653137207,9.406632423400879,-3.3432583808898926,0.3672618269920349,-3.2591493129730225
frame_000091.png,5.395754337310791,6.09344482421875,9.59813117980957,-3.3763034343719482,0.34283483028411865,-3.224151849746704
frame_000092.png,5.325664043426514,6.135552406311035,9.781197547912598,-3.408921957015991,0.3228060007095337,-3.2131199836730957
frame_000093.png,5.229393005371094,6.18020486831665,9.973098754882812,-3.444875478744507,0.30265679955482483,-3.2258894443511963
frame_000094.png,5.138518333435059,6.24077033996582,10.195335388183594,-3.4970457553863525,0.2816053628921509,-3.251364231109619
frame_000095.png,5.067185878753662,6.314233303070068,10.440751075744629,-3.564056396484375,0.26350346207618713,-3.281424045562744
frame_000096.png,5.02464485168457,6.398007869720459,10.697854995727539,-3.63562273979187,0.2512846291065216,-3.3177590370178223
frame_000097.png,5.0040435791015625,6.490925312042236,10.956832885742188,-3.7021310329437256,0.2441466897726059,-3.3505356311798096
frame_000098.png,4.997740745544434,6.583117485046387,11.191094398498535,-3.75750732421875,0.22290568053722382,-3.3782715797424316
frame_000099.png,4.986481189727783,6.664862632751465,11.405050277709961,-3.817054033279419,0.18921683728694916,-3.4298815727233887
frame_000100.png,4.971935749053955,6.73157262802124,11.605295181274414,-3.8809354305267334,0.14956726133823395,-3.496042490005493
frame_000101.png,4.95473051071167,6.782832622528076,11.802621841430664,-3.9436869621276855,0.11170312762260437,-3.577160596847534
frame_000102.png,4.9316558837890625,6.824681758880615,12.003860473632812,-4.000321865081787,0.08134106546640396,-3.6752190589904785
frame_000103.png,4.9084882736206055,6.85567569732666,12.204193115234375,-4.0515313148498535,0.057164113968610764,-3.7724523544311523
frame_000104.png,4.86647367477417,6.883727550506592,12.396244049072266,-4.10319709777832,0.038621935993433,-3.8816981315612793
frame_000105.png,4.791105270385742,6.9136152267456055,12.55200481414795,-4.150825023651123,0.019923318177461624,-4.0091729164123535
frame_000106.png,4.712907791137695,6.948680877685547,12.682820320129395,-4.179142475128174,0.0017583593726158142,-4.132683753967285
frame_000107.png,4.631666660308838,6.982713222503662,12.796124458312988,-4.183352470397949,-0.01757444441318512,-4.240874767303467
frame_000108.png,4.548608303070068,7.006204128265381,12.879639625549316,-4.1716179847717285,-0.03739691525697708,-4.33036994934082
frame_000109.png,4.471581935882568,7.0307841300964355,12.97152328491211,-4.168769836425781,-0.06375947594642639,-4.396761894226074
frame_000110.png,4.400661468505859,7.052050590515137,13.085830688476562,-4.175393104553223,-0.09290681034326553,-4.405300617218018
frame_000111.png,4.327037811279297,7.084484577178955,13.208785057067871,-4.171496868133545,-0.11804349720478058,-4.382645130157471
frame_000112.png,4.2542853355407715,7.127100944519043,13.385576248168945,-4.170055389404297,-0.13263699412345886,-4.344075679779053
frame_000113.png,4.1893205642700195,7.180026531219482,13.585264205932617,-4.183448314666748,-0.1397392749786377,-4.303514003753662
frame_000114.png,4.132078647613525,7.233985424041748,13.798362731933594,-4.2045488357543945,-0.13664555549621582,-4.272461891174316
frame_000115.png,4.0942230224609375,7.293730735778809,14.015616416931152,-4.2155680656433105,-0.13204462826251984,-4.253583908081055
frame_000116.png,4.081451416015625,7.360057830810547,14.220090866088867,-4.23207426071167,-0.13519176840782166,-4.22105598449707
frame_000117.png,4.081932544708252,7.428576946258545,14.42837905883789,-4.266560077667236,-0.13082431256771088,-4.180110931396484
frame_000118.png,4.098732948303223,7.495690822601318,14.610584259033203,-4.316411972045898,-0.12398578226566315,-4.142243385314941
frame_000119.png,4.134537696838379,7.561861991882324,14.762747764587402,-4.368513584136963,-0.13520997762680054,-4.097904682159424
frame_000120.png,4.167544364929199,7.614473819732666,14.902366638183594,-4.401522159576416,-0.15910817682743073,-4.044808387756348
frame_000121.png,4.1681294441223145,7.640291213989258,15.061420440673828,-4.418844699859619,-0.18307830393314362,-3.988353967666626
frame_000122.png,4.133371829986572,7.634208679199219,15.231963157653809,-4.443698406219482,-0.20344895124435425,-3.9263083934783936
frame_000123.png,4.069972991943359,7.619255065917969,15.411673545837402,-4.452515602111816,-0.22698292136192322,-3.8618226051330566
frame_000124.png,3.9673802852630615,7.588533401489258,15.626727104187012,-4.452695369720459,-0.24145415425300598,-3.812497138977051
frame_000125.png,3.8104302883148193,7.550314903259277,15.896493911743164,-4.461220741271973,-0.24558672308921814,-3.7914631366729736
frame_000126.png,3.646326780319214,7.509194850921631,16.205402374267578,-4.491395473480225,-0.2491537630558014,-3.763716459274292
frame_000127.png,3.5152084827423096,7.459444999694824,16.490724563598633,-4.5146613121032715,-0.25994426012039185,-3.711705207824707
frame_000128.png,3.4463813304901123,7.416744232177734,16.746252059936523,-4.531387805938721,-0.2774379551410675,-3.6400563716888428
frame_000129.png,3.4254207611083984,7.390817165374756,16.95448875427246,-4.535902500152588,-0.29718518257141113,-3.539247989654541
frame_000130.png,3.3972551822662354,7.3642802238464355,17.1282901763916,-4.5417561531066895,-0.32033517956733704,-3.4375834465026855
frame_000131.png,3.3155317306518555,7.339588642120361,17.293773651123047,-4.556609153747559,-0.3436099588871002,-3.3545081615448
frame_000132.png,3.2127432823181152,7.320103645324707,17.464080810546875,-4.572408199310303,-0.3700390160083771,-3.2908847332000732
frame_000133.png,3.143401861190796,7.315564155578613,17.626554489135742,-4.613102912902832,-0.3984319567680359,-3.2367615699768066
frame_000134.png,3.133195638656616,7.333682537078857,17.77779769897461,-4.6535210609436035,-0.42083463072776794,-3.219679594039917
frame_000135.png,3.178293228149414,7.366946697235107,17.944849014282227,-4.7169294357299805,-0.439436137676239,-3.21535062789917
frame_000136.png,3.2546756267547607,7.411356449127197,18.1121768951416,-4.788689613342285,-0.463910847902298,-3.2259464263916016
frame_000137.png,3.3663249015808105,7.454695224761963,18.262954711914062,-4.845975399017334,-0.48757216334342957,-3.2239744663238525
frame_000138.png,3.4989840984344482,7.492099285125732,18.394332885742188,-4.898375034332275,-0.5217145681381226,-3.203760862350464
frame_000139.png,3.631807327270508,7.515982627868652,18.499652862548828,-4.945849895477295,-0.5480846166610718,-3.1813600063323975
frame_000140.png,3.768195629119873,7.535579681396484,18.58974838256836,-4.993566513061523,-0.5615026950836182,-3.16739559173584
frame_000141.png,3.9465715885162354,7.556293964385986,18.677227020263672,-5.049535751342773,-0.5677545070648193,-3.153968095779419
frame_000142.png,4.123592376708984,7.588555812835693,18.780250549316406,-5.1345534324646,-0.5806811451911926,-3.1404526233673096
frame_000143.png,4.290565013885498,7.611394882202148,18.915475845336914,-5.250550746917725,-0.6009899973869324,-3.1382243633270264
frame_000144.png,4.4313740730285645,7.6269989013671875,19.07430648803711,-5.37407922744751,-0.6214908361434937,-3.1360161304473877
frame_000145.png,4.561182022094727,7.656103134155273,19.262540817260742,-5.493419647216797,-0.642765998840332,-3.1310818195343018
frame_000146.png,4.682875156402588,7.6974945068359375,19.46409034729004,-5.6054816246032715,-0.6663945317268372,-3.121758460998535
frame_000147.png,4.796102046966553,7.7428083419799805,19.685935974121094,-5.715246677398682,-0.6956734657287598,-3.1001579761505127
frame_000148.png,4.909041404724121,7.784806251525879,19.910717010498047,-5.813461780548096,-0.7311766147613525,-3.0836033821105957
frame_000149.png,5.049656867980957,7.824897289276123,20.12377166748047,-5.898825168609619,-0.7700172662734985,-3.0697782039642334
frame_000150.png,5.226618766784668,7.865604400634766,20.304561614990234,-5.960926055908203,-0.8085709810256958,-3.059978723526001
frame_000151.png,5.422699451446533,7.91270637512207,20.450098037719727,-6.019341468811035,-0.8419328927993774,-3.0691964626312256
frame_000152.png,5.635329723358154,7.962278366088867,20.57431983947754,-6.077312469482422,-0.870995044708252,-3.0835554599761963
frame_000153.png,5.866966247558594,8.004650115966797,20.70618438720703,-6.141716480255127,-0.8994187116622925,-3.0955300331115723
frame_000154.png,6.1188578605651855,8.036114692687988,20.837724685668945,-6.216405868530273,-0.9307037591934204,-3.1030542850494385
frame_000155.png,6.403794288635254,8.06000804901123,20.96166229248047,-6.288105487823486,-0.9603471755981445,-3.094223737716675
frame_000156.png,6.7168288230896,8.07453441619873,21.067277908325195,-6.359666347503662,-0.9874722957611084,-3.074467897415161
frame_000157.png,7.049327373504639,8.089791297912598,21.154136657714844,-6.424437046051025,-1.0144144296646118,-3.0477025508880615
frame_000158.png,7.398620128631592,8.103737831115723,21.228803634643555,-6.484091281890869,-1.0408557653427124,-3.011259078979492
frame_000159.png,7.758922100067139,8.119760513305664,21.302223205566406,-6.532623767852783,-1.066457986831665,-2.9660305976867676
frame_000160.png,8.134941101074219,8.133696556091309,21.352771759033203,-6.576405048370361,-1.0918288230895996,-2.9161674976348877
frame_000161.png,8.517709732055664,8.147414207458496,21.379201889038086,-6.614871978759766,-1.115626335144043,-2.8659229278564453
frame_000162.png,8.898374557495117,8.162519454956055,21.383209228515625,-6.654250144958496,-1.1361961364746094,-2.8157260417938232
frame_000163.png,9.277766227722168,8.180071830749512,21.37281036376953,-6.696028232574463,-1.1548980474472046,-2.7674782276153564
frame_000164.png,9.648645401000977,8.19859790802002,21.35789680480957,-6.741754531860352,-1.1732698678970337,-2.723362922668457
frame_000165.png,10.01578140258789,8.217482566833496,21.33507537841797,-6.7925496101379395,-1.1911877393722534,-2.687891960144043
frame_000166.png,10.378073692321777,8.235283851623535,21.309757232666016,-6.844328880310059,-1.2104936838150024,-2.6553282737731934
frame_000167.png,10.735074043273926,8.250933647155762,21.274288177490234,-6.898381233215332,-1.2324353456497192,-2.625528573989868
frame_000168.png,11.089197158813477,8.26663875579834,21.23455238342285,-6.951943397521973,-1.254889726638794,-2.6017138957977295
frame_000169.png,11.448549270629883,8.278324127197266,21.2016658782959,-7.0031609535217285,-1.2746880054473877,-2.5763447284698486
frame_000170.png,11.817334175109863,8.287518501281738,21.17951774597168,-7.054559707641602,-1.2939122915267944,-2.549578905105591
frame_000171.png,12.198346138000488,8.296311378479004,21.15226173400879,-7.105235576629639,-1.3149259090423584,-2.523435115814209
frame_000172.png,12.586304664611816,8.303961753845215,21.114713668823242,-7.157258987426758,-1.3381166458129883,-2.501399040222168
frame_000173.png,12.972811698913574,8.313612937927246,21.068798065185547,-7.208530902862549,-1.3607962131500244,-2.4822516441345215
frame_000174.png,13.357012748718262,8.324453353881836,21.014720916748047,-7.260688781738281,-1.3824708461761475,-2.461726427078247
frame_000175.png,13.7346830368042,8.336395263671875,20.957372665405273,-7.310308933258057,-1.4046739339828491,-2.4413421154022217
frame_000176.png,14.109602928161621,8.346759796142578,20.901906967163086,-7.357622146606445,-1.426377296447754,-2.4209957122802734
frame_000177.png,14.4832181930542,8.353496551513672,20.852344512939453,-7.403991222381592,-1.4480125904083252,-2.3993701934814453
frame_000178.png,14.859803199768066,8.358789443969727,20.80677604675293,-7.45063591003418,-1.4681073427200317,-2.377281427383423
frame_000179.png,15.241326332092285,8.365005493164062,20.763277053833008,-7.4973063468933105,-1.484952688217163,-2.3603203296661377
frame_000180.png,15.623279571533203,8.371620178222656,20.71786880493164,-7.5429182052612305,-1.500794768333435,-2.346081256866455
frame_000181.png,16.003660202026367,8.378578186035156,20.67633628845215,-7.586751937866211,-1.5149407386779785,-2.330706834793091
frame_000182.png,16.376577377319336,8.384123802185059,20.647071838378906,-7.62885046005249,-1.528477430343628,-2.3123254776000977
frame_000183.png,16.741395950317383,8.389824867248535,20.63603401184082,-7.670251846313477,-1.5406460762023926,-2.287203073501587
frame_000184.png,17.10225486755371,8.398676872253418,20.648271560668945,-7.710113525390625,-1.5536255836486816,-2.255012273788452
frame_000185.png,17.45915412902832,8.409069061279297,20.67557144165039,-7.75177001953125,-1.5685079097747803,-2.2150299549102783
frame_000186.png,17.811220169067383,8.421194076538086,20.708669662475586,-7.794513702392578,-1.5837922096252441,-2.169177293777466
frame_000187.png,18.16147804260254,8.43742847442627,20.74594497680664,-7.838043689727783,-1.5970827341079712,-2.1260671615600586
frame_000188.png,18.503084182739258,8.456473350524902,20.784204483032227,-7.884467601776123,-1.6085110902786255,-2.0883846282958984
frame_000189.png,18.83681869506836,8.478375434875488,20.822704315185547,-7.93146276473999,-1.6180107593536377,-2.0540738105773926
frame_000190.png,19.163753509521484,8.506634712219238,20.861133575439453,-7.97784423828125,-1.6237133741378784,-2.0228536128997803
frame_000191.png,19.47980499267578,8.541045188903809,20.89908790588379,-8.025735855102539,-1.6235668659210205,-1.9916455745697021
frame_000192.png,19.78594398498535,8.582573890686035,20.93602752685547,-8.07361125946045,-1.6200265884399414,-1.9585787057876587
frame_000193.png,20.081571578979492,8.631560325622559,20.971385955810547,-8.112751960754395,-1.6146769523620605,-1.923647403717041
frame_000194.png,20.364849090576172,8.683215141296387,21.00558853149414,-8.142975807189941,-1.6069217920303345,-1.8856030702590942
frame_000195.png,20.641096115112305,8.742128372192383,21.05063247680664,-8.16696834564209,-1.594545841217041,-1.847712755203247
frame_000196.png,20.91246223449707,8.807243347167969,21.11036491394043,-8.183722496032715,-1.5802580118179321,-1.8040359020233154
frame_000197.png,21.185531616210938,8.878175735473633,21.179656982421875,-8.193070411682129,-1.562645673751831,-1.7500375509262085
frame_000198.png,21.465045928955078,8.951963424682617,21.253738403320312,-8.196245193481445,-1.5408141613006592,-1.68397855758667
frame_000199.png,21.75447654724121,9.026642799377441,21.328229904174805,-8.198540687561035,-1.5154895782470703,-1.6073203086853027
frame_000200.png,22.050289154052734,9.101176261901855,21.4061222076416,-8.203495979309082,-1.4889681339263916,-1.5208640098571777
frame_000201.png,22.351037979125977,9.173966407775879,21.483482360839844,-8.214417457580566,-1.4635179042816162,-1.4269399642944336
frame_000202.png,22.658472061157227,9.246402740478516,21.56232452392578,-8.233105659484863,-1.4431381225585938,-1.3292261362075806
frame_000203.png,22.96953773498535,9.315581321716309,21.64254379272461,-8.261609077453613,-1.4317255020141602,-1.2289687395095825
frame_000204.png,23.27838897705078,9.382329940795898,21.730213165283203,-8.294652938842773,-1.42538583278656,-1.136436939239502
frame_000205.png,23.58539390563965,9.449166297912598,21.819459915161133,-8.33115291595459,-1.421553611755371,-1.052154302597046
frame_000206.png,23.890043258666992,9.516034126281738,21.905315399169922,-8.366678237915039,-1.4179881811141968,-0.9717230796813965
frame_000207.png,24.190662384033203,9.582079887390137,21.988018035888672,-8.398633003234863,-1.413040280342102,-0.892473042011261
frame_000208.png,24.490013122558594,9.649914741516113,22.067516326904297,-8.42477035522461,-1.4067851305007935,-0.8159204721450806
frame_000209.png,24.788923263549805,9.720301628112793,22.140962600708008,-8.443292617797852,-1.3984345197677612,-0.7448207139968872
frame_000210.png,25.0876522064209,9.789923667907715,22.20689582824707,-8.450626373291016,-1.3869599103927612,-0.6832672357559204
frame_000211.png,25.386445999145508,9.857330322265625,22.26495361328125,-8.448906898498535,-1.373618245124817,-0.6330083608627319
frame_000212.png,25.68902587890625,9.922737121582031,22.31854248046875,-8.439164161682129,-1.358419418334961,-0.5921311378479004
frame_000213.png,26.00265884399414,9.9860258102417,22.376266479492188,-8.426780700683594,-1.3427772521972656,-0.5585699081420898
frame_000214.png,26.329736709594727,10.046402931213379,22.44186782836914,-8.41213607788086,-1.326637864112854,-0.5262384414672852
frame_000215.png,26.673717498779297,10.10580062866211,22.51438331604004,-8.39260482788086,-1.3095189332962036,-0.4906499981880188
frame_000216.png,27.037214279174805,10.159655570983887,22.58072280883789,-8.368631362915039,-1.2912321090698242,-0.45013606548309326
frame_000217.png,27.417644500732422,10.205327033996582,22.635793685913086,-8.344987869262695,-1.2733045816421509,-0.4047035276889801
frame_000218.png,27.81321907043457,10.244357109069824,22.682470321655273,-8.321855545043945,-1.255252480506897,-0.3525594174861908
frame_000219.png,28.223243713378906,10.279680252075195,22.7226505279541,-8.29721450805664,-1.2369179725646973,-0.2969123125076294
frame_000220.png,28.644309997558594,10.31242561340332,22.761465072631836,-8.26953125,-1.219535231590271,-0.24105587601661682
frame_000221.png,29.072420120239258,10.344388961791992,22.80307960510254,-8.239776611328125,-1.2036147117614746,-0.18484939634799957
frame_000222.png,29.504241943359375,10.37801742553711,22.848482131958008,-8.207612991333008,-1.1888599395751953,-0.1299961656332016
frame_000223.png,29.93926239013672,10.413102149963379,22.89736557006836,-8.173352241516113,-1.1755902767181396,-0.07356516271829605
frame_000224.png,30.376340866088867,10.449845314025879,22.950946807861328,-8.136662483215332,-1.1633161306381226,-0.01443510502576828
frame_000225.png,30.814409255981445,10.487692832946777,23.00782012939453,-8.096338272094727,-1.1528877019882202,0.047771088778972626
frame_000226.png,31.25377082824707,10.525436401367188,23.06842803955078,-8.053167343139648,-1.1436127424240112,0.1140730008482933
frame_000227.png,31.694988250732422,10.563477516174316,23.1307373046875,-8.008160591125488,-1.135060429573059,0.18521496653556824
frame_000228.png,32.13872528076172,10.601951599121094,23.195693969726562,-7.961048603057861,-1.1264625787734985,0.26068922877311707
frame_000229.png,32.5812873840332,10.641807556152344,23.266681671142578,-7.912253379821777,-1.1174174547195435,0.33855104446411133
frame_000230.png,33.019535064697266,10.681716918945312,23.34423065185547,-7.86536979675293,-1.1092472076416016,0.41784965991973877
frame_000231.png,33.452640533447266,10.722711563110352,23.426408767700195,-7.818819046020508,-1.1014208793640137,0.4991239905357361
frame_000232.png,33.87806701660156,10.764303207397461,23.508018493652344,-7.771632194519043,-1.0947598218917847,0.5830298662185669
frame_000233.png,34.2973747253418,10.804868698120117,23.589086532592773,-7.723460674285889,-1.08976411819458,0.6682952642440796
frame_000234.png,34.71296310424805,10.844761848449707,23.66737937927246,-7.674909591674805,-1.086269736289978,0.7524830102920532
frame_000235.png,35.126285552978516,10.883362770080566,23.7420597076416,-7.627652645111084,-1.0845831632614136,0.8343417644500732
frame_000236.png,35.540000915527344,10.920197486877441,23.813026428222656,-7.581545352935791,-1.0840415954589844,0.9138084053993225
frame_000237.png,35.95528793334961,10.955877304077148,23.879535675048828,-7.535301208496094,-1.0849285125732422,0.9917016625404358
frame_000238.png,36.373836517333984,10.991341590881348,23.941579818725586,-7.489818572998047,-1.0872130393981934,1.067633032798767
frame_000239.png,36.79612731933594,11.02697467803955,24.005952835083008,-7.445710182189941,-1.0900994539260864,1.1437090635299683
frame_000240.png,37.2212028503418,11.06263256072998,24.071617126464844,-7.404162406921387,-1.0933548212051392,1.2224514484405518
frame_000241.png,37.653106689453125,11.101065635681152,24.142805099487305,-7.363834857940674,-1.0965526103973389,1.3036830425262451
frame_000242.png,38.094303131103516,11.14327621459961,24.219053268432617,-7.323406219482422,-1.099316120147705,1.3878262042999268
frame_000243.png,38.54172134399414,11.18927001953125,24.298473358154297,-7.283729553222656,-1.102883219718933,1.4782333374023438
frame_000244.png,38.988773345947266,11.240838050842285,24.3829288482666,-7.247415065765381,-1.1084102392196655,1.5747538805007935
frame_000245.png,39.43282699584961,11.299873352050781,24.47467613220215,-7.214062690734863,-1.115824818611145,1.6753889322280884
frame_000246.png,39.87263488769531,11.364422798156738,24.570775985717773,-7.183197498321533,-1.1240348815917969,1.7788820266723633
frame_000247.png,40.30933380126953,11.43274974822998,24.669347763061523,-7.155571460723877,-1.1324143409729004,1.886304497718811
frame_000248.png,40.74184036254883,11.503707885742188,24.76699447631836,-7.130064487457275,-1.1412571668624878,1.9976426362991333
frame_000249.png,41.171024322509766,11.577722549438477,24.86520004272461,-7.105517387390137,-1.1504749059677124,2.1115639209747314
frame_000250.png,41.59653854370117,11.653313636779785,24.961782455444336,-7.081649303436279,-1.1599934101104736,2.2270102500915527
frame_000251.png,42.017818450927734,11.729317665100098,25.056169509887695,-7.059639930725098,-1.1702202558517456,2.3427679538726807
frame_000252.png,42.43729782104492,11.804847717285156,25.146747589111328,-7.039945125579834,-1.1805517673492432,2.458871841430664
frame_000253.png,42.855220794677734,11.87977409362793,25.233562469482422,-7.023770332336426,-1.1914254426956177,2.575531244277954
frame_000254.png,43.27127456665039,11.954483985900879,25.317867279052734,-7.010565280914307,-1.2030457258224487,2.6921350955963135
frame_000255.png,43.6866455078125,12.030423164367676,25.401535034179688,-6.998673915863037,-1.214876413345337,2.808316230773926
frame_000256.png,44.09904479980469,12.105582237243652,25.483428955078125,-6.987881660461426,-1.2276397943496704,2.9254086017608643
frame_000257.png,44.508033752441406,12.179638862609863,25.56446647644043,-6.978431224822998,-1.2408015727996826,3.040693521499634
frame_000258.png,44.9138298034668,12.253623962402344,25.64642906188965,-6.971022129058838,-1.2538764476776123,3.1506481170654297
frame_000259.png,45.317237854003906,12.326868057250977,25.72938346862793,-6.96549129486084,-1.2666536569595337,3.256747245788574
frame_000260.png,45.716556549072266,12.40107536315918,25.817211151123047,-6.963569164276123,-1.2790563106536865,3.358337163925171
frame_000261.png,46.11357116699219,12.47824478149414,25.91275978088379,-6.961708068847656,-1.288488507270813,3.4548988342285156
frame_000262.png,46.50503921508789,12.556050300598145,26.015945434570312,-6.961423397064209,-1.2958415746688843,3.5464744567871094
frame_000263.png,46.891544342041016,12.63425064086914,26.13224220275879,-6.963351249694824,-1.3020771741867065,3.63114333152771
frame_000264.png,47.271541595458984,12.71331787109375,26.259241104125977,-6.964145183563232,-1.3082913160324097,3.7107958793640137
frame_000265.png,47.64590072631836,12.799100875854492,26.395423889160156,-6.9633989334106445,-1.3140562772750854,3.7862181663513184
frame_000266.png,48.008628845214844,12.883686065673828,26.538801193237305,-6.966393947601318,-1.3196043968200684,3.8567991256713867
frame_000267.png,48.36106491088867,12.960062980651855,26.68515968322754,-6.975109577178955,-1.325392246246338,3.9266557693481445
frame_000268.png,48.709007263183594,13.030431747436523,26.840139389038086,-6.989531517028809,-1.3313977718353271,3.99959397315979
frame_000269.png,49.053749084472656,13.089821815490723,26.99806022644043,-7.012302398681641,-1.3357936143875122,4.082946300506592
frame_000270.png,49.40556335449219,13.14969539642334,27.16570472717285,-7.0385236740112305,-1.3391695022583008,4.167862415313721
frame_000271.png,49.75070571899414,13.205412864685059,27.34259605407715,-7.07381010055542,-1.3417888879776,4.2563862800598145
frame_000272.png,50.09074783325195,13.263972282409668,27.530256271362305,-7.113049030303955,-1.347333550453186,4.344983100891113
frame_000273.png,50.42919158935547,13.326117515563965,27.719276428222656,-7.155689716339111,-1.355112075805664,4.434167861938477
frame_000274.png,50.765724182128906,13.389986991882324,27.910463333129883,-7.2033772468566895,-1.3658367395401,4.527860164642334
frame_000275.png,51.094974517822266,13.457242012023926,28.106441497802734,-7.258127212524414,-1.3795535564422607,4.625288963317871
frame_000276.png,51.41511154174805,13.526867866516113,28.303014755249023,-7.31495475769043,-1.3962397575378418,4.721791744232178
frame_000277.png,51.73232650756836,13.597162246704102,28.500810623168945,-7.374770164489746,-1.4146296977996826,4.817467212677002
frame_000278.png,52.048248291015625,13.666738510131836,28.698654174804688,-7.436900615692139,-1.4336460828781128,4.913539886474609
frame_000279.png,52.36006164550781,13.735612869262695,28.893991470336914,-7.501667499542236,-1.4528238773345947,5.00803804397583
frame_000280.png,52.66600036621094,13.80466079711914,29.084545135498047,-7.569190979003906,-1.472054362297058,5.099841594696045
frame_000281.png,52.967620849609375,13.873590469360352,29.270544052124023,-7.639770030975342,-1.4914379119873047,5.188779830932617
frame_000282.png,53.267005920410156,13.942858695983887,29.45229148864746,-7.712768077850342,-1.5113245248794556,5.2768425941467285
frame_000283.png,53.566253662109375,14.013367652893066,29.63001823425293,-7.784189701080322,-1.532231092453003,5.361313343048096
frame_000284.png,53.869384765625,14.087265968322754,29.80598258972168,-7.851840496063232,-1.5531830787658691,5.439627647399902
frame_000285.png,54.174232482910156,14.163917541503906,29.98524284362793,-7.916722774505615,-1.5739561319351196,5.513191223144531
frame_000286.png,54.4808349609375,14.2407865524292,30.16899299621582,-7.981290340423584,-1.5924533605575562,5.581803798675537
frame_000287.png,54.79151153564453,14.31855583190918,30.348331451416016,-8.04297161102295,-1.6093461513519287,5.647504806518555
frame_000288.png,55.109737396240234,14.3975248336792,30.52156639099121,-8.098777770996094,-1.6264339685440063,5.711155891418457
frame_000289.png,55.43315505981445,14.477519035339355,30.686824798583984,-8.150259017944336,-1.6438442468643188,5.771534442901611
frame_000290.png,55.7601432800293,14.557356834411621,30.84261703491211,-8.198734283447266,-1.6619610786437988,5.8287177085876465
frame_000291.png,56.08950424194336,14.639256477355957,30.99403953552246,-8.246216773986816,-1.6808422803878784,5.881752014160156
frame_000292.png,56.42019271850586,14.719765663146973,31.135942459106445,-8.291414260864258,-1.6993228197097778,5.929956436157227
frame_000293.png,56.7532958984375,14.797497749328613,31.260181427001953,-8.33481216430664,-1.7171201705932617,5.97429895401001
frame_000294.png,57.09123229980469,14.869943618774414,31.361492156982422,-8.37293529510498,-1.7363064289093018,6.01353120803833
frame_000295.png,57.43968200683594,14.942174911499023,31.44730567932129,-8.412331581115723,-1.7560992240905762,6.0471343994140625
frame_000296.png,57.799415588378906,15.014039039611816,31.52219581604004,-8.453509330749512,-1.7763341665267944,6.073301792144775
frame_000297.png,58.16981887817383,15.086669921875,31.58932876586914,-8.494972229003906,-1.7968199253082275,6.096059799194336
frame_000298.png,58.545143127441406,15.16172981262207,31.648338317871094,-8.534217834472656,-1.8183174133300781,6.115298271179199
frame_000299.png,58.921939849853516,15.238051414489746,31.703678131103516,-8.572343826293945,-1.8404288291931152,6.1320390701293945
frame_000300.png,59.30448532104492,15.31623363494873,31.756139755249023,-8.609500885009766,-1.8635547161102295,6.1494340896606445
frame_000301.png,59.69147491455078,15.396439552307129,31.805461883544922,-8.646869659423828,-1.8868966102600098,6.164440155029297
frame_000302.png,60.08206558227539,15.478204727172852,31.854446411132812,-8.682568550109863,-1.9104809761047363,6.178819179534912
frame_000303.png,60.47210693359375,15.560077667236328,31.90235137939453,-8.71674919128418,-1.9346050024032593,6.194955348968506
frame_000304.png,60.85739517211914,15.642651557922363,31.94913673400879,-8.752798080444336,-1.9599896669387817,6.2128071784973145
frame_000305.png,61.2361946105957,15.725500106811523,32.00381851196289,-8.790242195129395,-1.9867228269577026,6.229676246643066
frame_000306.png,61.610084533691406,15.809906959533691,32.067405700683594,-8.827831268310547,-2.0149710178375244,6.245599269866943
frame_000307.png,61.982330322265625,15.893641471862793,32.13564682006836,-8.867375373840332,-2.0441932678222656,6.26120662689209
frame_000308.png,62.35638427734375,15.977184295654297,32.20658874511719,-8.907279968261719,-2.074120044708252,6.27409553527832
frame_000309.png,62.732295989990234,16.06072235107422,32.28041076660156,-8.947907447814941,-2.105029582977295,6.282931327819824
frame_000310.png,63.111122131347656,16.142526626586914,32.354732513427734,-8.987214088439941,-2.1367759704589844,6.287673473358154
frame_000311.png,63.49305725097656,16.22403907775879,32.43112564086914,-9.023809432983398,-2.169734001159668,6.289677143096924
frame_000312.png,63.87660217285156,16.30333137512207,32.50422286987305,-9.055538177490234,-2.2024574279785156,6.286706447601318
frame_000313.png,64.26233673095703,16.378751754760742,32.567909240722656,-9.083503723144531,-2.235025644302368,6.279384136199951
frame_000314.png,64.6518783569336,16.450641632080078,32.623504638671875,-9.107718467712402,-2.2684686183929443,6.268591403961182
frame_000315.png,65.0450210571289,16.519466400146484,32.66913604736328,-9.132862091064453,-2.303105115890503,6.25540018081665
frame_000316.png,65.4443588256836,16.58563995361328,32.70767593383789,-9.160052299499512,-2.3387603759765625,6.240723609924316
frame_000317.png,65.84944152832031,16.650470733642578,32.744529724121094,-9.188033103942871,-2.3744614124298096,6.224315643310547
frame_000318.png,66.25691223144531,16.715087890625,32.78297805786133,-9.21610164642334,-2.4097225666046143,6.208175182342529
frame_000319.png,66.66732025146484,16.779861450195312,32.820213317871094,-9.24491024017334,-2.4454128742218018,6.193912029266357
frame_000320.png,67.07898712158203,16.84416961669922,32.85560607910156,-9.275171279907227,-2.4819159507751465,6.183666706085205
frame_000321.png,67.48965454101562,16.908227920532227,32.89170837402344,-9.307607650756836,-2.5192060470581055,6.176779270172119
frame_000322.png,67.8984146118164,16.971920013427734,32.927337646484375,-9.343149185180664,-2.557605743408203,6.171551704406738
frame_000323.png,68.30601501464844,17.034034729003906,32.96162033081055,-9.381319046020508,-2.5964560508728027,6.166630744934082
frame_000324.png,68.71440124511719,17.094097137451172,32.99226379394531,-9.421549797058105,-2.6352498531341553,6.161441326141357
frame_000325.png,69.12052154541016,17.15289878845215,33.021568298339844,-9.464241027832031,-2.6746413707733154,6.154548168182373
frame_000326.png,69.52513885498047,17.210674285888672,33.051971435546875,-9.50854206085205,-2.7138679027557373,6.144487380981445
frame_000327.png,69.92707061767578,17.266551971435547,33.079559326171875,-9.554404258728027,-2.7526485919952393,6.131006717681885
frame_000328.png,70.32670593261719,17.32223892211914,33.106422424316406,-9.601239204406738,-2.7903809547424316,6.1111159324646
frame_000329.png,70.72669219970703,17.376575469970703,33.130859375,-9.647828102111816,-2.8280248641967773,6.083758354187012
frame_000330.png,71.13101196289062,17.429115295410156,33.149478912353516,-9.692012786865234,-2.865826368331909,6.04775857925415
frame_000331.png,71.54302978515625,17.479829788208008,33.16401290893555,-9.734114646911621,-2.9026167392730713,6.004435062408447
frame_000332.png,71.96087646484375,17.531841278076172,33.17522430419922,-9.772375106811523,-2.9388654232025146,5.950274467468262
frame_000333.png,72.38516998291016,17.58506965637207,33.18730926513672,-9.810892105102539,-2.974825382232666,5.8856329917907715
frame_000334.png,72.81758880615234,17.641637802124023,33.19720458984375,-9.849297523498535,-3.0095274448394775,5.809868812561035
frame_000335.png,73.25725555419922,17.69670295715332,33.197593688964844,-9.890416145324707,-3.044257402420044,5.726813316345215
frame_000336.png,73.70274353027344,17.752229690551758,33.19447708129883,-9.93486499786377,-3.0795390605926514,5.639658451080322
frame_000337.png,74.14988708496094,17.80853843688965,33.18828201293945,-9.981245040893555,-3.114891767501831,5.548166275024414
frame_000338.png,74.58589172363281,17.863290786743164,33.171939849853516,-10.032556533813477,-3.1490073204040527,5.457031726837158
frame_000339.png,75.01195526123047,17.915599822998047,33.14531707763672,-10.088594436645508,-3.182853937149048,5.374668598175049
frame_000340.png,75.42601013183594,17.960086822509766,33.11095428466797,-10.152872085571289,-3.2136600017547607,5.302859306335449
frame_000341.png,75.82913970947266,17.998159408569336,33.058414459228516,-10.218315124511719,-3.240900993347168,5.228600978851318
frame_000342.png,76.21797180175781,18.030967712402344,32.9926643371582,-10.282939910888672,-3.266436815261841,5.150317668914795
frame_000343.png,76.5943603515625,18.060195922851562,32.92267608642578,-10.354491233825684,-3.2902050018310547,5.075116157531738
frame_000344.png,76.95663452148438,18.086915969848633,32.85375213623047,-10.439460754394531,-3.3149008750915527,5.00743293762207
frame_000345.png,77.30221557617188,18.111934661865234,32.79277420043945,-10.536924362182617,-3.338594675064087,4.946704387664795
frame_000346.png,77.63156127929688,18.13625144958496,32.74253845214844,-10.645891189575195,-3.359818696975708,4.896164417266846
frame_000347.png,77.94829559326172,18.160743713378906,32.70645523071289,-10.763823509216309,-3.378039836883545,4.8578996658325195
frame_000348.png,78.2523422241211,18.187299728393555,32.68637466430664,-10.887537956237793,-3.391587257385254,4.8294830322265625
frame_000349.png,78.54600524902344,18.215490341186523,32.67924880981445,-11.015118598937988,-3.400096893310547,4.808364391326904
frame_000350.png,78.8319091796875,18.244314193725586,32.683963775634766,-11.146483421325684,-3.4057204723358154,4.795598983764648
frame_000351.png,79.11083221435547,18.2731876373291,32.69826889038086,-11.280686378479004,-3.410159111022949,4.789484977722168
frame_000352.png,79.38316345214844,18.30309295654297,32.719322204589844,-11.41550350189209,-3.412898063659668,4.785374164581299
frame_000353.png,79.65083312988281,18.333349227905273,32.74585723876953,-11.549086570739746,-3.4148218631744385,4.783181190490723
frame_000354.png,79.9178466796875,18.363353729248047,32.77789306640625,-11.677865982055664,-3.416806697845459,4.78240966796875
frame_000355.png,80.18682861328125,18.393163681030273,32.81342697143555,-11.800223350524902,-3.4178967475891113,4.78648042678833
frame_000356.png,80.456298828125,18.42177391052246,32.848175048828125,-11.916090965270996,-3.420095443725586,4.7959747314453125
frame_000357.png,80.7253189086914,18.44839096069336,32.88357162475586,-12.024592399597168,-3.4238193035125732,4.8082804679870605
frame_000358.png,80.99758911132812,18.47523307800293,32.915985107421875,-12.125934600830078,-3.4285624027252197,4.8180623054504395
frame_000359.png,81.2806625366211,18.502843856811523,32.9427375793457,-12.211564064025879,-3.435120105743408,4.822860240936279
frame_000360.png,81.57479095458984,18.534067153930664,32.96776580810547,-12.286901473999023,-3.447801113128662,4.822470664978027
frame_000361.png,81.87616729736328,18.57185935974121,32.99497604370117,-12.35601806640625,-3.463284730911255,4.814774990081787
frame_000362.png,82.18502807617188,18.621265411376953,33.03062057495117,-12.416099548339844,-3.479593515396118,4.795627593994141
frame_000363.png,82.49967956542969,18.677040100097656,33.06884002685547,-12.470880508422852,-3.4964864253997803,4.770985126495361
frame_000364.png,82.8167495727539,18.735944747924805,33.10734558105469,-12.524724960327148,-3.513511896133423,4.74094295501709
frame_000365.png,83.13909149169922,18.793428421020508,33.13758087158203,-12.575943946838379,-3.5313122272491455,4.71090030670166
frame_000366.png,83.45854949951172,18.845945358276367,33.158226013183594,-12.62374496459961,-3.5489065647125244,4.6866865158081055
frame_000367.png,83.7667236328125,18.895130157470703,33.170223236083984,-12.670319557189941,-3.5659635066986084,4.665358543395996
frame_000368.png,84.06422424316406,18.941085815429688,33.16595458984375,-12.713532447814941,-3.5818428993225098,4.644127368927002
frame_000369.png,84.35733795166016,18.98509407043457,33.14597702026367,-12.750569343566895,-3.594026803970337,4.623524188995361
frame_000370.png,84.64232635498047,19.027578353881836,33.11246109008789,-12.784355163574219,-3.6029880046844482,4.602832794189453
frame_000371.png,84.92489624023438,19.06882095336914,33.075408935546875,-12.815011978149414,-3.6098086833953857,4.580978870391846
frame_000372.png,85.20111846923828,19.109779357910156,33.038700103759766,-12.841612815856934,-3.6156420707702637,4.558643341064453
frame_000373.png,85.47330474853516,19.151350021362305,33.00424575805664,-12.866432189941406,-3.618314504623413,4.5288896560668945
frame_000374.png,85.7420425415039,19.1940860748291,32.97543716430664,-12.883463859558105,-3.6206068992614746,4.492585182189941
frame_000375.png,86.0127182006836,19.23601722717285,32.94689178466797,-12.89451789855957,-3.620439052581787,4.453335762023926
frame_000376.png,86.2845687866211,19.277599334716797,32.92954635620117,-12.907140731811523,-3.6188204288482666,4.414515972137451
frame_000377.png,86.55298614501953,19.32067108154297,32.927921295166016,-12.920509338378906,-3.6162350177764893,4.372194766998291
frame_000378.png,86.80945587158203,19.368925094604492,32.93455123901367,-12.93235969543457,-3.6139473915100098,4.327326774597168
frame_000379.png,87.05947875976562,19.421646118164062,32.94244384765625,-12.940951347351074,-3.6094298362731934,4.28086519241333
frame_000380.png,87.31517028808594,19.480030059814453,32.949440002441406,-12.955421447753906,-3.6060495376586914,4.242908000946045
frame_000381.png,87.59628295898438,19.54738998413086,32.96929168701172,-12.982053756713867,-3.610020399093628,4.220871925354004
frame_000382.png,87.90594482421875,19.62412452697754,33.009368896484375,-13.019397735595703,-3.6206212043762207,4.208555221557617
frame_000383.png,88.23113250732422,19.706966400146484,33.06523513793945,-13.063923835754395,-3.6365201473236084,4.198511600494385
frame_000384.png,88.5627670288086,19.79440689086914,33.12914276123047,-13.111626625061035,-3.6554386615753174,4.188000202178955
frame_000385.png,88.89591217041016,19.885164260864258,33.203102111816406,-13.162419319152832,-3.677605152130127,4.173433780670166
frame_000386.png,89.22689819335938,19.97817039489746,33.28895568847656,-13.214882850646973,-3.7018661499023438,4.154001235961914
frame_000387.png,89.55680084228516,20.073101043701172,33.38458251953125,-13.26885986328125,-3.7266626358032227,4.131535053253174
frame_000388.png,89.8846664428711,20.17007064819336,33.48646926879883,-13.324613571166992,-3.751577854156494,4.1069464683532715
frame_000389.png,90.21190643310547,20.269920349121094,33.592166900634766,-13.383574485778809,-3.7764692306518555,4.0802741050720215
frame_000390.png,90.53999328613281,20.37173080444336,33.70043182373047,-13.444738388061523,-3.7993392944335938,4.055511951446533
frame_000391.png,90.86409759521484,20.472837448120117,33.809879302978516,-13.5064058303833,-3.8173701763153076,4.030821323394775
frame_000392.png,91.18428039550781,20.572731018066406,33.917633056640625,-13.570318222045898,-3.8320722579956055,4.0086164474487305
frame_000393.png,91.50115966796875,20.67218017578125,34.027225494384766,-13.633209228515625,-3.8449692726135254,3.9901282787323
frame_000394.png,91.8151626586914,20.771636962890625,34.143463134765625,-13.697750091552734,-3.856097936630249,3.9732437133789062
frame_000395.png,92.12647247314453,20.87037467956543,34.27023696899414,-13.761982917785645,-3.866436243057251,3.958298444747925
frame_000396.png,92.4337387084961,20.96831703186035,34.41278076171875,-13.830632209777832,-3.8747358322143555,3.9407224655151367
frame_000397.png,92.73381042480469,21.060230255126953,34.569129943847656,-13.9002685546875,-3.880305051803589,3.9237585067749023
frame_000398.png,93.01510620117188,21.145923614501953,34.74574661254883,-13.977530479431152,-3.886002540588379,3.917450189590454
frame_000399.png,93.27719116210938,21.23196792602539,34.93382263183594,-14.054117202758789,-3.892895221710205,3.9185564517974854
frame_000400.png,93.51191711425781,21.318363189697266,35.141815185546875,-14.132448196411133,-3.9009459018707275,3.925428867340088
frame_000401.png,93.72430419921875,21.405729293823242,35.37122344970703,-14.21394157409668,-3.9116427898406982,3.9335684776306152
frame_000402.png,93.92085266113281,21.497377395629883,35.619754791259766,-14.296417236328125,-3.9287097454071045,3.9417724609375
frame_000403.png,94.10240936279297,21.592618942260742,35.88270568847656,-14.384451866149902,-3.952181339263916,3.9451398849487305
frame_000404.png,94.28106689453125,21.691434860229492,36.15022659301758,-14.470806121826172,-3.9820995330810547,3.945983409881592
frame_000405.png,94.4439926147461,21.792133331298828,36.421817779541016,-14.560227394104004,-4.016944408416748,3.949944019317627
frame_000406.png,94.58258056640625,21.889801025390625,36.69636917114258,-14.651098251342773,-4.055263519287109,3.955911636352539
frame_000407.png,94.70813751220703,21.98257827758789,36.961788177490234,-14.747265815734863,-4.092042446136475,3.957392454147339
frame_000408.png,94.82694244384766,22.074087142944336,37.222476959228516,-14.846813201904297,-4.126129627227783,3.9553732872009277
frame_000409.png,94.92711639404297,22.16069221496582,37.4996337890625,-14.950618743896484,-4.1571431159973145,3.948415994644165
frame_000410.png,95.00641632080078,22.235301971435547,37.811885833740234,-15.054973602294922,-4.182257175445557,3.9295549392700195
frame_000411.png,95.06587219238281,22.29349136352539,38.15735626220703,-15.152117729187012,-4.200589179992676,3.902409076690674
frame_000412.png,95.11249542236328,22.338640213012695,38.524940490722656,-15.240067481994629,-4.21115255355835,3.871124505996704
frame_000413.png,95.15284729003906,22.375871658325195,38.906002044677734,-15.319295883178711,-4.2175984382629395,3.835817575454712
frame_000414.png,95.19068145751953,22.412357330322266,39.295921325683594,-15.396004676818848,-4.225640773773193,3.7979681491851807
frame_000415.png,95.22798156738281,22.45492172241211,39.68620681762695,-15.472896575927734,-4.236517906188965,3.7563228607177734
frame_000416.png,95.26382446289062,22.502635955810547,40.07450866699219,-15.553027153015137,-4.250260353088379,3.710090160369873
frame_000417.png,95.30094146728516,22.556249618530273,40.453548431396484,-15.636167526245117,-4.2654852867126465,3.6617634296417236
frame_000418.png,95.34391021728516,22.617839813232422,40.81769561767578,-15.721705436706543,-4.2817888259887695,3.609304428100586
frame_000419.png,95.38761138916016,22.687063217163086,41.168643951416016,-15.80689811706543,-4.298672199249268,3.5521326065063477
frame_000420.png,95.42996215820312,22.762971878051758,41.51279830932617,-15.888558387756348,-4.314949035644531,3.493021011352539
frame_000421.png,95.4700927734375,22.840391159057617,41.8553466796875,-15.970972061157227,-4.329801559448242,3.43167781829834
frame_000422.png,95.51115417480469,22.921045303344727,42.198577880859375,-16.051372528076172,-4.341516017913818,3.369671106338501
frame_000423.png,95.55229949951172,23.00031852722168,42.542564392089844,-16.13328742980957,-4.351247787475586,3.3087992668151855
frame_000424.png,95.593505859375,23.07533073425293,42.88621139526367,-16.216163635253906,-4.359302043914795,3.247609853744507
frame_000425.png,95.63787841796875,23.145771026611328,43.227054595947266,-16.297813415527344,-4.366273880004883,3.1866507530212402
frame_000426.png,95.68558502197266,23.21044921875,43.563194274902344,-16.377197265625,-4.371706962585449,3.124422073364258
frame_000427.png,95.73709106445312,23.26852035522461,43.8958740234375,-16.453094482421875,-4.375985622406006,3.0627877712249756
frame_000428.png,95.79434204101562,23.31873893737793,44.22454071044922,-16.52475357055664,-4.378706455230713,3.002891778945923
frame_000429.png,95.85779571533203,23.359861373901367,44.54342269897461,-16.591257095336914,-4.380085468292236,2.947744607925415
frame_000430.png,95.92784881591797,23.392152786254883,44.84857177734375,-16.651634216308594,-4.381580352783203,2.901069402694702
frame_000431.png,96.01193237304688,23.415925979614258,45.12909698486328,-16.709077835083008,-4.383132457733154,2.8674612045288086
frame_000432.png,96.10784149169922,23.43265151977539,45.38007354736328,-16.76412010192871,-4.389389991760254,2.8485774993896484
frame_000433.png,96.21431732177734,23.444364547729492,45.60445022583008,-16.82072639465332,-4.401957035064697,2.846076488494873
frame_000434.png,96.33036041259766,23.453933715820312,45.81389236450195,-16.878267288208008,-4.416658401489258,2.8569607734680176
frame_000435.png,96.46026611328125,23.46475601196289,46.0106201171875,-16.932313919067383,-4.4330620765686035,2.8806142807006836
frame_000436.png,96.6010971069336,23.48003578186035,46.20252227783203,-16.979873657226562,-4.449326515197754,2.913452625274658
frame_000437.png,96.75140380859375,23.50211524963379,46.39191436767578,-17.019649505615234,-4.463412761688232,2.9561057090759277
frame_000438.png,96.90681457519531,23.530588150024414,46.5843391418457,-17.050640106201172,-4.47219181060791,3.0130419731140137
frame_000439.png,97.07366180419922,23.5622615814209,46.77386474609375,-17.0778865814209,-4.475263595581055,3.0888986587524414
frame_000440.png,97.2493896484375,23.59488868713379,46.97010040283203,-17.104190826416016,-4.475074291229248,3.180860757827759
frame_000441.png,97.4325180053711,23.628772735595703,47.172393798828125,-17.126237869262695,-4.470303058624268,3.2869012355804443
frame_000442.png,97.61834716796875,23.664142608642578,47.38090896606445,-17.152265548706055,-4.465998649597168,3.400583028793335
frame_000443.png,97.80320739746094,23.699913024902344,47.601112365722656,-17.185731887817383,-4.4652814865112305,3.5215611457824707
frame_000444.png,97.98538970947266,23.736276626586914,47.84060287475586,-17.22629737854004,-4.46632194519043,3.6488115787506104
frame_000445.png,98.1654281616211,23.772802352905273,48.10296630859375,-17.274982452392578,-4.466536521911621,3.7787742614746094
frame_000446.png,98.3395767211914,23.808765411376953,48.384098052978516,-17.334468841552734,-4.465646743774414,3.9121510982513428
frame_000447.png,98.50212097167969,23.839553833007812,48.6904411315918,-17.40276527404785,-4.461245536804199,4.048325061798096
frame_000448.png,98.64733123779297,23.86505126953125,49.02839660644531,-17.476659774780273,-4.4512410163879395,4.184790134429932
frame_000449.png,98.77913665771484,23.887693405151367,49.395668029785156,-17.554555892944336,-4.4361395835876465,4.324026584625244
frame_000450.png,98.89576721191406,23.90868377685547,49.790496826171875,-17.63578224182129,-4.416866302490234,4.4698638916015625
frame_000451.png,99.00131225585938,23.927383422851562,50.20293045043945,-17.719791412353516,-4.39438533782959,4.623379707336426
frame_000452.png,99.09590911865234,23.94634437561035,50.631778717041016,-17.806427001953125,-4.369682788848877,4.785472393035889
frame_000453.png,99.17839050292969,23.966781616210938,51.06243133544922,-17.8931827545166,-4.344599723815918,4.954387664794922
frame_000454.png,99.25809478759766,23.991966247558594,51.48931121826172,-17.980003356933594,-4.320555210113525,5.126380920410156
frame_000455.png,99.3368148803711,24.018918991088867,51.91461181640625,-18.06337547302246,-4.29485559463501,5.303757667541504
frame_000456.png,99.41264343261719,24.046545028686523,52.32617950439453,-18.145111083984375,-4.2723212242126465,5.488958835601807
frame_000457.png,99.4941177368164,24.07892417907715,52.71650314331055,-18.22125244140625,-4.256354331970215,5.6750359535217285
frame_000458.png,99.5847396850586,24.116806030273438,53.080623626708984,-18.293386459350586,-4.24668550491333,5.859801292419434
frame_000459.png,99.68791961669922,24.1607723236084,53.421749114990234,-18.360652923583984,-4.240539073944092,6.039626121520996
frame_000460.png,99.80448150634766,24.210298538208008,53.74211502075195,-18.42534637451172,-4.235942363739014,6.214018821716309
frame_000461.png,99.93760681152344,24.264774322509766,54.046836853027344,-18.49205207824707,-4.232800483703613,6.380151271820068
frame_000462.png,100.0860366821289,24.321853637695312,54.343238830566406,-18.563783645629883,-4.2285871505737305,6.543225288391113
frame_000463.png,100.24829864501953,24.381155014038086,54.632774353027344,-18.641555786132812,-4.2215423583984375,6.6977763175964355
frame_000464.png,100.42110443115234,24.443391799926758,54.922584533691406,-18.721424102783203,-4.2079758644104,6.840429306030273
frame_000465.png,100.60038757324219,24.50691032409668,55.214134216308594,-18.8056640625,-4.188095569610596,6.975427627563477
frame_000466.png,100.7918472290039,24.572795867919922,55.5037956237793,-18.890445709228516,-4.1653900146484375,7.099372386932373
frame_000467.png,100.99386596679688,24.63827133178711,55.79343795776367,-18.97593116760254,-4.141751766204834,7.210937976837158
frame_000468.png,101.20060729980469,24.703022003173828,56.08034896850586,-19.06505584716797,-4.118115425109863,7.309882640838623
frame_000469.png,101.40950012207031,24.769092559814453,56.36464309692383,-19.156198501586914,-4.096261978149414,7.395190238952637
frame_000470.png,101.61620330810547,24.83795738220215,56.651546478271484,-19.248567581176758,-4.0743303298950195,7.465546607971191
frame_000471.png,101.82148742675781,24.907052993774414,56.94108963012695,-19.34429359436035,-4.049947738647461,7.518721103668213
frame_000472.png,102.02680969238281,24.978052139282227,57.23678207397461,-19.439586639404297,-4.025632858276367,7.559323787689209
frame_000473.png,102.23062133789062,25.05134391784668,57.53510665893555,-19.532669067382812,-4.002169609069824,7.591174125671387
frame_000474.png,102.43622589111328,25.127946853637695,57.83323669433594,-19.62222671508789,-3.978100299835205,7.618334770202637
frame_000475.png,102.6422119140625,25.205280303955078,58.13363265991211,-19.707115173339844,-3.954286813735962,7.641077995300293
frame_000476.png,102.84480285644531,25.28437042236328,58.43271255493164,-19.787919998168945,-3.9311814308166504,7.659482955932617
frame_000477.png,103.04167175292969,25.364809036254883,58.726261138916016,-19.864295959472656,-3.9096431732177734,7.673288822174072
frame_000478.png,103.23165893554688,25.443817138671875,59.01138687133789,-19.93628692626953,-3.8902904987335205,7.682673931121826
frame_000479.png,103.41461181640625,25.519184112548828,59.28949737548828,-20.005298614501953,-3.872351884841919,7.686715602874756
frame_000480.png,103.59346771240234,25.590927124023438,59.562381744384766,-20.073118209838867,-3.854825019836426,7.687328815460205
frame_000481.png,103.76569366455078,25.65930938720703,59.83171844482422,-20.14008331298828,-3.8382060527801514,7.6893205642700195
frame_000482.png,103.93186950683594,25.725263595581055,60.09659194946289,-20.20622444152832,-3.8216969966888428,7.693016529083252
frame_000483.png,104.09481811523438,25.789918899536133,60.359519958496094,-20.27191162109375,-3.805333375930786,7.700035572052002
frame_000484.png,104.25110626220703,25.85371208190918,60.620872497558594,-20.33741569519043,-3.790390968322754,7.712717056274414
frame_000485.png,104.39592742919922,25.915632247924805,60.88304138183594,-20.406171798706055,-3.7786800861358643,7.727622032165527
frame_000486.png,104.5297622680664,25.97382354736328,61.14260482788086,-20.47759246826172,-3.771279811859131,7.743762493133545
frame_000487.png,104.65399932861328,26.029653549194336,61.400333404541016,-20.550851821899414,-3.765935182571411,7.762223243713379
frame_000488.png,104.77017974853516,26.08255386352539,61.661319732666016,-20.626708984375,-3.7611794471740723,7.787075042724609
frame_000489.png,104.87722778320312,26.13313865661621,61.927268981933594,-20.70082664489746,-3.7572062015533447,7.822265148162842
frame_000490.png,104.98049926757812,26.18024444580078,62.19622802734375,-20.782432556152344,-3.755000114440918,7.8640923500061035
frame_000491.png,105.07257843017578,26.2296085357666,62.47471237182617,-20.87077522277832,-3.75313138961792,7.9159345626831055
frame_000492.png,105.16096496582031,26.283662796020508,62.76401138305664,-20.962646484375,-3.754824161529541,7.974244594573975
frame_000493.png,105.26313018798828,26.34471893310547,63.0689582824707,-21.054428100585938,-3.760993242263794,8.035189628601074
frame_000494.png,105.37626647949219,26.40998649597168,63.39128875732422,-21.143558502197266,-3.77329683303833,8.101823806762695
frame_000495.png,105.49278259277344,26.478431701660156,63.6987419128418,-21.23288917541504,-3.7884716987609863,8.168843269348145
frame_000496.png,105.59672546386719,26.56022071838379,64.01800537109375,-21.324542999267578,-3.8014941215515137,8.22108268737793
frame_000497.png,105.69593811035156,26.646333694458008,64.35630798339844,-21.416980743408203,-3.814643144607544,8.281709671020508
frame_000498.png,105.81828308105469,26.729598999023438,64.69990539550781,-21.50313949584961,-3.832941770553589,8.361809730529785
frame_000499.png,105.95804595947266,26.813880920410156,65.05243682861328,-21.58833122253418,-3.855104923248291,8.453622817993164
frame_000500.png,106.10311126708984,26.89410972595215,65.40666198730469,-21.669462203979492,-3.870258331298828,8.535877227783203
frame_000501.png,106.2318115234375,26.966571807861328,65.76972198486328,-21.750028610229492,-3.884633779525757,8.600857734680176
frame_000502.png,106.35238647460938,27.031518936157227,66.1383285522461,-21.83418083190918,-3.8911402225494385,8.65361213684082
frame_000503.png,106.46991729736328,27.09622573852539,66.51334381103516,-21.933345794677734,-3.8861043453216553,8.69062328338623
frame_000504.png,106.60839080810547,27.156145095825195,66.87501525878906,-22.035043716430664,-3.8769571781158447,8.731648445129395
frame_000505.png,106.7242202758789,27.211275100708008,67.21421813964844,-22.12639808654785,-3.8639745712280273,8.79572582244873
frame_000506.png,106.82215881347656,27.268341064453125,67.52742767333984,-22.1981143951416,-3.849780797958374,8.8565092086792
frame_000507.png,106.91554260253906,27.320703506469727,67.8314437866211,-22.236827850341797,-3.8381760120391846,8.912660598754883
frame_000508.png,106.98882293701172,27.377553939819336,68.12545013427734,-22.24708366394043,-3.829439163208008,8.967927932739258
frame_000509.png,107.03055572509766,27.428699493408203,68.41834259033203,-22.249399185180664,-3.82588791847229,9.019017219543457
frame_000510.png,107.03997039794922,27.471263885498047,68.7054672241211,-22.24402618408203,-3.8319571018218994,9.066535949707031
frame_000511.png,107.00928497314453,27.502946853637695,68.98135375976562,-22.228164672851562,-3.843806028366089,9.104265213012695
frame_000512.png,106.9526596069336,27.52801513671875,69.26011657714844,-22.200742721557617,-3.854407548904419,9.144712448120117
frame_000513.png,106.87857818603516,27.543886184692383,69.54109191894531,-22.178422927856445,-3.8605728149414062,9.198931694030762
frame_000514.png,106.80196380615234,27.550214767456055,69.8115463256836,-22.166500091552734,-3.8649208545684814,9.262758255004883
frame_000515.png,106.737060546875,27.554563522338867,70.07149505615234,-22.165468215942383,-3.8663761615753174,9.317641258239746
frame_000516.png,106.71126556396484,27.570415496826172,70.31917572021484,-22.190847396850586,-3.8632047176361084,9.350128173828125
frame_000517.png,106.7223129272461,27.602582931518555,70.57257080078125,-22.23624610900879,-3.8583502769470215,9.362338066101074
frame_000518.png,106.7649154663086,27.64775276184082,70.83935546875,-22.295333862304688,-3.854814291000366,9.364850997924805
frame_000519.png,106.83323669433594,27.700424194335938,71.11053466796875,-22.368465423583984,-3.8507378101348877,9.3596830368042
frame_000520.png,106.9030532836914,27.7601318359375,71.37339782714844,-22.448843002319336,-3.8409996032714844,9.33255672454834
frame_000521.png,106.97740936279297,27.828887939453125,71.63790893554688,-22.541885375976562,-3.829458713531494,9.288692474365234
frame_000522.png,107.07360076904297,27.90294647216797,71.8899154663086,-22.639785766601562,-3.8192522525787354,9.2476224899292
frame_000523.png,107.18824005126953,27.9742374420166,72.1323471069336,-22.736183166503906,-3.8124639987945557,9.215127944946289
frame_000524.png,107.3254623413086,28.044471740722656,72.35802459716797,-22.830060958862305,-3.8088409900665283,9.187583923339844
frame_000525.png,107.48638916015625,28.11231231689453,72.56745147705078,-22.925302505493164,-3.8078744411468506,9.169920921325684
frame_000526.png,107.65592956542969,28.18330955505371,72.76937103271484,-23.02023696899414,-3.809584856033325,9.156944274902344
frame_000527.png,107.8234634399414,28.25263023376465,72.94055938720703,-23.112356185913086,-3.8137667179107666,9.141650199890137
frame_000528.png,107.97908020019531,28.322425842285156,73.08102416992188,-23.184669494628906,-3.825620412826538,9.119997024536133
frame_000529.png,108.12842559814453,28.392784118652344,73.20149230957031,-23.238954544067383,-3.838041067123413,9.110810279846191
frame_000530.png,108.2646713256836,28.45602798461914,73.3280029296875,-23.28439712524414,-3.840625762939453,9.125480651855469
frame_000531.png,108.37984466552734,28.51888656616211,73.46015930175781,-23.32291603088379,-3.8366153240203857,9.14552116394043
frame_000532.png,108.47127532958984,28.57210350036621,73.57759094238281,-23.365121841430664,-3.8295276165008545,9.154915809631348
frame_000533.png,108.58200073242188,28.62326431274414,73.69049072265625,-23.40787124633789,-3.8212873935699463,9.154386520385742
frame_000534.png,108.73053741455078,28.666526794433594,73.78196716308594,-23.451467514038086,-3.815908908843994,9.157864570617676
frame_000535.png,108.93030548095703,28.703718185424805,73.84251403808594,-23.514087677001953,-3.807746171951294,9.159364700317383
frame_000536.png,109.11454010009766,28.74429702758789,73.88956451416016,-23.59766387939453,-3.8024837970733643,9.134347915649414
frame_000537.png,109.2953872680664,28.792133331298828,73.9291763305664,-23.703237533569336,-3.797442674636841,9.092610359191895
frame_000538.png,109.46697998046875,28.854045867919922,74.01629638671875,-23.809226989746094,-3.797264337539673,9.052464485168457
frame_000539.png,109.62307739257812,28.921903610229492,74.130859375,-23.92415428161621,-3.8181285858154297,9.021028518676758
frame_000540.png,109.74432373046875,28.98271369934082,74.26393127441406,-24.045347213745117,-3.852264165878296,9.020463943481445
frame_000541.png,109.8793716430664,29.031692504882812,74.40684509277344,-24.178577423095703,-3.8891053199768066,9.026973724365234
frame_000542.png,110.0181884765625,29.095794677734375,74.6097640991211,-24.297060012817383,-3.929434299468994,8.997431755065918
frame_000543.png,110.16095733642578,29.186134338378906,74.84208679199219,-24.40928077697754,-3.9543192386627197,8.94582462310791
frame_000544.png,110.32594299316406,29.29510498046875,75.04978942871094,-24.497413635253906,-3.9718494415283203,8.90754222869873
frame_000545.png,110.49503326416016,29.399150848388672,75.21904754638672,-24.569799423217773,-3.9903430938720703,8.866413116455078
frame_000546.png,110.67000579833984,29.51129150390625,75.38726806640625,-24.636899948120117,-3.9967703819274902,8.818550109863281
frame_000547.png,110.83857727050781,29.632503509521484,75.5714111328125,-24.68846893310547,-3.997889518737793,8.77117919921875
frame_000548.png,110.98119354248047,29.7502498626709,75.78622436523438,-24.728593826293945,-3.994688034057617,8.738780975341797
frame_000549.png,111.11859893798828,29.86239242553711,76.02007293701172,-24.772937774658203,-3.991624116897583,8.704094886779785
frame_000550.png,111.26618957519531,29.961933135986328,76.264892578125,-24.830842971801758,-3.989964246749878,8.689679145812988
frame_000551.png,111.39537811279297,30.04059410095215,76.51937866210938,-24.898963928222656,-3.988741159439087,8.70311450958252
frame_000552.png,111.52555847167969,30.10222816467285,76.79218292236328,-24.95791244506836,-3.984537124633789,8.712411880493164
frame_000553.png,111.638427734375,30.16016387939453,77.09265899658203,-25.019176483154297,-3.991105556488037,8.708240509033203
frame_000554.png,111.75068664550781,30.231447219848633,77.4129638671875,-25.09157371520996,-3.9977657794952393,8.680699348449707
frame_000555.png,111.86776733398438,30.310094833374023,77.70510864257812,-25.16691017150879,-4.0114898681640625,8.633657455444336
frame_000556.png,112.01712799072266,30.39248275756836,77.94703674316406,-25.21988868713379,-4.021432399749756,8.573866844177246
frame_000557.png,112.17684173583984,30.47440528869629,78.15853881835938,-25.25030517578125,-4.030787944793701,8.502629280090332
frame_000558.png,112.33197021484375,30.552343368530273,78.3514175415039,-25.267480850219727,-4.0366082191467285,8.433954238891602
frame_000559.png,112.48992919921875,30.6296443939209,78.54399871826172,-25.288604736328125,-4.037560939788818,8.360841751098633
frame_000560.png,112.65788269042969,30.703168869018555,78.73737335205078,-25.321313858032227,-4.03355073928833,8.292160987854004
frame_000561.png,112.8355484008789,30.776138305664062,78.93916320800781,-25.3703670501709,-4.016515254974365,8.224181175231934
frame_000562.png,112.98394012451172,30.852008819580078,79.1225814819336,-25.435890197753906,-3.9988796710968018,8.155030250549316
frame_000563.png,113.09235382080078,30.919458389282227,79.32044219970703,-25.517601013183594,-3.994691848754883,8.091484069824219
frame_000564.png,113.20807647705078,30.99364471435547,79.52256774902344,-25.604084014892578,-3.9829587936401367,8.037260055541992
frame_000565.png,113.33440399169922,31.072978973388672,79.74005889892578,-25.694419860839844,-3.961479425430298,7.983343601226807
frame_000566.png,113.48326873779297,31.145044326782227,79.92837524414062,-25.774629592895508,-3.9410898685455322,7.944148540496826
frame_000567.png,113.64338684082031,31.197912216186523,80.0610122680664,-25.87889289855957,-3.9313061237335205,7.910942077636719
frame_000568.png,113.83199310302734,31.23154640197754,80.14268493652344,-25.978071212768555,-3.925961494445801,7.893166542053223
frame_000569.png,114.0080795288086,31.2700252532959,80.24934387207031,-26.079692840576172,-3.906116247177124,7.883739948272705
frame_000570.png,114.16755676269531,31.320188522338867,80.38043975830078,-26.16608428955078,-3.882967710494995,7.878123760223389
frame_000571.png,114.29692077636719,31.38686180114746,80.53045654296875,-26.24459457397461,-3.853999614715576,7.873016357421875
frame_000572.png,114.42143249511719,31.461030960083008,80.68232727050781,-26.3311824798584,-3.8250374794006348,7.860151767730713
frame_000573.png,114.55445861816406,31.52545738220215,80.79779815673828,-26.400938034057617,-3.790006637573242,7.863907337188721
frame_000574.png,114.71257781982422,31.585498809814453,80.87659454345703,-26.460159301757812,-3.7559356689453125,7.859738349914551
frame_000575.png,114.88508605957031,31.646686553955078,80.91744232177734,-26.512454986572266,-3.721757173538208,7.854620456695557
frame_000576.png,115.08283233642578,31.71869659423828,80.92401123046875,-26.578523635864258,-3.6860978603363037,7.853360652923584
frame_000577.png,115.3035659790039,31.80506706237793,80.913330078125,-26.651500701904297,-3.646517276763916,7.8513994216918945
frame_000578.png,115.52497863769531,31.89145851135254,80.88595581054688,-26.736528396606445,-3.607370615005493,7.8480119705200195
frame_000579.png,115.74390411376953,31.971839904785156,80.84867858886719,-26.829425811767578,-3.5690770149230957,7.8360724449157715
frame_000580.png,115.9629135131836,32.047157287597656,80.80081176757812,-26.929237365722656,-3.5329487323760986,7.820128440856934
frame_000581.png,116.19186401367188,32.122642517089844,80.74958801269531,-27.02399444580078,-3.5027737617492676,7.806244850158691
frame_000582.png,116.42501831054688,32.195472717285156,80.70345306396484,-27.111879348754883,-3.482403039932251,7.801300525665283
frame_000583.png,116.65845489501953,32.26778793334961,80.6664810180664,-27.1932373046875,-3.4701828956604004,7.804621696472168
frame_000584.png,116.89325714111328,32.34053039550781,80.62985229492188,-27.266883850097656,-3.467301845550537,7.807772159576416
frame_000585.png,117.125,32.41425704956055,80.59259033203125,-27.34046745300293,-3.4744203090667725,7.811933994293213
frame_000586.png,117.35655212402344,32.49094772338867,80.5511474609375,-27.413103103637695,-3.4887983798980713,7.813150405883789
frame_000587.png,117.58611297607422,32.569908142089844,80.51506042480469,-27.488489151000977,-3.5077967643737793,7.813355445861816
frame_000588.png,117.8122329711914,32.650482177734375,80.4906005859375,-27.565189361572266,-3.52901554107666,7.816359043121338
frame_000589.png,118.03276062011719,32.733280181884766,80.47821807861328,-27.642038345336914,-3.5516083240509033,7.824518203735352
frame_000590.png,118.24264526367188,32.81596374511719,80.47638702392578,-27.711334228515625,-3.573883295059204,7.844680309295654
frame_000591.png,118.4438705444336,32.9028434753418,80.47937774658203,-27.763648986816406,-3.594478130340576,7.8748626708984375
frame_000592.png,118.6438980102539,32.998470306396484,80.4827880859375,-27.799829483032227,-3.6110692024230957,7.906087875366211
frame_000593.png,118.84220123291016,33.09586715698242,80.4925765991211,-27.8255558013916,-3.623297929763794,7.937560081481934
frame_000594.png,119.04631805419922,33.191314697265625,80.49419403076172,-27.839319229125977,-3.6292080879211426,7.966272830963135
frame_000595.png,119.25396728515625,33.28706359863281,80.49244689941406,-27.838533401489258,-3.6331539154052734,7.996577262878418
frame_000596.png,119.45248413085938,33.38377380371094,80.50672149658203,-27.829734802246094,-3.637363910675049,8.022150993347168
frame_000597.png,119.64030456542969,33.48246765136719,80.53360748291016,-27.808488845825195,-3.6404366493225098,8.042684555053711
frame_000598.png,119.81352233886719,33.58161926269531,80.56934356689453,-27.776155471801758,-3.6415598392486572,8.054632186889648
frame_000599.png,119.97248840332031,33.68166732788086,80.61910247802734,-27.742687225341797,-3.6401588916778564,8.054215431213379
frame_000600.png,120.1233901977539,33.77878952026367,80.70311737060547,-27.71100616455078,-3.642965793609619,8.052873611450195
frame_000601.png,120.26396942138672,33.8611946105957,80.84030151367188,-27.691513061523438,-3.650578498840332,8.062422752380371
frame_000602.png,120.39163970947266,33.92441177368164,81.04217529296875,-27.67169189453125,-3.6639199256896973,8.078675270080566
frame_000603.png,120.50945281982422,33.973670959472656,81.29688262939453,-27.64885139465332,-3.678009271621704,8.096325874328613
frame_000604.png,120.6291275024414,34.01210021972656,81.58847045898438,-27.61788558959961,-3.6897027492523193,8.113393783569336
frame_000605.png,120.75331115722656,34.03932189941406,81.91110229492188,-27.581768035888672,-3.6996212005615234,8.130144119262695
frame_000606.png,120.87191009521484,34.05474090576172,82.25820922851562,-27.54512596130371,-3.7094674110412598,8.150277137756348
frame_000607.png,120.97772979736328,34.06339645385742,82.62128448486328,-27.511293411254883,-3.7238457202911377,8.172303199768066
frame_000608.png,121.07077026367188,34.06969451904297,82.98738098144531,-27.481592178344727,-3.744680166244507,8.194058418273926
frame_000609.png,121.1581802368164,34.08067321777344,83.34800720214844,-27.453882217407227,-3.7722909450531006,8.21158504486084
frame_000610.png,121.24551391601562,34.09610366821289,83.70748901367188,-27.429725646972656,-3.8047707080841064,8.221258163452148
frame_000611.png,121.34054565429688,34.11743927001953,84.07202911376953,-27.409820556640625,-3.8409247398376465,8.224435806274414
frame_000612.png,121.44031524658203,34.144256591796875,84.4417724609375,-27.395845413208008,-3.881131649017334,8.223361015319824
frame_000613.png,121.53736877441406,34.172706604003906,84.82172393798828,-27.390226364135742,-3.924170732498169,8.219772338867188
frame_000614.png,121.62464904785156,34.19904708862305,85.21259307861328,-27.38936996459961,-3.968043804168701,8.217267990112305
frame_000615.png,121.68993377685547,34.2186393737793,85.61003112792969,-27.39232063293457,-4.011634349822998,8.217222213745117
frame_000616.png,121.73770904541016,34.23307418823242,86.01390838623047,-27.392799377441406,-4.055932521820068,8.214783668518066
frame_000617.png,121.77556610107422,34.24418640136719,86.42124938964844,-27.387727737426758,-4.0997443199157715,8.2083158493042
frame_000618.png,121.79254913330078,34.2523078918457,86.83055877685547,-27.38315200805664,-4.145389556884766,8.202300071716309
frame_000619.png,121.77812957763672,34.25605010986328,87.2426986694336,-27.38333511352539,-4.194157600402832,8.202130317687988
frame_000620.png,121.73348999023438,34.25698471069336,87.65617370605469,-27.387170791625977,-4.243861198425293,8.206524848937988
frame_000621.png,121.66654968261719,34.25435256958008,88.06903076171875,-27.392963409423828,-4.291934967041016,8.20970344543457
frame_000622.png,121.58641052246094,34.24846649169922,88.48487854003906,-27.40207290649414,-4.336429595947266,8.208274841308594
frame_000623.png,121.49701690673828,34.23923110961914,88.90809631347656,-27.420654296875,-4.381039142608643,8.203592300415039
frame_000624.png,121.39860534667969,34.223899841308594,89.33444213867188,-27.448209762573242,-4.423700332641602,8.197546005249023
frame_000625.png,121.2889404296875,34.20201110839844,89.75267028808594,-27.478004455566406,-4.465182304382324,8.202231407165527
frame_000626.png,121.1549301147461,34.182064056396484,90.14354705810547,-27.4859676361084,-4.512973785400391,8.215832710266113
frame_000627.png,121.00688934326172,34.17179489135742,90.49224090576172,-27.471986770629883,-4.562882900238037,8.225159645080566
frame_000628.png,120.85066986083984,34.18043899536133,90.80167388916016,-27.456022262573242,-4.610044479370117,8.219841003417969
frame_000629.png,120.68864440917969,34.19984817504883,91.09187316894531,-27.450881958007812,-4.657207012176514,8.20481014251709
frame_000630.png,120.51895141601562,34.225852966308594,91.37787628173828,-27.450075149536133,-4.702795505523682,8.196151733398438
frame_000631.png,120.3387222290039,34.252567291259766,91.65975952148438,-27.453386306762695,-4.746898651123047,8.18853759765625
frame_000632.png,120.14871978759766,34.278472900390625,91.93356323242188,-27.461536407470703,-4.790075778961182,8.178670883178711
frame_000633.png,119.95181274414062,34.30268859863281,92.20054626464844,-27.47210693359375,-4.832315444946289,8.163956642150879
frame_000634.png,119.75743865966797,34.3272590637207,92.46028900146484,-27.483842849731445,-4.872199058532715,8.142870903015137
frame_000635.png,119.57432556152344,34.35578536987305,92.7147445678711,-27.493125915527344,-4.908594131469727,8.115638732910156
frame_000636.png,119.41092681884766,34.386478424072266,92.97067260742188,-27.500661849975586,-4.940514087677002,8.0841703414917
frame_000637.png,119.27161407470703,34.417572021484375,93.2307357788086,-27.507925033569336,-4.967470645904541,8.047147750854492
frame_000638.png,119.15711212158203,34.45050048828125,93.48928833007812,-27.516117095947266,-4.990942478179932,8.003179550170898
frame_000639.png,119.06561279296875,34.4851188659668,93.7461166381836,-27.523399353027344,-5.010793685913086,7.953322887420654
frame_000640.png,118.99369812011719,34.52348709106445,94.00082397460938,-27.529874801635742,-5.027158737182617,7.900171279907227
frame_000641.png,118.93800354003906,34.565731048583984,94.25308990478516,-27.53690528869629,-5.039473533630371,7.848349094390869
frame_000642.png,118.90104675292969,34.61214065551758,94.49819946289062,-27.540966033935547,-5.048095226287842,7.797229290008545
frame_000643.png,118.8746337890625,34.65963363647461,94.73831176757812,-27.543684005737305,-5.0554890632629395,7.744647026062012
frame_000644.png,118.86087036132812,34.70854949951172,94.97749328613281,-27.54357147216797,-5.063021183013916,7.6906561851501465
frame_000645.png,118.8626708984375,34.75716781616211,95.21863555908203,-27.543272018432617,-5.07055139541626,7.640006065368652
frame_000646.png,118.87911224365234,34.801883697509766,95.46297454833984,-27.544540405273438,-5.076394557952881,7.597831726074219
frame_000647.png,118.90618896484375,34.841514587402344,95.71269989013672,-27.546260833740234,-5.078741073608398,7.571882247924805
frame_000648.png,118.93281555175781,34.88072967529297,95.97238159179688,-27.541038513183594,-5.076119422912598,7.565523147583008
frame_000649.png,118.95714569091797,34.92439270019531,96.2442626953125,-27.533767700195312,-5.068089008331299,7.565320014953613
frame_000650.png,118.99610137939453,34.97111511230469,96.52210998535156,-27.53182601928711,-5.056642532348633,7.558844566345215
frame_000651.png,119.05341339111328,35.018428802490234,96.80523681640625,-27.54612922668457,-5.045464515686035,7.547508716583252
frame_000652.png,119.12548828125,35.06024169921875,97.088623046875,-27.576499938964844,-5.038249969482422,7.531493186950684
frame_000653.png,119.2105941772461,35.09479904174805,97.37659454345703,-27.623716354370117,-5.036860942840576,7.513545989990234
frame_000654.png,119.3070297241211,35.12371063232422,97.66148376464844,-27.68946647644043,-5.0418009757995605,7.490374565124512
frame_000655.png,119.41732788085938,35.14940643310547,97.92972564697266,-27.76726722717285,-5.052628517150879,7.460543632507324
frame_000656.png,119.5467300415039,35.172183990478516,98.18098449707031,-27.85540008544922,-5.068744659423828,7.4257731437683105
frame_000657.png,119.69219970703125,35.19337463378906,98.41194152832031,-27.952768325805664,-5.087681770324707,7.390264511108398
frame_000658.png,119.85060119628906,35.21451950073242,98.62825775146484,-28.060344696044922,-5.107723236083984,7.355782985687256
frame_000659.png,120.02714538574219,35.237220764160156,98.83405303955078,-28.173118591308594,-5.129662036895752,7.323754787445068
frame_000660.png,120.22216796875,35.264991760253906,99.0330810546875,-28.287790298461914,-5.151468276977539,7.2971673011779785
frame_000661.png,120.43305206298828,35.30216979980469,99.22096252441406,-28.398494720458984,-5.173751354217529,7.274948596954346
frame_000662.png,120.66158294677734,35.3477668762207,99.3871841430664,-28.5024356842041,-5.196816444396973,7.261488437652588
frame_000663.png,120.90296173095703,35.39625549316406,99.52665710449219,-28.59996795654297,-5.220857620239258,7.257360935211182
frame_000664.png,121.15205383300781,35.44614028930664,99.64170837402344,-28.69703483581543,-5.2458014488220215,7.2628326416015625
frame_000665.png,121.40254974365234,35.4990234375,99.74215698242188,-28.796396255493164,-5.271268844604492,7.274479866027832
frame_000666.png,121.65149688720703,35.55460739135742,99.83395385742188,-28.892173767089844,-5.2948784828186035,7.290526866912842
frame_000667.png,121.9041519165039,35.61227035522461,99.92256927490234,-28.98043441772461,-5.315183162689209,7.312706470489502
frame_000668.png,122.16732025146484,35.67140579223633,100.01448059082031,-29.060546875,-5.333743095397949,7.339154243469238
frame_000669.png,122.45001983642578,35.728782653808594,100.11309814453125,-29.1322021484375,-5.347959995269775,7.367255687713623
frame_000670.png,122.74980163574219,35.786949157714844,100.21900939941406,-29.193323135375977,-5.358009338378906,7.396585941314697
frame_000671.png,123.06712341308594,35.8420295715332,100.33628845214844,-29.243436813354492,-5.363956928253174,7.434349060058594
frame_000672.png,123.39562225341797,35.89307403564453,100.45962524414062,-29.285404205322266,-5.365601062774658,7.485206604003906
frame_000673.png,123.73226165771484,35.94292068481445,100.58798217773438,-29.319656372070312,-5.36516809463501,7.55040168762207
frame_000674.png,124.0722885131836,35.99462890625,100.71170806884766,-29.34783172607422,-5.3626508712768555,7.629340648651123
frame_000675.png,124.41010284423828,36.0483512878418,100.82878112792969,-29.37032127380371,-5.358494281768799,7.72196626663208
frame_000676.png,124.74624633789062,36.10567855834961,100.93408966064453,-29.39008331298828,-5.353310585021973,7.826451778411865
frame_000677.png,125.08544921875,36.166446685791016,101.02839660644531,-29.407730102539062,-5.344750881195068,7.937918186187744
frame_000678.png,125.42870330810547,36.23128890991211,101.11241912841797,-29.424480438232422,-5.334240436553955,8.05414867401123
frame_000679.png,125.77536010742188,36.29902267456055,101.1935043334961,-29.441415786743164,-5.322568893432617,8.17199993133545
frame_000680.png,126.124267578125,36.36746597290039,101.27560424804688,-29.460081100463867,-5.309937953948975,8.295137405395508
frame_000681.png,126.4776840209961,36.435157775878906,101.3565902709961,-29.48247718811035,-5.298567771911621,8.418882369995117
frame_000682.png,126.8355712890625,36.50419235229492,101.43765258789062,-29.51067543029785,-5.287923812866211,8.539681434631348
frame_000683.png,127.20169067382812,36.57326126098633,101.51270294189453,-29.53780174255371,-5.27858304977417,8.664233207702637
frame_000684.png,127.57526397705078,36.64165115356445,101.58150482177734,-29.56096839904785,-5.27085018157959,8.789655685424805
frame_000685.png,127.95199584960938,36.70900344848633,101.64443969726562,-29.579078674316406,-5.265542984008789,8.912577629089355
frame_000686.png,128.3278350830078,36.77487564086914,101.70503234863281,-29.593408584594727,-5.2621541023254395,9.029911041259766
frame_000687.png,128.70037841796875,36.837486267089844,101.76962280273438,-29.609098434448242,-5.259434223175049,9.142190933227539
frame_000688.png,129.07261657714844,36.89866256713867,101.82762145996094,-29.631200790405273,-5.253483772277832,9.244665145874023
frame_000689.png,129.43939208984375,36.96227264404297,101.87353515625,-29.65690040588379,-5.24763822555542,9.336874008178711
frame_000690.png,129.79312133789062,37.02234649658203,101.91541290283203,-29.69009780883789,-5.247739791870117,9.430855751037598
frame_000691.png,130.12582397460938,37.07910919189453,101.9645004272461,-29.723913192749023,-5.254578113555908,9.531495094299316
frame_000692.png,130.43431091308594,37.13547134399414,102.01830291748047,-29.75156593322754,-5.265429973602295,9.638110160827637
frame_000693.png,130.7177734375,37.188228607177734,102.07735443115234,-29.769729614257812,-5.281532287597656,9.750006675720215
frame_000694.png,130.97348022460938,37.2391471862793,102.1263198852539,-29.78691291809082,-5.300699234008789,9.855534553527832
frame_000695.png,131.19432067871094,37.28965759277344,102.18331146240234,-29.810487747192383,-5.320403099060059,9.958992004394531
frame_000696.png,131.3770751953125,37.34264373779297,102.25849151611328,-29.84518814086914,-5.338505268096924,10.055923461914062
frame_000697.png,131.53956604003906,37.394596099853516,102.35679626464844,-29.877058029174805,-5.353275299072266,10.156686782836914
frame_000698.png,131.69483947753906,37.44425582885742,102.4681625366211,-29.906917572021484,-5.365583419799805,10.260296821594238
frame_000699.png,131.8482666015625,37.48594284057617,102.56990814208984,-29.928606033325195,-5.372942924499512,10.346436500549316
frame_000700.png,132.0042724609375,37.51171875,102.65855407714844,-29.963804244995117,-5.372786045074463,10.415165901184082
frame_000701.png,132.16537475585938,37.54700469970703,102.7385025024414,-30.023897171020508,-5.370512962341309,10.47432804107666
frame_000702.png,132.3330535888672,37.599830627441406,102.82877349853516,-30.100811004638672,-5.372588634490967,10.522721290588379
frame_000703.png,132.49560546875,37.659847259521484,102.92680358886719,-30.178022384643555,-5.377951145172119,10.559212684631348
frame_000704.png,132.64794921875,37.72481155395508,103.03150939941406,-30.25263023376465,-5.386258125305176,10.592421531677246
frame_000705.png,132.80665588378906,37.792076110839844,103.1330795288086,-30.337116241455078,-5.401087284088135,10.629670143127441
frame_000706.png,132.96517944335938,37.857669830322266,103.24263763427734,-30.42799949645996,-5.41912317276001,10.664731979370117
frame_000707.png,133.11366271972656,37.917884826660156,103.35810852050781,-30.523889541625977,-5.43906307220459,10.691241264343262
frame_000708.png,133.2574920654297,37.971195220947266,103.47706604003906,-30.6157169342041,-5.4538469314575195,10.710809707641602
frame_000709.png,133.40084838867188,38.018028259277344,103.59667205810547,-30.703989028930664,-5.4651265144348145,10.72004508972168
frame_000710.png,133.53794860839844,38.06740951538086,103.71756744384766,-30.787382125854492,-5.473142147064209,10.719629287719727
frame_000711.png,133.67413330078125,38.123565673828125,103.84284210205078,-30.870695114135742,-5.478257179260254,10.701693534851074
frame_000712.png,133.82351684570312,38.1893196105957,103.95978546142578,-30.959489822387695,-5.483339309692383,10.6665678024292
frame_000713.png,133.9962158203125,38.261539459228516,104.05499267578125,-31.053281784057617,-5.492574691772461,10.620542526245117
frame_000714.png,134.19166564941406,38.33793258666992,104.12580871582031,-31.148250579833984,-5.507488250732422,10.558984756469727
frame_000715.png,134.40872192382812,38.420814514160156,104.19344329833984,-31.23713493347168,-5.525109767913818,10.482975006103516
frame_000716.png,134.63845825195312,38.50308609008789,104.26528930664062,-31.323816299438477,-5.544651985168457,10.398810386657715
frame_000717.png,134.87086486816406,38.57870864868164,104.34196472167969,-31.412750244140625,-5.564330577850342,10.313481330871582
frame_000718.png,135.10377502441406,38.640750885009766,104.4071273803711,-31.5105037689209,-5.585151195526123,10.233098030090332
frame_000719.png,135.34556579589844,38.69295883178711,104.4515609741211,-31.609155654907227,-5.604702472686768,10.153396606445312
frame_000720.png,135.60162353515625,38.7363395690918,104.4747314453125,-31.7136173248291,-5.6231913566589355,10.07986068725586
frame_000721.png,135.88043212890625,38.772666931152344,104.4655990600586,-31.81538963317871,-5.640913486480713,10.016281127929688
frame_000722.png,136.18072509765625,38.804168701171875,104.42693328857422,-31.91574478149414,-5.659275054931641,9.957757949829102
frame_000723.png,136.5021514892578,38.83563232421875,104.36140441894531,-32.01274871826172,-5.679906368255615,9.902976036071777
frame_000724.png,136.84295654296875,38.86821365356445,104.26818084716797,-32.10310745239258,-5.703227519989014,9.847655296325684
frame_000725.png,137.19680786132812,38.90448760986328,104.15696716308594,-32.186988830566406,-5.728728771209717,9.78727912902832
frame_000726.png,137.55438232421875,38.944435119628906,104.0380630493164,-32.259765625,-5.755377292633057,9.724326133728027
frame_000727.png,137.9138641357422,38.99135971069336,103.9197998046875,-32.317039489746094,-5.78354024887085,9.656569480895996
frame_000728.png,138.27284240722656,39.04228591918945,103.80464172363281,-32.36024475097656,-5.813408851623535,9.58987045288086
frame_000729.png,138.62832641601562,39.09803009033203,103.69456481933594,-32.39250946044922,-5.845480442047119,9.52383041381836
frame_000730.png,138.9759521484375,39.160160064697266,103.60446166992188,-32.42111587524414,-5.87832498550415,9.453289985656738
frame_000731.png,139.30967712402344,39.225582122802734,103.54740142822266,-32.44889450073242,-5.90857458114624,9.37800407409668
frame_000732.png,139.63250732421875,39.29548645019531,103.52615356445312,-32.479408264160156,-5.936078071594238,9.301675796508789
frame_000733.png,139.9477996826172,39.3604850769043,103.53211975097656,-32.51189422607422,-5.963157653808594,9.227911949157715
frame_000734.png,140.2720184326172,39.41977310180664,103.54927825927734,-32.53532791137695,-5.995594501495361,9.155343055725098
frame_000735.png,140.58346557617188,39.46908187866211,103.58255767822266,-32.560638427734375,-6.0324931144714355,9.075912475585938
frame_000736.png,140.85838317871094,39.517642974853516,103.6424560546875,-32.59453582763672,-6.075002193450928,8.996267318725586
frame_000737.png,141.0877685546875,39.56736755371094,103.73626708984375,-32.6524543762207,-6.114526271820068,8.908719062805176
frame_000738.png,141.30064392089844,39.61447525024414,103.84383392333984,-32.73191452026367,-6.148221015930176,8.816057205200195
frame_000739.png,141.51382446289062,39.65947341918945,103.94502258300781,-32.816280364990234,-6.180480003356934,8.717941284179688
frame_000740.png,141.72596740722656,39.69947052001953,104.04701232910156,-32.89879608154297,-6.214914321899414,8.614202499389648
frame_000741.png,141.92196655273438,39.741817474365234,104.16279602050781,-32.96848678588867,-6.245175361633301,8.514138221740723
frame_000742.png,142.06790161132812,39.78298568725586,104.30183410644531,-33.04206085205078,-6.280634880065918,8.424694061279297
frame_000743.png,142.20260620117188,39.81703567504883,104.46576690673828,-33.13047409057617,-6.322799205780029,8.342500686645508
frame_000744.png,142.34347534179688,39.8676872253418,104.67423248291016,-33.19371795654297,-6.358971118927002,8.286263465881348
frame_000745.png,142.51263427734375,39.918514251708984,104.88553619384766,-33.231781005859375,-6.39548921585083,8.285117149353027
frame_000746.png,142.67518615722656,39.95596694946289,105.1031494140625,-33.26299285888672,-6.433904647827148,8.319221496582031
frame_000747.png,142.80877685546875,39.987735748291016,105.34600830078125,-33.31344985961914,-6.460258483886719,8.36882495880127
frame_000748.png,142.92684936523438,40.03174591064453,105.58643341064453,-33.39701843261719,-6.476250648498535,8.420109748840332
frame_000749.png,143.01907348632812,40.09512710571289,105.81342315673828,-33.495079040527344,-6.497344493865967,8.466341972351074
frame_000750.png,143.10952758789062,40.173362731933594,106.0342025756836,-33.59091567993164,-6.528489589691162,8.530686378479004
frame_000751.png,143.2184295654297,40.274635314941406,106.22689819335938,-33.6688232421875,-6.551610946655273,8.568236351013184
frame_000752.png,143.31683349609375,40.38803482055664,106.39212799072266,-33.74006271362305,-6.567568302154541,8.588821411132812
frame_000753.png,143.41738891601562,40.50759506225586,106.53775787353516,-33.824913024902344,-6.5820817947387695,8.60355281829834
frame_000754.png,143.51861572265625,40.6260871887207,106.6659927368164,-33.91514587402344,-6.608911514282227,8.631806373596191
frame_000755.png,143.64450073242188,40.73746109008789,106.79571533203125,-34.0156364440918,-6.641911506652832,8.665559768676758
frame_000756.png,143.78994750976562,40.8422966003418,106.9506607055664,-34.12205123901367,-6.685249328613281,8.708436965942383
frame_000757.png,143.91824340820312,40.94451141357422,107.14845275878906,-34.22079849243164,-6.723545551300049,8.736112594604492
frame_000758.png,144.02354431152344,41.05917739868164,107.36859893798828,-34.31749725341797,-6.752298355102539,8.767279624938965
frame_000759.png,144.14414978027344,41.167137145996094,107.5963134765625,-34.40015411376953,-6.766881942749023,8.797283172607422
frame_000760.png,144.28001403808594,41.26961898803711,107.81269073486328,-34.469451904296875,-6.770890235900879,8.8206148147583
frame_000761.png,144.42617797851562,41.36735534667969,108.01155853271484,-34.52686309814453,-6.772105693817139,8.841779708862305
frame_000762.png,144.57327270507812,41.45820617675781,108.19200134277344,-34.573707580566406,-6.775812149047852,8.862432479858398
frame_000763.png,144.728271484375,41.54063034057617,108.34718322753906,-34.610286712646484,-6.787816047668457,8.888418197631836
frame_000764.png,144.90516662597656,41.62162780761719,108.48121643066406,-34.63322067260742,-6.80139684677124,8.9127197265625
frame_000765.png,145.09930419921875,41.70136260986328,108.60948944091797,-34.64903259277344,-6.818638801574707,8.934568405151367
frame_000766.png,145.30029296875,41.77734375,108.72342681884766,-34.662818908691406,-6.840607643127441,8.953057289123535
frame_000767.png,145.50631713867188,41.853397369384766,108.82494354248047,-34.66923141479492,-6.866518020629883,8.969712257385254
frame_000768.png,145.71231079101562,41.929351806640625,108.92611694335938,-34.66851043701172,-6.890295505523682,8.987622261047363
frame_000769.png,145.91265869140625,42.00770950317383,109.03630065917969,-34.66854476928711,-6.910121440887451,8.99828052520752
frame_000770.png,146.1028594970703,42.0965576171875,109.15850830078125,-34.68119812011719,-6.925500869750977,8.995463371276855
frame_000771.png,146.279541015625,42.196693420410156,109.29682922363281,-34.71477508544922,-6.936230182647705,8.988227844238281
frame_000772.png,146.43174743652344,42.30225372314453,109.44737243652344,-34.75423049926758,-6.936955451965332,8.970207214355469
frame_000773.png,146.55958557128906,42.40962219238281,109.61560821533203,-34.80577850341797,-6.933626651763916,8.95036506652832
frame_000774.png,146.6658172607422,42.51284408569336,109.79463958740234,-34.85398483276367,-6.927021026611328,8.940871238708496
frame_000775.png,146.74134826660156,42.599491119384766,109.95752716064453,-34.89611053466797,-6.923532962799072,8.957162857055664
frame_000776.png,146.78921508789062,42.66754150390625,110.11186218261719,-34.92622756958008,-6.929677963256836,9.007031440734863
frame_000777.png,146.80348205566406,42.73041915893555,110.25434875488281,-34.9621467590332,-6.9393768310546875,9.084050178527832
frame_000778.png,146.7874755859375,42.80628204345703,110.40293884277344,-35.012454986572266,-6.957715034484863,9.155631065368652
frame_000779.png,146.7885284423828,42.87260437011719,110.55879974365234,-35.07311248779297,-6.996182918548584,9.202935218811035
frame_000780.png,146.8055419921875,42.93684005737305,110.70248413085938,-35.128665924072266,-7.040068626403809,9.213127136230469
frame_000781.png,146.8233642578125,42.9891242980957,110.86511993408203,-35.17420196533203,-7.076166152954102,9.194602966308594
frame_000782.png,146.83616638183594,43.05244827270508,111.03096771240234,-35.189483642578125,-7.109018802642822,9.179082870483398
frame_000783.png,146.87049865722656,43.129066467285156,111.19020080566406,-35.1944465637207,-7.134103775024414,9.181463241577148
frame_000784.png,146.9100341796875,43.188133239746094,111.36786651611328,-35.22522735595703,-7.143065452575684,9.192960739135742
frame_000785.png,146.89828491210938,43.237125396728516,111.61978912353516,-35.289947509765625,-7.152770519256592,9.176657676696777
frame_000786.png,146.8792266845703,43.269187927246094,111.95365905761719,-35.3597297668457,-7.162994861602783,9.146729469299316
frame_000787.png,146.83616638183594,43.287696838378906,112.31983184814453,-35.44260025024414,-7.1855788230896,9.129932403564453
frame_000788.png,146.82981872558594,43.30537414550781,112.70619201660156,-35.506649017333984,-7.199937343597412,9.122649192810059
frame_000789.png,146.87445068359375,43.35232162475586,113.05730438232422,-35.52788543701172,-7.191895008087158,9.121627807617188
frame_000790.png,146.9861602783203,43.423667907714844,113.3671646118164,-35.545860290527344,-7.185910701751709,9.144262313842773
frame_000791.png,147.11741638183594,43.462196350097656,113.65819549560547,-35.61390686035156,-7.187797546386719,9.22774600982666
frame_000792.png,147.21759033203125,43.453346252441406,113.91737365722656,-35.708099365234375,-7.1668171882629395,9.315649032592773
frame_000793.png,147.29576110839844,43.441680908203125,114.1705093383789,-35.76502227783203,-7.151717662811279,9.384475708007812
frame_000794.png,147.4171905517578,43.4626350402832,114.40425872802734,-35.79978942871094,-7.135667324066162,9.414731979370117
frame_000795.png,147.53797912597656,43.494659423828125,114.6569595336914,-35.86017990112305,-7.1311845779418945,9.4540376663208
frame_000796.png,147.64169311523438,43.54289627075195,114.90338134765625,-35.93877410888672,-7.1248250007629395,9.5138521194458
frame_000797.png,147.69235229492188,43.597312927246094,115.06767272949219,-35.990474700927734,-7.120169162750244,9.594305992126465
frame_000798.png,147.7179412841797,43.651397705078125,115.20849609375,-36.047813415527344,-7.108267784118652,9.634607315063477
frame_000799.png,147.67929077148438,43.686187744140625,115.39580535888672,-36.093196868896484,-7.099932670593262,9.687557220458984
frame_000800.png,147.6108856201172,43.71772003173828,115.55607604980469,-36.13695526123047,-7.088582992553711,9.723676681518555
frame_000801.png,147.52587890625,43.733707427978516,115.67790222167969,-36.184818267822266,-7.088639259338379,9.765835762023926
frame_000802.png,147.45901489257812,43.73978805541992,115.76774597167969,-36.23690414428711,-7.083864688873291,9.780879020690918
frame_000803.png,147.38363647460938,43.745994567871094,115.85203552246094,-36.26765060424805,-7.078277587890625,9.769814491271973
frame_000804.png,147.3066864013672,43.753089904785156,115.94001770019531,-36.26781463623047,-7.06438684463501,9.753838539123535
frame_000805.png,147.22996520996094,43.763816833496094,116.00597381591797,-36.26987075805664,-7.058961868286133,9.733019828796387
frame_000806.png,147.13284301757812,43.779266357421875,116.08018493652344,-36.30420684814453,-7.061529159545898,9.697212219238281
frame_000807.png,147.05459594726562,43.78030014038086,116.20314025878906,-36.333526611328125,-7.067837715148926,9.671626091003418
frame_000808.png,146.95701599121094,43.76692581176758,116.41114807128906,-36.35637664794922,-7.0725932121276855,9.659309387207031
frame_000809.png,146.83702087402344,43.756500244140625,116.65385437011719,-36.36030578613281,-7.082257270812988,9.63488483428955
frame_000810.png,146.69674682617188,43.7581672668457,116.91004943847656,-36.34502029418945,-7.0936713218688965,9.593626976013184
frame_000811.png,146.5403594970703,43.76939392089844,117.14563751220703,-36.31184005737305,-7.110633373260498,9.555392265319824
frame_000812.png,146.3829803466797,43.78004837036133,117.38796997070312,-36.27067565917969,-7.131996154785156,9.50652027130127
frame_000813.png,146.20787048339844,43.7904052734375,117.62976837158203,-36.23686981201172,-7.1543073654174805,9.438582420349121
frame_000814.png,146.05517578125,43.82683563232422,117.83193969726562,-36.19606018066406,-7.182565689086914,9.37197208404541
frame_000815.png,145.93673706054688,43.86852264404297,118.01605224609375,-36.15834426879883,-7.216957092285156,9.282445907592773
frame_000816.png,145.84413146972656,43.915950775146484,118.2052230834961,-36.134239196777344,-7.256184101104736,9.189727783203125
frame_000817.png,145.7590789794922,43.96150588989258,118.40985870361328,-36.117828369140625,-7.30008602142334,9.106508255004883
frame_000818.png,145.65818786621094,44.0031852722168,118.65206909179688,-36.098209381103516,-7.340785503387451,9.02709674835205
frame_000819.png,145.54666137695312,44.03739547729492,118.92182922363281,-36.085731506347656,-7.378986835479736,8.958534240722656
frame_000820.png,145.46041870117188,44.079647064208984,119.17633819580078,-36.08479690551758,-7.416996479034424,8.891340255737305
frame_000821.png,145.3892059326172,44.131412506103516,119.41265106201172,-36.09770965576172,-7.452113151550293,8.820805549621582
frame_000822.png,145.30868530273438,44.18703842163086,119.62187957763672,-36.10865020751953,-7.487271785736084,8.750991821289062
frame_000823.png,145.20785522460938,44.227577209472656,119.8381118774414,-36.13666915893555,-7.514263153076172,8.677435874938965
frame_000824.png,145.10433959960938,44.257808685302734,120.06318664550781,-36.17155456542969,-7.5421905517578125,8.60644817352295
frame_000825.png,144.9930419921875,44.27012634277344,120.3016586303711,-36.19084930419922,-7.564876556396484,8.545938491821289
frame_000826.png,144.8602752685547,44.26857376098633,120.54296875,-36.22394561767578,-7.584423065185547,8.486547470092773
frame_000827.png,144.72775268554688,44.25364303588867,120.77103424072266,-36.25788879394531,-7.606066703796387,8.433826446533203
frame_000828.png,144.6079864501953,44.23448181152344,120.98395538330078,-36.29011917114258,-7.627818584442139,8.388191223144531
frame_000829.png,144.49334716796875,44.206336975097656,121.19147491455078,-36.33216857910156,-7.640269756317139,8.348322868347168
frame_000830.png,144.4052276611328,44.17751693725586,121.4084701538086,-36.37485885620117,-7.64061975479126,8.324200630187988
frame_000831.png,144.35296630859375,44.145259857177734,121.62516784667969,-36.41597366333008,-7.630099296569824,8.30472469329834
frame_000832.png,144.33151245117188,44.105533599853516,121.85155487060547,-36.463157653808594,-7.6153740882873535,8.279650688171387
frame_000833.png,144.34100341796875,44.05751037597656,122.0982894897461,-36.50997543334961,-7.600155353546143,8.252572059631348
frame_000834.png,144.38848876953125,44.008140563964844,122.36229705810547,-36.554481506347656,-7.590988636016846,8.223556518554688
frame_000835.png,144.44137573242188,43.96918487548828,122.64277648925781,-36.589691162109375,-7.59022331237793,8.182598114013672
frame_000836.png,144.46524047851562,43.953922271728516,122.91616821289062,-36.62111282348633,-7.598701477050781,8.123983383178711
frame_000837.png,144.45083618164062,43.971458435058594,123.16971588134766,-36.658172607421875,-7.608153343200684,8.045512199401855
frame_000838.png,144.38922119140625,44.00920104980469,123.41201782226562,-36.713157653808594,-7.621363162994385,7.951353073120117
frame_000839.png,144.28762817382812,44.0600700378418,123.6307373046875,-36.78515625,-7.6394548416137695,7.855585098266602
frame_000840.png,144.16082763671875,44.12446212768555,123.82256317138672,-36.85475158691406,-7.6502790451049805,7.776828289031982
frame_000841.png,144.04774475097656,44.190460205078125,123.97928619384766,-36.90949630737305,-7.657156944274902,7.707573413848877
frame_000842.png,143.90719604492188,44.235939025878906,124.217529296875,-36.98798751831055,-7.662446022033691,7.575141429901123
frame_000843.png,143.72116088867188,44.26759719848633,124.49562072753906,-37.06008529663086,-7.668773651123047,7.438916206359863
frame_000844.png,143.52291870117188,44.27763748168945,124.7767105102539,-37.123287200927734,-7.674102306365967,7.319699287414551
frame_000845.png,143.32566833496094,44.261924743652344,125.06056213378906,-37.186588287353516,-7.681726932525635,7.205056667327881
frame_000846.png,143.1254425048828,44.25642013549805,125.31580352783203,-37.263607025146484,-7.70264196395874,7.087496757507324
frame_000847.png,142.95423889160156,44.243316650390625,125.53633117675781,-37.33023452758789,-7.722707748413086,6.96679162979126
frame_000848.png,142.84698486328125,44.219024658203125,125.73289489746094,-37.40245056152344,-7.742076873779297,6.889382362365723
frame_000849.png,142.82948303222656,44.20584487915039,125.89608001708984,-37.47667694091797,-7.754181861877441,6.8459062576293945
frame_000850.png,142.88156127929688,44.208763122558594,126.03983306884766,-37.5493278503418,-7.76784610748291,6.8058576583862305
frame_000851.png,143.02040100097656,44.23191833496094,126.16167449951172,-37.63349151611328,-7.781835556030273,6.78487491607666
frame_000852.png,143.19345092773438,44.28410720825195,126.30341339111328,-37.73800277709961,-7.787762641906738,6.74259614944458
frame_000853.png,143.33119201660156,44.34666442871094,126.45455169677734,-37.84528732299805,-7.797853946685791,6.704498767852783
frame_000854.png,143.44737243652344,44.3932991027832,126.61577606201172,-37.96111297607422,-7.812253952026367,6.681413173675537
frame_000855.png,143.57093811035156,44.44089126586914,126.7588119506836,-38.07002639770508,-7.837231636047363,6.655285358428955
frame_000856.png,143.7338104248047,44.49513626098633,126.87701416015625,-38.164066314697266,-7.87077522277832,6.62034273147583
frame_000857.png,143.95806884765625,44.55056381225586,126.98331451416016,-38.20738220214844,-7.911030292510986,6.616588115692139
frame_000858.png,144.1800994873047,44.586761474609375,127.12562561035156,-38.24520492553711,-7.952182769775391,6.6637983322143555
frame_000859.png,144.38021850585938,44.61758041381836,127.3355484008789,-38.29569625854492,-7.9809956550598145,6.710874557495117
frame_000860.png,144.56704711914062,44.670528411865234,127.63385772705078,-38.37552261352539,-7.999481678009033,6.719921588897705
frame_000861.png,144.74139404296875,44.7380485534668,128.00926208496094,-38.451114654541016,-8.013294219970703,6.718626976013184
frame_000862.png,144.9158172607422,44.81365203857422,128.44180297851562,-38.527347564697266,-8.020309448242188,6.74393892288208
frame_000863.png,145.05172729492188,44.886375427246094,128.86167907714844,-38.5930290222168,-8.036778450012207,6.753440856933594
frame_000864.png,145.1595001220703,44.96494674682617,129.2720947265625,-38.65912628173828,-8.054911613464355,6.7429022789001465
frame_000865.png,145.2575225830078,45.055442810058594,129.6563720703125,-38.731292724609375,-8.075657844543457,6.722720146179199
frame_000866.png,145.34091186523438,45.16086959838867,130.04141235351562,-38.7906379699707,-8.091221809387207,6.715512275695801
frame_000867.png,145.46487426757812,45.27672576904297,130.4055633544922,-38.835838317871094,-8.112909317016602,6.744289398193359
frame_000868.png,145.61639404296875,45.3908576965332,130.73924255371094,-38.88569259643555,-8.127089500427246,6.79263973236084
frame_000869.png,145.77169799804688,45.49285125732422,131.04090881347656,-38.9258918762207,-8.141520500183105,6.8488030433654785
frame_000870.png,145.94976806640625,45.59328079223633,131.30723571777344,-38.9445915222168,-8.155158042907715,6.905036926269531
frame_000871.png,146.16134643554688,45.688316345214844,131.60423278808594,-38.95271682739258,-8.155235290527344,6.963808059692383
frame_000872.png,146.37100219726562,45.78305435180664,131.9408721923828,-38.985496520996094,-8.146737098693848,7.028473854064941
frame_000873.png,146.59535217285156,45.85133743286133,132.26461791992188,-39.041290283203125,-8.140809059143066,7.112890243530273
frame_000874.png,146.86758422851562,45.89803695678711,132.56361389160156,-39.08195495605469,-8.138071060180664,7.226408004760742
frame_000875.png,147.13270568847656,45.94355392456055,132.86549377441406,-39.116790771484375,-8.145206451416016,7.343058109283447
frame_000876.png,147.38726806640625,45.998130798339844,133.15615844726562,-39.11482620239258,-8.154153823852539,7.409748077392578
frame_000877.png,147.63082885742188,46.07258987426758,133.43505859375,-39.089141845703125,-8.159697532653809,7.424444198608398
frame_000878.png,147.8565673828125,46.1547966003418,133.70849609375,-39.051692962646484,-8.162232398986816,7.408621788024902
frame_000879.png,148.0924530029297,46.23307418823242,133.9788818359375,-39.0130500793457,-8.16178035736084,7.397316932678223
frame_000880.png,148.32521057128906,46.30364990234375,134.22132873535156,-38.98225402832031,-8.163066864013672,7.3827948570251465
frame_000881.png,148.53555297851562,46.366233825683594,134.4571533203125,-38.96302795410156,-8.16175651550293,7.373455047607422
frame_000882.png,148.7100830078125,46.427772521972656,134.72193908691406,-38.97169494628906,-8.160659790039062,7.369010925292969
frame_000883.png,148.87889099121094,46.49506378173828,134.99575805664062,-38.98733901977539,-8.157788276672363,7.386309623718262
frame_000884.png,149.03778076171875,46.57046890258789,135.2998046875,-39.01002502441406,-8.151676177978516,7.411134243011475
frame_000885.png,149.1908721923828,46.6512451171875,135.61932373046875,-39.04508972167969,-8.149551391601562,7.423520088195801
frame_000886.png,149.3571014404297,46.74217987060547,135.94822692871094,-39.087608337402344,-8.153495788574219,7.4156107902526855
frame_000887.png,149.5319366455078,46.83732604980469,136.2906494140625,-39.14189147949219,-8.16547679901123,7.404774188995361
frame_000888.png,149.70516967773438,46.939239501953125,136.6376190185547,-39.205509185791016,-8.183603286743164,7.397407054901123
frame_000889.png,149.8674774169922,47.040985107421875,136.97914123535156,-39.280921936035156,-8.203434944152832,7.400166988372803
frame_000890.png,150.01939392089844,47.13938522338867,137.3063507080078,-39.364871978759766,-8.224321365356445,7.409462928771973
frame_000891.png,150.1591796875,47.23485565185547,137.6245880126953,-39.456424713134766,-8.246444702148438,7.418613910675049
frame_000892.png,150.28567504882812,47.32512283325195,137.9469451904297,-39.551490783691406,-8.268917083740234,7.428499698638916
frame_000893.png,150.39566040039062,47.410987854003906,138.2821502685547,-39.65074157714844,-8.291047096252441,7.435418605804443
frame_000894.png,150.48776245117188,47.490482330322266,138.64044189453125,-39.75490951538086,-8.308170318603516,7.4318413734436035
frame_000895.png,150.55789184570312,47.55859375,139.02044677734375,-39.8607177734375,-8.319648742675781,7.419443130493164
frame_000896.png,150.61045837402344,47.6163444519043,139.4109649658203,-39.965972900390625,-8.329154968261719,7.405843734741211
frame_000897.png,150.65211486816406,47.66642379760742,139.80189514160156,-40.06842041015625,-8.339726448059082,7.393779277801514
frame_000898.png,150.68997192382812,47.71231460571289,140.19569396972656,-40.16737747192383,-8.351581573486328,7.38413143157959
frame_000899.png,150.72889709472656,47.755916595458984,140.592529296875,-40.26439666748047,-8.363701820373535,7.371395587921143
frame_000900.png,150.77183532714844,47.79834747314453,140.99168395996094,-40.35977554321289,-8.376701354980469,7.353549003601074
frame_000901.png,150.81826782226562,47.841148376464844,141.39512634277344,-40.45125198364258,-8.389850616455078,7.3323163986206055
frame_000902.png,150.8704376220703,47.88396072387695,141.79922485351562,-40.536354064941406,-8.404195785522461,7.312087059020996
frame_000903.png,150.92747497558594,47.92608642578125,142.2041778564453,-40.615966796875,-8.420694351196289,7.294203758239746
frame_000904.png,150.98353576660156,47.968082427978516,142.60939025878906,-40.690555572509766,-8.440276145935059,7.2761383056640625
frame_000905.png,151.03604125976562,48.0119743347168,143.01214599609375,-40.760250091552734,-8.464557647705078,7.2530317306518555
frame_000906.png,151.08126831054688,48.055904388427734,143.4150390625,-40.827369689941406,-8.49004077911377,7.220312595367432
frame_000907.png,151.11373901367188,48.100440979003906,143.81613159179688,-40.89291000366211,-8.517197608947754,7.174328804016113
frame_000908.png,151.1284637451172,48.14226531982422,144.2117156982422,-40.95225524902344,-8.549118041992188,7.1137261390686035
frame_000909.png,151.1282196044922,48.18408203125,144.60079956054688,-41.00007247924805,-8.584795951843262,7.040097713470459
frame_000910.png,151.11477661132812,48.23003005981445,144.98008728027344,-41.03609848022461,-8.622152328491211,6.9558868408203125
frame_000911.png,151.09466552734375,48.28010940551758,145.34848022460938,-41.05908966064453,-8.664907455444336,6.87182092666626
frame_000912.png,151.06747436523438,48.3324089050293,145.70443725585938,-41.07146072387695,-8.712468147277832,6.797213554382324
frame_000913.png,151.0254669189453,48.38484191894531,146.04782104492188,-41.07964324951172,-8.761655807495117,6.731710433959961
frame_000914.png,150.959228515625,48.4351806640625,146.37899780273438,-41.07719421386719,-8.811423301696777,6.669555187225342
frame_000915.png,150.88169860839844,48.482322692871094,146.70680236816406,-41.06300735473633,-8.86334228515625,6.621001720428467
frame_000916.png,150.7882843017578,48.52449417114258,147.04515075683594,-41.045555114746094,-8.917288780212402,6.577739238739014
frame_000917.png,150.67323303222656,48.55783462524414,147.378173828125,-41.022186279296875,-8.968536376953125,6.5230488777160645
frame_000918.png,150.5311737060547,48.57674789428711,147.7061004638672,-40.987335205078125,-9.015839576721191,6.464180946350098
frame_000919.png,150.36141967773438,48.58491516113281,148.0411834716797,-40.94338607788086,-9.060562133789062,6.3957200050354
frame_000920.png,150.1544189453125,48.58995056152344,148.36294555664062,-40.885406494140625,-9.10919189453125,6.316441059112549
frame_000921.png,149.9180450439453,48.598594665527344,148.6543731689453,-40.811187744140625,-9.158895492553711,6.229387283325195
frame_000922.png,149.647705078125,48.60981369018555,148.92144775390625,-40.732452392578125,-9.21060562133789,6.140824794769287
frame_000923.png,149.34841918945312,48.61366271972656,149.16879272460938,-40.65127944946289,-9.253462791442871,6.040579795837402
frame_000924.png,149.03680419921875,48.611183166503906,149.408935546875,-40.570804595947266,-9.286282539367676,5.937185287475586
frame_000925.png,148.7319793701172,48.599342346191406,149.65194702148438,-40.494998931884766,-9.307018280029297,5.835991859436035
frame_000926.png,148.44302368164062,48.58108139038086,149.91366577148438,-40.427310943603516,-9.31952953338623,5.742960453033447
frame_000927.png,148.1668701171875,48.55923080444336,150.1852569580078,-40.36226272583008,-9.32971477508545,5.655665874481201
frame_000928.png,147.89601135253906,48.537071228027344,150.46946716308594,-40.30899429321289,-9.339151382446289,5.571475028991699
frame_000929.png,147.62254333496094,48.514312744140625,150.7675018310547,-40.270328521728516,-9.348174095153809,5.489330768585205
frame_000930.png,147.33351135253906,48.49063491821289,151.08412170410156,-40.250946044921875,-9.358081817626953,5.397218704223633
frame_000931.png,147.02781677246094,48.46706771850586,151.41653442382812,-40.24982833862305,-9.367655754089355,5.302799701690674
frame_000932.png,146.70278930664062,48.439273834228516,151.75575256347656,-40.260684967041016,-9.376938819885254,5.210078716278076
frame_000933.png,146.36265563964844,48.40821838378906,152.0987091064453,-40.278900146484375,-9.38607120513916,5.121128082275391
frame_000934.png,146.01751708984375,48.37592697143555,152.4434051513672,-40.29846954345703,-9.394998550415039,5.036518573760986
frame_000935.png,145.6689453125,48.34230041503906,152.78684997558594,-40.315670013427734,-9.404833793640137,4.957036018371582
frame_000936.png,145.32020568847656,48.30683898925781,153.12710571289062,-40.3306884765625,-9.412911415100098,4.883235931396484
frame_000937.png,144.97415161132812,48.26677703857422,153.46519470214844,-40.34202575683594,-9.418048858642578,4.8149333000183105
frame_000938.png,144.63009643554688,48.22037124633789,153.8026580810547,-40.348167419433594,-9.420273780822754,4.749814033508301
frame_000939.png,144.29185485839844,48.16456985473633,154.14186096191406,-40.350257873535156,-9.419124603271484,4.6914472579956055
frame_000940.png,143.9618682861328,48.100101470947266,154.48326110839844,-40.3482666015625,-9.415834426879883,4.640226364135742
frame_000941.png,143.63909912109375,48.027740478515625,154.82765197753906,-40.344207763671875,-9.411191940307617,4.596176624298096
frame_000942.png,143.3214111328125,47.949764251708984,155.176025390625,-40.34061813354492,-9.406001091003418,4.560995578765869
frame_000943.png,143.008544921875,47.86800765991211,155.5287322998047,-40.33866882324219,-9.399884223937988,4.535365104675293
frame_000944.png,142.70204162597656,47.78558349609375,155.88636779785156,-40.33847427368164,-9.39219856262207,4.517128944396973
frame_000945.png,142.40267944335938,47.70587921142578,156.2498779296875,-40.33725357055664,-9.382052421569824,4.503558158874512
frame_000946.png,142.1103057861328,47.631370544433594,156.62193298339844,-40.33738327026367,-9.369595527648926,4.494931697845459
frame_000947.png,141.82073974609375,47.56248474121094,157.0004425048828,-40.34242248535156,-9.354693412780762,4.492218494415283
frame_000948.png,141.54188537597656,47.49726867675781,157.3899688720703,-40.348487854003906,-9.335654258728027,4.485469341278076
frame_000949.png,141.28195190429688,47.42838668823242,157.782958984375,-40.354576110839844,-9.315606117248535,4.489047050476074
frame_000950.png,141.02566528320312,47.35175323486328,158.1932373046875,-40.38634490966797,-9.295903205871582,4.494802951812744
frame_000951.png,140.7576446533203,47.27082061767578,158.60330200195312,-40.44883346557617,-9.286569595336914,4.4964494705200195
frame_000952.png,140.4847412109375,47.18757629394531,159.01951599121094,-40.51653289794922,-9.275430679321289,4.477527141571045
frame_000953.png,140.22987365722656,47.11543273925781,159.43960571289062,-40.568199157714844,-9.267897605895996,4.444099426269531
frame_000954.png,139.99314880371094,47.06092834472656,159.8576202392578,-40.59498596191406,-9.26914119720459,4.397158145904541
frame_000955.png,139.7722930908203,47.004817962646484,160.26185607910156,-40.624996185302734,-9.27304744720459,4.347827434539795
frame_000956.png,139.55889892578125,46.94630432128906,160.65133666992188,-40.65106201171875,-9.270377159118652,4.29888916015625
frame_000957.png,139.3452911376953,46.881038665771484,161.03468322753906,-40.6742057800293,-9.263400077819824,4.24193811416626
frame_000958.png,139.1134490966797,46.80290222167969,161.4156494140625,-40.70622253417969,-9.247252464294434,4.174285411834717
frame_000959.png,138.85671997070312,46.71096420288086,161.7947998046875,-40.746849060058594,-9.225605964660645,4.099119186401367
frame_000960.png,138.59268188476562,46.61164093017578,162.1539764404297,-40.7911376953125,-9.205556869506836,4.017264366149902
frame_000961.png,138.35372924804688,46.51762390136719,162.47647094726562,-40.8333854675293,-9.193836212158203,3.94325590133667
frame_000962.png,138.16604614257812,46.4304313659668,162.74496459960938,-40.86393356323242,-9.187684059143066,3.8830738067626953
frame_000963.png,138.00457763671875,46.3634033203125,162.95518493652344,-40.89484786987305,-9.192835807800293,3.8213891983032227
frame_000964.png,137.87362670898438,46.3156623840332,163.12046813964844,-40.9263916015625,-9.203452110290527,3.754586696624756
frame_000965.png,137.76602172851562,46.279441833496094,163.27542114257812,-40.963104248046875,-9.213910102844238,3.6962146759033203
frame_000966.png,137.6735076904297,46.25645446777344,163.40843200683594,-41.00283432006836,-9.221465110778809,3.637539863586426
frame_000967.png,137.59036254882812,46.23065185546875,163.52630615234375,-41.04483413696289,-9.227251052856445,3.590818166732788
frame_000968.png,137.52801513671875,46.19424057006836,163.6226348876953,-41.07611083984375,-9.225515365600586,3.578939914703369
frame_000969.png,137.46543884277344,46.15354919433594,163.6999053955078,-41.11061096191406,-9.220827102661133,3.595027208328247
frame_000970.png,137.39385986328125,46.115177154541016,163.77024841308594,-41.15561294555664,-9.214959144592285,3.6169254779815674
frame_000971.png,137.31280517578125,46.074893951416016,163.82720947265625,-41.2066650390625,-9.210076332092285,3.6582303047180176
frame_000972.png,137.22914123535156,46.0302848815918,163.8930206298828,-41.26902389526367,-9.204821586608887,3.7072744369506836
frame_000973.png,137.1424102783203,45.98373794555664,163.99017333984375,-41.3416633605957,-9.19824504852295,3.756479263305664
frame_000974.png,137.06561279296875,45.93849563598633,164.09422302246094,-41.418304443359375,-9.190217971801758,3.8108270168304443
frame_000975.png,136.9923553466797,45.89715576171875,164.21881103515625,-41.511173248291016,-9.184653282165527,3.855604648590088
frame_000976.png,136.92291259765625,45.860713958740234,164.37066650390625,-41.618804931640625,-9.177212715148926,3.880335807800293
frame_000977.png,136.8839874267578,45.83283615112305,164.5242462158203,-41.7245979309082,-9.167879104614258,3.897745370864868
frame_000978.png,136.86204528808594,45.80962371826172,164.67193603515625,-41.82554244995117,-9.161349296569824,3.908449411392212
frame_000979.png,136.84364318847656,45.78988265991211,164.80735778808594,-41.9233283996582,-9.15732192993164,3.911007881164551
frame_000980.png,136.8553466796875,45.76908493041992,164.9244384765625,-42.02919006347656,-9.154695510864258,3.925980806350708
frame_000981.png,136.89712524414062,45.73749923706055,165.0142822265625,-42.151119232177734,-9.15493106842041,3.951677083969116
frame_000982.png,136.96546936035156,45.70650863647461,165.07313537597656,-42.28409957885742,-9.158746719360352,3.9614126682281494
frame_000983.png,137.07708740234375,45.67975616455078,165.1282196044922,-42.415706634521484,-9.170120239257812,3.9691574573516846
frame_000984.png,137.22909545898438,45.66164016723633,165.18568420410156,-42.553611755371094,-9.186636924743652,3.968449592590332
frame_000985.png,137.40234375,45.64686584472656,165.22900390625,-42.6953010559082,-9.20964241027832,3.953835964202881
frame_000986.png,137.58790588378906,45.62981033325195,165.25563049316406,-42.82366943359375,-9.23204517364502,3.916898250579834
frame_000987.png,137.78347778320312,45.60388946533203,165.2678680419922,-42.93486785888672,-9.2517671585083,3.8714115619659424
frame_000988.png,137.97927856445312,45.57221984863281,165.2646942138672,-43.026885986328125,-9.269037246704102,3.8190128803253174
frame_000989.png,138.16986083984375,45.53909683227539,165.25836181640625,-43.106300354003906,-9.285283088684082,3.7639012336730957
frame_000990.png,138.3574676513672,45.50834274291992,165.24578857421875,-43.18220901489258,-9.301212310791016,3.7052745819091797
frame_000991.png,138.54946899414062,45.478572845458984,165.2321014404297,-43.2601318359375,-9.31598949432373,3.6447536945343018
frame_000992.png,138.74444580078125,45.44927978515625,165.22096252441406,-43.34188461303711,-9.328441619873047,3.584075927734375
frame_000993.png,138.94192504882812,45.41960525512695,165.21177673339844,-43.428524017333984,-9.338996887207031,3.525932550430298
frame_000994.png,139.1444854736328,45.38970184326172,165.20028686523438,-43.52139663696289,-9.348246574401855,3.4706952571868896
frame_000995.png,139.35511779785156,45.35807800292969,165.18307495117188,-43.62210464477539,-9.357211112976074,3.4173636436462402
frame_000996.png,139.5766143798828,45.32617950439453,165.15882873535156,-43.733951568603516,-9.365768432617188,3.3642046451568604
frame_000997.png,139.80978393554688,45.29508972167969,165.12210083007812,-43.8582649230957,-9.374739646911621,3.312291383743286
frame_000998.png,140.0516815185547,45.26133346557617,165.0774383544922,-43.990665435791016,-9.384990692138672,3.2733452320098877
frame_000999.png,140.29344177246094,45.224849700927734,165.0342559814453,-44.13251876831055,-9.398468017578125,3.2448480129241943
frame_001000.png,140.52659606933594,45.198631286621094,165.01060485839844,-44.27738571166992,-9.415785789489746,3.2124242782592773
frame_001001.png,140.74708557128906,45.177207946777344,165.0172576904297,-44.41332244873047,-9.434320449829102,3.2052366733551025
frame_001002.png,140.95761108398438,45.151588439941406,165.05795288085938,-44.54877853393555,-9.45300006866455,3.196382999420166
frame_001003.png,141.13644409179688,45.121341705322266,165.12002563476562,-44.67820739746094,-9.457276344299316,3.1932766437530518
frame_001004.png,141.28262329101562,45.1157112121582,165.1886749267578,-44.795448303222656,-9.455202102661133,3.2010157108306885
frame_001005.png,141.38565063476562,45.142189025878906,165.26206970214844,-44.90932846069336,-9.452342987060547,3.2138290405273438
frame_001006.png,141.46058654785156,45.18600845336914,165.32904052734375,-45.01936340332031,-9.447305679321289,3.234860897064209
frame_001007.png,141.5042724609375,45.224891662597656,165.38214111328125,-45.10639953613281,-9.432165145874023,3.2374801635742188
frame_001008.png,141.5018768310547,45.230987548828125,165.42306518554688,-45.17840576171875,-9.41055679321289,3.225273370742798
frame_001009.png,141.46267700195312,45.22182083129883,165.4480743408203,-45.22844314575195,-9.392598152160645,3.1920087337493896
frame_001010.png,141.37606811523438,45.209781646728516,165.4911651611328,-45.27096939086914,-9.376625061035156,3.150312900543213
frame_001011.png,141.31649780273438,45.21327209472656,165.50537109375,-45.31998062133789,-9.350967407226562,3.11085844039917
frame_001012.png,141.2812957763672,45.22426223754883,165.516845703125,-45.37185287475586,-9.324542999267578,3.0601744651794434
frame_001013.png,141.20945739746094,45.23227310180664,165.54193115234375,-45.43286895751953,-9.298269271850586,2.98091459274292
frame_001014.png,141.09725952148438,45.256309509277344,165.63548278808594,-45.5188102722168,-9.274993896484375,2.9081666469573975
frame_001015.png,141.02127075195312,45.30389404296875,165.79583740234375,-45.61273193359375,-9.247775077819824,2.8383469581604004
frame_001016.png,141.01885986328125,45.373626708984375,166.00538635253906,-45.705570220947266,-9.232464790344238,2.81258487701416
frame_001017.png,141.07119750976562,45.46055221557617,166.2119598388672,-45.80821228027344,-9.22455883026123,2.8168444633483887
frame_001018.png,141.10107421875,45.54144287109375,166.45603942871094,-45.926448822021484,-9.22203540802002,2.8449716567993164
frame_001019.png,141.1194305419922,45.607269287109375,166.71107482910156,-45.997535705566406,-9.218490600585938,2.9063615798950195
frame_001020.png,141.1302032470703,45.6969108581543,166.9696807861328,-46.0157470703125,-9.213944435119629,2.9293410778045654
frame_001021.png,141.1367645263672,45.779258728027344,167.28237915039062,-46.033931732177734,-9.211708068847656,2.893721342086792
frame_001022.png,141.12266540527344,45.83456039428711,167.609375,-46.08148193359375,-9.22716999053955,2.805633306503296
frame_001023.png,141.1342315673828,45.8859748840332,167.9327392578125,-46.1272087097168,-9.255670547485352,2.721468210220337
frame_001024.png,141.22056579589844,45.941673278808594,168.23806762695312,-46.18183517456055,-9.29349136352539,2.679844617843628
frame_001025.png,141.29946899414062,46.00529098510742,168.49984741210938,-46.252254486083984,-9.332049369812012,2.6694881916046143
frame_001026.png,141.39295959472656,46.05706024169922,168.7054901123047,-46.31131362915039,-9.370865821838379,2.6499979496002197
frame_001027.png,141.49179077148438,46.099185943603516,168.889404296875,-46.37727355957031,-9.406742095947266,2.6052870750427246
frame_001028.png,141.5974884033203,46.15074920654297,169.048828125,-46.44882583618164,-9.440695762634277,2.582538604736328
frame_001029.png,141.69049072265625,46.207069396972656,169.24139404296875,-46.519107818603516,-9.476512908935547,2.5567286014556885
frame_001030.png,141.78219604492188,46.292327880859375,169.48846435546875,-46.60365295410156,-9.491982460021973,2.547457218170166
frame_001031.png,141.8762664794922,46.38683319091797,169.7448272705078,-46.673377990722656,-9.492914199829102,2.5068089962005615
frame_001032.png,142.04295349121094,46.48578643798828,170.0000762939453,-46.7340087890625,-9.50131607055664,2.4599690437316895
frame_001033.png,142.24794006347656,46.59714889526367,170.20773315429688,-46.78440856933594,-9.50825309753418,2.4179413318634033
frame_001034.png,142.486328125,46.70341873168945,170.35667419433594,-46.809043884277344,-9.525039672851562,2.428521156311035
frame_001035.png,142.78175354003906,46.80607604980469,170.43089294433594,-46.84503173828125,-9.546792030334473,2.426199197769165
frame_001036.png,143.05519104003906,46.90731430053711,170.54852294921875,-46.94273376464844,-9.55178451538086,2.4337339401245117
frame_001037.png,143.3385467529297,47.00532531738281,170.7019805908203,-47.0244026184082,-9.574467658996582,2.476867437362671
frame_001038.png,143.6384735107422,47.115318298339844,170.8823699951172,-47.09321594238281,-9.606404304504395,2.518343210220337
frame_001039.png,143.93246459960938,47.21917724609375,171.0546112060547,-47.111480712890625,-9.63210678100586,2.581362009048462
frame_001040.png,144.22947692871094,47.319461822509766,171.247802734375,-47.125553131103516,-9.64138126373291,2.697770833969116
frame_001041.png,144.49745178222656,47.40369415283203,171.42710876464844,-47.17119598388672,-9.634065628051758,2.8163869380950928
frame_001042.png,144.7750701904297,47.47899627685547,171.56277465820312,-47.23353576660156,-9.614335060119629,2.9360978603363037
frame_001043.png,145.080078125,47.54627990722656,171.6537628173828,-47.312461853027344,-9.582695960998535,3.0636813640594482
frame_001044.png,145.4335479736328,47.60557174682617,171.65380859375,-47.391571044921875,-9.556060791015625,3.1764533519744873
frame_001045.png,145.84568786621094,47.670005798339844,171.57337951660156,-47.475852966308594,-9.537485122680664,3.2633705139160156
frame_001046.png,146.28675842285156,47.75006866455078,171.4542694091797,-47.55894470214844,-9.526745796203613,3.3184244632720947
frame_001047.png,146.74185180664062,47.835506439208984,171.33526611328125,-47.63533020019531,-9.516532897949219,3.346503496170044
frame_001048.png,147.18106079101562,47.91920471191406,171.24232482910156,-47.704837799072266,-9.5047607421875,3.3639745712280273
frame_001049.png,147.60165405273438,48.00491714477539,171.16525268554688,-47.771751403808594,-9.489256858825684,3.378598690032959
frame_001050.png,147.9891815185547,48.09272766113281,171.1044158935547,-47.8438835144043,-9.47064208984375,3.3793387413024902
frame_001051.png,148.36192321777344,48.17996597290039,171.05926513671875,-47.92543029785156,-9.451722145080566,3.3746423721313477
frame_001052.png,148.7195587158203,48.263648986816406,171.03378295898438,-48.01997375488281,-9.437945365905762,3.3689334392547607
frame_001053.png,149.0646514892578,48.34079360961914,171.0439910888672,-48.132118225097656,-9.431805610656738,3.359466791152954
frame_001054.png,149.39999389648438,48.416587829589844,171.1014862060547,-48.25247573852539,-9.420269966125488,3.3499183654785156
frame_001055.png,149.7091064453125,48.484188079833984,171.18917846679688,-48.365150451660156,-9.402286529541016,3.341705799102783
frame_001056.png,149.97915649414062,48.532108306884766,171.2925262451172,-48.477272033691406,-9.393766403198242,3.3386006355285645
frame_001057.png,150.22509765625,48.56899642944336,171.3887939453125,-48.58442687988281,-9.387445449829102,3.32541823387146
frame_001058.png,150.45297241210938,48.60405731201172,171.4998321533203,-48.67767333984375,-9.373002052307129,3.311720132827759
frame_001059.png,150.68614196777344,48.62864685058594,171.6065216064453,-48.75211715698242,-9.348888397216797,3.3088269233703613
frame_001060.png,150.9269256591797,48.64654541015625,171.70680236816406,-48.8189811706543,-9.320618629455566,3.322739362716675
frame_001061.png,151.17214965820312,48.66386795043945,171.81195068359375,-48.86960983276367,-9.283099174499512,3.334956169128418
frame_001062.png,151.4241943359375,48.68717575073242,171.89244079589844,-48.911502838134766,-9.239216804504395,3.339184045791626
frame_001063.png,151.68539428710938,48.71040344238281,171.9563751220703,-48.959293365478516,-9.196765899658203,3.3423943519592285
frame_001064.png,151.94918823242188,48.74197006225586,172.018798828125,-49.01105499267578,-9.162537574768066,3.351712226867676
frame_001065.png,152.2150115966797,48.782066345214844,172.0834503173828,-49.065460205078125,-9.137438774108887,3.3646810054779053
frame_001066.png,152.48948669433594,48.828704833984375,172.15065002441406,-49.123565673828125,-9.12132740020752,3.379643440246582
frame_001067.png,152.77468872070312,48.877838134765625,172.21652221679688,-49.189430236816406,-9.113569259643555,3.3937740325927734
frame_001068.png,153.0738067626953,48.92330551147461,172.27894592285156,-49.262290954589844,-9.112014770507812,3.4084622859954834
frame_001069.png,153.38494873046875,48.966705322265625,172.3419189453125,-49.34440231323242,-9.113025665283203,3.423064708709717
frame_001070.png,153.70318603515625,49.00798034667969,172.41165161132812,-49.42961502075195,-9.113752365112305,3.438178062438965
frame_001071.png,154.02279663085938,49.049232482910156,172.48883056640625,-49.51662063598633,-9.112397193908691,3.4534895420074463
frame_001072.png,154.34266662597656,49.09140396118164,172.57496643066406,-49.6021614074707,-9.108282089233398,3.4708335399627686
frame_001073.png,154.6632537841797,49.135887145996094,172.6715850830078,-49.68411636352539,-9.101343154907227,3.4895567893981934
frame_001074.png,154.98422241210938,49.181114196777344,172.7809600830078,-49.76034927368164,-9.091696739196777,3.5135607719421387
frame_001075.png,155.3075408935547,49.22543716430664,172.9015350341797,-49.832740783691406,-9.079978942871094,3.54597806930542
frame_001076.png,155.62815856933594,49.27028274536133,173.0340576171875,-49.89973068237305,-9.066861152648926,3.584369659423828
frame_001077.png,155.94468688964844,49.31589889526367,173.18252563476562,-49.9620475769043,-9.050889015197754,3.6281001567840576
frame_001078.png,156.2613067626953,49.3675537109375,173.35330200195312,-50.02091598510742,-9.030614852905273,3.674912691116333
frame_001079.png,156.5779571533203,49.42079162597656,173.54861450195312,-50.07704544067383,-9.008405685424805,3.7307090759277344
frame_001080.png,156.8853302001953,49.4716911315918,173.7672882080078,-50.133934020996094,-8.986706733703613,3.7911720275878906
frame_001081.png,157.19265747070312,49.52322006225586,174.0052947998047,-50.19078826904297,-8.965825080871582,3.8521692752838135
frame_001082.png,157.5023956298828,49.574798583984375,174.2579345703125,-50.245361328125,-8.947583198547363,3.913756847381592
frame_001083.png,157.80686950683594,49.62441635131836,174.52830505371094,-50.30112075805664,-8.929853439331055,3.988415241241455
frame_001084.png,158.09934997558594,49.667884826660156,174.80328369140625,-50.3649787902832,-8.911327362060547,4.070134162902832
frame_001085.png,158.38555908203125,49.699005126953125,175.05657958984375,-50.43983459472656,-8.895703315734863,4.165714740753174
frame_001086.png,158.68296813964844,49.72538757324219,175.27432250976562,-50.51277542114258,-8.88100814819336,4.2614240646362305
frame_001087.png,158.9958953857422,49.76576232910156,175.4588623046875,-50.579925537109375,-8.862241744995117,4.335160255432129
frame_001088.png,159.31661987304688,49.818485260009766,175.61904907226562,-50.63679122924805,-8.849394798278809,4.385976791381836
frame_001089.png,159.63829040527344,49.88213348388672,175.76254272460938,-50.695919036865234,-8.838541984558105,4.430848598480225
frame_001090.png,159.96446228027344,49.94886016845703,175.8971710205078,-50.761505126953125,-8.823078155517578,4.475164890289307
frame_001091.png,160.28668212890625,50.009742736816406,176.03428649902344,-50.83030319213867,-8.802001953125,4.541075706481934
frame_001092.png,160.58177185058594,50.07004165649414,176.2075653076172,-50.92008972167969,-8.781664848327637,4.620602607727051
frame_001093.png,160.87049865722656,50.12347412109375,176.3699951171875,-51.01436233520508,-8.76773452758789,4.695318222045898
frame_001094.png,161.1694793701172,50.190223693847656,176.54586791992188,-51.108558654785156,-8.757120132446289,4.7621564865112305
frame_001095.png,161.4759521484375,50.2591667175293,176.74639892578125,-51.20252227783203,-8.742560386657715,4.820413112640381
frame_001096.png,161.78021240234375,50.32106399536133,176.9637908935547,-51.286216735839844,-8.725465774536133,4.869237422943115
frame_001097.png,162.0892333984375,50.382972717285156,177.18655395507812,-51.353851318359375,-8.706167221069336,4.914001941680908
frame_001098.png,162.38197326660156,50.41880798339844,177.397216796875,-51.43474197387695,-8.690287590026855,4.970849514007568
frame_001099.png,162.6234130859375,50.44948196411133,177.5963134765625,-51.52553176879883,-8.690239906311035,5.042593479156494
frame_001100.png,162.80242919921875,50.48047637939453,177.79656982421875,-51.59785461425781,-8.69672966003418,5.107060432434082
frame_001101.png,162.93238830566406,50.52976608276367,178.0416259765625,-51.67338943481445,-8.701536178588867,5.151968002319336
frame_001102.png,163.03176879882812,50.599239349365234,178.319580078125,-51.76246643066406,-8.702190399169922,5.188332557678223
frame_001103.png,163.108154296875,50.67885971069336,178.61122131347656,-51.841182708740234,-8.701835632324219,5.2323384284973145
frame_001104.png,163.18348693847656,50.75571060180664,178.8830108642578,-51.90758514404297,-8.707518577575684,5.296125888824463
frame_001105.png,163.23008728027344,50.831851959228516,179.13421630859375,-51.97536849975586,-8.725045204162598,5.352357387542725
frame_001106.png,163.27516174316406,50.90863037109375,179.35232543945312,-52.01777648925781,-8.742875099182129,5.406644344329834
frame_001107.png,163.27444458007812,50.962684631347656,179.56088256835938,-52.047542572021484,-8.750322341918945,5.452795028686523
frame_001108.png,163.2371063232422,51.002777099609375,179.78245544433594,-52.09693908691406,-8.753809928894043,5.5004963874816895
frame_001109.png,163.20655822753906,51.04560852050781,180.0234832763672,-52.17241668701172,-8.754194259643555,5.5439043045043945
frame_001110.png,163.1975860595703,51.0926628112793,180.25392150878906,-52.24640655517578,-8.75777530670166,5.588200092315674
frame_001111.png,163.21885681152344,51.14080810546875,180.46299743652344,-52.3094367980957,-8.754610061645508,5.629456520080566
frame_001112.png,163.26119995117188,51.19437789916992,180.67425537109375,-52.367767333984375,-8.751152038574219,5.6654534339904785
frame_001113.png,163.29226684570312,51.24886703491211,180.9287109375,-52.40334701538086,-8.745363235473633,5.691514492034912
frame_001114.png,163.31251525878906,51.287654876708984,181.20965576171875,-52.43248748779297,-8.738584518432617,5.702415943145752
frame_001115.png,163.3114776611328,51.31275177001953,181.49134826660156,-52.46512985229492,-8.734622955322266,5.716363906860352
frame_001116.png,163.28077697753906,51.321502685546875,181.76373291015625,-52.489654541015625,-8.734257698059082,5.73537015914917
frame_001117.png,163.2181854248047,51.32936096191406,182.03346252441406,-52.48844528198242,-8.72956657409668,5.749048233032227
frame_001118.png,163.09376525878906,51.328575134277344,182.2959442138672,-52.46210861206055,-8.711692810058594,5.759730815887451
frame_001119.png,162.96038818359375,51.321807861328125,182.56076049804688,-52.44971466064453,-8.694168090820312,5.7665557861328125
frame_001120.png,162.82835388183594,51.32024002075195,182.84213256835938,-52.454864501953125,-8.67797565460205,5.779794216156006
frame_001121.png,162.66806030273438,51.303932189941406,183.13429260253906,-52.470516204833984,-8.659793853759766,5.778724670410156
frame_001122.png,162.46766662597656,51.269710540771484,183.41835021972656,-52.48269271850586,-8.644380569458008,5.770108222961426
frame_001123.png,162.2345428466797,51.229034423828125,183.69773864746094,-52.49473571777344,-8.62733268737793,5.764780044555664
frame_001124.png,161.97389221191406,51.18577575683594,183.9792022705078,-52.50436782836914,-8.611332893371582,5.764705181121826
frame_001125.png,161.72012329101562,51.14947509765625,184.2596435546875,-52.516544342041016,-8.605376243591309,5.773403167724609
frame_001126.png,161.48011779785156,51.12086486816406,184.5353546142578,-52.53432846069336,-8.604373931884766,5.778722763061523
frame_001127.png,161.2495880126953,51.09944152832031,184.8153839111328,-52.55671691894531,-8.60504150390625,5.7822394371032715
frame_001128.png,161.0225830078125,51.08182144165039,185.1117401123047,-52.587650299072266,-8.607062339782715,5.785239219665527
frame_001129.png,160.79742431640625,51.06520080566406,185.4184112548828,-52.62577819824219,-8.610176086425781,5.7888264656066895
frame_001130.png,160.57958984375,51.05270004272461,185.7186737060547,-52.666751861572266,-8.614978790283203,5.792684078216553
frame_001131.png,160.37608337402344,51.04713821411133,186.00198364257812,-52.70637893676758,-8.623041152954102,5.7936553955078125
frame_001132.png,160.19155883789062,51.046573638916016,186.26373291015625,-52.74757385253906,-8.635479927062988,5.796562194824219
frame_001133.png,160.03341674804688,51.04597854614258,186.49874877929688,-52.80769729614258,-8.646781921386719,5.810997486114502
frame_001134.png,159.9371337890625,51.048301696777344,186.7145233154297,-52.88307571411133,-8.65439510345459,5.849401473999023
frame_001135.png,159.86354064941406,51.06169509887695,186.93832397460938,-52.96471405029297,-8.665950775146484,5.888461589813232
frame_001136.png,159.7779541015625,51.07913589477539,187.14273071289062,-53.03413391113281,-8.67304801940918,5.915433883666992
frame_001137.png,159.72776794433594,51.10894775390625,187.35780334472656,-53.128448486328125,-8.676620483398438,5.9242987632751465
frame_001138.png,159.73681640625,51.15692901611328,187.54766845703125,-53.22777557373047,-8.676032066345215,5.916562080383301
frame_001139.png,159.7816619873047,51.21196365356445,187.7248992919922,-53.332237243652344,-8.66773796081543,5.89193868637085
frame_001140.png,159.86398315429688,51.269466400146484,187.90957641601562,-53.431209564208984,-8.66701602935791,5.872185230255127
frame_001141.png,159.99765014648438,51.347896575927734,188.09854125976562,-53.49938201904297,-8.671353340148926,5.839517116546631
frame_001142.png,160.1373748779297,51.414703369140625,188.3256072998047,-53.5424919128418,-8.683296203613281,5.824869155883789
frame_001143.png,160.248779296875,51.457069396972656,188.57366943359375,-53.61115264892578,-8.696510314941406,5.804643630981445
frame_001144.png,160.36050415039062,51.50798416137695,188.87652587890625,-53.673248291015625,-8.697967529296875,5.7506537437438965
frame_001145.png,160.4441375732422,51.56808853149414,189.18853759765625,-53.77388381958008,-8.706836700439453,5.70693826675415
frame_001146.png,160.54827880859375,51.64284896850586,189.51385498046875,-53.84735107421875,-8.702003479003906,5.68080997467041
frame_001147.png,160.66659545898438,51.72960662841797,189.83506774902344,-53.909263610839844,-8.6964111328125,5.6552605628967285
frame_001148.png,160.79237365722656,51.81106185913086,190.13156127929688,-54.01581954956055,-8.701910018920898,5.672482490539551
frame_001149.png,160.9393310546875,51.86269760131836,190.38925170898438,-54.14139175415039,-8.70341682434082,5.708546161651611
frame_001150.png,161.08126831054688,51.908538818359375,190.63194274902344,-54.28120040893555,-8.693769454956055,5.721693992614746
frame_001151.png,161.22811889648438,51.959129333496094,190.8433380126953,-54.42646789550781,-8.682427406311035,5.704929828643799
frame_001152.png,161.39328002929688,52.00445556640625,191.0072479248047,-54.563358306884766,-8.665731430053711,5.696735382080078
frame_001153.png,161.58885192871094,52.0516357421875,191.1566162109375,-54.685264587402344,-8.637725830078125,5.701029300689697
frame_001154.png,161.79537963867188,52.08969497680664,191.27784729003906,-54.79273223876953,-8.603713035583496,5.699374675750732
frame_001155.png,162.0095977783203,52.119842529296875,191.40663146972656,-54.89722442626953,-8.567279815673828,5.697422981262207
frame_001156.png,162.22415161132812,52.142215728759766,191.5226287841797,-54.993900299072266,-8.527327537536621,5.71457576751709
frame_001157.png,162.4445343017578,52.1576042175293,191.62823486328125,-55.091915130615234,-8.485945701599121,5.743581771850586
frame_001158.png,162.66281127929688,52.166351318359375,191.73268127441406,-55.17880630493164,-8.447135925292969,5.785671234130859
frame_001159.png,162.88259887695312,52.16572952270508,191.8307647705078,-55.25972366333008,-8.411023139953613,5.8331427574157715
frame_001160.png,163.09823608398438,52.15473937988281,191.9204559326172,-55.33017349243164,-8.376230239868164,5.884072303771973
frame_001161.png,163.31301879882812,52.13739013671875,192.0005340576172,-55.39236831665039,-8.342612266540527,5.935813903808594
frame_001162.png,163.5281982421875,52.11648941040039,192.0733184814453,-55.44776916503906,-8.310490608215332,5.9884748458862305
frame_001163.png,163.7427520751953,52.09389114379883,192.1422882080078,-55.49692916870117,-8.280305862426758,6.042924880981445
frame_001164.png,163.9547882080078,52.07158660888672,192.2120361328125,-55.541465759277344,-8.251667022705078,6.09688138961792
frame_001165.png,164.16156005859375,52.04936218261719,192.28781127929688,-55.58219528198242,-8.221916198730469,6.14919376373291
frame_001166.png,164.35885620117188,52.025611877441406,192.3670654296875,-55.62565612792969,-8.189983367919922,6.199100017547607
frame_001167.png,164.56350708007812,52.001075744628906,192.45523071289062,-55.69069290161133,-8.153189659118652,6.252579689025879
frame_001168.png,164.7593536376953,51.9820556640625,192.5563507080078,-55.78333282470703,-8.109721183776855,6.314373016357422
frame_001169.png,164.97457885742188,51.98069381713867,192.68089294433594,-55.888702392578125,-8.05604362487793,6.375487327575684
frame_001170.png,165.2066650390625,51.97721862792969,192.8572235107422,-55.994537353515625,-8.005667686462402,6.428082466125488
frame_001171.png,165.4478759765625,51.97709655761719,193.05169677734375,-56.096099853515625,-7.951957702636719,6.471748352050781
frame_001172.png,165.6533660888672,51.99544906616211,193.2833251953125,-56.206321716308594,-7.904086112976074,6.508902549743652
frame_001173.png,165.83592224121094,52.0101432800293,193.5710906982422,-56.32150650024414,-7.865373611450195,6.5608811378479
frame_001174.png,165.98095703125,52.029930114746094,193.931884765625,-56.4446907043457,-7.848527431488037,6.637916088104248
frame_001175.png,166.0983123779297,52.083683013916016,194.30520629882812,-56.5604133605957,-7.835671424865723,6.731365203857422
frame_001176.png,166.2169952392578,52.13459777832031,194.62948608398438,-56.66750717163086,-7.824146747589111,6.786647796630859
frame_001177.png,166.33926391601562,52.174530029296875,194.89576721191406,-56.77714157104492,-7.837308883666992,6.815498352050781
frame_001178.png,166.47518920898438,52.21721267700195,195.14398193359375,-56.885311126708984,-7.852156639099121,6.842045307159424
frame_001179.png,166.67478942871094,52.28532791137695,195.3447265625,-56.93288040161133,-7.881108283996582,6.845929145812988
frame_001180.png,166.8762969970703,52.33634948730469,195.55726623535156,-56.95081329345703,-7.912537097930908,6.841726303100586
frame_001181.png,167.060546875,52.397769927978516,195.8017120361328,-56.9923095703125,-7.94121789932251,6.782381057739258
frame_001182.png,167.2531280517578,52.4567985534668,196.06893920898438,-57.02348709106445,-7.9466776847839355,6.751142501831055
frame_001183.png,167.42530822753906,52.53913116455078,196.32009887695312,-57.094295501708984,-7.9372687339782715,6.750981330871582
frame_001184.png,167.52639770507812,52.59932327270508,196.60638427734375,-57.177101135253906,-7.925490379333496,6.806190013885498
frame_001185.png,167.6134033203125,52.660011291503906,196.87034606933594,-57.23155212402344,-7.921525478363037,6.871615409851074
frame_001186.png,167.662109375,52.7066764831543,197.14100646972656,-57.31584930419922,-7.928290367126465,6.945235729217529
frame_001187.png,167.69252014160156,52.76204299926758,197.39950561523438,-57.42235565185547,-7.94511604309082,6.973862171173096
frame_001188.png,167.72825622558594,52.82345962524414,197.6538848876953,-57.47290802001953,-7.959766387939453,6.991649627685547
frame_001189.png,167.782470703125,52.863338470458984,197.88601684570312,-57.526580810546875,-7.97569465637207,7.013948917388916
frame_001190.png,167.79246520996094,52.89995193481445,198.1303253173828,-57.60798263549805,-7.98207426071167,6.992788314819336
frame_001191.png,167.8037872314453,52.93708801269531,198.35552978515625,-57.673377990722656,-7.984738826751709,6.976461410522461
frame_001192.png,167.78741455078125,53.01456069946289,198.6026153564453,-57.72104263305664,-7.9828081130981445,6.9106645584106445
frame_001193.png,167.75192260742188,53.0998649597168,198.87533569335938,-57.777931213378906,-7.964316368103027,6.8543195724487305
frame_001194.png,167.70913696289062,53.18630599975586,199.1554412841797,-57.85187530517578,-7.931553840637207,6.820146560668945
frame_001195.png,167.6843719482422,53.287925720214844,199.40570068359375,-57.94218826293945,-7.905451774597168,6.786413669586182
frame_001196.png,167.69268798828125,53.400447845458984,199.6211700439453,-58.04255676269531,-7.885528564453125,6.764495372772217
frame_001197.png,167.70664978027344,53.51144790649414,199.8249053955078,-58.153255462646484,-7.870400905609131,6.748868942260742
frame_001198.png,167.72698974609375,53.6312370300293,200.02090454101562,-58.24436569213867,-7.858334064483643,6.7251763343811035
frame_001199.png,167.734375,53.754249572753906,200.2388458251953,-58.338531494140625,-7.845015048980713,6.697845935821533
frame_001200.png,167.74244689941406,53.876102447509766,200.46351623535156,-58.43645477294922,-7.830960273742676,6.6668009757995605
frame_001201.png,167.7528839111328,53.976837158203125,200.6918487548828,-58.557247161865234,-7.818119049072266,6.638723373413086
frame_001202.png,167.75486755371094,54.061805725097656,200.90740966796875,-58.677669525146484,-7.804218292236328,6.594497203826904
frame_001203.png,167.75595092773438,54.144859313964844,201.1124725341797,-58.80531311035156,-7.794380187988281,6.5378570556640625
frame_001204.png,167.77371215820312,54.197181701660156,201.30838012695312,-58.92722702026367,-7.78029203414917,6.484818458557129
frame_001205.png,167.78436279296875,54.23842239379883,201.47142028808594,-59.03837203979492,-7.768571376800537,6.430840015411377
frame_001206.png,167.8016357421875,54.262332916259766,201.58251953125,-59.134918212890625,-7.754491329193115,6.372624397277832
frame_001207.png,167.8303985595703,54.276023864746094,201.65423583984375,-59.22031021118164,-7.732564926147461,6.327303409576416
frame_001208.png,167.86180114746094,54.28437805175781,201.71066284179688,-59.31147384643555,-7.701757907867432,6.279842853546143
frame_001209.png,167.8871307373047,54.29658126831055,201.7777099609375,-59.40793228149414,-7.672734260559082,6.213474273681641
frame_001210.png,167.89288330078125,54.30869674682617,201.838623046875,-59.49608612060547,-7.648252487182617,6.137570858001709
frame_001211.png,167.87171936035156,54.3242301940918,201.9109649658203,-59.573238372802734,-7.629456520080566,6.067974090576172
frame_001212.png,167.82662963867188,54.35099792480469,201.99639892578125,-59.645103454589844,-7.619037628173828,6.009590148925781
frame_001213.png,167.8063201904297,54.3966178894043,202.10415649414062,-59.719444274902344,-7.617891788482666,5.9616169929504395
frame_001214.png,167.8238983154297,54.439796447753906,202.22177124023438,-59.81949234008789,-7.624156475067139,5.936692714691162
frame_001215.png,167.87515258789062,54.470890045166016,202.3417205810547,-59.939395904541016,-7.6354570388793945,5.934706211090088
frame_001216.png,167.94117736816406,54.49638748168945,202.46043395996094,-60.08646011352539,-7.649080753326416,5.9314069747924805
frame_001217.png,168.0275421142578,54.525428771972656,202.6055450439453,-60.25467300415039,-7.65755033493042,5.902732849121094
frame_001218.png,168.12657165527344,54.5554313659668,202.7759246826172,-60.43677520751953,-7.673582553863525,5.85707426071167
frame_001219.png,168.22073364257812,54.59648132324219,202.97642517089844,-60.620689392089844,-7.692210674285889,5.808389186859131
frame_001220.png,168.31541442871094,54.64472198486328,203.208984375,-60.804901123046875,-7.71347713470459,5.739534378051758
frame_001221.png,168.43484497070312,54.68857192993164,203.43890380859375,-60.96824264526367,-7.7277703285217285,5.670563220977783
frame_001222.png,168.56625366210938,54.742637634277344,203.690673828125,-61.108970642089844,-7.734839916229248,5.597821235656738
frame_001223.png,168.71066284179688,54.800384521484375,203.9486083984375,-61.23216247558594,-7.738968849182129,5.511268138885498
frame_001224.png,168.83349609375,54.84468078613281,204.2021026611328,-61.33156967163086,-7.738722324371338,5.427879810333252
frame_001225.png,168.93190002441406,54.881500244140625,204.4232635498047,-61.40250778198242,-7.732739448547363,5.348607063293457
frame_001226.png,169.0271453857422,54.92464065551758,204.61134338378906,-61.456478118896484,-7.722585678100586,5.270538806915283
frame_001227.png,169.1123504638672,54.97292709350586,204.78817749023438,-61.50623321533203,-7.711218357086182,5.206565856933594
frame_001228.png,169.2017059326172,55.0205078125,204.9656524658203,-61.549461364746094,-7.698046684265137,5.1549482345581055
frame_001229.png,169.29640197753906,55.06279373168945,205.1504669189453,-61.583831787109375,-7.68490743637085,5.11817741394043
frame_001230.png,169.40057373046875,55.09811782836914,205.34207153320312,-61.61971664428711,-7.670621395111084,5.098844051361084
frame_001231.png,169.5211944580078,55.1253776550293,205.5367431640625,-61.65336608886719,-7.657548904418945,5.084558010101318
frame_001232.png,169.6575164794922,55.15056610107422,205.75076293945312,-61.68588638305664,-7.64508581161499,5.068182945251465
frame_001233.png,169.79859924316406,55.17680740356445,205.98477172851562,-61.72163009643555,-7.633021831512451,5.0456624031066895
frame_001234.png,169.9392547607422,55.20512008666992,206.24256896972656,-61.758811950683594,-7.619958877563477,5.016814231872559
frame_001235.png,170.077880859375,55.23304748535156,206.52569580078125,-61.797611236572266,-7.603686809539795,4.984102725982666
frame_001236.png,170.21636962890625,55.25978088378906,206.8285675048828,-61.8339958190918,-7.584168910980225,4.948622226715088
frame_001237.png,170.35252380371094,55.28462219238281,207.14743041992188,-61.86982345581055,-7.561608791351318,4.909085273742676
frame_001238.png,170.48963928222656,55.311458587646484,207.47708129882812,-61.905941009521484,-7.537805080413818,4.866955757141113
frame_001239.png,170.62738037109375,55.343116760253906,207.8080291748047,-61.94278335571289,-7.513235569000244,4.823917865753174
frame_001240.png,170.76754760742188,55.38288116455078,208.1288299560547,-61.980812072753906,-7.488808631896973,4.782567501068115
frame_001241.png,170.90879821777344,55.42936325073242,208.43470764160156,-62.019412994384766,-7.46503210067749,4.743555068969727
frame_001242.png,171.04942321777344,55.47983169555664,208.7292938232422,-62.05651092529297,-7.442138671875,4.705150604248047
frame_001243.png,171.18936157226562,55.53360366821289,209.01722717285156,-62.09188461303711,-7.420376777648926,4.665143013000488
frame_001244.png,171.3292694091797,55.590118408203125,209.30128479003906,-62.12529373168945,-7.399994850158691,4.6241631507873535
frame_001245.png,171.46974182128906,55.649330139160156,209.58253479003906,-62.15612030029297,-7.381068706512451,4.583217144012451
frame_001246.png,171.6112518310547,55.71110916137695,209.86080932617188,-62.18608474731445,-7.364986896514893,4.545180320739746
frame_001247.png,171.7513885498047,55.773948669433594,210.138671875,-62.21479415893555,-7.350534915924072,4.509942054748535
frame_001248.png,171.88856506347656,55.837867736816406,210.41329956054688,-62.240909576416016,-7.337030410766602,4.479552268981934
frame_001249.png,172.02337646484375,55.90290069580078,210.68109130859375,-62.26657485961914,-7.323578357696533,4.456662654876709
frame_001250.png,172.15806579589844,55.970462799072266,210.94305419921875,-62.299171447753906,-7.309610366821289,4.440690517425537
frame_001251.png,172.296630859375,56.03994369506836,211.1986541748047,-62.339351654052734,-7.297625541687012,4.434113502502441
frame_001252.png,172.4468994140625,56.10921859741211,211.43368530273438,-62.38582229614258,-7.285659313201904,4.439937114715576
frame_001253.png,172.5992431640625,56.175594329833984,211.64512634277344,-62.43364334106445,-7.277252197265625,4.4462199211120605
frame_001254.png,172.74867248535156,56.238037109375,211.84043884277344,-62.4841194152832,-7.274939060211182,4.439908981323242
frame_001255.png,172.87928771972656,56.288631439208984,212.0474853515625,-62.535308837890625,-7.277378559112549,4.426893711090088
frame_001256.png,172.99977111816406,56.337745666503906,212.26052856445312,-62.58885192871094,-7.281555652618408,4.410910129547119
frame_001257.png,173.11000061035156,56.37656021118164,212.46827697753906,-62.65055465698242,-7.290295600891113,4.406749248504639
frame_001258.png,173.23193359375,56.406368255615234,212.6591339111328,-62.72800827026367,-7.304190635681152,4.403994083404541
frame_001259.png,173.37478637695312,56.4312629699707,212.8413848876953,-62.82302474975586,-7.318310260772705,4.398305892944336
frame_001260.png,173.52304077148438,56.44064712524414,213.0136260986328,-62.93781280517578,-7.334589004516602,4.407704830169678
frame_001261.png,173.65029907226562,56.434173583984375,213.18202209472656,-63.06821060180664,-7.3423590660095215,4.422047138214111
frame_001262.png,173.72662353515625,56.43568420410156,213.40037536621094,-63.237281799316406,-7.344084739685059,4.401702880859375
frame_001263.png,173.79364013671875,56.44186019897461,213.625244140625,-63.41379928588867,-7.341307163238525,4.382862091064453
frame_001264.png,173.83517456054688,56.46082305908203,213.85397338867188,-63.60226821899414,-7.350311279296875,4.3595685958862305
frame_001265.png,173.85227966308594,56.48486328125,214.08389282226562,-63.79638671875,-7.360506057739258,4.344692230224609
frame_001266.png,173.87522888183594,56.508968353271484,214.26441955566406,-63.972042083740234,-7.369356155395508,4.347204208374023
frame_001267.png,173.92933654785156,56.545772552490234,214.39793395996094,-64.12455749511719,-7.3803019523620605,4.359405040740967
frame_001268.png,173.9911346435547,56.591453552246094,214.51431274414062,-64.26481628417969,-7.394426345825195,4.3455095291137695
frame_001269.png,174.02239990234375,56.641902923583984,214.64102172851562,-64.40826416015625,-7.408109664916992,4.317473888397217
frame_001270.png,174.04525756835938,56.70320129394531,214.77418518066406,-64.52967071533203,-7.413928508758545,4.280934810638428
frame_001271.png,174.06527709960938,56.751914978027344,214.88479614257812,-64.61884307861328,-7.4048752784729,4.217619895935059
frame_001272.png,174.06594848632812,56.77189254760742,214.9930419921875,-64.72119140625,-7.367248058319092,4.155771732330322
frame_001273.png,174.06849670410156,56.78617858886719,215.0800018310547,-64.8252944946289,-7.32905387878418,4.091931343078613
frame_001274.png,174.10986328125,56.803043365478516,215.15882873535156,-64.93905639648438,-7.2897820472717285,4.0354485511779785
frame_001275.png,174.1589813232422,56.823020935058594,215.22665405273438,-65.07884979248047,-7.262877464294434,3.9725570678710938
frame_001276.png,174.2107696533203,56.849021911621094,215.3236846923828,-65.21115112304688,-7.243382930755615,3.9237220287323
frame_001277.png,174.2553253173828,56.88625717163086,215.46343994140625,-65.35623931884766,-7.226885795593262,3.8546032905578613
frame_001278.png,174.30514526367188,56.95726776123047,215.65643310546875,-65.4955062866211,-7.215897560119629,3.799375295639038
frame_001279.png,174.386962890625,57.05607986450195,215.85659790039062,-65.585205078125,-7.220900535583496,3.763362169265747
frame_001280.png,174.47450256347656,57.16004180908203,216.08224487304688,-65.6407241821289,-7.238714218139648,3.7439541816711426
frame_001281.png,174.53857421875,57.278568267822266,216.35733032226562,-65.69657897949219,-7.2464823722839355,3.715883731842041
frame_001282.png,174.55780029296875,57.396060943603516,216.67205810546875,-65.73077392578125,-7.253186225891113,3.6986565589904785
frame_001283.png,174.55178833007812,57.49755096435547,216.99461364746094,-65.76436614990234,-7.262321472167969,3.681830883026123
frame_001284.png,174.52603149414062,57.59318161010742,217.31529235839844,-65.81017303466797,-7.276363849639893,3.6576285362243652
frame_001285.png,174.4862060546875,57.67402648925781,217.63381958007812,-65.86406707763672,-7.299010276794434,3.618974447250366
frame_001286.png,174.4525604248047,57.752479553222656,217.96954345703125,-65.93266296386719,-7.32627010345459,3.535473346710205
frame_001287.png,174.4379425048828,57.83371353149414,218.3255615234375,-66.00689697265625,-7.351116180419922,3.439772844314575
frame_001288.png,174.44180297851562,57.915348052978516,218.68365478515625,-66.08509063720703,-7.376016139984131,3.3340251445770264
frame_001289.png,174.46255493164062,58.00639724731445,219.0605926513672,-66.18892669677734,-7.398773193359375,3.219280242919922
frame_001290.png,174.5124053955078,58.101844787597656,219.43084716796875,-66.2818832397461,-7.425357818603516,3.1132102012634277
frame_001291.png,174.6004638671875,58.20090103149414,219.79302978515625,-66.35453796386719,-7.4574079513549805,3.013441801071167
frame_001292.png,174.6639404296875,58.30851364135742,220.14488220214844,-66.43151092529297,-7.49093770980835,2.939011573791504
frame_001293.png,174.71380615234375,58.38456344604492,220.45968627929688,-66.51902770996094,-7.518487930297852,2.9246039390563965
frame_001294.png,174.7767791748047,58.45082092285156,220.75079345703125,-66.5718002319336,-7.5322675704956055,2.9147284030914307
frame_001295.png,174.848388671875,58.51808166503906,221.03932189941406,-66.64608764648438,-7.54431676864624,2.8935930728912354
frame_001296.png,174.95245361328125,58.59697723388672,221.33143615722656,-66.73056030273438,-7.558770179748535,2.8517251014709473
frame_001297.png,175.08946228027344,58.67305374145508,221.59886169433594,-66.79725646972656,-7.574490070343018,2.7962756156921387
frame_001298.png,175.225341796875,58.74437713623047,221.88009643554688,-66.89513397216797,-7.579469680786133,2.7393953800201416
frame_001299.png,175.35397338867188,58.814151763916016,222.16912841796875,-67.00989532470703,-7.577792644500732,2.6794590950012207
frame_001300.png,175.48536682128906,58.879764556884766,222.4346160888672,-67.1290054321289,-7.574171543121338,2.6294684410095215
frame_001301.png,175.65768432617188,58.96916580200195,222.6890869140625,-67.233642578125,-7.5645833015441895,2.604058265686035
frame_001302.png,175.82736206054688,59.07716751098633,222.92156982421875,-67.3204574584961,-7.550410747528076,2.5797150135040283
frame_001303.png,176.01914978027344,59.177223205566406,223.12374877929688,-67.385986328125,-7.533885478973389,2.5695345401763916
frame_001304.png,176.25234985351562,59.25627136230469,223.2786407470703,-67.43937683105469,-7.5065202713012695,2.611677885055542
frame_001305.png,176.48989868164062,59.33977508544922,223.43765258789062,-67.50706481933594,-7.4723615646362305,2.6346068382263184
frame_001306.png,176.70347595214844,59.434593200683594,223.64039611816406,-67.56976318359375,-7.458716869354248,2.6369283199310303
frame_001307.png,176.90591430664062,59.5420036315918,223.89215087890625,-67.62237548828125,-7.46605920791626,2.6281845569610596
frame_001308.png,177.13133239746094,59.680397033691406,224.13401794433594,-67.63434600830078,-7.484330177307129,2.667720079421997
frame_001309.png,177.411865234375,59.83615493774414,224.35220336914062,-67.64148712158203,-7.491272926330566,2.7320449352264404
frame_001310.png,177.70687866210938,59.98652267456055,224.58135986328125,-67.70063781738281,-7.5092363357543945,2.816913604736328
frame_001311.png,177.99427795410156,60.11383819580078,224.7848358154297,-67.78816986083984,-7.527403354644775,2.904644250869751
frame_001312.png,178.27146911621094,60.233985900878906,224.94818115234375,-67.88558197021484,-7.541440010070801,2.9580962657928467
frame_001313.png,178.53118896484375,60.35346603393555,225.09518432617188,-67.97016143798828,-7.549652099609375,2.993642568588257
frame_001314.png,178.76890563964844,60.47666931152344,225.236328125,-68.05986785888672,-7.548696994781494,3.04025936126709
frame_001315.png,178.9948272705078,60.597007751464844,225.37879943847656,-68.14425659179688,-7.534636497497559,3.0990748405456543
frame_001316.png,179.21669006347656,60.71052932739258,225.51348876953125,-68.23859405517578,-7.516578197479248,3.155154228210449
frame_001317.png,179.44119262695312,60.82320022583008,225.63720703125,-68.34529113769531,-7.492673873901367,3.2023003101348877
frame_001318.png,179.68223571777344,60.931949615478516,225.75782775878906,-68.45171356201172,-7.459692478179932,3.2498180866241455
frame_001319.png,179.90863037109375,61.044593811035156,225.88037109375,-68.56465911865234,-7.4216766357421875,3.2906689643859863
frame_001320.png,180.1055450439453,61.15678787231445,226.01803588867188,-68.68555450439453,-7.387092113494873,3.326545476913452
frame_001321.png,180.29637145996094,61.26708984375,226.1703338623047,-68.80866241455078,-7.3542304039001465,3.368053913116455
frame_001322.png,180.47572326660156,61.37413024902344,226.3408966064453,-68.93275451660156,-7.317758560180664,3.404179811477661
frame_001323.png,180.6337890625,61.47745895385742,226.54232788085938,-69.0601577758789,-7.279279708862305,3.4354043006896973
frame_001324.png,180.76730346679688,61.570884704589844,226.77456665039062,-69.18307495117188,-7.2374444007873535,3.4602954387664795
frame_001325.png,180.88088989257812,61.65245056152344,227.02536010742188,-69.29859924316406,-7.192875385284424,3.472257614135742
frame_001326.png,180.97239685058594,61.72812271118164,227.2875518798828,-69.4044418334961,-7.15114688873291,3.4729583263397217
frame_001327.png,181.03810119628906,61.798095703125,227.57350158691406,-69.5040054321289,-7.113765716552734,3.4690511226654053
frame_001328.png,181.08204650878906,61.86141586303711,227.88058471679688,-69.59744262695312,-7.080202579498291,3.4615375995635986
frame_001329.png,181.10243225097656,61.92390060424805,228.21026611328125,-69.6878662109375,-7.052375316619873,3.441944122314453
frame_001330.png,181.10252380371094,61.986236572265625,228.552734375,-69.77606964111328,-7.0292816162109375,3.4213345050811768
frame_001331.png,181.0895233154297,62.04727554321289,228.90011596679688,-69.86371612548828,-7.009112358093262,3.4045605659484863
frame_001332.png,181.06980895996094,62.10348892211914,229.24444580078125,-69.95064544677734,-6.991245746612549,3.3946330547332764
frame_001333.png,181.0482635498047,62.15513610839844,229.5845489501953,-70.03668212890625,-6.975395679473877,3.3900883197784424
frame_001334.png,181.02981567382812,62.20357131958008,229.9226531982422,-70.1217041015625,-6.958494186401367,3.390840530395508
frame_001335.png,181.014892578125,62.2491340637207,230.25830078125,-70.20476531982422,-6.941288948059082,3.3956351280212402
frame_001336.png,181.0060272216797,62.29153823852539,230.59068298339844,-70.28604125976562,-6.923891544342041,3.4061336517333984
frame_001337.png,181.0064239501953,62.33156967163086,230.91732788085938,-70.36548614501953,-6.907716274261475,3.4228262901306152
frame_001338.png,181.01258850097656,62.37012481689453,231.237548828125,-70.44442749023438,-6.8938374519348145,3.4451794624328613
frame_001339.png,181.02122497558594,62.40748977661133,231.54998779296875,-70.52098846435547,-6.882070541381836,3.4730865955352783
frame_001340.png,181.0294952392578,62.444393157958984,231.853515625,-70.59467315673828,-6.873728275299072,3.5059611797332764
frame_001341.png,181.03750610351562,62.480648040771484,232.14524841308594,-70.66544342041016,-6.868767738342285,3.543768882751465
frame_001342.png,181.04405212402344,62.51420974731445,232.4261016845703,-70.73388671875,-6.867429256439209,3.585937023162842
frame_001343.png,181.0401611328125,62.54365539550781,232.69671630859375,-70.800537109375,-6.869567394256592,3.629171133041382
frame_001344.png,181.0231170654297,62.56749725341797,232.9600830078125,-70.86671447753906,-6.874382972717285,3.672456741333008
frame_001345.png,180.9965057373047,62.585147857666016,233.21142578125,-70.9290542602539,-6.881470203399658,3.7150611877441406
frame_001346.png,180.96751403808594,62.59701919555664,233.44439697265625,-70.9858627319336,-6.88956356048584,3.7580106258392334
frame_001347.png,180.9403076171875,62.60367202758789,233.65380859375,-71.03610229492188,-6.900051116943359,3.799947738647461
frame_001348.png,180.92039489746094,62.60791015625,233.83982849121094,-71.0809555053711,-6.912382125854492,3.839045763015747
frame_001349.png,180.91136169433594,62.615238189697266,234.00057983398438,-71.11979675292969,-6.926594257354736,3.8722472190856934
frame_001350.png,180.91818237304688,62.628875732421875,234.1417694091797,-71.15435791015625,-6.9428558349609375,3.9006972312927246
frame_001351.png,180.94198608398438,62.648460388183594,234.2667999267578,-71.18622589111328,-6.960045337677002,3.921949863433838
frame_001352.png,180.98904418945312,62.67347717285156,234.38552856445312,-71.21794891357422,-6.976461887359619,3.9394166469573975
frame_001353.png,181.0704345703125,62.705841064453125,234.50621032714844,-71.2537841796875,-6.9930901527404785,3.9605860710144043
frame_001354.png,181.19276428222656,62.7457160949707,234.63375854492188,-71.29503631591797,-7.010628700256348,3.9856035709381104
frame_001355.png,181.3459930419922,62.78777313232422,234.767333984375,-71.3404541015625,-7.0309553146362305,4.012083053588867
frame_001356.png,181.52178955078125,62.82961654663086,234.9022216796875,-71.38912963867188,-7.053362846374512,4.038249969482422
frame_001357.png,181.7100372314453,62.870845794677734,235.0348358154297,-71.44001770019531,-7.0766425132751465,4.064635276794434
frame_001358.png,181.90631103515625,62.91149139404297,235.16246032714844,-71.49178314208984,-7.10026741027832,4.091285705566406
frame_001359.png,182.10986328125,62.95088577270508,235.28289794921875,-71.54462432861328,-7.124568462371826,4.117448329925537
frame_001360.png,182.3207244873047,62.988216400146484,235.3977813720703,-71.59740447998047,-7.149098873138428,4.141655445098877
frame_001361.png,182.5371856689453,63.02189636230469,235.50816345214844,-71.65084075927734,-7.1739397048950195,4.165923118591309
frame_001362.png,182.7569580078125,63.05215072631836,235.61570739746094,-71.70542907714844,-7.199695110321045,4.190855026245117
frame_001363.png,182.9752960205078,63.07926559448242,235.72299194335938,-71.7618179321289,-7.225773811340332,4.218649387359619
frame_001364.png,183.18804931640625,63.10326385498047,235.83262634277344,-71.82051086425781,-7.2511820793151855,4.250137805938721
frame_001365.png,183.39610290527344,63.12461471557617,235.94093322753906,-71.88252258300781,-7.2765302658081055,4.286824703216553
frame_001366.png,183.6020050048828,63.142574310302734,236.04420471191406,-71.94721221923828,-7.301352024078369,4.330045223236084
frame_001367.png,183.80628967285156,63.15778350830078,236.1470947265625,-72.0127182006836,-7.323609828948975,4.381452560424805
frame_001368.png,184.00938415527344,63.17103576660156,236.2499237060547,-72.07728576660156,-7.341142177581787,4.438234806060791
frame_001369.png,184.2173309326172,63.181514739990234,236.35714721679688,-72.1417007446289,-7.353342533111572,4.500510215759277
frame_001370.png,184.43218994140625,63.1894645690918,236.46649169921875,-72.20704650878906,-7.359542369842529,4.56582498550415
frame_001371.png,184.64772033691406,63.193904876708984,236.57374572753906,-72.2745590209961,-7.360957622528076,4.629048824310303
frame_001372.png,184.86122131347656,63.19409942626953,236.677978515625,-72.34619140625,-7.3573899269104,4.688352108001709
frame_001373.png,185.0719451904297,63.19082260131836,236.78001403808594,-72.42293548583984,-7.3497700691223145,4.742150783538818
frame_001374.png,185.27392578125,63.18416976928711,236.880126953125,-72.50602722167969,-7.338286399841309,4.789636611938477
frame_001375.png,185.47067260742188,63.17536163330078,236.97642517089844,-72.59266662597656,-7.323202133178711,4.828143119812012
frame_001376.png,185.66708374023438,63.16474533081055,237.06826782226562,-72.68095397949219,-7.3048624992370605,4.859668731689453
frame_001377.png,185.86402893066406,63.15267562866211,237.154296875,-72.77108764648438,-7.2837700843811035,4.886929988861084
frame_001378.png,186.0576171875,63.139495849609375,237.238037109375,-72.86433410644531,-7.261631011962891,4.909990310668945
frame_001379.png,186.25201416015625,63.126346588134766,237.32041931152344,-72.95909118652344,-7.238501071929932,4.931853294372559
frame_001380.png,186.451416015625,63.11369323730469,237.39817810058594,-73.0549087524414,-7.214243412017822,4.956281661987305
frame_001381.png,186.6575469970703,63.10270690917969,237.46969604492188,-73.15010833740234,-7.189579010009766,4.986224174499512
frame_001382.png,186.87039184570312,63.09230422973633,237.539306640625,-73.24645233154297,-7.164738178253174,5.025835990905762
frame_001383.png,187.0852813720703,63.08155059814453,237.62957763671875,-73.34081268310547,-7.14097785949707,5.078241348266602
frame_001384.png,187.30551147460938,63.07490539550781,237.7498321533203,-73.43038940429688,-7.120048999786377,5.147465229034424
frame_001385.png,187.50729370117188,63.07249069213867,237.91001892089844,-73.51288604736328,-7.101330757141113,5.232034683227539
frame_001386.png,187.67471313476562,63.08944320678711,238.12806701660156,-73.60440826416016,-7.079085350036621,5.313591957092285
frame_001387.png,187.79522705078125,63.118896484375,238.36085510253906,-73.71173095703125,-7.055576324462891,5.401528835296631
frame_001388.png,187.9186553955078,63.16533279418945,238.60057067871094,-73.8287124633789,-7.038152694702148,5.496031761169434
frame_001389.png,188.04852294921875,63.24150466918945,238.84043884277344,-73.91320037841797,-7.032203674316406,5.554015636444092
frame_001390.png,188.2143096923828,63.31978988647461,239.0869140625,-74.00908660888672,-7.013595104217529,5.589641571044922
frame_001391.png,188.40940856933594,63.38892364501953,239.3760986328125,-74.11712646484375,-6.9846415519714355,5.637944221496582
frame_001392.png,188.62539672851562,63.46431350708008,239.6314239501953,-74.18798065185547,-6.979788780212402,5.656839847564697
frame_001393.png,188.8776397705078,63.580543518066406,239.89173889160156,-74.17837524414062,-6.969207286834717,5.71438455581665
frame_001394.png,189.16322326660156,63.70694351196289,240.1481170654297,-74.17494201660156,-6.980239391326904,5.752029895782471
frame_001395.png,189.42828369140625,63.829036712646484,240.39541625976562,-74.21293640136719,-6.957603931427002,5.812777519226074
frame_001396.png,189.6026153564453,63.9229621887207,240.62998962402344,-74.27500915527344,-6.931893825531006,5.811429500579834
frame_001397.png,189.7178497314453,64.00798034667969,240.90740966796875,-74.3220443725586,-6.912115097045898,5.795217037200928
frame_001398.png,189.81948852539062,64.07930755615234,241.138671875,-74.32102966308594,-6.905165195465088,5.760009765625
frame_001399.png,189.8841094970703,64.16787719726562,241.3589630126953,-74.3241958618164,-6.9059247970581055,5.729207992553711
frame_001400.png,189.91366577148438,64.27404022216797,241.532470703125,-74.32593536376953,-6.897210121154785,5.6972737312316895
frame_001401.png,189.9534912109375,64.36676025390625,241.6602020263672,-74.36145782470703,-6.892772197723389,5.707184314727783
frame_001402.png,189.96530151367188,64.42404174804688,241.79441833496094,-74.41616821289062,-6.877665996551514,5.727534294128418
frame_001403.png,189.9451446533203,64.47088623046875,241.9710693359375,-74.48250579833984,-6.852888584136963,5.730285167694092
frame_001404.png,189.89157104492188,64.5053482055664,242.17689514160156,-74.57218170166016,-6.830381393432617,5.715854644775391
frame_001405.png,189.82093811035156,64.52556610107422,242.42404174804688,-74.66571807861328,-6.804067134857178,5.678074836730957
frame_001406.png,189.7335205078125,64.54190063476562,242.7157745361328,-74.7654800415039,-6.770681381225586,5.601761817932129
frame_001407.png,189.67568969726562,64.5511703491211,243.00115966796875,-74.8744888305664,-6.734530925750732,5.5108323097229
frame_001408.png,189.65170288085938,64.56829071044922,243.2799530029297,-74.97427368164062,-6.718155860900879,5.429354667663574
frame_001409.png,189.7181854248047,64.57769775390625,243.51828002929688,-75.05913543701172,-6.714395999908447,5.37537956237793
frame_001410.png,189.82095336914062,64.58576202392578,243.73739624023438,-75.15393829345703,-6.714534759521484,5.363394260406494
frame_001411.png,189.93186950683594,64.57991027832031,243.93630981445312,-75.24850463867188,-6.719695568084717,5.35902214050293
frame_001412.png,190.0266571044922,64.5777816772461,244.11907958984375,-75.35240173339844,-6.736889362335205,5.366623878479004
frame_001413.png,190.0815887451172,64.57122802734375,244.31593322753906,-75.4583511352539,-6.75153112411499,5.361157417297363
frame_001414.png,190.0681915283203,64.56172180175781,244.539306640625,-75.5671157836914,-6.77570104598999,5.322778701782227
frame_001415.png,190.0347137451172,64.57223510742188,244.80084228515625,-75.6895980834961,-6.801390171051025,5.279006004333496
frame_001416.png,189.99179077148438,64.58895111083984,245.0977783203125,-75.81951904296875,-6.826175689697266,5.246860504150391
frame_001417.png,189.93359375,64.58760833740234,245.4177703857422,-75.94143676757812,-6.8510422706604,5.228966236114502
frame_001418.png,189.86317443847656,64.58302307128906,245.743408203125,-76.0557632446289,-6.872349739074707,5.214007377624512
frame_001419.png,189.794189453125,64.59329986572266,246.0660858154297,-76.17127227783203,-6.88773775100708,5.1874003410339355
frame_001420.png,189.74761962890625,64.60990142822266,246.38099670410156,-76.28401184082031,-6.897675514221191,5.153598785400391
frame_001421.png,189.71865844726562,64.62944793701172,246.6907196044922,-76.39096069335938,-6.907710075378418,5.121194362640381
frame_001422.png,189.70791625976562,64.65674591064453,247.01039123535156,-76.49745178222656,-6.918370246887207,5.088207244873047
frame_001423.png,189.6986083984375,64.68717193603516,247.3326873779297,-76.59976196289062,-6.930424690246582,5.056025981903076
frame_001424.png,189.68113708496094,64.7169418334961,247.65625,-76.69795227050781,-6.943166255950928,5.027755260467529
frame_001425.png,189.66566467285156,64.74677276611328,247.9797821044922,-76.79592895507812,-6.9512858390808105,5.003055572509766
frame_001426.png,189.6527862548828,64.77692413330078,248.3156280517578,-76.8927001953125,-6.953322410583496,4.982645034790039
frame_001427.png,189.6464080810547,64.8096923828125,248.6714630126953,-76.98564147949219,-6.953400135040283,4.9643330574035645
frame_001428.png,189.64451599121094,64.84571075439453,249.0485076904297,-77.07552337646484,-6.95491886138916,4.944799423217773
frame_001429.png,189.64976501464844,64.8843765258789,249.44171142578125,-77.16263580322266,-6.9588623046875,4.924065113067627
frame_001430.png,189.6631622314453,64.9246826171875,249.8436279296875,-77.24874114990234,-6.965765953063965,4.904665946960449
frame_001431.png,189.68173217773438,64.96507263183594,250.25033569335938,-77.33580780029297,-6.976097583770752,4.88638162612915
frame_001432.png,189.70127868652344,65.00453186035156,250.6575927734375,-77.42495727539062,-6.989830017089844,4.8688483238220215
frame_001433.png,189.71664428710938,65.04076385498047,251.0634307861328,-77.5179443359375,-7.0077996253967285,4.8540425300598145
frame_001434.png,189.71939086914062,65.07102966308594,251.46617126464844,-77.6180419921875,-7.029953956604004,4.838888645172119
frame_001435.png,189.71279907226562,65.09693145751953,251.8582763671875,-77.72551727294922,-7.054970741271973,4.815286636352539
frame_001436.png,189.70008850097656,65.12065124511719,252.23220825195312,-77.84272003173828,-7.084286212921143,4.778555393218994
frame_001437.png,189.67840576171875,65.14068603515625,252.59628295898438,-77.96987915039062,-7.117344856262207,4.726067066192627
frame_001438.png,189.6529083251953,65.15827178955078,252.94863891601562,-78.10504913330078,-7.153198719024658,4.663173198699951
frame_001439.png,189.62696838378906,65.17382049560547,253.28384399414062,-78.24764251708984,-7.184849739074707,4.598123550415039
frame_001440.png,189.5950164794922,65.19142150878906,253.60113525390625,-78.40804290771484,-7.2205810546875,4.528975486755371
frame_001441.png,189.5765380859375,65.19622039794922,253.90809631347656,-78.58367156982422,-7.254491329193115,4.4523606300354
frame_001442.png,189.56536865234375,65.19578552246094,254.20469665527344,-78.76817321777344,-7.287293434143066,4.374235153198242
frame_001443.png,189.54238891601562,65.20784759521484,254.53146362304688,-78.954345703125,-7.328393459320068,4.300681114196777
frame_001444.png,189.5106658935547,65.24886322021484,254.87977600097656,-79.14793395996094,-7.378567218780518,4.233691692352295
frame_001445.png,189.46580505371094,65.29845428466797,255.24423217773438,-79.34138488769531,-7.426275730133057,4.1686320304870605
frame_001446.png,189.4639129638672,65.34487915039062,255.56044006347656,-79.50604248046875,-7.477015018463135,4.0991668701171875
frame_001447.png,189.4923553466797,65.38389587402344,255.8250732421875,-79.64610290527344,-7.53350305557251,4.010412216186523
frame_001448.png,189.50277709960938,65.40789031982422,256.00445556640625,-79.7588119506836,-7.5934882164001465,3.9091129302978516
frame_001449.png,189.47833251953125,65.410888671875,256.16015625,-79.8473892211914,-7.649726867675781,3.804231882095337
frame_001450.png,189.41363525390625,65.40764617919922,256.3400573730469,-79.94158935546875,-7.690383434295654,3.692434787750244
frame_001451.png,189.321044921875,65.39639282226562,256.5381164550781,-80.04281616210938,-7.703932762145996,3.594088077545166
frame_001452.png,189.2791290283203,65.39411163330078,256.7222900390625,-80.15747833251953,-7.696540832519531,3.509796380996704
frame_001453.png,189.2890625,65.41452026367188,256.89898681640625,-80.26670837402344,-7.6808295249938965,3.4242405891418457
frame_001454.png,189.32290649414062,65.444091796875,257.095458984375,-80.40088653564453,-7.655887603759766,3.3576290607452393
frame_001455.png,189.34552001953125,65.49549865722656,257.28826904296875,-80.53811645507812,-7.638043403625488,3.317185401916504
frame_001456.png,189.3739776611328,65.57620239257812,257.4781799316406,-80.66500854492188,-7.637410640716553,3.284137010574341
frame_001457.png,189.40345764160156,65.6656494140625,257.7091369628906,-80.7703857421875,-7.62900447845459,3.289703369140625
frame_001458.png,189.3982391357422,65.74689483642578,257.93310546875,-80.85989379882812,-7.6165056228637695,3.325941562652588
frame_001459.png,189.3333282470703,65.81832885742188,258.2144775390625,-80.97087860107422,-7.603923797607422,3.388145923614502
frame_001460.png,189.24647521972656,65.87652587890625,258.4837341308594,-81.07659912109375,-7.594635486602783,3.4650776386260986
frame_001461.png,189.18917846679688,65.94666290283203,258.7585144042969,-81.17767333984375,-7.582754135131836,3.4811720848083496
frame_001462.png,189.1515655517578,66.00425720214844,259.01220703125,-81.30964660644531,-7.573225498199463,3.4827327728271484
frame_001463.png,189.20401000976562,66.05352020263672,259.19512939453125,-81.39366149902344,-7.565100193023682,3.5242955684661865
frame_001464.png,189.33413696289062,66.11461639404297,259.32177734375,-81.46216583251953,-7.56149435043335,3.563337802886963
frame_001465.png,189.47837829589844,66.1837387084961,259.4559020996094,-81.51298522949219,-7.5671000480651855,3.610635757446289
frame_001466.png,189.63131713867188,66.25276184082031,259.60650634765625,-81.54833984375,-7.586994171142578,3.6675655841827393
frame_001467.png,189.81532287597656,66.32457733154297,259.80670166015625,-81.59951782226562,-7.600878715515137,3.7151834964752197
frame_001468.png,190.06639099121094,66.40467834472656,260.0376892089844,-81.6366958618164,-7.599515438079834,3.759567975997925
frame_001469.png,190.3697052001953,66.51264190673828,260.30609130859375,-81.67472076416016,-7.609785556793213,3.7934346199035645
frame_001470.png,190.70860290527344,66.6180191040039,260.5439147949219,-81.70562744140625,-7.621972560882568,3.869417190551758
frame_001471.png,191.03562927246094,66.70547485351562,260.76275634765625,-81.69790649414062,-7.631938457489014,3.969789981842041
frame_001472.png,191.40940856933594,66.79285430908203,260.9299621582031,-81.64872741699219,-7.637463569641113,4.07877254486084
frame_001473.png,191.7543487548828,66.9002456665039,261.0874938964844,-81.63018035888672,-7.647014141082764,4.199921607971191
frame_001474.png,192.0000457763672,67.01095581054688,261.2960205078125,-81.6484375,-7.675601959228516,4.281907558441162
frame_001475.png,192.26060485839844,67.11409759521484,261.4512634277344,-81.67937469482422,-7.718347549438477,4.386809825897217
frame_001476.png,192.5382537841797,67.2337875366211,261.5700378417969,-81.69883728027344,-7.756835460662842,4.513298511505127
frame_001477.png,192.80404663085938,67.37020111083984,261.7395935058594,-81.74415588378906,-7.783217430114746,4.648445129394531
frame_001478.png,193.0767822265625,67.51889038085938,261.9368591308594,-81.7968521118164,-7.796572685241699,4.795560359954834
frame_001479.png,193.35018920898438,67.66157531738281,262.12652587890625,-81.87223815917969,-7.80021333694458,4.926386833190918
frame_001480.png,193.63290405273438,67.79112243652344,262.27789306640625,-81.93771362304688,-7.793367862701416,5.049565315246582
frame_001481.png,193.89944458007812,67.9014892578125,262.4181823730469,-81.99356079101562,-7.781181335449219,5.1799845695495605
frame_001482.png,194.12657165527344,67.99703979492188,262.5694885253906,-82.05522155761719,-7.77521276473999,5.309259414672852
frame_001483.png,194.31248474121094,68.0877685546875,262.7559814453125,-82.12576293945312,-7.762985706329346,5.42601203918457
frame_001484.png,194.47293090820312,68.1738510131836,262.96728515625,-82.19776153564453,-7.744473934173584,5.526120662689209
frame_001485.png,194.6177978515625,68.2442855834961,263.17919921875,-82.27400970458984,-7.723846435546875,5.6260666847229
frame_001486.png,194.74400329589844,68.302490234375,263.3802795410156,-82.35108184814453,-7.701228618621826,5.728736400604248
frame_001487.png,194.8544158935547,68.34632110595703,263.5535583496094,-82.41900634765625,-7.679630279541016,5.811500072479248
frame_001488.png,194.9558868408203,68.37714385986328,263.6723937988281,-82.48988342285156,-7.659304141998291,5.872105121612549
frame_001489.png,195.05450439453125,68.3929443359375,263.7681884765625,-82.56764221191406,-7.633769989013672,5.916567802429199
frame_001490.png,195.16221618652344,68.39739990234375,263.84002685546875,-82.63529968261719,-7.6100172996521,5.962557315826416
frame_001491.png,195.27993774414062,68.38715362548828,263.8976135253906,-82.6932373046875,-7.586993217468262,6.016609191894531
frame_001492.png,195.3959503173828,68.36087799072266,263.93988037109375,-82.7598648071289,-7.562328338623047,6.0742573738098145
frame_001493.png,195.51612854003906,68.3280258178711,263.9594421386719,-82.83573150634766,-7.536336421966553,6.129847049713135
frame_001494.png,195.6379852294922,68.28816223144531,263.96673583984375,-82.91462707519531,-7.511626720428467,6.182987213134766
frame_001495.png,195.7554473876953,68.23621368408203,263.9808349609375,-83.00108337402344,-7.490285873413086,6.2416229248046875
frame_001496.png,195.86891174316406,68.17787170410156,264.0060119628906,-83.08258056640625,-7.471314430236816,6.316741943359375
frame_001497.png,195.97691345214844,68.11975860595703,264.0442199707031,-83.1562728881836,-7.453365802764893,6.409850120544434
frame_001498.png,196.09239196777344,68.06942749023438,264.0697021484375,-83.23004913330078,-7.437081336975098,6.497599124908447
frame_001499.png,196.2282257080078,68.02989196777344,264.08807373046875,-83.31436920166016,-7.427951335906982,6.569699764251709
frame_001500.png,196.38507080078125,68.0031967163086,264.10137939453125,-83.39991760253906,-7.423666477203369,6.634978294372559
frame_001501.png,196.55369567871094,67.98516845703125,264.109375,-83.48361206054688,-7.423945903778076,6.6956377029418945
frame_001502.png,196.73245239257812,67.97547912597656,264.10687255859375,-83.5641098022461,-7.427334308624268,6.750264644622803
frame_001503.png,196.92092895507812,67.9718246459961,264.0942687988281,-83.64323425292969,-7.433131217956543,6.798333168029785
frame_001504.png,197.11769104003906,67.97274780273438,264.0768737792969,-83.72096252441406,-7.439268112182617,6.8417744636535645
frame_001505.png,197.3173828125,67.9760971069336,264.0594482421875,-83.79733276367188,-7.446531772613525,6.884312152862549
frame_001506.png,197.5181884765625,67.98180389404297,264.0439453125,-83.87223052978516,-7.454249382019043,6.925448894500732
frame_001507.png,197.7173309326172,67.99046325683594,264.0342712402344,-83.9449462890625,-7.461513996124268,6.964598655700684
frame_001508.png,197.91168212890625,68.0013427734375,264.03515625,-84.01639556884766,-7.468468189239502,7.004919528961182
frame_001509.png,198.09732055664062,68.01393127441406,264.0490417480469,-84.08800506591797,-7.475927829742432,7.046314239501953
frame_001510.png,198.2756805419922,68.02762603759766,264.0738830566406,-84.15979766845703,-7.48291540145874,7.090378284454346
frame_001511.png,198.45225524902344,68.04218292236328,264.10479736328125,-84.23149871826172,-7.488051891326904,7.138041019439697
frame_001512.png,198.6292724609375,68.0570297241211,264.1380615234375,-84.30242156982422,-7.4901862144470215,7.19063138961792
frame_001513.png,198.8089599609375,68.06954956054688,264.164306640625,-84.36930084228516,-7.489109516143799,7.248480796813965
frame_001514.png,198.98822021484375,68.08080291748047,264.179931640625,-84.43321228027344,-7.4858808517456055,7.313235759735107
frame_001515.png,199.16427612304688,68.09111022949219,264.18682861328125,-84.49266052246094,-7.48192834854126,7.386980056762695
frame_001516.png,199.3343963623047,68.10013580322266,264.1861877441406,-84.54917907714844,-7.476821422576904,7.4692792892456055
frame_001517.png,199.5006561279297,68.1088638305664,264.1751403808594,-84.60021209716797,-7.471587181091309,7.558483600616455
frame_001518.png,199.66448974609375,68.11744689941406,264.1529846191406,-84.64567565917969,-7.466866970062256,7.651368618011475
frame_001519.png,199.8276824951172,68.12635803222656,264.1258850097656,-84.68754577636719,-7.460952281951904,7.74224853515625
frame_001520.png,199.9888153076172,68.1379623413086,264.1023254394531,-84.72833251953125,-7.453651428222656,7.8274664878845215
frame_001521.png,200.1420135498047,68.15345764160156,264.0950012207031,-84.77112579345703,-7.444309234619141,7.902019500732422
frame_001522.png,200.28851318359375,68.1710433959961,264.1002502441406,-84.81484985351562,-7.433462619781494,7.968345642089844
frame_001523.png,200.42626953125,68.19064331054688,264.1234436035156,-84.86028289794922,-7.421088218688965,8.027684211730957
frame_001524.png,200.55670166015625,68.21437072753906,264.16900634765625,-84.9084243774414,-7.4085164070129395,8.081924438476562
frame_001525.png,200.6804656982422,68.24356842041016,264.2378234863281,-84.95958709716797,-7.396247386932373,8.131095886230469
frame_001526.png,200.79795837402344,68.283935546875,264.3329772949219,-85.01986694335938,-7.384663105010986,8.17967700958252
frame_001527.png,200.90948486328125,68.3271255493164,264.4424133300781,-85.08018493652344,-7.376226425170898,8.219237327575684
frame_001528.png,201.01890563964844,68.37350463867188,264.55743408203125,-85.1397933959961,-7.368415832519531,8.249839782714844
frame_001529.png,201.12643432617188,68.4212646484375,264.6743469238281,-85.19993591308594,-7.3612751960754395,8.268440246582031
frame_001530.png,201.23500061035156,68.46939086914062,264.7935791015625,-85.26073455810547,-7.355053424835205,8.277063369750977
frame_001531.png,201.34701538085938,68.51788330078125,264.9110412597656,-85.32060241699219,-7.349687576293945,8.276232719421387
frame_001532.png,201.46556091308594,68.56582641601562,265.0248107910156,-85.37993621826172,-7.344696998596191,8.270356178283691
frame_001533.png,201.5942840576172,68.61046600341797,265.1292419433594,-85.43930053710938,-7.3389692306518555,8.257678985595703
frame_001534.png,201.73245239257812,68.64952087402344,265.2196960449219,-85.49935913085938,-7.333558082580566,8.239344596862793
frame_001535.png,201.87913513183594,68.68223571777344,265.3001403808594,-85.55946350097656,-7.328320026397705,8.215461730957031
frame_001536.png,202.0276336669922,68.71178436279297,265.3805847167969,-85.62152862548828,-7.32316780090332,8.185215950012207
frame_001537.png,202.166015625,68.73554992675781,265.4584045410156,-85.68878936767578,-7.318068504333496,8.143073081970215
frame_001538.png,202.27423095703125,68.74765014648438,265.54156494140625,-85.76341247558594,-7.3127121925354,8.09118366241455
frame_001539.png,202.338623046875,68.74235534667969,265.6227111816406,-85.83964538574219,-7.308526515960693,8.030966758728027
frame_001540.png,202.35179138183594,68.72000122070312,265.6937561035156,-85.91053771972656,-7.304512023925781,7.961716651916504
frame_001541.png,202.32005310058594,68.68962097167969,265.760986328125,-85.97455596923828,-7.298474311828613,7.8877105712890625
frame_001542.png,202.25328063964844,68.6587142944336,265.8310241699219,-86.03438568115234,-7.289587497711182,7.813691139221191
frame_001543.png,202.1562957763672,68.63347625732422,265.9078369140625,-86.09687805175781,-7.27877950668335,7.743521690368652
frame_001544.png,202.03831481933594,68.61573028564453,265.99212646484375,-86.16204833984375,-7.266564846038818,7.675137519836426
frame_001545.png,201.90975952148438,68.6048812866211,266.08123779296875,-86.22702026367188,-7.253611087799072,7.608691692352295
frame_001546.png,201.77835083007812,68.60027313232422,266.1746826171875,-86.29044342041016,-7.24013090133667,7.544260501861572
frame_001547.png,201.64198303222656,68.60289001464844,266.2742004394531,-86.3544921875,-7.224268913269043,7.480447292327881
frame_001548.png,201.4982147216797,68.61064910888672,266.3804626464844,-86.4203109741211,-7.204996585845947,7.416649341583252
frame_001549.png,201.34410095214844,68.62115478515625,266.50091552734375,-86.4903564453125,-7.183751583099365,7.353067874908447
frame_001550.png,201.18240356445312,68.63379669189453,266.63177490234375,-86.56575012207031,-7.1592841148376465,7.290898323059082
frame_001551.png,201.01515197753906,68.64834594726562,266.76885986328125,-86.6463623046875,-7.13219690322876,7.2316575050354
frame_001552.png,200.84976196289062,68.66261291503906,266.9017333984375,-86.73102569580078,-7.102931976318359,7.1783447265625
frame_001553.png,200.68968200683594,68.67362213134766,267.0216979980469,-86.81658935546875,-7.072917461395264,7.133111000061035
frame_001554.png,200.5390167236328,68.68192291259766,267.13189697265625,-86.89872741699219,-7.0426812171936035,7.099155426025391
frame_001555.png,200.40150451660156,68.68843078613281,267.23419189453125,-86.97254180908203,-7.011481285095215,7.080744743347168
frame_001556.png,200.27821350097656,68.69295501708984,267.3316345214844,-87.03695678710938,-6.977687358856201,7.069339752197266
frame_001557.png,200.16627502441406,68.69776153564453,267.4283447265625,-87.09541320800781,-6.941855430603027,7.060144901275635
frame_001558.png,200.06396484375,68.70222473144531,267.52471923828125,-87.15133666992188,-6.905601978302002,7.050283432006836
frame_001559.png,199.97386169433594,68.70729064941406,267.6231994628906,-87.20111083984375,-6.868924140930176,7.033570766448975
frame_001560.png,199.8919219970703,68.71361541748047,267.7299499511719,-87.24568939208984,-6.831700801849365,7.004656791687012
frame_001561.png,199.8133087158203,68.72286224365234,267.8589172363281,-87.29199981689453,-6.794677257537842,6.9611687660217285
frame_001562.png,199.76116943359375,68.74237060546875,268.0146789550781,-87.34500122070312,-6.761051177978516,6.91210412979126
frame_001563.png,199.7463836669922,68.77427673339844,268.1977844238281,-87.40460968017578,-6.733007431030273,6.86092472076416
frame_001564.png,199.75433349609375,68.81513977050781,268.404296875,-87.46458435058594,-6.709720134735107,6.801773548126221
frame_001565.png,199.77542114257812,68.85875701904297,268.6264343261719,-87.52257537841797,-6.6887431144714355,6.7360029220581055
frame_001566.png,199.80494689941406,68.90179443359375,268.85369873046875,-87.58094787597656,-6.669370651245117,6.6623358726501465
frame_001567.png,199.84092712402344,68.94279479980469,269.0906066894531,-87.64035034179688,-6.651087284088135,6.583067893981934
frame_001568.png,199.87913513183594,68.98023986816406,269.3438415527344,-87.6998291015625,-6.633591651916504,6.500037670135498
frame_001569.png,199.91856384277344,69.01535034179688,269.6146545410156,-87.7578353881836,-6.615894317626953,6.413681983947754
frame_001570.png,199.96438598632812,69.05281829833984,269.90277099609375,-87.81698608398438,-6.597634792327881,6.322987079620361
frame_001571.png,199.9758758544922,69.0948257446289,270.1739196777344,-87.90444946289062,-6.592625141143799,6.276361465454102
frame_001572.png,199.9744110107422,69.131103515625,270.4748840332031,-87.97577667236328,-6.589828014373779,6.256810665130615
frame_001573.png,199.9771270751953,69.17263793945312,270.7890930175781,-88.04156494140625,-6.584985256195068,6.262030124664307
frame_001574.png,199.9802703857422,69.22027587890625,271.0982971191406,-88.11392974853516,-6.580592632293701,6.285175800323486
frame_001575.png,200.0432586669922,69.2927474975586,271.4201354980469,-88.24057006835938,-6.568395614624023,6.317957401275635
frame_001576.png,200.1355743408203,69.370361328125,271.7568054199219,-88.34969329833984,-6.550326824188232,6.310368537902832
frame_001577.png,200.212158203125,69.42317962646484,272.07147216796875,-88.43359375,-6.5187811851501465,6.279471397399902
frame_001578.png,200.28219604492188,69.46078491210938,272.37335205078125,-88.49855041503906,-6.477959156036377,6.244051933288574
frame_001579.png,200.34170532226562,69.49049377441406,272.68389892578125,-88.55122375488281,-6.435009002685547,6.201286315917969
frame_001580.png,200.3912811279297,69.51213073730469,273.0026550292969,-88.59302520751953,-6.393213272094727,6.153519153594971
frame_001581.png,200.44924926757812,69.53008270263672,273.3301696777344,-88.62650299072266,-6.358566761016846,6.110597610473633
frame_001582.png,200.52108764648438,69.54589080810547,273.662841796875,-88.65450286865234,-6.327146053314209,6.082648277282715
frame_001583.png,200.61685180664062,69.56655883789062,273.9889831542969,-88.67766571044922,-6.294673442840576,6.057679653167725
frame_001584.png,200.741455078125,69.59529113769531,274.31646728515625,-88.70732116699219,-6.259709358215332,6.006243705749512
frame_001585.png,200.85655212402344,69.62845611572266,274.6647644042969,-88.74836730957031,-6.2251787185668945,5.948465824127197
frame_001586.png,201.00216674804688,69.66227722167969,274.9827880859375,-88.78288269042969,-6.193368434906006,5.913727283477783
frame_001587.png,201.15663146972656,69.70047760009766,275.27392578125,-88.82232666015625,-6.164151191711426,5.87496280670166
frame_001588.png,201.32550048828125,69.74967956542969,275.53466796875,-88.8572006225586,-6.142621040344238,5.844386100769043
frame_001589.png,201.4846649169922,69.8132553100586,275.80377197265625,-88.8853988647461,-6.119992733001709,5.8151092529296875
frame_001590.png,201.67050170898438,69.89478302001953,276.0517883300781,-88.91423034667969,-6.100087642669678,5.778745174407959
frame_001591.png,201.88963317871094,69.9900894165039,276.2795104980469,-88.93326568603516,-6.0850372314453125,5.7707977294921875
frame_001592.png,202.11732482910156,70.0968246459961,276.4905700683594,-88.94902801513672,-6.075108528137207,5.798575401306152
frame_001593.png,202.35836791992188,70.19834899902344,276.6858825683594,-88.96623229980469,-6.072933197021484,5.862663269042969
frame_001594.png,202.59225463867188,70.29291534423828,276.8670654296875,-88.9954833984375,-6.071276664733887,5.951027870178223
frame_001595.png,202.8293914794922,70.395263671875,277.05267333984375,-89.0351791381836,-6.066890716552734,6.047226428985596
frame_001596.png,203.05686950683594,70.50260925292969,277.2327575683594,-89.0892562866211,-6.06559944152832,6.139980792999268
frame_001597.png,203.27511596679688,70.61280059814453,277.4011535644531,-89.15258026123047,-6.063431262969971,6.220527648925781
frame_001598.png,203.48385620117188,70.72239685058594,277.55450439453125,-89.22518920898438,-6.06149959564209,6.2887282371521
frame_001599.png,203.67689514160156,70.82606506347656,277.70111083984375,-89.30340576171875,-6.06076192855835,6.340678691864014
frame_001600.png,203.8523712158203,70.92404174804688,277.8413391113281,-89.38412475585938,-6.062263488769531,6.386768817901611
frame_001601.png,204.01522827148438,71.02034759521484,277.98223876953125,-89.45880126953125,-6.064340591430664,6.441489219665527
frame_001602.png,204.16802978515625,71.11962890625,278.1533203125,-89.51760864257812,-6.05607795715332,6.494462013244629
frame_001603.png,204.30099487304688,71.22569274902344,278.3713073730469,-89.55265045166016,-6.048130989074707,6.539541721343994
frame_001604.png,204.45242309570312,71.33076477050781,278.5792541503906,-89.58338928222656,-6.049187660217285,6.589838981628418
frame_001605.png,204.60833740234375,71.4198226928711,278.78515625,-89.64010620117188,-6.062021255493164,6.6061272621154785
frame_001606.png,204.7605438232422,71.51880645751953,278.99609375,-89.67914581298828,-6.065360069274902,6.584961414337158
frame_001607.png,204.93307495117188,71.60594940185547,279.15753173828125,-89.69715881347656,-6.078983783721924,6.56721830368042
frame_001608.png,205.060546875,71.67813110351562,279.4056701660156,-89.77078247070312,-6.079959869384766,6.491754531860352
frame_001609.png,205.15313720703125,71.74519348144531,279.6382141113281,-89.82049560546875,-6.074762344360352,6.449512481689453
frame_001610.png,205.25198364257812,71.80313873291016,279.84759521484375,-89.86102294921875,-6.070029258728027,6.446535110473633
frame_001611.png,205.3359832763672,71.86050415039062,280.06451416015625,-89.87847137451172,-6.050563335418701,6.4515581130981445
frame_001612.png,205.43234252929688,71.92512512207031,280.2833557128906,-89.91139221191406,-6.031675815582275,6.4535040855407715
frame_001613.png,205.54710388183594,71.97425842285156,280.491455078125,-89.96392059326172,-6.016071319580078,6.45798921585083
frame_001614.png,205.67489624023438,72.01399230957031,280.6987609863281,-90.01649475097656,-6.000040054321289,6.46536111831665
frame_001615.png,205.8093719482422,72.05238342285156,280.9187927246094,-90.0687026977539,-5.982365131378174,6.482194900512695
frame_001616.png,205.9403533935547,72.09060668945312,281.15277099609375,-90.1268539428711,-5.965235233306885,6.502791404724121
frame_001617.png,206.06422424316406,72.12670135498047,281.39404296875,-90.1834487915039,-5.950501918792725,6.520542144775391
frame_001618.png,206.1734619140625,72.16180419921875,281.6430969238281,-90.240478515625,-5.934004306793213,6.532144069671631
frame_001619.png,206.25253295898438,72.20018005371094,281.9126281738281,-90.3084487915039,-5.911273956298828,6.535271167755127
frame_001620.png,206.31053161621094,72.23401641845703,282.19097900390625,-90.3799819946289,-5.882913112640381,6.541332244873047
frame_001621.png,206.35411071777344,72.26420593261719,282.474365234375,-90.45980834960938,-5.851870536804199,6.544219017028809
frame_001622.png,206.3658905029297,72.29911041259766,282.7605285644531,-90.55551147460938,-5.82505464553833,6.5396928787231445
frame_001623.png,206.34994506835938,72.34005737304688,283.0421447753906,-90.6673583984375,-5.798602104187012,6.541249752044678
frame_001624.png,206.32945251464844,72.38929748535156,283.307373046875,-90.78047180175781,-5.775869369506836,6.541680335998535
frame_001625.png,206.31100463867188,72.43643951416016,283.5544128417969,-90.90261840820312,-5.755501747131348,6.5522332191467285
frame_001626.png,206.3018035888672,72.47598266601562,283.7972106933594,-91.03333282470703,-5.739978313446045,6.5657877922058105
frame_001627.png,206.29537963867188,72.50017547607422,284.0205383300781,-91.16606140136719,-5.725555896759033,6.577057361602783
frame_001628.png,206.29513549804688,72.52092742919922,284.2336730957031,-91.29440307617188,-5.709860801696777,6.588222503662109
frame_001629.png,206.3034210205078,72.52783966064453,284.3794860839844,-91.41114807128906,-5.691795349121094,6.588684558868408
frame_001630.png,206.31832885742188,72.53968811035156,284.47991943359375,-91.5225601196289,-5.674495697021484,6.6026387214660645
frame_001631.png,206.35400390625,72.57026672363281,284.5369567871094,-91.64275360107422,-5.665992259979248,6.611878871917725
frame_001632.png,206.36849975585938,72.597900390625,284.5389099121094,-91.74246978759766,-5.659842014312744,6.647744655609131
frame_001633.png,206.3570556640625,72.60330200195312,284.5141906738281,-91.83802795410156,-5.656019687652588,6.70880126953125
frame_001634.png,206.32412719726562,72.60641479492188,284.486572265625,-91.93255615234375,-5.653928756713867,6.768306732177734
frame_001635.png,206.25669860839844,72.60342407226562,284.4569396972656,-92.02584838867188,-5.661086559295654,6.8150858879089355
frame_001636.png,206.1931915283203,72.59346771240234,284.42913818359375,-92.11456298828125,-5.66406774520874,6.863257884979248
frame_001637.png,206.0990753173828,72.60652923583984,284.47259521484375,-92.19876098632812,-5.654178142547607,6.887907981872559
frame_001638.png,205.99349975585938,72.61234283447266,284.53082275390625,-92.25140380859375,-5.653304100036621,6.949963092803955
frame_001639.png,205.89564514160156,72.61820220947266,284.57891845703125,-92.30634307861328,-5.6428961753845215,7.043720722198486
frame_001640.png,205.82852172851562,72.64313507080078,284.60211181640625,-92.34122467041016,-5.645275115966797,7.116738796234131
frame_001641.png,205.77413940429688,72.68707275390625,284.6075439453125,-92.3790512084961,-5.652141571044922,7.174436092376709
frame_001642.png,205.7504425048828,72.73185729980469,284.59832763671875,-92.44396209716797,-5.677228927612305,7.252221584320068
frame_001643.png,205.7447509765625,72.77287292480469,284.5731506347656,-92.5035629272461,-5.715253829956055,7.354887008666992
frame_001644.png,205.75633239746094,72.80631256103516,284.5664367675781,-92.54962921142578,-5.757500171661377,7.474104881286621
frame_001645.png,205.74530029296875,72.8340072631836,284.6177062988281,-92.58250427246094,-5.7956624031066895,7.5982160568237305
frame_001646.png,205.68057250976562,72.85595703125,284.74102783203125,-92.62324523925781,-5.833043575286865,7.720728397369385
frame_001647.png,205.5880126953125,72.87923431396484,284.9399108886719,-92.6659164428711,-5.867312431335449,7.837919235229492
frame_001648.png,205.4757843017578,72.90408325195312,285.19976806640625,-92.7059326171875,-5.895864963531494,7.942212104797363
frame_001649.png,205.3403778076172,72.92190551757812,285.4828796386719,-92.72785186767578,-5.921725749969482,8.03173542022705
frame_001650.png,205.19517517089844,72.9301986694336,285.7694396972656,-92.74838256835938,-5.947973251342773,8.102255821228027
frame_001651.png,205.05494689941406,72.93928527832031,286.0538024902344,-92.77172088623047,-5.978747367858887,8.160165786743164
frame_001652.png,204.92100524902344,72.95558166503906,286.32012939453125,-92.79043579101562,-6.013783931732178,8.197159767150879
frame_001653.png,204.75961303710938,72.97770690917969,286.5386962890625,-92.7950210571289,-6.05429220199585,8.208818435668945
frame_001654.png,204.56324768066406,73.0093994140625,286.70556640625,-92.7890396118164,-6.097616672515869,8.190510749816895
frame_001655.png,204.35064697265625,73.05162811279297,286.83441162109375,-92.77921295166016,-6.139925956726074,8.152864456176758
frame_001656.png,204.13528442382812,73.09957885742188,286.9427490234375,-92.77249145507812,-6.182432651519775,8.113044738769531
frame_001657.png,203.9239044189453,73.1513900756836,287.05303955078125,-92.77291107177734,-6.226540565490723,8.069108009338379
frame_001658.png,203.72654724121094,73.20793151855469,287.1733703613281,-92.78458404541016,-6.2709479331970215,8.028631210327148
frame_001659.png,203.5547637939453,73.2702407836914,287.3031005859375,-92.80931854248047,-6.315272808074951,7.9953083992004395
frame_001660.png,203.4041290283203,73.33368682861328,287.43804931640625,-92.83639526367188,-6.359147071838379,7.970860958099365
frame_001661.png,203.26174926757812,73.40098571777344,287.58062744140625,-92.86738586425781,-6.403321743011475,7.945024490356445
frame_001662.png,203.12803649902344,73.47067260742188,287.73114013671875,-92.9190444946289,-6.445717811584473,7.917545318603516
frame_001663.png,202.99093627929688,73.53824615478516,287.9104309082031,-92.9794921875,-6.484676837921143,7.8802080154418945
frame_001664.png,202.83587646484375,73.60228729248047,288.1348571777344,-93.06166076660156,-6.5200042724609375,7.834720134735107
frame_001665.png,202.6842803955078,73.65653228759766,288.4117736816406,-93.13897705078125,-6.545475959777832,7.7853169441223145
frame_001666.png,202.51344299316406,73.68267822265625,288.7417297363281,-93.18498229980469,-6.55787992477417,7.739871501922607
frame_001667.png,202.3198699951172,73.69026947021484,289.0907287597656,-93.20629119873047,-6.5622053146362305,7.693592071533203
frame_001668.png,202.11898803710938,73.69671630859375,289.4423828125,-93.21047973632812,-6.562350273132324,7.643662929534912
frame_001669.png,201.92489624023438,73.70504760742188,289.8041687011719,-93.20975494384766,-6.558786392211914,7.593924522399902
frame_001670.png,201.73023986816406,73.71685791015625,290.18060302734375,-93.20980072021484,-6.555063724517822,7.54499626159668
frame_001671.png,201.52366638183594,73.73371887207031,290.5762939453125,-93.21465301513672,-6.549421787261963,7.494226932525635
frame_001672.png,201.30374145507812,73.7515869140625,290.98162841796875,-93.22124481201172,-6.543706893920898,7.444035530090332
frame_001673.png,201.07565307617188,73.76818084716797,291.38861083984375,-93.22857666015625,-6.5409698486328125,7.392555236816406
frame_001674.png,200.8505859375,73.7829360961914,291.7816467285156,-93.23359680175781,-6.539475917816162,7.334684371948242
frame_001675.png,200.64356994628906,73.79645538330078,292.1548767089844,-93.23197174072266,-6.533332347869873,7.279698848724365
frame_001676.png,200.46063232421875,73.81159973144531,292.5093994140625,-93.23702239990234,-6.51665735244751,7.228651523590088
frame_001677.png,200.29881286621094,73.83129119873047,292.85198974609375,-93.25274658203125,-6.491522789001465,7.18026065826416
frame_001678.png,200.16412353515625,73.85291290283203,293.1834411621094,-93.27294158935547,-6.45445442199707,7.133232593536377
frame_001679.png,200.03953552246094,73.87410736083984,293.4911193847656,-93.2901840209961,-6.411991596221924,7.079822540283203
frame_001680.png,199.90269470214844,73.89141082763672,293.7605285644531,-93.29438018798828,-6.3725504875183105,7.018574237823486
frame_001681.png,199.74864196777344,73.90953063964844,293.9980163574219,-93.28985595703125,-6.341658115386963,6.954692840576172
frame_001682.png,199.5703887939453,73.92303466796875,294.21807861328125,-93.2824935913086,-6.318487167358398,6.896263122558594
frame_001683.png,199.37045288085938,73.921875,294.4239196777344,-93.27033996582031,-6.298452854156494,6.847471714019775
frame_001684.png,199.14756774902344,73.90579223632812,294.6267395019531,-93.25860595703125,-6.279583930969238,6.800942420959473
frame_001685.png,198.91122436523438,73.87818145751953,294.8310852050781,-93.2435531616211,-6.262167930603027,6.757365703582764
frame_001686.png,198.66653442382812,73.8403549194336,295.0350646972656,-93.22917175292969,-6.246785640716553,6.711337566375732
frame_001687.png,198.4212188720703,73.79911041259766,295.2406311035156,-93.21055603027344,-6.233794212341309,6.669867992401123
frame_001688.png,198.1781005859375,73.75328063964844,295.44647216796875,-93.19307708740234,-6.220803737640381,6.628267765045166
frame_001689.png,197.9387969970703,73.70802307128906,295.65087890625,-93.17526245117188,-6.207759380340576,6.585771083831787
frame_001690.png,197.70846557617188,73.6648178100586,295.85040283203125,-93.15909576416016,-6.197709560394287,6.537757873535156
frame_001691.png,197.4969940185547,73.629150390625,296.0375061035156,-93.14729309082031,-6.190434455871582,6.485877513885498
frame_001692.png,197.3130340576172,73.60681915283203,296.2061767578125,-93.13684844970703,-6.187108516693115,6.433503150939941
frame_001693.png,197.14993286132812,73.59166717529297,296.37384033203125,-93.13724517822266,-6.1870269775390625,6.379120349884033
frame_001694.png,196.99990844726562,73.58000946044922,296.56097412109375,-93.15323638916016,-6.190541744232178,6.323164939880371
frame_001695.png,196.8644561767578,73.56830596923828,296.77593994140625,-93.181396484375,-6.193333625793457,6.266694068908691
frame_001696.png,196.7381591796875,73.55630493164062,297.0223388671875,-93.2215576171875,-6.1937994956970215,6.208349704742432
frame_001697.png,196.61581420898438,73.54374694824219,297.298583984375,-93.2694091796875,-6.194904327392578,6.143951892852783
frame_001698.png,196.49668884277344,73.53069305419922,297.6015319824219,-93.32044982910156,-6.1973114013671875,6.076318264007568
frame_001699.png,196.3815460205078,73.51661682128906,297.9248962402344,-93.37309265136719,-6.200930118560791,6.008065700531006
frame_001700.png,196.26773071289062,73.50128173828125,298.2596740722656,-93.4273910522461,-6.204647064208984,5.936473846435547
frame_001701.png,196.1539764404297,73.48562622070312,298.5997009277344,-93.48017883300781,-6.207576274871826,5.862011432647705
frame_001702.png,196.04336547851562,73.47210693359375,298.9427795410156,-93.53401184082031,-6.209262847900391,5.787600994110107
frame_001703.png,195.935546875,73.46219635009766,299.28741455078125,-93.58879089355469,-6.2094244956970215,5.7146992683410645
frame_001704.png,195.82666015625,73.45613861083984,299.6341857910156,-93.64440155029297,-6.209307670593262,5.6462531089782715
frame_001705.png,195.71755981445312,73.45392608642578,299.98565673828125,-93.70121765136719,-6.2097063064575195,5.582916736602783
frame_001706.png,195.60888671875,73.45500183105469,300.3454895019531,-93.7594223022461,-6.209367752075195,5.5252299308776855
frame_001707.png,195.50155639648438,73.45857238769531,300.7142028808594,-93.81978607177734,-6.209292411804199,5.471062660217285
frame_001708.png,195.4035186767578,73.46617889404297,301.0931396484375,-93.8843765258789,-6.2096381187438965,5.421051502227783
frame_001709.png,195.3138427734375,73.4770278930664,301.48358154296875,-93.95378875732422,-6.210165977478027,5.372276782989502
frame_001710.png,195.23777770996094,73.4931869506836,301.88946533203125,-94.03026580810547,-6.210880279541016,5.323451042175293
frame_001711.png,195.17942810058594,73.51500701904297,302.3128967285156,-94.11681365966797,-6.210598945617676,5.27363395690918
frame_001712.png,195.13417053222656,73.5413589477539,302.7490234375,-94.21039581298828,-6.207597255706787,5.222412586212158
frame_001713.png,195.100830078125,73.57162475585938,303.19537353515625,-94.3065414428711,-6.201543807983398,5.171139240264893
frame_001714.png,195.07778930664062,73.6042709350586,303.64923095703125,-94.40557098388672,-6.193068504333496,5.119582176208496
frame_001715.png,195.06105041503906,73.63806915283203,304.1071472167969,-94.50695037841797,-6.182953357696533,5.069391250610352
frame_001716.png,195.0478973388672,73.67229461669922,304.56689453125,-94.6100082397461,-6.172354698181152,5.020142555236816
frame_001717.png,195.0361785888672,73.70670318603516,305.02691650390625,-94.71369934082031,-6.161613464355469,4.972963809967041
frame_001718.png,195.02365112304688,73.74079132080078,305.4891052246094,-94.81848907470703,-6.15040397644043,4.92694091796875
frame_001719.png,195.0116424560547,73.77374267578125,305.9527282714844,-94.92372131347656,-6.138498306274414,4.88167667388916
frame_001720.png,195.00222778320312,73.80516815185547,306.4192199707031,-95.02938842773438,-6.124965667724609,4.838850021362305
frame_001721.png,194.9957733154297,73.83353424072266,306.8879699707031,-95.13489532470703,-6.108473777770996,4.799760341644287
frame_001722.png,194.99249267578125,73.85836791992188,307.3573303222656,-95.24015808105469,-6.087655067443848,4.7644453048706055
frame_001723.png,194.99534606933594,73.88153839111328,307.820556640625,-95.34412384033203,-6.063406944274902,4.7325968742370605
frame_001724.png,195.00491333007812,73.90364837646484,308.2760314941406,-95.44830322265625,-6.037258148193359,4.70382833480835
frame_001725.png,195.01580810546875,73.92427825927734,308.7264404296875,-95.55303192138672,-6.009036540985107,4.677688121795654
frame_001726.png,195.02978515625,73.94414520263672,309.1707458496094,-95.65642547607422,-5.97878360748291,4.653692245483398
frame_001727.png,195.05029296875,73.96511840820312,309.6108093261719,-95.75699615478516,-5.947137832641602,4.62932825088501
frame_001728.png,195.07814025878906,73.98653411865234,310.0445251464844,-95.85511779785156,-5.916316032409668,4.605206489562988
frame_001729.png,195.10757446289062,74.00682067871094,310.4732666015625,-95.95319366455078,-5.886576175689697,4.58414363861084
frame_001730.png,195.135009765625,74.02393341064453,310.8980407714844,-96.05217742919922,-5.857840538024902,4.563113212585449
frame_001731.png,195.1633758544922,74.03885650634766,311.3182373046875,-96.148193359375,-5.829930305480957,4.54496431350708
frame_001732.png,195.1932830810547,74.0551986694336,311.7346496582031,-96.2418441772461,-5.803126335144043,4.5313849449157715
frame_001733.png,195.2250213623047,74.07498931884766,312.14752197265625,-96.33165740966797,-5.776440620422363,4.5195231437683105
frame_001734.png,195.2605743408203,74.10026550292969,312.5575866699219,-96.41539001464844,-5.7497758865356445,4.509647846221924
frame_001735.png,195.30050659179688,74.13067626953125,312.96453857421875,-96.4930191040039,-5.723363876342773,4.501496315002441
frame_001736.png,195.3441619873047,74.16417694091797,313.3722229003906,-96.56890106201172,-5.697018623352051,4.494286060333252
frame_001737.png,195.39390563964844,74.19901275634766,313.7770080566406,-96.64739227294922,-5.671600818634033,4.487717628479004
frame_001738.png,195.44517517089844,74.23519134521484,314.18109130859375,-96.73004913330078,-5.64777946472168,4.480583667755127
frame_001739.png,195.49790954589844,74.27405548095703,314.58148193359375,-96.81971740722656,-5.625216007232666,4.472667217254639
frame_001740.png,195.5515899658203,74.31828308105469,314.97357177734375,-96.91287994384766,-5.602512359619141,4.459803104400635
frame_001741.png,195.6106719970703,74.36605072021484,315.3617858886719,-97.00597381591797,-5.579855442047119,4.438864707946777
frame_001742.png,195.68016052246094,74.41917419433594,315.745361328125,-97.09678649902344,-5.558154582977295,4.410399436950684
frame_001743.png,195.75814819335938,74.48042297363281,316.1259765625,-97.18172454833984,-5.537698268890381,4.378559589385986
frame_001744.png,195.84689331054688,74.55018615722656,316.50152587890625,-97.26300048828125,-5.51463508605957,4.349444389343262
frame_001745.png,195.98190307617188,74.62187194824219,316.8591003417969,-97.34069061279297,-5.489648342132568,4.319138050079346
frame_001746.png,196.17367553710938,74.6947021484375,317.19940185546875,-97.41516876220703,-5.467170238494873,4.283971786499023
frame_001747.png,196.411376953125,74.77113342285156,317.52740478515625,-97.48806762695312,-5.450827598571777,4.240914344787598
frame_001748.png,196.67559814453125,74.8520736694336,317.84600830078125,-97.56440734863281,-5.443690299987793,4.187790870666504
frame_001749.png,196.9466094970703,74.93425750732422,318.1559143066406,-97.64673614501953,-5.445583343505859,4.129945278167725
frame_001750.png,197.21371459960938,75.01636505126953,318.4541320800781,-97.73564147949219,-5.453832149505615,4.071338653564453
frame_001751.png,197.46934509277344,75.09597778320312,318.7422790527344,-97.8310317993164,-5.465702533721924,4.015605926513672
frame_001752.png,197.71170043945312,75.17189025878906,319.0229187011719,-97.92852783203125,-5.478852272033691,3.9608266353607178
frame_001753.png,197.9432830810547,75.24462890625,319.29840087890625,-98.02401733398438,-5.490818023681641,3.9049482345581055
frame_001754.png,198.17039489746094,75.31814575195312,319.56707763671875,-98.1165542602539,-5.499758243560791,3.845097541809082
frame_001755.png,198.39859008789062,75.39735412597656,319.82012939453125,-98.20527648925781,-5.504904270172119,3.7823195457458496
frame_001756.png,198.62828063964844,75.4837417602539,320.0592956542969,-98.28343963623047,-5.507959365844727,3.7351326942443848
frame_001757.png,198.8472137451172,75.57219696044922,320.29388427734375,-98.34611511230469,-5.511899948120117,3.707820415496826
frame_001758.png,199.04891967773438,75.662109375,320.5263977050781,-98.39647674560547,-5.519326210021973,3.6984429359436035
frame_001759.png,199.2300262451172,75.75452423095703,320.7613220214844,-98.44285583496094,-5.532795429229736,3.704482078552246
frame_001760.png,199.39393615722656,75.85089874267578,321.00274658203125,-98.49479675292969,-5.554706573486328,3.719672918319702
frame_001761.png,199.5570068359375,75.94996643066406,321.23919677734375,-98.55558776855469,-5.581447601318359,3.741455078125
frame_001762.png,199.7171630859375,76.04798889160156,321.4641418457031,-98.62400817871094,-5.609632968902588,3.764254093170166
frame_001763.png,199.87059020996094,76.14201354980469,321.664306640625,-98.69578552246094,-5.6365509033203125,3.7916810512542725
frame_001764.png,200.02096557617188,76.23076629638672,321.8287048339844,-98.77239227294922,-5.661378860473633,3.82318115234375
frame_001765.png,200.1735382080078,76.31207275390625,321.9664611816406,-98.85680389404297,-5.685747146606445,3.8567352294921875
frame_001766.png,200.3227996826172,76.38784790039062,322.0887756347656,-98.94511413574219,-5.710210800170898,3.890049934387207
frame_001767.png,200.4700927734375,76.46025848388672,322.2024230957031,-99.03369903564453,-5.73587703704834,3.9168875217437744
frame_001768.png,200.6190948486328,76.53026580810547,322.3254699707031,-99.12700653076172,-5.763702392578125,3.9387664794921875
frame_001769.png,200.7685089111328,76.59617614746094,322.4635314941406,-99.2225341796875,-5.794623374938965,3.9666531085968018
frame_001770.png,200.9145965576172,76.6580810546875,322.6145324707031,-99.318359375,-5.821595191955566,4.004127025604248
frame_001771.png,201.0696258544922,76.7212905883789,322.76690673828125,-99.41015625,-5.845808506011963,4.059303283691406
frame_001772.png,201.2307586669922,76.78716278076172,322.91107177734375,-99.49612426757812,-5.863802909851074,4.118521213531494
frame_001773.png,201.40042114257812,76.8596420288086,323.0353088378906,-99.5733642578125,-5.87567138671875,4.181711673736572
frame_001774.png,201.57655334472656,76.93400573730469,323.1300964355469,-99.64054107666016,-5.883549213409424,4.248015403747559
frame_001775.png,201.74522399902344,77.00936889648438,323.21380615234375,-99.7025375366211,-5.888427257537842,4.313183307647705
frame_001776.png,201.90074157714844,77.08341217041016,323.2932434082031,-99.76189422607422,-5.890924453735352,4.371510982513428
frame_001777.png,202.04803466796875,77.15486145019531,323.3693542480469,-99.81946563720703,-5.89281702041626,4.4251813888549805
frame_001778.png,202.18975830078125,77.22402954101562,323.44171142578125,-99.87705993652344,-5.8935956954956055,4.474152088165283
frame_001779.png,202.32872009277344,77.2927017211914,323.5145263671875,-99.93941497802734,-5.891302585601807,4.517919540405273
frame_001780.png,202.4670867919922,77.3600082397461,323.59539794921875,-100.00641632080078,-5.888659477233887,4.556283473968506
frame_001781.png,202.61373901367188,77.42631530761719,323.6800231933594,-100.0814437866211,-5.885778903961182,4.584554195404053
frame_001782.png,202.7676239013672,77.49000549316406,323.7704772949219,-100.16111755371094,-5.88240909576416,4.605617046356201
frame_001783.png,202.92526245117188,77.55064392089844,323.86932373046875,-100.24549102783203,-5.878218650817871,4.622447967529297
frame_001784.png,203.0900421142578,77.60913848876953,323.97576904296875,-100.33403778076172,-5.87407112121582,4.637273788452148
frame_001785.png,203.2554931640625,77.66364288330078,324.085693359375,-100.42426300048828,-5.871138572692871,4.650606155395508
frame_001786.png,203.41647338867188,77.71055603027344,324.1944885253906,-100.51643371582031,-5.867188453674316,4.663045406341553
frame_001787.png,203.5763702392578,77.74972534179688,324.3041687011719,-100.60816955566406,-5.862021446228027,4.678062438964844
frame_001788.png,203.731689453125,77.78136444091797,324.41802978515625,-100.7002182006836,-5.857189178466797,4.69877290725708
frame_001789.png,203.8717041015625,77.80593872070312,324.5340576171875,-100.78993225097656,-5.854341506958008,4.7187042236328125
frame_001790.png,203.99424743652344,77.82406616210938,324.656982421875,-100.87388610839844,-5.8550896644592285,4.73865270614624
frame_001791.png,204.09901428222656,77.8364028930664,324.7899475097656,-100.95474243164062,-5.859652996063232,4.761743068695068
frame_001792.png,204.18605041503906,77.84387969970703,324.92950439453125,-101.03302764892578,-5.866018772125244,4.785406112670898
frame_001793.png,204.2481689453125,77.84367370605469,325.0681457519531,-101.10699462890625,-5.876417636871338,4.813875198364258
frame_001794.png,204.28785705566406,77.83712768554688,325.2021484375,-101.17767333984375,-5.8888325691223145,4.842005252838135
frame_001795.png,204.31224060058594,77.82913970947266,325.3316955566406,-101.24421691894531,-5.900872707366943,4.871151447296143
frame_001796.png,204.33164978027344,77.82096099853516,325.4613342285156,-101.30968475341797,-5.913262367248535,4.903353691101074
frame_001797.png,204.36080932617188,77.81875610351562,325.60211181640625,-101.37918853759766,-5.92487907409668,4.937774658203125
frame_001798.png,204.40664672851562,77.82633209228516,325.7660217285156,-101.45763397216797,-5.934025764465332,4.972188949584961
frame_001799.png,204.4614715576172,77.83998107910156,325.9636535644531,-101.54270935058594,-5.9404497146606445,5.006078720092773
frame_001800.png,204.52566528320312,77.85533142089844,326.19000244140625,-101.6317138671875,-5.943032264709473,5.037609577178955
frame_001801.png,204.597900390625,77.87139892578125,326.4443054199219,-101.71782684326172,-5.942124366760254,5.063694953918457
frame_001802.png,204.6728515625,77.88651275634766,326.7291259765625,-101.79793548583984,-5.939452171325684,5.083798408508301
frame_001803.png,204.74774169921875,77.8969497680664,327.0364074707031,-101.87310791015625,-5.934500217437744,5.10089635848999
frame_001804.png,204.8224639892578,77.90033721923828,327.3590087890625,-101.94407653808594,-5.926601409912109,5.118077278137207
frame_001805.png,204.89903259277344,77.89888000488281,327.6892395019531,-102.01644134521484,-5.916202068328857,5.1351518630981445
frame_001806.png,204.9832305908203,77.90095520019531,328.0216064453125,-102.09419250488281,-5.906712055206299,5.149712085723877
frame_001807.png,205.06637573242188,77.90904235839844,328.3509521484375,-102.17103576660156,-5.898239612579346,5.157739162445068
frame_001808.png,205.1317138671875,77.9219970703125,328.6756286621094,-102.2397232055664,-5.888750076293945,5.152466773986816
frame_001809.png,205.17657470703125,77.94113159179688,328.9907531738281,-102.29927825927734,-5.877658367156982,5.138312816619873
frame_001810.png,205.181640625,77.95562744140625,329.3038024902344,-102.344482421875,-5.863584518432617,5.118628978729248
frame_001811.png,205.1518096923828,77.96156311035156,329.6297912597656,-102.38604736328125,-5.850791931152344,5.103759765625
frame_001812.png,205.11590576171875,77.96162414550781,329.9927978515625,-102.42632293701172,-5.834575176239014,5.101410865783691
frame_001813.png,205.0969696044922,77.95423126220703,330.38824462890625,-102.45789337158203,-5.816988468170166,5.115708827972412
frame_001814.png,205.09808349609375,77.94461059570312,330.8006286621094,-102.47811126708984,-5.7973432540893555,5.1438889503479
frame_001815.png,205.10227966308594,77.94352722167969,331.2030334472656,-102.50475311279297,-5.7896037101745605,5.171711444854736
frame_001816.png,205.1044921875,77.9469223022461,331.5805358886719,-102.52970886230469,-5.793118953704834,5.195455551147461
frame_001817.png,205.1200714111328,77.96587371826172,331.9205627441406,-102.54547882080078,-5.80952262878418,5.2331013679504395
frame_001818.png,205.15383911132812,78.00218963623047,332.21923828125,-102.55509948730469,-5.837754726409912,5.2758965492248535
frame_001819.png,205.19496154785156,78.0681381225586,332.4956359863281,-102.56300354003906,-5.866170883178711,5.309048652648926
frame_001820.png,205.20352172851562,78.1469497680664,332.7800598144531,-102.57890319824219,-5.895306587219238,5.347509860992432
frame_001821.png,205.2090606689453,78.222900390625,333.0842590332031,-102.6014404296875,-5.922138690948486,5.376107215881348
frame_001822.png,205.2137451171875,78.29190063476562,333.40252685546875,-102.630859375,-5.94457483291626,5.398963451385498
frame_001823.png,205.2501678466797,78.36783599853516,333.7392883300781,-102.67412567138672,-5.971990585327148,5.431166648864746
frame_001824.png,205.30862426757812,78.44304656982422,334.0747985839844,-102.71868896484375,-5.99748420715332,5.462918281555176
frame_001825.png,205.3932647705078,78.51100158691406,334.3974914550781,-102.75090026855469,-6.0086870193481445,5.4921112060546875
frame_001826.png,205.50006103515625,78.58004760742188,334.7350158691406,-102.78938293457031,-6.0012593269348145,5.515410900115967
frame_001827.png,205.6287841796875,78.64888763427734,335.0964050292969,-102.83623504638672,-5.979238033294678,5.533844470977783
frame_001828.png,205.7704620361328,78.71755981445312,335.456787109375,-102.88188171386719,-5.949100971221924,5.5473313331604
frame_001829.png,205.92506408691406,78.78450012207031,335.8062438964844,-102.92826080322266,-5.916532039642334,5.568342685699463
frame_001830.png,206.06344604492188,78.83905029296875,336.1373596191406,-102.97888946533203,-5.889743804931641,5.602664947509766
frame_001831.png,206.17066955566406,78.87081146240234,336.4085998535156,-103.0239028930664,-5.86264705657959,5.648740291595459
frame_001832.png,206.22964477539062,78.88089752197266,336.60626220703125,-103.06632995605469,-5.837984085083008,5.689523220062256
frame_001833.png,206.2303009033203,78.88021087646484,336.7428283691406,-103.10172271728516,-5.8190016746521,5.721093654632568
frame_001834.png,206.19680786132812,78.86469268798828,336.8453674316406,-103.13907623291016,-5.805871486663818,5.742887496948242
frame_001835.png,206.1754150390625,78.8469009399414,336.9513244628906,-103.1927490234375,-5.7901530265808105,5.75407600402832
frame_001836.png,206.1668243408203,78.8239517211914,337.09619140625,-103.26504516601562,-5.768893718719482,5.759660243988037
frame_001837.png,206.1619873046875,78.8057632446289,337.2664794921875,-103.3436508178711,-5.744724750518799,5.766218185424805
frame_001838.png,206.174072265625,78.80207824707031,337.4496765136719,-103.4159927368164,-5.720729351043701,5.77391242980957
frame_001839.png,206.18829345703125,78.79267120361328,337.65203857421875,-103.4673843383789,-5.697422027587891,5.777958869934082
frame_001840.png,206.19241333007812,78.7602310180664,337.8808898925781,-103.50395202636719,-5.681756973266602,5.770186901092529
frame_001841.png,206.15591430664062,78.71165466308594,338.1478271484375,-103.54331970214844,-5.670517444610596,5.768864631652832
frame_001842.png,206.1600799560547,78.67697143554688,338.4530029296875,-103.57988739013672,-5.651930809020996,5.776520252227783
frame_001843.png,206.20884704589844,78.65066528320312,338.7554931640625,-103.61259460449219,-5.639227390289307,5.815055847167969
frame_001844.png,206.29176330566406,78.64108276367188,339.0509033203125,-103.64968872070312,-5.6331281661987305,5.881532192230225
frame_001845.png,206.38783264160156,78.63921356201172,339.33929443359375,-103.6843490600586,-5.6261491775512695,5.957607746124268
frame_001846.png,206.47621154785156,78.643798828125,339.64141845703125,-103.71092987060547,-5.614479064941406,6.035965442657471
frame_001847.png,206.5429229736328,78.65953063964844,339.97076416015625,-103.72777557373047,-5.600849151611328,6.105669975280762
frame_001848.png,206.59474182128906,78.68096160888672,340.3084411621094,-103.73928833007812,-5.589396953582764,6.161498546600342
frame_001849.png,206.6361541748047,78.7004623413086,340.6477966308594,-103.74786376953125,-5.580905914306641,6.1956682205200195
frame_001850.png,206.67063903808594,78.72125244140625,340.99114990234375,-103.75298309326172,-5.575047492980957,6.208556175231934
frame_001851.png,206.70556640625,78.73400115966797,341.3245849609375,-103.75117492675781,-5.567942142486572,6.210351467132568
frame_001852.png,206.7454071044922,78.74371337890625,341.6373596191406,-103.74686431884766,-5.561276435852051,6.20941162109375
frame_001853.png,206.7972869873047,78.75743103027344,341.91119384765625,-103.7331771850586,-5.558420658111572,6.216888427734375
frame_001854.png,206.8682861328125,78.77510833740234,342.1421203613281,-103.71459197998047,-5.557631969451904,6.232004642486572
frame_001855.png,206.9588165283203,78.80279541015625,342.3199768066406,-103.69974517822266,-5.560516357421875,6.247195243835449
frame_001856.png,207.05984497070312,78.83822631835938,342.4508056640625,-103.69051361083984,-5.566776752471924,6.2527971267700195
frame_001857.png,207.15406799316406,78.87985229492188,342.56707763671875,-103.68850708007812,-5.577031135559082,6.250787734985352
frame_001858.png,207.2237548828125,78.92047119140625,342.702392578125,-103.69577026367188,-5.5900959968566895,6.257991790771484
frame_001859.png,207.27142333984375,78.96326446533203,342.89111328125,-103.71551513671875,-5.593887805938721,6.2861151695251465
frame_001860.png,207.27120971679688,78.99285125732422,343.17205810546875,-103.76756286621094,-5.591286659240723,6.322376251220703
frame_001861.png,207.23678588867188,79.01891326904297,343.53570556640625,-103.81473541259766,-5.5895538330078125,6.391096115112305
frame_001862.png,207.21022033691406,79.04415130615234,343.9368591308594,-103.85397338867188,-5.593349933624268,6.483795166015625
frame_001863.png,207.17193603515625,79.04692840576172,344.34014892578125,-103.90204620361328,-5.5958685874938965,6.550781726837158
frame_001864.png,207.1555938720703,79.03612518310547,344.6736755371094,-103.9220199584961,-5.585124492645264,6.6211066246032715
frame_001865.png,207.16903686523438,79.04174041748047,344.93695068359375,-103.91598510742188,-5.586126327514648,6.695110321044922
frame_001866.png,207.20794677734375,79.0671615600586,345.1706848144531,-103.91072845458984,-5.598614692687988,6.790347576141357
frame_001867.png,207.2650909423828,79.09342193603516,345.3886413574219,-103.93260955810547,-5.604401111602783,6.886846542358398
frame_001868.png,207.34542846679688,79.11149597167969,345.58416748046875,-103.98213958740234,-5.605053901672363,6.975501537322998
frame_001869.png,207.43336486816406,79.12937927246094,345.77203369140625,-104.04408264160156,-5.605493545532227,7.0472283363342285
frame_001870.png,207.513671875,79.1475601196289,345.9643249511719,-104.10738372802734,-5.604454040527344,7.1011152267456055
frame_001871.png,207.56381225585938,79.15901947021484,346.1572265625,-104.16899871826172,-5.60793924331665,7.1573638916015625
frame_001872.png,207.5829620361328,79.15875244140625,346.3695983886719,-104.22120666503906,-5.609718322753906,7.1898393630981445
frame_001873.png,207.5854949951172,79.14872741699219,346.56219482421875,-104.27571868896484,-5.623998641967773,7.227236747741699
frame_001874.png,207.5775146484375,79.13739776611328,346.7575378417969,-104.35113525390625,-5.642940998077393,7.231557369232178
frame_001875.png,207.55299377441406,79.12068939208984,346.97808837890625,-104.434814453125,-5.669845104217529,7.253230094909668
frame_001876.png,207.53305053710938,79.11368560791016,347.1929626464844,-104.51441192626953,-5.710110187530518,7.296723365783691
frame_001877.png,207.4877471923828,79.13799285888672,347.41015625,-104.5915756225586,-5.7488508224487305,7.328299522399902
frame_001878.png,207.48635864257812,79.18280792236328,347.59735107421875,-104.65445709228516,-5.78874397277832,7.325027942657471
frame_001879.png,207.52015686035156,79.24784088134766,347.8146667480469,-104.72660064697266,-5.818591117858887,7.288066387176514
frame_001880.png,207.5866241455078,79.30870819091797,348.02655029296875,-104.80320739746094,-5.844274044036865,7.239523887634277
frame_001881.png,207.64234924316406,79.37898254394531,348.2439880371094,-104.83953857421875,-5.855114936828613,7.248081684112549
frame_001882.png,207.62229919433594,79.43737030029297,348.4451599121094,-104.86959075927734,-5.856431007385254,7.335641860961914
frame_001883.png,207.5144500732422,79.46044921875,348.60528564453125,-104.89505767822266,-5.862734794616699,7.440144062042236
frame_001884.png,207.3509063720703,79.46795654296875,348.71099853515625,-104.9346694946289,-5.869187355041504,7.483302593231201
frame_001885.png,207.14732360839844,79.48544311523438,348.83056640625,-104.98831939697266,-5.891829490661621,7.53949499130249
frame_001886.png,206.90025329589844,79.51332092285156,349.0029296875,-105.03097534179688,-5.922422885894775,7.581175804138184
frame_001887.png,206.7070770263672,79.54116821289062,349.2218933105469,-105.0801010131836,-5.93691873550415,7.5825958251953125
frame_001888.png,206.54547119140625,79.6103515625,349.4673767089844,-105.14921569824219,-5.949493885040283,7.615633964538574
frame_001889.png,206.46405029296875,79.67555236816406,349.6937561035156,-105.27201843261719,-5.944226264953613,7.605724811553955
frame_001890.png,206.48065185546875,79.7260513305664,349.8385314941406,-105.4013900756836,-5.936733245849609,7.630424976348877
frame_001891.png,206.50711059570312,79.7861328125,349.9022216796875,-105.46151733398438,-5.92252779006958,7.681271076202393
frame_001892.png,206.43028259277344,79.82308959960938,350.0054931640625,-105.50352478027344,-5.907517910003662,7.758266448974609
frame_001893.png,206.34353637695312,79.84700012207031,350.05230712890625,-105.56513214111328,-5.90493106842041,7.815119743347168
frame_001894.png,206.240478515625,79.87020874023438,350.0969543457031,-105.64608001708984,-5.900686264038086,7.890298366546631
frame_001895.png,206.14695739746094,79.90328979492188,350.19091796875,-105.72537231445312,-5.890087127685547,7.934728145599365
frame_001896.png,206.0594024658203,79.94026947021484,350.33599853515625,-105.79212951660156,-5.895047664642334,7.9559102058410645
frame_001897.png,205.97695922851562,79.97694396972656,350.5323791503906,-105.8659896850586,-5.902361869812012,7.991623878479004
frame_001898.png,205.91661071777344,80.00684356689453,350.7032775878906,-105.9510726928711,-5.898282527923584,8.05669116973877
frame_001899.png,205.8832244873047,80.03439331054688,350.8485412597656,-106.0150375366211,-5.891683101654053,8.137253761291504
frame_001900.png,205.85130310058594,80.0624008178711,351.0093688964844,-106.07897186279297,-5.891825199127197,8.262928009033203
frame_001901.png,205.81689453125,80.09138488769531,351.1901550292969,-106.15483093261719,-5.894352912902832,8.377077102661133
frame_001902.png,205.79931640625,80.12002563476562,351.3985900878906,-106.23587036132812,-5.895232677459717,8.464055061340332
frame_001903.png,205.7903289794922,80.1490249633789,351.6440124511719,-106.32044982910156,-5.889758586883545,8.544078826904297
frame_001904.png,205.77906799316406,80.18582916259766,351.92413330078125,-106.4063491821289,-5.8816680908203125,8.620089530944824
frame_001905.png,205.74998474121094,80.22498321533203,352.2115478515625,-106.4955825805664,-5.875382900238037,8.696887969970703
frame_001906.png,205.69390869140625,80.2663803100586,352.4952087402344,-106.58391571044922,-5.876770973205566,8.773147583007812
frame_001907.png,205.6310577392578,80.3099365234375,352.7679138183594,-106.67806243896484,-5.879497528076172,8.844219207763672
frame_001908.png,205.57127380371094,80.3607406616211,353.0278625488281,-106.76093292236328,-5.886383533477783,8.931195259094238
frame_001909.png,205.527099609375,80.3899154663086,353.2467956542969,-106.8461685180664,-5.893899917602539,9.014747619628906
frame_001910.png,205.4967803955078,80.4131088256836,353.4301452636719,-106.92503356933594,-5.914763450622559,9.074809074401855
frame_001911.png,205.51239013671875,80.455810546875,353.6105651855469,-107.0046615600586,-5.935723304748535,9.099557876586914
frame_001912.png,205.5308380126953,80.51070404052734,353.77239990234375,-107.063720703125,-5.950888633728027,9.138227462768555
frame_001913.png,205.55828857421875,80.56187438964844,353.8953552246094,-107.11209106445312,-5.95595645904541,9.186888694763184
frame_001914.png,205.60125732421875,80.6126480102539,353.9934387207031,-107.15608978271484,-5.948187351226807,9.212060928344727
frame_001915.png,205.70384216308594,80.67575073242188,354.11944580078125,-107.22409057617188,-5.945564270019531,9.261719703674316
frame_001916.png,205.76480102539062,80.7522964477539,354.3319091796875,-107.32704162597656,-5.9452409744262695,9.315080642700195
frame_001917.png,205.84539794921875,80.82283020019531,354.5467529296875,-107.4142837524414,-5.938981533050537,9.345354080200195
frame_001918.png,205.93072509765625,80.88872528076172,354.7674865722656,-107.44966125488281,-5.931024074554443,9.398576736450195
frame_001919.png,205.97433471679688,80.96903228759766,355.01007080078125,-107.48320770263672,-5.939411640167236,9.445924758911133
frame_001920.png,206.0088348388672,81.05220794677734,355.2464294433594,-107.50849151611328,-5.964664459228516,9.481599807739258
frame_001921.png,206.0087890625,81.13883209228516,355.4964599609375,-107.55522155761719,-5.976531028747559,9.502998352050781
frame_001922.png,205.96044921875,81.18490600585938,355.6768493652344,-107.59772491455078,-5.980388164520264,9.539463996887207
frame_001923.png,205.86537170410156,81.20687103271484,355.82501220703125,-107.64810943603516,-5.981898307800293,9.602804183959961
frame_001924.png,205.73257446289062,81.22055053710938,355.94744873046875,-107.72106170654297,-5.973104953765869,9.651653289794922
frame_001925.png,205.60922241210938,81.22140502929688,356.0390319824219,-107.79826354980469,-5.964081764221191,9.688117980957031
frame_001926.png,205.51087951660156,81.23267364501953,356.1029357910156,-107.86649322509766,-5.947227478027344,9.748679161071777
frame_001927.png,205.38023376464844,81.23776245117188,356.1830139160156,-107.95037841796875,-5.928738117218018,9.807891845703125
frame_001928.png,205.26075744628906,81.2427749633789,356.3011779785156,-108.02595520019531,-5.909221172332764,9.840975761413574
frame_001929.png,205.12620544433594,81.25493621826172,356.47540283203125,-108.13190460205078,-5.896141529083252,9.85369873046875
frame_001930.png,204.9710235595703,81.27084350585938,356.68841552734375,-108.23863983154297,-5.884899616241455,9.868216514587402
frame_001931.png,204.81057739257812,81.27100372314453,356.9278564453125,-108.34193420410156,-5.877296447753906,9.880334854125977
frame_001932.png,204.65353393554688,81.26179504394531,357.1669921875,-108.42451477050781,-5.8682122230529785,9.884427070617676
frame_001933.png,204.48666381835938,81.24192810058594,357.4220275878906,-108.49777221679688,-5.862573623657227,9.874165534973145
frame_001934.png,204.31576538085938,81.21375274658203,357.69268798828125,-108.58460998535156,-5.854404926300049,9.885722160339355
frame_001935.png,204.1283721923828,81.18498992919922,357.98162841796875,-108.68045043945312,-5.844647407531738,9.889496803283691
frame_001936.png,203.9346466064453,81.1636962890625,358.2981872558594,-108.7883529663086,-5.838505268096924,9.884976387023926
frame_001937.png,203.71182250976562,81.14913177490234,358.6246643066406,-108.90615844726562,-5.824326038360596,9.87913703918457
frame_001938.png,203.48361206054688,81.14228057861328,358.9818420410156,-109.01760864257812,-5.813475131988525,9.851980209350586
frame_001939.png,203.27401733398438,81.13395690917969,359.3291931152344,-109.11209106445312,-5.798296928405762,9.84565544128418
frame_001940.png,203.09866333007812,81.11874389648438,359.62701416015625,-109.19621276855469,-5.777211666107178,9.84827995300293
frame_001941.png,202.97372436523438,81.1057357788086,359.9539489746094,-109.28948974609375,-5.7407755851745605,9.838882446289062
frame_001942.png,202.9305877685547,81.10511016845703,360.27056884765625,-109.36444091796875,-5.717705249786377,9.837924003601074
frame_001943.png,202.9473114013672,81.1143798828125,360.5679931640625,-109.4114990234375,-5.70820426940918,9.84732723236084
frame_001944.png,202.99046325683594,81.14529418945312,360.8869934082031,-109.4453353881836,-5.697958946228027,9.843029975891113
frame_001945.png,203.0098114013672,81.18893432617188,361.23779296875,-109.49372100830078,-5.684262752532959,9.817059516906738
frame_001946.png,203.05181884765625,81.23805236816406,361.6125183105469,-109.53437042236328,-5.660979747772217,9.815103530883789
frame_001947.png,203.1086883544922,81.29832458496094,361.95074462890625,-109.5525131225586,-5.636054992675781,9.798855781555176
frame_001948.png,203.13462829589844,81.33937072753906,362.2768859863281,-109.58918762207031,-5.622120380401611,9.797296524047852
frame_001949.png,203.1451416015625,81.37230682373047,362.5986328125,-109.61748504638672,-5.632035255432129,9.85110092163086
frame_001950.png,203.1857147216797,81.43807220458984,362.86614990234375,-109.59918975830078,-5.6327314376831055,9.866551399230957
frame_001951.png,203.22027587890625,81.51409149169922,363.1138610839844,-109.64229583740234,-5.6446428298950195,9.894972801208496
frame_001952.png,203.20799255371094,81.56965637207031,363.3377990722656,-109.71470642089844,-5.66265869140625,9.971508979797363
frame_001953.png,203.1450958251953,81.58085632324219,363.5890808105469,-109.79911804199219,-5.6884260177612305,10.026510238647461
frame_001954.png,203.10855102539062,81.60164642333984,363.78558349609375,-109.83206176757812,-5.692445755004883,10.01791763305664
frame_001955.png,203.02781677246094,81.64142608642578,364.0196533203125,-109.85478210449219,-5.704229354858398,10.000616073608398
frame_001956.png,202.92373657226562,81.68184661865234,364.25799560546875,-109.90144348144531,-5.704446792602539,9.988493919372559
frame_001957.png,202.85447692871094,81.72784423828125,364.5057373046875,-109.97592163085938,-5.7050018310546875,10.037809371948242
frame_001958.png,202.78237915039062,81.75335693359375,364.6575012207031,-110.028564453125,-5.706850051879883,10.080291748046875
frame_001959.png,202.687255859375,81.76152801513672,364.7334899902344,-110.05882263183594,-5.704246997833252,10.062241554260254
frame_001960.png,202.5455322265625,81.78250885009766,364.81298828125,-110.09851837158203,-5.711362838745117,9.999564170837402
frame_001961.png,202.4399871826172,81.81420135498047,364.91656494140625,-110.14454650878906,-5.706751823425293,9.980360984802246
frame_001962.png,202.38243103027344,81.8298568725586,365.0325622558594,-110.23521423339844,-5.689927577972412,10.002111434936523
frame_001963.png,202.34182739257812,81.86260986328125,365.2060241699219,-110.36040496826172,-5.649520397186279,10.002827644348145
frame_001964.png,202.33441162109375,81.90525817871094,365.43682861328125,-110.51359558105469,-5.598376274108887,10.018899917602539
frame_001965.png,202.32713317871094,81.93152618408203,365.6325378417969,-110.65402221679688,-5.562920570373535,10.072953224182129
frame_001966.png,202.34547424316406,81.96611785888672,365.8428039550781,-110.77302551269531,-5.539678573608398,10.162169456481934
frame_001967.png,202.35836791992188,82.00224304199219,366.0791320800781,-110.86249542236328,-5.5192742347717285,10.206908226013184
frame_001968.png,202.41065979003906,82.05866241455078,366.32269287109375,-110.94644927978516,-5.503589630126953,10.217196464538574
frame_001969.png,202.5123291015625,82.11320495605469,366.5824279785156,-110.96847534179688,-5.505889415740967,10.29804801940918
frame_001970.png,202.60037231445312,82.17747497558594,366.9095764160156,-110.99884033203125,-5.514904499053955,10.353147506713867
frame_001971.png,202.72607421875,82.2677993774414,367.19647216796875,-111.0510482788086,-5.502982139587402,10.364060401916504
frame_001972.png,202.88624572753906,82.36410522460938,367.46905517578125,-111.11579895019531,-5.498826026916504,10.35910701751709
frame_001973.png,203.06710815429688,82.45298767089844,367.6726989746094,-111.1579818725586,-5.496634006500244,10.334524154663086
frame_001974.png,203.30523681640625,82.538330078125,367.86199951171875,-111.21070098876953,-5.507086753845215,10.323355674743652
frame_001975.png,203.49436950683594,82.62737274169922,368.04949951171875,-111.2815170288086,-5.519392013549805,10.311161994934082
frame_001976.png,203.64955139160156,82.71170806884766,368.2522277832031,-111.31889343261719,-5.5372161865234375,10.351343154907227
frame_001977.png,203.7935791015625,82.79794311523438,368.4768371582031,-111.35057830810547,-5.560410022735596,10.415124893188477
frame_001978.png,203.9068145751953,82.87786865234375,368.7471923828125,-111.4110336303711,-5.577062606811523,10.41961669921875
frame_001979.png,203.96987915039062,82.93466186523438,369.0444641113281,-111.46218872070312,-5.588701248168945,10.375171661376953
frame_001980.png,203.9679718017578,82.9585189819336,369.4052429199219,-111.5186538696289,-5.600723743438721,10.335817337036133
frame_001981.png,203.94187927246094,82.95833587646484,369.7684020996094,-111.5489501953125,-5.617316246032715,10.300934791564941
frame_001982.png,203.89796447753906,82.95378875732422,370.1024169921875,-111.53952026367188,-5.63969087600708,10.295990943908691
frame_001983.png,203.8575897216797,82.97444915771484,370.3866271972656,-111.51930236816406,-5.666501045227051,10.324790954589844
frame_001984.png,203.83926391601562,83.00357818603516,370.6340026855469,-111.52117156982422,-5.686437129974365,10.34656810760498
frame_001985.png,203.84982299804688,83.0347900390625,370.8514099121094,-111.52947235107422,-5.697422027587891,10.370969772338867
frame_001986.png,203.87957763671875,83.04830169677734,371.027099609375,-111.54264831542969,-5.707679748535156,10.408430099487305
frame_001987.png,203.9302215576172,83.04867553710938,371.17852783203125,-111.54512786865234,-5.710855484008789,10.44791316986084
frame_001988.png,203.965087890625,83.03958892822266,371.28759765625,-111.54518127441406,-5.7071075439453125,10.479008674621582
frame_001989.png,203.97677612304688,83.03897094726562,371.3955078125,-111.54598236083984,-5.7001543045043945,10.505919456481934
frame_001990.png,203.98104858398438,83.06401824951172,371.5223388671875,-111.55219268798828,-5.695338249206543,10.537846565246582
frame_001991.png,203.99623107910156,83.10116577148438,371.6285400390625,-111.57050323486328,-5.690605163574219,10.566429138183594
frame_001992.png,204.0426788330078,83.15293884277344,371.7149658203125,-111.59081268310547,-5.68916654586792,10.592273712158203
frame_001993.png,204.1122589111328,83.22705841064453,371.7967529296875,-111.61615753173828,-5.685947418212891,10.61812686920166
frame_001994.png,204.17333984375,83.30175018310547,371.91180419921875,-111.66069030761719,-5.684042453765869,10.635713577270508
frame_001995.png,204.23959350585938,83.37921905517578,372.02630615234375,-111.7143783569336,-5.679603099822998,10.660971641540527
frame_001996.png,204.30166625976562,83.45277404785156,372.1644287109375,-111.77117156982422,-5.67197847366333,10.68568229675293
frame_001997.png,204.35513305664062,83.51280212402344,372.30828857421875,-111.8405990600586,-5.662020206451416,10.7243013381958
frame_001998.png,204.40658569335938,83.57393646240234,372.4735107421875,-111.9228515625,-5.656312942504883,10.774666786193848
frame_001999.png,204.4601287841797,83.64107513427734,372.6606750488281,-112.01587677001953,-5.647309303283691,10.828789710998535
frame_002000.png,204.5357666015625,83.70392608642578,372.8428039550781,-112.10098266601562,-5.62983512878418,10.903284072875977
frame_002001.png,204.63340759277344,83.7574691772461,372.9986877441406,-112.18202209472656,-5.607227325439453,11.001904487609863
frame_002002.png,204.74554443359375,83.80006408691406,373.1459655761719,-112.26103973388672,-5.582599639892578,11.118348121643066
frame_002003.png,204.85858154296875,83.8271484375,373.3049621582031,-112.3348388671875,-5.555348873138428,11.237275123596191
frame_002004.png,204.98353576660156,83.8447265625,373.4709167480469,-112.39759826660156,-5.528293132781982,11.355768203735352
frame_002005.png,205.1133270263672,83.85869598388672,373.66058349609375,-112.44134521484375,-5.502066135406494,11.460840225219727
frame_002006.png,205.23362731933594,83.87063598632812,373.8793029785156,-112.46529388427734,-5.477737903594971,11.553425788879395
frame_002007.png,205.3430633544922,83.8799819946289,374.12042236328125,-112.47797393798828,-5.458409786224365,11.643087387084961
frame_002008.png,205.45118713378906,83.8859634399414,374.3771667480469,-112.48489379882812,-5.44175910949707,11.74180793762207
frame_002009.png,205.56431579589844,83.88868713378906,374.6453857421875,-112.48851776123047,-5.430336952209473,11.863442420959473
frame_002010.png,205.68228149414062,83.89615631103516,374.9180603027344,-112.48319244384766,-5.423128604888916,12.014756202697754
frame_002011.png,205.80035400390625,83.90074920654297,375.18072509765625,-112.48336791992188,-5.427480697631836,12.197053909301758
frame_002012.png,205.89451599121094,83.89169311523438,375.4481201171875,-112.49238586425781,-5.431066989898682,12.365756034851074
frame_002013.png,205.9742431640625,83.87445068359375,375.7314147949219,-112.4938735961914,-5.427464008331299,12.5161771774292
frame_002014.png,206.01251220703125,83.85763549804688,376.06640625,-112.50285339355469,-5.421563148498535,12.62077808380127
frame_002015.png,206.00328063964844,83.84727478027344,376.42822265625,-112.50585174560547,-5.411837577819824,12.678295135498047
frame_002016.png,205.98301696777344,83.858154296875,376.7994384765625,-112.50796508789062,-5.404367923736572,12.708808898925781
frame_002017.png,206.07130432128906,83.89881134033203,377.1556701660156,-112.5217514038086,-5.4099297523498535,12.737198829650879
frame_002018.png,206.20359802246094,83.94999694824219,377.5144348144531,-112.53943634033203,-5.421510696411133,12.75567626953125
frame_002019.png,206.35299682617188,83.99706268310547,377.7994689941406,-112.56690979003906,-5.424456596374512,12.765429496765137
frame_002020.png,206.57850646972656,84.05265045166016,378.0129089355469,-112.59609985351562,-5.416587829589844,12.793086051940918
frame_002021.png,206.8767547607422,84.11109161376953,378.1744689941406,-112.63352966308594,-5.403719425201416,12.839051246643066
frame_002022.png,207.2121124267578,84.16905975341797,378.300537109375,-112.68299865722656,-5.3946685791015625,12.894891738891602
frame_002023.png,207.53988647460938,84.2307357788086,378.4367980957031,-112.74850463867188,-5.3890228271484375,12.943123817443848
frame_002024.png,207.83804321289062,84.29224395751953,378.6053466796875,-112.82970428466797,-5.386279582977295,12.983070373535156
frame_002025.png,208.0989227294922,84.35357666015625,378.81329345703125,-112.92755889892578,-5.3836517333984375,13.01360034942627
frame_002026.png,208.3225860595703,84.41649627685547,379.0579833984375,-113.0394515991211,-5.378145694732666,13.040770530700684
frame_002027.png,208.51547241210938,84.4826431274414,379.326171875,-113.16236877441406,-5.3699798583984375,13.069499015808105
frame_002028.png,208.6868438720703,84.55052947998047,379.6136169433594,-113.28949737548828,-5.358123302459717,13.105514526367188
frame_002029.png,208.84298706054688,84.61796569824219,379.9198303222656,-113.41828155517578,-5.341309070587158,13.151474952697754
frame_002030.png,208.98927307128906,84.68344116210938,380.2396240234375,-113.54484558105469,-5.320664405822754,13.206001281738281
frame_002031.png,209.12625122070312,84.74649810791016,380.5727844238281,-113.6686782836914,-5.2973151206970215,13.26893424987793
frame_002032.png,209.25552368164062,84.80931854248047,380.9190368652344,-113.78426361083984,-5.269376277923584,13.33847713470459
